date,net_return,gross_return,baseline,sample,regime
2019-01-03,0.00000000,0.00000000,-0.01543612,OOS,high
2019-01-04,0.00000000,0.00000000,0.03334137,OOS,mid
2019-01-07,0.00000000,0.00000000,0.01226234,OOS,mid
2019-01-08,0.00000000,0.00000000,0.00709557,OOS,mid
2019-01-09,0.00000000,0.00000000,0.00031076,OOS,mid
2019-01-10,0.00000000,0.00000000,0.01032702,OOS,mid
2019-01-11,0.00000000,0.00000000,-0.00078685,OOS,mid
2019-01-14,0.00000000,0.00000000,-0.01627588,OOS,mid
2019-01-15,0.00000000,0.00000000,0.00280372,OOS,mid
2019-01-16,0.00000000,0.00000000,0.00190548,OOS,mid
2019-01-17,0.00000000,0.00000000,0.00549176,OOS,mid
2019-01-18,0.00000000,0.00000000,0.01181082,OOS,mid
2019-01-22,0.00000000,0.00000000,-0.01046592,OOS,mid
2019-01-23,0.00000000,0.00000000,0.00238399,OOS,mid
2019-01-24,0.00000000,0.00000000,0.02975675,OOS,mid
2019-01-25,0.00000000,0.00000000,0.00843781,OOS,mid
2019-01-28,0.00000000,0.00000000,-0.00507351,OOS,mid
2019-01-29,0.00000000,0.00000000,0.00136732,OOS,mid
2019-01-30,0.00000000,0.00000000,0.01339608,OOS,mid
2019-01-31,0.00000000,0.00000000,0.01012459,OOS,mid
2019-02-01,0.00000000,0.00000000,-0.00139047,OOS,mid
2019-02-04,0.00000000,0.00000000,0.00737651,OOS,mid
2019-02-05,0.00000000,0.00000000,0.00675979,OOS,mid
2019-02-06,0.00000000,0.00000000,0.00122698,OOS,low
2019-02-07,0.00000000,0.00000000,-0.00829093,OOS,mid
2019-02-08,0.00000000,0.00000000,0.00498030,OOS,mid
2019-02-11,0.00000000,0.00000000,0.00364620,OOS,low
2019-02-12,0.00000000,0.00000000,0.01218658,OOS,low
2019-02-13,0.00000000,0.00000000,0.00330012,OOS,low
2019-02-14,0.00000000,0.00000000,0.00653180,OOS,low
2019-02-15,0.00000000,0.00000000,0.00719589,OOS,low
2019-02-19,0.00000000,0.00000000,0.01062254,OOS,low
2019-02-20,0.00000000,0.00000000,0.00756822,OOS,low
2019-02-21,0.00000000,0.00000000,0.00112424,OOS,low
2019-02-22,0.00000000,0.00000000,0.00965705,OOS,low
2019-02-25,0.00000000,0.00000000,-0.00352927,OOS,low
2019-02-26,-0.00010000,0.00000000,-0.00351489,OOS,low
2019-02-27,0.00009420,0.00009420,-0.01194519,OOS,low
2019-02-28,-0.00078404,-0.00073404,0.00227519,OOS,low
2019-03-01,-0.00084858,-0.00075136,0.00954621,OOS,low
2019-03-04,-0.00228851,-0.00228851,0.00158657,OOS,low
2019-03-05,-0.00031383,-0.00028258,-0.00203492,OOS,low
2019-03-06,-0.00275911,-0.00275911,-0.00902539,OOS,low
2019-03-07,0.00042194,0.00042194,-0.00160833,OOS,low
2019-03-08,-0.00111843,-0.00111843,0.00038731,OOS,low
2019-03-11,0.00116159,0.00116159,0.01826311,OOS,low
2019-03-12,0.00108949,0.00108949,0.00578675,OOS,low
2019-03-13,-0.00030359,-0.00030359,0.00670002,OOS,low
2019-03-14,-0.00060913,-0.00060913,-0.00126628,OOS,low
2019-03-15,0.00107646,0.00107646,0.00489108,OOS,low
2019-03-18,0.00145033,0.00147533,0.00307920,OOS,low
2019-03-19,-0.00208594,-0.00208594,0.00061237,OOS,low
2019-03-20,-0.00098524,-0.00098524,0.00030765,OOS,low
2019-03-21,0.00030997,0.00030997,0.01404770,OOS,low
2019-03-22,-0.00374608,-0.00374608,-0.01833975,OOS,low
2019-03-25,0.00115546,0.00115546,-0.00154183,OOS,low
2019-03-26,0.00108381,0.00110381,0.00231877,OOS,low
2019-03-27,-0.00095891,-0.00095891,-0.00559079,OOS,low
2019-03-28,0.00122438,0.00124938,0.00546085,OOS,low
2019-03-29,0.00109298,0.00119020,0.00525901,OOS,low
2019-04-01,0.00430075,0.00215037,0.01169283,OOS,low
2019-04-02,-0.00161457,-0.00074479,0.00432810,OOS,low
2019-04-03,-0.00081847,-0.00040924,0.00515050,OOS,low
2019-04-04,0.00150477,0.00075238,0.00372539,OOS,low
2019-04-05,0.00272195,0.00136097,0.00867059,OOS,low
2019-04-08,-0.00090251,-0.00045125,0.00027587,OOS,low
2019-04-09,-0.00288950,-0.00144475,-0.01011978,OOS,low
2019-04-10,-0.00032984,-0.00016492,0.00597612,OOS,low
2019-04-11,0.00264317,0.00132158,0.00484850,OOS,low
2019-04-12,0.00303967,0.00151983,0.00945136,OOS,low
2019-04-15,0.00050756,0.00037878,-0.00093635,OOS,low
2019-04-16,0.00000000,0.00000000,-0.00270896,OOS,low
2019-04-17,0.00000000,0.00000000,-0.00061361,OOS,low
2019-04-18,0.00000000,0.00000000,-0.00014660,OOS,low
2019-04-22,0.00000000,0.00000000,-0.00070907,OOS,low
2019-04-23,0.00000000,0.00000000,0.00694691,OOS,low
2019-04-24,0.00000000,0.00000000,0.00542990,OOS,low
2019-04-25,-0.00033333,0.00000000,-0.01058048,OOS,low
2019-04-26,0.00009359,0.00025513,0.00147660,OOS,low
2019-04-29,0.00000132,0.00013955,-0.00194430,OOS,low
2019-04-30,0.00159868,0.00079934,0.00676858,OOS,low
2019-05-01,-0.00466156,-0.00222661,-0.00809927,OOS,low
2019-05-02,-0.00462092,-0.00222712,-0.00324839,OOS,low
2019-05-03,0.00422126,0.00218008,0.00974105,OOS,low
2019-05-06,-0.00123560,-0.00056423,-0.00719043,OOS,low
2019-05-07,0.00463858,0.00236096,-0.01448018,OOS,low
2019-05-08,-0.00948606,-0.00470599,-0.00662259,OOS,low
2019-05-09,-0.00557575,-0.00275454,-0.00660015,OOS,low
2019-05-10,0.00429952,0.00218006,0.00392947,OOS,low
2019-05-13,-0.00737796,-0.00368898,-0.02098579,OOS,mid
2019-05-14,0.00015391,0.00013251,0.00620485,OOS,mid
2019-05-15,0.00181624,0.00090812,0.00344212,OOS,low
2019-05-16,0.00493905,0.00246953,0.00619319,OOS,low
2019-05-17,-0.00344436,-0.00172218,-0.01135355,OOS,mid
2019-05-20,0.00282536,0.00146396,-0.00957671,OOS,mid
2019-05-21,0.00417421,0.00208711,0.01847338,OOS,low
2019-05-22,-0.00087314,-0.00043657,-0.00310001,OOS,low
2019-05-23,-0.00652400,-0.00324918,-0.00966771,OOS,mid
2019-05-24,-0.00505804,-0.00244569,-0.00120726,OOS,mid
2019-05-28,0.00089735,0.00048340,-0.00565350,OOS,mid
2019-05-29,-0.00254341,-0.00127171,-0.00870170,OOS,mid
2019-05-30,-0.00368800,-0.00180612,0.00192787,OOS,mid
2019-05-31,-0.00512597,-0.00252132,-0.00652248,OOS,mid
2019-06-03,-0.00452590,-0.00221665,0.00694116,OOS,mid
2019-06-04,0.00974750,0.00492062,0.02274075,OOS,low
2019-06-05,0.00289957,0.00149443,0.00810803,OOS,low
2019-06-06,0.00314114,0.00162265,0.00215754,OOS,low
2019-06-07,0.00054058,0.00033279,0.00324510,OOS,low
2019-06-10,-0.00090122,-0.00037248,0.00309425,OOS,low
2019-06-11,0.00494092,0.00263192,0.00029924,OOS,low
2019-06-12,-0.00418808,-0.00193258,-0.00517635,OOS,low
2019-06-13,0.00388273,0.00194136,0.00315308,OOS,low
2019-06-14,0.00015664,0.00007832,-0.00013164,OOS,low
2019-06-17,-0.00938031,-0.00469016,-0.00049322,OOS,low
2019-06-18,0.00447208,0.00245132,0.01228856,OOS,low
2019-06-19,0.00257127,0.00128564,0.00362686,OOS,low
2019-06-20,-0.00033685,-0.00016843,0.01269697,OOS,low
2019-06-21,0.00246988,0.00123494,-0.00465559,OOS,low
2019-06-24,-0.00189324,-0.00062370,-0.00536881,OOS,low
2019-06-25,0.01030147,0.00515074,-0.01019175,OOS,low
2019-06-26,-0.00092817,-0.00046408,0.00211260,OOS,low
2019-06-27,0.00456502,0.00228251,0.00995041,OOS,low
2019-06-28,0.00801012,0.00400506,0.00851908,OOS,low
2019-07-01,0.00347963,0.00173982,0.00637773,OOS,low
2019-07-02,-0.00239525,-0.00119762,0.00209816,OOS,low
2019-07-03,-0.00241569,-0.00120784,0.00478953,OOS,low
2019-07-05,0.00746320,0.00373160,-0.00120557,OOS,low
2019-07-08,-0.00229663,-0.00114831,-0.00295628,OOS,low
2019-07-09,0.00110386,0.00055193,0.00139953,OOS,low
2019-07-10,-0.00332966,-0.00099816,0.00304262,OOS,low
2019-07-11,0.00000000,0.00000000,-0.00467719,OOS,low
2019-07-12,0.00000000,0.00000000,0.00208923,OOS,low
2019-07-15,0.00000000,0.00000000,0.00096365,OOS,low
2019-07-16,0.00000000,0.00000000,-0.00396817,OOS,low
2019-07-17,0.00000000,0.00000000,-0.00411188,OOS,low
2019-07-18,0.00000000,0.00000000,-0.00015531,OOS,low
2019-07-19,0.00000000,0.00000000,-0.00502460,OOS,low
2019-07-22,0.00000000,0.00000000,0.00145343,OOS,low
2019-07-23,0.00000000,0.00000000,0.00520120,OOS,low
2019-07-24,0.00000000,0.00000000,0.00848505,OOS,low
2019-07-25,0.00000000,0.00000000,-0.00883653,OOS,low
2019-07-26,0.00000000,0.00000000,-0.00219270,OOS,low
2019-07-29,-0.00133333,0.00000000,-0.00290419,OOS,low
2019-07-30,-0.01382649,-0.00691324,0.00533034,OOS,low
2019-07-31,-0.01043318,-0.00521659,-0.01150096,OOS,low
2019-08-01,0.00958914,0.00479457,-0.00989174,OOS,low
2019-08-02,0.00176215,0.00127691,-0.00412077,OOS,low
2019-08-05,0.00174932,0.00113855,-0.02705515,OOS,mid
2019-08-06,-0.00134302,-0.00067151,0.01632574,OOS,low
2019-08-07,-0.00084790,-0.00022603,0.00029830,OOS,low
2019-08-08,0.00954331,0.00477165,0.02126276,OOS,low
2019-08-09,-0.00446173,-0.00223087,-0.00652115,OOS,low
2019-08-12,-0.00198507,-0.00099253,-0.00884342,OOS,low
2019-08-13,-0.00036787,-0.00018394,0.01149293,OOS,low
2019-08-14,0.00753789,0.00376895,-0.02763481,OOS,mid
2019-08-15,0.00701537,0.00350768,0.00061560,OOS,mid
2019-08-16,-0.00592656,-0.00296328,0.02163089,OOS,low
2019-08-19,0.00114912,0.00057456,0.00654984,OOS,low
2019-08-20,0.00118588,0.00059294,-0.00266990,OOS,low
2019-08-21,0.00246014,0.00123007,0.00845770,OOS,low
2019-08-22,0.01286320,0.00643160,-0.00518398,OOS,low
2019-08-23,-0.00901099,-0.00450549,-0.02097255,OOS,low
2019-08-26,-0.00582143,-0.00274405,0.01167573,OOS,low
2019-08-27,-0.01345005,-0.00672502,-0.00747135,OOS,low
2019-08-28,0.00698486,0.00349243,0.00541648,OOS,low
2019-08-29,0.00542719,0.00271360,0.01190884,OOS,low
2019-08-30,0.00228108,0.00140443,0.00582527,OOS,low
2019-09-03,-0.00039722,0.00019722,-0.00415124,OOS,low
2019-09-04,-0.01667555,-0.00833777,0.01303246,OOS,low
2019-09-05,0.00547506,0.00352920,0.00992187,OOS,low
2019-09-06,0.00000000,0.00000000,-0.00169885,OOS,low
2019-09-09,0.00000000,0.00000000,0.00414701,OOS,low
2019-09-10,0.00000000,0.00000000,0.00745339,OOS,low
2019-09-11,0.00000000,0.00000000,0.00867207,OOS,low
2019-09-12,0.00000000,0.00000000,0.00003886,OOS,low
2019-09-13,0.00000000,0.00000000,0.00004140,OOS,low
2019-09-16,-0.00150000,0.00000000,0.00489264,OOS,low
2019-09-17,-0.00528127,-0.00264063,0.00528465,OOS,low
2019-09-18,-0.00084518,-0.00042259,-0.00024292,OOS,low
2019-09-19,0.00865785,0.00432892,-0.00186052,OOS,low
2019-09-20,0.00442113,0.00221056,-0.00419017,OOS,low
2019-09-23,-0.00352489,-0.00176244,0.00338521,OOS,low
2019-09-24,-0.00407916,-0.00203958,-0.00741525,OOS,low
2019-09-25,-0.00100170,-0.00050085,0.00549987,OOS,low
2019-09-26,0.01666978,0.00833489,-0.00338767,OOS,low
2019-09-27,-0.00327877,-0.00163939,-0.00866814,OOS,low
2019-09-30,0.00081289,0.00040645,0.00476461,OOS,low
2019-10-01,0.00780544,0.00390272,-0.01430255,OOS,low
2019-10-02,-0.00517914,-0.00258957,-0.01393033,OOS,low
2019-10-03,0.00008542,0.00004271,0.01079866,OOS,low
2019-10-04,0.02129033,0.01064517,0.01538844,OOS,low
2019-10-07,-0.01225512,-0.00627454,0.00047276,OOS,low
2019-10-08,0.00115828,0.00061231,-0.01046121,OOS,low
2019-10-09,-0.00794503,-0.00420084,0.00781579,OOS,low
2019-10-10,0.00851212,0.00456198,-0.00433134,OOS,low
2019-10-11,-0.00434453,-0.00236241,0.01144080,OOS,low
2019-10-14,0.00458222,0.00325230,-0.00308417,OOS,low
2019-10-15,0.00000000,0.00000000,0.00680156,OOS,low
2019-10-16,0.00000000,0.00000000,0.00014353,OOS,low
2019-10-17,0.00000000,0.00000000,0.00741073,OOS,low
2019-10-18,0.00000000,0.00000000,0.00437113,OOS,low
2019-10-21,0.00000000,0.00000000,0.00966651,OOS,low
2019-10-22,0.00000000,0.00000000,-0.00251281,OOS,low
2019-10-23,0.00000000,0.00000000,0.00218732,OOS,low
2019-10-24,-0.00102504,0.00000000,0.00145843,OOS,low
2019-10-25,0.00184492,0.00095301,-0.00431507,OOS,low
2019-10-28,0.00153842,0.00113633,-0.00397327,OOS,low
2019-10-29,-0.00072826,-0.00037023,0.00432238,OOS,low
2019-10-30,0.00285527,0.00145152,0.00605717,OOS,low
2019-10-31,-0.00472721,-0.00240430,-0.00458518,OOS,low
2019-11-01,0.00575944,0.00316718,0.01870259,OOS,low
2019-11-04,0.00285711,0.00163274,0.01458834,OOS,low
2019-11-05,0.00709276,0.00357416,-0.00280810,OOS,low
2019-11-06,-0.00238062,-0.00120854,-0.00639672,OOS,low
2019-11-07,-0.00664318,-0.00337824,-0.00836076,OOS,low
2019-11-08,-0.00007180,0.00012346,0.00386994,OOS,low
2019-11-11,0.00560327,0.00282610,-0.00047058,OOS,low
2019-11-12,0.00399439,0.00200954,0.00795783,OOS,low
2019-11-13,0.00260797,0.00131528,0.00260967,OOS,low
2019-11-14,0.00398086,0.00200930,0.00203534,OOS,low
2019-11-15,0.01497777,0.00757281,0.00465132,OOS,low
2019-11-18,0.00663514,0.00339663,-0.00093069,OOS,low
2019-11-19,-0.00124044,-0.00062746,-0.00451805,OOS,low
2019-11-20,0.00501250,0.00251420,-0.00017059,OOS,low
2019-11-21,-0.00726403,-0.00352368,-0.00876398,OOS,low
2019-11-22,0.01179851,0.00589925,-0.00039073,OOS,low
2019-11-25,0.01056065,0.00545741,0.00910364,OOS,low
2019-11-26,0.00053526,0.00026971,0.00482544,OOS,low
2019-11-27,0.01126233,0.00567237,0.00337329,OOS,low
2019-11-29,-0.01379607,-0.00689804,-0.00271160,OOS,low
2019-12-02,-0.01195152,-0.00578114,-0.00934346,OOS,low
2019-12-03,-0.01297427,-0.00637697,-0.00299595,OOS,low
2019-12-04,0.01381001,0.00747748,0.00213832,OOS,low
2019-12-05,0.00774860,0.00433561,-0.00225658,OOS,low
2019-12-06,0.00138079,0.00077931,0.00625447,OOS,low
2019-12-09,0.00333384,0.00268098,-0.00213989,OOS,low
2019-12-10,0.00000000,0.00000000,0.00347249,OOS,low
2019-12-11,0.00000000,0.00000000,0.00896221,OOS,low
2019-12-12,0.00000000,0.00000000,0.00809319,OOS,low
2019-12-13,0.00000000,0.00000000,-0.00294452,OOS,low
2019-12-16,0.00000000,0.00000000,0.01234459,OOS,low
2019-12-17,0.00000000,0.00000000,0.00176438,OOS,low
2019-12-18,0.00000000,0.00000000,0.00320753,OOS,low
2019-12-19,0.00000000,0.00000000,0.00556746,OOS,low
2019-12-20,-0.00036434,0.00000000,0.00915728,OOS,low
2019-12-23,-0.00109219,-0.00027505,-0.00229524,OOS,low
2019-12-24,0.00054239,0.00028477,-0.00047047,OOS,low
2019-12-26,0.00293438,0.00154071,0.00281811,OOS,low
2019-12-27,-0.00243208,-0.00126732,-0.00614416,OOS,low
2019-12-30,-0.00110634,-0.00057348,-0.00322488,OOS,low
2019-12-31,0.00037970,0.00019699,0.00414892,OOS,low
2020-01-03,0.00000000,0.00000000,-0.00329893,OOS,low
2020-01-06,0.00000000,0.00000000,0.00574410,OOS,low
2020-01-07,0.00000000,0.00000000,-0.00010787,OOS,low
2020-01-08,0.00000000,0.00000000,0.00126217,OOS,low
2020-01-09,0.00000000,0.00000000,0.00387489,OOS,low
2020-01-10,0.00000000,0.00000000,0.00161325,OOS,low
2020-01-13,0.00000000,0.00000000,0.01082734,OOS,low
2020-01-14,0.00000000,0.00000000,0.00231142,OOS,low
2020-01-15,0.00000000,0.00000000,0.00304716,OOS,low
2020-01-16,0.00000000,0.00000000,0.01425069,OOS,low
2020-01-17,0.00000000,0.00000000,0.00360351,OOS,low
2020-01-21,0.00000000,0.00000000,0.00172358,OOS,low
2020-01-22,0.00000000,0.00000000,-0.00289248,OOS,low
2020-01-23,0.00000000,0.00000000,0.00472550,OOS,low
2020-01-24,0.00000000,0.00000000,-0.00673561,OOS,low
2020-01-27,0.00000000,0.00000000,-0.01566953,OOS,low
2020-01-28,0.00000000,0.00000000,0.01184829,OOS,low
2020-01-29,0.00000000,0.00000000,-0.00418767,OOS,low
2020-01-30,-0.00010000,0.00000000,0.00087169,OOS,low
2020-01-31,0.00323396,0.00161698,-0.01652426,OOS,low
2020-02-03,-0.00302619,-0.00151310,0.01117095,OOS,low
2020-02-04,-0.00804889,-0.00402444,0.01154716,OOS,low
2020-02-05,-0.00284604,-0.00142302,0.01022710,OOS,low
2020-02-06,0.00023383,0.00011691,-0.00181096,OOS,low
2020-02-07,0.00225329,0.00112665,-0.00342106,OOS,low
2020-02-10,-0.00108519,-0.00054260,0.01211452,OOS,low
2020-02-11,-0.00013739,-0.00006869,0.01207258,OOS,low
2020-02-12,-0.00185331,-0.00092665,0.00890908,OOS,low
2020-02-13,0.00456643,0.00228322,0.00368752,OOS,low
2020-02-14,-0.00054964,-0.00027482,0.00488240,OOS,low
2020-02-18,0.00193342,0.00096671,0.00117604,OOS,low
2020-02-19,-0.00163026,-0.00081513,0.01072147,OOS,low
2020-02-20,-0.00494110,-0.00247055,0.00005500,OOS,low
2020-02-21,-0.00202749,-0.00098875,-0.00703108,OOS,low
2020-02-24,0.00631415,0.00315707,-0.02200201,OOS,low
2020-02-25,0.00580986,0.00290493,-0.03144815,OOS,mid
2020-02-26,0.00173713,0.00086856,-0.01660168,OOS,mid
2020-02-27,0.00918225,0.00459113,-0.04188697,OOS,mid
2020-02-28,0.00285009,0.00145005,-0.01532604,OOS,mid
2020-03-02,-0.00772751,-0.00386376,0.03819045,OOS,mid
2020-03-03,0.00697832,0.00348916,-0.01609430,OOS,mid
2020-03-04,-0.00903555,-0.00451777,0.03939812,OOS,mid
2020-03-05,0.00920677,0.00460339,-0.02970770,OOS,mid
2020-03-06,0.00496181,0.00248090,-0.01926598,OOS,mid
2020-03-09,0.02930948,0.01465474,-0.08766725,OOS,high
2020-03-10,-0.02196015,-0.01098007,0.04333040,OOS,high
2020-03-11,0.01217228,0.00608614,-0.05211333,OOS,high
2020-03-12,0.01194304,0.00597152,-0.11392544,OOS,high
2020-03-13,-0.02218063,-0.01109032,0.08705020,OOS,high
2020-03-16,0.00714640,0.00387230,-0.12598288,OOS,high
2020-03-17,-0.00222066,-0.00120671,0.06694587,OOS,high
2020-03-18,0.03150227,0.01714360,-0.08035957,OOS,high
2020-03-19,-0.00788228,-0.00507158,0.02155710,OOS,high
2020-03-20,0.00935493,0.00613710,-0.03164400,OOS,high
2020-03-23,0.00726577,0.00481898,-0.02289299,OOS,high
2020-03-24,-0.02630599,-0.01758367,0.10327378,OOS,high
2020-03-25,-0.01167427,-0.00892177,0.03275627,OOS,high
2020-03-26,-0.00389054,-0.00306030,0.06710335,OOS,high
2020-03-27,0.00623149,0.00491553,-0.02912557,OOS,high
2020-03-30,-0.00066466,-0.00052814,0.02839886,OOS,high
2020-03-31,0.00111561,0.00088663,-0.01299802,OOS,high
2020-04-01,0.00602749,0.00479094,-0.04809326,OOS,high
2020-04-02,-0.00524479,-0.00419687,0.02167949,OOS,high
2020-04-03,0.00242996,0.00195714,-0.02652101,OOS,high
2020-04-06,-0.00898360,-0.00724216,0.06949191,OOS,high
2020-04-07,-0.00206723,-0.00169618,-0.00288567,OOS,high
2020-04-08,-0.00587140,-0.00482258,0.05364895,OOS,high
2020-04-09,0.00011519,0.00009532,0.02808298,OOS,high
2020-04-13,0.00511811,0.00423529,-0.01753271,OOS,high
2020-04-14,-0.00249371,-0.00202444,0.02705260,OOS,high
2020-04-15,0.00000000,0.00000000,-0.03163576,OOS,high
2020-04-16,0.00000000,0.00000000,0.00070002,OOS,high
2020-04-17,0.00000000,0.00000000,0.03511430,OOS,high
2020-04-20,0.00000000,0.00000000,-0.02355428,OOS,high
2020-04-21,0.00000000,0.00000000,-0.02724070,OOS,high
2020-04-22,0.00000000,0.00000000,0.02674168,OOS,high
2020-04-23,0.00000000,0.00000000,-0.00096632,OOS,high
2020-04-24,0.00000000,0.00000000,0.01035191,OOS,high
2020-04-27,0.00000000,0.00000000,0.02369384,OOS,high
2020-04-28,-0.00018006,0.00000000,0.01060898,OOS,mid
2020-04-29,0.00066726,0.00055548,0.01610714,OOS,mid
2020-04-30,-0.00213114,-0.00164788,-0.01821315,OOS,mid
2020-05-01,-0.00226446,-0.00180102,-0.03348590,OOS,high
2020-05-04,-0.00030491,-0.00018398,0.00280014,OOS,high
2020-05-05,0.00105926,0.00093219,0.01062184,OOS,high
2020-05-06,-0.00222082,-0.00178505,-0.01448155,OOS,high
2020-05-07,0.00229850,0.00195455,0.01174147,OOS,high
2020-05-08,0.00564197,0.00473228,0.02582665,OOS,mid
2020-05-11,0.00274484,0.00233441,-0.00813316,OOS,mid
2020-05-12,-0.00952985,-0.00796032,-0.02851147,OOS,high
2020-05-13,-0.00869811,-0.00740771,-0.01974661,OOS,high
2020-05-14,0.00315180,0.00276355,0.01183358,OOS,high
2020-05-15,0.00035998,0.00031196,0.00561717,OOS,high
2020-05-18,0.01320584,0.01142436,0.04740237,OOS,mid
2020-05-19,-0.00076891,-0.00068822,-0.00677590,OOS,mid
2020-05-20,0.00632695,0.00565152,0.01534418,OOS,mid
2020-05-21,-0.00301439,-0.00270833,-0.00505509,OOS,mid
2020-05-22,-0.00252863,-0.00224385,0.00816333,OOS,mid
2020-05-26,0.00802283,0.00719691,0.02072869,OOS,mid
2020-05-27,0.00593942,0.00540851,0.01759383,OOS,mid
2020-05-28,-0.00564665,-0.00514157,0.00331407,OOS,mid
2020-05-29,0.00272726,0.00251995,0.00398649,OOS,mid
2020-06-01,0.00095385,0.00089932,0.01189557,OOS,mid
2020-06-02,0.00255335,0.00235530,0.01092723,OOS,mid
2020-06-03,0.00345928,0.00317999,0.01821704,OOS,low
2020-06-04,-0.00127770,-0.00103416,0.00105054,OOS,low
2020-06-05,0.00390306,0.00330673,0.02294551,OOS,low
2020-06-08,0.00806354,0.00672823,0.02229441,OOS,low
2020-06-09,0.00660936,0.00558189,-0.01579223,OOS,low
2020-06-10,-0.00617215,-0.00478798,-0.00607869,OOS,low
2020-06-11,-0.01849470,-0.01481232,-0.06418772,OOS,mid
2020-06-12,0.00390663,0.00348819,0.01385736,OOS,mid
2020-06-15,0.00983188,0.00771499,0.01723161,OOS,mid
2020-06-16,0.00836827,0.00664498,0.02291905,OOS,low
2020-06-17,-0.00620250,-0.00493626,-0.00079783,OOS,low
2020-06-18,0.00284033,0.00226100,-0.00798117,OOS,low
2020-06-19,-0.00040247,-0.00028599,-0.00974730,OOS,mid
2020-06-22,0.00437866,0.00319430,0.00514574,OOS,mid
2020-06-23,0.00260120,0.00177773,-0.00034908,OOS,mid
2020-06-24,-0.01329578,-0.00901203,-0.01974896,OOS,mid
2020-06-25,0.00503824,0.00354796,0.01007125,OOS,mid
2020-06-26,-0.00275609,-0.00194923,-0.02107356,OOS,mid
2020-06-29,0.01050361,0.00737990,0.02327493,OOS,mid
2020-06-30,0.00991735,0.00705563,0.00923799,OOS,mid
2020-07-01,-0.00140757,-0.00101847,0.00544986,OOS,low
2020-07-02,-0.00509136,-0.00359700,0.00358147,OOS,low
2020-07-06,0.01384461,0.00983136,0.00750951,OOS,low
2020-07-07,-0.00631085,-0.00458006,-0.01790722,OOS,mid
2020-07-08,0.01462482,0.01073223,0.00678530,OOS,low
2020-07-09,0.00199760,0.00190378,-0.01069812,OOS,mid
2020-07-10,0.00000000,0.00000000,0.01286375,OOS,low
2020-07-13,0.00000000,0.00000000,-0.01236179,OOS,mid
2020-07-14,0.00000000,0.00000000,0.01669877,OOS,low
2020-07-15,0.00000000,0.00000000,0.01120204,OOS,low
2020-07-16,0.00000000,0.00000000,-0.00203001,OOS,low
2020-07-17,0.00000000,0.00000000,0.01265050,OOS,low
2020-07-20,0.00000000,0.00000000,-0.00060684,OOS,low
2020-07-21,0.00000000,0.00000000,0.00720450,OOS,low
2020-07-22,0.00000000,0.00000000,0.00858550,OOS,low
2020-07-23,0.00000000,0.00000000,-0.00651274,OOS,low
2020-07-24,0.00000000,0.00000000,-0.00408131,OOS,low
2020-07-27,0.00000000,0.00000000,0.00891774,OOS,low
2020-07-28,0.00000000,0.00000000,-0.00049874,OOS,low
2020-07-29,0.00000000,0.00000000,0.01884810,OOS,low
2020-07-30,0.00000000,0.00000000,-0.00617060,OOS,low
2020-07-31,0.00000000,0.00000000,0.00586534,OOS,low
2020-08-03,-0.00055509,0.00000000,0.01395782,OOS,low
2020-08-04,0.01986237,0.01491461,0.01473134,OOS,low
2020-08-05,0.00471064,0.00397487,0.00991780,OOS,low
2020-08-06,0.00231645,0.00185562,0.00100237,OOS,low
2020-08-07,0.01035324,0.00820236,0.01366427,OOS,low
2020-08-10,-0.00133658,-0.00092459,0.00941675,OOS,low
2020-08-11,-0.01235800,-0.00952870,-0.01045563,OOS,low
2020-08-12,0.01422324,0.01141594,0.00783390,OOS,low
2020-08-13,-0.00056908,-0.00045673,-0.00141421,OOS,low
2020-08-14,-0.00286520,-0.00229890,-0.00506686,OOS,low
2020-08-17,0.00340260,0.00272414,0.00174001,OOS,low
2020-08-18,-0.00411203,-0.00327769,-0.00374684,OOS,low
2020-08-19,0.00405063,0.00323739,-0.00733488,OOS,low
2020-08-20,0.00240587,0.00190279,-0.00650068,OOS,low
2020-08-21,-0.00079814,-0.00062757,-0.00132196,OOS,low
2020-08-24,0.00773394,0.00600484,0.00796706,OOS,low
2020-08-25,0.01085183,0.00848733,0.00258747,OOS,low
2020-08-26,0.01601703,0.01274408,0.00154004,OOS,low
2020-08-27,-0.00802956,-0.00665047,0.00344112,OOS,low
2020-08-28,0.00933409,0.00788010,0.01399973,OOS,low
2020-08-31,0.00385837,0.00339416,-0.00008001,OOS,low
2020-09-01,0.00877422,0.00748213,0.00649008,OOS,low
2020-09-02,0.00135293,0.00129572,0.01654620,OOS,low
2020-09-03,-0.02470467,-0.02103218,-0.03058199,OOS,low
2020-09-04,-0.00539501,-0.00496351,-0.00966062,OOS,low
2020-09-08,-0.01249927,-0.01095285,-0.01795469,OOS,mid
2020-09-09,0.00000000,0.00000000,0.01593640,OOS,low
2020-09-10,0.00000000,0.00000000,-0.01427005,OOS,mid
2020-09-11,0.00000000,0.00000000,-0.00117300,OOS,mid
2020-09-14,0.00000000,0.00000000,0.01865545,OOS,low
2020-09-15,0.00000000,0.00000000,0.00757725,OOS,low
2020-09-16,-0.00045276,0.00000000,0.00157386,OOS,low
2020-09-17,-0.01226278,-0.01127830,-0.00904182,OOS,low
2020-09-18,-0.00656530,-0.00625159,-0.01207220,OOS,mid
2020-09-21,-0.00174824,-0.00164685,-0.02083225,OOS,mid
2020-09-22,0.00514925,0.00484752,0.01140036,OOS,mid
2020-09-23,-0.00409313,-0.00386252,-0.02088307,OOS,mid
2020-09-24,-0.00045663,-0.00042840,0.00533061,OOS,mid
2020-09-25,0.00852116,0.00791396,0.01272076,OOS,mid
2020-09-28,0.01159270,0.01090274,0.01756372,OOS,low
2020-09-29,0.00458152,0.00439504,-0.00004721,OOS,low
2020-09-30,0.00051988,0.00049083,0.00356224,OOS,low
2020-10-01,0.00195707,0.00183518,0.00733129,OOS,low
2020-10-02,-0.00154106,-0.00141075,0.00345680,OOS,low
2020-10-05,0.01894907,0.01736215,0.02390561,OOS,low
2020-10-06,-0.00275211,-0.00268911,0.00155147,OOS,low
2020-10-07,0.00946774,0.00927558,0.01651251,OOS,low
2020-10-08,0.00133034,0.00132266,0.01563361,OOS,low
2020-10-09,-0.00173779,-0.00172739,0.00209017,OOS,low
2020-10-12,0.00770876,0.00767334,0.00936607,OOS,low
2020-10-13,0.00333395,0.00334812,-0.00640346,OOS,low
2020-10-14,-0.00236331,-0.00195831,-0.00058169,OOS,low
2020-10-15,0.00000000,0.00000000,0.00204123,OOS,low
2020-10-16,0.00000000,0.00000000,0.00128293,OOS,low
2020-10-19,0.00000000,0.00000000,-0.00872468,OOS,low
2020-10-20,0.00000000,0.00000000,0.00912482,OOS,low
2020-10-21,0.00000000,0.00000000,-0.00832004,OOS,low
2020-10-22,0.00000000,0.00000000,0.00646390,OOS,low
2020-10-23,0.00000000,0.00000000,0.00684942,OOS,low
2020-10-26,0.00000000,0.00000000,-0.01768458,OOS,low
2020-10-27,0.00000000,0.00000000,-0.01004492,OOS,low
2020-10-28,-0.00057925,0.00000000,-0.02496424,OOS,mid
2020-10-29,-0.01130645,-0.01093018,0.00639878,OOS,low
2020-10-30,0.00015055,0.00014969,-0.00762997,OOS,mid
2020-11-02,-0.00249448,-0.00225047,0.01509917,OOS,low
2020-11-03,0.00091325,0.00105147,0.01536536,OOS,low
2020-11-04,-0.00244147,-0.00227644,0.00383340,OOS,low
2020-11-05,0.01279016,0.01232370,0.02240201,OOS,low
2020-11-06,0.00071087,0.00079810,-0.00011159,OOS,low
2020-11-09,0.00318623,0.00314166,0.00642607,OOS,low
2020-11-10,-0.00295148,-0.00285402,0.00505256,OOS,low
2020-11-11,0.00922689,0.00893929,0.01309809,OOS,low
2020-11-12,-0.00273806,-0.00268264,-0.00848741,OOS,low
2020-11-13,0.00223815,0.00219586,0.01481908,OOS,low
2020-11-16,-0.00067554,-0.00066288,0.01414822,OOS,low
2020-11-17,0.00325804,0.00319708,-0.00590196,OOS,low
2020-11-18,-0.00011711,-0.00011437,-0.00578820,OOS,low
2020-11-19,0.00223064,0.00214910,0.00363539,OOS,low
2020-11-20,-0.00224075,-0.00208555,-0.00421173,OOS,low
2020-11-23,0.00433749,0.00399392,0.01349695,OOS,low
2020-11-24,0.00149858,0.00136520,0.01167464,OOS,low
2020-11-25,-0.00115617,-0.00095405,-0.00096581,OOS,low
2020-11-27,0.00261429,0.00234692,-0.00070074,OOS,low
2020-11-30,-0.00548141,-0.00492541,-0.00288395,OOS,low
2020-12-01,0.00286985,0.00236335,0.00615719,OOS,low
2020-12-02,0.00786564,0.00627728,0.00436534,OOS,low
2020-12-03,0.00091543,0.00085407,-0.00055309,OOS,low
2020-12-04,0.00495871,0.00372239,0.01282925,OOS,low
2020-12-07,0.00333303,0.00278314,0.00187122,OOS,low
2020-12-08,-0.00316043,-0.00212923,0.00582680,OOS,low
2020-12-09,0.00000000,0.00000000,-0.00690481,OOS,low
2020-12-10,0.00000000,0.00000000,0.00644894,OOS,low
2020-12-11,0.00000000,0.00000000,-0.00133114,OOS,low
2020-12-14,0.00000000,0.00000000,-0.00262663,OOS,low
2020-12-15,0.00000000,0.00000000,0.01836268,OOS,low
2020-12-16,0.00000000,0.00000000,0.00117872,OOS,low
2020-12-17,0.00000000,0.00000000,0.00856810,OOS,low
2020-12-18,0.00000000,0.00000000,0.00104982,OOS,low
2020-12-21,0.00000000,0.00000000,-0.00268407,OOS,low
2020-12-22,0.00000000,0.00000000,0.01163701,OOS,low
2020-12-23,0.00000000,0.00000000,0.00041148,OOS,low
2020-12-24,0.00000000,0.00000000,0.00295973,OOS,low
2020-12-28,0.00000000,0.00000000,0.00115306,OOS,low
2020-12-29,0.00000000,0.00000000,-0.00709712,OOS,low
2020-12-30,0.00000000,0.00000000,0.01543528,OOS,low
2020-12-31,0.00000000,0.00000000,0.00494291,OOS,low
2021-01-05,0.00000000,0.00000000,0.00388189,OOS,low
2021-01-06,0.00000000,0.00000000,0.02469991,OOS,low
2021-01-07,0.00000000,0.00000000,0.01996147,OOS,low
2021-01-08,0.00000000,0.00000000,0.00233711,OOS,low
2021-01-11,0.00000000,0.00000000,-0.00427733,OOS,low
2021-01-12,0.00000000,0.00000000,0.00713687,OOS,low
2021-01-13,0.00000000,0.00000000,0.00542851,OOS,low
2021-01-14,0.00000000,0.00000000,0.00276010,OOS,low
2021-01-15,0.00000000,0.00000000,-0.00214707,OOS,low
2021-01-19,0.00000000,0.00000000,0.00938837,OOS,low
2021-01-20,0.00000000,0.00000000,0.00730267,OOS,low
2021-01-21,0.00000000,0.00000000,-0.00224336,OOS,low
2021-01-22,0.00000000,0.00000000,0.00081475,OOS,low
2021-01-25,0.00000000,0.00000000,0.00588509,OOS,low
2021-01-26,0.00000000,0.00000000,-0.00247340,OOS,low
2021-01-27,-0.00020000,0.00000000,-0.02863506,OOS,low
2021-01-28,0.01359971,0.00679986,0.00995710,OOS,low
2021-01-29,-0.00408007,-0.00199004,-0.01531013,OOS,low
2021-02-01,0.00594647,0.00297324,0.01857132,OOS,low
2021-02-02,0.00379141,0.00189571,0.01117872,OOS,low
2021-02-03,-0.00273278,-0.00136639,0.00160384,OOS,low
2021-02-04,-0.00417273,-0.00208637,0.00823994,OOS,low
2021-02-05,0.00149992,0.00074996,0.00047532,OOS,low
2021-02-08,0.00382126,0.00191063,0.01099718,OOS,low
2021-02-09,0.00047376,0.00023688,0.00402639,OOS,low
2021-02-10,-0.00221541,-0.00110770,-0.00209755,OOS,low
2021-02-11,0.00309975,0.00154988,-0.00210289,OOS,low
2021-02-12,0.00316744,0.00158372,-0.00066441,OOS,low
2021-02-16,-0.00061969,-0.00030985,-0.00384740,OOS,low
2021-02-17,-0.00042555,-0.00021278,-0.00705710,OOS,low
2021-02-18,-0.00348777,-0.00174388,-0.00889210,OOS,low
2021-02-19,0.00099542,0.00049771,0.00341013,OOS,low
2021-02-22,-0.00881007,-0.00440503,-0.00889645,OOS,low
2021-02-23,0.00013948,0.00006974,-0.00016000,OOS,low
2021-02-24,0.00242580,0.00121290,0.01240052,OOS,low
2021-02-25,-0.00697020,-0.00343510,-0.02704426,OOS,low
2021-02-26,0.00203611,0.00101806,-0.00704818,OOS,mid
2021-03-01,0.01026854,0.00523427,0.02814545,OOS,low
2021-03-02,0.00000000,0.00000000,-0.01649553,OOS,low
2021-03-03,0.00000000,0.00000000,-0.01286677,OOS,mid
2021-03-04,0.00000000,0.00000000,-0.01820965,OOS,mid
2021-03-05,0.00000000,0.00000000,0.02505077,OOS,low
2021-03-08,0.00000000,0.00000000,-0.00073455,OOS,low
2021-03-09,0.00000000,0.00000000,0.02209953,OOS,low
2021-03-10,0.00000000,0.00000000,0.01006425,OOS,low
2021-03-11,0.00000000,0.00000000,0.01846156,OOS,low
2021-03-12,0.00000000,0.00000000,0.00755607,OOS,low
2021-03-15,-0.00030000,0.00000000,0.00876494,OOS,low
2021-03-16,0.00054759,0.00027379,-0.00890879,OOS,low
2021-03-17,0.00401375,0.00200688,-0.00462432,OOS,low
2021-03-18,-0.01415284,-0.00707642,-0.01903201,OOS,low
2021-03-19,0.00417551,0.00208775,0.00702555,OOS,low
2021-03-22,0.00800680,0.00400340,0.00143961,OOS,low
2021-03-23,-0.00577964,-0.00288982,-0.01514906,OOS,low
2021-03-24,-0.00125554,-0.00062777,-0.00800726,OOS,low
2021-03-25,0.00039686,0.00019843,0.00803006,OOS,low
2021-03-26,0.01910050,0.00955025,0.01865602,OOS,low
2021-03-29,-0.00731857,-0.00365929,-0.00846818,OOS,low
2021-03-30,-0.01183046,-0.00591523,0.00603520,OOS,low
2021-03-31,0.00502581,0.00251291,0.01130929,OOS,low
2021-04-01,0.00937607,0.00468804,0.01176797,OOS,low
2021-04-05,0.01401479,0.00700740,0.00951360,OOS,low
2021-04-06,-0.00640089,-0.00320045,-0.00008234,OOS,low
2021-04-07,-0.00019187,-0.00009593,-0.00527644,OOS,low
2021-04-08,0.00375688,0.00187844,0.00231052,OOS,low
2021-04-09,0.00461257,0.00230628,0.00199999,OOS,low
2021-04-12,-0.00016062,-0.00008031,0.00106982,OOS,low
2021-04-13,-0.00012680,0.00008660,0.00261356,OOS,low
2021-04-14,0.00000000,0.00000000,-0.00218727,OOS,low
2021-04-15,0.00000000,0.00000000,0.00573799,OOS,low
2021-04-16,0.00000000,0.00000000,0.00474625,OOS,low
2021-04-19,0.00000000,0.00000000,-0.00858093,OOS,low
2021-04-20,0.00000000,0.00000000,-0.00379520,OOS,low
2021-04-21,0.00000000,0.00000000,0.00948679,OOS,low
2021-04-22,0.00000000,0.00000000,-0.01076246,OOS,low
2021-04-23,0.00000000,0.00000000,0.01041335,OOS,low
2021-04-26,0.00000000,0.00000000,0.00425559,OOS,low
2021-04-27,0.00000000,0.00000000,-0.00203972,OOS,low
2021-04-28,-0.00040000,0.00000000,-0.00114846,OOS,low
2021-04-29,0.00184726,0.00104863,0.00653964,OOS,low
2021-04-30,-0.00293572,-0.00141786,-0.00729738,OOS,low
2021-05-03,-0.00225413,-0.00108540,0.00036431,OOS,low
2021-05-04,0.00071084,0.00038876,-0.00594169,OOS,low
2021-05-05,-0.00439269,-0.00216163,-0.00583821,OOS,low
2021-05-06,0.00431887,0.00218920,0.00365494,OOS,low
2021-05-07,0.00253301,0.00130036,0.00771244,OOS,low
2021-05-10,-0.00459464,-0.00226723,-0.01028980,OOS,low
2021-05-11,0.00213643,0.00106822,-0.00262083,OOS,low
2021-05-12,-0.01745780,-0.00872890,-0.03258095,OOS,mid
2021-05-13,0.00277026,0.00138513,0.01154854,OOS,low
2021-05-14,0.00217298,0.00108649,0.01781069,OOS,low
2021-05-17,0.00087297,0.00043648,0.00077442,OOS,low
2021-05-18,-0.00512423,-0.00256212,-0.00404026,OOS,low
2021-05-19,-0.00113542,-0.00056771,-0.00291728,OOS,low
2021-05-20,0.00517590,0.00258795,0.00928815,OOS,low
2021-05-21,-0.00098753,-0.00049377,0.00195540,OOS,low
2021-05-24,-0.00018415,-0.00009207,0.00550928,OOS,low
2021-05-25,-0.00495853,-0.00247927,-0.01036314,OOS,low
2021-05-26,0.00186893,0.00095669,0.00856980,OOS,low
2021-05-27,-0.00052740,-0.00020583,0.00244880,OOS,low
2021-05-28,0.00662583,0.00333167,0.00258583,OOS,low
2021-06-01,0.00446045,0.00225403,0.00922845,OOS,low
2021-06-02,0.00227299,0.00116427,0.00583167,OOS,low
2021-06-03,0.00412666,0.00210499,0.00106869,OOS,low
2021-06-04,0.00056049,0.00033233,0.00928097,OOS,low
2021-06-07,-0.00119898,-0.00050921,0.00377224,OOS,low
2021-06-08,0.00804797,0.00415940,0.00623897,OOS,low
2021-06-09,-0.00048566,-0.00010742,0.00020148,OOS,low
2021-06-10,-0.00193724,-0.00089223,-0.00103897,OOS,low
2021-06-11,0.00211241,0.00105621,0.00375219,OOS,low
2021-06-14,-0.00029633,-0.00014817,-0.00067479,OOS,low
2021-06-15,-0.00084673,-0.00042336,-0.00376785,OOS,low
2021-06-16,-0.01212344,-0.00606172,-0.00823520,OOS,low
2021-06-17,0.00653867,0.00326934,-0.00195744,OOS,low
2021-06-18,-0.01548163,-0.00774082,-0.02122238,OOS,low
2021-06-21,0.00676858,0.00338429,0.01215411,OOS,low
2021-06-22,-0.00887714,-0.00443857,0.00467010,OOS,low
2021-06-23,-0.00162929,-0.00075735,-0.00150303,OOS,low
2021-06-24,0.00783732,0.00391866,0.00893324,OOS,low
2021-06-25,0.00213805,0.00113673,0.01829873,OOS,low
2021-06-28,0.00638620,0.00319310,0.00853091,OOS,low
2021-06-29,-0.00606432,-0.00303216,-0.00615423,OOS,low
2021-06-30,0.00716913,0.00358457,0.00226830,OOS,low
2021-07-01,0.00065524,0.00032762,0.00841008,OOS,low
2021-07-02,0.00463170,0.00231585,-0.00039238,OOS,low
2021-07-06,-0.01299186,-0.00649593,-0.00523782,OOS,low
2021-07-07,0.00214359,0.00107179,0.00024087,OOS,low
2021-07-08,-0.00425122,-0.00203533,-0.00771676,OOS,low
2021-07-09,0.01086328,0.00554623,0.01462506,OOS,low
2021-07-12,0.00002933,0.00001467,0.00151871,OOS,low
2021-07-13,-0.00416202,-0.00208101,-0.01149414,OOS,low
2021-07-14,0.00015502,0.00007751,-0.00360096,OOS,low
2021-07-15,-0.00268417,-0.00134209,-0.00517628,OOS,low
2021-07-16,-0.00687757,-0.00343878,-0.00736829,OOS,low
2021-07-19,-0.01241587,-0.00620794,-0.01354062,OOS,low
2021-07-20,0.00836709,0.00418354,0.01607589,OOS,low
2021-07-21,0.00401757,0.00200879,0.00803589,OOS,low
2021-07-22,-0.00310847,-0.00132507,-0.00397510,OOS,low
2021-07-23,0.00000000,0.00000000,0.00777724,OOS,low
2021-07-26,0.00000000,0.00000000,0.00054988,OOS,low
2021-07-27,0.00000000,0.00000000,-0.00034597,OOS,low
2021-07-28,0.00000000,0.00000000,0.00904601,OOS,low
2021-07-29,0.00000000,0.00000000,0.00364613,OOS,low
2021-07-30,0.00000000,0.00000000,-0.00602437,OOS,low
2021-08-02,-0.00066667,0.00000000,0.00004189,OOS,low
2021-08-03,0.00224906,0.00112453,0.01007401,OOS,low
2021-08-04,-0.00851350,-0.00425675,-0.00719091,OOS,low
2021-08-05,0.00337602,0.00185468,0.00520364,OOS,low
2021-08-06,0.00571153,0.00295299,0.00178841,OOS,low
2021-08-09,-0.00108158,-0.00046787,-0.00055779,OOS,low
2021-08-10,0.00881651,0.00440826,0.00423887,OOS,low
2021-08-11,0.00508640,0.00254320,0.00668437,OOS,low
2021-08-12,-0.00703399,-0.00351700,0.00008986,OOS,low
2021-08-13,-0.00263610,-0.00131805,-0.00283146,OOS,low
2021-08-16,-0.00024247,-0.00012124,-0.00275497,OOS,low
2021-08-17,-0.00080713,-0.00040356,-0.00644507,OOS,low
2021-08-18,0.00072147,0.00036074,-0.00827752,OOS,low
2021-08-19,-0.00688555,-0.00344278,-0.00030388,OOS,low
2021-08-20,-0.00779115,-0.00389558,0.01110963,OOS,low
2021-08-23,-0.00532669,-0.00266334,0.00913890,OOS,low
2021-08-24,0.00359630,0.00179815,0.00439733,OOS,low
2021-08-25,0.00436650,0.00218325,0.00348560,OOS,low
2021-08-26,-0.00588107,-0.00294053,-0.00309451,OOS,low
2021-08-27,-0.00205861,-0.00102931,0.01521656,OOS,low
2021-08-30,-0.00425026,-0.00204180,0.00134948,OOS,low
2021-08-31,0.01069845,0.00534923,0.00284364,OOS,low
2021-09-01,-0.00518618,-0.00259309,0.00333074,OOS,low
2021-09-02,0.00914330,0.00468971,0.01267096,OOS,low
2021-09-03,-0.00251488,-0.00104910,-0.00103164,OOS,low
2021-09-07,-0.00547010,-0.00257880,-0.00325859,OOS,low
2021-09-08,0.01585142,0.00792571,-0.00154532,OOS,low
2021-09-09,-0.00009523,-0.00004801,-0.00692680,OOS,low
2021-09-10,-0.00869273,-0.00438236,-0.00946641,OOS,low
2021-09-13,0.01107257,0.00553628,0.00750669,OOS,low
2021-09-14,-0.00348515,-0.00158495,-0.00916421,OOS,low
2021-09-15,0.00121874,0.00060937,0.01072597,OOS,low
2021-09-16,-0.00933613,-0.00466807,-0.00252273,OOS,low
2021-09-17,0.00063640,0.00031820,-0.00690376,OOS,low
2021-09-20,-0.00208993,-0.00104496,-0.02029758,OOS,low
2021-09-21,0.00025688,0.00012844,-0.00203443,OOS,low
2021-09-22,-0.00520125,-0.00260063,0.00923355,OOS,low
2021-09-23,0.00032984,0.00016492,0.00565411,OOS,low
2021-09-24,0.00287552,0.00143776,-0.00365289,OOS,low
2021-09-27,0.00098639,0.00049320,0.00234104,OOS,low
2021-09-28,0.00418361,0.00209180,-0.01990947,OOS,mid
2021-09-29,-0.00069207,-0.00034604,0.00332231,OOS,low
2021-09-30,-0.00637498,-0.00318749,-0.00954734,OOS,mid
2021-10-01,0.00160041,0.00080021,0.00760957,OOS,low
2021-10-04,0.01362935,0.00695009,-0.00677850,OOS,mid
2021-10-05,-0.00123190,-0.00061595,0.00559200,OOS,mid
2021-10-06,-0.00371019,-0.00185510,0.00359610,OOS,low
2021-10-07,-0.00124827,-0.00062414,0.00936193,OOS,low
2021-10-08,-0.00200992,-0.00100496,-0.00847173,OOS,low
2021-10-11,-0.00360439,-0.00180220,-0.00859395,OOS,mid
2021-10-12,0.00630258,0.00346379,0.00333202,OOS,mid
2021-10-13,0.00000000,0.00000000,0.01052639,OOS,low
2021-10-14,0.00000000,0.00000000,0.01496451,OOS,low
2021-10-15,0.00000000,0.00000000,0.00233783,OOS,low
2021-10-18,0.00000000,0.00000000,0.00328806,OOS,low
2021-10-19,0.00000000,0.00000000,0.00988191,OOS,low
2021-10-20,0.00000000,0.00000000,0.01206980,OOS,low
2021-10-21,0.00000000,0.00000000,0.00410661,OOS,low
2021-10-22,0.00000000,0.00000000,-0.00202643,OOS,low
2021-10-25,0.00000000,0.00000000,0.00800843,OOS,low
2021-10-26,0.00000000,0.00000000,0.00284829,OOS,low
2021-10-27,-0.00050000,0.00000000,-0.01163522,OOS,low
2021-10-28,-0.00125308,-0.00062654,0.01838847,OOS,low
2021-10-29,-0.00360135,-0.00180068,-0.00053871,OOS,low
2021-11-01,0.00076942,0.00050971,0.01645778,OOS,low
2021-11-02,-0.00262965,-0.00131482,0.00185047,OOS,low
2021-11-03,0.00060714,0.00030357,0.01176622,OOS,low
2021-11-04,-0.02530117,-0.01256725,0.00177731,OOS,low
2021-11-05,0.00109822,0.00061161,0.00826881,OOS,low
2021-11-08,0.00224963,0.00117481,0.00968943,OOS,low
2021-11-09,0.00241934,0.00120967,-0.00039572,OOS,low
2021-11-10,0.00199469,0.00099735,-0.01329496,OOS,low
2021-11-11,0.00746912,0.00373456,0.00452517,OOS,low
2021-11-12,0.00259853,0.00129926,0.00587166,OOS,low
2021-11-15,0.00063675,0.00031838,0.00304670,OOS,low
2021-11-16,-0.00014752,-0.00007376,0.00604051,OOS,low
2021-11-17,0.00097714,0.00048857,-0.00717425,OOS,low
2021-11-18,-0.01708283,-0.00854141,-0.00044852,OOS,low
2021-11-19,0.00895714,0.00447857,0.00661501,OOS,low
2021-11-22,-0.00253459,-0.00126729,-0.00495604,OOS,low
2021-11-23,0.00648760,0.00324380,0.00303826,OOS,low
2021-11-24,-0.00206598,-0.00098299,0.00311423,OOS,low
2021-11-26,-0.01168486,-0.00584243,-0.02121679,OOS,low
2021-11-29,0.00210533,0.00105266,0.01023618,OOS,low
2021-11-30,-0.01217973,-0.00602736,-0.02667639,OOS,low
2021-12-01,-0.00883329,-0.00441665,-0.01397543,OOS,mid
2021-12-02,0.00057215,0.00028865,0.01114924,OOS,low
2021-12-03,-0.00657033,-0.00320183,-0.00648870,OOS,low
2021-12-06,0.00881285,0.00453143,0.01274686,OOS,low
2021-12-07,0.00713531,0.00381765,0.02394649,OOS,low
2021-12-08,0.00000000,0.00000000,0.00417916,OOS,low
2021-12-09,0.00000000,0.00000000,-0.01622712,OOS,low
2021-12-10,0.00000000,0.00000000,0.00737656,OOS,low
2021-12-13,0.00000000,0.00000000,-0.01016400,OOS,low
2021-12-14,0.00000000,0.00000000,-0.01740540,OOS,low
2021-12-15,0.00000000,0.00000000,0.02181250,OOS,low
2021-12-16,0.00000000,0.00000000,-0.01607659,OOS,low
2021-12-17,0.00000000,0.00000000,-0.01286204,OOS,mid
2021-12-20,0.00000000,0.00000000,-0.00769135,OOS,mid
2021-12-21,0.00000000,0.00000000,0.01874392,OOS,low
2021-12-22,0.00000000,0.00000000,0.00542072,OOS,low
2021-12-23,0.00000000,0.00000000,0.00914660,OOS,low
2021-12-27,0.00000000,0.00000000,0.01253998,OOS,low
2021-12-28,0.00000000,0.00000000,-0.00559586,OOS,low
2021-12-29,0.00000000,0.00000000,0.00104431,OOS,low
2021-12-30,0.00000000,0.00000000,-0.00046750,OOS,low
2021-12-31,0.00000000,0.00000000,0.00192375,OOS,low
2022-01-04,0.00000000,0.00000000,-0.00349143,OOS,low
2022-01-05,0.00000000,0.00000000,-0.03032356,OOS,low
2022-01-06,0.00000000,0.00000000,0.00353035,OOS,low
2022-01-07,0.00000000,0.00000000,-0.00566823,OOS,low
2022-01-10,0.00000000,0.00000000,-0.00526843,OOS,mid
2022-01-11,0.00000000,0.00000000,0.00786821,OOS,low
2022-01-12,0.00000000,0.00000000,0.00202278,OOS,low
2022-01-13,0.00000000,0.00000000,-0.01033674,OOS,mid
2022-01-14,0.00000000,0.00000000,0.00081973,OOS,mid
2022-01-18,0.00000000,0.00000000,-0.01943263,OOS,mid
2022-01-19,0.00000000,0.00000000,-0.01532079,OOS,mid
2022-01-20,0.00000000,0.00000000,-0.01011815,OOS,mid
2022-01-21,0.00000000,0.00000000,-0.01877531,OOS,mid
2022-01-24,0.00000000,0.00000000,0.00574321,OOS,mid
2022-01-25,0.00000000,0.00000000,-0.01796989,OOS,mid
2022-01-26,-0.00010000,0.00000000,-0.00410003,OOS,mid
2022-01-27,0.00210980,0.00105490,-0.01524591,OOS,mid
2022-01-28,0.00270816,0.00140408,0.02053843,OOS,mid
2022-01-31,0.00219203,0.00112935,0.02840104,OOS,mid
2022-02-01,-0.00061095,-0.00030547,0.00345716,OOS,mid
2022-02-02,0.00445259,0.00222630,0.00771303,OOS,mid
2022-02-03,-0.01067043,-0.00533522,-0.02545142,OOS,mid
2022-02-04,0.00007187,0.00003593,0.00174809,OOS,mid
2022-02-07,-0.00265180,-0.00132590,0.00030242,OOS,mid
2022-02-08,0.00319214,0.00159607,0.01011225,OOS,mid
2022-02-09,0.00602614,0.00301307,0.02322043,OOS,mid
2022-02-10,-0.00959235,-0.00479618,-0.02439263,OOS,mid
2022-02-11,-0.00838347,-0.00419173,-0.01844711,OOS,mid
2022-02-14,0.00009168,0.00004584,-0.00512049,OOS,mid
2022-02-15,0.00596837,0.00298418,0.02392471,OOS,mid
2022-02-16,0.00009941,0.00004970,-0.00059562,OOS,mid
2022-02-17,-0.00852112,-0.00426056,-0.02313008,OOS,mid
2022-02-18,-0.00284361,-0.00142180,-0.01100755,OOS,mid
2022-02-22,-0.00161726,-0.00080863,-0.01353235,OOS,mid
2022-02-23,-0.00857660,-0.00428830,-0.02538876,OOS,high
2022-02-24,0.01248416,0.00625875,0.03070329,OOS,mid
2022-02-25,0.00464041,0.00232020,0.01915292,OOS,mid
2022-02-28,-0.00144378,-0.00067189,0.00914697,OOS,mid
2022-03-01,-0.00587165,-0.00283583,-0.01706029,OOS,mid
2022-03-02,0.00000000,0.00000000,0.01631757,OOS,mid
2022-03-03,0.00000000,0.00000000,-0.00655027,OOS,mid
2022-03-04,0.00000000,0.00000000,-0.01024768,OOS,mid
2022-03-07,0.00000000,0.00000000,-0.01519236,OOS,mid
2022-03-08,0.00000000,0.00000000,0.00769287,OOS,mid
2022-03-09,0.00000000,0.00000000,0.02333838,OOS,mid
2022-03-10,0.00000000,0.00000000,-0.00003511,OOS,mid
2022-03-11,-0.00020000,0.00000000,-0.00145705,OOS,mid
2022-03-14,-0.00582608,-0.00291304,-0.02018224,OOS,mid
2022-03-15,0.00957895,0.00478948,0.01809949,OOS,mid
2022-03-16,0.01151907,0.00575954,0.02212765,OOS,mid
2022-03-17,0.00316803,0.00158402,0.01115233,OOS,mid
2022-03-18,0.00774843,0.00387422,0.00554029,OOS,mid
2022-03-21,-0.00040973,-0.00020487,0.00193003,OOS,mid
2022-03-22,0.00506877,0.00253439,0.00652061,OOS,mid
2022-03-23,-0.00105980,-0.00052990,-0.01062939,OOS,mid
2022-03-24,0.00790789,0.00395395,0.01548022,OOS,mid
2022-03-25,0.00378681,0.00189341,0.00435713,OOS,mid
2022-03-28,0.00176673,0.00088336,0.00826607,OOS,mid
2022-03-29,0.00714543,0.00357272,0.01591376,OOS,low
2022-03-30,-0.00425734,-0.00212867,-0.00970292,OOS,mid
2022-03-31,-0.00404679,-0.00202339,-0.00817347,OOS,mid
2022-04-01,0.00283458,0.00141729,0.00786445,OOS,mid
2022-04-04,0.00241171,0.00120586,0.00499018,OOS,mid
2022-04-05,-0.00526085,-0.00263042,-0.01324763,OOS,mid
2022-04-06,-0.00861316,-0.00430658,-0.00405986,OOS,mid
2022-04-07,-0.00050605,-0.00025303,0.00008646,OOS,mid
2022-04-08,-0.00379188,-0.00179594,-0.00217856,OOS,mid
2022-04-11,0.00000000,0.00000000,-0.01430328,OOS,mid
2022-04-12,0.00000000,0.00000000,-0.00616006,OOS,mid
2022-04-13,0.00000000,0.00000000,0.01506024,OOS,mid
2022-04-14,0.00000000,0.00000000,-0.01216337,OOS,mid
2022-04-18,0.00000000,0.00000000,-0.00111748,OOS,mid
2022-04-19,0.00000000,0.00000000,0.02305106,OOS,mid
2022-04-20,0.00000000,0.00000000,0.00184777,OOS,mid
2022-04-21,0.00000000,0.00000000,-0.02785687,OOS,mid
2022-04-22,0.00000000,0.00000000,-0.02314281,OOS,mid
2022-04-25,0.00000000,0.00000000,-0.00061774,OOS,mid
2022-04-26,0.00000000,0.00000000,-0.02773493,OOS,mid
2022-04-27,-0.00020000,0.00000000,-0.00134252,OOS,mid
2022-04-28,0.00697013,0.00353506,0.02137464,OOS,mid
2022-04-29,-0.01035455,-0.00514394,-0.02714056,OOS,mid
2022-05-02,-0.00134967,-0.00063317,0.00351921,OOS,mid
2022-05-03,-0.01488931,-0.00741132,0.00593147,OOS,mid
2022-05-04,0.01429182,0.00717369,0.03582429,OOS,mid
2022-05-05,-0.01632534,-0.00813291,-0.03334142,OOS,mid
2022-05-06,-0.00455742,-0.00224399,-0.00299113,OOS,mid
2022-05-09,-0.02072646,-0.01031848,-0.04236934,OOS,high
2022-05-10,-0.00104422,-0.00048099,-0.01863144,OOS,high
2022-05-11,-0.02046257,-0.01019088,-0.01954986,OOS,high
2022-05-12,-0.00233041,-0.00125085,-0.00111032,OOS,high
2022-05-13,0.02291780,0.01224408,0.03691712,OOS,high
2022-05-16,-0.00325674,-0.00188834,-0.00073063,OOS,high
2022-05-17,0.01966473,0.01153403,0.02903875,OOS,high
2022-05-18,-0.01819634,-0.01151020,-0.02589870,OOS,high
2022-05-19,-0.00053212,-0.00035885,0.00765971,OOS,high
2022-05-20,-0.00434287,-0.00290536,0.00189879,OOS,high
2022-05-23,0.00989446,0.00651346,0.01025908,OOS,high
2022-05-24,-0.01289200,-0.00864522,-0.00875368,OOS,high
2022-05-25,0.00255148,0.00177389,0.01833905,OOS,high
2022-05-26,0.01597351,0.01105170,0.01877750,OOS,mid
2022-05-27,0.01298797,0.00950931,0.03285554,OOS,mid
2022-05-31,-0.00351924,-0.00259439,-0.00999602,OOS,mid
2022-06-01,-0.00655018,-0.00493495,-0.00863758,OOS,mid
2022-06-02,0.02438556,0.01861167,0.02310875,OOS,mid
2022-06-03,-0.00516013,-0.00436955,-0.01186186,OOS,mid
2022-06-06,-0.00338321,-0.00286840,-0.00096320,OOS,mid
2022-06-07,0.01589597,0.01370430,0.01070624,OOS,mid
2022-06-08,0.00945623,0.00859216,-0.01119447,OOS,mid
2022-06-09,-0.01464916,-0.01330579,-0.02819628,OOS,mid
2022-06-10,-0.01004061,-0.00956358,-0.03327268,OOS,high
2022-06-13,-0.01189181,-0.01137960,-0.06045283,OOS,high
2022-06-14,-0.00480176,-0.00462267,-0.01448417,OOS,high
2022-06-15,0.01210827,0.01203833,0.01826356,OOS,high
2022-06-16,-0.01326558,-0.01360451,-0.04495971,OOS,high
2022-06-17,0.00613752,0.00650449,0.01491997,OOS,high
2022-06-21,0.00278718,0.00297959,0.02009776,OOS,high
2022-06-22,-0.00272352,-0.00290762,-0.00305134,OOS,high
2022-06-23,0.00563650,0.00601927,0.00744399,OOS,high
2022-06-24,0.00998778,0.01074224,0.03008383,OOS,high
2022-06-27,-0.00488581,-0.00535505,-0.00114911,OOS,high
2022-06-28,-0.01140845,-0.01233173,-0.02193111,OOS,high
2022-06-29,-0.00637984,-0.00671085,-0.01944168,OOS,high
2022-06-30,0.00000000,0.00000000,0.00358494,OOS,high
2022-07-01,0.00000000,0.00000000,0.01031172,OOS,high
2022-07-05,0.00000000,0.00000000,-0.00231497,OOS,high
2022-07-06,0.00000000,0.00000000,0.00329136,OOS,high
2022-07-07,0.00000000,0.00000000,0.02464882,OOS,high
2022-07-08,0.00000000,0.00000000,-0.00011755,OOS,high
2022-07-11,0.00000000,0.00000000,-0.01318589,OOS,high
2022-07-12,0.00000000,0.00000000,-0.00885221,OOS,high
2022-07-13,0.00000000,0.00000000,-0.00246841,OOS,high
2022-07-14,0.00000000,0.00000000,-0.00386531,OOS,high
2022-07-15,0.00000000,0.00000000,0.01400075,OOS,high
2022-07-18,0.00000000,0.00000000,-0.00346563,OOS,high
2022-07-19,0.00000000,0.00000000,0.05229713,OOS,high
2022-07-20,0.00000000,0.00000000,0.01296528,OOS,high
2022-07-21,0.00000000,0.00000000,0.00751352,OOS,high
2022-07-22,0.00000000,0.00000000,-0.01146341,OOS,high
2022-07-25,0.00000000,0.00000000,-0.00062800,OOS,high
2022-07-26,0.00000000,0.00000000,-0.00739579,OOS,high
2022-07-27,0.00000000,0.00000000,0.02467500,OOS,high
2022-07-28,0.00000000,0.00000000,0.03732894,OOS,mid
2022-07-29,0.00000000,0.00000000,0.01545391,OOS,mid
2022-08-01,-0.00047332,0.00000000,-0.00051244,OOS,mid
2022-08-02,0.00431429,0.00476522,0.00354509,OOS,mid
2022-08-03,0.00073220,0.00080358,0.01133828,OOS,mid
2022-08-04,0.00120745,0.00132430,0.00480096,OOS,mid
2022-08-05,0.00505765,0.00572897,0.00233900,OOS,mid
2022-08-08,0.00582909,0.00630619,0.00701713,OOS,mid
2022-08-09,-0.00047177,-0.00050343,-0.01226640,OOS,mid
2022-08-10,0.00819917,0.00874613,0.02756691,OOS,mid
2022-08-11,0.00209129,0.00220204,0.00213271,OOS,mid
2022-08-12,0.00235612,0.00247971,0.02163405,OOS,low
2022-08-15,-0.00057763,-0.00059398,0.00878304,OOS,low
2022-08-16,-0.00070228,-0.00070161,-0.00535945,OOS,low
2022-08-17,-0.00651958,-0.00651435,-0.01541163,OOS,mid
2022-08-18,0.00268048,0.00269932,0.00693959,OOS,mid
2022-08-19,-0.00757131,-0.00757388,-0.01836393,OOS,mid
2022-08-22,-0.00749866,-0.00747249,-0.02266647,OOS,mid
2022-08-23,0.00368133,0.00371371,-0.00088265,OOS,mid
2022-08-24,0.00931136,0.00918658,0.01349718,OOS,mid
2022-08-25,0.00225059,0.00221802,0.01894686,OOS,mid
2022-08-26,-0.00867768,-0.00854530,-0.03046227,OOS,mid
2022-08-29,0.01140949,0.01161970,0.00142423,OOS,mid
2022-08-30,-0.00195863,-0.00185815,-0.01538633,OOS,mid
2022-08-31,0.00056412,0.00053317,0.00214648,OOS,mid
2022-09-01,-0.00751224,-0.00708554,-0.01195580,OOS,mid
2022-09-02,-0.00311740,-0.00229401,-0.00991099,OOS,mid
2022-09-06,-0.00131450,-0.00117666,-0.01095467,OOS,mid
2022-09-07,0.00854438,0.00729945,0.01890542,OOS,mid
2022-09-08,0.01612271,0.01363124,0.01328691,OOS,mid
2022-09-09,0.01060516,0.00907065,0.02311620,OOS,mid
2022-09-12,-0.00623725,-0.00539997,0.00909140,OOS,mid
2022-09-13,-0.02296983,-0.01934524,-0.04029219,OOS,mid
2022-09-14,-0.00029732,0.00002036,0.00353606,OOS,mid
2022-09-15,-0.00816010,-0.00718089,-0.01610408,OOS,mid
2022-09-16,-0.00166020,-0.00147886,-0.00687271,OOS,mid
2022-09-19,-0.00061585,-0.00054765,0.00614291,OOS,mid
2022-09-20,-0.00513482,-0.00452265,-0.02138643,OOS,mid
2022-09-21,-0.00571384,-0.00489459,-0.01182697,OOS,high
2022-09-22,-0.01097928,-0.00939306,-0.01829652,OOS,high
2022-09-23,-0.01274282,-0.01068781,-0.02574388,OOS,high
2022-09-26,0.00141078,0.00120449,-0.01844311,OOS,high
2022-09-27,0.00281896,0.00240823,-0.00181125,OOS,high
2022-09-28,0.01812384,0.01551428,0.02308045,OOS,high
2022-09-29,-0.00797312,-0.00728635,-0.03396418,OOS,high
2022-09-30,0.00038148,0.00035321,-0.00479184,OOS,high
2022-10-03,0.00988524,0.00935437,0.03297046,OOS,high
2022-10-04,0.00590715,0.00558091,0.03821689,OOS,high
2022-10-05,0.00005572,0.00005301,-0.01313201,OOS,high
2022-10-06,-0.00778665,-0.00740812,-0.01425056,OOS,high
2022-10-07,-0.02170313,-0.02091628,-0.03687651,OOS,high
2022-10-10,-0.00631627,-0.00665503,-0.00980875,OOS,high
2022-10-11,-0.00556034,-0.00590208,-0.00462427,OOS,high
2022-10-12,-0.00371553,-0.00352089,-0.01563903,OOS,high
2022-10-13,0.00000000,0.00000000,0.02913932,OOS,high
2022-10-14,0.00000000,0.00000000,-0.02783760,OOS,high
2022-10-17,0.00000000,0.00000000,0.03275769,OOS,high
2022-10-18,0.00000000,0.00000000,0.01350666,OOS,high
2022-10-19,0.00000000,0.00000000,-0.01145308,OOS,high
2022-10-20,0.00000000,0.00000000,-0.00726283,OOS,high
2022-10-21,0.00000000,0.00000000,0.02270192,OOS,high
2022-10-24,0.00000000,0.00000000,0.00526174,OOS,high
2022-10-25,0.00000000,0.00000000,0.02780565,OOS,high
2022-10-26,-0.00042854,0.00000000,0.00310314,OOS,high
2022-10-27,-0.00281805,-0.00299790,-0.00389466,OOS,high
2022-10-28,0.01414735,0.01505876,0.02375934,OOS,high
2022-10-31,-0.00311315,-0.00325074,-0.00747401,OOS,high
2022-11-01,-0.00333461,-0.00368753,0.00372449,OOS,high
2022-11-02,-0.00951245,-0.01044526,-0.02160710,OOS,high
2022-11-03,0.00390815,0.00435888,0.00055209,OOS,high
2022-11-04,0.00453739,0.00511474,0.02023055,OOS,high
2022-11-07,0.00109302,0.00129823,0.00449872,OOS,high
2022-11-08,-0.00227638,-0.00251838,-0.00076104,OOS,high
2022-11-09,-0.02073568,-0.02294786,-0.03030325,OOS,high
2022-11-10,0.02820682,0.03364131,0.06855736,OOS,mid
2022-11-11,0.00617048,0.00854321,0.01761714,OOS,mid
2022-11-14,-0.00644501,-0.00899538,-0.01628690,OOS,mid
2022-11-15,0.00487364,0.00681805,0.01426682,OOS,mid
2022-11-16,-0.00422148,-0.00591006,-0.01174772,OOS,mid
2022-11-17,-0.00059759,-0.00083761,-0.00721226,OOS,mid
2022-11-18,0.00146039,0.00202547,0.00501144,OOS,mid
2022-11-21,-0.00041726,-0.00057864,-0.00912796,OOS,mid
2022-11-22,-0.00882999,-0.01216291,0.00162138,OOS,mid
2022-11-23,0.00448889,0.00629928,0.01730903,OOS,mid
2022-11-25,0.00009323,0.00012884,0.00244419,OOS,mid
2022-11-28,-0.00351847,-0.00486182,-0.02210543,OOS,mid
2022-11-29,-0.00038123,-0.00035880,-0.00182490,OOS,mid
2022-11-30,0.00430772,0.00593506,0.03054017,OOS,mid
2022-12-01,-0.00266489,-0.00368981,-0.00218782,OOS,mid
2022-12-02,0.00004150,0.00005710,0.00203259,OOS,mid
2022-12-05,-0.00428435,-0.00558679,-0.01977166,OOS,mid
2022-12-06,0.00181616,0.00271430,-0.01098908,OOS,mid
2022-12-07,0.00000000,0.00000000,-0.01016386,OOS,mid
2022-12-08,0.00000000,0.00000000,0.01315925,OOS,mid
2022-12-09,0.00000000,0.00000000,-0.00590888,OOS,mid
2022-12-12,0.00000000,0.00000000,0.00896175,OOS,mid
2022-12-13,0.00000000,0.00000000,0.00825102,OOS,mid
2022-12-14,0.00000000,0.00000000,-0.00580434,OOS,mid
2022-12-15,0.00000000,0.00000000,-0.02392656,OOS,mid
2022-12-16,0.00000000,0.00000000,-0.01462388,OOS,high
2022-12-19,0.00000000,0.00000000,-0.01080385,OOS,high
2022-12-20,0.00000000,0.00000000,0.00170074,OOS,high
2022-12-21,0.00000000,0.00000000,0.01747046,OOS,high
2022-12-22,0.00000000,0.00000000,-0.01345953,OOS,high
2022-12-23,-0.00026332,0.00000000,0.01015409,OOS,high
2022-12-27,-0.00268554,-0.00316539,-0.00758849,OOS,high
2022-12-28,-0.00591354,-0.00697685,-0.01998110,OOS,high
2022-12-29,0.00654052,0.00765034,0.02470784,OOS,high
2022-12-30,-0.00216743,-0.00254710,0.00045127,OOS,high
2023-01-04,0.00000000,0.00000000,0.01400472,OOS,mid
2023-01-05,0.00000000,0.00000000,-0.01670353,OOS,high
2023-01-06,0.00000000,0.00000000,0.02559198,OOS,mid
2023-01-09,0.00000000,0.00000000,0.01432868,OOS,mid
2023-01-10,0.00000000,0.00000000,0.00903243,OOS,mid
2023-01-11,0.00000000,0.00000000,0.01530631,OOS,mid
2023-01-12,0.00000000,0.00000000,0.01340396,OOS,mid
2023-01-13,0.00000000,0.00000000,0.00450705,OOS,mid
2023-01-17,0.00000000,0.00000000,0.00086512,OOS,mid
2023-01-18,0.00000000,0.00000000,-0.02028594,OOS,mid
2023-01-19,0.00000000,0.00000000,-0.01806584,OOS,mid
2023-01-20,0.00000000,0.00000000,0.02234259,OOS,mid
2023-01-23,0.00000000,0.00000000,0.01764339,OOS,mid
2023-01-24,0.00000000,0.00000000,0.00349133,OOS,mid
2023-01-25,0.00000000,0.00000000,0.00046755,OOS,mid
2023-01-26,0.00000000,0.00000000,0.01350109,OOS,mid
2023-01-27,-0.00005833,0.00000000,0.01812542,OOS,mid
2023-01-30,-0.00338778,-0.00347340,-0.01884958,OOS,mid
2023-01-31,0.00154528,0.00158436,0.01863638,OOS,mid
2023-02-01,0.00036377,0.00037231,0.02158677,OOS,low
2023-02-02,0.00365882,0.00366335,0.01473989,OOS,low
2023-02-03,-0.00051517,-0.00051520,-0.01200157,OOS,low
2023-02-06,-0.00051679,-0.00048283,-0.00610721,OOS,low
2023-02-07,0.00072964,0.00072556,0.00574670,OOS,low
2023-02-08,-0.00172635,-0.00171481,-0.00834982,OOS,low
2023-02-09,0.00114177,0.00099851,-0.01553666,OOS,mid
2023-02-10,-0.00203226,-0.00109489,0.00433190,OOS,mid
2023-02-13,0.00743910,0.00377392,0.00819271,OOS,low
2023-02-14,-0.00052752,-0.00026376,0.00316223,OOS,low
2023-02-15,0.00416134,0.00208067,0.01591521,OOS,low
2023-02-16,-0.00182014,-0.00091007,-0.01012232,OOS,low
2023-02-17,0.00256193,0.00128097,-0.00296067,OOS,low
2023-02-21,-0.00755746,-0.00377873,-0.02734634,OOS,mid
2023-02-22,0.00019045,0.00009522,0.00068405,OOS,mid
2023-02-23,0.00260436,0.00130218,0.01983087,OOS,low
2023-02-24,-0.00133579,-0.00066789,-0.00733672,OOS,mid
2023-02-27,0.00338116,0.00172183,-0.00155730,OOS,mid
2023-02-28,0.00045852,0.00022926,-0.00133626,OOS,mid
2023-03-01,-0.00193262,-0.00096631,-0.00269886,OOS,mid
2023-03-02,0.00332310,0.00166155,0.00856398,OOS,low
2023-03-03,0.00510044,0.00255022,0.02414516,OOS,low
2023-03-06,0.00245384,0.00122692,-0.00230929,OOS,low
2023-03-07,-0.00522219,-0.00254860,-0.01050160,OOS,low
2023-03-08,0.00000000,0.00000000,0.00612482,OOS,low
2023-03-09,-0.00012500,0.00000000,-0.02113177,OOS,mid
2023-03-10,-0.00823796,-0.00411898,-0.02736665,OOS,mid
2023-03-13,-0.00264641,-0.00132321,0.00890515,OOS,mid
2023-03-14,0.00724619,0.00362310,0.01348573,OOS,mid
2023-03-15,-0.01498462,-0.00749231,-0.01094075,OOS,mid
2023-03-16,0.00484345,0.00242172,0.01859780,OOS,mid
2023-03-17,-0.00825299,-0.00412649,-0.00960037,OOS,mid
2023-03-20,0.00515197,0.00257599,0.00877053,OOS,mid
2023-03-21,0.00433838,0.00216919,0.01504776,OOS,low
2023-03-22,-0.00488241,-0.00244121,-0.02158902,OOS,mid
2023-03-23,0.00071135,0.00035568,0.00306087,OOS,mid
2023-03-24,-0.00073621,-0.00036811,0.00722922,OOS,low
2023-03-27,0.00072037,0.00036018,-0.00163257,OOS,low
2023-03-28,0.00034125,0.00017063,-0.00357463,OOS,mid
2023-03-29,0.00516538,0.00258269,0.02140364,OOS,low
2023-03-30,0.00262703,0.00131351,0.00605352,OOS,low
2023-03-31,0.00514740,0.00257370,0.02330228,OOS,low
2023-04-03,-0.00184025,-0.00092012,-0.00055302,OOS,low
2023-04-04,-0.01075389,-0.00537695,-0.02312718,OOS,low
2023-04-05,-0.00501323,-0.00250661,-0.01019634,OOS,low
2023-04-06,-0.00105854,-0.00046677,0.00691085,OOS,low
2023-04-10,0.00000000,0.00000000,0.01563314,OOS,low
2023-04-11,0.00000000,0.00000000,0.00890792,OOS,low
2023-04-12,0.00000000,0.00000000,-0.00400593,OOS,low
2023-04-13,0.00000000,0.00000000,0.01408496,OOS,low
2023-04-14,0.00000000,0.00000000,-0.00660209,OOS,low
2023-04-17,0.00000000,0.00000000,0.00862475,OOS,low
2023-04-18,0.00000000,0.00000000,-0.00041046,OOS,low
2023-04-19,0.00000000,0.00000000,-0.00415932,OOS,low
2023-04-20,0.00000000,0.00000000,-0.00833876,OOS,low
2023-04-21,0.00000000,0.00000000,-0.00266394,OOS,low
2023-04-24,0.00000000,0.00000000,-0.00422755,OOS,low
2023-04-25,0.00000000,0.00000000,-0.01163894,OOS,low
2023-04-26,-0.00012500,0.00000000,-0.00036532,OOS,low
2023-04-27,0.00587486,0.00299993,0.02664964,OOS,low
2023-04-28,0.00042978,0.00027045,0.00628540,OOS,low
2023-05-01,-0.00180729,-0.00086198,-0.00516625,OOS,low
2023-05-02,-0.00307487,-0.00153743,-0.00766414,OOS,low
2023-05-03,-0.00154012,-0.00072423,0.00248701,OOS,low
2023-05-04,-0.00219583,-0.00103889,-0.00160229,OOS,low
2023-05-05,0.00970450,0.00489590,0.02039109,OOS,low
2023-05-08,-0.00267258,-0.00129809,-0.00650339,OOS,low
2023-05-09,-0.00139724,-0.00066004,0.00074515,OOS,low
2023-05-10,0.00264122,0.00134283,0.00974490,OOS,low
2023-05-11,0.00338059,0.00171428,-0.00694960,OOS,low
2023-05-12,0.02621838,0.01310919,0.00341153,OOS,low
2023-05-15,0.00029571,0.00014786,0.01487836,OOS,low
2023-05-16,-0.00406576,-0.00201089,0.00258234,OOS,low
2023-05-17,0.00769947,0.00384973,0.01893073,OOS,low
2023-05-18,0.00723169,0.00361585,0.00724196,OOS,low
2023-05-19,-0.00373684,-0.00186842,-0.00164319,OOS,low
2023-05-22,-0.00098560,-0.00049280,0.00948642,OOS,low
2023-05-23,-0.00389092,-0.00194546,-0.00858274,OOS,low
2023-05-24,-0.00605763,-0.00302361,-0.00965175,OOS,low
2023-05-25,0.01074793,0.00538533,0.02172577,OOS,low
2023-05-26,0.02333035,0.01170432,0.02258741,OOS,low
2023-05-30,0.00420059,0.00217495,0.01404932,OOS,low
2023-05-31,-0.00343100,-0.00174219,-0.01380841,OOS,low
2023-06-01,0.00032969,0.00018666,0.00524902,OOS,low
2023-06-02,0.01712443,0.00869386,0.01394462,OOS,low
2023-06-05,-0.00100076,-0.00049680,-0.00216189,OOS,low
2023-06-06,0.00163610,0.00091397,0.01178929,OOS,low
2023-06-07,-0.00247421,-0.00124226,0.00453089,OOS,low
2023-06-08,0.01077060,0.00569082,0.00542726,OOS,low
2023-06-09,-0.00158119,-0.00074168,-0.00717046,OOS,low
2023-06-12,0.01549886,0.00782422,0.01574903,OOS,low
2023-06-13,0.00020160,0.00010563,0.00949767,OOS,low
2023-06-14,0.00498738,0.00262662,0.00280478,OOS,low
2023-06-15,-0.00039114,-0.00020109,0.00837734,OOS,low
2023-06-16,-0.00396151,-0.00203583,-0.00077407,OOS,low
2023-06-20,-0.00222136,-0.00113928,-0.00458689,OOS,low
2023-06-21,-0.00053758,-0.00027653,-0.00114897,OOS,low
2023-06-22,0.00218747,0.00112504,-0.00355583,OOS,low
2023-06-23,-0.00916519,-0.00471314,-0.01615743,OOS,low
2023-06-26,-0.00280888,-0.00147863,0.00344520,OOS,low
2023-06-27,0.01017262,0.00544452,0.01078947,OOS,low
2023-06-28,-0.00144817,-0.00065025,0.00204311,OOS,low
2023-06-29,0.00080389,0.00043003,0.00889786,OOS,low
2023-06-30,0.00550109,0.00293701,0.01245919,OOS,low
2023-07-03,0.00372019,0.00193617,0.01125103,OOS,low
2023-07-05,-0.00868885,-0.00448451,0.00230382,OOS,low
2023-07-06,-0.00835917,-0.00440561,-0.01246836,OOS,low
2023-07-07,0.00206870,0.00111224,0.01193442,OOS,low
2023-07-10,0.00507327,0.00272648,0.01391731,OOS,low
2023-07-11,0.00430175,0.00255608,0.00887496,OOS,low
2023-07-12,0.00000000,0.00000000,0.00557843,OOS,low
2023-07-13,0.00000000,0.00000000,0.01832594,OOS,low
2023-07-14,0.00000000,0.00000000,-0.01239369,OOS,low
2023-07-17,0.00000000,0.00000000,0.00324335,OOS,low
2023-07-18,0.00000000,0.00000000,0.00650170,OOS,low
2023-07-19,0.00000000,0.00000000,0.00666706,OOS,low
2023-07-20,0.00000000,0.00000000,-0.01140206,OOS,low
2023-07-21,0.00000000,0.00000000,0.00043274,OOS,low
2023-07-24,0.00000000,0.00000000,0.00247649,OOS,low
2023-07-25,0.00000000,0.00000000,0.00653585,OOS,low
2023-07-26,0.00000000,0.00000000,-0.00192953,OOS,low
2023-07-27,0.00000000,0.00000000,-0.01027525,OOS,low
2023-07-28,0.00000000,0.00000000,0.00900981,OOS,low
2023-07-31,0.00000000,0.00000000,0.00790137,OOS,low
2023-08-01,0.00000000,0.00000000,-0.00061697,OOS,low
2023-08-02,0.00000000,0.00000000,-0.00860701,OOS,low
2023-08-03,0.00000000,0.00000000,-0.00943180,OOS,low
2023-08-04,-0.00055533,0.00000000,-0.00086047,OOS,low
2023-08-07,0.00073591,0.00053201,0.00302156,OOS,low
2023-08-08,-0.00260483,-0.00136697,0.00568005,OOS,low
2023-08-09,-0.01234382,-0.00649840,-0.00981195,OOS,low
2023-08-10,-0.00199388,-0.00099694,-0.00420643,OOS,low
2023-08-11,0.00189780,0.00094890,-0.00222080,OOS,low
2023-08-14,0.00953891,0.00476946,0.01024941,OOS,low
2023-08-15,-0.01086534,-0.00543267,-0.01626369,OOS,low
2023-08-16,-0.01382073,-0.00691037,-0.01335507,OOS,low
2023-08-17,-0.00182670,-0.00094064,-0.01340955,OOS,mid
2023-08-18,0.00247095,0.00127330,0.00401662,OOS,mid
2023-08-21,0.00574132,0.00294861,0.00628421,OOS,low
2023-08-22,0.00146578,0.00074964,-0.00202547,OOS,mid
2023-08-23,0.00433219,0.00217154,0.01988978,OOS,low
2023-08-24,-0.01221960,-0.00610980,-0.02140808,OOS,mid
2023-08-25,0.00604213,0.00302107,0.00489619,OOS,low
2023-08-28,0.00571021,0.00285510,0.00804926,OOS,low
2023-08-29,0.01065448,0.00532724,0.02167171,OOS,low
2023-08-30,-0.00451192,-0.00225596,0.00335921,OOS,low
2023-08-31,0.00482468,0.00241234,-0.00313043,OOS,low
2023-09-01,-0.01297849,-0.00634341,0.00053558,OOS,low
2023-09-05,-0.01385758,-0.00663712,-0.01019863,OOS,low
2023-09-06,0.00000000,0.00000000,-0.00444979,OOS,low
2023-09-07,0.00000000,0.00000000,0.00076695,OOS,low
2023-09-08,-0.00058333,0.00000000,0.00053127,OOS,low
2023-09-11,0.00760082,0.00380041,-0.00087579,OOS,low
2023-09-12,-0.00357597,-0.00178799,-0.00490538,OOS,low
2023-09-13,0.00013854,0.00021510,-0.00315752,OOS,low
2023-09-14,0.01381048,0.00690524,0.01491687,OOS,low
2023-09-15,-0.01396484,-0.00698242,-0.01376395,OOS,low
2023-09-18,-0.00626359,-0.00313179,-0.00430052,OOS,low
2023-09-19,-0.00490208,-0.00245104,-0.00552544,OOS,low
2023-09-20,-0.00232653,-0.00116327,-0.00743409,OOS,mid
2023-09-21,-0.03507456,-0.01753728,-0.02226188,OOS,mid
2023-09-22,-0.00941020,-0.00554966,-0.00253520,OOS,mid
2023-09-25,-0.00328065,-0.00196230,0.00512706,OOS,mid
2023-09-26,-0.01399855,-0.00837390,-0.01996581,OOS,mid
2023-09-27,0.00120792,0.00074029,0.00636292,OOS,mid
2023-09-28,0.00199147,0.00121675,0.00526350,OOS,mid
2023-09-29,0.00523593,0.00318429,-0.00307449,OOS,mid
2023-10-02,-0.01221301,-0.00743992,-0.01729143,OOS,mid
2023-10-03,-0.01472626,-0.00917277,-0.01672846,OOS,mid
2023-10-04,0.00817974,0.00523996,0.00935348,OOS,mid
2023-10-05,-0.00313167,-0.00203498,-0.00296210,OOS,mid
2023-10-06,0.01118700,0.00740083,0.02367124,OOS,mid
2023-10-09,0.00104463,0.00070117,0.00054569,OOS,mid
2023-10-10,0.01426794,0.00958498,0.01543113,OOS,mid
2023-10-11,0.00178873,0.00150379,0.00937304,OOS,mid
2023-10-12,-0.00077211,-0.00054500,-0.01269477,OOS,mid
2023-10-13,-0.00266287,-0.00187920,-0.01068667,OOS,mid
2023-10-16,0.00391653,0.00276462,0.01658594,OOS,mid
2023-10-17,0.00033397,0.00023692,0.00646776,OOS,mid
2023-10-18,-0.01022455,-0.00725475,-0.02758485,OOS,mid
2023-10-19,-0.00571856,-0.00412628,-0.01710673,OOS,mid
2023-10-20,-0.00352412,-0.00255268,-0.01661823,OOS,mid
2023-10-23,0.00270973,0.00196407,0.00185092,OOS,mid
2023-10-24,0.00280848,0.00204185,0.02071058,OOS,mid
2023-10-25,-0.00391878,-0.00274695,-0.01298554,OOS,mid
2023-10-26,0.00673259,0.00491572,0.00171876,OOS,mid
2023-10-27,0.00485790,0.00359300,-0.00720874,OOS,mid
2023-10-30,0.00213099,0.00167090,0.00369229,OOS,mid
2023-10-31,0.00466866,0.00348527,0.01490081,OOS,mid
2023-11-01,-0.00588849,-0.00442348,0.00805137,OOS,mid
2023-11-02,0.00914686,0.00690451,0.02645093,OOS,mid
2023-11-03,0.00559667,0.00426103,0.01428203,OOS,mid
2023-11-06,-0.00486575,-0.00364100,-0.00908660,OOS,mid
2023-11-07,0.00410901,0.00316317,-0.00506507,OOS,mid
2023-11-08,0.00199481,0.00162769,-0.00519538,OOS,mid
2023-11-09,-0.00515951,-0.00392300,-0.01499502,OOS,mid
2023-11-10,0.00576370,0.00433477,0.00622377,OOS,mid
2023-11-13,-0.00261616,-0.00198341,-0.00452728,OOS,mid
2023-11-14,0.01698787,0.01287931,0.04055065,OOS,mid
2023-11-15,0.00020532,0.00016468,0.00330757,OOS,low
2023-11-16,-0.00156310,-0.00125335,-0.00866967,OOS,mid
2023-11-17,0.00054717,0.00043804,0.00447837,OOS,mid
2023-11-20,0.00367782,0.00291114,0.00840282,OOS,low
2023-11-21,0.00465277,0.00368200,-0.00615947,OOS,mid
2023-11-22,0.00189018,0.00156116,0.00769192,OOS,low
2023-11-24,0.00000000,0.00000000,0.00640399,OOS,low
2023-11-27,-0.00107136,-0.00072731,-0.00119115,OOS,low
2023-11-28,-0.00130582,-0.00100801,-0.00071341,OOS,low
2023-11-29,0.00094360,0.00071648,0.00227886,OOS,low
2023-11-30,0.00683677,0.00519228,0.00433831,OOS,low
2023-12-01,0.00722885,0.00554320,0.02035246,OOS,low
2023-12-04,-0.00036161,-0.00015518,0.00187007,OOS,low
2023-12-05,0.00047830,0.00036886,-0.00795282,OOS,low
2023-12-06,-0.00606774,-0.00442348,-0.00359274,OOS,low
2023-12-07,0.00000000,0.00000000,0.00143512,OOS,low
2023-12-08,0.00000000,0.00000000,0.01766881,OOS,low
2023-12-11,0.00000000,0.00000000,-0.00391990,OOS,low
2023-12-12,0.00000000,0.00000000,-0.00046773,OOS,low
2023-12-13,0.00000000,0.00000000,0.02741588,OOS,low
2023-12-14,0.00000000,0.00000000,0.01627716,OOS,low
2023-12-15,0.00000000,0.00000000,-0.00291702,OOS,low
2023-12-18,0.00000000,0.00000000,0.00486403,OOS,low
2023-12-19,0.00000000,0.00000000,0.01447833,OOS,low
2023-12-20,0.00000000,0.00000000,-0.01859407,OOS,low
2023-12-21,0.00000000,0.00000000,0.01677470,OOS,low
2023-12-22,-0.00027434,0.00000000,0.00360727,OOS,low
2023-12-26,0.00151712,0.00091870,0.01302916,OOS,low
2023-12-27,0.00084130,0.00048974,0.00947861,OOS,low
2023-12-28,0.00281786,0.00153485,0.00176717,OOS,low
2023-12-29,-0.00622433,-0.00334587,-0.01429449,OOS,low
2024-01-03,0.00000000,0.00000000,-0.01730423,OOS,low
2024-01-04,0.00000000,0.00000000,0.00042099,OOS,low
2024-01-05,0.00000000,0.00000000,-0.00275481,OOS,low
2024-01-08,0.00000000,0.00000000,0.02089450,OOS,low
2024-01-09,0.00000000,0.00000000,-0.00164824,OOS,low
2024-01-10,0.00000000,0.00000000,0.00220737,OOS,low
2024-01-11,0.00000000,0.00000000,-0.00993848,OOS,low
2024-01-12,0.00000000,0.00000000,-0.00211740,OOS,low
2024-01-16,0.00000000,0.00000000,-0.01760355,OOS,mid
2024-01-17,0.00000000,0.00000000,-0.01394607,OOS,mid
2024-01-18,0.00000000,0.00000000,-0.00107017,OOS,mid
2024-01-19,0.00000000,0.00000000,0.01850236,OOS,low
2024-01-22,0.00000000,0.00000000,0.00861494,OOS,low
2024-01-23,0.00000000,0.00000000,0.00385520,OOS,low
2024-01-24,0.00000000,0.00000000,-0.00946467,OOS,low
2024-01-25,0.00000000,0.00000000,0.01384339,OOS,low
2024-01-26,0.00000000,0.00000000,0.00571620,OOS,low
2024-01-29,0.00000000,0.00000000,0.01896893,OOS,low
2024-01-30,0.00000000,0.00000000,-0.00187430,OOS,low
2024-01-31,0.00000000,0.00000000,-0.01489851,OOS,low
2024-02-01,-0.00012500,0.00000000,0.02319355,OOS,low
2024-02-02,0.00475264,0.00237632,0.00429971,OOS,low
2024-02-05,-0.00091321,-0.00039410,-0.01478229,OOS,low
2024-02-06,-0.00487254,-0.00243627,0.00791622,OOS,low
2024-02-07,0.00876560,0.00438280,0.00901471,OOS,low
2024-02-08,0.00828559,0.00414280,0.01671243,OOS,low
2024-02-09,0.00480834,0.00240417,0.01570046,OOS,low
2024-02-12,-0.00360318,-0.00180159,0.01591916,OOS,low
2024-02-13,-0.00346676,-0.00173338,-0.02690225,OOS,low
2024-02-14,0.00079073,0.00039536,0.02157534,OOS,low
2024-02-15,0.00109817,0.00054908,0.01238742,OOS,low
2024-02-16,-0.00141973,-0.00070986,-0.01420737,OOS,low
2024-02-20,-0.00685982,-0.00342991,-0.01360156,OOS,low
2024-02-21,0.00236644,0.00118322,-0.00627889,OOS,low
2024-02-22,0.00503771,0.00251886,0.02386232,OOS,low
2024-02-23,0.00044155,0.00022078,0.00005034,OOS,low
2024-02-26,-0.00333776,-0.00166888,0.01084901,OOS,low
2024-02-27,0.00385798,0.00192899,0.01674578,OOS,low
2024-02-28,0.00401217,0.00200609,0.00883064,OOS,low
2024-02-29,-0.00162256,-0.00081128,0.01241243,OOS,low
2024-03-01,0.00266525,0.00136387,0.01941909,OOS,low
2024-03-04,-0.00710646,-0.00355323,0.01397751,OOS,low
2024-03-05,-0.00778533,-0.00376766,-0.00964417,OOS,low
2024-03-06,0.00000000,0.00000000,0.01985034,OOS,low
2024-03-07,0.00000000,0.00000000,0.01019644,OOS,low
2024-03-08,0.00000000,0.00000000,0.00024016,OOS,low
2024-03-11,0.00000000,0.00000000,-0.01983615,OOS,low
2024-03-12,0.00000000,0.00000000,0.01054297,OOS,low
2024-03-13,0.00000000,0.00000000,-0.00087838,OOS,low
2024-03-14,0.00000000,0.00000000,-0.01300009,OOS,low
2024-03-15,-0.00025000,0.00000000,0.00520392,OOS,low
2024-03-18,-0.00081896,-0.00040948,0.00863615,OOS,low
2024-03-19,0.00341422,0.00170711,-0.00525072,OOS,low
2024-03-20,0.00690354,0.00345177,0.01530818,OOS,low
2024-03-21,-0.00284160,-0.00142080,0.01232259,OOS,low
2024-03-22,-0.00186968,-0.00093484,-0.00458128,OOS,low
2024-03-25,-0.00549719,-0.00274860,0.00632145,OOS,low
2024-03-26,0.00009322,0.00004661,-0.00819371,OOS,low
2024-03-27,0.01124431,0.00562215,0.02442216,OOS,low
2024-03-28,-0.00253665,-0.00126833,0.00147531,OOS,low
2024-04-01,-0.00894471,-0.00447235,-0.00084268,OOS,low
2024-04-02,-0.00451997,-0.00225998,-0.00972871,OOS,low
2024-04-03,0.00088713,0.00044357,0.00944401,OOS,low
2024-04-04,-0.00439401,-0.00219700,-0.01586498,OOS,low
2024-04-05,0.00375806,0.00187903,0.00892317,OOS,low
2024-04-08,0.00084995,0.00042497,0.00430716,OOS,low
2024-04-09,0.00604743,0.00302371,-0.00802418,OOS,low
2024-04-10,-0.00694235,-0.00347117,-0.01437699,OOS,low
2024-04-11,0.01654351,0.00827176,0.00711522,OOS,low
2024-04-12,-0.00104932,-0.00052466,-0.01419526,OOS,low
2024-04-15,-0.00476796,-0.00225898,-0.02151548,OOS,mid
2024-04-16,0.00000000,0.00000000,-0.00609753,OOS,mid
2024-04-17,0.00000000,0.00000000,-0.00506548,OOS,mid
2024-04-18,0.00000000,0.00000000,-0.00020486,OOS,mid
2024-04-19,0.00000000,0.00000000,-0.00920898,OOS,mid
2024-04-22,0.00000000,0.00000000,0.01739622,OOS,mid
2024-04-23,0.00000000,0.00000000,0.02317478,OOS,low
2024-04-24,0.00000000,0.00000000,-0.00009497,OOS,low
2024-04-25,0.00000000,0.00000000,0.00316315,OOS,low
2024-04-26,-0.00030000,0.00000000,0.01077869,OOS,low
2024-04-29,0.00640153,0.00327577,0.00597439,OOS,low
2024-04-30,-0.00895617,-0.00447809,-0.02295896,OOS,low
2024-05-01,0.00067770,0.00040552,-0.00437317,OOS,low
2024-05-02,0.00601279,0.00305848,0.01544535,OOS,low
2024-05-03,0.01588220,0.00797443,0.02517978,OOS,low
2024-05-06,0.00368785,0.00187170,0.01915303,OOS,low
2024-05-07,0.00480751,0.00242756,-0.00528628,OOS,low
2024-05-08,0.00041359,0.00023283,0.00616714,OOS,low
2024-05-09,0.00959031,0.00481830,0.01962692,OOS,low
2024-05-10,-0.00296185,-0.00145870,-0.01115253,OOS,low
2024-05-13,-0.00128421,-0.00062190,0.00394225,OOS,low
2024-05-14,0.00164395,0.00082198,0.01365319,OOS,low
2024-05-15,0.01592262,0.00796131,0.02235191,OOS,low
2024-05-16,-0.00133448,-0.00066724,-0.01388584,OOS,low
2024-05-17,0.00248618,0.00124309,-0.00141513,OOS,low
2024-05-20,0.00028150,0.00014075,0.01011074,OOS,low
2024-05-21,0.01649183,0.00824591,0.00407523,OOS,low
2024-05-22,0.01713186,0.00856593,0.00054450,OOS,low
2024-05-23,-0.00848271,-0.00424135,-0.00907265,OOS,low
2024-05-24,0.02176242,0.01091194,0.03230765,OOS,low
2024-05-28,-0.00361605,-0.00189428,0.00575058,OOS,low
2024-05-29,-0.00150604,-0.00079864,-0.00998682,OOS,low
2024-05-30,0.00687388,0.00364295,0.00530456,OOS,low
2024-05-31,-0.00347791,-0.00178070,-0.00268390,OOS,low
2024-06-03,-0.00276291,-0.00139561,-0.01227295,OOS,low
2024-06-04,-0.00516454,-0.00267943,0.00083417,OOS,low
2024-06-05,0.01600124,0.00845462,0.02315496,OOS,low
2024-06-06,-0.01031464,-0.00563452,-0.00648405,OOS,low
2024-06-07,-0.00490397,-0.00269945,-0.00520714,OOS,low
2024-06-10,0.01074376,0.00615607,0.01489880,OOS,low
2024-06-11,0.01667597,0.00970743,0.00511936,OOS,low
2024-06-12,0.01314971,0.00796568,0.01856219,OOS,low
2024-06-13,0.00118684,0.00073699,0.00903410,OOS,low
2024-06-14,-0.01056800,-0.00656218,-0.00958675,OOS,low
2024-06-17,-0.00592393,-0.00378339,0.00521758,OOS,low
2024-06-18,0.00710536,0.00457746,0.00952220,OOS,low
2024-06-20,-0.00690377,-0.00446742,-0.00399295,OOS,low
2024-06-21,-0.00560705,-0.00365734,-0.01026019,OOS,low
2024-06-24,-0.00304926,-0.00200931,-0.00046365,OOS,low
2024-06-25,0.00343908,0.00230586,0.00605755,OOS,low
2024-06-26,-0.00832371,-0.00544132,-0.00610911,OOS,low
2024-06-27,-0.00016709,-0.00010984,0.00174574,OOS,low
2024-06-28,-0.01881664,-0.01222803,-0.00995961,OOS,low
2024-07-01,-0.00102652,-0.00072639,-0.00121275,OOS,low
2024-07-02,-0.00478607,-0.00324739,0.00193918,OOS,low
2024-07-03,0.02057356,0.01461174,0.01854903,OOS,low
2024-07-05,-0.00890976,-0.00681368,0.00119202,OOS,low
2024-07-08,0.00873468,0.00680606,0.00775321,OOS,low
2024-07-09,0.00169367,0.00159857,-0.00939248,OOS,low
2024-07-10,0.00000000,0.00000000,0.01625898,OOS,low
2024-07-11,0.00000000,0.00000000,0.00837436,OOS,low
2024-07-12,0.00000000,0.00000000,0.02070992,OOS,low
2024-07-15,0.00000000,0.00000000,0.00422194,OOS,low
2024-07-16,0.00000000,0.00000000,0.01473444,OOS,low
2024-07-17,0.00000000,0.00000000,-0.03949505,OOS,low
2024-07-18,0.00000000,0.00000000,-0.01112836,OOS,mid
2024-07-19,0.00000000,0.00000000,-0.00363433,OOS,mid
2024-07-22,0.00000000,0.00000000,0.01591237,OOS,low
2024-07-23,0.00000000,0.00000000,0.00209831,OOS,low
2024-07-24,0.00000000,0.00000000,-0.03954961,OOS,mid
2024-07-25,0.00000000,0.00000000,-0.01685475,OOS,mid
2024-07-26,0.00000000,0.00000000,0.02300937,OOS,mid
2024-07-29,0.00000000,0.00000000,-0.01090338,OOS,mid
2024-07-30,0.00000000,0.00000000,-0.01287151,OOS,mid
2024-07-31,0.00000000,0.00000000,0.04051656,OOS,mid
2024-08-01,0.00000000,0.00000000,-0.02198962,OOS,mid
2024-08-02,-0.00036530,0.00000000,-0.03419653,OOS,mid
2024-08-05,-0.01081155,-0.00787276,-0.02726753,OOS,mid
2024-08-06,0.01857067,0.01413264,0.01642993,OOS,mid
2024-08-07,-0.00804236,-0.00648011,-0.01048932,OOS,mid
2024-08-08,0.01537812,0.01266200,0.03120818,OOS,mid
2024-08-09,0.00272837,0.00232711,-0.00078159,OOS,mid
2024-08-12,0.00745878,0.00636633,-0.00128483,OOS,mid
2024-08-13,0.01778639,0.01509160,0.01700739,OOS,mid
2024-08-14,0.00063377,0.00056822,0.00222679,OOS,mid
2024-08-15,0.00763796,0.00684820,0.02021452,OOS,mid
2024-08-16,-0.00179753,-0.00162541,0.00139652,OOS,mid
2024-08-19,0.00603040,0.00538939,0.01163317,OOS,mid
2024-08-20,-0.00761991,-0.00674062,-0.00833111,OOS,mid
2024-08-21,0.00499464,0.00445581,0.01032731,OOS,mid
2024-08-22,-0.00779721,-0.00679193,-0.01398528,OOS,mid
2024-08-23,0.01673655,0.01477640,0.02378736,OOS,low
2024-08-26,-0.00325233,-0.00301715,-0.00881105,OOS,mid
2024-08-27,0.00183629,0.00170664,-0.00325624,OOS,mid
2024-08-28,-0.00944603,-0.00876586,-0.01921841,OOS,mid
2024-08-29,-0.00386726,-0.00366377,0.00533039,OOS,mid
2024-08-30,0.00840293,0.00806514,0.01099201,OOS,mid
2024-09-03,-0.02761145,-0.02601703,-0.04411536,OOS,mid
2024-09-04,-0.00176599,-0.00191941,0.00430842,OOS,mid
2024-09-05,-0.00108804,-0.00118158,0.00708506,OOS,mid
2024-09-06,-0.00348587,-0.00347282,-0.02088412,OOS,mid
2024-09-09,0.00473278,0.00504162,0.02792788,OOS,mid
2024-09-10,0.00483198,0.00511106,0.01734161,OOS,mid
2024-09-11,0.00873975,0.00943412,0.02485680,OOS,low
2024-09-12,0.00717959,0.00768218,0.00949768,OOS,low
2024-09-13,0.00088044,0.00094808,0.01705526,OOS,low
2024-09-16,0.00452727,0.00486048,0.00085323,OOS,low
2024-09-17,0.00334486,0.00358681,0.00282768,OOS,low
2024-09-18,0.00104499,0.00111845,-0.00135709,OOS,low
2024-09-19,0.00945460,0.01010512,0.02082386,OOS,low
2024-09-20,0.00478278,0.00518977,0.02279748,OOS,low
2024-09-23,0.00446990,0.00482926,0.01339095,OOS,low
2024-09-24,-0.00222983,-0.00241429,0.00868394,OOS,low
2024-09-25,0.00512320,0.00537451,0.00691111,OOS,low
2024-09-26,0.00494750,0.00520133,0.00415841,OOS,low
2024-09-27,0.00084732,0.00088901,0.00364378,OOS,low
2024-09-30,-0.00046801,-0.00047465,-0.00334239,OOS,low
2024-10-01,-0.00770047,-0.00770664,-0.00816992,OOS,low
2024-10-02,-0.00004494,-0.00004547,0.01085328,OOS,low
2024-10-03,0.00273905,0.00277203,0.00111274,OOS,low
2024-10-04,0.00735814,0.00758346,0.01536744,OOS,low
2024-10-07,-0.00234541,-0.00239147,-0.00643231,OOS,low
2024-10-08,-0.00000685,-0.00000700,0.00108492,OOS,low
2024-10-09,0.00229374,0.00261538,-0.00292346,OOS,low
2024-10-10,-0.00026501,0.00000000,-0.00938545,OOS,low
2024-10-11,0.00997164,0.01019242,0.01859010,OOS,low
2024-10-14,-0.00021689,-0.00022497,0.01374980,OOS,low
2024-10-15,-0.00674252,-0.00699485,-0.00236208,OOS,low
2024-10-16,0.00446588,0.00469553,0.04195540,OOS,low
2024-10-17,-0.00503451,-0.00530177,-0.00516136,OOS,low
2024-10-18,-0.00084306,-0.00089510,0.01117741,OOS,low
2024-10-21,-0.00312551,-0.00332050,0.01057916,OOS,low
2024-10-22,-0.00087163,-0.00092947,-0.00571303,OOS,low
2024-10-23,-0.00663184,-0.00707627,-0.01255655,OOS,low
2024-10-24,0.00590243,0.00637648,0.00342580,OOS,low
2024-10-25,0.00233832,0.00253727,-0.00171654,OOS,low
2024-10-28,0.00931085,0.01010243,0.02280320,OOS,low
2024-10-29,-0.00089684,-0.00098551,-0.00269712,OOS,low
2024-10-30,-0.00149362,-0.00161672,-0.01700522,OOS,low
2024-10-31,-0.00350369,-0.00354368,-0.01551864,OOS,low
2024-11-01,0.00452690,0.00473417,-0.00520517,OOS,low
2024-11-04,0.00706784,0.00732471,-0.00868669,OOS,low
2024-11-05,0.01498060,0.01542227,0.02764119,OOS,low
2024-11-06,-0.00215847,-0.00229614,0.02616681,OOS,low
2024-11-07,0.00879597,0.00913963,0.02273470,OOS,low
2024-11-08,0.00318120,0.00331112,0.01311470,OOS,low
2024-11-11,-0.00190985,-0.00197766,-0.00083425,OOS,low
2024-11-12,-0.00686319,-0.00710996,-0.01508050,OOS,low
2024-11-13,-0.00030998,-0.00032437,-0.00997798,OOS,low
2024-11-14,-0.00386403,-0.00399638,-0.01191882,OOS,low
2024-11-15,-0.01339793,-0.01389893,-0.00978159,OOS,low
2024-11-18,0.01056292,0.01129798,0.02026185,OOS,low
2024-11-19,0.02223363,0.02341023,0.02673496,OOS,low
2024-11-20,-0.00300190,-0.00343599,-0.00743323,OOS,low
2024-11-21,0.01072147,0.01231555,0.02353831,OOS,low
2024-11-22,0.00665334,0.00766021,0.01182263,OOS,low
2024-11-25,0.00983201,0.01133201,0.00340817,OOS,low
2024-11-26,0.00295181,0.00343031,-0.00158234,OOS,low
2024-11-27,-0.00464380,-0.00468035,-0.00129383,OOS,low
2024-11-29,0.00918515,0.00946249,0.01144443,OOS,low
2024-12-02,-0.00153768,-0.00157090,-0.00777366,OOS,low
2024-12-03,-0.01245428,-0.01237359,-0.00696283,OOS,low
2024-12-04,0.00000000,0.00000000,0.01661627,OOS,low
2024-12-05,0.00000000,0.00000000,-0.00036952,OOS,low
2024-12-06,0.00000000,0.00000000,0.00505846,OOS,low
2024-12-09,0.00000000,0.00000000,-0.02485465,OOS,low
2024-12-10,0.00000000,0.00000000,-0.02129198,OOS,low
2024-12-11,0.00000000,0.00000000,0.01229084,OOS,low
2024-12-12,0.00000000,0.00000000,-0.00531545,OOS,low
2024-12-13,0.00000000,0.00000000,0.00084215,OOS,low
2024-12-16,0.00000000,0.00000000,0.01363469,OOS,low
2024-12-17,0.00000000,0.00000000,-0.01307905,OOS,low
2024-12-18,0.00000000,0.00000000,-0.04437535,OOS,mid
2024-12-19,0.00000000,0.00000000,-0.00395959,OOS,mid
2024-12-20,-0.00024502,0.00000000,0.01422224,OOS,mid
2024-12-23,-0.00228763,-0.00232778,-0.00008559,OOS,mid
2024-12-24,0.00449551,0.00458566,0.01622834,OOS,mid
2024-12-26,0.00662236,0.00676717,0.00103693,OOS,mid
2024-12-27,-0.01087169,-0.01099132,-0.01914193,OOS,mid
2024-12-30,-0.00522986,-0.00544890,-0.01202508,OOS,mid
2024-12-31,-0.00393078,-0.00412856,-0.00718797,OOS,mid
2025-01-03,0.00000000,0.00000000,0.04328171,OOS,low
2025-01-06,0.00000000,0.00000000,0.01849869,OOS,low
2025-01-07,0.00000000,0.00000000,-0.02057413,OOS,low
2025-01-08,0.00000000,0.00000000,-0.01330591,OOS,mid
2025-01-10,0.00000000,0.00000000,-0.01182125,OOS,mid
2025-01-13,0.00000000,0.00000000,-0.01522704,OOS,mid
2025-01-14,0.00000000,0.00000000,0.01722055,OOS,mid
2025-01-15,0.00000000,0.00000000,0.02562544,OOS,low
2025-01-16,0.00000000,0.00000000,0.01264466,OOS,low
2025-01-17,0.00000000,0.00000000,0.01146610,OOS,low
2025-01-21,0.00000000,0.00000000,0.02775391,OOS,low
2025-01-22,0.00000000,0.00000000,0.00529800,OOS,low
2025-01-23,0.00000000,0.00000000,0.00528004,OOS,low
2025-01-24,0.00000000,0.00000000,-0.00427489,OOS,low
2025-01-27,0.00000000,0.00000000,-0.10737725,OOS,mid
2025-01-28,0.00000000,0.00000000,0.00952380,OOS,mid
2025-01-29,0.00000000,0.00000000,0.00545416,OOS,mid
2025-01-30,-0.00008681,0.00000000,0.03068612,OOS,mid
2025-01-31,0.00002941,0.00002811,-0.00312274,OOS,mid
2025-02-03,-0.00091646,-0.00083119,-0.00471486,OOS,mid
2025-02-04,0.00216654,0.00204470,0.00285004,OOS,mid
2025-02-05,0.00007585,0.00006780,0.01959005,OOS,mid
2025-02-06,0.00087314,0.00077898,0.00997190,OOS,low
2025-02-07,-0.00367472,-0.00321386,0.00577542,OOS,low
2025-02-10,0.00068683,0.00060128,0.01530182,OOS,low
2025-02-11,0.00121946,0.00110776,-0.01698746,OOS,low
2025-02-12,0.00140024,0.00120529,-0.00609104,OOS,low
2025-02-13,0.00193132,0.00166240,0.00188760,OOS,low
2025-02-14,0.00041574,0.00035591,-0.00081848,OOS,low
2025-02-18,0.00156903,0.00125875,0.00829615,OOS,low
2025-02-19,0.00078239,0.00060438,-0.00254813,OOS,low
2025-02-20,0.00197455,0.00120959,-0.01053763,OOS,mid
2025-02-21,-0.00371995,-0.00226205,-0.03313732,OOS,mid
2025-02-24,-0.00058261,-0.00032481,-0.02836822,OOS,mid
2025-02-25,-0.00264394,-0.00141491,-0.01275499,OOS,mid
2025-02-26,-0.00398190,-0.00195970,0.02335120,OOS,mid
2025-02-27,-0.00535498,-0.00267749,-0.03437483,OOS,mid
2025-02-28,0.00613073,0.00308620,0.01668201,OOS,mid
2025-03-03,-0.00932132,-0.00466066,-0.03939265,OOS,high
2025-03-04,-0.00894246,-0.00444345,-0.00239160,OOS,high
2025-03-05,0.00520242,0.00260121,0.01471170,OOS,mid
2025-03-06,-0.00211573,-0.00105787,-0.04996140,OOS,high
2025-03-07,0.00831428,0.00415714,0.01278610,OOS,high
2025-03-10,-0.01769777,-0.00884889,-0.03846168,OOS,high
2025-03-11,-0.01212407,-0.00606204,0.01869979,OOS,high
2025-03-12,-0.00748355,-0.00367928,0.01718385,OOS,high
2025-03-13,-0.00758499,-0.00369875,-0.01796667,OOS,high
2025-03-14,0.01207159,0.00603580,0.03755706,OOS,high
2025-03-17,0.00166190,0.00083095,0.01146124,OOS,high
2025-03-18,-0.00896049,-0.00448025,-0.02299505,OOS,high
2025-03-19,0.00940891,0.00470446,0.02450143,OOS,high
2025-03-20,-0.00603569,-0.00301785,-0.00144978,OOS,high
2025-03-21,0.00628205,0.00314103,-0.00492187,OOS,high
2025-03-24,0.01140866,0.00570433,0.03026837,OOS,mid
2025-03-25,0.00590206,0.00301427,-0.01513161,OOS,mid
2025-03-26,-0.01172130,-0.00586034,-0.03596227,OOS,high
2025-03-27,-0.00864820,-0.00432410,-0.01819778,OOS,high
2025-03-28,-0.01962950,-0.00981475,-0.01654496,OOS,high
2025-03-31,0.00211328,0.00105664,-0.00488751,OOS,high
2025-04-01,0.00316884,0.00158442,0.02447126,OOS,high
2025-04-02,0.00812864,0.00406432,0.01947927,OOS,high
2025-04-03,-0.07017598,-0.03508799,-0.06376213,OOS,high
2025-04-04,-0.02528293,-0.02167482,-0.06298126,OOS,high
2025-04-07,0.00250999,0.00239647,0.01782454,OOS,high
2025-04-08,-0.00986506,-0.00944481,-0.02230808,OOS,high
2025-04-09,0.05753615,0.05588215,0.11222887,OOS,high
2025-04-10,-0.01350884,-0.02030118,-0.04508145,OOS,high
2025-04-11,0.00000000,0.00000000,0.02302420,OOS,high
2025-04-14,0.00000000,0.00000000,0.00754651,OOS,high
2025-04-15,0.00000000,0.00000000,-0.00869940,OOS,high
2025-04-16,0.00000000,0.00000000,-0.01263535,OOS,high
2025-04-17,0.00000000,0.00000000,0.00273658,OOS,high
2025-04-21,0.00000000,0.00000000,-0.03876510,OOS,high
2025-04-22,0.00000000,0.00000000,0.04109089,OOS,high
2025-04-23,0.00000000,0.00000000,0.02638412,OOS,high
2025-04-24,-0.00007962,0.00000000,0.03333728,OOS,high
2025-04-25,0.00099032,0.00165483,0.01277144,OOS,high
2025-04-28,0.00037123,0.00058310,0.00828113,OOS,high
2025-04-29,0.00026328,0.00041358,0.00187916,OOS,high
2025-04-30,-0.00045131,-0.00062568,-0.01088762,OOS,high
2025-05-01,0.00298330,0.00473883,0.03191202,OOS,mid
2025-05-02,0.00197507,0.00315026,0.02159280,OOS,mid
2025-05-05,-0.00280701,-0.00438856,-0.00610811,OOS,mid
2025-05-06,-0.00060402,-0.00092295,0.00633206,OOS,mid
2025-05-07,0.00192912,0.00306730,0.00220106,OOS,mid
2025-05-08,0.00249264,0.00395692,0.01246804,OOS,mid
2025-05-09,0.00196149,0.00312113,0.00024126,OOS,mid
2025-05-12,0.01243792,0.01969950,0.03523260,OOS,mid
2025-05-13,0.01212038,0.01983122,0.02689639,OOS,mid
2025-05-14,0.00007268,0.00012247,0.00890989,OOS,low
2025-05-15,-0.00123258,-0.00207659,-0.00198599,OOS,low
2025-05-16,-0.00000309,0.00001403,0.02510340,OOS,low
2025-05-19,-0.00279838,-0.00471528,0.00105856,OOS,low
2025-05-20,0.00068270,0.00115175,-0.00166151,OOS,low
2025-05-21,-0.00458537,-0.00773671,-0.01162722,OOS,low
2025-05-22,-0.00255482,-0.00431874,0.00196935,OOS,low
2025-05-23,-0.00080111,-0.00132397,0.01374175,OOS,low
2025-05-27,0.00366800,0.00621839,0.03044102,OOS,low
2025-05-28,0.00202728,0.00344453,-0.00557636,OOS,low
2025-05-29,0.00080723,0.00140922,-0.00203110,OOS,low
2025-05-30,-0.00094151,-0.00157930,-0.00262329,OOS,low
2025-06-02,-0.00198315,-0.00332392,0.01302204,OOS,low
2025-06-03,0.00731166,0.01242379,0.02216185,OOS,low
2025-06-04,0.00027814,0.00049738,0.01269092,OOS,low
2025-06-05,-0.00213411,-0.00358945,-0.01057580,OOS,low
2025-06-06,0.00267978,0.00457973,0.02132799,OOS,low
2025-06-09,0.00389042,0.00664163,0.00456662,OOS,low
2025-06-10,0.00285554,0.00489816,-0.00438587,OOS,low
2025-06-11,0.00339365,0.00581564,0.01365765,OOS,low
2025-06-12,-0.00164208,-0.00279924,0.00503627,OOS,low
2025-06-13,-0.00582011,-0.00991107,-0.01297909,OOS,low
2025-06-16,0.00387533,0.00669333,0.01990430,OOS,low
2025-06-17,-0.00919504,-0.01579086,-0.01308932,OOS,low
2025-06-18,0.00614840,0.01074967,0.00634914,OOS,low
2025-06-20,-0.00136093,-0.00239240,-0.00298470,OOS,low
2025-06-23,0.00077217,0.00135742,0.00191407,OOS,low
2025-06-24,0.00769846,0.01356075,0.02743735,OOS,low
2025-06-25,-0.00468464,-0.00829432,-0.01452508,OOS,low
2025-06-26,0.00810585,0.01432313,0.02096128,OOS,low
2025-06-27,-0.00212737,-0.00372149,0.00457346,OOS,low
2025-06-30,0.01582536,0.02834396,0.01551166,OOS,low
2025-07-01,-0.00306567,-0.00562411,-0.01502457,OOS,low
2025-07-02,0.00068114,0.00117517,0.01101613,OOS,low
2025-07-03,0.00429888,0.00711947,0.01555162,OOS,low
2025-07-07,0.00000000,0.00000000,-0.01286524,OOS,low
2025-07-08,0.00000000,0.00000000,-0.00874605,OOS,low
2025-07-09,0.00000000,0.00000000,0.01314016,OOS,low
2025-07-10,0.00000000,0.00000000,0.00099658,OOS,low
2025-07-11,0.00000000,0.00000000,-0.00345986,OOS,low
2025-07-14,0.00000000,0.00000000,0.01137924,OOS,low
2025-07-15,0.00000000,0.00000000,0.00112299,OOS,low
2025-07-16,0.00000000,0.00000000,0.00873297,OOS,low
2025-07-17,0.00000000,0.00000000,0.01214322,OOS,low
2025-07-18,0.00000000,0.00000000,0.01341125,OOS,low
2025-07-21,0.00000000,0.00000000,-0.00941293,OOS,low
2025-07-22,0.00000000,0.00000000,0.00242811,OOS,low
2025-07-23,0.00000000,0.00000000,0.01721397,OOS,low
2025-07-24,0.00000000,0.00000000,0.00599447,OOS,low
2025-07-25,0.00000000,0.00000000,0.01418924,OOS,low
2025-07-28,0.00000000,0.00000000,-0.00269121,OOS,low
2025-07-29,0.00000000,0.00000000,-0.00555908,OOS,low
2025-07-30,0.00000000,0.00000000,0.00396728,OOS,low
2025-07-31,-0.00022309,0.00000000,0.00438176,OOS,low
2025-08-01,-0.00450001,-0.00491519,-0.02197247,OOS,low
2025-08-04,0.00836622,0.00952022,0.02121477,OOS,low
2025-08-05,0.00218659,0.00248907,0.00833150,OOS,low
2025-08-06,-0.00336052,-0.00382452,-0.00552641,OOS,low
2025-08-07,0.00322968,0.00348939,0.00350655,OOS,low
2025-08-08,-0.00010587,-0.00004457,-0.00291223,OOS,low
2025-08-11,0.00232765,0.00235432,-0.00561705,OOS,low
2025-08-12,0.00435297,0.00439585,0.01775932,OOS,low
2025-08-13,0.00135973,0.00137588,-0.00842282,OOS,low
2025-08-14,-0.00198117,-0.00199042,-0.00089389,OOS,low
2025-08-15,-0.00238405,-0.00240023,-0.00464126,OOS,low
2025-08-18,-0.00113406,-0.00112579,0.00687839,OOS,low
2025-08-19,-0.00651559,-0.00643250,-0.01766781,OOS,low
2025-08-20,-0.00411839,-0.00411154,-0.00247271,OOS,low
2025-08-21,-0.00442707,-0.00442142,-0.00493508,OOS,low
2025-08-22,0.01361094,0.01366003,0.01780160,OOS,low
2025-08-25,-0.00247695,-0.00256720,-0.00450565,OOS,low
2025-08-26,0.00115947,0.00120317,0.01292778,OOS,low
2025-08-27,-0.00122973,-0.00127100,-0.00105131,OOS,low
2025-08-28,0.00218683,0.00226748,0.00978943,OOS,low
2025-08-29,-0.01267012,-0.01269523,-0.01841110,OOS,low
2025-09-02,-0.00511116,-0.00520447,-0.01016463,OOS,low
2025-09-03,-0.00123817,-0.00129668,-0.00313126,OOS,low
2025-09-04,0.00015694,0.00016333,0.00273274,OOS,low
2025-09-05,0.00136207,0.00141234,-0.00163714,OOS,low
2025-09-08,-0.00210243,-0.00191822,-0.00079385,OOS,low
2025-09-09,0.00000000,0.00000000,0.01852668,OOS,low
2025-09-10,-0.00024793,0.00000000,0.03622696,OOS,low
2025-09-11,0.00445112,0.00457879,0.00881525,OOS,low
2025-09-12,0.00121157,0.00114571,0.00342361,OOS,low
2025-09-15,0.00549812,0.00507494,0.01741375,OOS,low
2025-09-16,0.00396414,0.00366777,-0.00435665,OOS,low
2025-09-17,0.02104913,0.01951381,0.00417106,OOS,low
2025-09-18,0.00968683,0.00938470,0.01568879,OOS,low
2025-09-19,0.00674115,0.00650529,0.01669059,OOS,low
2025-09-22,0.02118369,0.01976139,0.02580340,OOS,low
2025-09-23,-0.00618010,-0.00619046,-0.00790020,OOS,low
2025-09-24,-0.00144590,-0.00122324,-0.00830243,OOS,low
2025-09-25,-0.00046050,-0.00038501,-0.01379521,OOS,low
2025-09-26,0.00698946,0.00584663,0.00408753,OOS,low
2025-09-29,-0.00308164,-0.00256677,0.00887696,OOS,low
2025-09-30,0.00740212,0.00618519,0.00749827,OOS,low
2025-10-01,0.02876505,0.02422994,0.01857629,OOS,low
2025-10-02,-0.00027209,-0.00026273,0.01092117,OOS,low
2025-10-03,0.03069012,0.02963882,0.00700619,OOS,low
2025-10-06,0.01058759,0.01189142,0.01612330,OOS,low
2025-10-07,-0.00634749,-0.00724081,-0.00577528,OOS,low
2025-10-08,0.00643902,0.00756604,0.02166326,OOS,low
2025-10-09,-0.00251960,-0.00267339,0.00198519,OOS,low
2025-10-10,-0.00021478,0.00000000,-0.02490086,OOS,low
2025-10-13,0.01699111,0.01978022,0.03912230,OOS,low
2025-10-14,0.00332679,0.00405195,0.00250555,OOS,low
2025-10-15,0.00071769,0.00087378,0.01912222,OOS,low
2025-10-16,-0.01056124,-0.01285193,-0.01468608,OOS,low
2025-10-17,-0.00348913,-0.00437907,-0.01317906,OOS,low
2025-10-20,0.00425829,0.00537155,0.00901273,OOS,low
2025-10-21,-0.00686374,-0.00866438,-0.01773792,OOS,low
2025-10-22,-0.01116642,-0.01430300,-0.02910325,OOS,mid
2025-10-23,0.00127392,0.00181031,0.01952036,OOS,low
2025-10-24,0.00674741,0.00892271,0.03189042,OOS,low
2025-10-27,0.00366307,0.00486946,0.00780074,OOS,low
2025-10-28,-0.00579897,-0.00766896,-0.00454965,OOS,low
2025-10-29,-0.00087884,-0.00116777,0.00925999,OOS,low
2025-10-30,-0.00576906,-0.00760429,-0.01806699,OOS,low
2025-10-31,0.00111458,0.00154485,0.00802335,OOS,low
2025-11-03,-0.00006576,-0.00004637,0.00095108,OOS,low
2025-11-04,-0.01028140,-0.01376511,-0.02945863,OOS,low
2025-11-05,0.00775724,0.01066871,0.01648692,OOS,low
2025-11-06,-0.00924743,-0.01282416,-0.02813023,OOS,mid
2025-11-07,0.00258253,0.00373672,0.00235269,OOS,mid
2025-11-10,0.00281331,0.00401606,0.00912119,OOS,low
2025-11-11,-0.00318482,-0.00450682,-0.02192713,OOS,mid
2025-11-12,0.00229759,0.00326127,-0.00122209,OOS,mid
2025-11-13,-0.01356443,-0.01913073,-0.04443879,OOS,mid
2025-11-14,-0.00064606,-0.00094840,0.00198509,OOS,mid
2025-11-17,-0.00723947,-0.01059772,-0.01170931,OOS,mid
2025-11-18,-0.00148188,-0.00216643,-0.00052723,OOS,mid
2025-11-19,-0.00410351,-0.00599750,0.00525157,OOS,mid
2025-11-20,-0.00817547,-0.01196452,-0.03495321,OOS,mid
2025-11-21,0.00214770,0.00320301,0.00124503,OOS,mid
2025-11-24,0.00524911,0.00783123,0.03541212,OOS,mid
2025-11-25,0.00049141,0.00072332,-0.00021932,OOS,mid
2025-11-26,0.00492569,0.00722068,0.02069207,OOS,mid
2025-11-28,0.00486284,0.00719001,0.01421671,OOS,mid
2025-12-01,-0.00525245,-0.00769239,-0.02013329,OOS,mid
2025-12-02,0.00445313,0.00668821,-0.00139680,OOS,mid
2025-12-03,-0.00034827,-0.00051835,0.00922702,OOS,mid
2025-12-04,0.00331552,0.00493555,0.01760403,OOS,mid
2025-12-05,0.00123833,0.00184492,-0.00669697,OOS,mid
2025-12-08,0.00000443,0.00011077,0.00220182,OOS,mid
2025-12-09,-0.00396801,-0.00572065,0.00057835,OOS,mid
2025-12-10,0.00000000,0.00000000,0.00532439,OOS,mid
2025-12-11,0.00000000,0.00000000,0.00596855,OOS,mid
2025-12-12,0.00000000,0.00000000,-0.04096224,OOS,mid
2025-12-15,0.00000000,0.00000000,-0.01513267,OOS,mid
2025-12-16,0.00000000,0.00000000,0.00018448,OOS,mid
2025-12-17,0.00000000,0.00000000,-0.03663921,OOS,high
2025-12-18,0.00000000,0.00000000,0.02011508,OOS,mid
2025-12-19,-0.00018280,0.00000000,0.02336459,OOS,mid
2025-12-22,0.00366992,0.00501901,0.00928715,OOS,mid
2025-12-23,0.00007111,0.00009716,-0.00231234,OOS,mid
2025-12-24,0.00026013,0.00035506,0.00250579,OOS,mid
2025-12-26,0.00060352,0.00082070,-0.00692493,OOS,mid
2025-12-29,-0.00252108,-0.00319551,-0.00454617,OOS,mid
2025-12-30,-0.00154821,-0.00196493,-0.00452190,OOS,mid
2025-12-31,-0.00469513,-0.00521766,-0.00764168,OOS,mid
2026-01-05,0.00000000,0.00000000,0.01296245,OOS,mid
2026-01-06,0.00000000,0.00000000,0.00613102,OOS,mid
2026-01-07,0.00000000,0.00000000,-0.01958492,OOS,mid
2026-01-08,0.00000000,0.00000000,-0.01062702,OOS,mid
2026-01-09,0.00000000,0.00000000,0.02134438,OOS,mid
2026-01-12,0.00000000,0.00000000,0.01001123,OOS,mid
2026-01-13,0.00000000,0.00000000,0.00485019,OOS,mid
2026-01-14,0.00000000,0.00000000,-0.00196934,OOS,mid
2026-01-15,0.00000000,0.00000000,0.01300203,OOS,mid
2026-01-16,0.00000000,0.00000000,0.01770858,OOS,low
2026-01-20,0.00000000,0.00000000,-0.02425191,OOS,mid
2026-01-21,0.00000000,0.00000000,0.01023885,OOS,mid
2026-01-22,0.00000000,0.00000000,0.00185998,OOS,mid
2026-01-23,0.00000000,0.00000000,-0.00280142,OOS,mid
2026-01-26,0.00000000,0.00000000,-0.00159989,OOS,mid
2026-01-27,0.00000000,0.00000000,0.02267611,OOS,low
2026-01-28,0.00000000,0.00000000,0.00526770,OOS,low
2026-01-29,0.00000000,0.00000000,-0.01148585,OOS,low
2026-01-30,0.00000000,0.00000000,-0.02580807,OOS,mid
2026-02-02,-0.00007683,0.00000000,-0.00175529,OOS,mid
2026-02-03,-0.00030163,-0.00024536,0.01000397,OOS,mid
2026-02-04,0.00423917,0.00325162,-0.03124639,OOS,mid
2026-02-05,-0.00035620,-0.00026222,-0.02123650,OOS,mid
2026-02-06,0.00063394,0.00050062,0.05809001,OOS,mid
2026-02-09,-0.00308033,-0.00211416,0.02452007,OOS,low
2026-02-10,-0.00019469,-0.00013262,-0.00077429,OOS,low
2026-02-11,-0.00007669,-0.00005185,0.00609533,OOS,low
2026-02-12,-0.01496347,-0.01005362,-0.00884653,OOS,low
2026-02-13,-0.00139580,-0.00081778,0.01630574,OOS,low
2026-02-17,0.00516091,0.00302345,-0.00366627,OOS,low
2026-02-18,0.00274275,0.00150814,-0.00606635,OOS,low
2026-02-19,-0.00355638,-0.00195295,0.01190228,OOS,low
2026-02-20,0.00457929,0.00245784,-0.00199568,OOS,low
2026-02-23,-0.00156435,-0.00078217,-0.00915912,OOS,low
2026-02-24,0.01129585,0.00564792,0.02480036,OOS,low
2026-02-25,0.00101940,0.00050970,0.00234829,OOS,low
2026-02-26,0.00160409,0.00080205,-0.00906607,OOS,low
2026-02-27,-0.00920266,-0.00460133,-0.01349640,OOS,low
2026-03-02,0.00195286,0.00097643,0.00349704,OOS,low
2026-03-03,-0.00511839,-0.00252794,-0.01894283,OOS,low
2026-03-04,-0.01067031,-0.00533515,0.01668399,OOS,low
2026-03-05,-0.00528655,-0.00264327,-0.01806265,OOS,low
2026-03-06,-0.00844469,-0.00422235,-0.02233214,OOS,mid
2026-03-09,0.00596653,0.00310826,0.02266635,OOS,low
2026-03-10,0.00000000,0.00000000,0.00024636,OOS,low
2026-03-11,0.00000000,0.00000000,0.00585243,OOS,low
2026-03-12,-0.00025000,0.00000000,-0.01369565,OOS,mid
2026-03-13,-0.00360764,-0.00180382,-0.00142599,OOS,mid
2026-03-16,0.00485979,0.00242989,0.02213364,OOS,low
2026-03-17,-0.00317928,-0.00158964,0.00335751,OOS,low
2026-03-18,-0.00581352,-0.00290676,-0.00999545,OOS,low
2026-03-19,-0.00054373,-0.00027186,0.00286109,OOS,low
2026-03-20,-0.00140981,-0.00070490,-0.04236160,OOS,mid
2026-03-23,0.00544328,0.00272164,0.02119419,OOS,mid
2026-03-24,0.00251754,0.00125877,0.00300307,OOS,mid
2026-03-25,0.00057912,0.00028956,0.01457678,OOS,low
2026-03-26,-0.00377410,-0.00188705,-0.03205396,OOS,mid
2026-03-27,-0.00638247,-0.00319124,-0.00439947,OOS,mid
2026-03-30,-0.00430707,-0.00215353,-0.02899389,OOS,mid
2026-03-31,0.01469663,0.00734831,0.04366932,OOS,mid
2026-04-01,0.00880652,0.00440326,0.01448278,OOS,low
2026-04-02,-0.00235927,-0.00117963,0.00949202,OOS,low
2026-04-06,0.00435138,0.00217569,0.00425726,OOS,low
2026-04-07,-0.00368546,-0.00184273,-0.00012708,OOS,low
2026-04-08,0.01926811,0.00963406,0.04019649,OOS,low
2026-04-09,0.00469584,0.00234792,0.00913289,OOS,low
2026-04-10,0.00043679,0.00034340,0.01046335,OOS,low
2026-04-13,0.00000000,0.00000000,0.01577731,OOS,low
2026-04-14,0.00000000,0.00000000,0.01992117,OOS,low
2026-04-15,0.00000000,0.00000000,0.00255913,OOS,low
2026-04-16,0.00000000,0.00000000,0.00185771,OOS,low
2026-04-17,0.00000000,0.00000000,0.01584871,OOS,low
2026-04-20,0.00000000,0.00000000,0.00282015,OOS,low
2026-04-21,0.00000000,0.00000000,-0.01446444,OOS,low
2026-04-22,0.00000000,0.00000000,0.02806466,OOS,low
2026-04-23,-0.00025000,0.00000000,0.00786152,OOS,low
2026-04-24,-0.00359646,-0.00172323,0.00298408,OOS,low
2026-04-27,-0.00096899,-0.00048449,0.00217590,OOS,low
2026-04-28,-0.00129977,-0.00064989,-0.02121331,OOS,low
2026-04-29,-0.00035564,-0.00012782,-0.00611292,OOS,low
2026-04-30,0.00607572,0.00307536,0.03420067,OOS,low
2026-05-01,0.00486480,0.00246573,0.00680945,OOS,low
2026-05-04,-0.00638980,-0.00316712,0.00688106,OOS,low
2026-05-05,0.01978005,0.00991383,0.03089724,OOS,low
2026-05-06,0.00886538,0.00450445,0.02174140,OOS,low
2026-05-07,-0.00557257,-0.00282270,-0.03145247,OOS,low
2026-05-08,0.00728300,0.00376753,0.00343647,OOS,low
2026-05-11,0.01001860,0.00522740,0.01625669,OOS,low
2026-05-12,-0.00113683,-0.00054758,-0.01372235,OOS,low
2026-05-13,-0.00115449,-0.00057724,0.00184546,OOS,low
2026-05-14,-0.00294184,-0.00147092,0.01107850,OOS,low
2026-05-15,-0.00232099,-0.00116049,-0.03107805,OOS,low
2026-05-18,-0.00795777,-0.00397889,-0.02075140,OOS,mid
2026-05-19,-0.00788173,-0.00394086,-0.00960589,OOS,mid
2026-05-20,0.01642620,0.00821310,0.02569772,OOS,low
2026-05-21,0.00441768,0.00227534,0.02517894,OOS,low
2026-05-22,0.01213894,0.00620419,0.00824516,OOS,low
2026-05-26,0.00000000,0.00000000,0.02306528,OOS,low
2026-05-27,-0.00464356,-0.00237119,0.00550889,OOS,low
2026-05-28,0.01638391,0.00842253,0.00858067,OOS,low
2026-05-29,0.00252573,0.00136460,0.00174582,OOS,low
2026-06-01,-0.00888018,-0.00459335,0.00169781,OOS,low
2026-06-02,0.00712641,0.00373350,0.02294048,OOS,low
2026-06-03,-0.00242531,-0.00123744,-0.01037543,OOS,low
2026-06-04,0.00453514,0.00241071,0.00223613,OOS,low
2026-06-05,-0.02071672,-0.01079384,-0.04605728,OOS,mid
2026-06-08,-0.01055073,-0.00602223,0.00185432,OOS,mid
2026-06-09,-0.02304059,-0.01351780,-0.01282794,OOS,mid
2026-06-10,-0.00911321,-0.00596061,-0.03724974,OOS,mid
2026-06-11,0.00678157,0.00451122,0.03350717,OOS,mid
2026-06-12,-0.00990439,-0.00661376,0.01278257,OOS,mid
2026-06-15,0.00908906,0.00620236,0.02768946,OOS,low
2026-06-16,-0.00547665,-0.00379448,-0.00669000,OOS,low
2026-06-17,-0.00663235,-0.00461643,-0.00411564,OOS,low
2026-06-18,0.00815386,0.00581206,0.02517355,OOS,low
2026-06-22,0.00689419,0.00490698,0.00831090,OOS,low
2026-06-23,-0.02228698,-0.01597323,-0.02742179,OOS,low
2026-06-24,0.00355837,0.00279942,-0.00777798,OOS,low
2026-06-25,-0.00078702,-0.00061951,0.00173719,OOS,low
2026-06-26,-0.00763358,-0.00590294,-0.01233179,OOS,mid
2026-06-29,0.01070651,0.00844769,0.00145620,OOS,mid
2026-06-30,0.01363970,0.01085200,0.00441995,OOS,low
2026-07-01,-0.00852259,-0.00702578,-0.02855528,OOS,mid
2026-07-02,0.00631020,0.00527781,-0.02148106,OOS,mid
2026-07-06,-0.00261682,-0.00214601,0.01442570,OOS,mid
2026-07-07,-0.00936526,-0.00742809,-0.02368406,OOS,mid
2026-07-08,0.00000000,0.00000000,0.00865854,OOS,mid
2026-07-09,0.00000000,0.00000000,0.01612768,OOS,mid
2026-07-10,0.00000000,0.00000000,-0.00273969,OOS,mid
2026-07-13,0.00000000,0.00000000,-0.02168945,OOS,mid
2026-07-14,0.00000000,0.00000000,0.00451846,OOS,mid
2026-07-15,0.00000000,0.00000000,-0.00450984,OOS,mid
2026-07-16,0.00000000,0.00000000,-0.03028839,OOS,mid
2026-07-17,0.00000000,0.00000000,-0.00323851,OOS,mid
2026-07-20,0.00000000,0.00000000,0.00731141,OOS,mid
2026-07-21,0.00000000,0.00000000,0.02699454,OOS,mid
2026-07-22,0.00000000,0.00000000,0.01133689,OOS,mid
2026-07-23,0.00000000,0.00000000,0.00064099,OOS,mid
2026-07-24,0.00000000,0.00000000,-0.02420811,OOS,mid
2026-07-27,0.00000000,0.00000000,-0.00887086,OOS,mid
2026-07-28,0.00000000,0.00000000,-0.02646575,OOS,mid
2026-07-29,0.00000000,0.00000000,-0.04304291,OOS,high
2026-07-30,-0.00030228,0.00000000,0.06915768,OOS,mid
2026-07-31,0.00255583,0.00204615,-0.00176833,OOS,mid
2026-08-03,0.00256688,0.00216815,0.03054705,OOS,mid
2026-08-04,0.02371883,0.01887468,0.01376209,OOS,mid
2026-08-05,-0.00030297,-0.00026740,-0.01573316,OOS,mid
2026-08-06,0.00128111,0.00112218,-0.00816594,OOS,mid
2026-08-07,0.01530468,0.01341073,0.01406534,OOS,mid
2026-08-10,-0.00407546,-0.00374175,-0.01628981,OOS,mid
2026-08-11,0.00510095,0.00469770,0.01316176,OOS,mid
2026-08-12,0.00011224,0.00010385,0.01468138,OOS,mid
2026-08-13,0.01048575,0.00965974,0.00241344,OOS,mid
2026-08-14,-0.00322002,-0.00301545,0.00952685,OOS,mid
2026-08-17,-0.00657220,-0.00608147,-0.00119450,OOS,mid
2026-08-18,-0.00966293,-0.00901980,-0.03653012,OOS,mid
2026-08-19,0.00669506,0.00631581,-0.00030779,OOS,mid
2026-08-20,-0.00924577,-0.00880459,-0.00398246,OOS,mid
2026-08-21,0.00508119,0.00492380,-0.01117247,OOS,mid
2026-08-24,-0.00483988,-0.00471038,-0.01403808,OOS,mid
2026-08-25,0.00172678,0.00166128,0.01174300,OOS,mid
2026-08-26,-0.00106118,-0.00102120,-0.00082692,OOS,mid
2026-08-27,0.00101768,0.00110014,0.00751900,OOS,mid
2026-08-28,-0.00633575,-0.00605165,-0.02926500,OOS,mid
2026-08-31,-0.01157550,-0.01088932,-0.00959677,OOS,high
2026-09-01,0.00000000,0.00000000,-0.00759231,OOS,high
2026-09-02,0.00000000,0.00000000,0.00563594,OOS,high
2026-09-03,0.00000000,0.00000000,0.01946542,OOS,mid
2026-09-04,0.00000000,0.00000000,0.01384932,OOS,mid
2026-09-08,0.00000000,0.00000000,0.02290031,OOS,mid
2026-09-09,0.00000000,0.00000000,-0.01761824,OOS,mid
2026-09-10,-0.00029933,0.00000000,-0.02263716,OOS,mid
2026-09-11,0.00011745,0.00010313,0.01115782,OOS,mid
2026-09-14,-0.00153139,-0.00120448,-0.03408477,OOS,high
2026-09-15,0.00116031,0.00100431,-0.01116304,OOS,high
2026-09-16,-0.00830793,-0.00714464,0.00804108,OOS,high
2026-09-17,0.01084745,0.00876835,0.02001359,OOS,high
2026-09-18,-0.01102549,-0.00910178,0.00374808,OOS,mid
2026-09-21,0.01248332,0.01057235,0.01888588,OOS,mid
2026-09-22,-0.00122413,-0.00105760,0.00267990,OOS,mid
2026-09-23,-0.00109531,-0.00092944,-0.01727134,OOS,mid
2026-09-24,-0.00074017,-0.00060679,-0.01209046,OOS,high
2026-09-25,0.00091760,0.00074043,0.00138625,OOS,high
2026-09-28,-0.00961068,-0.00768838,-0.02131057,OOS,high
2026-09-29,0.01346519,0.01096281,0.01016153,OOS,high
2026-09-30,0.00479348,0.00397279,-0.00472200,OOS,high
2026-10-01,0.00436423,0.00363186,0.00576341,OOS,high
2026-10-02,0.00300414,0.00250801,0.01135342,OOS,high
