date,net_return,gross_return,baseline,sample,regime
2019-02-01,-0.00000000,-0.00000000,-0.00139047,OOS,mid
2019-02-04,0.00000000,0.00000000,0.00737651,OOS,mid
2019-02-05,0.00000000,0.00000000,0.00675979,OOS,mid
2019-02-06,-0.00554937,-0.00554937,0.00122698,OOS,low
2019-02-07,-0.00000000,-0.00000000,-0.00829093,OOS,mid
2019-02-08,0.00000000,0.00000000,0.00498030,OOS,mid
2019-02-11,-0.00395202,-0.00395202,0.00364620,OOS,low
2019-02-12,0.01422242,0.01422242,0.01218658,OOS,low
2019-02-13,-0.00066077,-0.00066077,0.00330012,OOS,low
2019-02-14,0.00084207,0.00084207,0.00653180,OOS,low
2019-02-15,0.00912276,0.00912276,0.00719589,OOS,low
2019-02-19,0.00002957,0.00002957,0.01062254,OOS,low
2019-02-20,-0.00254179,-0.00254179,0.00756822,OOS,low
2019-02-21,0.01695434,0.01695434,0.00112424,OOS,low
2019-02-22,0.01144571,0.01144571,0.00965705,OOS,low
2019-02-25,0.00363838,0.00363838,-0.00352927,OOS,low
2019-02-26,0.00216335,0.00216335,-0.00351489,OOS,low
2019-02-27,0.00009532,0.00009532,-0.01194519,OOS,low
2019-02-28,-0.00081996,-0.00081996,0.00227519,OOS,low
2019-03-01,-0.00094616,-0.00094616,0.00954621,OOS,low
2019-03-04,-0.00254472,-0.00254472,0.00158657,OOS,low
2019-03-05,-0.00028100,-0.00028100,-0.00203492,OOS,low
2019-03-06,-0.00317757,-0.00317757,-0.00902539,OOS,low
2019-03-07,0.00065305,0.00065305,-0.00160833,OOS,low
2019-03-08,-0.00151314,-0.00151314,0.00038731,OOS,low
2019-03-11,0.00117770,0.00117770,0.01826311,OOS,low
2019-03-12,0.00132368,0.00132368,0.00578675,OOS,low
2019-03-13,-0.00042322,-0.00042322,0.00670002,OOS,low
2019-03-14,-0.00080255,-0.00080255,-0.00126628,OOS,low
2019-03-15,0.00125301,0.00125301,0.00489108,OOS,low
2019-03-18,0.00208631,0.00208631,0.00307920,OOS,low
2019-03-19,-0.00245873,-0.00245873,0.00061237,OOS,low
2019-03-20,-0.00133133,-0.00133133,0.00030765,OOS,low
2019-03-21,0.00030133,0.00030133,0.01404770,OOS,low
2019-03-22,-0.00461301,-0.00461301,-0.01833975,OOS,low
2019-03-25,0.00161525,0.00161525,-0.00154183,OOS,low
2019-03-26,0.00152018,0.00152018,0.00231877,OOS,low
2019-03-27,-0.00032901,-0.00032901,-0.00559079,OOS,low
2019-03-28,0.00028579,0.00028579,0.00546085,OOS,low
2019-03-29,0.00100792,0.00100792,0.00525901,OOS,low
2019-04-01,-0.00150339,-0.00150339,0.01169283,OOS,low
2019-04-02,-0.00025637,-0.00025637,0.00432810,OOS,low
2019-04-25,0.00780535,0.00780535,-0.01058048,OOS,low
2019-04-26,0.00059722,0.00059722,0.00147660,OOS,low
2019-04-29,0.00005769,0.00005769,-0.00194430,OOS,low
2019-04-30,0.00087254,0.00087254,0.00676858,OOS,low
2019-05-01,-0.00327087,-0.00327087,-0.00809927,OOS,low
2019-05-02,-0.00224675,-0.00224675,-0.00324839,OOS,low
2019-05-03,0.00216581,0.00216581,0.00974105,OOS,low
2019-05-06,-0.00093896,-0.00093896,-0.00719043,OOS,low
2019-05-07,0.00182780,0.00182780,-0.01448018,OOS,low
2019-05-08,-0.00544478,-0.00544478,-0.00662259,OOS,low
2019-05-09,-0.00300060,-0.00300060,-0.00660015,OOS,low
2019-05-10,0.00285894,0.00285894,0.00392947,OOS,low
2019-05-13,-0.00000000,-0.00000000,-0.02098579,OOS,mid
2019-05-14,0.00000000,0.00000000,0.00620485,OOS,mid
2019-05-15,0.00066441,0.00066441,0.00344212,OOS,low
2019-05-16,0.00241509,0.00241509,0.00619319,OOS,low
2019-05-17,-0.00000000,-0.00000000,-0.01135355,OOS,mid
2019-05-20,0.00000000,0.00000000,-0.00957671,OOS,mid
2019-05-21,0.00404784,0.00300428,0.01847338,OOS,low
2019-05-22,-0.00091071,-0.00065700,-0.00310001,OOS,low
2019-05-23,-0.00000000,-0.00000000,-0.00966771,OOS,mid
2019-05-24,-0.00000000,-0.00000000,-0.00120726,OOS,mid
2019-05-28,0.00000000,0.00000000,-0.00565350,OOS,mid
2019-05-29,-0.00000000,-0.00000000,-0.00870170,OOS,mid
2019-05-30,-0.00000000,-0.00000000,0.00192787,OOS,mid
2019-05-31,-0.00000000,-0.00000000,-0.00652248,OOS,mid
2019-06-03,-0.00000000,-0.00000000,0.00694116,OOS,mid
2019-06-04,0.01388871,0.00808250,0.02274075,OOS,low
2019-06-05,0.00314503,0.00189602,0.00810803,OOS,low
2019-06-06,0.00036617,0.00021110,0.00215754,OOS,low
2019-06-07,0.00095607,0.00055115,0.00324510,OOS,low
2019-06-10,-0.00238114,-0.00136539,0.00309425,OOS,low
2019-06-11,0.00966910,0.00483455,0.00029924,OOS,low
2019-06-12,-0.00707809,-0.00353904,-0.00517635,OOS,low
2019-06-13,0.00531255,0.00265628,0.00315308,OOS,low
2019-06-14,0.00304987,0.00152494,-0.00013164,OOS,low
2019-06-17,-0.00765825,-0.00382912,-0.00049322,OOS,low
2019-06-18,0.00748775,0.00374388,0.01228856,OOS,low
2019-06-19,0.00231414,0.00115707,0.00362686,OOS,low
2019-06-20,0.00432123,0.00216061,0.01269697,OOS,low
2019-06-21,0.00130741,0.00065370,-0.00465559,OOS,low
2019-06-24,-0.00160179,-0.00080090,-0.00536881,OOS,low
2019-06-25,0.01423256,0.00711628,-0.01019175,OOS,low
2019-06-26,0.00102661,0.00051330,0.00211260,OOS,low
2019-06-27,-0.00039247,-0.00019624,0.00995041,OOS,low
2019-06-28,-0.00212002,-0.00106001,0.00851908,OOS,low
2019-07-01,0.00000512,0.00000256,0.00637773,OOS,low
2019-07-02,-0.00112343,-0.00056171,0.00209816,OOS,low
2019-07-03,0.00102078,0.00051039,0.00478953,OOS,low
2019-07-05,0.00168567,0.00084283,-0.00120557,OOS,low
2019-07-08,0.00185555,0.00092777,-0.00295628,OOS,low
2019-07-09,0.00501231,0.00250615,0.00139953,OOS,low
2019-07-10,-0.00607269,-0.00303635,0.00304262,OOS,low
2019-07-26,-0.01907034,-0.00953517,-0.00219270,OOS,low
2019-07-29,-0.00486006,-0.00243003,-0.00290419,OOS,low
2019-07-30,-0.01005076,-0.00502538,0.00533034,OOS,low
2019-07-31,-0.01181926,-0.00590963,-0.01150096,OOS,low
2019-08-01,0.00586712,0.00294018,-0.00989174,OOS,low
2019-08-02,0.00073839,0.00037257,-0.00412077,OOS,low
2019-08-05,-0.00000000,-0.00000000,-0.02705515,OOS,mid
2019-08-06,0.00630796,0.00318957,0.01632574,OOS,low
2019-08-07,-0.00109913,-0.00054956,0.00029830,OOS,low
2019-08-08,0.01599036,0.00799518,0.02126276,OOS,low
2019-08-09,-0.00584137,-0.00298660,-0.00652115,OOS,low
2019-08-12,-0.00379505,-0.00195136,-0.00884342,OOS,low
2019-08-13,0.00234813,0.00120115,0.01149293,OOS,low
2019-08-14,0.00000000,0.00000000,-0.02763481,OOS,mid
2019-08-15,0.00000000,0.00000000,0.00061560,OOS,mid
2019-08-16,-0.00089321,-0.00045933,0.02163089,OOS,low
2019-08-19,0.00291374,0.00149427,0.00654984,OOS,low
2019-08-20,0.00028012,0.00014052,-0.00266990,OOS,low
2019-08-21,0.00465312,0.00232656,0.00845770,OOS,low
2019-08-22,0.01024201,0.00512101,-0.00518398,OOS,low
2019-08-23,-0.01332899,-0.00666450,-0.02097255,OOS,low
2019-08-26,-0.00234144,-0.00120827,0.01167573,OOS,low
2019-08-27,-0.01352685,-0.00698811,-0.00747135,OOS,low
2019-08-28,0.00713375,0.00380859,0.00541648,OOS,low
2019-08-29,0.00799520,0.00430101,0.01190884,OOS,low
2019-08-30,0.00371854,0.00202476,0.00582527,OOS,low
2019-09-03,-0.00052437,-0.00028456,-0.00415124,OOS,low
2019-09-04,-0.01111063,-0.00602754,0.01303246,OOS,low
2019-09-05,0.00701566,0.00386563,0.00992187,OOS,low
2019-09-06,0.00147053,0.00081483,-0.00169885,OOS,low
2019-09-09,-0.00336797,-0.00186637,0.00414701,OOS,low
2019-09-10,0.00878187,0.00486026,0.00745339,OOS,low
2019-09-11,0.00175727,0.00098322,0.00867207,OOS,low
2019-09-12,0.01341502,0.00745853,0.00003886,OOS,low
2019-09-13,0.00347763,0.00199552,0.00004140,OOS,low
2019-09-16,-0.00210532,-0.00116393,0.00489264,OOS,low
2019-09-17,-0.00560451,-0.00309817,0.00528465,OOS,low
2019-09-18,-0.00453025,-0.00252399,-0.00024292,OOS,low
2019-09-19,0.00434715,0.00243428,-0.00186052,OOS,low
2019-09-20,0.00105755,0.00059307,-0.00419017,OOS,low
2019-09-23,-0.00097904,-0.00054130,0.00338521,OOS,low
2019-09-24,-0.00567254,-0.00310681,-0.00741525,OOS,low
2019-09-25,0.00373014,0.00205007,0.00549987,OOS,low
2019-09-26,0.01260641,0.00693663,-0.00338767,OOS,low
2019-09-27,-0.00228294,-0.00128029,-0.00866814,OOS,low
2019-09-30,0.00293494,0.00163566,0.00476461,OOS,low
2019-10-01,-0.00039234,-0.00021881,-0.01430255,OOS,low
2019-10-02,-0.00656681,-0.00365390,-0.01393033,OOS,low
2019-10-03,0.00209073,0.00117479,0.01079866,OOS,low
2019-10-04,0.02126464,0.01194905,0.01538844,OOS,low
2019-10-07,-0.00905230,-0.00538221,0.00047276,OOS,low
2019-10-08,-0.00266862,-0.00161594,-0.01046121,OOS,low
2019-10-09,-0.00262065,-0.00158965,0.00781579,OOS,low
2019-10-10,0.01078684,0.00654896,-0.00433134,OOS,low
2019-10-11,0.00302083,0.00187568,0.01144080,OOS,low
2019-10-14,0.00156035,0.00096984,-0.00308417,OOS,low
2019-10-24,-0.00054269,-0.00033738,0.00145843,OOS,low
2019-10-25,0.01187946,0.00738568,-0.00431507,OOS,low
2019-10-28,0.00235534,0.00150314,-0.00397327,OOS,low
2019-10-29,-0.00067665,-0.00043110,0.00432238,OOS,low
2019-10-30,0.00235242,0.00149013,0.00605717,OOS,low
2019-10-31,-0.00447188,-0.00268059,-0.00458518,OOS,low
2019-11-01,0.00630780,0.00378459,0.01870259,OOS,low
2019-11-04,0.00349827,0.00207096,0.01458834,OOS,low
2019-11-05,0.00464648,0.00267803,-0.00280810,OOS,low
2019-11-06,-0.00434861,-0.00250474,-0.00639672,OOS,low
2019-11-07,-0.00643790,-0.00373386,-0.00836076,OOS,low
2019-11-08,-0.00095229,-0.00055631,0.00386994,OOS,low
2019-11-11,0.00223380,0.00130162,-0.00047058,OOS,low
2019-11-12,0.00317207,0.00184678,0.00795783,OOS,low
2019-11-13,-0.00123884,-0.00069774,0.00260967,OOS,low
2019-11-14,0.00364066,0.00203477,0.00203534,OOS,low
2019-11-15,0.01137066,0.00633150,0.00465132,OOS,low
2019-11-18,0.00331037,0.00188082,-0.00093069,OOS,low
2019-11-19,0.00151193,0.00085923,-0.00451805,OOS,low
2019-11-20,0.00302966,0.00171192,-0.00017059,OOS,low
2019-11-21,-0.00759134,-0.00428677,-0.00876398,OOS,low
2019-11-22,0.00789123,0.00453069,-0.00039073,OOS,low
2019-11-25,0.00701950,0.00406448,0.00910364,OOS,low
2019-11-26,-0.00094006,-0.00054708,0.00482544,OOS,low
2019-11-27,0.00790624,0.00455367,0.00337329,OOS,low
2019-11-29,-0.00821435,-0.00459973,-0.00271160,OOS,low
2019-12-02,-0.00942510,-0.00536903,-0.00934346,OOS,low
2019-12-03,-0.00627162,-0.00351907,-0.00299595,OOS,low
2019-12-04,0.01029149,0.00581578,0.00213832,OOS,low
2019-12-05,0.00402464,0.00229344,-0.00225658,OOS,low
2019-12-06,-0.00209316,-0.00119333,0.00625447,OOS,low
2019-12-09,0.00884052,0.00504939,-0.00213989,OOS,low
2019-12-10,0.00209609,0.00117288,0.00347249,OOS,low
2019-12-11,0.02067144,0.01150282,0.00896221,OOS,low
2019-12-12,-0.03181321,-0.01896667,0.00809319,OOS,low
2019-12-13,0.00026852,0.00019354,-0.00294452,OOS,low
2019-12-16,-0.00207500,-0.00148593,0.01234459,OOS,low
2019-12-17,-0.00427930,-0.00307075,0.00176438,OOS,low
2019-12-18,0.00267973,0.00189735,0.00320753,OOS,low
2019-12-19,-0.00065292,-0.00046224,0.00556746,OOS,low
2019-12-20,0.00130098,0.00092029,0.00915728,OOS,low
2019-12-23,-0.00024053,-0.00016917,-0.00229524,OOS,low
2019-12-24,0.00028248,0.00019787,-0.00047047,OOS,low
2019-12-26,0.00265177,0.00185519,0.00281811,OOS,low
2019-12-27,-0.00133144,-0.00093205,-0.00614416,OOS,low
2019-12-30,-0.00152773,-0.00106997,-0.00322488,OOS,low
2019-12-31,0.00033105,0.00023073,0.00414892,OOS,low
2020-01-03,0.00079529,0.00055390,-0.00329893,OOS,low
2020-01-06,0.00188017,0.00128661,0.00574410,OOS,low
2020-01-07,-0.00386855,-0.00264374,-0.00010787,OOS,low
2020-01-08,0.00122842,0.00084295,0.00126217,OOS,low
2020-01-09,0.00050430,0.00034598,0.00387489,OOS,low
2020-01-10,-0.00485134,-0.00330163,0.00161325,OOS,low
2020-01-13,-0.00461946,-0.00316469,0.01082734,OOS,low
2020-01-14,0.00185802,0.00120244,0.00231142,OOS,low
2020-01-15,0.00094882,0.00060410,0.00304716,OOS,low
2020-01-16,-0.00644937,-0.00409750,0.01425069,OOS,low
2020-01-17,-0.00016336,-0.00010467,0.00360351,OOS,low
2020-01-21,-0.00230265,-0.00144607,0.00172358,OOS,low
2020-01-22,-0.00213854,-0.00134319,-0.00289248,OOS,low
2020-01-23,0.00098330,0.00061820,0.00472550,OOS,low
2020-01-30,0.00341683,0.00214804,0.00087169,OOS,low
2020-01-31,0.00617408,0.00378059,-0.01652426,OOS,low
2020-02-03,-0.00192984,-0.00118924,0.01117095,OOS,low
2020-02-04,-0.00718479,-0.00443107,0.01154716,OOS,low
2020-02-05,-0.00330253,-0.00205748,0.01022710,OOS,low
2020-02-06,0.00047721,0.00029682,-0.00181096,OOS,low
2020-02-07,0.00387273,0.00239032,-0.00342106,OOS,low
2020-02-10,0.00372163,0.00229886,0.01211452,OOS,low
2020-02-11,0.00014899,0.00009193,0.01207258,OOS,low
2020-02-12,-0.00242796,-0.00149294,0.00890908,OOS,low
2020-02-13,0.00399470,0.00243995,0.00368752,OOS,low
2020-02-14,-0.00094183,-0.00057689,0.00488240,OOS,low
2020-02-18,0.00277450,0.00169855,0.00117604,OOS,low
2020-02-19,-0.00107398,-0.00065731,0.01072147,OOS,low
2020-02-20,-0.00456547,-0.00279411,0.00005500,OOS,low
2020-02-21,-0.00611075,-0.00374856,-0.00703108,OOS,low
2020-02-24,-0.00038277,-0.00023117,-0.02200201,OOS,low
2020-02-25,0.00000000,0.00000000,-0.03144815,OOS,mid
2020-02-26,0.00000000,0.00000000,-0.01660168,OOS,mid
2020-02-27,0.00000000,0.00000000,-0.04188697,OOS,mid
2020-02-28,0.00000000,0.00000000,-0.01532604,OOS,mid
2020-03-02,-0.00000000,-0.00000000,0.03819045,OOS,mid
2020-03-03,0.00000000,0.00000000,-0.01609430,OOS,mid
2020-03-04,-0.00000000,-0.00000000,0.03939812,OOS,mid
2020-03-05,0.00000000,0.00000000,-0.02970770,OOS,mid
2020-03-06,0.00000000,0.00000000,-0.01926598,OOS,mid
2020-03-09,0.00000000,0.00000000,-0.08766725,OOS,high
2020-03-10,-0.00000000,-0.00000000,0.04333040,OOS,high
2020-03-11,0.00000000,0.00000000,-0.05211333,OOS,high
2020-03-12,0.00000000,0.00000000,-0.11392544,OOS,high
2020-03-13,-0.00000000,-0.00000000,0.08705020,OOS,high
2020-03-16,-0.00000000,-0.00000000,-0.12598288,OOS,high
2020-03-17,0.00000000,0.00000000,0.06694587,OOS,high
2020-03-18,0.00000000,0.00000000,-0.08035957,OOS,high
2020-03-19,-0.00000000,-0.00000000,0.02155710,OOS,high
2020-03-20,0.00000000,0.00000000,-0.03164400,OOS,high
2020-03-23,0.00000000,0.00000000,-0.02289299,OOS,high
2020-03-24,-0.00000000,-0.00000000,0.10327378,OOS,high
2020-03-25,-0.00000000,-0.00000000,0.03275627,OOS,high
2020-03-26,-0.00000000,-0.00000000,0.06710335,OOS,high
2020-03-27,0.00000000,0.00000000,-0.02912557,OOS,high
2020-03-30,-0.00000000,-0.00000000,0.02839886,OOS,high
2020-03-31,-0.00000000,-0.00000000,-0.01299802,OOS,high
2020-04-01,0.00000000,0.00000000,-0.04809326,OOS,high
2020-04-02,-0.00000000,-0.00000000,0.02167949,OOS,high
2020-04-03,0.00000000,0.00000000,-0.02652101,OOS,high
2020-04-06,-0.00000000,-0.00000000,0.06949191,OOS,high
2020-04-07,-0.00000000,-0.00000000,-0.00288567,OOS,high
2020-04-08,-0.00000000,-0.00000000,0.05364895,OOS,high
2020-04-09,0.00000000,0.00000000,0.02808298,OOS,high
2020-04-13,0.00000000,0.00000000,-0.01753271,OOS,high
2020-04-14,0.00000000,0.00000000,0.02705260,OOS,high
2020-04-15,-0.00000000,-0.00000000,-0.03163576,OOS,high
2020-04-16,-0.00000000,-0.00000000,0.00070002,OOS,high
2020-04-17,0.00000000,0.00000000,0.03511430,OOS,high
2020-04-20,-0.00000000,-0.00000000,-0.02355428,OOS,high
2020-04-21,-0.00000000,-0.00000000,-0.02724070,OOS,high
2020-04-22,0.00000000,0.00000000,0.02674168,OOS,high
2020-04-23,-0.00000000,-0.00000000,-0.00096632,OOS,high
2020-04-24,0.00000000,0.00000000,0.01035191,OOS,high
2020-04-27,0.00000000,0.00000000,0.02369384,OOS,high
2020-04-28,0.00000000,0.00000000,0.01060898,OOS,mid
2020-04-29,0.00000000,0.00000000,0.01610714,OOS,mid
2020-04-30,-0.00000000,-0.00000000,-0.01821315,OOS,mid
2020-05-01,-0.00000000,-0.00000000,-0.03348590,OOS,high
2020-05-04,-0.00000000,-0.00000000,0.00280014,OOS,high
2020-05-05,0.00000000,0.00000000,0.01062184,OOS,high
2020-05-06,-0.00000000,-0.00000000,-0.01448155,OOS,high
2020-05-07,0.00000000,0.00000000,0.01174147,OOS,high
2020-05-08,0.00000000,0.00000000,0.02582665,OOS,mid
2020-05-11,-0.00000000,-0.00000000,-0.00813316,OOS,mid
2020-05-12,-0.00000000,-0.00000000,-0.02851147,OOS,high
2020-05-13,-0.00000000,-0.00000000,-0.01974661,OOS,high
2020-05-14,0.00000000,0.00000000,0.01183358,OOS,high
2020-05-15,0.00000000,0.00000000,0.00561717,OOS,high
2020-05-18,0.00000000,0.00000000,0.04740237,OOS,mid
2020-05-19,-0.00000000,-0.00000000,-0.00677590,OOS,mid
2020-05-20,0.00000000,0.00000000,0.01534418,OOS,mid
2020-05-21,-0.00000000,-0.00000000,-0.00505509,OOS,mid
2020-05-22,-0.00000000,-0.00000000,0.00816333,OOS,mid
2020-05-26,0.00000000,0.00000000,0.02072869,OOS,mid
2020-05-27,0.00000000,0.00000000,0.01759383,OOS,mid
2020-05-28,-0.00000000,-0.00000000,0.00331407,OOS,mid
2020-05-29,0.00000000,0.00000000,0.00398649,OOS,mid
2020-06-01,0.00000000,0.00000000,0.01189557,OOS,mid
2020-06-02,0.00000000,0.00000000,0.01092723,OOS,mid
2020-06-03,0.00561575,0.00566376,0.01821704,OOS,low
2020-06-04,0.00710818,0.00707127,0.00105054,OOS,low
2020-06-05,0.00597607,0.00588965,0.02294551,OOS,low
2020-06-08,0.01477355,0.01462723,0.02229441,OOS,low
2020-06-09,-0.00371020,-0.00382366,-0.01579223,OOS,low
2020-06-10,-0.00771213,-0.00791631,-0.00607869,OOS,low
2020-06-11,-0.00000000,-0.00000000,-0.06418772,OOS,mid
2020-06-12,0.00000000,0.00000000,0.01385736,OOS,mid
2020-06-15,0.00000000,0.00000000,0.01723161,OOS,mid
2020-06-16,0.00709703,0.00758977,0.02291905,OOS,low
2020-06-17,-0.00324460,-0.00346677,-0.00079783,OOS,low
2020-06-18,0.00136566,0.00145072,-0.00798117,OOS,low
2020-06-19,-0.00000000,-0.00000000,-0.00974730,OOS,mid
2020-06-22,0.00000000,0.00000000,0.00514574,OOS,mid
2020-06-23,0.00000000,0.00000000,-0.00034908,OOS,mid
2020-06-24,-0.00000000,-0.00000000,-0.01974896,OOS,mid
2020-06-25,-0.00000000,-0.00000000,0.01007125,OOS,mid
2020-06-26,-0.00000000,-0.00000000,-0.02107356,OOS,mid
2020-06-29,0.00000000,0.00000000,0.02327493,OOS,mid
2020-06-30,0.00000000,0.00000000,0.00923799,OOS,mid
2020-07-01,-0.00094187,-0.00097077,0.00544986,OOS,low
2020-07-02,-0.00106105,-0.00109172,0.00358147,OOS,low
2020-07-06,0.01012871,0.01041926,0.00750951,OOS,low
2020-07-07,-0.00000000,-0.00000000,-0.01790722,OOS,mid
2020-07-08,0.01130012,0.01182185,0.00678530,OOS,low
2020-07-09,0.00000000,0.00000000,-0.01069812,OOS,mid
2020-07-10,0.00054549,0.00058405,0.01286375,OOS,low
2020-07-13,-0.00000000,-0.00000000,-0.01236179,OOS,mid
2020-07-14,0.00168354,0.00173715,0.01669877,OOS,low
2020-07-15,0.00334779,0.00332475,0.01120204,OOS,low
2020-07-16,-0.00170179,-0.00168198,-0.00203001,OOS,low
2020-07-17,-0.00275229,-0.00267188,0.01265050,OOS,low
2020-07-20,0.00771065,0.00749015,-0.00060684,OOS,low
2020-07-21,0.00129190,0.00126316,0.00720450,OOS,low
2020-07-22,0.00053854,0.00052644,0.00858550,OOS,low
2020-07-23,0.00414981,0.00403917,-0.00651274,OOS,low
2020-07-24,-0.01158001,-0.01100034,-0.00408131,OOS,low
2020-07-27,0.00670492,0.00657349,0.00891774,OOS,low
2020-07-28,0.00632766,0.00620258,-0.00049874,OOS,low
2020-07-29,0.00117794,0.00115816,0.01884810,OOS,low
2020-07-30,-0.00077327,-0.00075943,-0.00617060,OOS,low
2020-07-31,-0.00081630,-0.00080237,0.00586534,OOS,low
2020-08-03,-0.00218491,-0.00214258,0.01395782,OOS,low
2020-08-04,0.01441484,0.01415215,0.01473134,OOS,low
2020-08-05,0.00312602,0.00316699,0.00991780,OOS,low
2020-08-06,0.00272966,0.00276356,0.00100237,OOS,low
2020-08-07,0.00978690,0.00969286,0.01366427,OOS,low
2020-08-10,0.00156623,0.00153650,0.00941675,OOS,low
2020-08-11,-0.01201675,-0.01178442,-0.01045563,OOS,low
2020-08-12,0.01074723,0.01094992,0.00783390,OOS,low
2020-08-13,0.00095957,0.00095904,-0.00141421,OOS,low
2020-08-14,-0.00321352,-0.00320906,-0.00506686,OOS,low
2020-08-17,0.00139200,0.00138977,0.00174001,OOS,low
2020-08-18,-0.00521534,-0.00519170,-0.00374684,OOS,low
2020-08-19,-0.00305250,-0.00304600,-0.00733488,OOS,low
2020-08-20,0.00032559,0.00032121,-0.00650068,OOS,low
2020-08-21,-0.00264103,-0.00259874,-0.00132196,OOS,low
2020-08-24,0.00298294,0.00291781,0.00796706,OOS,low
2020-08-25,0.00764080,0.00747853,0.00258747,OOS,low
2020-08-26,0.01049499,0.01035616,0.00154004,OOS,low
2020-08-27,-0.00306743,-0.00307757,0.00344112,OOS,low
2020-08-28,0.01046160,0.01049953,0.01399973,OOS,low
2020-08-31,0.00254746,0.00258378,-0.00008001,OOS,low
2020-09-01,0.00601170,0.00607350,0.00649008,OOS,low
2020-09-02,0.00296545,0.00289825,0.01654620,OOS,low
2020-09-03,-0.02483882,-0.02415472,-0.03058199,OOS,low
2020-09-04,-0.00964377,-0.01047584,-0.00966062,OOS,low
2020-09-08,-0.00000000,-0.00000000,-0.01795469,OOS,mid
2020-09-09,0.00251302,0.00270902,0.01593640,OOS,low
2020-09-10,-0.00000000,-0.00000000,-0.01427005,OOS,mid
2020-09-11,0.00000000,0.00000000,-0.00117300,OOS,mid
2020-09-14,-0.00019599,-0.00020877,0.01865545,OOS,low
2020-09-15,-0.00159775,-0.00170205,0.00757725,OOS,low
2020-09-16,-0.00146338,-0.00155571,0.00157386,OOS,low
2020-09-17,-0.00796402,-0.00841605,-0.00904182,OOS,low
2020-09-18,-0.00000000,-0.00000000,-0.01207220,OOS,mid
2020-09-21,-0.00000000,-0.00000000,-0.02083225,OOS,mid
2020-09-22,0.00000000,0.00000000,0.01140036,OOS,mid
2020-09-23,-0.00000000,-0.00000000,-0.02088307,OOS,mid
2020-09-24,0.00000000,0.00000000,0.00533061,OOS,mid
2020-09-25,0.00000000,0.00000000,0.01272076,OOS,mid
2020-09-28,0.00952389,0.01009959,0.01756372,OOS,low
2020-09-29,0.00358601,0.00386373,-0.00004721,OOS,low
2020-09-30,-0.00013163,-0.00013964,0.00356224,OOS,low
2020-10-01,0.00221169,0.00231988,0.00733129,OOS,low
2020-10-02,-0.00579473,-0.00593515,0.00345680,OOS,low
2020-10-05,0.01290231,0.01330593,0.02390561,OOS,low
2020-10-06,-0.00186774,-0.00198724,0.00155147,OOS,low
2020-10-07,0.00947422,0.01003521,0.01651251,OOS,low
2020-10-08,0.00296826,0.00319370,0.01563361,OOS,low
2020-10-09,0.00055010,0.00059181,0.00209017,OOS,low
2020-10-12,0.00741433,0.00796739,0.00936607,OOS,low
2020-10-13,-0.00010314,-0.00011156,-0.00640346,OOS,low
2020-10-14,-0.00156128,-0.00167616,-0.00058169,OOS,low
2020-10-20,0.01026190,0.01102996,0.00912482,OOS,low
2020-10-21,-0.00114948,-0.00125807,-0.00832004,OOS,low
2020-10-22,0.00567202,0.00620331,0.00646390,OOS,low
2020-10-23,-0.00698447,-0.00747574,0.00684942,OOS,low
2020-10-26,-0.00447073,-0.00482380,-0.01768458,OOS,low
2020-10-27,-0.01857989,-0.02006500,-0.01004492,OOS,low
2020-10-28,-0.00000000,-0.00000000,-0.02496424,OOS,mid
2020-10-29,-0.00531960,-0.00632095,0.00639878,OOS,low
2020-10-30,-0.00000000,-0.00000000,-0.00762997,OOS,mid
2020-11-02,0.00181422,0.00216983,0.01509917,OOS,low
2020-11-03,0.00272073,0.00316012,0.01536536,OOS,low
2020-11-04,0.00044196,0.00051334,0.00383340,OOS,low
2020-11-05,0.01134011,0.01315591,0.02240201,OOS,low
2020-11-06,0.00041478,0.00048711,-0.00011159,OOS,low
2020-11-09,0.00116150,0.00136361,0.00642607,OOS,low
2020-11-10,-0.00228672,-0.00262701,0.00505256,OOS,low
2020-11-11,0.01033045,0.01165690,0.01309809,OOS,low
2020-11-12,-0.00293351,-0.00338235,-0.00848741,OOS,low
2020-11-13,0.00535467,0.00617512,0.01481908,OOS,low
2020-11-16,-0.00030628,-0.00035512,0.01414822,OOS,low
2020-11-17,0.00135516,0.00156403,-0.00590196,OOS,low
2020-11-18,0.00001057,0.00001218,-0.00578820,OOS,low
2020-11-19,0.00171537,0.00197666,0.00363539,OOS,low
2020-11-20,-0.00304113,-0.00350067,-0.00421173,OOS,low
2020-11-23,0.00397416,0.00458114,0.01349695,OOS,low
2020-11-24,0.00401953,0.00460918,0.01167464,OOS,low
2020-11-25,0.00133645,0.00151202,-0.00096581,OOS,low
2020-11-27,0.00144262,0.00162962,-0.00070074,OOS,low
2020-11-30,-0.00195527,-0.00217062,-0.00288395,OOS,low
2020-12-01,0.00095801,0.00106333,0.00615719,OOS,low
2020-12-02,0.00685495,0.00756226,0.00436534,OOS,low
2020-12-03,-0.00010668,-0.00011868,-0.00055309,OOS,low
2020-12-04,0.00839557,0.00834241,0.01282925,OOS,low
2020-12-07,0.00325255,0.00318836,0.00187122,OOS,low
2020-12-08,0.00849514,0.00816161,0.00582680,OOS,low
2020-12-09,-0.00484548,-0.00470606,-0.00690481,OOS,low
2020-12-10,-0.00113876,-0.00111138,0.00644894,OOS,low
2020-12-11,0.00993666,0.00970716,-0.00133114,OOS,low
2020-12-14,0.01137942,0.01129412,-0.00262663,OOS,low
2020-12-15,0.00454527,0.00459894,0.01836268,OOS,low
2020-12-16,0.00266174,0.00269393,0.00117872,OOS,low
2020-12-17,0.00021701,0.00021517,0.00856810,OOS,low
2020-12-18,0.00184677,0.00181743,0.00104982,OOS,low
2020-12-21,-0.00023462,-0.00023042,-0.00268407,OOS,low
2020-12-22,0.00171185,0.00167585,0.01163701,OOS,low
2020-12-23,-0.00023305,-0.00022235,0.00041148,OOS,low
2020-12-24,0.00005054,0.00004826,0.00295973,OOS,low
2020-12-28,-0.00084266,-0.00079585,0.00115306,OOS,low
2020-12-29,-0.00087539,-0.00081365,-0.00709712,OOS,low
2020-12-30,0.00022569,0.00020974,0.01543528,OOS,low
2020-12-31,0.00125756,0.00116840,0.00494291,OOS,low
2021-01-05,-0.00088400,-0.00082117,0.00388189,OOS,low
2021-01-06,-0.00408943,-0.00375289,0.02469991,OOS,low
2021-01-07,0.00247578,0.00220473,0.01996147,OOS,low
2021-01-08,0.00144648,0.00128489,0.00233711,OOS,low
2021-01-11,0.00008156,0.00007093,-0.00427733,OOS,low
2021-01-12,-0.00042921,-0.00037291,0.00713687,OOS,low
2021-01-13,-0.00029767,-0.00025876,0.00542851,OOS,low
2021-01-14,0.00159226,0.00136589,0.00276010,OOS,low
2021-01-15,-0.00194592,-0.00166884,-0.00214707,OOS,low
2021-01-19,0.00767187,0.00657940,0.00938837,OOS,low
2021-01-20,-0.00130143,-0.00109349,0.00730267,OOS,low
2021-01-21,0.00250111,0.00210105,-0.00224336,OOS,low
2021-01-22,-0.00581475,-0.00484503,0.00081475,OOS,low
2021-01-25,-0.00219346,-0.00180722,0.00588509,OOS,low
2021-01-26,-0.00396847,-0.00324398,-0.00247340,OOS,low
2021-01-27,-0.00527009,-0.00368457,-0.02863506,OOS,low
2021-01-28,0.01808551,0.01176589,0.00995710,OOS,low
2021-01-29,-0.00769506,-0.00511708,-0.01531013,OOS,low
2021-02-01,0.00808858,0.00544884,0.01857132,OOS,low
2021-02-02,0.00445993,0.00302440,0.01117872,OOS,low
2021-02-03,-0.00408681,-0.00277088,0.00160384,OOS,low
2021-02-04,-0.00106107,-0.00072530,0.00823994,OOS,low
2021-02-05,0.00131068,0.00084114,0.00047532,OOS,low
2021-02-08,0.00631102,0.00404913,0.01099718,OOS,low
2021-02-09,-0.00017158,-0.00011049,0.00402639,OOS,low
2021-02-10,-0.00212822,-0.00136064,-0.00209755,OOS,low
2021-02-11,0.00298303,0.00180722,-0.00210289,OOS,low
2021-02-12,0.00072598,0.00043442,-0.00066441,OOS,low
2021-02-16,-0.00170042,-0.00100344,-0.00384740,OOS,low
2021-02-17,-0.00131335,-0.00077616,-0.00705710,OOS,low
2021-02-18,-0.00328595,-0.00194626,-0.00889210,OOS,low
2021-02-19,0.00027669,0.00016470,0.00341013,OOS,low
2021-02-22,-0.01024644,-0.00609962,-0.00889645,OOS,low
2021-02-23,0.00050855,0.00030817,-0.00016000,OOS,low
2021-02-24,0.00438495,0.00263868,0.01240052,OOS,low
2021-02-25,-0.01019403,-0.00609706,-0.02704426,OOS,low
2021-02-26,0.00000000,0.00000000,-0.00704818,OOS,mid
2021-03-01,0.00899985,0.00553215,0.02814545,OOS,low
2021-03-02,-0.00095119,-0.00058871,-0.01649553,OOS,low
2021-03-03,-0.00000000,-0.00000000,-0.01286677,OOS,mid
2021-03-04,-0.00000000,-0.00000000,-0.01820965,OOS,mid
2021-03-05,0.00384043,0.00233303,0.02505077,OOS,low
2021-03-08,0.00134973,0.00079344,-0.00073455,OOS,low
2021-03-09,0.00216249,0.00126614,0.02209953,OOS,low
2021-03-10,0.00215019,0.00121374,0.01006425,OOS,low
2021-03-11,0.00352999,0.00195686,0.01846156,OOS,low
2021-03-12,0.00189395,0.00104911,0.00755607,OOS,low
2021-03-15,0.00155765,0.00081206,0.00876494,OOS,low
2021-03-16,0.00098505,0.00049252,-0.00890879,OOS,low
2021-03-17,0.00230066,0.00115033,-0.00462432,OOS,low
2021-03-18,-0.01454577,-0.00727289,-0.01903201,OOS,low
2021-03-19,0.00292810,0.00146405,0.00702555,OOS,low
2021-03-22,0.00976168,0.00488084,0.00143961,OOS,low
2021-03-23,-0.00684797,-0.00342398,-0.01514906,OOS,low
2021-03-24,-0.00262160,-0.00131080,-0.00800726,OOS,low
2021-03-25,0.00188109,0.00094054,0.00803006,OOS,low
2021-03-26,0.02387540,0.01193770,0.01865602,OOS,low
2021-03-29,-0.00504301,-0.00279464,-0.00846818,OOS,low
2021-03-30,-0.00967129,-0.00538964,0.00603520,OOS,low
2021-03-31,0.00539211,0.00306817,0.01130929,OOS,low
2021-04-01,0.01158593,0.00662381,0.01176797,OOS,low
2021-04-05,0.01531772,0.00897543,0.00951360,OOS,low
2021-04-06,-0.00470066,-0.00284622,-0.00008234,OOS,low
2021-04-07,0.00034830,0.00021189,-0.00527644,OOS,low
2021-04-08,0.00639511,0.00388906,0.00231052,OOS,low
2021-04-09,0.00386033,0.00236291,0.00199999,OOS,low
2021-04-12,0.00122502,0.00075092,0.00106982,OOS,low
2021-04-13,-0.00642161,-0.00393498,0.00261356,OOS,low
2021-04-14,-0.00391353,-0.00242361,-0.00218727,OOS,low
2021-04-15,-0.00106776,-0.00066263,0.00573799,OOS,low
2021-04-16,0.00112657,0.00068486,0.00474625,OOS,low
2021-04-19,-0.00648951,-0.00394062,-0.00858093,OOS,low
2021-04-20,-0.00268739,-0.00164574,-0.00379520,OOS,low
2021-04-21,0.00613193,0.00370718,0.00948679,OOS,low
2021-04-22,-0.01404854,-0.00852447,-0.01076246,OOS,low
2021-04-23,0.00155834,0.00098056,0.01041335,OOS,low
2021-04-26,0.00215269,0.00134298,0.00425559,OOS,low
2021-04-27,0.00258608,0.00149594,-0.00203972,OOS,low
2021-04-28,-0.00327217,-0.00185956,-0.00114846,OOS,low
2021-04-29,0.00184473,0.00103316,0.00653964,OOS,low
2021-04-30,-0.00017669,-0.00009847,-0.00729738,OOS,low
2021-05-03,-0.00358293,-0.00198497,0.00036431,OOS,low
2021-05-04,-0.00171043,-0.00095016,-0.00594169,OOS,low
2021-05-05,-0.00493193,-0.00274141,-0.00583821,OOS,low
2021-05-06,0.00119686,0.00066202,0.00365494,OOS,low
2021-05-07,0.00339168,0.00187643,0.00771244,OOS,low
2021-05-10,-0.00294323,-0.00162942,-0.01028980,OOS,low
2021-05-11,0.00079071,0.00043778,-0.00262083,OOS,low
2021-05-12,-0.00000000,-0.00000000,-0.03258095,OOS,mid
2021-05-13,0.00196111,0.00114474,0.01154854,OOS,low
2021-05-14,0.00118717,0.00069334,0.01781069,OOS,low
2021-05-17,0.00296960,0.00173082,0.00077442,OOS,low
2021-05-18,-0.00295008,-0.00172249,-0.00404026,OOS,low
2021-05-19,-0.00187754,-0.00107240,-0.00291728,OOS,low
2021-05-20,0.00656033,0.00375031,0.00928815,OOS,low
2021-05-21,-0.00091798,-0.00052709,0.00195540,OOS,low
2021-05-24,-0.00068897,-0.00038573,0.00550928,OOS,low
2021-05-25,-0.00385095,-0.00215635,-0.01036314,OOS,low
2021-05-26,0.00414300,0.00228230,0.00856980,OOS,low
2021-05-27,0.00062258,0.00034400,0.00244880,OOS,low
2021-05-28,0.00422150,0.00232754,0.00258583,OOS,low
2021-06-01,0.00549917,0.00303714,0.00922845,OOS,low
2021-06-02,0.00242315,0.00134149,0.00583167,OOS,low
2021-06-03,0.00343592,0.00190339,0.00106869,OOS,low
2021-06-04,0.00396090,0.00219680,0.00928097,OOS,low
2021-06-07,0.00856282,0.00475842,0.00377224,OOS,low
2021-06-08,0.01140979,0.00641451,0.00623897,OOS,low
2021-06-09,-0.00460254,-0.00264928,0.00020148,OOS,low
2021-06-10,-0.00478865,-0.00277183,-0.00103897,OOS,low
2021-06-11,0.00772335,0.00449686,0.00375219,OOS,low
2021-06-14,-0.00789584,-0.00464505,-0.00067479,OOS,low
2021-06-15,-0.00672676,-0.00387680,-0.00376785,OOS,low
2021-06-16,-0.01139022,-0.00663231,-0.00823520,OOS,low
2021-06-17,-0.00420648,-0.00248635,-0.00195744,OOS,low
2021-06-18,-0.01510794,-0.00889912,-0.02122238,OOS,low
2021-06-21,0.00850826,0.00524353,0.01215411,OOS,low
2021-06-22,-0.00644437,-0.00402920,0.00467010,OOS,low
2021-06-23,-0.00234144,-0.00135894,-0.00150303,OOS,low
2021-06-24,0.00755304,0.00436891,0.00893324,OOS,low
2021-06-25,0.00309153,0.00177932,0.01829873,OOS,low
2021-06-28,0.00690153,0.00395617,0.00853091,OOS,low
2021-06-29,-0.00497437,-0.00279890,-0.00615423,OOS,low
2021-06-30,0.00489535,0.00260971,0.00226830,OOS,low
2021-07-01,0.00388249,0.00207178,0.00841008,OOS,low
2021-07-02,0.00823651,0.00441107,-0.00039238,OOS,low
2021-07-06,-0.00634997,-0.00341192,-0.00523782,OOS,low
2021-07-07,0.00513936,0.00276890,0.00024087,OOS,low
2021-07-08,-0.00468387,-0.00253815,-0.00771676,OOS,low
2021-07-09,0.01513931,0.00815402,0.01462506,OOS,low
2021-07-12,-0.00044339,-0.00024944,0.00151871,OOS,low
2021-07-13,-0.00438156,-0.00246435,-0.01149414,OOS,low
2021-07-14,0.00347585,0.00196190,-0.00360096,OOS,low
2021-07-15,-0.00830840,-0.00465385,-0.00517628,OOS,low
2021-07-16,-0.00361965,-0.00205314,-0.00736829,OOS,low
2021-07-19,-0.01082715,-0.00610013,-0.01354062,OOS,low
2021-07-20,0.01271380,0.00699520,0.01607589,OOS,low
2021-07-21,0.00826255,0.00469570,0.00803589,OOS,low
2021-07-22,-0.00987809,-0.00568586,-0.00397510,OOS,low
2021-07-23,-0.00153320,-0.00089939,0.00777724,OOS,low
2021-07-26,-0.00245564,-0.00143822,0.00054988,OOS,low
2021-07-27,-0.00783970,-0.00459382,-0.00034597,OOS,low
2021-07-28,0.00428890,0.00254406,0.00904601,OOS,low
2021-07-29,0.00430834,0.00256078,0.00364613,OOS,low
2021-07-30,-0.00066712,-0.00039790,-0.00602437,OOS,low
2021-08-02,0.00045789,0.00027190,0.00004189,OOS,low
2021-08-03,0.00383225,0.00227520,0.01007401,OOS,low
2021-08-04,-0.00811291,-0.00482129,-0.00719091,OOS,low
2021-08-05,0.00129133,0.00077678,0.00520364,OOS,low
2021-08-06,0.00435448,0.00262000,0.00178841,OOS,low
2021-08-09,-0.00057004,-0.00032721,-0.00055779,OOS,low
2021-08-10,0.00766121,0.00439567,0.00423887,OOS,low
2021-08-11,0.00564851,0.00327668,0.00668437,OOS,low
2021-08-12,-0.00442815,-0.00257996,0.00008986,OOS,low
2021-08-13,-0.00198605,-0.00116006,-0.00283146,OOS,low
2021-08-16,-0.00071849,-0.00041973,-0.00275497,OOS,low
2021-08-17,-0.00174480,-0.00101160,-0.00644507,OOS,low
2021-08-18,-0.00106268,-0.00061646,-0.00827752,OOS,low
2021-08-19,-0.00496917,-0.00288317,-0.00030388,OOS,low
2021-08-20,-0.00231234,-0.00134489,0.01110963,OOS,low
2021-08-23,-0.00127529,-0.00074052,0.00913890,OOS,low
2021-08-24,0.00350299,0.00203483,0.00439733,OOS,low
2021-08-25,0.00126966,0.00073695,0.00348560,OOS,low
2021-08-26,-0.00531173,-0.00306670,-0.00309451,OOS,low
2021-08-27,0.00558645,0.00324039,0.01521656,OOS,low
2021-08-30,-0.00119366,-0.00069539,0.00134948,OOS,low
2021-08-31,0.01129371,0.00656035,0.00284364,OOS,low
2021-09-01,0.00009815,0.00005774,0.00333074,OOS,low
2021-09-02,0.01437686,0.00823704,0.01267096,OOS,low
2021-09-03,-0.00251505,-0.00149728,-0.00103164,OOS,low
2021-09-07,0.00104597,0.00062065,-0.00325859,OOS,low
2021-09-08,0.00203992,0.00119610,-0.00154532,OOS,low
2021-09-09,-0.00584830,-0.00338595,-0.00692680,OOS,low
2021-09-10,0.00066835,0.00038606,-0.00946641,OOS,low
2021-09-13,0.02599792,0.01457741,0.00750669,OOS,low
2021-09-14,-0.00686493,-0.00432056,-0.00916421,OOS,low
2021-09-15,0.00279148,0.00169491,0.01072597,OOS,low
2021-09-16,-0.00759575,-0.00455688,-0.00252273,OOS,low
2021-09-17,0.00100324,0.00060364,-0.00690376,OOS,low
2021-09-20,-0.00232752,-0.00139761,-0.02029758,OOS,low
2021-09-21,-0.00178990,-0.00106751,-0.00203443,OOS,low
2021-09-22,-0.00404153,-0.00241082,0.00923355,OOS,low
2021-09-23,0.00290557,0.00172746,0.00565411,OOS,low
2021-09-24,0.00154199,0.00091255,-0.00365289,OOS,low
2021-09-27,0.00468683,0.00276564,0.00234104,OOS,low
2021-09-28,-0.00000000,-0.00000000,-0.01990947,OOS,mid
2021-09-29,-0.00015938,-0.00009326,0.00332231,OOS,low
2021-09-30,-0.00000000,-0.00000000,-0.00954734,OOS,mid
2021-10-01,0.00296389,0.00172020,0.00760957,OOS,low
2021-10-04,0.00000000,0.00000000,-0.00677850,OOS,mid
2021-10-05,-0.00000000,-0.00000000,0.00559200,OOS,mid
2021-10-06,-0.00279874,-0.00156348,0.00359610,OOS,low
2021-10-07,-0.00096297,-0.00053648,0.00936193,OOS,low
2021-10-08,-0.00630517,-0.00350677,-0.00847173,OOS,low
2021-10-11,-0.00000000,-0.00000000,-0.00859395,OOS,mid
2021-10-12,0.00000000,0.00000000,0.00333202,OOS,mid
2021-10-27,0.00668824,0.00361693,-0.01163522,OOS,low
2021-10-28,0.00759373,0.00400558,0.01838847,OOS,low
2021-10-29,-0.00207726,-0.00109105,-0.00053871,OOS,low
2021-11-01,0.00322222,0.00164822,0.01645778,OOS,low
2021-11-02,-0.00539999,-0.00276239,0.00185047,OOS,low
2021-11-03,0.00485792,0.00249809,0.01176622,OOS,low
2021-11-04,-0.01644244,-0.00831476,0.00177731,OOS,low
2021-11-05,0.00397869,0.00212602,0.00826881,OOS,low
2021-11-08,-0.00037900,-0.00020225,0.00968943,OOS,low
2021-11-09,0.00167604,0.00089427,-0.00039572,OOS,low
2021-11-10,-0.00187221,-0.00099920,-0.01329496,OOS,low
2021-11-11,0.00570155,0.00303754,0.00452517,OOS,low
2021-11-12,0.00314636,0.00165266,0.00587166,OOS,low
2021-11-15,0.00011664,0.00006134,0.00304670,OOS,low
2021-11-16,0.00014027,0.00007348,0.00604051,OOS,low
2021-11-17,-0.00278213,-0.00145700,-0.00717425,OOS,low
2021-11-18,-0.01336824,-0.00692748,-0.00044852,OOS,low
2021-11-19,0.00530272,0.00283411,0.00661501,OOS,low
2021-11-22,-0.00341426,-0.00182473,-0.00495604,OOS,low
2021-11-23,0.00614436,0.00328915,0.00303826,OOS,low
2021-11-24,-0.00017882,-0.00009637,0.00311423,OOS,low
2021-11-26,-0.01650877,-0.00888736,-0.02121679,OOS,low
2021-11-29,0.00451625,0.00257082,0.01023618,OOS,low
2021-11-30,-0.02093540,-0.01189139,-0.02667639,OOS,low
2021-12-01,-0.00000000,-0.00000000,-0.01397543,OOS,mid
2021-12-02,0.00607093,0.00381153,0.01114924,OOS,low
2021-12-03,-0.00820005,-0.00517710,-0.00648870,OOS,low
2021-12-06,0.01141315,0.00730126,0.01274686,OOS,low
2021-12-07,0.01573678,0.01029572,0.02394649,OOS,low
2021-12-08,0.00966511,0.00660861,0.00417916,OOS,low
2021-12-09,-0.01008117,-0.00701558,-0.01622712,OOS,low
2021-12-10,0.00222053,0.00155254,0.00737656,OOS,low
2021-12-13,-0.01736484,-0.01215254,-0.01016400,OOS,low
2021-12-14,-0.00664276,-0.00479858,-0.01740540,OOS,low
2021-12-15,0.00425053,0.00309377,0.02181250,OOS,low
2021-12-16,-0.00012977,-0.00009485,-0.01607659,OOS,low
2021-12-17,-0.00000000,-0.00000000,-0.01286204,OOS,mid
2021-12-20,-0.00000000,-0.00000000,-0.00769135,OOS,mid
2021-12-21,0.00047148,0.00035324,0.01874392,OOS,low
2021-12-22,-0.00207438,-0.00141490,0.00542072,OOS,low
2021-12-23,0.00053963,0.00036594,0.00914660,OOS,low
2021-12-27,0.00044388,0.00030039,0.01253998,OOS,low
2021-12-28,-0.00158478,-0.00106531,-0.00559586,OOS,low
2021-12-29,-0.00092256,-0.00061980,0.00104431,OOS,low
2021-12-30,-0.00054434,-0.00036560,-0.00046750,OOS,low
2021-12-31,-0.00117264,-0.00078752,0.00192375,OOS,low
2022-01-04,0.00249202,0.00167101,-0.00349143,OOS,low
2022-01-05,-0.00553709,-0.00371242,-0.03032356,OOS,low
2022-01-06,0.00072988,0.00049104,0.00353035,OOS,low
2022-01-07,0.00184860,0.00123765,-0.00566823,OOS,low
2022-01-10,0.00000000,0.00000000,-0.00526843,OOS,mid
2022-01-11,-0.00168391,-0.00113448,0.00786821,OOS,low
2022-01-12,0.00199429,0.00134199,0.00202278,OOS,low
2022-01-13,0.00000000,0.00000000,-0.01033674,OOS,mid
2022-01-14,0.00000000,0.00000000,0.00081973,OOS,mid
2022-01-18,-0.00000000,-0.00000000,-0.01943263,OOS,mid
2022-01-19,-0.00000000,-0.00000000,-0.01532079,OOS,mid
2022-01-20,-0.00000000,-0.00000000,-0.01011815,OOS,mid
2022-01-21,-0.00000000,-0.00000000,-0.01877531,OOS,mid
2022-01-24,0.00000000,0.00000000,0.00574321,OOS,mid
2022-01-25,-0.00000000,-0.00000000,-0.01796989,OOS,mid
2022-01-26,0.00000000,0.00000000,-0.00410003,OOS,mid
2022-01-27,0.00000000,0.00000000,-0.01524591,OOS,mid
2022-01-28,0.00000000,0.00000000,0.02053843,OOS,mid
2022-01-31,0.00000000,0.00000000,0.02840104,OOS,mid
2022-02-01,-0.00000000,-0.00000000,0.00345716,OOS,mid
2022-02-02,0.00000000,0.00000000,0.00771303,OOS,mid
2022-02-03,-0.00000000,-0.00000000,-0.02545142,OOS,mid
2022-02-04,0.00000000,0.00000000,0.00174809,OOS,mid
2022-02-07,-0.00000000,-0.00000000,0.00030242,OOS,mid
2022-02-08,0.00000000,0.00000000,0.01011225,OOS,mid
2022-02-09,0.00000000,0.00000000,0.02322043,OOS,mid
2022-02-10,-0.00000000,-0.00000000,-0.02439263,OOS,mid
2022-02-11,-0.00000000,-0.00000000,-0.01844711,OOS,mid
2022-02-14,0.00000000,0.00000000,-0.00512049,OOS,mid
2022-02-15,0.00000000,0.00000000,0.02392471,OOS,mid
2022-02-16,0.00000000,0.00000000,-0.00059562,OOS,mid
2022-02-17,-0.00000000,-0.00000000,-0.02313008,OOS,mid
2022-02-18,-0.00000000,-0.00000000,-0.01100755,OOS,mid
2022-02-22,-0.00000000,-0.00000000,-0.01353235,OOS,mid
2022-02-23,-0.00000000,-0.00000000,-0.02538876,OOS,high
2022-02-24,0.00000000,0.00000000,0.03070329,OOS,mid
2022-02-25,0.00000000,0.00000000,0.01915292,OOS,mid
2022-02-28,0.00000000,0.00000000,0.00914697,OOS,mid
2022-03-01,-0.00000000,-0.00000000,-0.01706029,OOS,mid
2022-03-02,0.00000000,0.00000000,0.01631757,OOS,mid
2022-03-03,0.00000000,0.00000000,-0.00655027,OOS,mid
2022-03-04,0.00000000,0.00000000,-0.01024768,OOS,mid
2022-03-07,0.00000000,0.00000000,-0.01519236,OOS,mid
2022-03-08,-0.00000000,-0.00000000,0.00769287,OOS,mid
2022-03-09,-0.00000000,-0.00000000,0.02333838,OOS,mid
2022-03-10,0.00000000,0.00000000,-0.00003511,OOS,mid
2022-03-11,-0.00000000,-0.00000000,-0.00145705,OOS,mid
2022-03-14,-0.00000000,-0.00000000,-0.02018224,OOS,mid
2022-03-15,0.00000000,0.00000000,0.01809949,OOS,mid
2022-03-16,0.00000000,0.00000000,0.02212765,OOS,mid
2022-03-17,0.00000000,0.00000000,0.01115233,OOS,mid
2022-03-18,0.00000000,0.00000000,0.00554029,OOS,mid
2022-03-21,-0.00000000,-0.00000000,0.00193003,OOS,mid
2022-03-22,0.00000000,0.00000000,0.00652061,OOS,mid
2022-03-23,-0.00000000,-0.00000000,-0.01062939,OOS,mid
2022-03-24,0.00000000,0.00000000,0.01548022,OOS,mid
2022-03-25,0.00000000,0.00000000,0.00435713,OOS,mid
2022-03-28,0.00000000,0.00000000,0.00826607,OOS,mid
2022-03-29,0.00768360,0.00406051,0.01591376,OOS,low
2022-03-30,-0.00000000,-0.00000000,-0.00970292,OOS,mid
2022-03-31,-0.00000000,-0.00000000,-0.00817347,OOS,mid
2022-04-01,0.00000000,0.00000000,0.00786445,OOS,mid
2022-04-04,0.00000000,0.00000000,0.00499018,OOS,mid
2022-04-05,-0.00000000,-0.00000000,-0.01324763,OOS,mid
2022-04-06,-0.00000000,-0.00000000,-0.00405986,OOS,mid
2022-04-07,-0.00000000,-0.00000000,0.00008646,OOS,mid
2022-04-08,-0.00000000,-0.00000000,-0.00217856,OOS,mid
2022-04-11,-0.00000000,-0.00000000,-0.01430328,OOS,mid
2022-04-12,-0.00000000,-0.00000000,-0.00616006,OOS,mid
2022-04-13,0.00000000,0.00000000,0.01506024,OOS,mid
2022-04-14,-0.00000000,-0.00000000,-0.01216337,OOS,mid
2022-04-18,0.00000000,0.00000000,-0.00111748,OOS,mid
2022-04-19,0.00000000,0.00000000,0.02305106,OOS,mid
2022-04-20,0.00000000,0.00000000,0.00184777,OOS,mid
2022-04-21,-0.00000000,-0.00000000,-0.02785687,OOS,mid
2022-04-22,-0.00000000,-0.00000000,-0.02314281,OOS,mid
2022-04-25,0.00000000,0.00000000,-0.00061774,OOS,mid
2022-04-26,-0.00000000,-0.00000000,-0.02773493,OOS,mid
2022-04-27,0.00000000,0.00000000,-0.00134252,OOS,mid
2022-04-28,0.00000000,0.00000000,0.02137464,OOS,mid
2022-04-29,-0.00000000,-0.00000000,-0.02714056,OOS,mid
2022-05-02,-0.00000000,-0.00000000,0.00351921,OOS,mid
2022-05-03,-0.00000000,-0.00000000,0.00593147,OOS,mid
2022-05-04,0.00000000,0.00000000,0.03582429,OOS,mid
2022-05-05,-0.00000000,-0.00000000,-0.03334142,OOS,mid
2022-05-06,-0.00000000,-0.00000000,-0.00299113,OOS,mid
2022-05-09,-0.00000000,-0.00000000,-0.04236934,OOS,high
2022-05-10,-0.00000000,-0.00000000,-0.01863144,OOS,high
2022-05-11,-0.00000000,-0.00000000,-0.01954986,OOS,high
2022-05-12,-0.00000000,-0.00000000,-0.00111032,OOS,high
2022-05-13,0.00000000,0.00000000,0.03691712,OOS,high
2022-05-16,-0.00000000,-0.00000000,-0.00073063,OOS,high
2022-05-17,0.00000000,0.00000000,0.02903875,OOS,high
2022-05-18,-0.00000000,-0.00000000,-0.02589870,OOS,high
2022-05-19,0.00000000,0.00000000,0.00765971,OOS,high
2022-05-20,-0.00000000,-0.00000000,0.00189879,OOS,high
2022-05-23,0.00000000,0.00000000,0.01025908,OOS,high
2022-05-24,-0.00000000,-0.00000000,-0.00875368,OOS,high
2022-05-25,0.00000000,0.00000000,0.01833905,OOS,high
2022-05-26,0.00000000,0.00000000,0.01877750,OOS,mid
2022-05-27,0.00000000,0.00000000,0.03285554,OOS,mid
2022-05-31,-0.00000000,-0.00000000,-0.00999602,OOS,mid
2022-06-01,-0.00000000,-0.00000000,-0.00863758,OOS,mid
2022-06-02,0.00000000,0.00000000,0.02310875,OOS,mid
2022-06-03,-0.00000000,-0.00000000,-0.01186186,OOS,mid
2022-06-06,-0.00000000,-0.00000000,-0.00096320,OOS,mid
2022-06-07,0.00000000,0.00000000,0.01070624,OOS,mid
2022-06-08,0.00000000,0.00000000,-0.01119447,OOS,mid
2022-06-09,-0.00000000,-0.00000000,-0.02819628,OOS,mid
2022-06-10,-0.00000000,-0.00000000,-0.03327268,OOS,high
2022-06-13,-0.00000000,-0.00000000,-0.06045283,OOS,high
2022-06-14,-0.00000000,-0.00000000,-0.01448417,OOS,high
2022-06-15,0.00000000,0.00000000,0.01826356,OOS,high
2022-06-16,-0.00000000,-0.00000000,-0.04495971,OOS,high
2022-06-17,0.00000000,0.00000000,0.01491997,OOS,high
2022-06-21,0.00000000,0.00000000,0.02009776,OOS,high
2022-06-22,-0.00000000,-0.00000000,-0.00305134,OOS,high
2022-06-23,0.00000000,0.00000000,0.00744399,OOS,high
2022-06-24,0.00000000,0.00000000,0.03008383,OOS,high
2022-06-27,-0.00000000,-0.00000000,-0.00114911,OOS,high
2022-06-28,-0.00000000,-0.00000000,-0.02193111,OOS,high
2022-06-29,-0.00000000,-0.00000000,-0.01944168,OOS,high
2022-06-30,0.00000000,0.00000000,0.00358494,OOS,high
2022-07-01,0.00000000,0.00000000,0.01031172,OOS,high
2022-07-05,0.00000000,0.00000000,-0.00231497,OOS,high
2022-07-06,-0.00000000,-0.00000000,0.00329136,OOS,high
2022-07-07,0.00000000,0.00000000,0.02464882,OOS,high
2022-07-08,0.00000000,0.00000000,-0.00011755,OOS,high
2022-07-11,-0.00000000,-0.00000000,-0.01318589,OOS,high
2022-07-12,-0.00000000,-0.00000000,-0.00885221,OOS,high
2022-07-13,-0.00000000,-0.00000000,-0.00246841,OOS,high
2022-07-14,-0.00000000,-0.00000000,-0.00386531,OOS,high
2022-07-15,0.00000000,0.00000000,0.01400075,OOS,high
2022-07-18,-0.00000000,-0.00000000,-0.00346563,OOS,high
2022-07-19,0.00000000,0.00000000,0.05229713,OOS,high
2022-07-20,0.00000000,0.00000000,0.01296528,OOS,high
2022-07-21,0.00000000,0.00000000,0.00751352,OOS,high
2022-07-22,-0.00000000,-0.00000000,-0.01146341,OOS,high
2022-07-25,-0.00000000,-0.00000000,-0.00062800,OOS,high
2022-07-26,-0.00000000,-0.00000000,-0.00739579,OOS,high
2022-07-27,0.00000000,0.00000000,0.02467500,OOS,high
2022-07-28,0.00000000,0.00000000,0.03732894,OOS,mid
2022-07-29,0.00000000,0.00000000,0.01545391,OOS,mid
2022-08-01,-0.00000000,-0.00000000,-0.00051244,OOS,mid
2022-08-02,0.00000000,0.00000000,0.00354509,OOS,mid
2022-08-03,0.00000000,0.00000000,0.01133828,OOS,mid
2022-08-04,0.00000000,0.00000000,0.00480096,OOS,mid
2022-08-05,0.00000000,0.00000000,0.00233900,OOS,mid
2022-08-08,0.00000000,0.00000000,0.00701713,OOS,mid
2022-08-09,-0.00000000,-0.00000000,-0.01226640,OOS,mid
2022-08-10,0.00000000,0.00000000,0.02756691,OOS,mid
2022-08-11,0.00000000,0.00000000,0.00213271,OOS,mid
2022-08-12,0.00645271,0.00755408,0.02163405,OOS,low
2022-08-15,0.00094715,0.00108920,0.00878304,OOS,low
2022-08-16,-0.00193666,-0.00216107,-0.00535945,OOS,low
2022-08-17,-0.00000000,-0.00000000,-0.01541163,OOS,mid
2022-08-18,0.00000000,0.00000000,0.00693959,OOS,mid
2022-08-19,-0.00000000,-0.00000000,-0.01836393,OOS,mid
2022-08-22,-0.00000000,-0.00000000,-0.02266647,OOS,mid
2022-08-23,0.00000000,0.00000000,-0.00088265,OOS,mid
2022-08-24,0.00000000,0.00000000,0.01349718,OOS,mid
2022-08-25,0.00000000,0.00000000,0.01894686,OOS,mid
2022-08-26,-0.00000000,-0.00000000,-0.03046227,OOS,mid
2022-08-29,0.00000000,0.00000000,0.00142423,OOS,mid
2022-08-30,-0.00000000,-0.00000000,-0.01538633,OOS,mid
2022-08-31,0.00000000,0.00000000,0.00214648,OOS,mid
2022-09-01,-0.00000000,-0.00000000,-0.01195580,OOS,mid
2022-09-02,-0.00000000,-0.00000000,-0.00991099,OOS,mid
2022-09-06,-0.00000000,-0.00000000,-0.01095467,OOS,mid
2022-09-07,0.00000000,0.00000000,0.01890542,OOS,mid
2022-09-08,0.00000000,0.00000000,0.01328691,OOS,mid
2022-09-09,0.00000000,0.00000000,0.02311620,OOS,mid
2022-09-12,-0.00000000,-0.00000000,0.00909140,OOS,mid
2022-09-13,-0.00000000,-0.00000000,-0.04029219,OOS,mid
2022-09-14,0.00000000,0.00000000,0.00353606,OOS,mid
2022-09-15,-0.00000000,-0.00000000,-0.01610408,OOS,mid
2022-09-16,-0.00000000,-0.00000000,-0.00687271,OOS,mid
2022-09-19,0.00000000,0.00000000,0.00614291,OOS,mid
2022-09-20,-0.00000000,-0.00000000,-0.02138643,OOS,mid
2022-09-21,-0.00000000,-0.00000000,-0.01182697,OOS,high
2022-09-22,-0.00000000,-0.00000000,-0.01829652,OOS,high
2022-09-23,-0.00000000,-0.00000000,-0.02574388,OOS,high
2022-09-26,0.00000000,0.00000000,-0.01844311,OOS,high
2022-09-27,0.00000000,0.00000000,-0.00181125,OOS,high
2022-09-28,0.00000000,0.00000000,0.02308045,OOS,high
2022-09-29,-0.00000000,-0.00000000,-0.03396418,OOS,high
2022-09-30,0.00000000,0.00000000,-0.00479184,OOS,high
2022-10-03,0.00000000,0.00000000,0.03297046,OOS,high
2022-10-04,0.00000000,0.00000000,0.03821689,OOS,high
2022-10-05,-0.00000000,-0.00000000,-0.01313201,OOS,high
2022-10-06,-0.00000000,-0.00000000,-0.01425056,OOS,high
2022-10-07,-0.00000000,-0.00000000,-0.03687651,OOS,high
2022-10-10,-0.00000000,-0.00000000,-0.00980875,OOS,high
2022-10-11,-0.00000000,-0.00000000,-0.00462427,OOS,high
2022-10-12,-0.00000000,-0.00000000,-0.01563903,OOS,high
2022-10-26,0.00000000,0.00000000,0.00310314,OOS,high
2022-10-27,0.00000000,0.00000000,-0.00389466,OOS,high
2022-10-28,0.00000000,0.00000000,0.02375934,OOS,high
2022-10-31,-0.00000000,-0.00000000,-0.00747401,OOS,high
2022-11-01,-0.00000000,-0.00000000,0.00372449,OOS,high
2022-11-02,-0.00000000,-0.00000000,-0.02160710,OOS,high
2022-11-03,0.00000000,0.00000000,0.00055209,OOS,high
2022-11-04,0.00000000,0.00000000,0.02023055,OOS,high
2022-11-07,0.00000000,0.00000000,0.00449872,OOS,high
2022-11-08,-0.00000000,-0.00000000,-0.00076104,OOS,high
2022-11-09,-0.00000000,-0.00000000,-0.03030325,OOS,high
2022-11-10,0.00000000,0.00000000,0.06855736,OOS,mid
2022-11-11,0.00000000,0.00000000,0.01761714,OOS,mid
2022-11-14,-0.00000000,-0.00000000,-0.01628690,OOS,mid
2022-11-15,0.00000000,0.00000000,0.01426682,OOS,mid
2022-11-16,-0.00000000,-0.00000000,-0.01174772,OOS,mid
2022-11-17,-0.00000000,-0.00000000,-0.00721226,OOS,mid
2022-11-18,0.00000000,0.00000000,0.00501144,OOS,mid
2022-11-21,0.00000000,0.00000000,-0.00912796,OOS,mid
2022-11-22,-0.00000000,-0.00000000,0.00162138,OOS,mid
2022-11-23,0.00000000,0.00000000,0.01730903,OOS,mid
2022-11-25,0.00000000,0.00000000,0.00244419,OOS,mid
2022-11-28,-0.00000000,-0.00000000,-0.02210543,OOS,mid
2022-11-29,0.00000000,0.00000000,-0.00182490,OOS,mid
2022-11-30,0.00000000,0.00000000,0.03054017,OOS,mid
2022-12-01,-0.00000000,-0.00000000,-0.00218782,OOS,mid
2022-12-02,-0.00000000,-0.00000000,0.00203259,OOS,mid
2022-12-05,-0.00000000,-0.00000000,-0.01977166,OOS,mid
2022-12-06,-0.00000000,-0.00000000,-0.01098908,OOS,mid
2022-12-07,-0.00000000,-0.00000000,-0.01016386,OOS,mid
2022-12-08,0.00000000,0.00000000,0.01315925,OOS,mid
2022-12-09,-0.00000000,-0.00000000,-0.00590888,OOS,mid
2022-12-12,0.00000000,0.00000000,0.00896175,OOS,mid
2022-12-13,0.00000000,0.00000000,0.00825102,OOS,mid
2022-12-14,-0.00000000,-0.00000000,-0.00580434,OOS,mid
2022-12-15,-0.00000000,-0.00000000,-0.02392656,OOS,mid
2022-12-16,-0.00000000,-0.00000000,-0.01462388,OOS,high
2022-12-19,-0.00000000,-0.00000000,-0.01080385,OOS,high
2022-12-20,-0.00000000,-0.00000000,0.00170074,OOS,high
2022-12-21,0.00000000,0.00000000,0.01747046,OOS,high
2022-12-22,-0.00000000,-0.00000000,-0.01345953,OOS,high
2022-12-23,0.00000000,0.00000000,0.01015409,OOS,high
2022-12-27,-0.00000000,-0.00000000,-0.00758849,OOS,high
2022-12-28,-0.00000000,-0.00000000,-0.01998110,OOS,high
2022-12-29,0.00000000,0.00000000,0.02470784,OOS,high
2022-12-30,0.00000000,0.00000000,0.00045127,OOS,high
2023-01-04,0.00000000,0.00000000,0.01400472,OOS,mid
2023-01-05,-0.00000000,-0.00000000,-0.01670353,OOS,high
2023-01-06,0.00000000,0.00000000,0.02559198,OOS,mid
2023-01-09,0.00000000,0.00000000,0.01432868,OOS,mid
2023-01-10,0.00000000,0.00000000,0.00903243,OOS,mid
2023-01-11,0.00000000,0.00000000,0.01530631,OOS,mid
2023-01-12,-0.00000000,-0.00000000,0.01340396,OOS,mid
2023-01-13,0.00000000,0.00000000,0.00450705,OOS,mid
2023-01-17,-0.00000000,-0.00000000,0.00086512,OOS,mid
2023-01-18,-0.00000000,-0.00000000,-0.02028594,OOS,mid
2023-01-19,-0.00000000,-0.00000000,-0.01806584,OOS,mid
2023-01-20,0.00000000,0.00000000,0.02234259,OOS,mid
2023-01-23,0.00000000,0.00000000,0.01764339,OOS,mid
2023-01-24,-0.00000000,-0.00000000,0.00349133,OOS,mid
2023-01-25,-0.00000000,-0.00000000,0.00046755,OOS,mid
2023-01-26,0.00000000,0.00000000,0.01350109,OOS,mid
2023-01-27,0.00000000,0.00000000,0.01812542,OOS,mid
2023-01-30,-0.00000000,-0.00000000,-0.01884958,OOS,mid
2023-01-31,0.00000000,0.00000000,0.01863638,OOS,mid
2023-02-01,0.00247638,0.00368243,0.02158677,OOS,low
2023-02-02,0.00874284,0.01273722,0.01473989,OOS,low
2023-02-03,-0.00294858,-0.00435159,-0.01200157,OOS,low
2023-02-06,-0.00217984,-0.00320530,-0.00610721,OOS,low
2023-02-07,0.00334921,0.00493243,0.00574670,OOS,low
2023-02-08,-0.00111620,-0.00164597,-0.00834982,OOS,low
2023-02-09,0.00000000,0.00000000,-0.01553666,OOS,mid
2023-02-10,-0.00000000,-0.00000000,0.00433190,OOS,mid
2023-02-13,0.00651096,0.00673048,0.00819271,OOS,low
2023-02-14,0.00039836,0.00039800,0.00316223,OOS,low
2023-02-15,0.00245848,0.00242372,0.01591521,OOS,low
2023-02-16,-0.00193835,-0.00189306,-0.01012232,OOS,low
2023-02-17,-0.00067342,-0.00065529,-0.00296067,OOS,low
2023-02-21,-0.00000000,-0.00000000,-0.02734634,OOS,mid
2023-02-22,-0.00000000,-0.00000000,0.00068405,OOS,mid
2023-02-23,0.00398910,0.00387284,0.01983087,OOS,low
2023-02-24,0.00000000,0.00000000,-0.00733672,OOS,mid
2023-02-27,0.00000000,0.00000000,-0.00155730,OOS,mid
2023-02-28,-0.00000000,-0.00000000,-0.00133626,OOS,mid
2023-03-01,0.00000000,0.00000000,-0.00269886,OOS,mid
2023-03-02,0.00227239,0.00206122,0.00856398,OOS,low
2023-03-03,0.00382673,0.00346478,0.02414516,OOS,low
2023-03-06,-0.00055939,-0.00050686,-0.00230929,OOS,low
2023-03-07,-0.00585339,-0.00514972,-0.01050160,OOS,low
2023-03-08,0.00094141,0.00082007,0.00612482,OOS,low
2023-03-09,-0.00000000,-0.00000000,-0.02113177,OOS,mid
2023-03-10,-0.00000000,-0.00000000,-0.02736665,OOS,mid
2023-03-13,0.00000000,0.00000000,0.00890515,OOS,mid
2023-03-14,0.00000000,0.00000000,0.01348573,OOS,mid
2023-03-15,-0.00000000,-0.00000000,-0.01094075,OOS,mid
2023-03-16,0.00000000,0.00000000,0.01859780,OOS,mid
2023-03-17,-0.00000000,-0.00000000,-0.00960037,OOS,mid
2023-03-20,0.00000000,0.00000000,0.00877053,OOS,mid
2023-03-21,0.00326182,0.00270077,0.01504776,OOS,low
2023-03-22,-0.00000000,-0.00000000,-0.02158902,OOS,mid
2023-03-23,0.00000000,0.00000000,0.00306087,OOS,mid
2023-03-24,0.00353060,0.00286576,0.00722922,OOS,low
2023-03-27,-0.00114818,-0.00093286,-0.00163257,OOS,low
2023-03-28,-0.00000000,-0.00000000,-0.00357463,OOS,mid
2023-03-29,0.00553932,0.00427310,0.02140364,OOS,low
2023-03-30,0.00350657,0.00251436,0.00605352,OOS,low
2023-03-31,0.01149823,0.00825190,0.02330228,OOS,low
2023-04-03,-0.00115547,-0.00084087,-0.00055302,OOS,low
2023-04-04,-0.00980370,-0.00705170,-0.02312718,OOS,low
2023-04-05,-0.00308077,-0.00226018,-0.01019634,OOS,low
2023-04-06,0.00194792,0.00143175,0.00691085,OOS,low
2023-04-10,0.00584487,0.00429421,0.01563314,OOS,low
2023-04-11,0.00051046,0.00037168,0.00890792,OOS,low
2023-04-12,-0.00341450,-0.00248544,-0.00400593,OOS,low
2023-04-13,0.00221512,0.00161928,0.01408496,OOS,low
2023-04-14,-0.00077356,-0.00056532,-0.00660209,OOS,low
2023-04-17,-0.00018964,-0.00013834,0.00862475,OOS,low
2023-04-18,-0.00128838,-0.00093921,-0.00041046,OOS,low
2023-04-19,-0.00288028,-0.00202459,-0.00415932,OOS,low
2023-04-20,0.00216583,0.00137356,-0.00833876,OOS,low
2023-04-21,-0.00087414,-0.00055254,-0.00266394,OOS,low
2023-04-24,-0.00431494,-0.00272583,-0.00422755,OOS,low
2023-04-25,-0.00384469,-0.00236605,-0.01163894,OOS,low
2023-04-26,0.00898548,0.00554557,-0.00036532,OOS,low
2023-04-27,0.01066058,0.00638173,0.02664964,OOS,low
2023-04-28,-0.00093504,-0.00056232,0.00628540,OOS,low
2023-05-01,-0.00311063,-0.00185995,-0.00516625,OOS,low
2023-05-02,-0.00413369,-0.00224055,-0.00766414,OOS,low
2023-05-03,-0.00191113,-0.00102508,0.00248701,OOS,low
2023-05-04,-0.00278434,-0.00148255,-0.00160229,OOS,low
2023-05-05,0.01149910,0.00602967,0.02039109,OOS,low
2023-05-08,-0.00332793,-0.00178638,-0.00650339,OOS,low
2023-05-09,-0.00082780,-0.00044554,0.00074515,OOS,low
2023-05-10,0.00290962,0.00156627,0.00974490,OOS,low
2023-05-11,0.00298750,0.00155899,-0.00694960,OOS,low
2023-05-12,0.02492900,0.01302960,0.00341153,OOS,low
2023-05-15,0.00045637,0.00026624,0.01487836,OOS,low
2023-05-16,-0.00510372,-0.00296865,0.00258234,OOS,low
2023-05-17,0.00844231,0.00494019,0.01893073,OOS,low
2023-05-18,0.00644956,0.00369029,0.00724196,OOS,low
2023-05-19,-0.00458654,-0.00263994,-0.00164319,OOS,low
2023-05-22,0.00172675,0.00099284,0.00948642,OOS,low
2023-05-23,-0.00505164,-0.00290466,-0.00858274,OOS,low
2023-05-24,-0.00635606,-0.00366278,-0.00965175,OOS,low
2023-05-25,0.01100786,0.00639932,0.02172577,OOS,low
2023-05-26,0.01910993,0.01135974,0.02258741,OOS,low
2023-05-30,0.00339641,0.00215369,0.01404932,OOS,low
2023-05-31,-0.00474761,-0.00300112,-0.01380841,OOS,low
2023-06-01,0.00002082,0.00001324,0.00524902,OOS,low
2023-06-02,0.01486164,0.00929176,0.01394462,OOS,low
2023-06-05,0.00182365,0.00118510,-0.00216189,OOS,low
2023-06-06,0.00594082,0.00383907,0.01178929,OOS,low
2023-06-07,-0.00473938,-0.00300373,0.00453089,OOS,low
2023-06-08,0.00923192,0.00589751,0.00542726,OOS,low
2023-06-09,-0.01016788,-0.00655370,-0.00717046,OOS,low
2023-06-12,0.01550978,0.01004308,0.01574903,OOS,low
2023-06-13,0.00289155,0.00194047,0.00949767,OOS,low
2023-06-14,0.00419668,0.00276417,0.00280478,OOS,low
2023-06-15,-0.00111792,-0.00073599,0.00837734,OOS,low
2023-06-16,-0.00402546,-0.00265113,-0.00077407,OOS,low
2023-06-20,-0.00050712,-0.00032928,-0.00458689,OOS,low
2023-06-21,0.00001339,0.00000871,-0.00114897,OOS,low
2023-06-22,-0.00052165,-0.00033866,-0.00355583,OOS,low
2023-06-23,-0.01259635,-0.00816946,-0.01615743,OOS,low
2023-06-26,-0.00030750,-0.00020735,0.00344520,OOS,low
2023-06-27,0.01372105,0.00920779,0.01078947,OOS,low
2023-06-28,-0.00276696,-0.00191355,0.00204311,OOS,low
2023-06-29,0.00401572,0.00271940,0.00889786,OOS,low
2023-06-30,0.00001551,0.00001051,0.01245919,OOS,low
2023-07-03,0.00586587,0.00385885,0.01125103,OOS,low
2023-07-05,-0.01133155,-0.00744523,0.00230382,OOS,low
2023-07-06,-0.00875790,-0.00594929,-0.01246836,OOS,low
2023-07-07,0.00158415,0.00109257,0.01193442,OOS,low
2023-07-10,0.00956821,0.00659907,0.01391731,OOS,low
2023-07-11,0.00751351,0.00523282,0.00887496,OOS,low
2023-07-12,0.00074539,0.00052317,0.00557843,OOS,low
2023-07-13,0.00290069,0.00203402,0.01832594,OOS,low
2023-07-14,-0.00173934,-0.00121954,-0.01239369,OOS,low
2023-07-17,0.00420792,0.00295187,0.00324335,OOS,low
2023-07-18,-0.00085156,-0.00059587,0.00650170,OOS,low
2023-07-19,0.00007775,0.00005447,0.00666706,OOS,low
2023-07-20,-0.00105213,-0.00073657,-0.01140206,OOS,low
2023-07-21,0.00385900,0.00268857,0.00043274,OOS,low
2023-07-24,-0.00068655,-0.00047625,0.00247649,OOS,low
2023-07-25,0.00089354,0.00061528,0.00653585,OOS,low
2023-07-26,0.00808275,0.00549539,-0.00192953,OOS,low
2023-07-27,0.00936958,0.00641995,-0.01027525,OOS,low
2023-07-28,0.00400590,0.00276740,0.00900981,OOS,low
2023-07-31,-0.00010283,-0.00007072,0.00790137,OOS,low
2023-08-01,-0.00001209,-0.00000830,-0.00061697,OOS,low
2023-08-02,-0.00268281,-0.00183710,-0.00860701,OOS,low
2023-08-03,-0.00258130,-0.00175753,-0.00943180,OOS,low
2023-08-04,-0.00071812,-0.00048891,-0.00086047,OOS,low
2023-08-07,0.00170310,0.00115958,0.00302156,OOS,low
2023-08-08,-0.00151320,-0.00103023,0.00568005,OOS,low
2023-08-09,-0.00628064,-0.00428538,-0.00981195,OOS,low
2023-08-10,-0.00188299,-0.00121590,-0.00420643,OOS,low
2023-08-11,0.00129986,0.00084105,-0.00222080,OOS,low
2023-08-14,0.00717867,0.00460992,0.01024941,OOS,low
2023-08-15,-0.00980133,-0.00628596,-0.01626369,OOS,low
2023-08-16,-0.01326794,-0.00869234,-0.01335507,OOS,low
2023-08-17,-0.00000000,-0.00000000,-0.01340955,OOS,mid
2023-08-18,0.00000000,0.00000000,0.00401662,OOS,mid
2023-08-21,0.00436556,0.00296950,0.00628421,OOS,low
2023-08-22,0.00000000,0.00000000,-0.00202547,OOS,mid
2023-08-23,0.00677249,0.00450909,0.01988978,OOS,low
2023-08-24,-0.00000000,-0.00000000,-0.02140808,OOS,mid
2023-08-25,0.00595347,0.00387283,0.00489619,OOS,low
2023-08-28,0.00600701,0.00390639,0.00804926,OOS,low
2023-08-29,0.01003386,0.00655995,0.02167171,OOS,low
2023-08-30,-0.00124166,-0.00079561,0.00335921,OOS,low
2023-08-31,0.00243605,0.00156204,-0.00313043,OOS,low
2023-09-01,-0.00774476,-0.00494069,0.00053558,OOS,low
2023-09-05,-0.00983636,-0.00633052,-0.01019863,OOS,low
2023-09-06,-0.00028288,-0.00018334,-0.00444979,OOS,low
2023-09-07,0.00273471,0.00173046,0.00076695,OOS,low
2023-09-08,0.00011735,0.00007054,0.00053127,OOS,low
2023-09-11,0.00824936,0.00495010,-0.00087579,OOS,low
2023-09-12,-0.00626534,-0.00379439,-0.00490538,OOS,low
2023-09-13,0.00188278,0.00115005,-0.00315752,OOS,low
2023-09-14,0.01430556,0.00870231,0.01491687,OOS,low
2023-09-15,-0.01218076,-0.00769830,-0.01376395,OOS,low
2023-09-18,-0.00577165,-0.00376895,-0.00430052,OOS,low
2023-09-19,-0.00274990,-0.00180953,-0.00552544,OOS,low
2023-09-20,-0.00000000,-0.00000000,-0.00743409,OOS,mid
2023-09-21,-0.00000000,-0.00000000,-0.02226188,OOS,mid
2023-09-22,-0.00000000,-0.00000000,-0.00253520,OOS,mid
2023-09-25,-0.00000000,-0.00000000,0.00512706,OOS,mid
2023-09-26,-0.00000000,-0.00000000,-0.01996581,OOS,mid
2023-09-27,0.00000000,0.00000000,0.00636292,OOS,mid
2023-09-28,0.00000000,0.00000000,0.00526350,OOS,mid
2023-09-29,0.00000000,0.00000000,-0.00307449,OOS,mid
2023-10-02,-0.00000000,-0.00000000,-0.01729143,OOS,mid
2023-10-03,-0.00000000,-0.00000000,-0.01672846,OOS,mid
2023-10-04,0.00000000,0.00000000,0.00935348,OOS,mid
2023-10-05,0.00000000,0.00000000,-0.00296210,OOS,mid
2023-10-06,0.00000000,0.00000000,0.02367124,OOS,mid
2023-10-09,0.00000000,0.00000000,0.00054569,OOS,mid
2023-10-10,0.00000000,0.00000000,0.01543113,OOS,mid
2023-10-11,0.00000000,0.00000000,0.00937304,OOS,mid
2023-10-12,0.00000000,0.00000000,-0.01269477,OOS,mid
2023-10-13,0.00000000,0.00000000,-0.01068667,OOS,mid
2023-10-16,-0.00000000,-0.00000000,0.01658594,OOS,mid
2023-10-17,0.00000000,0.00000000,0.00646776,OOS,mid
2023-10-18,0.00000000,0.00000000,-0.02758485,OOS,mid
2023-10-19,-0.00000000,-0.00000000,-0.01710673,OOS,mid
2023-10-20,0.00000000,0.00000000,-0.01661823,OOS,mid
2023-10-23,-0.00000000,-0.00000000,0.00185092,OOS,mid
2023-10-24,-0.00000000,-0.00000000,0.02071058,OOS,mid
2023-10-25,0.00000000,0.00000000,-0.01298554,OOS,mid
2023-10-26,0.00000000,0.00000000,0.00171876,OOS,mid
2023-10-27,0.00000000,0.00000000,-0.00720874,OOS,mid
2023-10-30,0.00000000,0.00000000,0.00369229,OOS,mid
2023-10-31,0.00000000,0.00000000,0.01490081,OOS,mid
2023-11-01,-0.00000000,-0.00000000,0.00805137,OOS,mid
2023-11-02,0.00000000,0.00000000,0.02645093,OOS,mid
2023-11-03,0.00000000,0.00000000,0.01428203,OOS,mid
2023-11-06,-0.00000000,-0.00000000,-0.00908660,OOS,mid
2023-11-07,0.00000000,0.00000000,-0.00506507,OOS,mid
2023-11-08,0.00000000,0.00000000,-0.00519538,OOS,mid
2023-11-09,-0.00000000,-0.00000000,-0.01499502,OOS,mid
2023-11-10,0.00000000,0.00000000,0.00622377,OOS,mid
2023-11-13,-0.00000000,-0.00000000,-0.00452728,OOS,mid
2023-11-14,0.00000000,0.00000000,0.04055065,OOS,mid
2023-11-15,0.00042640,0.00048127,0.00330757,OOS,low
2023-11-16,-0.00000000,-0.00000000,-0.00866967,OOS,mid
2023-11-17,0.00000000,0.00000000,0.00447837,OOS,mid
2023-11-20,0.00255015,0.00284706,0.00840282,OOS,low
2023-11-21,0.00000000,0.00000000,-0.00615947,OOS,mid
2023-11-22,0.00200218,0.00222962,0.00769192,OOS,low
2023-11-24,0.00104179,0.00115349,0.00640399,OOS,low
2023-11-27,-0.00007699,-0.00008522,-0.00119115,OOS,low
2023-11-28,-0.00114477,-0.00126707,-0.00071341,OOS,low
2023-11-29,0.00071375,0.00078641,0.00227886,OOS,low
2023-11-30,0.00498677,0.00544878,0.00433831,OOS,low
2023-12-01,0.00655394,0.00718858,0.02035246,OOS,low
2023-12-04,0.00059430,0.00065640,0.00187007,OOS,low
2023-12-05,-0.00083261,-0.00091951,-0.00795282,OOS,low
2023-12-06,-0.00184673,-0.00203444,-0.00359274,OOS,low
2023-12-07,-0.00102167,-0.00112300,0.00143512,OOS,low
2023-12-08,0.00305462,0.00335953,0.01766881,OOS,low
2023-12-11,-0.00029217,-0.00031814,-0.00391990,OOS,low
2023-12-12,-0.00144511,-0.00155402,-0.00046773,OOS,low
2023-12-13,0.00317718,0.00340712,0.02741588,OOS,low
2023-12-14,0.00334186,0.00358337,0.01627716,OOS,low
2023-12-15,0.00094603,0.00101335,-0.00291702,OOS,low
2023-12-18,-0.00011410,-0.00011311,0.00486403,OOS,low
2023-12-19,0.00258653,0.00254378,0.01447833,OOS,low
2023-12-20,-0.00331077,-0.00324628,-0.01859407,OOS,low
2023-12-21,0.00232188,0.00218154,0.01677470,OOS,low
2023-12-22,-0.00004666,-0.00004384,0.00360727,OOS,low
2023-12-26,0.00197480,0.00185287,0.01302916,OOS,low
2023-12-27,0.00085829,0.00080525,0.00947861,OOS,low
2023-12-28,0.00143453,0.00133011,0.00176717,OOS,low
2023-12-29,-0.00597390,-0.00526333,-0.01429449,OOS,low
2024-01-03,-0.00266853,-0.00234869,-0.01730423,OOS,low
2024-01-04,0.00057602,0.00050913,0.00042099,OOS,low
2024-01-05,-0.00089561,-0.00077745,-0.00275481,OOS,low
2024-01-08,0.00279454,0.00242914,0.02089450,OOS,low
2024-01-09,-0.00155600,-0.00134701,-0.00164824,OOS,low
2024-01-10,0.00010171,0.00008818,0.00220737,OOS,low
2024-01-11,0.00125119,0.00108175,-0.00993848,OOS,low
2024-01-12,0.00102699,0.00088789,-0.00211740,OOS,low
2024-01-16,0.00000000,0.00000000,-0.01760355,OOS,mid
2024-01-17,0.00000000,0.00000000,-0.01394607,OOS,mid
2024-01-18,0.00000000,0.00000000,-0.00107017,OOS,mid
2024-01-19,0.00513876,0.00317199,0.01850236,OOS,low
2024-01-22,0.00216401,0.00128736,0.00861494,OOS,low
2024-01-23,-0.00137465,-0.00080336,0.00385520,OOS,low
2024-01-24,0.00253382,0.00142525,-0.00946467,OOS,low
2024-01-25,-0.01429534,-0.00795267,0.01384339,OOS,low
2024-01-26,0.01085231,0.00638068,0.00571620,OOS,low
2024-01-29,-0.00439656,-0.00260040,0.01896893,OOS,low
2024-01-30,-0.00961273,-0.00570616,-0.00187430,OOS,low
2024-01-31,-0.00533011,-0.00322718,-0.01489851,OOS,low
2024-02-01,-0.00518308,-0.00315947,0.02319355,OOS,low
2024-02-02,0.01534385,0.00906914,0.00429971,OOS,low
2024-02-05,0.00599867,0.00364988,-0.01478229,OOS,low
2024-02-06,-0.00351994,-0.00211690,0.00791622,OOS,low
2024-02-07,0.01007660,0.00608497,0.00901471,OOS,low
2024-02-08,0.00827872,0.00507292,0.01671243,OOS,low
2024-02-09,0.00604120,0.00367270,0.01570046,OOS,low
2024-02-12,0.00358792,0.00216833,0.01591916,OOS,low
2024-02-13,-0.00637582,-0.00384204,-0.02690225,OOS,low
2024-02-14,0.00255753,0.00127877,0.02157534,OOS,low
2024-02-15,-0.00045625,-0.00022812,0.01238742,OOS,low
2024-02-16,-0.00184391,-0.00092196,-0.01420737,OOS,low
2024-02-20,-0.01006455,-0.00503228,-0.01360156,OOS,low
2024-02-21,-0.00347496,-0.00177545,-0.00627889,OOS,low
2024-02-22,0.00845846,0.00433698,0.02386232,OOS,low
2024-02-23,-0.00284887,-0.00147355,0.00005034,OOS,low
2024-02-26,-0.00469785,-0.00243812,0.01084901,OOS,low
2024-02-27,0.00466051,0.00243536,0.01674578,OOS,low
2024-02-28,0.00897201,0.00468714,0.00883064,OOS,low
2024-02-29,0.00062244,0.00032914,0.01241243,OOS,low
2024-03-01,0.00130505,0.00067829,0.01941909,OOS,low
2024-03-04,-0.00463999,-0.00232841,0.01397751,OOS,low
2024-03-05,-0.00697526,-0.00352360,-0.00964417,OOS,low
2024-03-06,0.00165033,0.00084320,0.01985034,OOS,low
2024-03-07,0.00067837,0.00034490,0.01019644,OOS,low
2024-03-08,0.00218501,0.00110855,0.00024016,OOS,low
2024-03-11,-0.00088755,-0.00044740,-0.01983615,OOS,low
2024-03-12,-0.00153435,-0.00077359,0.01054297,OOS,low
2024-03-13,0.00000066,0.00000033,-0.00087838,OOS,low
2024-03-14,-0.00248025,-0.00124012,-0.01300009,OOS,low
2024-03-15,-0.00044067,-0.00022034,0.00520392,OOS,low
2024-03-18,-0.00122502,-0.00061251,0.00863615,OOS,low
2024-03-19,0.00365930,0.00182965,-0.00525072,OOS,low
2024-03-20,0.00705264,0.00352632,0.01530818,OOS,low
2024-03-21,-0.00250800,-0.00125400,0.01232259,OOS,low
2024-03-22,-0.00197751,-0.00098875,-0.00458128,OOS,low
2024-03-25,-0.00402599,-0.00201299,0.00632145,OOS,low
2024-03-26,-0.00195388,-0.00097694,-0.00819371,OOS,low
2024-03-27,0.01243092,0.00621546,0.02442216,OOS,low
2024-03-28,-0.00313437,-0.00160057,0.00147531,OOS,low
2024-04-01,-0.00867804,-0.00433902,-0.00084268,OOS,low
2024-04-02,-0.00581816,-0.00293982,-0.00972871,OOS,low
2024-04-03,0.00492832,0.00251196,0.00944401,OOS,low
2024-04-04,-0.00792925,-0.00405305,-0.01586498,OOS,low
2024-04-05,0.00411367,0.00212702,0.00892317,OOS,low
2024-04-08,0.00000415,0.00000214,0.00430716,OOS,low
2024-04-09,0.00459526,0.00237755,-0.00802418,OOS,low
2024-04-10,-0.00766955,-0.00397955,-0.01437699,OOS,low
2024-04-11,0.01898178,0.00998535,0.00711522,OOS,low
2024-04-12,-0.01587579,-0.00887298,-0.01419526,OOS,low
2024-04-15,-0.00000000,-0.00000000,-0.02151548,OOS,mid
2024-04-16,-0.00000000,-0.00000000,-0.00609753,OOS,mid
2024-04-17,-0.00000000,-0.00000000,-0.00506548,OOS,mid
2024-04-18,-0.00000000,-0.00000000,-0.00020486,OOS,mid
2024-04-19,0.00000000,0.00000000,-0.00920898,OOS,mid
2024-04-22,0.00000000,0.00000000,0.01739622,OOS,mid
2024-04-23,0.01218782,0.00715451,0.02317478,OOS,low
2024-04-24,0.00238573,0.00140931,-0.00009497,OOS,low
2024-04-25,0.00094177,0.00055447,0.00316315,OOS,low
2024-04-26,-0.00175660,-0.00101234,0.01077869,OOS,low
2024-04-29,0.00364525,0.00208679,0.00597439,OOS,low
2024-04-30,-0.00930598,-0.00529683,-0.02295896,OOS,low
2024-05-01,0.00346481,0.00191062,-0.00437317,OOS,low
2024-05-02,0.00692957,0.00379656,0.01544535,OOS,low
2024-05-03,0.01542017,0.00849727,0.02517978,OOS,low
2024-05-06,0.00487883,0.00275128,0.01915303,OOS,low
2024-05-07,0.00247853,0.00138173,-0.00528628,OOS,low
2024-05-08,0.00138420,0.00076601,0.00616714,OOS,low
2024-05-09,0.01034834,0.00571211,0.01962692,OOS,low
2024-05-10,-0.00267312,-0.00148959,-0.01115253,OOS,low
2024-05-13,-0.00115559,-0.00064484,0.00394225,OOS,low
2024-05-14,0.00376597,0.00210228,0.01365319,OOS,low
2024-05-15,0.01493104,0.00834619,0.02235191,OOS,low
2024-05-16,-0.00349427,-0.00199704,-0.01388584,OOS,low
2024-05-17,0.00353597,0.00202225,-0.00141513,OOS,low
2024-05-20,0.00330693,0.00187605,0.01011074,OOS,low
2024-05-21,0.01371980,0.00777344,0.00407523,OOS,low
2024-05-22,0.01439332,0.00837667,0.00054450,OOS,low
2024-05-23,-0.00819632,-0.00493136,-0.00907265,OOS,low
2024-05-24,0.02169483,0.01317343,0.03230765,OOS,low
2024-05-28,0.00059602,0.00039247,0.00575058,OOS,low
2024-05-29,-0.00219271,-0.00144399,-0.00998682,OOS,low
2024-05-30,0.00453704,0.00298082,0.00530456,OOS,low
2024-05-31,-0.00316659,-0.00206486,-0.00268390,OOS,low
2024-06-03,-0.00540572,-0.00354058,-0.01227295,OOS,low
2024-06-04,-0.00175579,-0.00116078,0.00083417,OOS,low
2024-06-05,0.01538275,0.01018878,0.02315496,OOS,low
2024-06-06,-0.00546390,-0.00376251,-0.00648405,OOS,low
2024-06-07,-0.00406181,-0.00282084,-0.00520714,OOS,low
2024-06-10,0.01502449,0.01049363,0.01489880,OOS,low
2024-06-11,0.01228822,0.00889231,0.00511936,OOS,low
2024-06-12,0.01257578,0.00930905,0.01856219,OOS,low
2024-06-13,-0.00023091,-0.00017481,0.00903410,OOS,low
2024-06-14,-0.00739581,-0.00560385,-0.00958675,OOS,low
2024-06-17,-0.00472012,-0.00363178,0.00521758,OOS,low
2024-06-18,0.00444798,0.00344335,0.00952220,OOS,low
2024-06-20,-0.00806922,-0.00624690,-0.00399295,OOS,low
2024-06-21,-0.00579783,-0.00455913,-0.01026019,OOS,low
2024-06-24,-0.00541019,-0.00429470,-0.00046365,OOS,low
2024-06-25,0.00368866,0.00292965,0.00605755,OOS,low
2024-06-26,-0.00720479,-0.00571675,-0.00610911,OOS,low
2024-06-27,-0.00193292,-0.00154220,0.00174574,OOS,low
2024-06-28,-0.01222339,-0.00972322,-0.00995961,OOS,low
2024-07-01,-0.00101637,-0.00083768,-0.00121275,OOS,low
2024-07-02,-0.00220031,-0.00180156,0.00193918,OOS,low
2024-07-03,0.01870819,0.01534333,0.01854903,OOS,low
2024-07-05,-0.01101795,-0.00960175,0.00119202,OOS,low
2024-07-08,0.00916458,0.00822515,0.00775321,OOS,low
2024-07-09,-0.00177448,-0.00160427,-0.00939248,OOS,low
2024-07-10,0.00530887,0.00470670,0.01625898,OOS,low
2024-07-11,-0.00810141,-0.00702066,0.00837436,OOS,low
2024-07-12,0.00317214,0.00275582,0.02070992,OOS,low
2024-07-15,-0.00199878,-0.00173454,0.00422194,OOS,low
2024-07-16,-0.00472225,-0.00409037,0.01473444,OOS,low
2024-07-17,-0.01453141,-0.01265905,-0.03949505,OOS,low
2024-07-18,-0.00000000,-0.00000000,-0.01112836,OOS,mid
2024-07-19,-0.00000000,-0.00000000,-0.00363433,OOS,mid
2024-07-22,0.00221316,0.00201454,0.01591237,OOS,low
2024-07-23,-0.00222524,-0.00202626,0.00209831,OOS,low
2024-07-24,-0.00000000,-0.00000000,-0.03954961,OOS,mid
2024-07-25,-0.00000000,-0.00000000,-0.01685475,OOS,mid
2024-07-26,0.00000000,0.00000000,0.02300937,OOS,mid
2024-07-29,0.00000000,0.00000000,-0.01090338,OOS,mid
2024-07-30,-0.00000000,-0.00000000,-0.01287151,OOS,mid
2024-07-31,0.00000000,0.00000000,0.04051656,OOS,mid
2024-08-01,0.00000000,0.00000000,-0.02198962,OOS,mid
2024-08-02,-0.00000000,-0.00000000,-0.03419653,OOS,mid
2024-08-05,-0.00000000,-0.00000000,-0.02726753,OOS,mid
2024-08-06,0.00000000,0.00000000,0.01642993,OOS,mid
2024-08-07,-0.00000000,-0.00000000,-0.01048932,OOS,mid
2024-08-08,0.00000000,0.00000000,0.03120818,OOS,mid
2024-08-09,0.00000000,0.00000000,-0.00078159,OOS,mid
2024-08-12,0.00000000,0.00000000,-0.00128483,OOS,mid
2024-08-13,0.00000000,0.00000000,0.01700739,OOS,mid
2024-08-14,-0.00000000,-0.00000000,0.00222679,OOS,mid
2024-08-15,0.00000000,0.00000000,0.02021452,OOS,mid
2024-08-16,-0.00000000,-0.00000000,0.00139652,OOS,mid
2024-08-19,0.00000000,0.00000000,0.01163317,OOS,mid
2024-08-20,-0.00000000,-0.00000000,-0.00833111,OOS,mid
2024-08-21,0.00000000,0.00000000,0.01032731,OOS,mid
2024-08-22,-0.00000000,-0.00000000,-0.01398528,OOS,mid
2024-08-23,0.01767851,0.01860955,0.02378736,OOS,low
2024-08-26,-0.00000000,-0.00000000,-0.00881105,OOS,mid
2024-08-27,0.00000000,0.00000000,-0.00325624,OOS,mid
2024-08-28,-0.00000000,-0.00000000,-0.01921841,OOS,mid
2024-08-29,-0.00000000,-0.00000000,0.00533039,OOS,mid
2024-08-30,0.00000000,0.00000000,0.01099201,OOS,mid
2024-09-03,-0.00000000,-0.00000000,-0.04411536,OOS,mid
2024-09-04,0.00000000,0.00000000,0.00430842,OOS,mid
2024-09-05,-0.00000000,-0.00000000,0.00708506,OOS,mid
2024-09-06,-0.00000000,-0.00000000,-0.02088412,OOS,mid
2024-09-09,0.00000000,0.00000000,0.02792788,OOS,mid
2024-09-10,0.00000000,0.00000000,0.01734161,OOS,mid
2024-09-11,0.00836488,0.01144133,0.02485680,OOS,low
2024-09-12,0.00753825,0.01044039,0.00949768,OOS,low
2024-09-13,0.00217204,0.00304083,0.01705526,OOS,low
2024-09-16,0.00330086,0.00461987,0.00085323,OOS,low
2024-09-17,0.00068055,0.00095053,0.00282768,OOS,low
2024-09-18,-0.00094466,-0.00131626,-0.00135709,OOS,low
2024-09-19,0.01239792,0.01724054,0.02082386,OOS,low
2024-09-20,0.00226469,0.00324248,0.02279748,OOS,low
2024-09-23,0.00192759,0.00275043,0.01339095,OOS,low
2024-09-24,-0.00127273,-0.00181583,0.00868394,OOS,low
2024-09-25,0.00569099,0.00803157,0.00691111,OOS,low
2024-09-26,0.00511208,0.00724995,0.00415841,OOS,low
2024-09-27,-0.00104909,-0.00149233,0.00364378,OOS,low
2024-09-30,0.00101399,0.00141248,-0.00334239,OOS,low
2024-10-01,-0.00927638,-0.01276398,-0.00816992,OOS,low
2024-10-02,0.00245691,0.00343047,0.01085328,OOS,low
2024-10-03,0.00185779,0.00259430,0.00111274,OOS,low
2024-10-04,0.01029109,0.01435238,0.01536744,OOS,low
2024-10-07,-0.00241089,-0.00340385,-0.00643231,OOS,low
2024-10-08,0.00475703,0.00672870,0.00108492,OOS,low
2024-10-09,0.00540523,0.00766426,-0.00292346,OOS,low
2024-10-10,-0.00842556,-0.01196153,-0.00938545,OOS,low
2024-10-11,0.01498973,0.02123807,0.01859010,OOS,low
2024-10-14,0.00573163,0.00842308,0.01374980,OOS,low
2024-10-15,-0.00887541,-0.01302762,-0.00236208,OOS,low
2024-10-16,0.01813502,0.02719197,0.04195540,OOS,low
2024-10-17,-0.00427367,-0.00676711,-0.00516136,OOS,low
2024-10-18,0.00339321,0.00536337,0.01117741,OOS,low
2024-10-21,0.00701861,0.01104142,0.01057916,OOS,low
2024-10-22,0.00579848,0.00916593,-0.00571303,OOS,low
2024-10-23,-0.01082119,-0.01716101,-0.01255655,OOS,low
2024-10-24,-0.00220368,-0.00359847,0.00342580,OOS,low
2024-10-25,-0.00523883,-0.00857889,-0.00171654,OOS,low
2024-10-28,0.00794836,0.01313469,0.02280320,OOS,low
2024-10-29,-0.00282841,-0.00471143,-0.00269712,OOS,low
2024-10-30,-0.00219063,-0.00360050,-0.01700522,OOS,low
2024-10-31,-0.00353763,-0.00577257,-0.01551864,OOS,low
2024-11-01,0.00233129,0.00379974,-0.00520517,OOS,low
2024-11-04,0.00353837,0.00572004,-0.00868669,OOS,low
2024-11-05,0.01005615,0.01626938,0.02764119,OOS,low
2024-11-06,0.00087878,0.00144302,0.02616681,OOS,low
2024-11-07,0.00675586,0.01095121,0.02273470,OOS,low
2024-11-08,0.00379580,0.00618553,0.01311470,OOS,low
2024-11-11,-0.00138983,-0.00226402,-0.00083425,OOS,low
2024-11-12,-0.00493176,-0.00803806,-0.01508050,OOS,low
2024-11-13,0.00007965,0.00013065,-0.00997798,OOS,low
2024-11-14,-0.00308401,-0.00502091,-0.01191882,OOS,low
2024-11-15,-0.00707675,-0.01155982,-0.00978159,OOS,low
2024-11-18,0.00848705,0.01392582,0.02026185,OOS,low
2024-11-19,0.01310004,0.02126952,0.02673496,OOS,low
2024-11-20,-0.00253031,-0.00420894,-0.00743323,OOS,low
2024-11-21,0.00762550,0.01272514,0.02353831,OOS,low
2024-11-22,0.00553684,0.00917777,0.01182263,OOS,low
2024-11-25,0.00503047,0.00835850,0.00340817,OOS,low
2024-11-26,0.00053277,0.00088530,-0.00158234,OOS,low
2024-11-27,-0.00057198,-0.00085089,-0.00129383,OOS,low
2024-11-29,0.00672834,0.01002522,0.01144443,OOS,low
2024-12-02,-0.00476306,-0.00707095,-0.00777366,OOS,low
2024-12-03,-0.00936690,-0.01383948,-0.00696283,OOS,low
2024-12-04,0.00201086,0.00300852,0.01661627,OOS,low
2024-12-05,-0.00023704,-0.00035067,-0.00036952,OOS,low
2024-12-06,0.00099461,0.00146238,0.00505846,OOS,low
2024-12-09,-0.00410317,-0.00599813,-0.02485465,OOS,low
2024-12-10,-0.00621058,-0.00914286,-0.02129198,OOS,low
2024-12-11,-0.00021290,-0.00031722,0.01229084,OOS,low
2024-12-12,-0.00202005,-0.00301126,-0.00531545,OOS,low
2024-12-13,0.00219679,0.00327928,0.00084215,OOS,low
2024-12-16,0.00295896,0.00432038,0.01363469,OOS,low
2024-12-17,-0.00294499,-0.00430168,-0.01307905,OOS,low
2024-12-18,-0.00000000,-0.00000000,-0.04437535,OOS,mid
2024-12-19,-0.00000000,-0.00000000,-0.00395959,OOS,mid
2024-12-20,0.00000000,0.00000000,0.01422224,OOS,mid
2024-12-23,-0.00000000,-0.00000000,-0.00008559,OOS,mid
2024-12-24,0.00000000,0.00000000,0.01622834,OOS,mid
2024-12-26,0.00000000,0.00000000,0.00103693,OOS,mid
2024-12-27,-0.00000000,-0.00000000,-0.01914193,OOS,mid
2024-12-30,-0.00000000,-0.00000000,-0.01202508,OOS,mid
2024-12-31,-0.00000000,-0.00000000,-0.00718797,OOS,mid
2025-01-03,0.00442599,0.00653872,0.04328171,OOS,low
2025-01-06,0.00267701,0.00395768,0.01849869,OOS,low
2025-01-07,-0.00265338,-0.00391420,-0.02057413,OOS,low
2025-01-08,-0.00000000,-0.00000000,-0.01330591,OOS,mid
2025-01-10,-0.00000000,-0.00000000,-0.01182125,OOS,mid
2025-01-13,-0.00000000,-0.00000000,-0.01522704,OOS,mid
2025-01-14,0.00000000,0.00000000,0.01722055,OOS,mid
2025-01-15,-0.00091257,-0.00125140,0.02562544,OOS,low
2025-01-16,0.00948092,0.01192799,0.01264466,OOS,low
2025-01-17,-0.00024334,-0.00030939,0.01146610,OOS,low
2025-01-21,0.00827569,0.01049116,0.02775391,OOS,low
2025-01-22,0.00310857,0.00393494,0.00529800,OOS,low
2025-01-23,-0.00630714,-0.00791664,0.00528004,OOS,low
2025-01-24,-0.00567560,-0.00689167,-0.00427489,OOS,low
2025-01-27,-0.00000000,-0.00000000,-0.10737725,OOS,mid
2025-01-28,0.00000000,0.00000000,0.00952380,OOS,mid
2025-01-29,0.00000000,0.00000000,0.00545416,OOS,mid
2025-01-30,0.00000000,0.00000000,0.03068612,OOS,mid
2025-01-31,-0.00000000,-0.00000000,-0.00312274,OOS,mid
2025-02-03,-0.00000000,-0.00000000,-0.00471486,OOS,mid
2025-02-04,0.00000000,0.00000000,0.00285004,OOS,mid
2025-02-05,0.00000000,0.00000000,0.01959005,OOS,mid
2025-02-06,-0.00085943,-0.00140115,0.00997190,OOS,low
2025-02-07,-0.00308046,-0.00502103,0.00577542,OOS,low
2025-02-10,0.00138167,0.00223153,0.01530182,OOS,low
2025-02-11,-0.00099964,-0.00160935,-0.01698746,OOS,low
2025-02-12,0.00042291,0.00068078,-0.00609104,OOS,low
2025-02-13,0.00307975,0.00493704,0.00188760,OOS,low
2025-02-14,-0.00062007,-0.00099649,-0.00081848,OOS,low
2025-02-18,0.00125647,0.00201597,0.00829615,OOS,low
2025-02-19,-0.00033974,-0.00053981,-0.00254813,OOS,low
2025-02-20,0.00000000,0.00000000,-0.01053763,OOS,mid
2025-02-21,-0.00000000,-0.00000000,-0.03313732,OOS,mid
2025-02-24,-0.00000000,-0.00000000,-0.02836822,OOS,mid
2025-02-25,-0.00000000,-0.00000000,-0.01275499,OOS,mid
2025-02-26,-0.00000000,-0.00000000,0.02335120,OOS,mid
2025-02-27,-0.00000000,-0.00000000,-0.03437483,OOS,mid
2025-02-28,0.00000000,0.00000000,0.01668201,OOS,mid
2025-03-03,-0.00000000,-0.00000000,-0.03939265,OOS,high
2025-03-04,-0.00000000,-0.00000000,-0.00239160,OOS,high
2025-03-05,0.00000000,0.00000000,0.01471170,OOS,mid
2025-03-06,-0.00000000,-0.00000000,-0.04996140,OOS,high
2025-03-07,0.00000000,0.00000000,0.01278610,OOS,high
2025-03-10,-0.00000000,-0.00000000,-0.03846168,OOS,high
2025-03-11,-0.00000000,-0.00000000,0.01869979,OOS,high
2025-03-12,-0.00000000,-0.00000000,0.01718385,OOS,high
2025-03-13,-0.00000000,-0.00000000,-0.01796667,OOS,high
2025-03-14,0.00000000,0.00000000,0.03755706,OOS,high
2025-03-17,0.00000000,0.00000000,0.01146124,OOS,high
2025-03-18,-0.00000000,-0.00000000,-0.02299505,OOS,high
2025-03-19,0.00000000,0.00000000,0.02450143,OOS,high
2025-03-20,-0.00000000,-0.00000000,-0.00144978,OOS,high
2025-03-21,0.00000000,0.00000000,-0.00492187,OOS,high
2025-03-24,0.00000000,0.00000000,0.03026837,OOS,mid
2025-03-25,0.00000000,0.00000000,-0.01513161,OOS,mid
2025-03-26,-0.00000000,-0.00000000,-0.03596227,OOS,high
2025-03-27,-0.00000000,-0.00000000,-0.01819778,OOS,high
2025-03-28,-0.00000000,-0.00000000,-0.01654496,OOS,high
2025-03-31,-0.00000000,-0.00000000,-0.00488751,OOS,high
2025-04-01,0.00000000,0.00000000,0.02447126,OOS,high
2025-04-02,0.00000000,0.00000000,0.01947927,OOS,high
2025-04-03,-0.00000000,-0.00000000,-0.06376213,OOS,high
2025-04-04,-0.00000000,-0.00000000,-0.06298126,OOS,high
2025-04-07,0.00000000,0.00000000,0.01782454,OOS,high
2025-04-08,-0.00000000,-0.00000000,-0.02230808,OOS,high
2025-04-09,0.00000000,0.00000000,0.11222887,OOS,high
2025-04-10,-0.00000000,-0.00000000,-0.04508145,OOS,high
2025-04-11,-0.00000000,-0.00000000,0.02302420,OOS,high
2025-04-14,0.00000000,0.00000000,0.00754651,OOS,high
2025-04-15,-0.00000000,-0.00000000,-0.00869940,OOS,high
2025-04-16,0.00000000,0.00000000,-0.01263535,OOS,high
2025-04-17,-0.00000000,-0.00000000,0.00273658,OOS,high
2025-04-21,-0.00000000,-0.00000000,-0.03876510,OOS,high
2025-04-22,0.00000000,0.00000000,0.04109089,OOS,high
2025-04-23,0.00000000,0.00000000,0.02638412,OOS,high
2025-04-24,0.00000000,0.00000000,0.03333728,OOS,high
2025-04-25,0.00000000,0.00000000,0.01277144,OOS,high
2025-04-28,0.00000000,0.00000000,0.00828113,OOS,high
2025-04-29,-0.00000000,-0.00000000,0.00187916,OOS,high
2025-04-30,-0.00000000,-0.00000000,-0.01088762,OOS,high
2025-05-01,0.00000000,0.00000000,0.03191202,OOS,mid
2025-05-02,0.00000000,0.00000000,0.02159280,OOS,mid
2025-05-05,-0.00000000,-0.00000000,-0.00610811,OOS,mid
2025-05-06,-0.00000000,-0.00000000,0.00633206,OOS,mid
2025-05-07,0.00000000,0.00000000,0.00220106,OOS,mid
2025-05-08,0.00000000,0.00000000,0.01246804,OOS,mid
2025-05-09,0.00000000,0.00000000,0.00024126,OOS,mid
2025-05-12,0.00000000,0.00000000,0.03523260,OOS,mid
2025-05-13,0.00000000,0.00000000,0.02689639,OOS,mid
2025-05-14,0.00104645,0.00230635,0.00890989,OOS,low
2025-05-15,-0.00141719,-0.00312366,-0.00198599,OOS,low
2025-05-16,0.00083355,0.00183783,0.02510340,OOS,low
2025-05-19,-0.00220139,-0.00485441,0.00105856,OOS,low
2025-05-20,0.00019866,0.00043820,-0.00166151,OOS,low
2025-05-21,-0.00355486,-0.00784132,-0.01162722,OOS,low
2025-05-22,-0.00111297,-0.00246056,0.00196935,OOS,low
2025-05-23,0.00157894,0.00349127,0.01374175,OOS,low
2025-05-27,0.00456160,0.01008958,0.03044102,OOS,low
2025-05-28,0.00096401,0.00214129,-0.00557636,OOS,low
2025-05-29,-0.00027066,-0.00060074,-0.00203110,OOS,low
2025-05-30,-0.00105292,-0.00233529,-0.00262329,OOS,low
2025-06-02,-0.00089050,-0.00197474,0.01302204,OOS,low
2025-06-03,0.00654644,0.01451787,0.02216185,OOS,low
2025-06-04,0.00228809,0.00511571,0.01269092,OOS,low
2025-06-05,-0.00241221,-0.00538169,-0.01057580,OOS,low
2025-06-06,0.00453929,0.01012598,0.02132799,OOS,low
2025-06-09,0.00314760,0.00704577,0.00456662,OOS,low
2025-06-10,0.00132542,0.00296958,-0.00438587,OOS,low
2025-06-11,0.01120588,0.02507568,0.01365765,OOS,low
2025-06-12,-0.00041366,-0.00094838,0.00503627,OOS,low
2025-06-13,-0.00547059,-0.01252892,-0.01297909,OOS,low
2025-06-16,0.00382561,0.00881930,0.01990430,OOS,low
2025-06-17,-0.00648692,-0.01498429,-0.01308932,OOS,low
2025-06-18,0.00484220,0.01129103,0.00634914,OOS,low
2025-06-20,-0.00161598,-0.00378133,-0.00298470,OOS,low
2025-06-23,0.00061693,0.00144456,0.00191407,OOS,low
2025-06-24,0.00767202,0.01793200,0.02743735,OOS,low
2025-06-25,-0.00243068,-0.00573931,-0.01452508,OOS,low
2025-06-26,0.00729709,0.01717232,0.02096128,OOS,low
2025-06-27,-0.00164400,-0.00390521,0.00457346,OOS,low
2025-06-30,0.00992201,0.02359273,0.01551166,OOS,low
2025-07-01,-0.00488946,-0.01182915,-0.01502457,OOS,low
2025-07-02,0.00144112,0.00329682,0.01101613,OOS,low
2025-07-03,0.00391923,0.00864123,0.01555162,OOS,low
2025-07-07,-0.00089106,-0.00196741,-0.01286524,OOS,low
2025-07-08,0.00142395,0.00312381,-0.00874605,OOS,low
2025-07-09,0.00004157,0.00007185,0.01314016,OOS,low
2025-07-10,-0.00001260,-0.00002004,0.00099658,OOS,low
2025-07-11,0.00045236,0.00071938,-0.00345986,OOS,low
2025-07-14,-0.00233755,-0.00371752,0.01137924,OOS,low
2025-07-15,0.00213687,0.00286296,0.00112299,OOS,low
2025-07-16,-0.00608968,-0.00797117,0.00873297,OOS,low
2025-07-17,-0.00532316,-0.00703198,0.01214322,OOS,low
2025-07-18,0.00191030,0.00254598,0.01341125,OOS,low
2025-07-21,-0.00196144,-0.00261264,-0.00941293,OOS,low
2025-07-22,-0.00681191,-0.00909976,0.00242811,OOS,low
2025-07-23,0.00103452,0.00140247,0.01721397,OOS,low
2025-07-24,0.00025810,0.00034992,0.00599447,OOS,low
2025-07-25,0.01591472,0.02158319,0.01418924,OOS,low
2025-07-28,-0.00019228,-0.00027132,-0.00269121,OOS,low
2025-07-29,-0.00194145,-0.00272957,-0.00555908,OOS,low
2025-07-30,-0.00092373,-0.00129990,0.00396728,OOS,low
2025-07-31,-0.00232492,-0.00327621,0.00438176,OOS,low
2025-08-01,-0.00328955,-0.00463068,-0.02197247,OOS,low
2025-08-04,0.00689706,0.00974483,0.02121477,OOS,low
2025-08-05,0.00115838,0.00164533,0.00833150,OOS,low
2025-08-06,-0.00124247,-0.00176262,-0.00552641,OOS,low
2025-08-07,0.00269512,0.00382986,0.00350655,OOS,low
2025-08-08,0.00296569,0.00405813,-0.00291223,OOS,low
2025-08-11,0.00177361,0.00231670,-0.00561705,OOS,low
2025-08-12,0.00418840,0.00547092,0.01775932,OOS,low
2025-08-13,0.00010419,0.00013592,-0.00842282,OOS,low
2025-08-14,-0.00074291,-0.00096955,-0.00089389,OOS,low
2025-08-15,-0.00106224,-0.00137999,-0.00464126,OOS,low
2025-08-18,0.00067911,0.00088318,0.00687839,OOS,low
2025-08-19,-0.00304292,-0.00391090,-0.01766781,OOS,low
2025-08-20,-0.00355087,-0.00457240,-0.00247271,OOS,low
2025-08-21,-0.00324625,-0.00420076,-0.00493508,OOS,low
2025-08-22,0.00930443,0.01198618,0.01780160,OOS,low
2025-08-25,-0.00281717,-0.00367771,-0.00450565,OOS,low
2025-08-26,0.00197310,0.00258332,0.01292778,OOS,low
2025-08-27,-0.00098898,-0.00129233,-0.00105131,OOS,low
2025-08-28,0.00057562,0.00075175,0.00978943,OOS,low
2025-08-29,-0.00669003,-0.00855850,-0.01841110,OOS,low
2025-09-02,-0.00732579,-0.00947515,-0.01016463,OOS,low
2025-09-03,-0.00593339,-0.00774268,-0.00313126,OOS,low
2025-09-04,0.00486032,0.00634001,0.00273274,OOS,low
2025-09-05,0.00183562,0.00239207,-0.00163714,OOS,low
2025-09-08,0.00014078,0.00018342,-0.00079385,OOS,low
2025-09-09,0.00566988,0.00682388,0.01852668,OOS,low
2025-09-10,0.00442777,0.00535712,0.03622696,OOS,low
2025-09-11,0.00250474,0.00296147,0.00881525,OOS,low
2025-09-12,-0.00089469,-0.00104850,0.00342361,OOS,low
2025-09-15,0.00816701,0.00919731,0.01741375,OOS,low
2025-09-16,0.00228767,0.00255982,-0.00435665,OOS,low
2025-09-17,0.01241179,0.01383769,0.00417106,OOS,low
2025-09-18,0.01389476,0.01589972,0.01568879,OOS,low
2025-09-19,0.00547918,0.00620584,0.01669059,OOS,low
2025-09-22,0.01977585,0.02229377,0.02580340,OOS,low
2025-09-23,-0.00784588,-0.00911271,-0.00790020,OOS,low
2025-09-24,-0.00052669,-0.00061969,-0.00830243,OOS,low
2025-09-25,-0.00297031,-0.00322332,-0.01379521,OOS,low
2025-09-26,0.00442243,0.00466894,0.00408753,OOS,low
2025-09-29,-0.00174706,-0.00184703,0.00887696,OOS,low
2025-09-30,0.00513403,0.00538059,0.00749827,OOS,low
2025-10-01,0.02264642,0.02376950,0.01857629,OOS,low
2025-10-02,0.00045412,0.00051985,0.01092117,OOS,low
2025-10-03,0.01900952,0.02175699,0.00700619,OOS,low
2025-10-06,0.00983547,0.01195088,0.01612330,OOS,low
2025-10-07,-0.00803014,-0.00989015,-0.00577528,OOS,low
2025-10-08,0.00756922,0.00946305,0.02166326,OOS,low
2025-10-09,0.00171702,0.00216207,0.00198519,OOS,low
2025-10-10,0.03753948,0.04661392,-0.02490086,OOS,low
2025-10-13,0.01122462,0.01705757,0.03912230,OOS,low
2025-10-14,0.00545849,0.00843557,0.00250555,OOS,low
2025-10-15,0.01184896,0.01828901,0.01912222,OOS,low
2025-10-16,-0.01069152,-0.01656081,-0.01468608,OOS,low
2025-10-17,-0.01123472,-0.01802153,-0.01317906,OOS,low
2025-10-20,0.00879382,0.01462418,0.00901273,OOS,low
2025-10-21,-0.01684878,-0.02758157,-0.01773792,OOS,low
2025-10-22,-0.00000000,-0.00000000,-0.02910325,OOS,mid
2025-10-23,0.00818496,0.01498333,0.01952036,OOS,low
2025-10-24,0.00796577,0.01470482,0.03189042,OOS,low
2025-10-27,0.00365188,0.00678202,0.00780074,OOS,low
2025-10-28,-0.00387959,-0.00718330,-0.00454965,OOS,low
2025-10-29,-0.00042398,-0.00078813,0.00925999,OOS,low
2025-10-30,-0.00391928,-0.00729097,-0.01806699,OOS,low
2025-10-31,0.00177835,0.00332481,0.00802335,OOS,low
2025-11-03,-0.00046533,-0.00086995,0.00095108,OOS,low
2025-11-04,-0.00740914,-0.01386195,-0.02945863,OOS,low
2025-11-05,0.00666406,0.01267102,0.01648692,OOS,low
2025-11-06,-0.00000000,-0.00000000,-0.02813023,OOS,mid
2025-11-07,0.00000000,0.00000000,0.00235269,OOS,mid
2025-11-10,0.00115522,0.00224730,0.00912119,OOS,low
2025-11-11,-0.00000000,-0.00000000,-0.02192713,OOS,mid
2025-11-12,0.00000000,0.00000000,-0.00122209,OOS,mid
2025-11-13,-0.00000000,-0.00000000,-0.04443879,OOS,mid
2025-11-14,-0.00000000,-0.00000000,0.00198509,OOS,mid
2025-11-17,-0.00000000,-0.00000000,-0.01170931,OOS,mid
2025-11-18,-0.00000000,-0.00000000,-0.00052723,OOS,mid
2025-11-19,-0.00000000,-0.00000000,0.00525157,OOS,mid
2025-11-20,-0.00000000,-0.00000000,-0.03495321,OOS,mid
2025-11-21,0.00000000,0.00000000,0.00124503,OOS,mid
2025-11-24,0.00000000,0.00000000,0.03541212,OOS,mid
2025-11-25,-0.00000000,-0.00000000,-0.00021932,OOS,mid
2025-11-26,0.00000000,0.00000000,0.02069207,OOS,mid
2025-11-28,0.00000000,0.00000000,0.01421671,OOS,mid
2025-12-01,-0.00000000,-0.00000000,-0.02013329,OOS,mid
2025-12-02,0.00000000,0.00000000,-0.00139680,OOS,mid
2025-12-03,0.00000000,0.00000000,0.00922702,OOS,mid
2025-12-04,0.00000000,0.00000000,0.01760403,OOS,mid
2025-12-05,-0.00000000,-0.00000000,-0.00669697,OOS,mid
2025-12-08,0.00000000,0.00000000,0.00220182,OOS,mid
2025-12-09,-0.00000000,-0.00000000,0.00057835,OOS,mid
2025-12-10,0.00000000,0.00000000,0.00532439,OOS,mid
2025-12-11,-0.00000000,-0.00000000,0.00596855,OOS,mid
2025-12-12,-0.00000000,-0.00000000,-0.04096224,OOS,mid
2025-12-15,-0.00000000,-0.00000000,-0.01513267,OOS,mid
2025-12-16,0.00000000,0.00000000,0.00018448,OOS,mid
2025-12-17,-0.00000000,-0.00000000,-0.03663921,OOS,high
2025-12-18,0.00000000,0.00000000,0.02011508,OOS,mid
2025-12-19,0.00000000,0.00000000,0.02336459,OOS,mid
2025-12-22,0.00000000,0.00000000,0.00928715,OOS,mid
2025-12-23,-0.00000000,-0.00000000,-0.00231234,OOS,mid
2025-12-24,0.00000000,0.00000000,0.00250579,OOS,mid
2025-12-26,-0.00000000,-0.00000000,-0.00692493,OOS,mid
2025-12-29,-0.00000000,-0.00000000,-0.00454617,OOS,mid
2025-12-30,-0.00000000,-0.00000000,-0.00452190,OOS,mid
2025-12-31,-0.00000000,-0.00000000,-0.00764168,OOS,mid
2026-01-05,0.00000000,0.00000000,0.01296245,OOS,mid
2026-01-06,0.00000000,0.00000000,0.00613102,OOS,mid
2026-01-07,-0.00000000,-0.00000000,-0.01958492,OOS,mid
2026-01-08,-0.00000000,-0.00000000,-0.01062702,OOS,mid
2026-01-09,0.00000000,0.00000000,0.02134438,OOS,mid
2026-01-12,0.00000000,0.00000000,0.01001123,OOS,mid
2026-01-13,-0.00000000,-0.00000000,0.00485019,OOS,mid
2026-01-14,-0.00000000,-0.00000000,-0.00196934,OOS,mid
2026-01-15,-0.00000000,-0.00000000,0.01300203,OOS,mid
2026-01-16,0.00767970,0.01146699,0.01770858,OOS,low
2026-01-20,-0.00000000,-0.00000000,-0.02425191,OOS,mid
2026-01-21,0.00000000,0.00000000,0.01023885,OOS,mid
2026-01-22,-0.00000000,-0.00000000,0.00185998,OOS,mid
2026-01-23,0.00000000,0.00000000,-0.00280142,OOS,mid
2026-01-26,-0.00000000,-0.00000000,-0.00159989,OOS,mid
2026-01-27,0.01880050,0.02369392,0.02267611,OOS,low
2026-01-28,-0.00281513,-0.00379578,0.00526770,OOS,low
2026-01-29,-0.00748182,-0.01010159,-0.01148585,OOS,low
2026-01-30,-0.00000000,-0.00000000,-0.02580807,OOS,mid
2026-02-02,0.00000000,0.00000000,-0.00175529,OOS,mid
2026-02-03,0.00000000,0.00000000,0.01000397,OOS,mid
2026-02-04,-0.00000000,-0.00000000,-0.03124639,OOS,mid
2026-02-05,-0.00000000,-0.00000000,-0.02123650,OOS,mid
2026-02-06,0.00000000,0.00000000,0.05809001,OOS,mid
2026-02-09,0.00013403,0.00017442,0.02452007,OOS,low
2026-02-10,-0.00003866,-0.00005028,-0.00077429,OOS,low
2026-02-11,-0.00120415,-0.00155553,0.00609533,OOS,low
2026-02-12,-0.00995477,-0.01286124,-0.00884653,OOS,low
2026-02-13,-0.00016166,-0.00019524,0.01630574,OOS,low
2026-02-17,0.00236536,0.00285620,-0.00366627,OOS,low
2026-02-18,0.00138133,0.00163520,-0.00606635,OOS,low
2026-02-19,-0.00052356,-0.00061985,0.01190228,OOS,low
2026-02-20,0.00217812,0.00257150,-0.00199568,OOS,low
2026-02-23,-0.00223532,-0.00250474,-0.00915912,OOS,low
2026-02-24,0.00602947,0.00676449,0.02480036,OOS,low
2026-02-25,0.00187579,0.00206256,0.00234829,OOS,low
2026-02-26,0.00017883,0.00019661,-0.00906607,OOS,low
2026-02-27,-0.00463772,-0.00502393,-0.01349640,OOS,low
2026-03-02,0.00048403,0.00051890,0.00349704,OOS,low
2026-03-03,-0.00328613,-0.00339219,-0.01894283,OOS,low
2026-03-04,-0.00486102,-0.00499539,0.01668399,OOS,low
2026-03-05,-0.00313277,-0.00322955,-0.01806265,OOS,low
2026-03-06,-0.00000000,-0.00000000,-0.02233214,OOS,mid
2026-03-09,0.00309964,0.00311859,0.02266635,OOS,low
2026-03-10,-0.00075226,-0.00075817,0.00024636,OOS,low
2026-03-11,-0.00121499,-0.00122019,0.00585243,OOS,low
2026-03-12,-0.00000000,-0.00000000,-0.01369565,OOS,mid
2026-03-13,-0.00000000,-0.00000000,-0.00142599,OOS,mid
2026-03-16,0.00271305,0.00268360,0.02213364,OOS,low
2026-03-17,-0.00165219,-0.00163413,0.00335751,OOS,low
2026-03-18,-0.00386668,-0.00382686,-0.00999545,OOS,low
2026-03-19,-0.00017920,-0.00017529,0.00286109,OOS,low
2026-03-20,-0.00000000,-0.00000000,-0.04236160,OOS,mid
2026-03-23,0.00000000,0.00000000,0.02119419,OOS,mid
2026-03-24,-0.00000000,-0.00000000,0.00300307,OOS,mid
2026-03-25,-0.00017035,-0.00016215,0.01457678,OOS,low
2026-03-26,-0.00000000,-0.00000000,-0.03205396,OOS,mid
2026-03-27,-0.00000000,-0.00000000,-0.00439947,OOS,mid
2026-03-30,-0.00000000,-0.00000000,-0.02899389,OOS,mid
2026-03-31,0.00000000,0.00000000,0.04366932,OOS,mid
2026-04-01,0.00525389,0.00507608,0.01448278,OOS,low
2026-04-02,-0.00053117,-0.00051569,0.00949202,OOS,low
2026-04-06,0.00266479,0.00258338,0.00425726,OOS,low
2026-04-07,-0.00144107,-0.00139459,-0.00012708,OOS,low
2026-04-08,0.01098832,0.01063702,0.04019649,OOS,low
2026-04-09,0.00149036,0.00140012,0.00913289,OOS,low
2026-04-10,-0.00003807,-0.00003573,0.01046335,OOS,low
2026-04-13,0.00100502,0.00093777,0.01577731,OOS,low
2026-04-14,0.00691668,0.00644100,0.01992117,OOS,low
2026-04-15,-0.00147756,-0.00138579,0.00255913,OOS,low
2026-04-16,0.00022399,0.00020389,0.00185771,OOS,low
2026-04-17,-0.00048574,-0.00043794,0.01584871,OOS,low
2026-04-20,-0.00122347,-0.00110237,0.00282015,OOS,low
2026-04-21,0.00223593,0.00201374,-0.01446444,OOS,low
2026-04-22,-0.00326016,-0.00275005,0.02806466,OOS,low
2026-04-23,0.00292703,0.00244035,0.00786152,OOS,low
2026-04-24,-0.00353228,-0.00239736,0.00298408,OOS,low
2026-04-27,-0.00144099,-0.00097442,0.00217590,OOS,low
2026-04-28,-0.00513047,-0.00330870,-0.02121331,OOS,low
2026-04-29,-0.00072177,-0.00044878,-0.00611292,OOS,low
2026-04-30,0.00833313,0.00516764,0.03420067,OOS,low
2026-05-01,0.00363284,0.00228230,0.00680945,OOS,low
2026-05-04,-0.00484994,-0.00303797,0.00688106,OOS,low
2026-05-05,0.01440678,0.00895653,0.03089724,OOS,low
2026-05-06,0.00833750,0.00505489,0.02174140,OOS,low
2026-05-07,-0.00795272,-0.00488706,-0.03145247,OOS,low
2026-05-08,0.00459913,0.00286598,0.00343647,OOS,low
2026-05-11,0.01096039,0.00684618,0.01625669,OOS,low
2026-05-12,-0.00337118,-0.00194943,-0.01372235,OOS,low
2026-05-13,-0.00242767,-0.00140872,0.00184546,OOS,low
2026-05-14,-0.00198608,-0.00115087,0.01107850,OOS,low
2026-05-15,-0.00577684,-0.00334935,-0.03107805,OOS,low
2026-05-18,-0.00000000,-0.00000000,-0.02075140,OOS,mid
2026-05-19,-0.00000000,-0.00000000,-0.00960589,OOS,mid
2026-05-20,0.01494143,0.00888843,0.02569772,OOS,low
2026-05-21,0.00710500,0.00430708,0.02517894,OOS,low
2026-05-22,0.01005768,0.00614286,0.00824516,OOS,low
2026-05-26,0.00436600,0.00271716,0.02306528,OOS,low
2026-05-27,-0.00359869,-0.00220976,0.00550889,OOS,low
2026-05-28,0.01204097,0.00742314,0.00858067,OOS,low
2026-05-29,0.00242650,0.00152217,0.00174582,OOS,low
2026-06-01,-0.00866482,-0.00534347,0.00169781,OOS,low
2026-06-02,0.01360100,0.00848491,0.02294048,OOS,low
2026-06-03,-0.00809452,-0.00513508,-0.01037543,OOS,low
2026-06-04,0.00285199,0.00183791,0.00223613,OOS,low
2026-06-05,-0.00000000,-0.00000000,-0.04605728,OOS,mid
2026-06-08,-0.00000000,-0.00000000,0.00185432,OOS,mid
2026-06-09,-0.00000000,-0.00000000,-0.01282794,OOS,mid
2026-06-10,-0.00000000,-0.00000000,-0.03724974,OOS,mid
2026-06-11,0.00000000,0.00000000,0.03350717,OOS,mid
2026-06-12,-0.00000000,-0.00000000,0.01278257,OOS,mid
2026-06-15,0.01618608,0.01376159,0.02768946,OOS,low
2026-06-16,-0.00919693,-0.00821207,-0.00669000,OOS,low
2026-06-17,-0.00052345,-0.00047505,-0.00411564,OOS,low
2026-06-18,0.01158360,0.01050183,0.02517355,OOS,low
2026-06-22,0.00572718,0.00532263,0.00831090,OOS,low
2026-06-23,-0.02375325,-0.02218938,-0.02742179,OOS,low
2026-06-24,0.00276500,0.00288247,-0.00777798,OOS,low
2026-06-25,0.00181744,0.00189185,0.00173719,OOS,low
2026-06-26,-0.00000000,-0.00000000,-0.01233179,OOS,mid
2026-06-29,0.00000000,0.00000000,0.00145620,OOS,mid
2026-06-30,0.01019545,0.01080135,0.00441995,OOS,low
2026-07-01,-0.00000000,-0.00000000,-0.02855528,OOS,mid
2026-07-02,-0.00000000,-0.00000000,-0.02148106,OOS,mid
2026-07-06,0.00000000,0.00000000,0.01442570,OOS,mid
2026-07-07,-0.00000000,-0.00000000,-0.02368406,OOS,mid
2026-07-08,0.00000000,0.00000000,0.00865854,OOS,mid
2026-07-09,0.00000000,0.00000000,0.01612768,OOS,mid
2026-07-10,-0.00000000,-0.00000000,-0.00273969,OOS,mid
2026-07-13,-0.00000000,-0.00000000,-0.02168945,OOS,mid
2026-07-14,0.00000000,0.00000000,0.00451846,OOS,mid
2026-07-15,-0.00000000,-0.00000000,-0.00450984,OOS,mid
2026-07-16,-0.00000000,-0.00000000,-0.03028839,OOS,mid
2026-07-17,-0.00000000,-0.00000000,-0.00323851,OOS,mid
2026-07-20,0.00000000,0.00000000,0.00731141,OOS,mid
2026-07-21,0.00000000,0.00000000,0.02699454,OOS,mid
2026-07-22,-0.00000000,-0.00000000,0.01133689,OOS,mid
2026-07-23,0.00000000,0.00000000,0.00064099,OOS,mid
2026-07-24,-0.00000000,-0.00000000,-0.02420811,OOS,mid
2026-07-27,-0.00000000,-0.00000000,-0.00887086,OOS,mid
2026-07-28,-0.00000000,-0.00000000,-0.02646575,OOS,mid
2026-07-29,-0.00000000,-0.00000000,-0.04304291,OOS,high
2026-07-30,0.00000000,0.00000000,0.06915768,OOS,mid
2026-07-31,0.00000000,0.00000000,-0.00176833,OOS,mid
2026-08-03,0.00000000,0.00000000,0.03054705,OOS,mid
2026-08-04,0.00000000,0.00000000,0.01376209,OOS,mid
2026-08-05,-0.00000000,-0.00000000,-0.01573316,OOS,mid
2026-08-06,0.00000000,0.00000000,-0.00816594,OOS,mid
2026-08-07,0.00000000,0.00000000,0.01406534,OOS,mid
2026-08-10,-0.00000000,-0.00000000,-0.01628981,OOS,mid
2026-08-11,0.00000000,0.00000000,0.01316176,OOS,mid
2026-08-12,0.00000000,0.00000000,0.01468138,OOS,mid
2026-08-13,0.00000000,0.00000000,0.00241344,OOS,mid
2026-08-14,-0.00000000,-0.00000000,0.00952685,OOS,mid
2026-08-17,-0.00000000,-0.00000000,-0.00119450,OOS,mid
2026-08-18,-0.00000000,-0.00000000,-0.03653012,OOS,mid
2026-08-19,0.00000000,0.00000000,-0.00030779,OOS,mid
2026-08-20,-0.00000000,-0.00000000,-0.00398246,OOS,mid
2026-08-21,0.00000000,0.00000000,-0.01117247,OOS,mid
2026-08-24,-0.00000000,-0.00000000,-0.01403808,OOS,mid
2026-08-25,0.00000000,0.00000000,0.01174300,OOS,mid
2026-08-26,-0.00000000,-0.00000000,-0.00082692,OOS,mid
2026-08-27,0.00000000,0.00000000,0.00751900,OOS,mid
2026-08-28,-0.00000000,-0.00000000,-0.02926500,OOS,mid
2026-08-31,-0.00000000,-0.00000000,-0.00959677,OOS,high
2026-09-01,-0.00000000,-0.00000000,-0.00759231,OOS,high
2026-09-02,0.00000000,0.00000000,0.00563594,OOS,high
2026-09-03,0.00000000,0.00000000,0.01946542,OOS,mid
2026-09-04,0.00000000,0.00000000,0.01384932,OOS,mid
2026-09-08,0.00000000,0.00000000,0.02290031,OOS,mid
2026-09-09,-0.00000000,-0.00000000,-0.01761824,OOS,mid
2026-09-10,-0.00000000,-0.00000000,-0.02263716,OOS,mid
2026-09-11,0.00000000,0.00000000,0.01115782,OOS,mid
2026-09-14,-0.00000000,-0.00000000,-0.03408477,OOS,high
2026-09-15,0.00000000,0.00000000,-0.01116304,OOS,high
2026-09-16,-0.00000000,-0.00000000,0.00804108,OOS,high
2026-09-17,0.00000000,0.00000000,0.02001359,OOS,high
2026-09-18,-0.00000000,-0.00000000,0.00374808,OOS,mid
2026-09-21,0.00000000,0.00000000,0.01888588,OOS,mid
2026-09-22,-0.00000000,-0.00000000,0.00267990,OOS,mid
2026-09-23,-0.00000000,-0.00000000,-0.01727134,OOS,mid
2026-09-24,-0.00000000,-0.00000000,-0.01209046,OOS,high
2026-09-25,0.00000000,0.00000000,0.00138625,OOS,high
2026-09-28,-0.00000000,-0.00000000,-0.02131057,OOS,high
2026-09-29,0.00000000,0.00000000,0.01016153,OOS,high
2026-09-30,0.00000000,0.00000000,-0.00472200,OOS,high
2026-10-01,0.00000000,0.00000000,0.00576341,OOS,high
2026-10-02,0.00000000,0.00000000,0.01135342,OOS,high
