ticker,cik,name,concept,sic,group,period_end,quarter,availability,availability_resolution,value,previous_value,change,expectation_kind,expectation_status,history_count,history_span_days,expected_change_pit,surprise_pit,relative_surprise_pit,in_sealed_window,accession,source_receipt
AAPL,,,Assets,,hyperscaler,2009-06-27,Q2,2009-07-22T23:59:59+00:00,"filing date, end of day",48140000000.0,36171000000.0,11969000000.0,,missing,0,,,,,,,results/complex-quarterly/AAPL/2009-06-27
AMZN,,,Assets,,hyperscaler,2009-06-30,Q2,2009-07-24T23:59:59+00:00,"filing date, end of day",7675000000.0,8314000000.0,-639000000.0,,missing,0,,,,,,,results/complex-quarterly/AMZN/2009-06-30
EXC,,,Assets,,power,2009-06-30,Q2,2009-07-24T23:59:59+00:00,"filing date, end of day",48979000000.0,47817000000.0,1162000000.0,,missing,0,,,,,,,results/complex-quarterly/EXC/2009-06-30
J,,,Assets,,buildout,2008-09-30,Q3,2009-07-30T23:59:59+00:00,"filing date, end of day",4278238000.0,4278238000.0,0.0,,missing,0,,,,,,,results/complex-quarterly/J/2008-09-30
J,,,Assets,,buildout,2009-06-30,Q2,2009-07-30T23:59:59+00:00,"filing date, end of day",4425536000.0,4278238000.0,147298000.0,,missing,0,,,,,,,results/complex-quarterly/J/2009-06-30
D,,,Assets,,power,2009-06-30,Q2,2009-07-31T23:59:59+00:00,"filing date, end of day",41497000000.0,42053000000.0,-556000000.0,,missing,0,,,,,,,results/complex-quarterly/D/2009-06-30
NEE,,,Assets,,power,2009-06-30,Q2,2009-07-31T23:59:59+00:00,"filing date, end of day",46404000000.0,44821000000.0,1583000000.0,,missing,0,,,,,,,results/complex-quarterly/NEE/2009-06-30
AEP,,,Assets,,power,2009-06-30,Q2,2009-08-04T23:59:59+00:00,"filing date, end of day",46338000000.0,45155000000.0,1183000000.0,,missing,0,,,,,,,results/complex-quarterly/AEP/2009-06-30
ROK,,,Assets,,buildout,2009-06-30,Q2,2009-08-04T23:59:59+00:00,"filing date, end of day",4164000000.0,4593600000.0,-429600000.0,,missing,0,,,,,,,results/complex-quarterly/ROK/2009-06-30
PCG,,,Assets,,power,2009-06-30,Q2,2009-08-05T23:59:59+00:00,"filing date, end of day",42197000000.0,40860000000.0,1337000000.0,,missing,0,,,,,,,results/complex-quarterly/PCG/2009-06-30
AMT,,,Assets,,data_center_reit,2009-06-30,Q2,2009-08-06T23:59:59+00:00,"filing date, end of day",8486487000.0,8211665000.0,274822000.0,,missing,0,,,,,,,results/complex-quarterly/AMT/2009-06-30
DUK,,,Assets,,power,2009-06-30,Q2,2009-08-07T23:59:59+00:00,"filing date, end of day",54709000000.0,53077000000.0,1632000000.0,,missing,0,,,,,,,results/complex-quarterly/DUK/2009-06-30
EIX,,,Assets,,power,2009-06-30,Q2,2009-08-07T23:59:59+00:00,"filing date, end of day",41881000000.0,44615000000.0,-2734000000.0,,missing,0,,,,,,,results/complex-quarterly/EIX/2009-06-30
PWR,,,Assets,,buildout,2009-06-30,Q2,2009-08-10T23:59:59+00:00,"filing date, end of day",3599502000.0,3558159000.0,41343000.0,,missing,0,,,,,,,results/complex-quarterly/PWR/2009-06-30
WY,,,Assets,,data_center_reit,2009-06-30,Q2,2009-08-10T23:59:59+00:00,"filing date, end of day",15842000000.0,16695000000.0,-853000000.0,,missing,0,,,,,,,results/complex-quarterly/WY/2009-06-30
NVDA,,,Assets,,compute_and_ai,2009-07-26,Q3,2009-08-20T23:59:59+00:00,"filing date, end of day",3298409000.0,3350727000.0,-52318000.0,,missing,0,,,,,,,results/complex-quarterly/NVDA/2009-07-26
NRG,,,Assets,,power,2009-06-30,Q2,2009-08-25T23:59:59+00:00,"filing date, end of day",27305000000.0,24808000000.0,2497000000.0,,missing,0,,,,,,,results/complex-quarterly/NRG/2009-06-30
PPL,,,Assets,,power,2009-06-30,Q2,2009-08-25T23:59:59+00:00,"filing date, end of day",22410000000.0,21405000000.0,1005000000.0,,missing,0,,,,,,,results/complex-quarterly/PPL/2009-06-30
SO,,,Assets,,power,2009-06-30,Q2,2009-08-27T23:59:59+00:00,"filing date, end of day",50417049000.0,48347000000.0,2070049000.0,,missing,0,,,,,,,results/complex-quarterly/SO/2009-06-30
CCI,,,Assets,,data_center_reit,2009-06-30,Q2,2009-08-28T23:59:59+00:00,"filing date, end of day",10552413000.0,10361722000.0,190691000.0,,missing,0,,,,,,,results/complex-quarterly/CCI/2009-06-30
ETR,,,Assets,,power,2009-06-30,Q2,2009-09-04T23:59:59+00:00,"filing date, end of day",36485220000.0,36616818000.0,-131598000.0,,missing,0,,,,,,,results/complex-quarterly/ETR/2009-06-30
ORCL,,,Assets,,hyperscaler,2009-08-31,Q3,2009-09-21T23:59:59+00:00,"filing date, end of day",52998000000.0,47416000000.0,5582000000.0,,missing,0,,,,,,,results/complex-quarterly/ORCL/2009-08-31
AMZN,,,Assets,,hyperscaler,2009-09-30,Q3,2009-10-23T23:59:59+00:00,"filing date, end of day",8972000000.0,7675000000.0,1297000000.0,,missing,0,,,,,,,results/complex-quarterly/AMZN/2009-09-30
MSFT,,,Assets,,hyperscaler,2009-09-30,Q3,2009-10-23T23:59:59+00:00,"filing date, end of day",81612000000.0,77888000000.0,3724000000.0,,missing,0,,,,,,,results/complex-quarterly/MSFT/2009-09-30
PCG,,,Assets,,power,2009-09-30,Q3,2009-10-29T23:59:59+00:00,"filing date, end of day",42551000000.0,42197000000.0,354000000.0,,missing,0,,,,,,,results/complex-quarterly/PCG/2009-09-30
AEP,,,Assets,,power,2009-09-30,Q3,2009-10-30T23:59:59+00:00,"filing date, end of day",47193000000.0,46338000000.0,855000000.0,,missing,0,,,,,,,results/complex-quarterly/AEP/2009-09-30
NEE,,,Assets,,power,2009-09-30,Q3,2009-10-30T23:59:59+00:00,"filing date, end of day",47155000000.0,46404000000.0,751000000.0,,missing,0,,,,,,,results/complex-quarterly/NEE/2009-09-30
PPL,,,Assets,,power,2009-09-30,Q3,2009-10-30T23:59:59+00:00,"filing date, end of day",21944000000.0,22410000000.0,-466000000.0,,missing,0,,,,,,,results/complex-quarterly/PPL/2009-09-30
D,,,Assets,,power,2009-09-30,Q3,2009-11-02T23:59:59+00:00,"filing date, end of day",42087000000.0,41497000000.0,590000000.0,,missing,0,,,,,,,results/complex-quarterly/D/2009-09-30
NRG,,,Assets,,power,2009-09-30,Q3,2009-11-02T23:59:59+00:00,"filing date, end of day",25954000000.0,27305000000.0,-1351000000.0,,missing,0,,,,,,,results/complex-quarterly/NRG/2009-09-30
AMT,,,Assets,,data_center_reit,2009-09-30,Q3,2009-11-05T23:59:59+00:00,"filing date, end of day",8394824000.0,8486487000.0,-91663000.0,,missing,0,,,,,,,results/complex-quarterly/AMT/2009-09-30
CCI,,,Assets,,data_center_reit,2009-09-30,Q3,2009-11-06T23:59:59+00:00,"filing date, end of day",10483219000.0,10552413000.0,-69194000.0,,missing,0,,,,,,,results/complex-quarterly/CCI/2009-09-30
DUK,,,Assets,,power,2009-09-30,Q3,2009-11-06T23:59:59+00:00,"filing date, end of day",55774000000.0,54709000000.0,1065000000.0,,missing,0,,,,,,,results/complex-quarterly/DUK/2009-09-30
EIX,,,Assets,,power,2009-09-30,Q3,2009-11-06T23:59:59+00:00,"filing date, end of day",42772000000.0,41881000000.0,891000000.0,,missing,0,,,,,,,results/complex-quarterly/EIX/2009-09-30
ETR,,,Assets,,power,2009-09-30,Q3,2009-11-06T23:59:59+00:00,"filing date, end of day",36170335000.0,36485220000.0,-314885000.0,,missing,0,,,,,,,results/complex-quarterly/ETR/2009-09-30
SO,,,Assets,,power,2009-09-30,Q3,2009-11-06T23:59:59+00:00,"filing date, end of day",50524207000.0,50417049000.0,107158000.0,,missing,0,,,,,,,results/complex-quarterly/SO/2009-09-30
WY,,,Assets,,data_center_reit,2009-09-30,Q3,2009-11-06T23:59:59+00:00,"filing date, end of day",15365000000.0,15842000000.0,-477000000.0,,missing,0,,,,,,,results/complex-quarterly/WY/2009-09-30
PWR,,,Assets,,buildout,2009-09-30,Q3,2009-11-09T23:59:59+00:00,"filing date, end of day",3634105000.0,3599502000.0,34603000.0,,missing,0,,,,,,,results/complex-quarterly/PWR/2009-09-30
NVDA,,,Assets,,compute_and_ai,2009-10-25,Q4,2009-11-19T23:59:59+00:00,"filing date, end of day",3463574000.0,3298409000.0,165165000.0,,missing,0,,,,,,,results/complex-quarterly/NVDA/2009-10-25
ORCL,,,Assets,,hyperscaler,2009-11-30,Q4,2009-12-22T23:59:59+00:00,"filing date, end of day",53833000000.0,52998000000.0,835000000.0,,missing,0,,,,,,,results/complex-quarterly/ORCL/2009-11-30
MU,,,Assets,,compute_and_ai,2009-12-03,Q4,2010-01-12T23:59:59+00:00,"filing date, end of day",11726000000.0,11459000000.0,267000000.0,,missing,0,,,,,,,results/complex-quarterly/MU/2009-12-03
AAPL,,,Assets,,hyperscaler,2009-12-26,Q4,2010-01-25T23:59:59+00:00,"filing date, end of day",53926000000.0,47501000000.0,6425000000.0,,missing,0,,,,,,,results/complex-quarterly/AAPL/2009-12-26
J,,,Assets,,buildout,2010-01-01,Q1,2010-01-28T23:59:59+00:00,"filing date, end of day",4680536000.0,4428614000.0,251922000.0,,missing,0,,,,,,,results/complex-quarterly/J/2010-01-01
MSFT,,,Assets,,hyperscaler,2009-12-31,Q4,2010-01-28T23:59:59+00:00,"filing date, end of day",82096000000.0,81612000000.0,484000000.0,,missing,0,,,,,,,results/complex-quarterly/MSFT/2009-12-31
ROK,,,Assets,,buildout,2009-12-31,Q4,2010-02-08T23:59:59+00:00,"filing date, end of day",4398800000.0,4305700000.0,93100000.0,,missing,0,,,,,,,results/complex-quarterly/ROK/2009-12-31
ORCL,,,Assets,,hyperscaler,2010-02-28,Q1,2010-03-29T23:59:59+00:00,"filing date, end of day",59386000000.0,53833000000.0,5553000000.0,,missing,0,,,,,,,results/complex-quarterly/ORCL/2010-02-28
AAPL,,,Assets,,hyperscaler,2010-03-27,Q1,2010-04-21T23:59:59+00:00,"filing date, end of day",57057000000.0,53926000000.0,3131000000.0,,missing,0,,,,,,,results/complex-quarterly/AAPL/2010-03-27
MSFT,,,Assets,,hyperscaler,2010-03-31,Q1,2010-04-22T23:59:59+00:00,"filing date, end of day",84910000000.0,82096000000.0,2814000000.0,,missing,0,,,,,,,results/complex-quarterly/MSFT/2010-03-31
AMZN,,,Assets,,hyperscaler,2010-03-31,Q1,2010-04-23T23:59:59+00:00,"filing date, end of day",12042000000.0,13813000000.0,-1771000000.0,,missing,0,,,,,,,results/complex-quarterly/AMZN/2010-03-31
EXC,,,Assets,,power,2010-03-31,Q1,2010-04-23T23:59:59+00:00,"filing date, end of day",50741000000.0,49180000000.0,1561000000.0,,missing,0,,,,,,,results/complex-quarterly/EXC/2010-03-31
D,,,Assets,,power,2010-03-31,Q1,2010-04-29T23:59:59+00:00,"filing date, end of day",42163000000.0,42554000000.0,-391000000.0,,missing,0,,,,,,,results/complex-quarterly/D/2010-03-31
J,,,Assets,,buildout,2010-04-02,Q2,2010-04-29T23:59:59+00:00,"filing date, end of day",4650822000.0,4680536000.0,-29714000.0,prior same-quarter,measured,1,0,147298000.0,-177012000.0,-0.03781874554538198,,,results/complex-quarterly/J/2010-04-02
AEP,,,Assets,,power,2010-03-31,Q1,2010-04-30T23:59:59+00:00,"filing date, end of day",49625000000.0,48348000000.0,1277000000.0,,missing,0,,,,,,,results/complex-quarterly/AEP/2010-03-31
NEE,,,Assets,,power,2010-03-31,Q1,2010-05-03T23:59:59+00:00,"filing date, end of day",50942000000.0,48458000000.0,2484000000.0,,missing,0,,,,,,,results/complex-quarterly/NEE/2010-03-31
ROK,,,Assets,,buildout,2010-03-31,Q1,2010-05-05T23:59:59+00:00,"filing date, end of day",4542200000.0,4398800000.0,143400000.0,,missing,0,,,,,,,results/complex-quarterly/ROK/2010-03-31
AMT,,,Assets,,data_center_reit,2010-03-31,Q1,2010-05-06T23:59:59+00:00,"filing date, end of day",8674251000.0,8519931000.0,154320000.0,,missing,0,,,,,,,results/complex-quarterly/AMT/2010-03-31
PPL,,,Assets,,power,2010-03-31,Q1,2010-05-06T23:59:59+00:00,"filing date, end of day",24935000000.0,22165000000.0,2770000000.0,,missing,0,,,,,,,results/complex-quarterly/PPL/2010-03-31
EIX,,,Assets,,power,2010-03-31,Q1,2010-05-07T23:59:59+00:00,"filing date, end of day",42357000000.0,41444000000.0,913000000.0,,missing,0,,,,,,,results/complex-quarterly/EIX/2010-03-31
ETR,,,Assets,,power,2010-03-31,Q1,2010-05-07T23:59:59+00:00,"filing date, end of day",38109402000.0,37561953000.0,547449000.0,,missing,0,,,,,,,results/complex-quarterly/ETR/2010-03-31
PCG,,,Assets,,power,2010-03-31,Q1,2010-05-07T23:59:59+00:00,"filing date, end of day",43540000000.0,42945000000.0,595000000.0,,missing,0,,,,,,,results/complex-quarterly/PCG/2010-03-31
SO,,,Assets,,power,2010-03-31,Q1,2010-05-07T23:59:59+00:00,"filing date, end of day",52580045000.0,52046000000.0,534045000.0,,missing,0,,,,,,,results/complex-quarterly/SO/2010-03-31
WY,,,Assets,,data_center_reit,2010-03-31,Q1,2010-05-07T23:59:59+00:00,"filing date, end of day",15175000000.0,15250000000.0,-75000000.0,,missing,0,,,,,,,results/complex-quarterly/WY/2010-03-31
CCI,,,Assets,,data_center_reit,2010-03-31,Q1,2010-05-10T23:59:59+00:00,"filing date, end of day",10560509000.0,10956606000.0,-396097000.0,,missing,0,,,,,,,results/complex-quarterly/CCI/2010-03-31
IRM,,,Assets,,data_center_reit,2010-03-31,Q1,2010-05-10T23:59:59+00:00,"filing date, end of day",6738679000.0,6851157000.0,-112478000.0,,missing,0,,,,,,,results/complex-quarterly/IRM/2010-03-31
NRG,,,Assets,,power,2010-03-31,Q1,2010-05-10T23:59:59+00:00,"filing date, end of day",24578000000.0,23378000000.0,1200000000.0,,missing,0,,,,,,,results/complex-quarterly/NRG/2010-03-31
PWR,,,Assets,,buildout,2010-03-31,Q1,2010-05-10T23:59:59+00:00,"filing date, end of day",4049152000.0,4116954000.0,-67802000.0,,missing,0,,,,,,,results/complex-quarterly/PWR/2010-03-31
NVDA,,,Assets,,compute_and_ai,2010-05-02,Q2,2010-05-21T23:59:59+00:00,"filing date, end of day",3803030000.0,3585918000.0,217112000.0,,missing,0,,,,,,,results/complex-quarterly/NVDA/2010-05-02
AAPL,,,Assets,,hyperscaler,2010-06-26,Q2,2010-07-21T23:59:59+00:00,"filing date, end of day",64725000000.0,57057000000.0,7668000000.0,prior same-quarter,measured,1,0,11969000000.0,-4301000000.0,-0.0753807595912859,,,results/complex-quarterly/AAPL/2010-06-26
EXC,,,Assets,,power,2010-06-30,Q2,2010-07-22T23:59:59+00:00,"filing date, end of day",49173000000.0,50741000000.0,-1568000000.0,prior same-quarter,measured,1,0,1162000000.0,-2730000000.0,-0.05380264480400465,,,results/complex-quarterly/EXC/2010-06-30
AMZN,,,Assets,,hyperscaler,2010-06-30,Q2,2010-07-23T23:59:59+00:00,"filing date, end of day",12397000000.0,12042000000.0,355000000.0,prior same-quarter,measured,1,0,-639000000.0,994000000.0,0.08254442783590765,,,results/complex-quarterly/AMZN/2010-06-30
EME,,,Assets,,buildout,2010-06-30,Q2,2010-07-29T23:59:59+00:00,"filing date, end of day",2816359000.0,2981894000.0,-165535000.0,,missing,0,,,,,,,results/complex-quarterly/EME/2010-06-30
AEP,,,Assets,,power,2010-06-30,Q2,2010-07-30T23:59:59+00:00,"filing date, end of day",49937000000.0,49625000000.0,312000000.0,prior same-quarter,measured,1,0,1183000000.0,-871000000.0,-0.017551637279596976,,,results/complex-quarterly/AEP/2010-06-30
J,,,Assets,,buildout,2010-07-02,Q3,2010-07-30T23:59:59+00:00,"filing date, end of day",4660776000.0,4650822000.0,9954000.0,prior same-quarter,measured,1,0,0.0,9954000.0,0.002140266817349707,,,results/complex-quarterly/J/2010-07-02
D,,,Assets,,power,2010-06-30,Q2,2010-08-02T23:59:59+00:00,"filing date, end of day",41788000000.0,42163000000.0,-375000000.0,prior same-quarter,measured,1,0,-556000000.0,181000000.0,0.004292863411047601,,,results/complex-quarterly/D/2010-06-30
FSLR,,,Assets,,fuel_and_nuclear,2009-06-27,Q2,2010-08-02T23:59:59+00:00,"filing date, end of day",2910179000.0,2114502000.0,795677000.0,,missing,0,,,,,,,results/complex-quarterly/FSLR/2009-06-27
AMD,,,Assets,,compute_and_ai,2010-06-26,Q2,2010-08-04T23:59:59+00:00,"filing date, end of day",4955000000.0,9078000000.0,-4123000000.0,,missing,0,,,,,,,results/complex-quarterly/AMD/2010-06-26
EQIX,,,Assets,,data_center_reit,2010-06-30,Q2,2010-08-04T23:59:59+00:00,"filing date, end of day",4282208000.0,3038150000.0,1244058000.0,,missing,0,,,,,,,results/complex-quarterly/EQIX/2010-06-30
PCG,,,Assets,,power,2010-06-30,Q2,2010-08-04T23:59:59+00:00,"filing date, end of day",44218000000.0,43540000000.0,678000000.0,prior same-quarter,measured,1,0,1337000000.0,-659000000.0,-0.015135507579237482,,,results/complex-quarterly/PCG/2010-06-30
SBAC,,,Assets,,data_center_reit,2010-06-30,Q2,2010-08-04T23:59:59+00:00,"filing date, end of day",3433689000.0,3313646000.0,120043000.0,,missing,0,,,,,,,results/complex-quarterly/SBAC/2010-06-30
EIX,,,Assets,,power,2010-06-30,Q2,2010-08-05T23:59:59+00:00,"filing date, end of day",43055000000.0,42357000000.0,698000000.0,prior same-quarter,measured,1,0,-2734000000.0,3432000000.0,0.08102556838302996,,,results/complex-quarterly/EIX/2010-06-30
LEU,,,Assets,,fuel_and_nuclear,2010-06-30,Q2,2010-08-05T23:59:59+00:00,"filing date, end of day",3690500000.0,3532100000.0,158400000.0,,missing,0,,,,,,,results/complex-quarterly/LEU/2010-06-30
ROK,,,Assets,,buildout,2010-06-30,Q2,2010-08-05T23:59:59+00:00,"filing date, end of day",4614500000.0,4542200000.0,72300000.0,prior same-quarter,measured,1,0,-429600000.0,501900000.0,0.11049711593500947,,,results/complex-quarterly/ROK/2010-06-30
AMT,,,Assets,,data_center_reit,2010-06-30,Q2,2010-08-06T23:59:59+00:00,"filing date, end of day",8585923000.0,8674251000.0,-88328000.0,prior same-quarter,measured,1,0,274822000.0,-363150000.0,-0.0418652861209573,,,results/complex-quarterly/AMT/2010-06-30
DUK,,,Assets,,power,2010-06-30,Q2,2010-08-06T23:59:59+00:00,"filing date, end of day",56400000000.0,57040000000.0,-640000000.0,prior same-quarter,measured,1,0,1632000000.0,-2272000000.0,-0.03983169705469846,,,results/complex-quarterly/DUK/2010-06-30
NEE,,,Assets,,power,2010-06-30,Q2,2010-08-06T23:59:59+00:00,"filing date, end of day",51209000000.0,50942000000.0,267000000.0,prior same-quarter,measured,1,0,1583000000.0,-1316000000.0,-0.025833300616387264,,,results/complex-quarterly/NEE/2010-06-30
SO,,,Assets,,power,2010-06-30,Q2,2010-08-06T23:59:59+00:00,"filing date, end of day",53374490000.0,52580045000.0,794445000.0,prior same-quarter,measured,1,0,2070049000.0,-1275604000.0,-0.024260230283180625,,,results/complex-quarterly/SO/2010-06-30
PWR,,,Assets,,buildout,2010-06-30,Q2,2010-08-09T23:59:59+00:00,"filing date, end of day",3960302000.0,4049152000.0,-88850000.0,prior same-quarter,measured,1,0,41343000.0,-130193000.0,-0.03215315206739584,,,results/complex-quarterly/PWR/2010-06-30
DLR,,,Assets,,data_center_reit,2010-06-30,Q2,2010-08-12T23:59:59+00:00,"filing date, end of day",4501032000.0,3745059000.0,755973000.0,,missing,0,,,,,,,results/complex-quarterly/DLR/2010-06-30
NRG,,,Assets,,power,2010-06-30,Q2,2010-08-13T23:59:59+00:00,"filing date, end of day",25103000000.0,24578000000.0,525000000.0,prior same-quarter,measured,1,0,2497000000.0,-1972000000.0,-0.08023435592806576,,,results/complex-quarterly/NRG/2010-06-30
WY,,,Assets,,data_center_reit,2010-06-30,Q2,2010-08-13T23:59:59+00:00,"filing date, end of day",14708000000.0,15175000000.0,-467000000.0,prior same-quarter,measured,1,0,-853000000.0,386000000.0,0.02543657331136738,,,results/complex-quarterly/WY/2010-06-30
CCI,,,Assets,,data_center_reit,2010-06-30,Q2,2010-08-26T23:59:59+00:00,"filing date, end of day",10352414000.0,10560509000.0,-208095000.0,prior same-quarter,measured,1,0,190691000.0,-398786000.0,-0.03776200560029824,,,results/complex-quarterly/CCI/2010-06-30
NVDA,,,Assets,,compute_and_ai,2010-08-01,Q3,2010-08-30T23:59:59+00:00,"filing date, end of day",3731268000.0,3803030000.0,-71762000.0,prior same-quarter,measured,1,0,-52318000.0,-19444000.0,-0.005112765347630705,,,results/complex-quarterly/NVDA/2010-08-01
PPL,,,Assets,,power,2010-06-30,Q2,2010-09-01T23:59:59+00:00,"filing date, end of day",25913000000.0,24935000000.0,978000000.0,prior same-quarter,measured,1,0,1005000000.0,-27000000.0,-0.001082815319831562,,,results/complex-quarterly/PPL/2010-06-30
ETR,,,Assets,,power,2010-06-30,Q2,2010-09-03T23:59:59+00:00,"filing date, end of day",37752074000.0,38109402000.0,-357328000.0,prior same-quarter,measured,1,0,-131598000.0,-225730000.0,-0.005923210235626368,,,results/complex-quarterly/ETR/2010-06-30
ORCL,,,Assets,,hyperscaler,2010-08-31,Q3,2010-09-29T23:59:59+00:00,"filing date, end of day",65255000000.0,61578000000.0,3677000000.0,prior same-quarter,measured,1,0,5582000000.0,-1905000000.0,-0.030936373380103285,,,results/complex-quarterly/ORCL/2010-08-31
AMZN,,,Assets,,hyperscaler,2010-09-30,Q3,2010-10-22T23:59:59+00:00,"filing date, end of day",14162000000.0,12397000000.0,1765000000.0,prior same-quarter,measured,1,0,1297000000.0,468000000.0,0.03775106880696943,,,results/complex-quarterly/AMZN/2010-09-30
EXC,,,Assets,,power,2010-09-30,Q3,2010-10-22T23:59:59+00:00,"filing date, end of day",50948000000.0,49173000000.0,1775000000.0,,missing,0,,,,,,,results/complex-quarterly/EXC/2010-09-30
MSFT,,,Assets,,hyperscaler,2010-09-30,Q3,2010-10-28T23:59:59+00:00,"filing date, end of day",91540000000.0,86113000000.0,5427000000.0,prior same-quarter,measured,1,0,3724000000.0,1703000000.0,0.019776340389952737,,,results/complex-quarterly/MSFT/2010-09-30
D,,,Assets,,power,2010-09-30,Q3,2010-10-29T23:59:59+00:00,"filing date, end of day",42229000000.0,41788000000.0,441000000.0,prior same-quarter,measured,1,0,590000000.0,-149000000.0,-0.0035656169235187135,,,results/complex-quarterly/D/2010-09-30
EIX,,,Assets,,power,2010-09-30,Q3,2010-10-29T23:59:59+00:00,"filing date, end of day",45566000000.0,43055000000.0,2511000000.0,prior same-quarter,measured,1,0,891000000.0,1620000000.0,0.03762629195215422,,,results/complex-quarterly/EIX/2010-09-30
EQIX,,,Assets,,data_center_reit,2010-09-30,Q3,2010-10-29T23:59:59+00:00,"filing date, end of day",4480891000.0,4282208000.0,198683000.0,,missing,0,,,,,,,results/complex-quarterly/EQIX/2010-09-30
PPL,,,Assets,,power,2010-09-30,Q3,2010-10-29T23:59:59+00:00,"filing date, end of day",26728000000.0,25913000000.0,815000000.0,prior same-quarter,measured,1,0,-466000000.0,1281000000.0,0.04943464670242735,,,results/complex-quarterly/PPL/2010-09-30
AEP,,,Assets,,power,2010-09-30,Q3,2010-11-01T23:59:59+00:00,"filing date, end of day",49892000000.0,49937000000.0,-45000000.0,prior same-quarter,measured,1,0,855000000.0,-900000000.0,-0.018022708612852194,,,results/complex-quarterly/AEP/2010-09-30
FSLR,,,Assets,,fuel_and_nuclear,2009-09-26,Q3,2010-11-01T23:59:59+00:00,"filing date, end of day",3095072000.0,2910179000.0,184893000.0,,missing,0,,,,,,,results/complex-quarterly/FSLR/2009-09-26
EME,,,Assets,,buildout,2010-09-30,Q3,2010-11-02T23:59:59+00:00,"filing date, end of day",2627504000.0,2816359000.0,-188855000.0,,missing,0,,,,,,,results/complex-quarterly/EME/2010-09-30
AMD,,,Assets,,compute_and_ai,2010-09-25,Q3,2010-11-03T23:59:59+00:00,"filing date, end of day",4595000000.0,4955000000.0,-360000000.0,,missing,0,,,,,,,results/complex-quarterly/AMD/2010-09-25
LEU,,,Assets,,fuel_and_nuclear,2010-09-30,Q3,2010-11-03T23:59:59+00:00,"filing date, end of day",3699300000.0,3690500000.0,8800000.0,,missing,0,,,,,,,results/complex-quarterly/LEU/2010-09-30
NRG,,,Assets,,power,2010-09-30,Q3,2010-11-04T23:59:59+00:00,"filing date, end of day",27419000000.0,25103000000.0,2316000000.0,prior same-quarter,measured,1,0,-1351000000.0,3667000000.0,0.14607815798908497,,,results/complex-quarterly/NRG/2010-09-30
PCG,,,Assets,,power,2010-09-30,Q3,2010-11-04T23:59:59+00:00,"filing date, end of day",45253000000.0,44218000000.0,1035000000.0,prior same-quarter,measured,1,0,354000000.0,681000000.0,0.01540096793161156,,,results/complex-quarterly/PCG/2010-09-30
SBAC,,,Assets,,data_center_reit,2010-09-30,Q3,2010-11-04T23:59:59+00:00,"filing date, end of day",3423936000.0,3433689000.0,-9753000.0,,missing,0,,,,,,,results/complex-quarterly/SBAC/2010-09-30
AMT,,,Assets,,data_center_reit,2010-09-30,Q3,2010-11-05T23:59:59+00:00,"filing date, end of day",9448978000.0,8585923000.0,863055000.0,prior same-quarter,measured,1,0,-91663000.0,954718000.0,0.11119573282919029,,,results/complex-quarterly/AMT/2010-09-30
CCI,,,Assets,,data_center_reit,2010-09-30,Q3,2010-11-05T23:59:59+00:00,"filing date, end of day",10653242000.0,10352414000.0,300828000.0,prior same-quarter,measured,1,0,-69194000.0,370022000.0,0.03574258139212748,,,results/complex-quarterly/CCI/2010-09-30
DUK,,,Assets,,power,2010-09-30,Q3,2010-11-05T23:59:59+00:00,"filing date, end of day",57857000000.0,56400000000.0,1457000000.0,prior same-quarter,measured,1,0,1065000000.0,392000000.0,0.006950354609929078,,,results/complex-quarterly/DUK/2010-09-30
ETR,,,Assets,,power,2010-09-30,Q3,2010-11-05T23:59:59+00:00,"filing date, end of day",38668207000.0,37752074000.0,916133000.0,prior same-quarter,measured,1,0,-314885000.0,1231018000.0,0.032607956850264706,,,results/complex-quarterly/ETR/2010-09-30
SO,,,Assets,,power,2010-09-30,Q3,2010-11-05T23:59:59+00:00,"filing date, end of day",54894780000.0,53374490000.0,1520290000.0,prior same-quarter,measured,1,0,107158000.0,1413132000.0,0.026475793960747916,,,results/complex-quarterly/SO/2010-09-30
WY,,,Assets,,data_center_reit,2010-09-30,Q3,2010-11-05T23:59:59+00:00,"filing date, end of day",14053000000.0,14708000000.0,-655000000.0,prior same-quarter,measured,1,0,-477000000.0,-178000000.0,-0.012102257274952406,,,results/complex-quarterly/WY/2010-09-30
IRM,,,Assets,,data_center_reit,2009-09-30,Q3,2010-11-08T23:59:59+00:00,"filing date, end of day",6706225000.0,6472499000.0,233726000.0,,missing,0,,,,,,,results/complex-quarterly/IRM/2009-09-30
PWR,,,Assets,,buildout,2010-09-30,Q3,2010-11-09T23:59:59+00:00,"filing date, end of day",4130962000.0,3960302000.0,170660000.0,prior same-quarter,measured,1,0,34603000.0,136057000.0,0.03435520826442024,,,results/complex-quarterly/PWR/2010-09-30
J,,,Assets,,buildout,2009-10-02,Q4,2010-11-23T23:59:59+00:00,"filing date, end of day",4428614000.0,4425536000.0,3078000.0,,missing,0,,,,,,,results/complex-quarterly/J/2009-10-02
NVDA,,,Assets,,compute_and_ai,2010-10-31,Q4,2010-12-07T23:59:59+00:00,"filing date, end of day",3915579000.0,3731268000.0,184311000.0,prior same-quarter,measured,1,0,165165000.0,19146000.0,0.005131231527727304,,,results/complex-quarterly/NVDA/2010-10-31
ORCL,,,Assets,,hyperscaler,2010-11-30,Q4,2010-12-21T23:59:59+00:00,"filing date, end of day",67243000000.0,65255000000.0,1988000000.0,prior same-quarter,measured,1,0,835000000.0,1153000000.0,0.01766914412688683,,,results/complex-quarterly/ORCL/2010-11-30
MU,,,Assets,,compute_and_ai,2010-12-02,Q4,2011-01-11T23:59:59+00:00,"filing date, end of day",14617000000.0,14693000000.0,-76000000.0,prior same-quarter,measured,1,0,267000000.0,-343000000.0,-0.023344449737970462,,,results/complex-quarterly/MU/2010-12-02
AAPL,,,Assets,,hyperscaler,2010-12-25,Q4,2011-01-19T23:59:59+00:00,"filing date, end of day",86742000000.0,75183000000.0,11559000000.0,prior same-quarter,measured,1,0,6425000000.0,5134000000.0,0.068286713751779,,,results/complex-quarterly/AAPL/2010-12-25
J,,,Assets,,buildout,2010-12-31,Q4,2011-01-26T23:59:59+00:00,"filing date, end of day",4906636000.0,4683917000.0,222719000.0,prior same-quarter,measured,1,0,3078000.0,219641000.0,0.04689259011207927,,,results/complex-quarterly/J/2010-12-31
MSFT,,,Assets,,hyperscaler,2010-12-31,Q4,2011-01-27T23:59:59+00:00,"filing date, end of day",92306000000.0,91540000000.0,766000000.0,prior same-quarter,measured,1,0,484000000.0,282000000.0,0.0030806204937732138,,,results/complex-quarterly/MSFT/2010-12-31
AMZN,,,Assets,,hyperscaler,2009-12-31,Q4,2011-01-28T23:59:59+00:00,"filing date, end of day",13813000000.0,8972000000.0,4841000000.0,,missing,0,,,,,,,results/complex-quarterly/AMZN/2009-12-31
ROK,,,Assets,,buildout,2010-12-31,Q4,2011-02-03T23:59:59+00:00,"filing date, end of day",4778900000.0,4748300000.0,30600000.0,prior same-quarter,measured,1,0,93100000.0,-62500000.0,-0.013162605564096624,,,results/complex-quarterly/ROK/2010-12-31
EXC,,,Assets,,power,2009-12-31,Q4,2011-02-10T23:59:59+00:00,"filing date, end of day",49180000000.0,48979000000.0,201000000.0,,missing,0,,,,,,,results/complex-quarterly/EXC/2009-12-31
CCI,,,Assets,,data_center_reit,2009-12-31,Q4,2011-02-17T23:59:59+00:00,"filing date, end of day",10956606000.0,10483219000.0,473387000.0,,missing,0,,,,,,,results/complex-quarterly/CCI/2009-12-31
PCG,,,Assets,,power,2009-12-31,Q4,2011-02-17T23:59:59+00:00,"filing date, end of day",42945000000.0,42551000000.0,394000000.0,,missing,0,,,,,,,results/complex-quarterly/PCG/2009-12-31
NRG,,,Assets,,power,2009-12-31,Q4,2011-02-22T23:59:59+00:00,"filing date, end of day",23378000000.0,25954000000.0,-2576000000.0,,missing,0,,,,,,,results/complex-quarterly/NRG/2009-12-31
AEP,,,Assets,,power,2009-12-31,Q4,2011-02-25T23:59:59+00:00,"filing date, end of day",48348000000.0,47193000000.0,1155000000.0,,missing,0,,,,,,,results/complex-quarterly/AEP/2009-12-31
AMT,,,Assets,,data_center_reit,2009-12-31,Q4,2011-02-28T23:59:59+00:00,"filing date, end of day",8519931000.0,8394824000.0,125107000.0,,missing,0,,,,,,,results/complex-quarterly/AMT/2009-12-31
D,,,Assets,,power,2009-12-31,Q4,2011-02-28T23:59:59+00:00,"filing date, end of day",42554000000.0,42087000000.0,467000000.0,,missing,0,,,,,,,results/complex-quarterly/D/2009-12-31
NEE,,,Assets,,power,2009-12-31,Q4,2011-02-28T23:59:59+00:00,"filing date, end of day",48458000000.0,47155000000.0,1303000000.0,,missing,0,,,,,,,results/complex-quarterly/NEE/2009-12-31
PPL,,,Assets,,power,2009-12-31,Q4,2011-02-28T23:59:59+00:00,"filing date, end of day",22165000000.0,21944000000.0,221000000.0,,missing,0,,,,,,,results/complex-quarterly/PPL/2009-12-31
PWR,,,Assets,,buildout,2009-12-31,Q4,2011-03-01T23:59:59+00:00,"filing date, end of day",4116954000.0,3634105000.0,482849000.0,,missing,0,,,,,,,results/complex-quarterly/PWR/2009-12-31
NVDA,,,Assets,,compute_and_ai,2010-01-31,Q1,2011-03-16T23:59:59+00:00,"filing date, end of day",3585918000.0,3463574000.0,122344000.0,,missing,0,,,,,,,results/complex-quarterly/NVDA/2010-01-31
ORCL,,,Assets,,hyperscaler,2011-02-28,Q1,2011-03-29T23:59:59+00:00,"filing date, end of day",67666000000.0,67243000000.0,423000000.0,prior same-quarter,measured,1,0,5553000000.0,-5130000000.0,-0.0762904688963907,,,results/complex-quarterly/ORCL/2011-02-28
MU,,,Assets,,compute_and_ai,2011-03-03,Q1,2011-04-12T23:59:59+00:00,"filing date, end of day",14398000000.0,14617000000.0,-219000000.0,,missing,0,,,,,,,results/complex-quarterly/MU/2011-03-03
AAPL,,,Assets,,hyperscaler,2011-03-26,Q1,2011-04-21T23:59:59+00:00,"filing date, end of day",94904000000.0,86742000000.0,8162000000.0,prior same-quarter,measured,1,0,3131000000.0,5031000000.0,0.05799958497613613,,,results/complex-quarterly/AAPL/2011-03-26
AMZN,,,Assets,,hyperscaler,2011-03-31,Q1,2011-04-27T23:59:59+00:00,"filing date, end of day",16882000000.0,18797000000.0,-1915000000.0,prior same-quarter,measured,1,0,-1771000000.0,-144000000.0,-0.007660796935681225,,,results/complex-quarterly/AMZN/2011-03-31
EXC,,,Assets,,power,2011-03-31,Q1,2011-04-27T23:59:59+00:00,"filing date, end of day",51376000000.0,52240000000.0,-864000000.0,prior same-quarter,measured,1,0,1561000000.0,-2425000000.0,-0.04642036753445636,,,results/complex-quarterly/EXC/2011-03-31
EME,,,Assets,,buildout,2011-03-31,Q1,2011-04-28T23:59:59+00:00,"filing date, end of day",2750013000.0,2755542000.0,-5529000.0,,missing,0,,,,,,,results/complex-quarterly/EME/2011-03-31
MSFT,,,Assets,,hyperscaler,2011-03-31,Q1,2011-04-28T23:59:59+00:00,"filing date, end of day",99727000000.0,92306000000.0,7421000000.0,prior same-quarter,measured,1,0,2814000000.0,4607000000.0,0.04991008168483089,,,results/complex-quarterly/MSFT/2011-03-31
D,,,Assets,,power,2011-03-31,Q1,2011-04-29T23:59:59+00:00,"filing date, end of day",42777000000.0,42817000000.0,-40000000.0,prior same-quarter,measured,1,0,-391000000.0,351000000.0,0.008197678492187683,,,results/complex-quarterly/D/2011-03-31
EQIX,,,Assets,,data_center_reit,2011-03-31,Q1,2011-04-29T23:59:59+00:00,"filing date, end of day",4652513000.0,4448009000.0,204504000.0,,missing,0,,,,,,,results/complex-quarterly/EQIX/2011-03-31
J,,,Assets,,buildout,2011-04-01,Q2,2011-04-29T23:59:59+00:00,"filing date, end of day",5637613000.0,4906636000.0,730977000.0,same-quarter mean,measured,2,273,58792000.0,672185000.0,0.13699508176273928,,,results/complex-quarterly/J/2011-04-01
EIX,,,Assets,,power,2011-03-31,Q1,2011-05-02T23:59:59+00:00,"filing date, end of day",46161000000.0,45530000000.0,631000000.0,prior same-quarter,measured,1,0,913000000.0,-282000000.0,-0.0061937184274104985,,,results/complex-quarterly/EIX/2011-03-31
AEP,,,Assets,,power,2011-03-31,Q1,2011-05-03T23:59:59+00:00,"filing date, end of day",50560000000.0,50455000000.0,105000000.0,prior same-quarter,measured,1,0,1277000000.0,-1172000000.0,-0.02322861956198593,,,results/complex-quarterly/AEP/2011-03-31
LEU,,,Assets,,fuel_and_nuclear,2011-03-31,Q1,2011-05-04T23:59:59+00:00,"filing date, end of day",4058900000.0,3848200000.0,210700000.0,,missing,0,,,,,,,results/complex-quarterly/LEU/2011-03-31
NEE,,,Assets,,power,2011-03-31,Q1,2011-05-04T23:59:59+00:00,"filing date, end of day",53257000000.0,52994000000.0,263000000.0,prior same-quarter,measured,1,0,2484000000.0,-2221000000.0,-0.04191040495150394,,,results/complex-quarterly/NEE/2011-03-31
PCG,,,Assets,,power,2011-03-31,Q1,2011-05-04T23:59:59+00:00,"filing date, end of day",46259000000.0,46025000000.0,234000000.0,prior same-quarter,measured,1,0,595000000.0,-361000000.0,-0.007843563280825638,,,results/complex-quarterly/PCG/2011-03-31
AMT,,,Assets,,data_center_reit,2011-03-31,Q1,2011-05-05T23:59:59+00:00,"filing date, end of day",10758749000.0,10370084000.0,388665000.0,prior same-quarter,measured,1,0,154320000.0,234345000.0,0.022598177603961548,,,results/complex-quarterly/AMT/2011-03-31
FSLR,,,Assets,,fuel_and_nuclear,2010-03-27,Q1,2011-05-05T23:59:59+00:00,"filing date, end of day",3473514000.0,3349512000.0,124002000.0,,missing,0,,,,,,,results/complex-quarterly/FSLR/2010-03-27
NRG,,,Assets,,power,2011-03-31,Q1,2011-05-05T23:59:59+00:00,"filing date, end of day",25043000000.0,26896000000.0,-1853000000.0,prior same-quarter,measured,1,0,1200000000.0,-3053000000.0,-0.11351130279595478,,,results/complex-quarterly/NRG/2011-03-31
ROK,,,Assets,,buildout,2011-03-31,Q1,2011-05-05T23:59:59+00:00,"filing date, end of day",5111100000.0,4778900000.0,332200000.0,prior same-quarter,measured,1,0,143400000.0,188800000.0,0.039506999518717695,,,results/complex-quarterly/ROK/2011-03-31
CCI,,,Assets,,data_center_reit,2011-03-31,Q1,2011-05-06T23:59:59+00:00,"filing date, end of day",10397194000.0,10469529000.0,-72335000.0,prior same-quarter,measured,1,0,-396097000.0,323762000.0,0.030924218271901248,,,results/complex-quarterly/CCI/2011-03-31
PPL,,,Assets,,power,2011-03-31,Q1,2011-05-06T23:59:59+00:00,"filing date, end of day",32741000000.0,32837000000.0,-96000000.0,prior same-quarter,measured,1,0,2770000000.0,-2866000000.0,-0.08727959314188263,,,results/complex-quarterly/PPL/2011-03-31
PWR,,,Assets,,buildout,2011-03-31,Q1,2011-05-06T23:59:59+00:00,"filing date, end of day",4324562000.0,4341212000.0,-16650000.0,prior same-quarter,measured,1,0,-67802000.0,51152000.0,0.011782884595361849,,,results/complex-quarterly/PWR/2011-03-31
SBAC,,,Assets,,data_center_reit,2011-03-31,Q1,2011-05-06T23:59:59+00:00,"filing date, end of day",3466258000.0,3400175000.0,66083000.0,,missing,0,,,,,,,results/complex-quarterly/SBAC/2011-03-31
SO,,,Assets,,power,2011-03-31,Q1,2011-05-06T23:59:59+00:00,"filing date, end of day",55019000000.0,55032000000.0,-13000000.0,prior same-quarter,measured,1,0,534045000.0,-547045000.0,-0.009940489169937491,,,results/complex-quarterly/SO/2011-03-31
WY,,,Assets,,data_center_reit,2011-03-31,Q1,2011-05-06T23:59:59+00:00,"filing date, end of day",13580000000.0,13464000000.0,116000000.0,prior same-quarter,measured,1,0,-75000000.0,191000000.0,0.01418597742127154,,,results/complex-quarterly/WY/2011-03-31
DUK,,,Assets,,power,2011-03-31,Q1,2011-05-09T23:59:59+00:00,"filing date, end of day",58986000000.0,59090000000.0,-104000000.0,,missing,0,,,,,,,results/complex-quarterly/DUK/2011-03-31
ETR,,,Assets,,power,2011-03-31,Q1,2011-05-09T23:59:59+00:00,"filing date, end of day",38598566000.0,38685276000.0,-86710000.0,prior same-quarter,measured,1,0,547449000.0,-634159000.0,-0.016392774346498135,,,results/complex-quarterly/ETR/2011-03-31
SRE,,,Assets,,power,2011-03-31,Q1,2011-05-09T23:59:59+00:00,"filing date, end of day",30696000000.0,30231000000.0,465000000.0,,missing,0,,,,,,,results/complex-quarterly/SRE/2011-03-31
AMD,,,Assets,,compute_and_ai,2011-04-02,Q2,2011-05-10T23:59:59+00:00,"filing date, end of day",5209000000.0,4964000000.0,245000000.0,prior same-quarter,measured,1,0,-4123000000.0,4368000000.0,0.8799355358581789,,,results/complex-quarterly/AMD/2011-04-02
NVDA,,,Assets,,compute_and_ai,2011-05-01,Q2,2011-05-27T23:59:59+00:00,"filing date, end of day",4736744000.0,4495246000.0,241498000.0,prior same-quarter,measured,1,0,217112000.0,24386000.0,0.005424842155468243,,,results/complex-quarterly/NVDA/2011-05-01
ORCL,,,Assets,,hyperscaler,2010-05-31,Q2,2011-06-28T23:59:59+00:00,"filing date, end of day",61578000000.0,59386000000.0,2192000000.0,,missing,0,,,,,,,results/complex-quarterly/ORCL/2010-05-31
MU,,,Assets,,compute_and_ai,2011-06-02,Q2,2011-07-12T23:59:59+00:00,"filing date, end of day",14570000000.0,14398000000.0,172000000.0,,missing,0,,,,,,,results/complex-quarterly/MU/2011-06-02
AAPL,,,Assets,,hyperscaler,2011-06-25,Q2,2011-07-20T23:59:59+00:00,"filing date, end of day",106758000000.0,94904000000.0,11854000000.0,same-quarter mean,measured,2,364,9818500000.0,2035500000.0,0.02144798954733204,,,results/complex-quarterly/AAPL/2011-06-25
AMZN,,,Assets,,hyperscaler,2011-06-30,Q2,2011-07-27T23:59:59+00:00,"filing date, end of day",17941000000.0,16882000000.0,1059000000.0,same-quarter mean,measured,2,364,-142000000.0,1201000000.0,0.07114086008766733,,,results/complex-quarterly/AMZN/2011-06-30
EXC,,,Assets,,power,2011-06-30,Q2,2011-07-27T23:59:59+00:00,"filing date, end of day",51986000000.0,51376000000.0,610000000.0,same-quarter mean,measured,2,363,-203000000.0,813000000.0,0.015824509498598566,,,results/complex-quarterly/EXC/2011-06-30
MSFT,,,Assets,,hyperscaler,2010-06-30,Q2,2011-07-28T23:59:59+00:00,"filing date, end of day",86113000000.0,84910000000.0,1203000000.0,,missing,0,,,,,,,results/complex-quarterly/MSFT/2010-06-30
AEP,,,Assets,,power,2011-06-30,Q2,2011-07-29T23:59:59+00:00,"filing date, end of day",50752000000.0,50560000000.0,192000000.0,same-quarter mean,measured,2,360,747500000.0,-555500000.0,-0.010986946202531645,,,results/complex-quarterly/AEP/2011-06-30
D,,,Assets,,power,2011-06-30,Q2,2011-07-29T23:59:59+00:00,"filing date, end of day",43411000000.0,42777000000.0,634000000.0,same-quarter mean,measured,2,367,-465500000.0,1099500000.0,0.025703064731047057,,,results/complex-quarterly/D/2011-06-30
EME,,,Assets,,buildout,2011-06-30,Q2,2011-07-29T23:59:59+00:00,"filing date, end of day",2896574000.0,2750013000.0,146561000.0,prior same-quarter,measured,1,0,-165535000.0,312096000.0,0.1134889180523874,,,results/complex-quarterly/EME/2011-06-30
EQIX,,,Assets,,data_center_reit,2011-06-30,Q2,2011-07-29T23:59:59+00:00,"filing date, end of day",4969191000.0,4652513000.0,316678000.0,prior same-quarter,measured,1,0,1244058000.0,-927380000.0,-0.1993288358356011,,,results/complex-quarterly/EQIX/2011-06-30
J,,,Assets,,buildout,2011-07-01,Q3,2011-07-29T23:59:59+00:00,"filing date, end of day",6039317000.0,5637613000.0,401704000.0,same-quarter mean,measured,2,365,4977000.0,396727000.0,0.07037144976074093,,,results/complex-quarterly/J/2011-07-01
FIX,,,Assets,,buildout,2011-06-30,Q2,2011-08-02T23:59:59+00:00,"filing date, end of day",621544000.0,640020000.0,-18476000.0,,missing,0,,,,,,,results/complex-quarterly/FIX/2011-06-30
NEE,,,Assets,,power,2011-06-30,Q2,2011-08-02T23:59:59+00:00,"filing date, end of day",54557000000.0,53257000000.0,1300000000.0,same-quarter mean,measured,2,371,925000000.0,375000000.0,0.007041327900557674,,,results/complex-quarterly/NEE/2011-06-30
MTZ,,,Assets,,buildout,2011-06-30,Q2,2011-08-03T23:59:59+00:00,"filing date, end of day",1996319000.0,1655800000.0,340519000.0,,missing,0,,,,,,,results/complex-quarterly/MTZ/2011-06-30
AMT,,,Assets,,data_center_reit,2011-06-30,Q2,2011-08-04T23:59:59+00:00,"filing date, end of day",10973784000.0,10758749000.0,215035000.0,same-quarter mean,measured,2,365,93247000.0,121788000.0,0.011319903457177038,,,results/complex-quarterly/AMT/2011-06-30
EIX,,,Assets,,power,2011-06-30,Q2,2011-08-04T23:59:59+00:00,"filing date, end of day",47075000000.0,46161000000.0,914000000.0,same-quarter mean,measured,2,363,-1018000000.0,1932000000.0,0.04185351270553064,,,results/complex-quarterly/EIX/2011-06-30
LEU,,,Assets,,fuel_and_nuclear,2011-06-30,Q2,2011-08-04T23:59:59+00:00,"filing date, end of day",4127400000.0,4058900000.0,68500000.0,prior same-quarter,measured,1,0,158400000.0,-89900000.0,-0.022148858064992977,,,results/complex-quarterly/LEU/2011-06-30
NRG,,,Assets,,power,2011-06-30,Q2,2011-08-04T23:59:59+00:00,"filing date, end of day",25336000000.0,25043000000.0,293000000.0,same-quarter mean,measured,2,353,1511000000.0,-1218000000.0,-0.04863634548576448,,,results/complex-quarterly/NRG/2011-06-30
PCG,,,Assets,,power,2011-06-30,Q2,2011-08-04T23:59:59+00:00,"filing date, end of day",47318000000.0,46259000000.0,1059000000.0,same-quarter mean,measured,2,364,1007500000.0,51500000.0,0.001113296871960051,,,results/complex-quarterly/PCG/2011-06-30
ROK,,,Assets,,buildout,2011-06-30,Q2,2011-08-04T23:59:59+00:00,"filing date, end of day",5327700000.0,5111100000.0,216600000.0,same-quarter mean,measured,2,366,-178650000.0,395250000.0,0.07733168985149967,,,results/complex-quarterly/ROK/2011-06-30
CCI,,,Assets,,data_center_reit,2011-06-30,Q2,2011-08-05T23:59:59+00:00,"filing date, end of day",10385320000.0,10397194000.0,-11874000.0,same-quarter mean,measured,2,363,-8702000.0,-3172000.0,-0.00030508231355498415,,,results/complex-quarterly/CCI/2011-06-30
DLR,,,Assets,,data_center_reit,2011-06-30,Q2,2011-08-05T23:59:59+00:00,"filing date, end of day",5658405000.0,5329483000.0,328922000.0,prior same-quarter,measured,1,0,755973000.0,-427051000.0,-0.08012991128783035,,,results/complex-quarterly/DLR/2011-06-30
FSLR,,,Assets,,fuel_and_nuclear,2010-06-26,Q2,2011-08-05T23:59:59+00:00,"filing date, end of day",3631315000.0,3473514000.0,157801000.0,prior same-quarter,measured,1,0,795677000.0,-637876000.0,-0.18363996805540442,,,results/complex-quarterly/FSLR/2010-06-26
PRIM,,,Assets,,buildout,2011-06-30,Q2,2011-08-05T23:59:59+00:00,"filing date, end of day",682325000.0,704216000.0,-21891000.0,,missing,0,,,,,,,results/complex-quarterly/PRIM/2011-06-30
PWR,,,Assets,,buildout,2011-06-30,Q2,2011-08-05T23:59:59+00:00,"filing date, end of day",4292855000.0,4324562000.0,-31707000.0,same-quarter mean,measured,2,364,-23753500.0,-7953500.0,-0.001839145790949465,,,results/complex-quarterly/PWR/2011-06-30
SBAC,,,Assets,,data_center_reit,2011-06-30,Q2,2011-08-05T23:59:59+00:00,"filing date, end of day",3693009000.0,3466258000.0,226751000.0,prior same-quarter,measured,1,0,120043000.0,106708000.0,0.03078478289844553,,,results/complex-quarterly/SBAC/2011-06-30
WY,,,Assets,,data_center_reit,2011-06-30,Q2,2011-08-05T23:59:59+00:00,"filing date, end of day",13039000000.0,13580000000.0,-541000000.0,same-quarter mean,measured,2,368,-660000000.0,119000000.0,0.008762886597938144,,,results/complex-quarterly/WY/2011-06-30
BWXT,,,Assets,,fuel_and_nuclear,2011-06-30,Q2,2011-08-08T23:59:59+00:00,"filing date, end of day",2578415000.0,2500510000.0,77905000.0,,missing,0,,,,,,,results/complex-quarterly/BWXT/2011-06-30
DUK,,,Assets,,power,2011-06-30,Q2,2011-08-08T23:59:59+00:00,"filing date, end of day",59792000000.0,58986000000.0,806000000.0,same-quarter mean,measured,2,364,496000000.0,310000000.0,0.005255484352219171,,,results/complex-quarterly/DUK/2011-06-30
ETR,,,Assets,,power,2011-06-30,Q2,2011-08-08T23:59:59+00:00,"filing date, end of day",39129761000.0,38598566000.0,531195000.0,same-quarter mean,measured,2,364,-244463000.0,775658000.0,0.020095513392906876,,,results/complex-quarterly/ETR/2011-06-30
IRM,,,Assets,,data_center_reit,2010-06-30,Q2,2011-08-08T23:59:59+00:00,"filing date, end of day",6653588000.0,6738679000.0,-85091000.0,,missing,0,,,,,,,results/complex-quarterly/IRM/2010-06-30
PPL,,,Assets,,power,2011-06-30,Q2,2011-08-08T23:59:59+00:00,"filing date, end of day",40537000000.0,32741000000.0,7796000000.0,same-quarter mean,measured,2,372,991500000.0,6804500000.0,0.20782810543355426,,,results/complex-quarterly/PPL/2011-06-30
STRL,,,Assets,,buildout,2011-06-30,Q2,2011-08-08T23:59:59+00:00,"filing date, end of day",375888000.0,367131000.0,8757000.0,,missing,0,,,,,,,results/complex-quarterly/STRL/2011-06-30
SRE,,,Assets,,power,2011-06-30,Q2,2011-08-09T23:59:59+00:00,"filing date, end of day",31836000000.0,30696000000.0,1140000000.0,,missing,0,,,,,,,results/complex-quarterly/SRE/2011-06-30
AMD,,,Assets,,compute_and_ai,2011-07-02,Q3,2011-08-10T23:59:59+00:00,"filing date, end of day",5224000000.0,5209000000.0,15000000.0,prior same-quarter,measured,1,0,-360000000.0,375000000.0,0.07199078517949703,,,results/complex-quarterly/AMD/2011-07-02
PLUG,,,Assets,,fuel_and_nuclear,2011-06-30,Q2,2011-08-11T23:59:59+00:00,"filing date, end of day",59146803.0,59176925.0,-30122.0,,missing,0,,,,,,,results/complex-quarterly/PLUG/2011-06-30
WULF,,,Assets,,compute_and_ai,2011-06-30,Q2,2011-08-12T23:59:59+00:00,"filing date, end of day",13662750.0,13141931.0,520819.0,,missing,0,,,,,,,results/complex-quarterly/WULF/2011-06-30
NVDA,,,Assets,,compute_and_ai,2011-07-31,Q3,2011-08-25T23:59:59+00:00,"filing date, end of day",4864424000.0,4736744000.0,127680000.0,same-quarter mean,measured,2,375,-62040000.0,189720000.0,0.04005282953860289,,,results/complex-quarterly/NVDA/2011-07-31
ORCL,,,Assets,,hyperscaler,2011-08-31,Q3,2011-09-23T23:59:59+00:00,"filing date, end of day",73859000000.0,73535000000.0,324000000.0,same-quarter mean,measured,2,373,4629500000.0,-4305500000.0,-0.05855035017338682,,,results/complex-quarterly/ORCL/2011-08-31
MSFT,,,Assets,,hyperscaler,2011-09-30,Q3,2011-10-20T23:59:59+00:00,"filing date, end of day",107415000000.0,108704000000.0,-1289000000.0,same-quarter mean,measured,2,370,4575500000.0,-5864500000.0,-0.05394925669708566,,,results/complex-quarterly/MSFT/2011-09-30
MU,,,Assets,,compute_and_ai,2010-09-02,Q3,2011-10-25T23:59:59+00:00,"filing date, end of day",14693000000.0,11726000000.0,2967000000.0,,missing,0,,,,,,,results/complex-quarterly/MU/2010-09-02
AAPL,,,Assets,,hyperscaler,2009-09-26,Q3,2011-10-26T23:59:59+00:00,"filing date, end of day",47501000000.0,48140000000.0,-639000000.0,,missing,0,,,,,,,results/complex-quarterly/AAPL/2009-09-26
AAPL,,,Assets,,hyperscaler,2010-09-25,Q3,2011-10-26T23:59:59+00:00,"filing date, end of day",75183000000.0,64725000000.0,10458000000.0,,missing,0,,,,,,,results/complex-quarterly/AAPL/2010-09-25
AMZN,,,Assets,,hyperscaler,2011-09-30,Q3,2011-10-26T23:59:59+00:00,"filing date, end of day",19054000000.0,17941000000.0,1113000000.0,same-quarter mean,measured,2,364,1531000000.0,-418000000.0,-0.023298589822194973,,,results/complex-quarterly/AMZN/2011-09-30
EXC,,,Assets,,power,2011-09-30,Q3,2011-10-26T23:59:59+00:00,"filing date, end of day",54156000000.0,51986000000.0,2170000000.0,prior same-quarter,measured,1,0,1775000000.0,395000000.0,0.007598199515254107,,,results/complex-quarterly/EXC/2011-09-30
EME,,,Assets,,buildout,2011-09-30,Q3,2011-10-27T23:59:59+00:00,"filing date, end of day",2899173000.0,2896574000.0,2599000.0,prior same-quarter,measured,1,0,-188855000.0,191454000.0,0.06609670597057075,,,results/complex-quarterly/EME/2011-09-30
AEP,,,Assets,,power,2011-09-30,Q3,2011-10-28T23:59:59+00:00,"filing date, end of day",51187000000.0,50752000000.0,435000000.0,same-quarter mean,measured,2,367,405000000.0,30000000.0,0.000591109709962169,,,results/complex-quarterly/AEP/2011-09-30
D,,,Assets,,power,2011-09-30,Q3,2011-10-28T23:59:59+00:00,"filing date, end of day",44030000000.0,43411000000.0,619000000.0,same-quarter mean,measured,2,361,515500000.0,103500000.0,0.0023841883393609913,,,results/complex-quarterly/D/2011-09-30
EQIX,,,Assets,,data_center_reit,2011-09-30,Q3,2011-10-28T23:59:59+00:00,"filing date, end of day",5730687000.0,4969191000.0,761496000.0,prior same-quarter,measured,1,0,198683000.0,562813000.0,0.11326048847790314,,,results/complex-quarterly/EQIX/2011-09-30
AMT,,,Assets,,data_center_reit,2011-09-30,Q3,2011-11-02T23:59:59+00:00,"filing date, end of day",10895336000.0,10973784000.0,-78448000.0,same-quarter mean,measured,2,365,385696000.0,-464144000.0,-0.04229571130614563,,,results/complex-quarterly/AMT/2011-09-30
EIX,,,Assets,,power,2011-09-30,Q3,2011-11-02T23:59:59+00:00,"filing date, end of day",47672000000.0,47075000000.0,597000000.0,same-quarter mean,measured,2,357,1701000000.0,-1104000000.0,-0.023451938396176316,,,results/complex-quarterly/EIX/2011-09-30
CCI,,,Assets,,data_center_reit,2011-09-30,Q3,2011-11-03T23:59:59+00:00,"filing date, end of day",10443215000.0,10385320000.0,57895000.0,same-quarter mean,measured,2,364,115817000.0,-57922000.0,-0.005577295644236287,,,results/complex-quarterly/CCI/2011-09-30
MTZ,,,Assets,,buildout,2011-09-30,Q3,2011-11-03T23:59:59+00:00,"filing date, end of day",2084352000.0,1996319000.0,88033000.0,,missing,0,,,,,,,results/complex-quarterly/MTZ/2011-09-30
NRG,,,Assets,,power,2011-09-30,Q3,2011-11-03T23:59:59+00:00,"filing date, end of day",24760000000.0,25336000000.0,-576000000.0,same-quarter mean,measured,2,367,482500000.0,-1058500000.0,-0.04177849700031576,,,results/complex-quarterly/NRG/2011-09-30
PCG,,,Assets,,power,2011-09-30,Q3,2011-11-03T23:59:59+00:00,"filing date, end of day",47517000000.0,47318000000.0,199000000.0,same-quarter mean,measured,2,371,694500000.0,-495500000.0,-0.010471702100680502,,,results/complex-quarterly/PCG/2011-09-30
SRE,,,Assets,,power,2011-09-30,Q3,2011-11-03T23:59:59+00:00,"filing date, end of day",32616000000.0,31836000000.0,780000000.0,,missing,0,,,,,,,results/complex-quarterly/SRE/2011-09-30
FSLR,,,Assets,,fuel_and_nuclear,2010-09-25,Q3,2011-11-04T23:59:59+00:00,"filing date, end of day",4201771000.0,3631315000.0,570456000.0,prior same-quarter,measured,1,0,184893000.0,385563000.0,0.1061772388239522,,,results/complex-quarterly/FSLR/2010-09-25
LEU,,,Assets,,fuel_and_nuclear,2011-09-30,Q3,2011-11-04T23:59:59+00:00,"filing date, end of day",4042200000.0,4127400000.0,-85200000.0,prior same-quarter,measured,1,0,8800000.0,-94000000.0,-0.02277462809516887,,,results/complex-quarterly/LEU/2011-09-30
NEE,,,Assets,,power,2010-09-30,Q3,2011-11-04T23:59:59+00:00,"filing date, end of day",52994000000.0,51209000000.0,1785000000.0,prior same-quarter,measured,1,0,751000000.0,1034000000.0,0.020191763166630867,,,results/complex-quarterly/NEE/2010-09-30
NEE,,,Assets,,power,2011-09-30,Q3,2011-11-04T23:59:59+00:00,"filing date, end of day",56585000000.0,54557000000.0,2028000000.0,prior same-quarter,measured,1,0,751000000.0,1277000000.0,0.02340671224590795,,,results/complex-quarterly/NEE/2011-09-30
SBAC,,,Assets,,data_center_reit,2011-09-30,Q3,2011-11-04T23:59:59+00:00,"filing date, end of day",3609138000.0,3693009000.0,-83871000.0,prior same-quarter,measured,1,0,-9753000.0,-74118000.0,-0.02006981298989523,,,results/complex-quarterly/SBAC/2011-09-30
WY,,,Assets,,data_center_reit,2011-09-30,Q3,2011-11-04T23:59:59+00:00,"filing date, end of day",12835000000.0,13039000000.0,-204000000.0,same-quarter mean,measured,2,364,-566000000.0,362000000.0,0.027762865250402637,,,results/complex-quarterly/WY/2011-09-30
BWXT,,,Assets,,fuel_and_nuclear,2011-09-30,Q3,2011-11-07T23:59:59+00:00,"filing date, end of day",2545217000.0,2578415000.0,-33198000.0,,missing,0,,,,,,,results/complex-quarterly/BWXT/2011-09-30
DLR,,,Assets,,data_center_reit,2011-09-30,Q3,2011-11-07T23:59:59+00:00,"filing date, end of day",5826412000.0,5658405000.0,168007000.0,,missing,0,,,,,,,results/complex-quarterly/DLR/2011-09-30
ETR,,,Assets,,power,2011-09-30,Q3,2011-11-07T23:59:59+00:00,"filing date, end of day",39161498000.0,39129761000.0,31737000.0,same-quarter mean,measured,2,364,300624000.0,-268887000.0,-0.0068716749892747874,,,results/complex-quarterly/ETR/2011-09-30
FIX,,,Assets,,buildout,2011-09-30,Q3,2011-11-07T23:59:59+00:00,"filing date, end of day",565646000.0,621544000.0,-55898000.0,,missing,0,,,,,,,results/complex-quarterly/FIX/2011-09-30
SMCI,,,Assets,,compute_and_ai,2011-09-30,Q3,2011-11-07T23:59:59+00:00,"filing date, end of day",488179000.0,464620000.0,23559000.0,,missing,0,,,,,,,results/complex-quarterly/SMCI/2011-09-30
SO,,,Assets,,power,2011-09-30,Q3,2011-11-07T23:59:59+00:00,"filing date, end of day",57343000000.0,59267000000.0,-1924000000.0,same-quarter mean,measured,2,364,813724000.0,-2737724000.0,-0.046193058531729295,,,results/complex-quarterly/SO/2011-09-30
DUK,,,Assets,,power,2011-09-30,Q3,2011-11-08T23:59:59+00:00,"filing date, end of day",60776000000.0,59792000000.0,984000000.0,same-quarter mean,measured,2,364,1261000000.0,-277000000.0,-0.0046327267861921324,,,results/complex-quarterly/DUK/2011-09-30
IRM,,,Assets,,data_center_reit,2010-09-30,Q3,2011-11-08T23:59:59+00:00,"filing date, end of day",6358314000.0,6653588000.0,-295274000.0,prior same-quarter,measured,1,0,233726000.0,-529000000.0,-0.07950597482140463,,,results/complex-quarterly/IRM/2010-09-30
PPL,,,Assets,,power,2011-09-30,Q3,2011-11-08T23:59:59+00:00,"filing date, end of day",40956000000.0,40537000000.0,419000000.0,same-quarter mean,measured,2,364,174500000.0,244500000.0,0.006031526753336458,,,results/complex-quarterly/PPL/2011-09-30
PRIM,,,Assets,,buildout,2011-09-30,Q3,2011-11-08T23:59:59+00:00,"filing date, end of day",676908000.0,682325000.0,-5417000.0,,missing,0,,,,,,,results/complex-quarterly/PRIM/2011-09-30
PWR,,,Assets,,buildout,2011-09-30,Q3,2011-11-08T23:59:59+00:00,"filing date, end of day",4463955000.0,4292855000.0,171100000.0,same-quarter mean,measured,2,365,102631500.0,68468500.0,0.015949408959771528,,,results/complex-quarterly/PWR/2011-09-30
STRL,,,Assets,,buildout,2011-09-30,Q3,2011-11-08T23:59:59+00:00,"filing date, end of day",404034000.0,375888000.0,28146000.0,,missing,0,,,,,,,results/complex-quarterly/STRL/2011-09-30
AMD,,,Assets,,compute_and_ai,2011-10-01,Q4,2011-11-09T23:59:59+00:00,"filing date, end of day",5236000000.0,5224000000.0,12000000.0,,missing,0,,,,,,,results/complex-quarterly/AMD/2011-10-01
PLUG,,,Assets,,fuel_and_nuclear,2011-09-30,Q3,2011-11-09T23:59:59+00:00,"filing date, end of day",53312251.0,59146803.0,-5834552.0,,missing,0,,,,,,,results/complex-quarterly/PLUG/2011-09-30
ROK,,,Assets,,buildout,2009-09-30,Q3,2011-11-14T23:59:59+00:00,"filing date, end of day",4305700000.0,4164000000.0,141700000.0,,missing,0,,,,,,,results/complex-quarterly/ROK/2009-09-30
WULF,,,Assets,,compute_and_ai,2011-09-30,Q3,2011-11-14T23:59:59+00:00,"filing date, end of day",14093159.0,13662750.0,430409.0,,missing,0,,,,,,,results/complex-quarterly/WULF/2011-09-30
J,,,Assets,,buildout,2010-10-01,Q4,2011-11-21T23:59:59+00:00,"filing date, end of day",4683917000.0,4660776000.0,23141000.0,same-quarter mean,measured,2,64,112898500.0,-89757500.0,-0.01925805917297892,,,results/complex-quarterly/J/2010-10-01
NVDA,,,Assets,,compute_and_ai,2011-10-30,Q4,2011-11-22T23:59:59+00:00,"filing date, end of day",5089043000.0,4864424000.0,224619000.0,same-quarter mean,measured,2,383,174738000.0,49881000.0,0.010254245929219986,,,results/complex-quarterly/NVDA/2011-10-30
DY,,,Assets,,buildout,2011-10-29,Q4,2011-11-23T23:59:59+00:00,"filing date, end of day",739907000.0,724755000.0,15152000.0,,missing,0,,,,,,,results/complex-quarterly/DY/2011-10-29
ORCL,,,Assets,,hyperscaler,2011-11-30,Q4,2011-12-23T23:59:59+00:00,"filing date, end of day",72910000000.0,73859000000.0,-949000000.0,same-quarter mean,measured,2,364,1411500000.0,-2360500000.0,-0.03195954453756482,,,results/complex-quarterly/ORCL/2011-11-30
MU,,,Assets,,compute_and_ai,2011-12-01,Q4,2012-01-10T23:59:59+00:00,"filing date, end of day",14211000000.0,14752000000.0,-541000000.0,same-quarter mean,measured,2,364,95500000.0,-636500000.0,-0.04314669197396963,,,results/complex-quarterly/MU/2011-12-01
AAPL,,,Assets,,hyperscaler,2011-12-31,Q4,2012-01-25T23:59:59+00:00,"filing date, end of day",138681000000.0,116371000000.0,22310000000.0,same-quarter mean,measured,2,359,8992000000.0,13318000000.0,0.11444432032035473,,,results/complex-quarterly/AAPL/2011-12-31
J,,,Assets,,buildout,2011-12-30,Q4,2012-01-27T23:59:59+00:00,"filing date, end of day",6126275000.0,6199226000.0,-72951000.0,same-quarter mean,measured,3,363,82979333.33333333,-155930333.3333333,-0.02515319385570607,,,results/complex-quarterly/J/2011-12-30
MSFT,,,Assets,,hyperscaler,2011-12-31,Q4,2012-01-27T23:59:59+00:00,"filing date, end of day",112243000000.0,107415000000.0,4828000000.0,same-quarter mean,measured,2,364,625000000.0,4203000000.0,0.03912861332216171,,,results/complex-quarterly/MSFT/2011-12-31
AMZN,,,Assets,,hyperscaler,2010-12-31,Q4,2012-02-01T23:59:59+00:00,"filing date, end of day",18797000000.0,14162000000.0,4635000000.0,prior same-quarter,measured,1,0,4841000000.0,-206000000.0,-0.01454596808360401,,,results/complex-quarterly/AMZN/2010-12-31
SMCI,,,Assets,,compute_and_ai,2011-12-31,Q4,2012-02-06T23:59:59+00:00,"filing date, end of day",499997000.0,488179000.0,11818000.0,,missing,0,,,,,,,results/complex-quarterly/SMCI/2011-12-31
ROK,,,Assets,,buildout,2011-12-31,Q4,2012-02-08T23:59:59+00:00,"filing date, end of day",5279100000.0,5284900000.0,-5800000.0,same-quarter mean,measured,2,360,61850000.0,-67650000.0,-0.012800620636152055,,,results/complex-quarterly/ROK/2011-12-31
EXC,,,Assets,,power,2010-12-31,Q4,2012-02-09T23:59:59+00:00,"filing date, end of day",52240000000.0,50948000000.0,1292000000.0,prior same-quarter,measured,1,0,201000000.0,1091000000.0,0.021413990735652037,,,results/complex-quarterly/EXC/2010-12-31
CCI,,,Assets,,data_center_reit,2010-12-31,Q4,2012-02-13T23:59:59+00:00,"filing date, end of day",10469529000.0,10653242000.0,-183713000.0,prior same-quarter,measured,1,0,473387000.0,-657100000.0,-0.06168075408406192,,,results/complex-quarterly/CCI/2010-12-31
PCG,,,Assets,,power,2010-12-31,Q4,2012-02-16T23:59:59+00:00,"filing date, end of day",46025000000.0,45253000000.0,772000000.0,prior same-quarter,measured,1,0,394000000.0,378000000.0,0.00835303736768833,,,results/complex-quarterly/PCG/2010-12-31
WY,,,Assets,,data_center_reit,2009-12-31,Q4,2012-02-22T23:59:59+00:00,"filing date, end of day",15250000000.0,15365000000.0,-115000000.0,,missing,0,,,,,,,results/complex-quarterly/WY/2009-12-31
AMD,,,Assets,,compute_and_ai,2010-12-25,Q4,2012-02-24T23:59:59+00:00,"filing date, end of day",4964000000.0,4595000000.0,369000000.0,prior same-quarter,measured,1,0,12000000.0,357000000.0,0.07769314472252448,,,results/complex-quarterly/AMD/2010-12-25
EQIX,,,Assets,,data_center_reit,2010-12-31,Q4,2012-02-24T23:59:59+00:00,"filing date, end of day",4448009000.0,4480891000.0,-32882000.0,,missing,0,,,,,,,results/complex-quarterly/EQIX/2010-12-31
SO,,,Assets,,power,2009-12-31,Q4,2012-02-24T23:59:59+00:00,"filing date, end of day",52046000000.0,50524207000.0,1521793000.0,,missing,0,,,,,,,results/complex-quarterly/SO/2009-12-31
SBAC,,,Assets,,data_center_reit,2010-12-31,Q4,2012-02-27T23:59:59+00:00,"filing date, end of day",3400175000.0,3423936000.0,-23761000.0,,missing,0,,,,,,,results/complex-quarterly/SBAC/2010-12-31
AEP,,,Assets,,power,2010-12-31,Q4,2012-02-28T23:59:59+00:00,"filing date, end of day",50455000000.0,49892000000.0,563000000.0,prior same-quarter,measured,1,0,1155000000.0,-592000000.0,-0.01186562976028221,,,results/complex-quarterly/AEP/2010-12-31
D,,,Assets,,power,2010-12-31,Q4,2012-02-28T23:59:59+00:00,"filing date, end of day",42817000000.0,42229000000.0,588000000.0,prior same-quarter,measured,1,0,467000000.0,121000000.0,0.0028653295128939827,,,results/complex-quarterly/D/2010-12-31
DLR,,,Assets,,data_center_reit,2010-12-31,Q4,2012-02-28T23:59:59+00:00,"filing date, end of day",5329483000.0,4501032000.0,828451000.0,,missing,0,,,,,,,results/complex-quarterly/DLR/2010-12-31
DUK,,,Assets,,power,2009-12-31,Q4,2012-02-28T23:59:59+00:00,"filing date, end of day",57040000000.0,55774000000.0,1266000000.0,,missing,0,,,,,,,results/complex-quarterly/DUK/2009-12-31
ETR,,,Assets,,power,2009-12-31,Q4,2012-02-28T23:59:59+00:00,"filing date, end of day",37561953000.0,36170335000.0,1391618000.0,,missing,0,,,,,,,results/complex-quarterly/ETR/2009-12-31
IRM,,,Assets,,data_center_reit,2009-12-31,Q4,2012-02-28T23:59:59+00:00,"filing date, end of day",6851157000.0,6706225000.0,144932000.0,,missing,0,,,,,,,results/complex-quarterly/IRM/2009-12-31
NEE,,,Assets,,power,2010-12-31,Q4,2012-02-28T23:59:59+00:00,"filing date, end of day",52994000000.0,52994000000.0,0.0,prior same-quarter,measured,1,0,1303000000.0,-1303000000.0,-0.024587689172359133,,,results/complex-quarterly/NEE/2010-12-31
PPL,,,Assets,,power,2010-12-31,Q4,2012-02-28T23:59:59+00:00,"filing date, end of day",32837000000.0,26728000000.0,6109000000.0,prior same-quarter,measured,1,0,221000000.0,5888000000.0,0.2202933253516911,,,results/complex-quarterly/PPL/2010-12-31
AMT,,,Assets,,data_center_reit,2010-12-31,Q4,2012-02-29T23:59:59+00:00,"filing date, end of day",10370084000.0,9448978000.0,921106000.0,prior same-quarter,measured,1,0,125107000.0,795999000.0,0.08424180900833932,,,results/complex-quarterly/AMT/2010-12-31
EIX,,,Assets,,power,2009-12-31,Q4,2012-02-29T23:59:59+00:00,"filing date, end of day",41444000000.0,42772000000.0,-1328000000.0,,missing,0,,,,,,,results/complex-quarterly/EIX/2009-12-31
EIX,,,Assets,,power,2010-12-31,Q4,2012-02-29T23:59:59+00:00,"filing date, end of day",45530000000.0,45566000000.0,-36000000.0,,missing,0,,,,,,,results/complex-quarterly/EIX/2010-12-31
FSLR,,,Assets,,fuel_and_nuclear,2009-12-26,Q4,2012-02-29T23:59:59+00:00,"filing date, end of day",3349512000.0,3095072000.0,254440000.0,,missing,0,,,,,,,results/complex-quarterly/FSLR/2009-12-26
PWR,,,Assets,,buildout,2010-12-31,Q4,2012-02-29T23:59:59+00:00,"filing date, end of day",4341212000.0,4130962000.0,210250000.0,prior same-quarter,measured,1,0,482849000.0,-272599000.0,-0.06598922962738461,,,results/complex-quarterly/PWR/2010-12-31
DY,,,Assets,,buildout,2012-01-28,Q1,2012-03-02T23:59:59+00:00,"filing date, end of day",732102000.0,739907000.0,-7805000.0,,missing,0,,,,,,,results/complex-quarterly/DY/2012-01-28
NVDA,,,Assets,,compute_and_ai,2011-01-30,Q1,2012-03-13T23:59:59+00:00,"filing date, end of day",4495246000.0,3915579000.0,579667000.0,prior same-quarter,measured,1,0,122344000.0,457323000.0,0.11679575357820644,,,results/complex-quarterly/NVDA/2011-01-30
LEU,,,Assets,,fuel_and_nuclear,2010-12-31,Q4,2012-03-14T23:59:59+00:00,"filing date, end of day",3848200000.0,3699300000.0,148900000.0,,missing,0,,,,,,,results/complex-quarterly/LEU/2010-12-31
ORCL,,,Assets,,hyperscaler,2012-02-29,Q1,2012-03-23T23:59:59+00:00,"filing date, end of day",74361000000.0,72910000000.0,1451000000.0,same-quarter mean,measured,2,365,2988000000.0,-1537000000.0,-0.021080784528871212,,,results/complex-quarterly/ORCL/2012-02-29
MU,,,Assets,,compute_and_ai,2012-03-01,Q1,2012-04-09T23:59:59+00:00,"filing date, end of day",14139000000.0,14211000000.0,-72000000.0,prior same-quarter,measured,1,0,-219000000.0,147000000.0,0.010344099641123074,,,results/complex-quarterly/MU/2012-03-01
MSFT,,,Assets,,hyperscaler,2012-03-31,Q1,2012-04-19T23:59:59+00:00,"filing date, end of day",118010000000.0,112243000000.0,5767000000.0,same-quarter mean,measured,2,371,5117500000.0,649500000.0,0.005786552390794971,,,results/complex-quarterly/MSFT/2012-03-31
AAPL,,,Assets,,hyperscaler,2012-03-31,Q1,2012-04-25T23:59:59+00:00,"filing date, end of day",150934000000.0,138681000000.0,12253000000.0,same-quarter mean,measured,2,365,5646500000.0,6606500000.0,0.047638104715137616,,,results/complex-quarterly/AAPL/2012-03-31
D,,,Assets,,power,2012-03-31,Q1,2012-04-26T23:59:59+00:00,"filing date, end of day",46093000000.0,45614000000.0,479000000.0,same-quarter mean,measured,2,365,-215500000.0,694500000.0,0.01522558863506818,,,results/complex-quarterly/D/2012-03-31
EME,,,Assets,,buildout,2012-03-31,Q1,2012-04-26T23:59:59+00:00,"filing date, end of day",2944231000.0,3014054000.0,-69823000.0,prior same-quarter,measured,1,0,-5529000.0,-64294000.0,-0.02133140282158183,,,results/complex-quarterly/EME/2012-03-31
AEP,,,Assets,,power,2012-03-31,Q1,2012-04-27T23:59:59+00:00,"filing date, end of day",52902000000.0,52223000000.0,679000000.0,same-quarter mean,measured,2,368,691000000.0,-12000000.0,-0.00022978381173046359,,,results/complex-quarterly/AEP/2012-03-31
AMZN,,,Assets,,hyperscaler,2012-03-31,Q1,2012-04-27T23:59:59+00:00,"filing date, end of day",20339000000.0,25278000000.0,-4939000000.0,same-quarter mean,measured,2,369,-1843000000.0,-3096000000.0,-0.12247804414906242,,,results/complex-quarterly/AMZN/2012-03-31
EQIX,,,Assets,,data_center_reit,2012-03-31,Q1,2012-04-27T23:59:59+00:00,"filing date, end of day",5884345000.0,5785324000.0,99021000.0,prior same-quarter,measured,1,0,204504000.0,-105483000.0,-0.018232859559810306,,,results/complex-quarterly/EQIX/2012-03-31
NEE,,,Assets,,power,2012-03-31,Q1,2012-04-27T23:59:59+00:00,"filing date, end of day",59207000000.0,57188000000.0,2019000000.0,same-quarter mean,measured,2,366,1373500000.0,645500000.0,0.01128733300692453,,,results/complex-quarterly/NEE/2012-03-31
EIX,,,Assets,,power,2012-03-31,Q1,2012-05-02T23:59:59+00:00,"filing date, end of day",49384000000.0,48039000000.0,1345000000.0,same-quarter mean,measured,2,360,772000000.0,573000000.0,0.011927808655467432,,,results/complex-quarterly/EIX/2012-03-31
FIX,,,Assets,,buildout,2012-03-31,Q1,2012-05-02T23:59:59+00:00,"filing date, end of day",576058000.0,593980000.0,-17922000.0,,missing,0,,,,,,,results/complex-quarterly/FIX/2012-03-31
J,,,Assets,,buildout,2012-03-30,Q1,2012-05-02T23:59:59+00:00,"filing date, end of day",6331770000.0,6126275000.0,205495000.0,prior same-quarter,measured,1,0,251922000.0,-46427000.0,-0.007578340835173086,,,results/complex-quarterly/J/2012-03-30
LEU,,,Assets,,fuel_and_nuclear,2012-03-31,Q1,2012-05-02T23:59:59+00:00,"filing date, end of day",3771300000.0,3549300000.0,222000000.0,prior same-quarter,measured,1,0,210700000.0,11300000.0,0.00318372636857972,,,results/complex-quarterly/LEU/2012-03-31
PCG,,,Assets,,power,2012-03-31,Q1,2012-05-02T23:59:59+00:00,"filing date, end of day",50188000000.0,49750000000.0,438000000.0,same-quarter mean,measured,2,362,414500000.0,23500000.0,0.00047236180904522613,,,results/complex-quarterly/PCG/2012-03-31
AMT,,,Assets,,data_center_reit,2012-03-31,Q1,2012-05-03T23:59:59+00:00,"filing date, end of day",12638206000.0,12242395000.0,395811000.0,same-quarter mean,measured,2,364,271492500.0,124318500.0,0.010154753216180331,,,results/complex-quarterly/AMT/2012-03-31
CCI,,,Assets,,data_center_reit,2012-03-31,Q1,2012-05-03T23:59:59+00:00,"filing date, end of day",12124656000.0,10545096000.0,1579560000.0,same-quarter mean,measured,2,361,-234216000.0,1813776000.0,0.17200184806283414,,,results/complex-quarterly/CCI/2012-03-31
MTZ,,,Assets,,buildout,2012-03-31,Q1,2012-05-03T23:59:59+00:00,"filing date, end of day",2070292000.0,2094700000.0,-24408000.0,,missing,0,,,,,,,results/complex-quarterly/MTZ/2012-03-31
NRG,,,Assets,,power,2012-03-31,Q1,2012-05-03T23:59:59+00:00,"filing date, end of day",28530000000.0,26900000000.0,1630000000.0,same-quarter mean,measured,2,360,-326500000.0,1956500000.0,0.07273234200743495,,,results/complex-quarterly/NRG/2012-03-31
ROK,,,Assets,,buildout,2012-03-31,Q1,2012-05-03T23:59:59+00:00,"filing date, end of day",5434600000.0,5279100000.0,155500000.0,same-quarter mean,measured,2,365,237800000.0,-82300000.0,-0.01558977856073952,,,results/complex-quarterly/ROK/2012-03-31
FSLR,,,Assets,,fuel_and_nuclear,2011-03-31,Q1,2012-05-04T23:59:59+00:00,"filing date, end of day",4433981000.0,4380403000.0,53578000.0,prior same-quarter,measured,1,0,124002000.0,-70424000.0,-0.01607705957648189,,,results/complex-quarterly/FSLR/2011-03-31
SRE,,,Assets,,power,2012-03-31,Q1,2012-05-04T23:59:59+00:00,"filing date, end of day",34045000000.0,33249000000.0,796000000.0,prior same-quarter,measured,1,0,465000000.0,331000000.0,0.00995518662215405,,,results/complex-quarterly/SRE/2012-03-31
WY,,,Assets,,data_center_reit,2012-03-31,Q1,2012-05-04T23:59:59+00:00,"filing date, end of day",12474000000.0,12634000000.0,-160000000.0,same-quarter mean,measured,2,364,20500000.0,-180500000.0,-0.014286845021370904,,,results/complex-quarterly/WY/2012-03-31
DLR,,,Assets,,data_center_reit,2012-03-31,Q1,2012-05-07T23:59:59+00:00,"filing date, end of day",6418061000.0,6098566000.0,319495000.0,,missing,0,,,,,,,results/complex-quarterly/DLR/2012-03-31
PPL,,,Assets,,power,2012-03-31,Q1,2012-05-07T23:59:59+00:00,"filing date, end of day",44082000000.0,42648000000.0,1434000000.0,same-quarter mean,measured,2,365,1337000000.0,97000000.0,0.002274432564246858,,,results/complex-quarterly/PPL/2012-03-31
SBAC,,,Assets,,data_center_reit,2012-03-31,Q1,2012-05-07T23:59:59+00:00,"filing date, end of day",4086629000.0,3606399000.0,480230000.0,prior same-quarter,measured,1,0,66083000.0,414147000.0,0.11483671107938972,,,results/complex-quarterly/SBAC/2012-03-31
SMCI,,,Assets,,compute_and_ai,2012-03-31,Q1,2012-05-07T23:59:59+00:00,"filing date, end of day",548118000.0,499997000.0,48121000.0,,missing,0,,,,,,,results/complex-quarterly/SMCI/2012-03-31
SO,,,Assets,,power,2012-03-31,Q1,2012-05-07T23:59:59+00:00,"filing date, end of day",59874000000.0,59267000000.0,607000000.0,same-quarter mean,measured,2,364,260522500.0,346477500.0,0.005846044172979905,,,results/complex-quarterly/SO/2012-03-31
AMD,,,Assets,,compute_and_ai,2012-03-31,Q1,2012-05-09T23:59:59+00:00,"filing date, end of day",4988000000.0,4954000000.0,34000000.0,,missing,0,,,,,,,results/complex-quarterly/AMD/2012-03-31
BWXT,,,Assets,,fuel_and_nuclear,2012-03-31,Q1,2012-05-09T23:59:59+00:00,"filing date, end of day",2736497000.0,2789111000.0,-52614000.0,,missing,0,,,,,,,results/complex-quarterly/BWXT/2012-03-31
DUK,,,Assets,,power,2012-03-31,Q1,2012-05-09T23:59:59+00:00,"filing date, end of day",61799000000.0,62526000000.0,-727000000.0,prior same-quarter,measured,1,0,-104000000.0,-623000000.0,-0.009963855036304897,,,results/complex-quarterly/DUK/2012-03-31
ETR,,,Assets,,power,2012-03-31,Q1,2012-05-09T23:59:59+00:00,"filing date, end of day",40930224000.0,40701699000.0,228525000.0,same-quarter mean,measured,2,367,230369500.0,-1844500.0,-4.5317518563537115e-05,,,results/complex-quarterly/ETR/2012-03-31
PRIM,,,Assets,,buildout,2012-03-31,Q1,2012-05-09T23:59:59+00:00,"filing date, end of day",698691000.0,728413000.0,-29722000.0,,missing,0,,,,,,,results/complex-quarterly/PRIM/2012-03-31
PWR,,,Assets,,buildout,2012-03-31,Q1,2012-05-09T23:59:59+00:00,"filing date, end of day",4755334000.0,4699114000.0,56220000.0,same-quarter mean,measured,2,361,-42226000.0,98446000.0,0.020949906727097917,,,results/complex-quarterly/PWR/2012-03-31
STRL,,,Assets,,buildout,2012-03-31,Q1,2012-05-09T23:59:59+00:00,"filing date, end of day",308863000.0,303831000.0,5032000.0,,missing,0,,,,,,,results/complex-quarterly/STRL/2012-03-31
EXC,,,Assets,,power,2012-03-31,Q1,2012-05-10T23:59:59+00:00,"filing date, end of day",77628000000.0,54995000000.0,22633000000.0,same-quarter mean,measured,2,369,348500000.0,22284500000.0,0.40520956450586415,,,results/complex-quarterly/EXC/2012-03-31
IRM,,,Assets,,data_center_reit,2011-03-31,Q1,2012-05-10T23:59:59+00:00,"filing date, end of day",6487604000.0,6416393000.0,71211000.0,prior same-quarter,measured,1,0,-112478000.0,183689000.0,0.02862807811179895,,,results/complex-quarterly/IRM/2011-03-31
WULF,,,Assets,,compute_and_ai,2012-03-31,Q1,2012-05-14T23:59:59+00:00,"filing date, end of day",14501725.0,14167458.0,334267.0,,missing,0,,,,,,,results/complex-quarterly/WULF/2012-03-31
PLUG,,,Assets,,fuel_and_nuclear,2012-03-31,Q1,2012-05-15T23:59:59+00:00,"filing date, end of day",58171538.0,55655999.0,2515539.0,,missing,0,,,,,,,results/complex-quarterly/PLUG/2012-03-31
NVDA,,,Assets,,compute_and_ai,2012-04-29,Q2,2012-05-23T23:59:59+00:00,"filing date, end of day",5708167000.0,5552928000.0,155239000.0,same-quarter mean,measured,2,371,229305000.0,-74066000.0,-0.013338188429599664,,,results/complex-quarterly/NVDA/2012-04-29
DY,,,Assets,,buildout,2012-04-28,Q2,2012-05-24T23:59:59+00:00,"filing date, end of day",747045000.0,732102000.0,14943000.0,,missing,0,,,,,,,results/complex-quarterly/DY/2012-04-28
ORCL,,,Assets,,hyperscaler,2011-05-31,Q2,2012-06-26T23:59:59+00:00,"filing date, end of day",73535000000.0,67666000000.0,5869000000.0,prior same-quarter,measured,1,0,2192000000.0,3677000000.0,0.0543404368515946,,,results/complex-quarterly/ORCL/2011-05-31
MU,,,Assets,,compute_and_ai,2012-05-31,Q2,2012-07-09T23:59:59+00:00,"filing date, end of day",14316000000.0,14139000000.0,177000000.0,prior same-quarter,measured,1,0,172000000.0,5000000.0,0.00035363179857132753,,,results/complex-quarterly/MU/2012-05-31
NRG,,,Assets,,power,2010-12-31,Q4,2012-07-23T23:59:59+00:00,"filing date, end of day",26896000000.0,27419000000.0,-523000000.0,prior same-quarter,measured,1,0,-2576000000.0,2053000000.0,0.074875086618768,,,results/complex-quarterly/NRG/2010-12-31
AAPL,,,Assets,,hyperscaler,2012-06-30,Q2,2012-07-25T23:59:59+00:00,"filing date, end of day",162896000000.0,150934000000.0,11962000000.0,same-quarter mean,measured,3,728,10497000000.0,1465000000.0,0.009706229212768494,,,results/complex-quarterly/AAPL/2012-06-30
EME,,,Assets,,buildout,2012-06-30,Q2,2012-07-26T23:59:59+00:00,"filing date, end of day",2960729000.0,2944231000.0,16498000.0,same-quarter mean,measured,2,365,-9487000.0,25985000.0,0.00882573412208485,,,results/complex-quarterly/EME/2012-06-30
MSFT,,,Assets,,hyperscaler,2011-06-30,Q2,2012-07-26T23:59:59+00:00,"filing date, end of day",108704000000.0,99727000000.0,8977000000.0,prior same-quarter,measured,1,0,1203000000.0,7774000000.0,0.0779528111745064,,,results/complex-quarterly/MSFT/2011-06-30
AEP,,,Assets,,power,2012-06-30,Q2,2012-07-27T23:59:59+00:00,"filing date, end of day",53421000000.0,52902000000.0,519000000.0,same-quarter mean,measured,3,724,562333333.3333334,-43333333.33333337,-0.0008191246707748927,,,results/complex-quarterly/AEP/2012-06-30
AMZN,,,Assets,,hyperscaler,2012-06-30,Q2,2012-07-27T23:59:59+00:00,"filing date, end of day",21022000000.0,20339000000.0,683000000.0,same-quarter mean,measured,3,733,258333333.33333334,424666666.6666666,0.020879427044921905,,,results/complex-quarterly/AMZN/2012-06-30
EQIX,,,Assets,,data_center_reit,2012-06-30,Q2,2012-07-27T23:59:59+00:00,"filing date, end of day",5724688000.0,5884345000.0,-159657000.0,same-quarter mean,measured,2,359,780368000.0,-940025000.0,-0.15975015061149542,,,results/complex-quarterly/EQIX/2012-06-30
NEE,,,Assets,,power,2012-06-30,Q2,2012-07-27T23:59:59+00:00,"filing date, end of day",60390000000.0,59207000000.0,1183000000.0,same-quarter mean,measured,3,732,1050000000.0,133000000.0,0.0022463560052020876,,,results/complex-quarterly/NEE/2012-06-30
EIX,,,Assets,,power,2012-06-30,Q2,2012-07-31T23:59:59+00:00,"filing date, end of day",49388000000.0,49384000000.0,4000000.0,same-quarter mean,measured,3,727,-374000000.0,378000000.0,0.007654300988174307,,,results/complex-quarterly/EIX/2012-06-30
META,,,Assets,,hyperscaler,2012-06-30,Q2,2012-07-31T23:59:59+00:00,"filing date, end of day",14928000000.0,6331000000.0,8597000000.0,,missing,0,,,,,,,results/complex-quarterly/META/2012-06-30
D,,,Assets,,power,2012-06-30,Q2,2012-08-01T23:59:59+00:00,"filing date, end of day",46416000000.0,46093000000.0,323000000.0,same-quarter mean,measured,3,728,-99000000.0,422000000.0,0.00915540320656065,,,results/complex-quarterly/D/2012-06-30
FIX,,,Assets,,buildout,2012-06-30,Q2,2012-08-01T23:59:59+00:00,"filing date, end of day",604621000.0,576058000.0,28563000.0,prior same-quarter,measured,1,0,-18476000.0,47039000.0,0.08165670817869033,,,results/complex-quarterly/FIX/2012-06-30
IRM,,,Assets,,data_center_reit,2011-06-30,Q2,2012-08-01T23:59:59+00:00,"filing date, end of day",6417359000.0,6487604000.0,-70245000.0,prior same-quarter,measured,1,0,-85091000.0,14846000.0,0.0022883640863406583,,,results/complex-quarterly/IRM/2011-06-30
LEU,,,Assets,,fuel_and_nuclear,2012-06-30,Q2,2012-08-01T23:59:59+00:00,"filing date, end of day",3780900000.0,3771300000.0,9600000.0,same-quarter mean,measured,2,364,113450000.0,-103850000.0,-0.027536923607244187,,,results/complex-quarterly/LEU/2012-06-30
AMD,,,Assets,,compute_and_ai,2012-06-30,Q2,2012-08-02T23:59:59+00:00,"filing date, end of day",5041000000.0,4988000000.0,53000000.0,same-quarter mean,measured,2,279,-1939000000.0,1992000000.0,0.3993584603047314,,,results/complex-quarterly/AMD/2012-06-30
AMT,,,Assets,,data_center_reit,2012-06-30,Q2,2012-08-02T23:59:59+00:00,"filing date, end of day",12709359000.0,12638206000.0,71153000.0,same-quarter mean,measured,3,728,133843000.0,-62690000.0,-0.004960355923934141,,,results/complex-quarterly/AMT/2012-06-30
J,,,Assets,,buildout,2012-06-29,Q2,2012-08-02T23:59:59+00:00,"filing date, end of day",6482567000.0,6331770000.0,150797000.0,same-quarter mean,measured,3,638,282853666.6666667,-132056666.66666669,-0.020856200820097176,,,results/complex-quarterly/J/2012-06-29
MTZ,,,Assets,,buildout,2012-06-30,Q2,2012-08-02T23:59:59+00:00,"filing date, end of day",2227322000.0,2070292000.0,157030000.0,prior same-quarter,measured,1,0,340519000.0,-183489000.0,-0.0886295266561432,,,results/complex-quarterly/MTZ/2012-06-30
ROK,,,Assets,,buildout,2012-06-30,Q2,2012-08-02T23:59:59+00:00,"filing date, end of day",5382400000.0,5434600000.0,-52200000.0,same-quarter mean,measured,3,730,-46900000.0,-5300000.0,-0.0009752327678209988,,,results/complex-quarterly/ROK/2012-06-30
SRE,,,Assets,,power,2012-06-30,Q2,2012-08-02T23:59:59+00:00,"filing date, end of day",34202000000.0,34045000000.0,157000000.0,prior same-quarter,measured,1,0,1140000000.0,-983000000.0,-0.028873549713614333,,,results/complex-quarterly/SRE/2012-06-30
FSLR,,,Assets,,fuel_and_nuclear,2011-06-30,Q2,2012-08-03T23:59:59+00:00,"filing date, end of day",4939232000.0,4433981000.0,505251000.0,same-quarter mean,measured,2,368,476739000.0,28512000.0,0.006430338785845045,,,results/complex-quarterly/FSLR/2011-06-30
WY,,,Assets,,data_center_reit,2012-06-30,Q2,2012-08-03T23:59:59+00:00,"filing date, end of day",12475000000.0,12474000000.0,1000000.0,same-quarter mean,measured,3,725,-620333333.3333334,621333333.3333334,0.04981027203249426,,,results/complex-quarterly/WY/2012-06-30
CCI,,,Assets,,data_center_reit,2012-06-30,Q2,2012-08-06T23:59:59+00:00,"filing date, end of day",12597676000.0,12124656000.0,473020000.0,same-quarter mean,measured,3,707,-9759333.333333334,482779333.3333333,0.03981798191497832,,,results/complex-quarterly/CCI/2012-06-30
SO,,,Assets,,power,2011-06-30,Q2,2012-08-06T23:59:59+00:00,"filing date, end of day",59267000000.0,55019000000.0,4248000000.0,same-quarter mean,measured,2,344,1432247000.0,2815753000.0,0.05117782947708973,,,results/complex-quarterly/SO/2011-06-30
SO,,,Assets,,power,2012-06-30,Q2,2012-08-06T23:59:59+00:00,"filing date, end of day",60897000000.0,59874000000.0,1023000000.0,same-quarter mean,measured,2,344,1432247000.0,-409247000.0,-0.0068351371212880385,,,results/complex-quarterly/SO/2012-06-30
BWXT,,,Assets,,fuel_and_nuclear,2012-06-30,Q2,2012-08-07T23:59:59+00:00,"filing date, end of day",2781161000.0,2736497000.0,44664000.0,prior same-quarter,measured,1,0,77905000.0,-33241000.0,-0.012147281725505272,,,results/complex-quarterly/BWXT/2012-06-30
DLR,,,Assets,,data_center_reit,2012-06-30,Q2,2012-08-07T23:59:59+00:00,"filing date, end of day",6717113000.0,6418061000.0,299052000.0,same-quarter mean,measured,2,358,542447500.0,-243395500.0,-0.03792352550092622,,,results/complex-quarterly/DLR/2012-06-30
PCG,,,Assets,,power,2012-06-30,Q2,2012-08-07T23:59:59+00:00,"filing date, end of day",50115000000.0,50188000000.0,-73000000.0,same-quarter mean,measured,3,729,1024666666.6666666,-1097666666.6666665,-0.02187109800483515,,,results/complex-quarterly/PCG/2012-06-30
DUK,,,Assets,,power,2012-06-30,Q2,2012-08-08T23:59:59+00:00,"filing date, end of day",63031000000.0,61799000000.0,1232000000.0,same-quarter mean,measured,3,731,599333333.3333334,632666666.6666666,0.010237490358527916,,,results/complex-quarterly/DUK/2012-06-30
ETR,,,Assets,,power,2012-06-30,Q2,2012-08-08T23:59:59+00:00,"filing date, end of day",40917605000.0,40930224000.0,-12619000.0,same-quarter mean,measured,3,703,14089666.666666666,-26708666.666666664,-0.0006525414243192674,,,results/complex-quarterly/ETR/2012-06-30
NRG,,,Assets,,power,2012-06-30,Q2,2012-08-08T23:59:59+00:00,"filing date, end of day",27856000000.0,28530000000.0,-674000000.0,same-quarter mean,measured,3,709,1105000000.0,-1779000000.0,-0.06235541535226078,,,results/complex-quarterly/NRG/2012-06-30
PPL,,,Assets,,power,2012-06-30,Q2,2012-08-08T23:59:59+00:00,"filing date, end of day",43508000000.0,44082000000.0,-574000000.0,same-quarter mean,measured,3,713,3259666666.6666665,-3833666666.6666665,-0.08696671354899202,,,results/complex-quarterly/PPL/2012-06-30
PRIM,,,Assets,,buildout,2012-06-30,Q2,2012-08-08T23:59:59+00:00,"filing date, end of day",736087000.0,698691000.0,37396000.0,prior same-quarter,measured,1,0,-21891000.0,59287000.0,0.08485439199875196,,,results/complex-quarterly/PRIM/2012-06-30
PWR,,,Assets,,buildout,2012-06-30,Q2,2012-08-08T23:59:59+00:00,"filing date, end of day",4897303000.0,4755334000.0,141969000.0,same-quarter mean,measured,3,725,-26404666.666666668,168373666.66666666,0.03540732715444733,,,results/complex-quarterly/PWR/2012-06-30
STRL,,,Assets,,buildout,2012-06-30,Q2,2012-08-08T23:59:59+00:00,"filing date, end of day",352882000.0,308863000.0,44019000.0,prior same-quarter,measured,1,0,8757000.0,35262000.0,0.11416712264013494,,,results/complex-quarterly/STRL/2012-06-30
EXC,,,Assets,,power,2012-06-30,Q2,2012-08-09T23:59:59+00:00,"filing date, end of day",77434000000.0,77628000000.0,-194000000.0,same-quarter mean,measured,3,733,68000000.0,-262000000.0,-0.0033750708507239656,,,results/complex-quarterly/EXC/2012-06-30
PLUG,,,Assets,,fuel_and_nuclear,2012-06-30,Q2,2012-08-14T23:59:59+00:00,"filing date, end of day",52223770.0,58171538.0,-5947768.0,prior same-quarter,measured,1,0,-30122.0,-5917646.0,-0.10172751492319147,,,results/complex-quarterly/PLUG/2012-06-30
WULF,,,Assets,,compute_and_ai,2012-06-30,Q2,2012-08-14T23:59:59+00:00,"filing date, end of day",14354546.0,14501725.0,-147179.0,prior same-quarter,measured,1,0,520819.0,-667998.0,-0.04606334763622948,,,results/complex-quarterly/WULF/2012-06-30
NVDA,,,Assets,,compute_and_ai,2012-07-29,Q3,2012-08-22T23:59:59+00:00,"filing date, end of day",5891881000.0,5708167000.0,183714000.0,same-quarter mean,measured,3,735,1200000.0,182514000.0,0.031974187160256524,,,results/complex-quarterly/NVDA/2012-07-29
AGX,,,Assets,,buildout,2011-07-31,Q3,2012-09-14T23:59:59+00:00,"filing date, end of day",145626000.0,130542000.0,15084000.0,,missing,0,,,,,,,results/complex-quarterly/AGX/2011-07-31
ORCL,,,Assets,,hyperscaler,2012-08-31,Q3,2012-09-24T23:59:59+00:00,"filing date, end of day",76558000000.0,78327000000.0,-1769000000.0,same-quarter mean,measured,3,732,3194333333.3333335,-4963333333.333334,-0.06336682540290492,,,results/complex-quarterly/ORCL/2012-08-31
MSFT,,,Assets,,hyperscaler,2012-09-30,Q3,2012-10-18T23:59:59+00:00,"filing date, end of day",121876000000.0,121271000000.0,605000000.0,same-quarter mean,measured,3,727,2620666666.6666665,-2015666666.6666665,-0.01662117626362994,,,results/complex-quarterly/MSFT/2012-09-30
META,,,Assets,,hyperscaler,2012-09-30,Q3,2012-10-24T23:59:59+00:00,"filing date, end of day",16038000000.0,14928000000.0,1110000000.0,,missing,0,,,,,,,results/complex-quarterly/META/2012-09-30
D,,,Assets,,power,2012-09-30,Q3,2012-10-25T23:59:59+00:00,"filing date, end of day",46886000000.0,46416000000.0,470000000.0,same-quarter mean,measured,3,725,550000000.0,-80000000.0,-0.001723543605653223,,,results/complex-quarterly/D/2012-09-30
EME,,,Assets,,buildout,2012-09-30,Q3,2012-10-25T23:59:59+00:00,"filing date, end of day",3053461000.0,2960729000.0,92732000.0,same-quarter mean,measured,2,359,-93128000.0,185860000.0,0.06277508005629695,,,results/complex-quarterly/EME/2012-09-30
AEP,,,Assets,,power,2012-09-30,Q3,2012-10-26T23:59:59+00:00,"filing date, end of day",53843000000.0,53421000000.0,422000000.0,same-quarter mean,measured,3,728,415000000.0,7000000.0,0.00013103461185676044,,,results/complex-quarterly/AEP/2012-09-30
AMZN,,,Assets,,hyperscaler,2012-09-30,Q3,2012-10-26T23:59:59+00:00,"filing date, end of day",22834000000.0,21022000000.0,1812000000.0,same-quarter mean,measured,3,733,1391666666.6666667,420333333.33333325,0.01999492595059144,,,results/complex-quarterly/AMZN/2012-09-30
NEE,,,Assets,,power,2012-09-30,Q3,2012-10-26T23:59:59+00:00,"filing date, end of day",62049000000.0,60390000000.0,1659000000.0,same-quarter mean,measured,3,735,1521333333.3333333,137666666.66666675,0.0022796268697908057,,,results/complex-quarterly/NEE/2012-09-30
MU,,,Assets,,compute_and_ai,2011-09-01,Q3,2012-10-29T23:59:59+00:00,"filing date, end of day",14752000000.0,14570000000.0,182000000.0,prior same-quarter,measured,1,0,2967000000.0,-2785000000.0,-0.1911461908030199,,,results/complex-quarterly/MU/2011-09-01
PCG,,,Assets,,power,2012-09-30,Q3,2012-10-29T23:59:59+00:00,"filing date, end of day",50868000000.0,50115000000.0,753000000.0,same-quarter mean,measured,3,735,529333333.3333333,223666666.6666667,0.004463068276297849,,,results/complex-quarterly/PCG/2012-09-30
AMT,,,Assets,,data_center_reit,2012-09-30,Q3,2012-10-31T23:59:59+00:00,"filing date, end of day",12961304000.0,12709359000.0,251945000.0,same-quarter mean,measured,3,727,230981333.33333334,20963666.666666657,0.0016494668745030065,,,results/complex-quarterly/AMT/2012-09-30
AMD,,,Assets,,compute_and_ai,2012-09-29,Q3,2012-11-01T23:59:59+00:00,"filing date, end of day",4612000000.0,5041000000.0,-429000000.0,same-quarter mean,measured,2,280,-172500000.0,-256500000.0,-0.05088276135687363,,,results/complex-quarterly/AMD/2012-09-29
EIX,,,Assets,,power,2012-09-30,Q3,2012-11-01T23:59:59+00:00,"filing date, end of day",50545000000.0,49388000000.0,1157000000.0,same-quarter mean,measured,3,726,1333000000.0,-176000000.0,-0.0035636186927998706,,,results/complex-quarterly/EIX/2012-09-30
FIX,,,Assets,,buildout,2012-09-30,Q3,2012-11-01T23:59:59+00:00,"filing date, end of day",591726000.0,604621000.0,-12895000.0,prior same-quarter,measured,1,0,-55898000.0,43003000.0,0.07112389414195008,,,results/complex-quarterly/FIX/2012-09-30
LEU,,,Assets,,fuel_and_nuclear,2012-09-30,Q3,2012-11-01T23:59:59+00:00,"filing date, end of day",3766000000.0,3780900000.0,-14900000.0,same-quarter mean,measured,2,366,-38200000.0,23300000.0,0.006162553889285619,,,results/complex-quarterly/LEU/2012-09-30
MTZ,,,Assets,,buildout,2012-09-30,Q3,2012-11-01T23:59:59+00:00,"filing date, end of day",2195900000.0,2227322000.0,-31422000.0,prior same-quarter,measured,1,0,88033000.0,-119455000.0,-0.05363167067895886,,,results/complex-quarterly/MTZ/2012-09-30
CCI,,,Assets,,data_center_reit,2012-09-30,Q3,2012-11-02T23:59:59+00:00,"filing date, end of day",12736419000.0,12597676000.0,138743000.0,same-quarter mean,measured,3,727,96509666.66666667,42233333.33333333,0.0033524701963547347,,,results/complex-quarterly/CCI/2012-09-30
FSLR,,,Assets,,fuel_and_nuclear,2011-09-30,Q3,2012-11-02T23:59:59+00:00,"filing date, end of day",5763312000.0,4939232000.0,824080000.0,same-quarter mean,measured,2,368,377674500.0,446405500.0,0.09037953673769525,,,results/complex-quarterly/FSLR/2011-09-30
IRM,,,Assets,,data_center_reit,2011-09-30,Q3,2012-11-02T23:59:59+00:00,"filing date, end of day",6398103000.0,6417359000.0,-19256000.0,same-quarter mean,measured,2,365,-30774000.0,11518000.0,0.0017948193329997589,,,results/complex-quarterly/IRM/2011-09-30
NRG,,,Assets,,power,2012-09-30,Q3,2012-11-02T23:59:59+00:00,"filing date, end of day",27220000000.0,27856000000.0,-636000000.0,same-quarter mean,measured,3,731,129666666.66666667,-765666666.6666666,-0.027486597740762012,,,results/complex-quarterly/NRG/2012-09-30
WY,,,Assets,,data_center_reit,2012-09-30,Q3,2012-11-02T23:59:59+00:00,"filing date, end of day",12338000000.0,12475000000.0,-137000000.0,same-quarter mean,measured,3,728,-445333333.3333333,308333333.3333333,0.024716098864395457,,,results/complex-quarterly/WY/2012-09-30
EQIX,,,Assets,,data_center_reit,2012-09-30,Q3,2012-11-06T23:59:59+00:00,"filing date, end of day",5990970000.0,5724688000.0,266282000.0,same-quarter mean,measured,2,364,480089500.0,-213807500.0,-0.037348323611697265,,,results/complex-quarterly/EQIX/2012-09-30
ETR,,,Assets,,power,2012-09-30,Q3,2012-11-06T23:59:59+00:00,"filing date, end of day",42023680000.0,40917605000.0,1106075000.0,same-quarter mean,measured,3,731,210995000.0,895080000.0,0.021875180622130744,,,results/complex-quarterly/ETR/2012-09-30
PRIM,,,Assets,,buildout,2012-09-30,Q3,2012-11-06T23:59:59+00:00,"filing date, end of day",809070000.0,736087000.0,72983000.0,prior same-quarter,measured,1,0,-5417000.0,78400000.0,0.10650914905439167,,,results/complex-quarterly/PRIM/2012-09-30
SRE,,,Assets,,power,2012-09-30,Q3,2012-11-06T23:59:59+00:00,"filing date, end of day",35390000000.0,34202000000.0,1188000000.0,prior same-quarter,measured,1,0,780000000.0,408000000.0,0.011929126951640254,,,results/complex-quarterly/SRE/2012-09-30
BWXT,,,Assets,,fuel_and_nuclear,2012-09-30,Q3,2012-11-07T23:59:59+00:00,"filing date, end of day",2803772000.0,2781161000.0,22611000.0,prior same-quarter,measured,1,0,-33198000.0,55809000.0,0.020066799440952895,,,results/complex-quarterly/BWXT/2012-09-30
EXC,,,Assets,,power,2012-09-30,Q3,2012-11-07T23:59:59+00:00,"filing date, end of day",78353000000.0,77434000000.0,919000000.0,same-quarter mean,measured,2,369,1972500000.0,-1053500000.0,-0.013605134695353462,,,results/complex-quarterly/EXC/2012-09-30
PWR,,,Assets,,buildout,2012-09-30,Q3,2012-11-07T23:59:59+00:00,"filing date, end of day",5255270000.0,4897303000.0,357967000.0,same-quarter mean,measured,3,729,125454333.33333333,232512666.6666667,0.04747769673770781,,,results/complex-quarterly/PWR/2012-09-30
SMCI,,,Assets,,compute_and_ai,2012-09-30,Q3,2012-11-07T23:59:59+00:00,"filing date, end of day",566545000.0,589103000.0,-22558000.0,prior same-quarter,measured,1,0,23559000.0,-46117000.0,-0.078283424121079,,,results/complex-quarterly/SMCI/2012-09-30
SO,,,Assets,,power,2012-09-30,Q3,2012-11-07T23:59:59+00:00,"filing date, end of day",61963000000.0,60897000000.0,1066000000.0,same-quarter mean,measured,3,731,-98850666.66666667,1164850666.6666667,0.019128211022984166,,,results/complex-quarterly/SO/2012-09-30
DLR,,,Assets,,data_center_reit,2012-09-30,Q3,2012-11-08T23:59:59+00:00,"filing date, end of day",8512598000.0,6717113000.0,1795485000.0,prior same-quarter,measured,1,0,168007000.0,1627478000.0,0.24228831642403514,,,results/complex-quarterly/DLR/2012-09-30
DUK,,,Assets,,power,2012-09-30,Q3,2012-11-08T23:59:59+00:00,"filing date, end of day",112008000000.0,63031000000.0,48977000000.0,same-quarter mean,measured,3,732,1168666666.6666667,47808333333.333336,0.7584892090135542,,,results/complex-quarterly/DUK/2012-09-30
PPL,,,Assets,,power,2012-09-30,Q3,2012-11-08T23:59:59+00:00,"filing date, end of day",43240000000.0,43508000000.0,-268000000.0,same-quarter mean,measured,3,739,256000000.0,-524000000.0,-0.012043762066746346,,,results/complex-quarterly/PPL/2012-09-30
STRL,,,Assets,,buildout,2012-09-30,Q3,2012-11-08T23:59:59+00:00,"filing date, end of day",375281000.0,352882000.0,22399000.0,prior same-quarter,measured,1,0,28146000.0,-5747000.0,-0.0162858972687754,,,results/complex-quarterly/STRL/2012-09-30
WULF,,,Assets,,compute_and_ai,2012-09-30,Q3,2012-11-13T23:59:59+00:00,"filing date, end of day",14794165.0,14354546.0,439619.0,prior same-quarter,measured,1,0,430409.0,9210.0,0.0006416085886659181,,,results/complex-quarterly/WULF/2012-09-30
ETN,,,Assets,,buildout,2012-09-30,Q3,2012-11-14T23:59:59+00:00,"filing date, end of day",4776348.0,17873000000.0,-17868223652.0,,missing,0,,,,,,,results/complex-quarterly/ETN/2012-09-30
PLUG,,,Assets,,fuel_and_nuclear,2012-09-30,Q3,2012-11-14T23:59:59+00:00,"filing date, end of day",45567001.0,52223770.0,-6656769.0,prior same-quarter,measured,1,0,-5834552.0,-822217.0,-0.015744114222316773,,,results/complex-quarterly/PLUG/2012-09-30
NVDA,,,Assets,,compute_and_ai,2012-10-28,Q4,2012-11-19T23:59:59+00:00,"filing date, end of day",6075144000.0,5891881000.0,183263000.0,same-quarter mean,measured,3,733,191365000.0,-8102000.0,-0.001375112633809135,,,results/complex-quarterly/NVDA/2012-10-28
ROK,,,Assets,,buildout,2010-09-30,Q3,2012-11-19T23:59:59+00:00,"filing date, end of day",4748300000.0,4614500000.0,133800000.0,prior same-quarter,measured,1,0,141700000.0,-7900000.0,-0.0017119947990031422,,,results/complex-quarterly/ROK/2010-09-30
J,,,Assets,,buildout,2011-09-30,Q3,2012-11-20T23:59:59+00:00,"filing date, end of day",6199226000.0,6039317000.0,159909000.0,same-quarter mean,measured,3,729,137219333.33333334,22689666.666666657,0.0037569921676021737,,,results/complex-quarterly/J/2011-09-30
DY,,,Assets,,buildout,2012-10-27,Q4,2012-11-21T23:59:59+00:00,"filing date, end of day",771533000.0,772193000.0,-660000.0,prior same-quarter,measured,1,0,15152000.0,-15812000.0,-0.020476746098449482,,,results/complex-quarterly/DY/2012-10-27
AGX,,,Assets,,buildout,2011-10-31,Q4,2012-12-14T23:59:59+00:00,"filing date, end of day",189301000.0,145626000.0,43675000.0,,missing,0,,,,,,,results/complex-quarterly/AGX/2011-10-31
ORCL,,,Assets,,hyperscaler,2012-11-30,Q4,2012-12-21T23:59:59+00:00,"filing date, end of day",79657000000.0,76558000000.0,3099000000.0,same-quarter mean,measured,3,731,624666666.6666666,2474333333.3333335,0.03231972273744525,,,results/complex-quarterly/ORCL/2012-11-30
MU,,,Assets,,compute_and_ai,2012-11-29,Q4,2013-01-07T23:59:59+00:00,"filing date, end of day",14067000000.0,14328000000.0,-261000000.0,same-quarter mean,measured,3,728,-116666666.66666667,-144333333.3333333,-0.010073515726782056,,,results/complex-quarterly/MU/2012-11-29
AAPL,,,Assets,,hyperscaler,2012-12-29,Q4,2013-01-24T23:59:59+00:00,"filing date, end of day",196088000000.0,176064000000.0,20024000000.0,same-quarter mean,measured,3,730,13431333333.333334,6592666666.666666,0.03744471707257967,,,results/complex-quarterly/AAPL/2012-12-29
J,,,Assets,,buildout,2012-12-28,Q4,2013-01-24T23:59:59+00:00,"filing date, end of day",6936678000.0,6839433000.0,97245000.0,same-quarter mean,measured,4,430,43996750.0,53248250.0,0.007785477246432563,,,results/complex-quarterly/J/2012-12-28
MSFT,,,Assets,,hyperscaler,2012-12-31,Q4,2013-01-24T23:59:59+00:00,"filing date, end of day",128683000000.0,121876000000.0,6807000000.0,same-quarter mean,measured,3,729,2026000000.0,4781000000.0,0.03922839607469887,,,results/complex-quarterly/MSFT/2012-12-31
AMZN,,,Assets,,hyperscaler,2011-12-31,Q4,2013-01-30T23:59:59+00:00,"filing date, end of day",25278000000.0,19054000000.0,6224000000.0,same-quarter mean,measured,2,369,4738000000.0,1486000000.0,0.07798887372730136,,,results/complex-quarterly/AMZN/2011-12-31
ROK,,,Assets,,buildout,2012-12-31,Q4,2013-02-06T23:59:59+00:00,"filing date, end of day",5711100000.0,5636500000.0,74600000.0,same-quarter mean,measured,3,730,39300000.0,35300000.0,0.006262751707619977,,,results/complex-quarterly/ROK/2012-12-31
SMCI,,,Assets,,compute_and_ai,2012-12-31,Q4,2013-02-06T23:59:59+00:00,"filing date, end of day",583567000.0,566545000.0,17022000.0,prior same-quarter,measured,1,0,11818000.0,5204000.0,0.009185501592989084,,,results/complex-quarterly/SMCI/2012-12-31
CCI,,,Assets,,data_center_reit,2011-12-31,Q4,2013-02-12T23:59:59+00:00,"filing date, end of day",10545096000.0,10443215000.0,101881000.0,same-quarter mean,measured,2,361,144837000.0,-42956000.0,-0.004113292697698937,,,results/complex-quarterly/CCI/2011-12-31
WY,,,Assets,,data_center_reit,2010-12-31,Q4,2013-02-19T23:59:59+00:00,"filing date, end of day",13464000000.0,14053000000.0,-589000000.0,prior same-quarter,measured,1,0,-115000000.0,-474000000.0,-0.03372945278588202,,,results/complex-quarterly/WY/2010-12-31
AMD,,,Assets,,compute_and_ai,2011-12-31,Q4,2013-02-21T23:59:59+00:00,"filing date, end of day",4954000000.0,5236000000.0,-282000000.0,same-quarter mean,measured,2,107,190500000.0,-472500000.0,-0.09024064171122995,,,results/complex-quarterly/AMD/2011-12-31
PCG,,,Assets,,power,2011-12-31,Q4,2013-02-21T23:59:59+00:00,"filing date, end of day",49750000000.0,47517000000.0,2233000000.0,same-quarter mean,measured,2,364,583000000.0,1650000000.0,0.03472441442010228,,,results/complex-quarterly/PCG/2011-12-31
EXC,,,Assets,,power,2011-12-31,Q4,2013-02-22T23:59:59+00:00,"filing date, end of day",54995000000.0,54156000000.0,839000000.0,same-quarter mean,measured,2,364,746500000.0,92500000.0,0.0017080286579511043,,,results/complex-quarterly/EXC/2011-12-31
AEP,,,Assets,,power,2011-12-31,Q4,2013-02-26T23:59:59+00:00,"filing date, end of day",52223000000.0,51187000000.0,1036000000.0,same-quarter mean,measured,2,368,859000000.0,177000000.0,0.00345790923476664,,,results/complex-quarterly/AEP/2011-12-31
EIX,,,Assets,,power,2011-12-31,Q4,2013-02-26T23:59:59+00:00,"filing date, end of day",48039000000.0,47672000000.0,367000000.0,same-quarter mean,measured,2,0,-682000000.0,1049000000.0,0.022004530961570734,,,results/complex-quarterly/EIX/2011-12-31
EME,,,Assets,,buildout,2010-12-31,Q4,2013-02-26T23:59:59+00:00,"filing date, end of day",2755542000.0,2627504000.0,128038000.0,,missing,0,,,,,,,results/complex-quarterly/EME/2010-12-31
EQIX,,,Assets,,data_center_reit,2011-12-31,Q4,2013-02-26T23:59:59+00:00,"filing date, end of day",5785324000.0,5730687000.0,54637000.0,prior same-quarter,measured,1,0,-32882000.0,87519000.0,0.015271990949776179,,,results/complex-quarterly/EQIX/2011-12-31
SRE,,,Assets,,power,2010-12-31,Q4,2013-02-26T23:59:59+00:00,"filing date, end of day",30231000000.0,28512000000.0,1719000000.0,,missing,0,,,,,,,results/complex-quarterly/SRE/2010-12-31
ETR,,,Assets,,power,2010-12-31,Q4,2013-02-27T23:59:59+00:00,"filing date, end of day",38685276000.0,38668207000.0,17069000.0,prior same-quarter,measured,1,0,1391618000.0,-1374549000.0,-0.03554726496628095,,,results/complex-quarterly/ETR/2010-12-31
ETR,,,Assets,,power,2011-12-31,Q4,2013-02-27T23:59:59+00:00,"filing date, end of day",40701699000.0,39161498000.0,1540201000.0,prior same-quarter,measured,1,0,1391618000.0,148583000.0,0.0037941092038920473,,,results/complex-quarterly/ETR/2011-12-31
FSLR,,,Assets,,fuel_and_nuclear,2010-12-31,Q4,2013-02-27T23:59:59+00:00,"filing date, end of day",4380403000.0,4201771000.0,178632000.0,prior same-quarter,measured,1,0,254440000.0,-75808000.0,-0.018041916134886933,,,results/complex-quarterly/FSLR/2010-12-31
NRG,,,Assets,,power,2011-12-31,Q4,2013-02-27T23:59:59+00:00,"filing date, end of day",26900000000.0,24760000000.0,2140000000.0,same-quarter mean,measured,2,517,-1549500000.0,3689500000.0,0.14901050080775444,,,results/complex-quarterly/NRG/2011-12-31
SBAC,,,Assets,,data_center_reit,2011-12-31,Q4,2013-02-27T23:59:59+00:00,"filing date, end of day",3606399000.0,3609138000.0,-2739000.0,prior same-quarter,measured,1,0,-23761000.0,21022000.0,0.005824659517037032,,,results/complex-quarterly/SBAC/2011-12-31
BWXT,,,Assets,,fuel_and_nuclear,2010-12-31,Q4,2013-02-28T23:59:59+00:00,"filing date, end of day",2500510000.0,2603859000.0,-103349000.0,,missing,0,,,,,,,results/complex-quarterly/BWXT/2010-12-31
D,,,Assets,,power,2011-12-31,Q4,2013-02-28T23:59:59+00:00,"filing date, end of day",45614000000.0,44030000000.0,1584000000.0,same-quarter mean,measured,2,365,527500000.0,1056500000.0,0.023995003406768113,,,results/complex-quarterly/D/2011-12-31
DLR,,,Assets,,data_center_reit,2011-12-31,Q4,2013-02-28T23:59:59+00:00,"filing date, end of day",6098566000.0,5826412000.0,272154000.0,prior same-quarter,measured,1,0,828451000.0,-556297000.0,-0.09547848658831541,,,results/complex-quarterly/DLR/2011-12-31
FIX,,,Assets,,buildout,2011-12-31,Q4,2013-02-28T23:59:59+00:00,"filing date, end of day",593980000.0,565646000.0,28334000.0,,missing,0,,,,,,,results/complex-quarterly/FIX/2011-12-31
NEE,,,Assets,,power,2011-12-31,Q4,2013-02-28T23:59:59+00:00,"filing date, end of day",57188000000.0,56585000000.0,603000000.0,same-quarter mean,measured,2,365,651500000.0,-48500000.0,-0.000857117610674207,,,results/complex-quarterly/NEE/2011-12-31
PPL,,,Assets,,power,2011-12-31,Q4,2013-02-28T23:59:59+00:00,"filing date, end of day",42648000000.0,40956000000.0,1692000000.0,same-quarter mean,measured,2,365,3165000000.0,-1473000000.0,-0.0359654263111632,,,results/complex-quarterly/PPL/2011-12-31
SO,,,Assets,,power,2010-12-31,Q4,2013-02-28T23:59:59+00:00,"filing date, end of day",55032000000.0,54894780000.0,137220000.0,prior same-quarter,measured,1,0,1521793000.0,-1384573000.0,-0.025222307111896613,,,results/complex-quarterly/SO/2010-12-31
DUK,,,Assets,,power,2010-12-31,Q4,2013-03-01T23:59:59+00:00,"filing date, end of day",59090000000.0,57857000000.0,1233000000.0,prior same-quarter,measured,1,0,1266000000.0,-33000000.0,-0.0005703717786957499,,,results/complex-quarterly/DUK/2010-12-31
IRM,,,Assets,,data_center_reit,2010-12-31,Q4,2013-03-01T23:59:59+00:00,"filing date, end of day",6416393000.0,6358314000.0,58079000.0,prior same-quarter,measured,1,0,144932000.0,-86853000.0,-0.013659753198725323,,,results/complex-quarterly/IRM/2010-12-31
PWR,,,Assets,,buildout,2011-12-31,Q4,2013-03-01T23:59:59+00:00,"filing date, end of day",4699114000.0,4463955000.0,235159000.0,same-quarter mean,measured,2,365,346549500.0,-111390500.0,-0.02495332054198575,,,results/complex-quarterly/PWR/2011-12-31
DY,,,Assets,,buildout,2013-01-26,Q1,2013-03-05T23:59:59+00:00,"filing date, end of day",1072809000.0,771533000.0,301276000.0,prior same-quarter,measured,1,0,-7805000.0,309081000.0,0.40060632532892304,,,results/complex-quarterly/DY/2013-01-26
WULF,,,Assets,,compute_and_ai,2011-12-31,Q4,2013-03-05T23:59:59+00:00,"filing date, end of day",14167458.0,14093159.0,74299.0,,missing,0,,,,,,,results/complex-quarterly/WULF/2011-12-31
PRIM,,,Assets,,buildout,2011-12-31,Q4,2013-03-07T23:59:59+00:00,"filing date, end of day",728413000.0,676908000.0,51505000.0,,missing,0,,,,,,,results/complex-quarterly/PRIM/2011-12-31
NVDA,,,Assets,,compute_and_ai,2012-01-29,Q1,2013-03-12T23:59:59+00:00,"filing date, end of day",5552928000.0,5089043000.0,463885000.0,same-quarter mean,measured,2,363,351005500.0,112879500.0,0.022180889412803155,,,results/complex-quarterly/NVDA/2012-01-29
STRL,,,Assets,,buildout,2011-12-31,Q4,2013-03-18T23:59:59+00:00,"filing date, end of day",303831000.0,404034000.0,-100203000.0,,missing,0,,,,,,,results/complex-quarterly/STRL/2011-12-31
ORCL,,,Assets,,hyperscaler,2013-02-28,Q1,2013-03-22T23:59:59+00:00,"filing date, end of day",79450000000.0,79657000000.0,-207000000.0,same-quarter mean,measured,3,725,2475666666.6666665,-2682666666.6666665,-0.03367772658607111,,,results/complex-quarterly/ORCL/2013-02-28
PLUG,,,Assets,,fuel_and_nuclear,2011-12-31,Q4,2013-04-01T23:59:59+00:00,"filing date, end of day",55655999.0,53312251.0,2343748.0,,missing,0,,,,,,,results/complex-quarterly/PLUG/2011-12-31
MU,,,Assets,,compute_and_ai,2013-02-28,Q1,2013-04-08T23:59:59+00:00,"filing date, end of day",13912000000.0,14067000000.0,-155000000.0,same-quarter mean,measured,2,363,-145500000.0,-9500000.0,-0.0006753394469325372,,,results/complex-quarterly/MU/2013-02-28
NBIS,,,Assets,,compute_and_ai,2012-12-31,Q4,2013-04-09T23:59:59+00:00,"filing date, end of day",1458200000.0,1058400000.0,399800000.0,,missing,0,,,,,,,results/complex-quarterly/NBIS/2012-12-31
MSFT,,,Assets,,hyperscaler,2013-03-31,Q1,2013-04-18T23:59:59+00:00,"filing date, end of day",134105000000.0,128683000000.0,5422000000.0,same-quarter mean,measured,3,728,5334000000.0,88000000.0,0.0006838510137314176,,,results/complex-quarterly/MSFT/2013-03-31
AAPL,,,Assets,,hyperscaler,2011-09-24,Q3,2013-04-24T23:59:59+00:00,"filing date, end of day",116371000000.0,106758000000.0,9613000000.0,same-quarter mean,measured,2,0,4909500000.0,4703500000.0,0.04405758819011222,,,results/complex-quarterly/AAPL/2011-09-24
AAPL,,,Assets,,hyperscaler,2013-03-30,Q1,2013-04-24T23:59:59+00:00,"filing date, end of day",194743000000.0,196088000000.0,-1345000000.0,same-quarter mean,measured,3,735,7848666666.666667,-9193666666.666668,-0.046885411991894804,,,results/complex-quarterly/AAPL/2013-03-30
D,,,Assets,,power,2013-03-31,Q1,2013-04-25T23:59:59+00:00,"filing date, end of day",47116000000.0,46838000000.0,278000000.0,same-quarter mean,measured,3,728,16000000.0,262000000.0,0.005593748665613391,,,results/complex-quarterly/D/2013-03-31
EME,,,Assets,,buildout,2013-03-31,Q1,2013-04-25T23:59:59+00:00,"filing date, end of day",3014716000.0,3107070000.0,-92354000.0,same-quarter mean,measured,2,364,-37676000.0,-54678000.0,-0.017597929882493795,,,results/complex-quarterly/EME/2013-03-31
AEP,,,Assets,,power,2013-03-31,Q1,2013-04-26T23:59:59+00:00,"filing date, end of day",54550000000.0,54367000000.0,183000000.0,same-quarter mean,measured,3,728,687000000.0,-504000000.0,-0.00927032942777788,,,results/complex-quarterly/AEP/2013-03-31
AMZN,,,Assets,,hyperscaler,2013-03-31,Q1,2013-04-26T23:59:59+00:00,"filing date, end of day",28377000000.0,32555000000.0,-4178000000.0,same-quarter mean,measured,3,735,-2875000000.0,-1303000000.0,-0.04002457379818768,,,results/complex-quarterly/AMZN/2013-03-31
EQIX,,,Assets,,data_center_reit,2013-03-31,Q1,2013-04-26T23:59:59+00:00,"filing date, end of day",7612933000.0,6135797000.0,1477136000.0,same-quarter mean,measured,2,364,151762500.0,1325373500.0,0.21600673881485974,,,results/complex-quarterly/EQIX/2013-03-31
EIX,,,Assets,,power,2013-03-31,Q1,2013-04-30T23:59:59+00:00,"filing date, end of day",45155000000.0,44394000000.0,761000000.0,same-quarter mean,measured,3,726,963000000.0,-202000000.0,-0.004550164436635582,,,results/complex-quarterly/EIX/2013-03-31
WY,,,Assets,,data_center_reit,2013-03-31,Q1,2013-04-30T23:59:59+00:00,"filing date, end of day",12510000000.0,12592000000.0,-82000000.0,same-quarter mean,measured,3,728,-39666666.666666664,-42333333.333333336,-0.0033619229140194836,,,results/complex-quarterly/WY/2013-03-31
FIX,,,Assets,,buildout,2013-03-31,Q1,2013-05-01T23:59:59+00:00,"filing date, end of day",583608000.0,580754000.0,2854000.0,prior same-quarter,measured,1,0,-17922000.0,20776000.0,0.03577418321699033,,,results/complex-quarterly/FIX/2013-03-31
J,,,Assets,,buildout,2013-03-29,Q1,2013-05-01T23:59:59+00:00,"filing date, end of day",6871731000.0,6936678000.0,-64947000.0,same-quarter mean,measured,2,825,228708500.0,-293655500.0,-0.04233373669644173,,,results/complex-quarterly/J/2013-03-29
IRM,,,Assets,,data_center_reit,2012-03-31,Q1,2013-05-02T23:59:59+00:00,"filing date, end of day",6086622000.0,6041258000.0,45364000.0,same-quarter mean,measured,2,731,-20633500.0,65997500.0,0.01092446308368224,,,results/complex-quarterly/IRM/2012-03-31
META,,,Assets,,hyperscaler,2013-03-31,Q1,2013-05-02T23:59:59+00:00,"filing date, end of day",15163000000.0,15103000000.0,60000000.0,,missing,0,,,,,,,results/complex-quarterly/META/2013-03-31
MTZ,,,Assets,,buildout,2013-03-31,Q1,2013-05-02T23:59:59+00:00,"filing date, end of day",2540866000.0,2416300000.0,124566000.0,prior same-quarter,measured,1,0,-24408000.0,148974000.0,0.06165376815792741,,,results/complex-quarterly/MTZ/2013-03-31
NEE,,,Assets,,power,2013-03-31,Q1,2013-05-02T23:59:59+00:00,"filing date, end of day",63843000000.0,64439000000.0,-596000000.0,same-quarter mean,measured,3,725,1588666666.6666667,-2184666666.666667,-0.033902864207493395,,,results/complex-quarterly/NEE/2013-03-31
PCG,,,Assets,,power,2013-03-31,Q1,2013-05-02T23:59:59+00:00,"filing date, end of day",53062000000.0,52449000000.0,613000000.0,same-quarter mean,measured,3,726,422333333.3333333,190666666.6666667,0.0036352774441203205,,,results/complex-quarterly/PCG/2013-03-31
ROK,,,Assets,,buildout,2013-03-31,Q1,2013-05-02T23:59:59+00:00,"filing date, end of day",5719900000.0,5711100000.0,8800000.0,same-quarter mean,measured,3,729,210366666.66666666,-201566666.66666666,-0.03529384298413032,,,results/complex-quarterly/ROK/2013-03-31
SRE,,,Assets,,power,2013-03-31,Q1,2013-05-02T23:59:59+00:00,"filing date, end of day",37273000000.0,36499000000.0,774000000.0,same-quarter mean,measured,2,361,630500000.0,143500000.0,0.0039316145647825965,,,results/complex-quarterly/SRE/2013-03-31
CCI,,,Assets,,data_center_reit,2013-03-31,Q1,2013-05-03T23:59:59+00:00,"filing date, end of day",15372505000.0,16088709000.0,-716204000.0,same-quarter mean,measured,3,724,370376000.0,-1086580000.0,-0.06753680484866748,,,results/complex-quarterly/CCI/2013-03-31
ETN,,,Assets,,buildout,2013-03-31,Q1,2013-05-03T23:59:59+00:00,"filing date, end of day",34977000000.0,35810000000.0,-833000000.0,,missing,0,,,,,,,results/complex-quarterly/ETN/2013-03-31
PPL,,,Assets,,power,2013-03-31,Q1,2013-05-03T23:59:59+00:00,"filing date, end of day",43341000000.0,43634000000.0,-293000000.0,same-quarter mean,measured,3,732,1369333333.3333333,-1662333333.3333333,-0.03809720248735695,,,results/complex-quarterly/PPL/2013-03-31
AMD,,,Assets,,compute_and_ai,2013-03-30,Q1,2013-05-06T23:59:59+00:00,"filing date, end of day",3797000000.0,4000000000.0,-203000000.0,prior same-quarter,measured,1,0,34000000.0,-237000000.0,-0.05925,,,results/complex-quarterly/AMD/2013-03-30
BWXT,,,Assets,,fuel_and_nuclear,2013-03-31,Q1,2013-05-07T23:59:59+00:00,"filing date, end of day",2749392000.0,2840355000.0,-90963000.0,prior same-quarter,measured,1,0,-52614000.0,-38349000.0,-0.013501481328918392,,,results/complex-quarterly/BWXT/2013-03-31
FSLR,,,Assets,,fuel_and_nuclear,2012-03-31,Q1,2013-05-07T23:59:59+00:00,"filing date, end of day",5773512000.0,5777614000.0,-4102000.0,same-quarter mean,measured,2,365,88790000.0,-92892000.0,-0.01607791728557844,,,results/complex-quarterly/FSLR/2012-03-31
LEU,,,Assets,,fuel_and_nuclear,2013-03-31,Q1,2013-05-07T23:59:59+00:00,"filing date, end of day",1524800000.0,2266400000.0,-741600000.0,same-quarter mean,measured,2,364,216350000.0,-957950000.0,-0.42267472643840454,,,results/complex-quarterly/LEU/2013-03-31
NRG,,,Assets,,power,2013-03-31,Q1,2013-05-07T23:59:59+00:00,"filing date, end of day",35371000000.0,34983000000.0,388000000.0,same-quarter mean,measured,3,724,325666666.6666667,62333333.33333331,0.0017818178353295403,,,results/complex-quarterly/NRG/2013-03-31
PRIM,,,Assets,,buildout,2013-03-31,Q1,2013-05-07T23:59:59+00:00,"filing date, end of day",908535000.0,931207000.0,-22672000.0,prior same-quarter,measured,1,0,-29722000.0,7050000.0,0.007570819377431656,,,results/complex-quarterly/PRIM/2013-03-31
DLR,,,Assets,,data_center_reit,2013-03-31,Q1,2013-05-08T23:59:59+00:00,"filing date, end of day",8971492000.0,8819214000.0,152278000.0,prior same-quarter,measured,1,0,319495000.0,-167217000.0,-0.01896053321758606,,,results/complex-quarterly/DLR/2013-03-31
ETR,,,Assets,,power,2013-03-31,Q1,2013-05-08T23:59:59+00:00,"filing date, end of day",42792973000.0,43202502000.0,-409529000.0,same-quarter mean,measured,3,733,229754666.66666666,-639283666.6666666,-0.014797376009997445,,,results/complex-quarterly/ETR/2013-03-31
PWR,,,Assets,,buildout,2013-03-31,Q1,2013-05-08T23:59:59+00:00,"filing date, end of day",5154818000.0,5140757000.0,14061000.0,same-quarter mean,measured,3,730,-9410666.666666666,23471666.666666664,0.004565799680215708,,,results/complex-quarterly/PWR/2013-03-31
DUK,,,Assets,,power,2013-03-31,Q1,2013-05-09T23:59:59+00:00,"filing date, end of day",113666000000.0,113856000000.0,-190000000.0,same-quarter mean,measured,2,366,-415500000.0,225500000.0,0.001980571950534008,,,results/complex-quarterly/DUK/2013-03-31
SBAC,,,Assets,,data_center_reit,2013-03-31,Q1,2013-05-10T23:59:59+00:00,"filing date, end of day",6449885000.0,6615911000.0,-166026000.0,same-quarter mean,measured,2,367,273156500.0,-439182500.0,-0.06638277026398934,,,results/complex-quarterly/SBAC/2013-03-31
SMCI,,,Assets,,compute_and_ai,2013-03-31,Q1,2013-05-10T23:59:59+00:00,"filing date, end of day",608052000.0,583567000.0,24485000.0,prior same-quarter,measured,1,0,48121000.0,-23636000.0,-0.040502632945317335,,,results/complex-quarterly/SMCI/2013-03-31
SO,,,Assets,,power,2013-03-31,Q1,2013-05-10T23:59:59+00:00,"filing date, end of day",63274000000.0,63149000000.0,125000000.0,same-quarter mean,measured,3,731,376015000.0,-251015000.0,-0.003974963974093018,,,results/complex-quarterly/SO/2013-03-31
STRL,,,Assets,,buildout,2013-03-31,Q1,2013-05-10T23:59:59+00:00,"filing date, end of day",316147000.0,331510000.0,-15363000.0,prior same-quarter,measured,1,0,5032000.0,-20395000.0,-0.06152152272932943,,,results/complex-quarterly/STRL/2013-03-31
WULF,,,Assets,,compute_and_ai,2013-03-31,Q1,2013-05-14T23:59:59+00:00,"filing date, end of day",13339675.0,13184276.0,155399.0,prior same-quarter,measured,1,0,334267.0,-178868.0,-0.013566766957851913,,,results/complex-quarterly/WULF/2013-03-31
PLUG,,,Assets,,fuel_and_nuclear,2013-03-31,Q1,2013-05-15T23:59:59+00:00,"filing date, end of day",37142590.0,39460002.0,-2317412.0,prior same-quarter,measured,1,0,2515539.0,-4832951.0,-0.12247721122771357,,,results/complex-quarterly/PLUG/2013-03-31
NVDA,,,Assets,,compute_and_ai,2013-04-28,Q2,2013-05-22T23:59:59+00:00,"filing date, end of day",6279527000.0,6412245000.0,-132718000.0,same-quarter mean,measured,3,733,204616333.33333334,-337334333.3333334,-0.05260783599711698,,,results/complex-quarterly/NVDA/2013-04-28
DY,,,Assets,,buildout,2013-04-27,Q2,2013-05-28T23:59:59+00:00,"filing date, end of day",1097193000.0,1072809000.0,24384000.0,prior same-quarter,measured,1,0,14943000.0,9441000.0,0.008800261742770614,,,results/complex-quarterly/DY/2013-04-27
AGX,,,Assets,,buildout,2012-04-30,Q2,2013-06-07T23:59:59+00:00,"filing date, end of day",224689000.0,205252000.0,19437000.0,,missing,0,,,,,,,results/complex-quarterly/AGX/2012-04-30
ORCL,,,Assets,,hyperscaler,2012-05-31,Q2,2013-06-26T23:59:59+00:00,"filing date, end of day",78327000000.0,74361000000.0,3966000000.0,same-quarter mean,measured,2,364,4030500000.0,-64500000.0,-0.0008673901641989753,,,results/complex-quarterly/ORCL/2012-05-31
MU,,,Assets,,compute_and_ai,2013-05-30,Q2,2013-07-08T23:59:59+00:00,"filing date, end of day",14055000000.0,13912000000.0,143000000.0,same-quarter mean,measured,2,363,174500000.0,-31500000.0,-0.002264232317423807,,,results/complex-quarterly/MU/2013-05-30
AAPL,,,Assets,,hyperscaler,2013-06-29,Q2,2013-07-24T23:59:59+00:00,"filing date, end of day",199856000000.0,194743000000.0,5113000000.0,same-quarter mean,measured,4,1099,10863250000.0,-5750250000.0,-0.029527377107264444,,,results/complex-quarterly/AAPL/2013-06-29
EME,,,Assets,,buildout,2013-06-30,Q2,2013-07-25T23:59:59+00:00,"filing date, end of day",3105336000.0,3014716000.0,90620000.0,same-quarter mean,measured,3,728,-825333.3333333334,91445333.33333333,0.030332984378406896,,,results/complex-quarterly/EME/2013-06-30
META,,,Assets,,hyperscaler,2013-06-30,Q2,2013-07-25T23:59:59+00:00,"filing date, end of day",15724000000.0,15163000000.0,561000000.0,prior same-quarter,measured,1,0,8597000000.0,-8036000000.0,-0.529974279496142,,,results/complex-quarterly/META/2013-06-30
AEP,,,Assets,,power,2013-06-30,Q2,2013-07-26T23:59:59+00:00,"filing date, end of day",54979000000.0,54550000000.0,429000000.0,same-quarter mean,measured,4,1088,551500000.0,-122500000.0,-0.002245646196150321,,,results/complex-quarterly/AEP/2013-06-30
AMZN,,,Assets,,hyperscaler,2013-06-30,Q2,2013-07-26T23:59:59+00:00,"filing date, end of day",29623000000.0,28377000000.0,1246000000.0,same-quarter mean,measured,4,1099,364500000.0,881500000.0,0.03106388976988406,,,results/complex-quarterly/AMZN/2013-06-30
EQIX,,,Assets,,data_center_reit,2013-06-30,Q2,2013-07-26T23:59:59+00:00,"filing date, end of day",7077849000.0,7612933000.0,-535084000.0,same-quarter mean,measured,3,723,467026333.3333333,-1002110333.3333333,-0.13163262218823327,,,results/complex-quarterly/EQIX/2013-06-30
FIX,,,Assets,,buildout,2013-06-30,Q2,2013-07-31T23:59:59+00:00,"filing date, end of day",595246000.0,583608000.0,11638000.0,same-quarter mean,measured,2,365,5043500.0,6594500.0,0.011299536675302601,,,results/complex-quarterly/FIX/2013-06-30
NEE,,,Assets,,power,2013-06-30,Q2,2013-07-31T23:59:59+00:00,"filing date, end of day",65217000000.0,63843000000.0,1374000000.0,same-quarter mean,measured,4,1092,1083250000.0,290750000.0,0.004554140626223705,,,results/complex-quarterly/NEE/2013-06-30
PCG,,,Assets,,power,2013-06-30,Q2,2013-07-31T23:59:59+00:00,"filing date, end of day",54324000000.0,53062000000.0,1262000000.0,same-quarter mean,measured,4,1098,750250000.0,511750000.0,0.009644378274471373,,,results/complex-quarterly/PCG/2013-06-30
AMD,,,Assets,,compute_and_ai,2013-06-29,Q2,2013-08-01T23:59:59+00:00,"filing date, end of day",3897000000.0,3797000000.0,100000000.0,same-quarter mean,measured,3,729,-1275000000.0,1375000000.0,0.36212799578614696,,,results/complex-quarterly/AMD/2013-06-29
EIX,,,Assets,,power,2013-06-30,Q2,2013-08-01T23:59:59+00:00,"filing date, end of day",45027000000.0,45155000000.0,-128000000.0,same-quarter mean,measured,4,1089,-279500000.0,151500000.0,0.003355110176060237,,,results/complex-quarterly/EIX/2013-06-30
IRM,,,Assets,,data_center_reit,2012-06-30,Q2,2013-08-01T23:59:59+00:00,"filing date, end of day",6087212000.0,6086622000.0,590000.0,same-quarter mean,measured,2,359,-77668000.0,78258000.0,0.012857378033332775,,,results/complex-quarterly/IRM/2012-06-30
J,,,Assets,,buildout,2013-06-28,Q2,2013-08-01T23:59:59+00:00,"filing date, end of day",7049749000.0,6871731000.0,178018000.0,same-quarter mean,measured,4,1099,249839500.0,-71821500.0,-0.01045173334055131,,,results/complex-quarterly/J/2013-06-28
MTZ,,,Assets,,buildout,2013-06-30,Q2,2013-08-01T23:59:59+00:00,"filing date, end of day",2820906000.0,2540866000.0,280040000.0,same-quarter mean,measured,2,365,248774500.0,31265500.0,0.012305056622427157,,,results/complex-quarterly/MTZ/2013-06-30
WY,,,Assets,,data_center_reit,2013-06-30,Q2,2013-08-01T23:59:59+00:00,"filing date, end of day",13908000000.0,12510000000.0,1398000000.0,same-quarter mean,measured,4,1089,-465000000.0,1863000000.0,0.14892086330935253,,,results/complex-quarterly/WY/2013-06-30
PPL,,,Assets,,power,2013-06-30,Q2,2013-08-02T23:59:59+00:00,"filing date, end of day",43746000000.0,43341000000.0,405000000.0,same-quarter mean,measured,4,1079,2301250000.0,-1896250000.0,-0.04375187466832791,,,results/complex-quarterly/PPL/2013-06-30
CCI,,,Assets,,data_center_reit,2013-06-30,Q2,2013-08-06T23:59:59+00:00,"filing date, end of day",15392585000.0,15372505000.0,20080000.0,same-quarter mean,measured,4,1074,110935500.0,-90855500.0,-0.005910259908843744,,,results/complex-quarterly/CCI/2013-06-30
D,,,Assets,,power,2013-06-30,Q2,2013-08-06T23:59:59+00:00,"filing date, end of day",48426000000.0,47116000000.0,1310000000.0,same-quarter mean,measured,4,1097,6500000.0,1303500000.0,0.02766576110026318,,,results/complex-quarterly/D/2013-06-30
LEU,,,Assets,,fuel_and_nuclear,2013-06-30,Q2,2013-08-06T23:59:59+00:00,"filing date, end of day",1512200000.0,1524800000.0,-12600000.0,same-quarter mean,measured,3,727,78833333.33333333,-91433333.33333333,-0.05996414830360265,,,results/complex-quarterly/LEU/2013-06-30
SBAC,,,Assets,,data_center_reit,2012-06-30,Q2,2013-08-06T23:59:59+00:00,"filing date, end of day",6595617000.0,4086629000.0,2508988000.0,same-quarter mean,measured,2,366,173397000.0,2335591000.0,0.5715201942725899,,,results/complex-quarterly/SBAC/2012-06-30
SBAC,,,Assets,,data_center_reit,2013-06-30,Q2,2013-08-06T23:59:59+00:00,"filing date, end of day",6484506000.0,6449885000.0,34621000.0,same-quarter mean,measured,2,366,173397000.0,-138776000.0,-0.021516042534091694,,,results/complex-quarterly/SBAC/2013-06-30
SO,,,Assets,,power,2013-06-30,Q2,2013-08-06T23:59:59+00:00,"filing date, end of day",63961000000.0,63274000000.0,687000000.0,same-quarter mean,measured,4,1075,2033873500.0,-1346873500.0,-0.02128636564781743,,,results/complex-quarterly/SO/2013-06-30
SRE,,,Assets,,power,2013-06-30,Q2,2013-08-06T23:59:59+00:00,"filing date, end of day",37020000000.0,37273000000.0,-253000000.0,same-quarter mean,measured,2,359,648500000.0,-901500000.0,-0.024186408392133717,,,results/complex-quarterly/SRE/2013-06-30
BWXT,,,Assets,,fuel_and_nuclear,2013-06-30,Q2,2013-08-07T23:59:59+00:00,"filing date, end of day",2725309000.0,2749392000.0,-24083000.0,same-quarter mean,measured,2,365,61284500.0,-85367500.0,-0.03104959205526167,,,results/complex-quarterly/BWXT/2013-06-30
ETR,,,Assets,,power,2013-06-30,Q2,2013-08-07T23:59:59+00:00,"filing date, end of day",43262285000.0,42792973000.0,469312000.0,same-quarter mean,measured,4,1069,7412500.0,461899500.0,0.01079381654553424,,,results/complex-quarterly/ETR/2013-06-30
FSLR,,,Assets,,fuel_and_nuclear,2012-06-30,Q2,2013-08-07T23:59:59+00:00,"filing date, end of day",5487334000.0,5773512000.0,-286178000.0,same-quarter mean,measured,3,732,486243000.0,-772421000.0,-0.1337870259904197,,,results/complex-quarterly/FSLR/2012-06-30
PRIM,,,Assets,,buildout,2013-06-30,Q2,2013-08-07T23:59:59+00:00,"filing date, end of day",925085000.0,908535000.0,16550000.0,same-quarter mean,measured,2,369,7752500.0,8797500.0,0.009683171259225016,,,results/complex-quarterly/PRIM/2013-06-30
ROK,,,Assets,,buildout,2013-06-30,Q2,2013-08-07T23:59:59+00:00,"filing date, end of day",5771300000.0,5719900000.0,51400000.0,same-quarter mean,measured,4,1094,-48225000.0,99625000.0,0.017417262539554886,,,results/complex-quarterly/ROK/2013-06-30
DLR,,,Assets,,data_center_reit,2013-06-30,Q2,2013-08-08T23:59:59+00:00,"filing date, end of day",9184859000.0,8971492000.0,213367000.0,same-quarter mean,measured,3,726,461315666.6666667,-247948666.6666667,-0.027637394835403818,,,results/complex-quarterly/DLR/2013-06-30
DUK,,,Assets,,power,2013-06-30,Q2,2013-08-08T23:59:59+00:00,"filing date, end of day",114100000000.0,113666000000.0,434000000.0,same-quarter mean,measured,4,1097,757500000.0,-323500000.0,-0.0028460577481392853,,,results/complex-quarterly/DUK/2013-06-30
EXC,,,Assets,,power,2013-06-30,Q2,2013-08-08T23:59:59+00:00,"filing date, end of day",78420000000.0,79924000000.0,-1504000000.0,same-quarter mean,measured,4,1112,2500000.0,-1506500000.0,-0.01884915669886392,,,results/complex-quarterly/EXC/2013-06-30
NRG,,,Assets,,power,2013-06-30,Q2,2013-08-09T23:59:59+00:00,"filing date, end of day",34492000000.0,35371000000.0,-879000000.0,same-quarter mean,measured,4,1079,660250000.0,-1539250000.0,-0.0435172881739278,,,results/complex-quarterly/NRG/2013-06-30
PWR,,,Assets,,buildout,2013-06-30,Q2,2013-08-09T23:59:59+00:00,"filing date, end of day",5187931000.0,5154818000.0,33113000.0,same-quarter mean,measured,4,1094,15688750.0,17424250.0,0.003380187234544459,,,results/complex-quarterly/PWR/2013-06-30
STRL,,,Assets,,buildout,2013-06-30,Q2,2013-08-09T23:59:59+00:00,"filing date, end of day",329069000.0,316147000.0,12922000.0,same-quarter mean,measured,2,366,26388000.0,-13466000.0,-0.04259410970213224,,,results/complex-quarterly/STRL/2013-06-30
PLUG,,,Assets,,fuel_and_nuclear,2013-06-30,Q2,2013-08-14T23:59:59+00:00,"filing date, end of day",36384359.0,37142590.0,-758231.0,same-quarter mean,measured,2,369,-2988945.0,2230714.0,0.06005811657183842,,,results/complex-quarterly/PLUG/2013-06-30
WULF,,,Assets,,compute_and_ai,2013-06-30,Q2,2013-08-14T23:59:59+00:00,"filing date, end of day",13113856.0,13339675.0,-225819.0,same-quarter mean,measured,2,368,186820.0,-412639.0,-0.0309332123908566,,,results/complex-quarterly/WULF/2013-06-30
NVDA,,,Assets,,compute_and_ai,2013-07-28,Q3,2013-08-21T23:59:59+00:00,"filing date, end of day",5569592000.0,6279527000.0,-709935000.0,same-quarter mean,measured,4,1098,46828500.0,-756763500.0,-0.12051281887951115,,,results/complex-quarterly/NVDA/2013-07-28
AGX,,,Assets,,buildout,2012-07-31,Q3,2013-09-06T23:59:59+00:00,"filing date, end of day",245463000.0,224689000.0,20774000.0,prior same-quarter,measured,1,0,15084000.0,5690000.0,0.02532389213535153,,,results/complex-quarterly/AGX/2012-07-31
ETN,,,Assets,,buildout,2013-06-30,Q2,2013-09-06T23:59:59+00:00,"filing date, end of day",35257000000.0,34977000000.0,280000000.0,,missing,0,,,,,,,results/complex-quarterly/ETN/2013-06-30
SMCI,,,Assets,,compute_and_ai,2012-06-30,Q2,2013-09-11T23:59:59+00:00,"filing date, end of day",589103000.0,548118000.0,40985000.0,,missing,0,,,,,,,results/complex-quarterly/SMCI/2012-06-30
DY,,,Assets,,buildout,2012-07-28,Q3,2013-09-13T23:59:59+00:00,"filing date, end of day",772193000.0,747045000.0,25148000.0,,missing,0,,,,,,,results/complex-quarterly/DY/2012-07-28
ORCL,,,Assets,,hyperscaler,2013-08-31,Q3,2013-09-20T23:59:59+00:00,"filing date, end of day",86406000000.0,81812000000.0,4594000000.0,same-quarter mean,measured,4,1099,1953500000.0,2640500000.0,0.03227521634967975,,,results/complex-quarterly/ORCL/2013-08-31
EME,,,Assets,,buildout,2013-09-30,Q3,2013-10-24T23:59:59+00:00,"filing date, end of day",3506759000.0,3105336000.0,401423000.0,same-quarter mean,measured,3,723,-31174666.666666668,432597666.6666667,0.13930784516286376,,,results/complex-quarterly/EME/2013-09-30
MSFT,,,Assets,,hyperscaler,2013-09-30,Q3,2013-10-24T23:59:59+00:00,"filing date, end of day",142348000000.0,142431000000.0,-83000000.0,same-quarter mean,measured,4,1091,2116750000.0,-2199750000.0,-0.015444320407776397,,,results/complex-quarterly/MSFT/2013-09-30
AEP,,,Assets,,power,2013-09-30,Q3,2013-10-25T23:59:59+00:00,"filing date, end of day",54963000000.0,54979000000.0,-16000000.0,same-quarter mean,measured,4,1092,416750000.0,-432750000.0,-0.00787118718055985,,,results/complex-quarterly/AEP/2013-09-30
AMZN,,,Assets,,hyperscaler,2013-09-30,Q3,2013-10-25T23:59:59+00:00,"filing date, end of day",31861000000.0,29623000000.0,2238000000.0,same-quarter mean,measured,4,1099,1496750000.0,741250000.0,0.025022786348445465,,,results/complex-quarterly/AMZN/2013-09-30
EIX,,,Assets,,power,2013-09-30,Q3,2013-10-29T23:59:59+00:00,"filing date, end of day",46698000000.0,45027000000.0,1671000000.0,same-quarter mean,measured,4,1091,1289000000.0,382000000.0,0.008483798609723056,,,results/complex-quarterly/EIX/2013-09-30
AAPL,,,Assets,,hyperscaler,2012-09-29,Q3,2013-10-30T23:59:59+00:00,"filing date, end of day",176064000000.0,162896000000.0,13168000000.0,same-quarter mean,measured,3,546,6477333333.333333,6690666666.666667,0.041073241004485485,,,results/complex-quarterly/AAPL/2012-09-29
AMD,,,Assets,,compute_and_ai,2013-09-28,Q3,2013-10-30T23:59:59+00:00,"filing date, end of day",4317000000.0,3897000000.0,420000000.0,same-quarter mean,measured,3,729,-258000000.0,678000000.0,0.1739799846035412,,,results/complex-quarterly/AMD/2013-09-28
FIX,,,Assets,,buildout,2013-09-30,Q3,2013-10-30T23:59:59+00:00,"filing date, end of day",594454000.0,595246000.0,-792000.0,same-quarter mean,measured,2,360,-34396500.0,33604500.0,0.05645481028011948,,,results/complex-quarterly/FIX/2013-09-30
PCG,,,Assets,,power,2013-09-30,Q3,2013-10-30T23:59:59+00:00,"filing date, end of day",55214000000.0,54324000000.0,890000000.0,same-quarter mean,measured,4,1096,585250000.0,304750000.0,0.005609859362344452,,,results/complex-quarterly/PCG/2013-09-30
IRM,,,Assets,,data_center_reit,2012-09-30,Q3,2013-10-31T23:59:59+00:00,"filing date, end of day",6327575000.0,6087212000.0,240363000.0,same-quarter mean,measured,3,725,-26934666.666666668,267297666.66666666,0.043911345073354875,,,results/complex-quarterly/IRM/2012-09-30
MTZ,,,Assets,,buildout,2013-09-30,Q3,2013-10-31T23:59:59+00:00,"filing date, end of day",2954338000.0,2820906000.0,133432000.0,same-quarter mean,measured,2,364,28305500.0,105126500.0,0.0372669277175489,,,results/complex-quarterly/MTZ/2013-09-30
FSLR,,,Assets,,fuel_and_nuclear,2012-09-30,Q3,2013-11-01T23:59:59+00:00,"filing date, end of day",5981729000.0,5487334000.0,494395000.0,same-quarter mean,measured,3,732,526476333.3333333,-32081333.333333313,-0.005846433501830454,,,results/complex-quarterly/FSLR/2012-09-30
META,,,Assets,,hyperscaler,2013-09-30,Q3,2013-11-01T23:59:59+00:00,"filing date, end of day",14933000000.0,15724000000.0,-791000000.0,prior same-quarter,measured,1,0,1110000000.0,-1901000000.0,-0.12089799033324854,,,results/complex-quarterly/META/2013-09-30
NEE,,,Assets,,power,2013-09-30,Q3,2013-11-01T23:59:59+00:00,"filing date, end of day",67166000000.0,65217000000.0,1949000000.0,same-quarter mean,measured,4,1092,1555750000.0,393250000.0,0.006029869512550409,,,results/complex-quarterly/NEE/2013-09-30
PPL,,,Assets,,power,2013-09-30,Q3,2013-11-01T23:59:59+00:00,"filing date, end of day",44988000000.0,43746000000.0,1242000000.0,same-quarter mean,measured,4,1105,125000000.0,1117000000.0,0.025533763086910802,,,results/complex-quarterly/PPL/2013-09-30
WY,,,Assets,,data_center_reit,2013-09-30,Q3,2013-11-04T23:59:59+00:00,"filing date, end of day",15609000000.0,13908000000.0,1701000000.0,same-quarter mean,measured,4,1092,-368250000.0,2069250000.0,0.14878127696289906,,,results/complex-quarterly/WY/2013-09-30
D,,,Assets,,power,2013-09-30,Q3,2013-11-05T23:59:59+00:00,"filing date, end of day",48488000000.0,48426000000.0,62000000.0,same-quarter mean,measured,4,1088,530000000.0,-468000000.0,-0.009664229959112874,,,results/complex-quarterly/D/2013-09-30
LEU,,,Assets,,fuel_and_nuclear,2013-09-30,Q3,2013-11-05T23:59:59+00:00,"filing date, end of day",1703800000.0,1512200000.0,191600000.0,same-quarter mean,measured,3,729,-30433333.333333332,222033333.33333334,0.14682802098487854,,,results/complex-quarterly/LEU/2013-09-30
PRIM,,,Assets,,buildout,2013-09-30,Q3,2013-11-05T23:59:59+00:00,"filing date, end of day",1019011000.0,925085000.0,93926000.0,same-quarter mean,measured,2,364,33783000.0,60143000.0,0.0650134852473016,,,results/complex-quarterly/PRIM/2013-09-30
SRE,,,Assets,,power,2013-09-30,Q3,2013-11-05T23:59:59+00:00,"filing date, end of day",36901000000.0,37020000000.0,-119000000.0,same-quarter mean,measured,2,369,984000000.0,-1103000000.0,-0.0297947055645597,,,results/complex-quarterly/SRE/2013-09-30
SO,,,Assets,,power,2013-09-30,Q3,2013-11-06T23:59:59+00:00,"filing date, end of day",64697000000.0,63961000000.0,736000000.0,same-quarter mean,measured,4,1097,192362000.0,543638000.0,0.008499523146917654,,,results/complex-quarterly/SO/2013-09-30
ETN,,,Assets,,buildout,2013-09-30,Q3,2013-11-07T23:59:59+00:00,"filing date, end of day",35312000000.0,35257000000.0,55000000.0,prior same-quarter,measured,1,0,-17868223652.0,17923223652.0,0.5083592946648893,,,results/complex-quarterly/ETN/2013-09-30
ETR,,,Assets,,power,2013-09-30,Q3,2013-11-07T23:59:59+00:00,"filing date, end of day",43324126000.0,43262285000.0,61841000.0,same-quarter mean,measured,4,1096,434765000.0,-372924000.0,-0.008620071732225888,,,results/complex-quarterly/ETR/2013-09-30
SBAC,,,Assets,,data_center_reit,2012-09-30,Q3,2013-11-07T23:59:59+00:00,"filing date, end of day",6595617000.0,6595617000.0,0.0,same-quarter mean,measured,2,365,-46812000.0,46812000.0,0.007097440618519845,,,results/complex-quarterly/SBAC/2012-09-30
SBAC,,,Assets,,data_center_reit,2013-09-30,Q3,2013-11-07T23:59:59+00:00,"filing date, end of day",6584428000.0,6484506000.0,99922000.0,same-quarter mean,measured,2,365,-46812000.0,146734000.0,0.022628400683105235,,,results/complex-quarterly/SBAC/2013-09-30
SMCI,,,Assets,,compute_and_ai,2013-09-30,Q3,2013-11-07T23:59:59+00:00,"filing date, end of day",635799000.0,632257000.0,3542000.0,same-quarter mean,measured,2,366,500500.0,3041500.0,0.004810543813670707,,,results/complex-quarterly/SMCI/2013-09-30
CCI,,,Assets,,data_center_reit,2013-09-30,Q3,2013-11-08T23:59:59+00:00,"filing date, end of day",15567572000.0,15392585000.0,174987000.0,same-quarter mean,measured,4,1092,107068000.0,67919000.0,0.004412449240981941,,,results/complex-quarterly/CCI/2013-09-30
DUK,,,Assets,,power,2013-09-30,Q3,2013-11-08T23:59:59+00:00,"filing date, end of day",114590000000.0,114100000000.0,490000000.0,same-quarter mean,measured,4,1098,13120750000.0,-12630750000.0,-0.11069894829097283,,,results/complex-quarterly/DUK/2013-09-30
PWR,,,Assets,,buildout,2013-09-30,Q3,2013-11-08T23:59:59+00:00,"filing date, end of day",5494968000.0,5187931000.0,307037000.0,same-quarter mean,measured,4,1094,183582500.0,123454500.0,0.023796480716493724,,,results/complex-quarterly/PWR/2013-09-30
STRL,,,Assets,,buildout,2013-09-30,Q3,2013-11-08T23:59:59+00:00,"filing date, end of day",354112000.0,329069000.0,25043000.0,same-quarter mean,measured,2,366,25272500.0,-229500.0,-0.0006974221211964664,,,results/complex-quarterly/STRL/2013-09-30
BWXT,,,Assets,,fuel_and_nuclear,2013-09-30,Q3,2013-11-12T23:59:59+00:00,"filing date, end of day",2739664000.0,2725309000.0,14355000.0,same-quarter mean,measured,2,366,-5293500.0,19648500.0,0.007209641181972393,,,results/complex-quarterly/BWXT/2013-09-30
DLR,,,Assets,,data_center_reit,2013-09-30,Q3,2013-11-12T23:59:59+00:00,"filing date, end of day",9426041000.0,9184859000.0,241182000.0,same-quarter mean,measured,2,367,981746000.0,-740564000.0,-0.08062878265197103,,,results/complex-quarterly/DLR/2013-09-30
EQIX,,,Assets,,data_center_reit,2013-09-30,Q3,2013-11-12T23:59:59+00:00,"filing date, end of day",7389044000.0,7077849000.0,311195000.0,same-quarter mean,measured,3,739,408820333.3333333,-97625333.33333331,-0.013793079413439494,,,results/complex-quarterly/EQIX/2013-09-30
NRG,,,Assets,,power,2013-09-30,Q3,2013-11-12T23:59:59+00:00,"filing date, end of day",34863000000.0,34492000000.0,371000000.0,same-quarter mean,measured,4,1096,-61750000.0,432750000.0,0.01254638756813174,,,results/complex-quarterly/NRG/2013-09-30
PLUG,,,Assets,,fuel_and_nuclear,2013-09-30,Q3,2013-11-14T23:59:59+00:00,"filing date, end of day",40031761.0,36384359.0,3647402.0,same-quarter mean,measured,2,371,-6245660.5,9893062.5,0.2719042679850427,,,results/complex-quarterly/PLUG/2013-09-30
WULF,,,Assets,,compute_and_ai,2013-09-30,Q3,2013-11-14T23:59:59+00:00,"filing date, end of day",13724361.0,13113856.0,610505.0,same-quarter mean,measured,2,365,435014.0,175491.0,0.013382105156561122,,,results/complex-quarterly/WULF/2013-09-30
ROK,,,Assets,,buildout,2011-09-30,Q3,2013-11-18T23:59:59+00:00,"filing date, end of day",5284900000.0,5327700000.0,-42800000.0,same-quarter mean,measured,2,371,137750000.0,-180550000.0,-0.033888920171931604,,,results/complex-quarterly/ROK/2011-09-30
NVDA,,,Assets,,compute_and_ai,2013-10-27,Q4,2013-11-19T23:59:59+00:00,"filing date, end of day",5711373000.0,5569592000.0,141781000.0,same-quarter mean,measured,4,1096,189339500.0,-47558500.0,-0.008538955815794048,,,results/complex-quarterly/NVDA/2013-10-27
J,,,Assets,,buildout,2012-09-28,Q3,2013-11-22T23:59:59+00:00,"filing date, end of day",6839433000.0,6482567000.0,356866000.0,same-quarter mean,measured,4,1209,142891750.0,213974250.0,0.03300764188013791,,,results/complex-quarterly/J/2012-09-28
MSFT,,,Assets,,hyperscaler,2012-06-30,Q2,2013-11-26T23:59:59+00:00,"filing date, end of day",121271000000.0,118010000000.0,3261000000.0,same-quarter mean,measured,2,364,5090000000.0,-1829000000.0,-0.01549868655198712,,,results/complex-quarterly/MSFT/2012-06-30
DY,,,Assets,,buildout,2013-10-26,Q4,2013-11-29T23:59:59+00:00,"filing date, end of day",1224276000.0,1154208000.0,70068000.0,same-quarter mean,measured,2,364,7246000.0,62822000.0,0.05442866450414483,,,results/complex-quarterly/DY/2013-10-26
AGX,,,Assets,,buildout,2012-10-31,Q4,2013-12-09T23:59:59+00:00,"filing date, end of day",254985000.0,245463000.0,9522000.0,prior same-quarter,measured,1,0,43675000.0,-34153000.0,-0.1391370593531408,,,results/complex-quarterly/AGX/2012-10-31
ORCL,,,Assets,,hyperscaler,2013-11-30,Q4,2013-12-20T23:59:59+00:00,"filing date, end of day",85238000000.0,86406000000.0,-1168000000.0,same-quarter mean,measured,4,1095,1243250000.0,-2411250000.0,-0.02790604819109784,,,results/complex-quarterly/ORCL/2013-11-30
MU,,,Assets,,compute_and_ai,2013-11-28,Q4,2014-01-07T23:59:59+00:00,"filing date, end of day",19794000000.0,19118000000.0,676000000.0,same-quarter mean,measured,4,1091,-152750000.0,828750000.0,0.04334919970708233,,,results/complex-quarterly/MU/2013-11-28
MSFT,,,Assets,,hyperscaler,2013-12-31,Q4,2014-01-23T23:59:59+00:00,"filing date, end of day",153543000000.0,142348000000.0,11195000000.0,same-quarter mean,measured,4,1092,3221250000.0,7973750000.0,0.05601589063422036,,,results/complex-quarterly/MSFT/2013-12-31
J,,,Assets,,buildout,2013-12-27,Q4,2014-01-24T23:59:59+00:00,"filing date, end of day",8441152000.0,7274144000.0,1167008000.0,same-quarter mean,measured,5,793,54646400.0,1112361600.0,0.15291993119740274,,,results/complex-quarterly/J/2013-12-27
AAPL,,,Assets,,hyperscaler,2013-12-28,Q4,2014-01-28T23:59:59+00:00,"filing date, end of day",225184000000.0,207000000000.0,18184000000.0,same-quarter mean,measured,4,1095,15079500000.0,3104500000.0,0.014997584541062802,,,results/complex-quarterly/AAPL/2013-12-28
AMZN,,,Assets,,hyperscaler,2012-12-31,Q4,2014-01-31T23:59:59+00:00,"filing date, end of day",32555000000.0,22834000000.0,9721000000.0,same-quarter mean,measured,3,733,5233333333.333333,4487666666.666667,0.19653440775451814,,,results/complex-quarterly/AMZN/2012-12-31
META,,,Assets,,hyperscaler,2012-12-31,Q4,2014-01-31T23:59:59+00:00,"filing date, end of day",15103000000.0,16038000000.0,-935000000.0,,missing,0,,,,,,,results/complex-quarterly/META/2012-12-31
ROK,,,Assets,,buildout,2013-12-31,Q4,2014-02-06T23:59:59+00:00,"filing date, end of day",5940800000.0,5844600000.0,96200000.0,same-quarter mean,measured,4,1094,48125000.0,48075000.0,0.008225541525510728,,,results/complex-quarterly/ROK/2013-12-31
SMCI,,,Assets,,compute_and_ai,2013-12-31,Q4,2014-02-07T23:59:59+00:00,"filing date, end of day",708731000.0,635799000.0,72932000.0,same-quarter mean,measured,2,366,14420000.0,58512000.0,0.09202908466354932,,,results/complex-quarterly/SMCI/2013-12-31
PCG,,,Assets,,power,2012-12-31,Q4,2014-02-11T23:59:59+00:00,"filing date, end of day",52449000000.0,50868000000.0,1581000000.0,same-quarter mean,measured,3,735,1133000000.0,448000000.0,0.00880710859479437,,,results/complex-quarterly/PCG/2012-12-31
EXC,,,Assets,,power,2012-12-31,Q4,2014-02-14T23:59:59+00:00,"filing date, end of day",78561000000.0,78353000000.0,208000000.0,same-quarter mean,measured,3,743,777333333.3333334,-569333333.3333334,-0.007266260811115507,,,results/complex-quarterly/EXC/2012-12-31
AMD,,,Assets,,compute_and_ai,2012-12-29,Q4,2014-02-18T23:59:59+00:00,"filing date, end of day",4000000000.0,4612000000.0,-612000000.0,same-quarter mean,measured,3,470,33000000.0,-645000000.0,-0.1398525585429315,,,results/complex-quarterly/AMD/2012-12-29
WY,,,Assets,,data_center_reit,2011-12-31,Q4,2014-02-18T23:59:59+00:00,"filing date, end of day",12634000000.0,12835000000.0,-201000000.0,same-quarter mean,measured,2,363,-352000000.0,151000000.0,0.011764705882352941,,,results/complex-quarterly/WY/2011-12-31
PPL,,,Assets,,power,2012-12-31,Q4,2014-02-24T23:59:59+00:00,"filing date, end of day",43634000000.0,43240000000.0,394000000.0,same-quarter mean,measured,3,731,2674000000.0,-2280000000.0,-0.05272895467160037,,,results/complex-quarterly/PPL/2012-12-31
AEP,,,Assets,,power,2012-12-31,Q4,2014-02-25T23:59:59+00:00,"filing date, end of day",54367000000.0,53843000000.0,524000000.0,same-quarter mean,measured,3,732,918000000.0,-394000000.0,-0.007317571457756812,,,results/complex-quarterly/AEP/2012-12-31
EIX,,,Assets,,power,2012-12-31,Q4,2014-02-25T23:59:59+00:00,"filing date, end of day",44394000000.0,50545000000.0,-6151000000.0,same-quarter mean,measured,3,363,-332333333.3333333,-5818666666.666667,-0.115118541233884,,,results/complex-quarterly/EIX/2012-12-31
EME,,,Assets,,buildout,2011-12-31,Q4,2014-02-25T23:59:59+00:00,"filing date, end of day",3014054000.0,2899173000.0,114881000.0,prior same-quarter,measured,1,0,128038000.0,-13157000.0,-0.004538190718525593,,,results/complex-quarterly/EME/2011-12-31
AMT,,,Assets,,data_center_reit,2011-12-31,Q4,2014-02-26T23:59:59+00:00,"filing date, end of day",12242395000.0,10895336000.0,1347059000.0,same-quarter mean,measured,2,366,523106500.0,823952500.0,0.07562433136527409,,,results/complex-quarterly/AMT/2011-12-31
BWXT,,,Assets,,fuel_and_nuclear,2011-12-31,Q4,2014-02-26T23:59:59+00:00,"filing date, end of day",2789111000.0,2545217000.0,243894000.0,prior same-quarter,measured,1,0,-103349000.0,347243000.0,0.13642962466461603,,,results/complex-quarterly/BWXT/2011-12-31
ETN,,,Assets,,buildout,2011-12-31,Q4,2014-02-26T23:59:59+00:00,"filing date, end of day",17873000000.0,17252000000.0,621000000.0,,missing,0,,,,,,,results/complex-quarterly/ETN/2011-12-31
FSLR,,,Assets,,fuel_and_nuclear,2011-12-31,Q4,2014-02-26T23:59:59+00:00,"filing date, end of day",5777614000.0,5763312000.0,14302000.0,same-quarter mean,measured,2,364,216536000.0,-202234000.0,-0.03508989275610968,,,results/complex-quarterly/FSLR/2011-12-31
ETR,,,Assets,,power,2012-12-31,Q4,2014-02-27T23:59:59+00:00,"filing date, end of day",43202502000.0,42023680000.0,1178822000.0,same-quarter mean,measured,3,365,982962666.6666666,195859333.33333337,0.004660689719066331,,,results/complex-quarterly/ETR/2012-12-31
MTZ,,,Assets,,buildout,2011-12-31,Q4,2014-02-27T23:59:59+00:00,"filing date, end of day",2094700000.0,2084352000.0,10348000.0,,missing,0,,,,,,,results/complex-quarterly/MTZ/2011-12-31
SBAC,,,Assets,,data_center_reit,2012-12-31,Q4,2014-02-27T23:59:59+00:00,"filing date, end of day",6615911000.0,6595617000.0,20294000.0,same-quarter mean,measured,2,366,-13250000.0,33544000.0,0.005085801677083433,,,results/complex-quarterly/SBAC/2012-12-31
SO,,,Assets,,power,2011-12-31,Q4,2014-02-27T23:59:59+00:00,"filing date, end of day",59267000000.0,57343000000.0,1924000000.0,same-quarter mean,measured,2,370,829506500.0,1094493500.0,0.019086784786286032,,,results/complex-quarterly/SO/2011-12-31
SRE,,,Assets,,power,2011-12-31,Q4,2014-02-27T23:59:59+00:00,"filing date, end of day",33249000000.0,32616000000.0,633000000.0,prior same-quarter,measured,1,0,1719000000.0,-1086000000.0,-0.03329654157468727,,,results/complex-quarterly/SRE/2011-12-31
D,,,Assets,,power,2012-12-31,Q4,2014-02-28T23:59:59+00:00,"filing date, end of day",46838000000.0,46886000000.0,-48000000.0,same-quarter mean,measured,3,731,879666666.6666666,-927666666.6666666,-0.01978557920630181,,,results/complex-quarterly/D/2012-12-31
DUK,,,Assets,,power,2011-12-31,Q4,2014-02-28T23:59:59+00:00,"filing date, end of day",62526000000.0,60776000000.0,1750000000.0,same-quarter mean,measured,2,367,1249500000.0,500500000.0,0.00823515861524286,,,results/complex-quarterly/DUK/2011-12-31
EQIX,,,Assets,,data_center_reit,2012-12-31,Q4,2014-02-28T23:59:59+00:00,"filing date, end of day",6135797000.0,5990970000.0,144827000.0,same-quarter mean,measured,2,368,10877500.0,133949500.0,0.022358566308961655,,,results/complex-quarterly/EQIX/2012-12-31
FIX,,,Assets,,buildout,2012-12-31,Q4,2014-02-28T23:59:59+00:00,"filing date, end of day",580754000.0,591726000.0,-10972000.0,prior same-quarter,measured,1,0,28334000.0,-39306000.0,-0.06642601474331025,,,results/complex-quarterly/FIX/2012-12-31
DLR,,,Assets,,data_center_reit,2012-12-31,Q4,2014-03-03T23:59:59+00:00,"filing date, end of day",8819214000.0,8512598000.0,306616000.0,same-quarter mean,measured,2,366,550302500.0,-243686500.0,-0.02862657205238636,,,results/complex-quarterly/DLR/2012-12-31
PRIM,,,Assets,,buildout,2012-12-31,Q4,2014-03-03T23:59:59+00:00,"filing date, end of day",931207000.0,809070000.0,122137000.0,prior same-quarter,measured,1,0,51505000.0,70632000.0,0.08730023360154252,,,results/complex-quarterly/PRIM/2012-12-31
PWR,,,Assets,,buildout,2012-12-31,Q4,2014-03-03T23:59:59+00:00,"filing date, end of day",5140757000.0,5255270000.0,-114513000.0,same-quarter mean,measured,3,731,309419333.3333333,-423932333.3333333,-0.08066804052566914,,,results/complex-quarterly/PWR/2012-12-31
DY,,,Assets,,buildout,2014-01-25,Q1,2014-03-05T23:59:59+00:00,"filing date, end of day",1119894000.0,1224276000.0,-104382000.0,same-quarter mean,measured,2,368,146735500.0,-251117500.0,-0.20511510476395844,,,results/complex-quarterly/DY/2014-01-25
WULF,,,Assets,,compute_and_ai,2012-12-31,Q4,2014-03-05T23:59:59+00:00,"filing date, end of day",13184276.0,14794165.0,-1609889.0,prior same-quarter,measured,1,0,74299.0,-1684188.0,-0.11384136921549813,,,results/complex-quarterly/WULF/2012-12-31
NVDA,,,Assets,,compute_and_ai,2013-01-27,Q1,2014-03-13T23:59:59+00:00,"filing date, end of day",6412245000.0,6075144000.0,337101000.0,same-quarter mean,measured,3,727,388632000.0,-51531000.0,-0.008482268074633292,,,results/complex-quarterly/NVDA/2013-01-27
STRL,,,Assets,,buildout,2012-12-31,Q4,2014-03-17T23:59:59+00:00,"filing date, end of day",331510000.0,375281000.0,-43771000.0,prior same-quarter,measured,1,0,-100203000.0,56432000.0,0.15037265409120099,,,results/complex-quarterly/STRL/2012-12-31
ORCL,,,Assets,,hyperscaler,2014-02-28,Q1,2014-03-20T23:59:59+00:00,"filing date, end of day",86562000000.0,85238000000.0,1324000000.0,same-quarter mean,measured,4,1089,1805000000.0,-481000000.0,-0.00564302306483024,,,results/complex-quarterly/ORCL/2014-02-28
LEU,,,Assets,,fuel_and_nuclear,2011-12-31,Q4,2014-03-31T23:59:59+00:00,"filing date, end of day",3549300000.0,4042200000.0,-492900000.0,prior same-quarter,measured,1,0,148900000.0,-641800000.0,-0.15877492454603928,,,results/complex-quarterly/LEU/2011-12-31
LEU,,,Assets,,fuel_and_nuclear,2012-12-31,Q4,2014-03-31T23:59:59+00:00,"filing date, end of day",2266400000.0,3766000000.0,-1499600000.0,prior same-quarter,measured,1,0,148900000.0,-1648500000.0,-0.43773234200743494,,,results/complex-quarterly/LEU/2012-12-31
NBIS,,,Assets,,compute_and_ai,2013-12-31,Q4,2014-04-04T23:59:59+00:00,"filing date, end of day",2178800000.0,1458200000.0,720600000.0,prior same-quarter,measured,1,0,399800000.0,320800000.0,0.2199972568920587,,,results/complex-quarterly/NBIS/2013-12-31
MU,,,Assets,,compute_and_ai,2014-02-27,Q1,2014-04-07T23:59:59+00:00,"filing date, end of day",20615000000.0,19794000000.0,821000000.0,same-quarter mean,measured,3,727,-148666666.66666666,969666666.6666666,0.04898790879391061,,,results/complex-quarterly/MU/2014-02-27
AGX,,,Assets,,buildout,2012-01-31,Q1,2014-04-15T23:59:59+00:00,"filing date, end of day",205252000.0,189301000.0,15951000.0,,missing,0,,,,,,,results/complex-quarterly/AGX/2012-01-31
PLUG,,,Assets,,fuel_and_nuclear,2012-12-31,Q4,2014-04-22T23:59:59+00:00,"filing date, end of day",39460002.0,45567001.0,-6106999.0,prior same-quarter,measured,1,0,2343748.0,-8450747.0,-0.18545760779823978,,,results/complex-quarterly/PLUG/2012-12-31
AAPL,,,Assets,,hyperscaler,2014-03-29,Q1,2014-04-24T23:59:59+00:00,"filing date, end of day",205989000000.0,225184000000.0,-19195000000.0,same-quarter mean,measured,4,1099,5550250000.0,-24745250000.0,-0.10988902408696888,,,results/complex-quarterly/AAPL/2014-03-29
MSFT,,,Assets,,hyperscaler,2014-03-31,Q1,2014-04-24T23:59:59+00:00,"filing date, end of day",156119000000.0,153543000000.0,2576000000.0,same-quarter mean,measured,4,1092,5356000000.0,-2780000000.0,-0.0181056772369955,,,results/complex-quarterly/MSFT/2014-03-31
AEP,,,Assets,,power,2014-03-31,Q1,2014-04-25T23:59:59+00:00,"filing date, end of day",57038000000.0,56321000000.0,717000000.0,same-quarter mean,measured,4,1092,561000000.0,156000000.0,0.002769837183288649,,,results/complex-quarterly/AEP/2014-03-31
AMZN,,,Assets,,hyperscaler,2014-03-31,Q1,2014-04-25T23:59:59+00:00,"filing date, end of day",36364000000.0,40159000000.0,-3795000000.0,same-quarter mean,measured,4,1099,-3200750000.0,-594250000.0,-0.014797430214895789,,,results/complex-quarterly/AMZN/2014-03-31
META,,,Assets,,hyperscaler,2014-03-31,Q1,2014-04-25T23:59:59+00:00,"filing date, end of day",19028000000.0,17895000000.0,1133000000.0,prior same-quarter,measured,1,0,60000000.0,1073000000.0,0.05996088292819223,,,results/complex-quarterly/META/2014-03-31
EIX,,,Assets,,power,2014-03-31,Q1,2014-04-29T23:59:59+00:00,"filing date, end of day",47388000000.0,46646000000.0,742000000.0,same-quarter mean,measured,4,1089,912500000.0,-170500000.0,-0.003655190155640355,,,results/complex-quarterly/EIX/2014-03-31
EME,,,Assets,,buildout,2014-03-31,Q1,2014-04-29T23:59:59+00:00,"filing date, end of day",3407516000.0,3465915000.0,-58399000.0,same-quarter mean,measured,3,728,-55902000.0,-2497000.0,-0.000720444673340229,,,results/complex-quarterly/EME/2014-03-31
D,,,Assets,,power,2014-03-31,Q1,2014-04-30T23:59:59+00:00,"filing date, end of day",50586000000.0,50096000000.0,490000000.0,same-quarter mean,measured,4,1092,81500000.0,408500000.0,0.008154343660172468,,,results/complex-quarterly/D/2014-03-31
EXC,,,Assets,,power,2013-03-31,Q1,2014-04-30T23:59:59+00:00,"filing date, end of day",79924000000.0,78561000000.0,1363000000.0,same-quarter mean,measured,3,748,7776666666.666667,-6413666666.666667,-0.0816393206128571,,,results/complex-quarterly/EXC/2013-03-31
FIX,,,Assets,,buildout,2014-03-31,Q1,2014-04-30T23:59:59+00:00,"filing date, end of day",588844000.0,601822000.0,-12978000.0,same-quarter mean,measured,2,364,-7534000.0,-5444000.0,-0.009045864059472735,,,results/complex-quarterly/FIX/2014-03-31
WY,,,Assets,,data_center_reit,2014-03-31,Q1,2014-04-30T23:59:59+00:00,"filing date, end of day",14505000000.0,14372000000.0,133000000.0,same-quarter mean,measured,4,1089,-50250000.0,183250000.0,0.01275048705816866,,,results/complex-quarterly/WY/2014-03-31
AMD,,,Assets,,compute_and_ai,2014-03-29,Q1,2014-05-01T23:59:59+00:00,"filing date, end of day",4108000000.0,4337000000.0,-229000000.0,same-quarter mean,measured,2,362,-84500000.0,-144500000.0,-0.03331796172469449,,,results/complex-quarterly/AMD/2014-03-29
AMT,,,Assets,,data_center_reit,2013-03-31,Q1,2014-05-01T23:59:59+00:00,"filing date, end of day",14463740000.0,14089429000.0,374311000.0,same-quarter mean,measured,3,728,312932000.0,61379000.0,0.004356386621487641,,,results/complex-quarterly/AMT/2013-03-31
IRM,,,Assets,,data_center_reit,2013-03-31,Q1,2014-05-01T23:59:59+00:00,"filing date, end of day",6298180000.0,6358339000.0,-60159000.0,same-quarter mean,measured,3,1088,1365666.6666666667,-61524666.666666664,-0.009676216802323164,,,results/complex-quarterly/IRM/2013-03-31
PCG,,,Assets,,power,2014-03-31,Q1,2014-05-01T23:59:59+00:00,"filing date, end of day",55987000000.0,55605000000.0,382000000.0,same-quarter mean,measured,4,1091,470000000.0,-88000000.0,-0.001582591493570722,,,results/complex-quarterly/PCG/2014-03-31
EQIX,,,Assets,,data_center_reit,2014-03-31,Q1,2014-05-02T23:59:59+00:00,"filing date, end of day",7730598000.0,7492359000.0,238239000.0,same-quarter mean,measured,3,728,593553666.6666666,-355314666.6666666,-0.04742360405670185,,,results/complex-quarterly/EQIX/2014-03-31
J,,,Assets,,buildout,2014-03-28,Q1,2014-05-02T23:59:59+00:00,"filing date, end of day",8236049000.0,8441152000.0,-205103000.0,same-quarter mean,measured,3,1189,130823333.33333333,-335926333.3333333,-0.0397962663547977,,,results/complex-quarterly/J/2014-03-28
NEE,,,Assets,,power,2014-03-31,Q1,2014-05-02T23:59:59+00:00,"filing date, end of day",70331000000.0,69007000000.0,1324000000.0,same-quarter mean,measured,4,1095,1042500000.0,281500000.0,0.004079296303273581,,,results/complex-quarterly/NEE/2014-03-31
PPL,,,Assets,,power,2014-03-31,Q1,2014-05-02T23:59:59+00:00,"filing date, end of day",47973000000.0,46259000000.0,1714000000.0,same-quarter mean,measured,4,1093,953750000.0,760250000.0,0.0164346397457792,,,results/complex-quarterly/PPL/2014-03-31
SRE,,,Assets,,power,2014-03-31,Q1,2014-05-02T23:59:59+00:00,"filing date, end of day",37484000000.0,37165000000.0,319000000.0,same-quarter mean,measured,3,724,678333333.3333334,-359333333.3333334,-0.009668595004260282,,,results/complex-quarterly/SRE/2014-03-31
ETN,,,Assets,,buildout,2014-03-31,Q1,2014-05-05T23:59:59+00:00,"filing date, end of day",35262000000.0,35491000000.0,-229000000.0,prior same-quarter,measured,1,0,-833000000.0,604000000.0,0.017018399030740188,,,results/complex-quarterly/ETN/2014-03-31
IRM,,,Assets,,data_center_reit,2011-12-31,Q4,2014-05-05T23:59:59+00:00,"filing date, end of day",6041258000.0,6398103000.0,-356845000.0,same-quarter mean,measured,2,367,101505500.0,-458350500.0,-0.07163849972405884,,,results/complex-quarterly/IRM/2011-12-31
ROK,,,Assets,,buildout,2014-03-31,Q1,2014-05-05T23:59:59+00:00,"filing date, end of day",6158100000.0,5940800000.0,217300000.0,same-quarter mean,measured,4,1093,159975000.0,57325000.0,0.009649373821707514,,,results/complex-quarterly/ROK/2014-03-31
CCI,,,Assets,,data_center_reit,2014-03-31,Q1,2014-05-06T23:59:59+00:00,"filing date, end of day",20569666000.0,20594908000.0,-25242000.0,same-quarter mean,measured,4,1089,98731000.0,-123973000.0,-0.006019594746429554,,,results/complex-quarterly/CCI/2014-03-31
NRG,,,Assets,,power,2014-03-31,Q1,2014-05-06T23:59:59+00:00,"filing date, end of day",34961000000.0,33902000000.0,1059000000.0,same-quarter mean,measured,4,1093,341250000.0,717750000.0,0.02117131732641142,,,results/complex-quarterly/NRG/2014-03-31
PRIM,,,Assets,,buildout,2014-03-31,Q1,2014-05-06T23:59:59+00:00,"filing date, end of day",1006952000.0,1050693000.0,-43741000.0,same-quarter mean,measured,2,363,-26197000.0,-17544000.0,-0.016697551044881808,,,results/complex-quarterly/PRIM/2014-03-31
FSLR,,,Assets,,fuel_and_nuclear,2013-03-31,Q1,2014-05-07T23:59:59+00:00,"filing date, end of day",6294425000.0,6348692000.0,-54267000.0,same-quarter mean,measured,3,733,57826000.0,-112093000.0,-0.017656077818864108,,,results/complex-quarterly/FSLR/2013-03-31
SMCI,,,Assets,,compute_and_ai,2014-03-31,Q1,2014-05-07T23:59:59+00:00,"filing date, end of day",750541000.0,708731000.0,41810000.0,same-quarter mean,measured,2,368,36303000.0,5507000.0,0.007770225939037519,,,results/complex-quarterly/SMCI/2014-03-31
ETR,,,Assets,,power,2014-03-31,Q1,2014-05-08T23:59:59+00:00,"filing date, end of day",43876769000.0,43406446000.0,470323000.0,same-quarter mean,measured,4,1097,69933750.0,400389250.0,0.009224188729941171,,,results/complex-quarterly/ETR/2014-03-31
PWR,,,Assets,,buildout,2014-03-31,Q1,2014-05-08T23:59:59+00:00,"filing date, end of day",5826620000.0,5793245000.0,33375000.0,same-quarter mean,measured,4,1094,-3542750.0,36917750.0,0.00637255113498566,,,results/complex-quarterly/PWR/2014-03-31
SO,,,Assets,,power,2014-03-31,Q1,2014-05-08T23:59:59+00:00,"filing date, end of day",64838000000.0,64264000000.0,574000000.0,same-quarter mean,measured,4,1099,313261250.0,260738750.0,0.004057306579111166,,,results/complex-quarterly/SO/2014-03-31
DUK,,,Assets,,power,2014-03-31,Q1,2014-05-09T23:59:59+00:00,"filing date, end of day",113792000000.0,114779000000.0,-987000000.0,same-quarter mean,measured,3,731,-340333333.3333333,-646666666.6666667,-0.005634015513871586,,,results/complex-quarterly/DUK/2014-03-31
SBAC,,,Assets,,data_center_reit,2014-03-31,Q1,2014-05-09T23:59:59+00:00,"filing date, end of day",7791342000.0,6783188000.0,1008154000.0,same-quarter mean,measured,3,735,126762333.33333333,881391666.6666666,0.12993767335752254,,,results/complex-quarterly/SBAC/2014-03-31
BWXT,,,Assets,,fuel_and_nuclear,2014-03-31,Q1,2014-05-12T23:59:59+00:00,"filing date, end of day",2499630000.0,2609153000.0,-109523000.0,same-quarter mean,measured,2,363,-71788500.0,-37734500.0,-0.014462356174589991,,,results/complex-quarterly/BWXT/2014-03-31
DLR,,,Assets,,data_center_reit,2014-03-31,Q1,2014-05-12T23:59:59+00:00,"filing date, end of day",9805394000.0,9626830000.0,178564000.0,same-quarter mean,measured,2,366,235886500.0,-57322500.0,-0.005954452296342618,,,results/complex-quarterly/DLR/2014-03-31
STRL,,,Assets,,buildout,2014-03-31,Q1,2014-05-12T23:59:59+00:00,"filing date, end of day",280821000.0,273018000.0,7803000.0,same-quarter mean,measured,2,366,-5165500.0,12968500.0,0.04750053110051352,,,results/complex-quarterly/STRL/2014-03-31
WULF,,,Assets,,compute_and_ai,2014-03-31,Q1,2014-05-14T23:59:59+00:00,"filing date, end of day",14742010.0,14001803.0,740207.0,same-quarter mean,measured,2,365,244833.0,495374.0,0.035379300794333414,,,results/complex-quarterly/WULF/2014-03-31
LEU,,,Assets,,fuel_and_nuclear,2014-03-31,Q1,2014-05-15T23:59:59+00:00,"filing date, end of day",865900000.0,1705500000.0,-839600000.0,same-quarter mean,measured,3,734,-102966666.66666667,-736633333.3333334,-0.43191634906674486,,,results/complex-quarterly/LEU/2014-03-31
PLUG,,,Assets,,fuel_and_nuclear,2014-03-31,Q1,2014-05-15T23:59:59+00:00,"filing date, end of day",95204022.0,35355621.0,59848401.0,same-quarter mean,measured,2,365,99063.5,59749337.5,1.6899529921988925,,,results/complex-quarterly/PLUG/2014-03-31
NVDA,,,Assets,,compute_and_ai,2014-04-27,Q2,2014-05-21T23:59:59+00:00,"filing date, end of day",6864663000.0,7250894000.0,-386231000.0,same-quarter mean,measured,4,1097,120282750.0,-506513750.0,-0.06985535162974386,,,results/complex-quarterly/NVDA/2014-04-27
DY,,,Assets,,buildout,2014-04-26,Q2,2014-05-23T23:59:59+00:00,"filing date, end of day",1142776000.0,1119894000.0,22882000.0,same-quarter mean,measured,2,369,19663500.0,3218500.0,0.002873932711488766,,,results/complex-quarterly/DY/2014-04-26
AGX,,,Assets,,buildout,2013-04-30,Q2,2014-06-09T23:59:59+00:00,"filing date, end of day",225586000.0,234724000.0,-9138000.0,prior same-quarter,measured,1,0,19437000.0,-28575000.0,-0.12173872292564884,,,results/complex-quarterly/AGX/2013-04-30
ORCL,,,Assets,,hyperscaler,2013-05-31,Q2,2014-06-26T23:59:59+00:00,"filing date, end of day",81812000000.0,79450000000.0,2362000000.0,same-quarter mean,measured,3,729,4009000000.0,-1647000000.0,-0.020730018879798615,,,results/complex-quarterly/ORCL/2013-05-31
MU,,,Assets,,compute_and_ai,2014-05-29,Q2,2014-07-03T23:59:59+00:00,"filing date, end of day",20495000000.0,20615000000.0,-120000000.0,same-quarter mean,measured,3,727,164000000.0,-284000000.0,-0.0137763764249333,,,results/complex-quarterly/MU/2014-05-29
MU,,,Assets,,compute_and_ai,2012-08-30,Q3,2014-07-22T23:59:59+00:00,"filing date, end of day",14328000000.0,14316000000.0,12000000.0,same-quarter mean,measured,2,370,1574500000.0,-1562500000.0,-0.10914361553506566,,,results/complex-quarterly/MU/2012-08-30
AAPL,,,Assets,,hyperscaler,2014-06-28,Q2,2014-07-23T23:59:59+00:00,"filing date, end of day",222520000000.0,205989000000.0,16531000000.0,same-quarter mean,measured,5,1463,9713200000.0,6817800000.0,0.033097883867585165,,,results/complex-quarterly/AAPL/2014-06-28
META,,,Assets,,hyperscaler,2014-06-30,Q2,2014-07-24T23:59:59+00:00,"filing date, end of day",20769000000.0,19028000000.0,1741000000.0,same-quarter mean,measured,2,359,4579000000.0,-2838000000.0,-0.14914862308177423,,,results/complex-quarterly/META/2014-06-30
AEP,,,Assets,,power,2014-06-30,Q2,2014-07-25T23:59:59+00:00,"filing date, end of day",57620000000.0,57038000000.0,582000000.0,same-quarter mean,measured,5,1452,527000000.0,55000000.0,0.0009642694344121462,,,results/complex-quarterly/AEP/2014-06-30
AMZN,,,Assets,,hyperscaler,2014-06-30,Q2,2014-07-25T23:59:59+00:00,"filing date, end of day",37898000000.0,36364000000.0,1534000000.0,same-quarter mean,measured,5,1463,540800000.0,993200000.0,0.02731272687273127,,,results/complex-quarterly/AMZN/2014-06-30
EME,,,Assets,,buildout,2014-06-30,Q2,2014-07-29T23:59:59+00:00,"filing date, end of day",3404895000.0,3407516000.0,-2621000.0,same-quarter mean,measured,4,1092,22036000.0,-24657000.0,-0.007236062868083378,,,results/complex-quarterly/EME/2014-06-30
AMT,,,Assets,,data_center_reit,2013-06-30,Q2,2014-07-30T23:59:59+00:00,"filing date, end of day",14339394000.0,14463740000.0,-124346000.0,same-quarter mean,measured,4,1092,118170500.0,-242516500.0,-0.016767205439257065,,,results/complex-quarterly/AMT/2013-06-30
D,,,Assets,,power,2014-06-30,Q2,2014-07-30T23:59:59+00:00,"filing date, end of day",51499000000.0,50586000000.0,913000000.0,same-quarter mean,measured,5,1467,267200000.0,645800000.0,0.012766378049262643,,,results/complex-quarterly/D/2014-06-30
FIX,,,Assets,,buildout,2014-06-30,Q2,2014-07-30T23:59:59+00:00,"filing date, end of day",668111000.0,588844000.0,79267000.0,same-quarter mean,measured,3,729,7241666.666666667,72025333.33333333,0.12231649355913167,,,results/complex-quarterly/FIX/2014-06-30
AMD,,,Assets,,compute_and_ai,2014-06-28,Q2,2014-07-31T23:59:59+00:00,"filing date, end of day",4246000000.0,4108000000.0,138000000.0,same-quarter mean,measured,4,1093,-931250000.0,1069250000.0,0.2602848101265823,,,results/complex-quarterly/AMD/2014-06-28
EIX,,,Assets,,power,2014-06-30,Q2,2014-07-31T23:59:59+00:00,"filing date, end of day",48864000000.0,47388000000.0,1476000000.0,same-quarter mean,measured,5,1455,-249200000.0,1725200000.0,0.036405841141217185,,,results/complex-quarterly/EIX/2014-06-30
ETN,,,Assets,,buildout,2014-06-30,Q2,2014-07-31T23:59:59+00:00,"filing date, end of day",35258000000.0,35262000000.0,-4000000.0,prior same-quarter,measured,1,0,280000000.0,-284000000.0,-0.008053995802847257,,,results/complex-quarterly/ETN/2014-06-30
EXC,,,Assets,,power,2014-06-30,Q2,2014-07-31T23:59:59+00:00,"filing date, end of day",83656000000.0,86814000000.0,-3158000000.0,same-quarter mean,measured,5,1476,-298800000.0,-2859200000.0,-0.03293478010459142,,,results/complex-quarterly/EXC/2014-06-30
IRM,,,Assets,,data_center_reit,2013-06-30,Q2,2014-07-31T23:59:59+00:00,"filing date, end of day",6334819000.0,6298180000.0,36639000.0,same-quarter mean,measured,3,724,-51582000.0,88221000.0,0.014007379909751707,,,results/complex-quarterly/IRM/2013-06-30
MSFT,,,Assets,,hyperscaler,2013-06-30,Q2,2014-07-31T23:59:59+00:00,"filing date, end of day",142431000000.0,134105000000.0,8326000000.0,same-quarter mean,measured,3,852,4480333333.333333,3845666666.666667,0.028676534556255674,,,results/complex-quarterly/MSFT/2013-06-30
NEE,,,Assets,,power,2014-06-30,Q2,2014-07-31T23:59:59+00:00,"filing date, end of day",71590000000.0,70331000000.0,1259000000.0,same-quarter mean,measured,5,1461,1141400000.0,117600000.0,0.0016720933869844024,,,results/complex-quarterly/NEE/2014-06-30
PCG,,,Assets,,power,2014-06-30,Q2,2014-07-31T23:59:59+00:00,"filing date, end of day",57025000000.0,55987000000.0,1038000000.0,same-quarter mean,measured,5,1456,852600000.0,185400000.0,0.003311483022844589,,,results/complex-quarterly/PCG/2014-06-30
PPL,,,Assets,,power,2014-06-30,Q2,2014-07-31T23:59:59+00:00,"filing date, end of day",48193000000.0,47973000000.0,220000000.0,same-quarter mean,measured,5,1438,1922000000.0,-1702000000.0,-0.03547828987138599,,,results/complex-quarterly/PPL/2014-06-30
J,,,Assets,,buildout,2014-06-27,Q2,2014-08-01T23:59:59+00:00,"filing date, end of day",8332579000.0,8236049000.0,96530000.0,same-quarter mean,measured,5,1463,235475200.0,-138945200.0,-0.016870370732374223,,,results/complex-quarterly/J/2014-06-27
WY,,,Assets,,data_center_reit,2014-06-30,Q2,2014-08-04T23:59:59+00:00,"filing date, end of day",15706000000.0,14505000000.0,1201000000.0,same-quarter mean,measured,5,1452,-92400000.0,1293400000.0,0.08916925198207515,,,results/complex-quarterly/WY/2014-06-30
ROK,,,Assets,,buildout,2014-06-30,Q2,2014-08-05T23:59:59+00:00,"filing date, end of day",6145100000.0,6158100000.0,-13000000.0,same-quarter mean,measured,5,1464,-28300000.0,15300000.0,0.002484532566863156,,,results/complex-quarterly/ROK/2014-06-30
SBAC,,,Assets,,data_center_reit,2014-06-30,Q2,2014-08-05T23:59:59+00:00,"filing date, end of day",7564583000.0,7791342000.0,-226759000.0,same-quarter mean,measured,4,1098,722600750.0,-949359750.0,-0.1218480397857006,,,results/complex-quarterly/SBAC/2014-06-30
BWXT,,,Assets,,fuel_and_nuclear,2014-06-30,Q2,2014-08-06T23:59:59+00:00,"filing date, end of day",2626053000.0,2499630000.0,126423000.0,same-quarter mean,measured,3,730,32828666.666666668,93594333.33333333,0.03744327493802416,,,results/complex-quarterly/BWXT/2014-06-30
FSLR,,,Assets,,fuel_and_nuclear,2013-06-30,Q2,2014-08-06T23:59:59+00:00,"filing date, end of day",6868126000.0,6294425000.0,573701000.0,same-quarter mean,measured,4,1101,293137750.0,280563250.0,0.044573293033120576,,,results/complex-quarterly/FSLR/2013-06-30
DLR,,,Assets,,data_center_reit,2014-06-30,Q2,2014-08-07T23:59:59+00:00,"filing date, end of day",9910231000.0,9805394000.0,104837000.0,same-quarter mean,measured,4,1092,399328500.0,-294491500.0,-0.030033622310332457,,,results/complex-quarterly/DLR/2014-06-30
DUK,,,Assets,,power,2014-06-30,Q2,2014-08-07T23:59:59+00:00,"filing date, end of day",115173000000.0,113792000000.0,1381000000.0,same-quarter mean,measured,5,1462,692800000.0,688200000.0,0.006047876827896513,,,results/complex-quarterly/DUK/2014-06-30
ETR,,,Assets,,power,2014-06-30,Q2,2014-08-07T23:59:59+00:00,"filing date, end of day",44150747000.0,43876769000.0,273978000.0,same-quarter mean,measured,5,1433,99792400.0,174185600.0,0.0039698821032150295,,,results/complex-quarterly/ETR/2014-06-30
NRG,,,Assets,,power,2014-06-30,Q2,2014-08-07T23:59:59+00:00,"filing date, end of day",37629000000.0,34961000000.0,2668000000.0,same-quarter mean,measured,5,1445,352400000.0,2315600000.0,0.06623380338091016,,,results/complex-quarterly/NRG/2014-06-30
PRIM,,,Assets,,buildout,2014-06-30,Q2,2014-08-07T23:59:59+00:00,"filing date, end of day",1055006000.0,1006952000.0,48054000.0,same-quarter mean,measured,3,733,10685000.0,37369000.0,0.03711100429811948,,,results/complex-quarterly/PRIM/2014-06-30
SO,,,Assets,,power,2014-06-30,Q2,2014-08-07T23:59:59+00:00,"filing date, end of day",66400000000.0,64838000000.0,1562000000.0,same-quarter mean,measured,5,1440,1764498800.0,-202498800.0,-0.0031231500046269164,,,results/complex-quarterly/SO/2014-06-30
SRE,,,Assets,,power,2014-06-30,Q2,2014-08-07T23:59:59+00:00,"filing date, end of day",38307000000.0,37484000000.0,823000000.0,same-quarter mean,measured,3,728,348000000.0,475000000.0,0.012672073417991677,,,results/complex-quarterly/SRE/2014-06-30
CCI,,,Assets,,data_center_reit,2014-06-30,Q2,2014-08-08T23:59:59+00:00,"filing date, end of day",20672059000.0,20569666000.0,102393000.0,same-quarter mean,measured,5,1439,92764400.0,9628600.0,0.0004680970512598503,,,results/complex-quarterly/CCI/2014-06-30
EQIX,,,Assets,,data_center_reit,2014-06-30,Q2,2014-08-08T23:59:59+00:00,"filing date, end of day",7639611000.0,7730598000.0,-90987000.0,same-quarter mean,measured,4,1087,216498750.0,-307485750.0,-0.03977515710945,,,results/complex-quarterly/EQIX/2014-06-30
PWR,,,Assets,,buildout,2014-06-30,Q2,2014-08-08T23:59:59+00:00,"filing date, end of day",5909059000.0,5826620000.0,82439000.0,same-quarter mean,measured,5,1460,19173600.0,63265400.0,0.010857993141821502,,,results/complex-quarterly/PWR/2014-06-30
STRL,,,Assets,,buildout,2014-06-30,Q2,2014-08-11T23:59:59+00:00,"filing date, end of day",329714000.0,280821000.0,48893000.0,same-quarter mean,measured,3,732,21899333.333333332,26993666.666666668,0.09612410277958795,,,results/complex-quarterly/STRL/2014-06-30
LEU,,,Assets,,fuel_and_nuclear,2014-06-30,Q2,2014-08-13T23:59:59+00:00,"filing date, end of day",807700000.0,865900000.0,-58200000.0,same-quarter mean,measured,4,1097,55975000.0,-114175000.0,-0.1318570273703661,,,results/complex-quarterly/LEU/2014-06-30
PLUG,,,Assets,,fuel_and_nuclear,2014-06-30,Q2,2014-08-14T23:59:59+00:00,"filing date, end of day",221108005.0,95204022.0,125903983.0,same-quarter mean,measured,3,734,-2245373.6666666665,128149356.66666667,1.346049819898015,,,results/complex-quarterly/PLUG/2014-06-30
WULF,,,Assets,,compute_and_ai,2014-06-30,Q2,2014-08-14T23:59:59+00:00,"filing date, end of day",14432428.0,14742010.0,-309582.0,same-quarter mean,measured,3,733,49273.666666666664,-358855.6666666667,-0.02434238388568904,,,results/complex-quarterly/WULF/2014-06-30
NVDA,,,Assets,,compute_and_ai,2014-07-27,Q3,2014-08-20T23:59:59+00:00,"filing date, end of day",6933719000.0,6864663000.0,69056000.0,same-quarter mean,measured,5,1462,-104524200.0,173580200.0,0.025286048273600613,,,results/complex-quarterly/NVDA/2014-07-27
AGX,,,Assets,,buildout,2013-07-31,Q3,2014-09-09T23:59:59+00:00,"filing date, end of day",206748000.0,225586000.0,-18838000.0,same-quarter mean,measured,2,357,17929000.0,-36767000.0,-0.16298440506059772,,,results/complex-quarterly/AGX/2013-07-31
DY,,,Assets,,buildout,2013-07-27,Q3,2014-09-09T23:59:59+00:00,"filing date, end of day",1154208000.0,1097193000.0,57015000.0,prior same-quarter,measured,1,0,25148000.0,31867000.0,0.029044115301501194,,,results/complex-quarterly/DY/2013-07-27
NRG,,,Assets,,power,2012-12-31,Q4,2014-09-10T23:59:59+00:00,"filing date, end of day",34983000000.0,27220000000.0,7763000000.0,same-quarter mean,measured,3,736,-319666666.6666667,8082666666.666667,0.29693852559392603,,,results/complex-quarterly/NRG/2012-12-31
SMCI,,,Assets,,compute_and_ai,2013-06-30,Q2,2014-09-15T23:59:59+00:00,"filing date, end of day",632257000.0,608052000.0,24205000.0,prior same-quarter,measured,1,0,40985000.0,-16780000.0,-0.02759632399860538,,,results/complex-quarterly/SMCI/2013-06-30
ORCL,,,Assets,,hyperscaler,2014-08-31,Q3,2014-09-23T23:59:59+00:00,"filing date, end of day",99726000000.0,90266000000.0,9460000000.0,same-quarter mean,measured,5,1460,2481600000.0,6978400000.0,0.07730928588837437,,,results/complex-quarterly/ORCL/2014-08-31
AEP,,,Assets,,power,2014-09-30,Q3,2014-10-23T23:59:59+00:00,"filing date, end of day",57925000000.0,57620000000.0,305000000.0,same-quarter mean,measured,5,1456,330200000.0,-25200000.0,-0.00043734814300590074,,,results/complex-quarterly/AEP/2014-09-30
MSFT,,,Assets,,hyperscaler,2014-09-30,Q3,2014-10-23T23:59:59+00:00,"filing date, end of day",169656000000.0,172384000000.0,-2728000000.0,same-quarter mean,measured,5,1462,1676800000.0,-4404800000.0,-0.02555225542973826,,,results/complex-quarterly/MSFT/2014-09-30
AMZN,,,Assets,,hyperscaler,2014-09-30,Q3,2014-10-24T23:59:59+00:00,"filing date, end of day",40419000000.0,37898000000.0,2521000000.0,same-quarter mean,measured,5,1463,1645000000.0,876000000.0,0.023114676236212994,,,results/complex-quarterly/AMZN/2014-09-30
MU,,,Assets,,compute_and_ai,2013-08-29,Q3,2014-10-27T23:59:59+00:00,"filing date, end of day",19118000000.0,14055000000.0,5063000000.0,same-quarter mean,measured,3,1001,1053666666.6666666,4009333333.3333335,0.2852602869678644,,,results/complex-quarterly/MU/2013-08-29
EIX,,,Assets,,power,2014-09-30,Q3,2014-10-28T23:59:59+00:00,"filing date, end of day",49475000000.0,48864000000.0,611000000.0,same-quarter mean,measured,5,1453,1365400000.0,-754400000.0,-0.015438768827766862,,,results/complex-quarterly/EIX/2014-09-30
EME,,,Assets,,buildout,2014-09-30,Q3,2014-10-28T23:59:59+00:00,"filing date, end of day",3434667000.0,3404895000.0,29772000.0,same-quarter mean,measured,4,1087,76974750.0,-47202750.0,-0.013863202830043218,,,results/complex-quarterly/EME/2014-09-30
PCG,,,Assets,,power,2014-09-30,Q3,2014-10-28T23:59:59+00:00,"filing date, end of day",57884000000.0,57025000000.0,859000000.0,same-quarter mean,measured,5,1462,646200000.0,212800000.0,0.003731696624287593,,,results/complex-quarterly/PCG/2014-09-30
EXC,,,Assets,,power,2013-09-30,Q3,2014-10-29T23:59:59+00:00,"filing date, end of day",79924000000.0,78420000000.0,1504000000.0,same-quarter mean,measured,3,747,1621333333.3333333,-117333333.33333325,-0.0014962169514579605,,,results/complex-quarterly/EXC/2013-09-30
EXC,,,Assets,,power,2014-09-30,Q3,2014-10-29T23:59:59+00:00,"filing date, end of day",85264000000.0,83656000000.0,1608000000.0,same-quarter mean,measured,3,747,1621333333.3333333,-13333333.333333254,-0.00015938286952918204,,,results/complex-quarterly/EXC/2014-09-30
FIX,,,Assets,,buildout,2014-09-30,Q3,2014-10-29T23:59:59+00:00,"filing date, end of day",656406000.0,668111000.0,-11705000.0,same-quarter mean,measured,3,723,-23195000.0,11490000.0,0.017197741093920024,,,results/complex-quarterly/FIX/2014-09-30
AMD,,,Assets,,compute_and_ai,2014-09-27,Q3,2014-10-30T23:59:59+00:00,"filing date, end of day",4325000000.0,4246000000.0,79000000.0,same-quarter mean,measured,4,1092,-88500000.0,167500000.0,0.03944889307583608,,,results/complex-quarterly/AMD/2014-09-27
AMT,,,Assets,,data_center_reit,2013-09-30,Q3,2014-10-30T23:59:59+00:00,"filing date, end of day",18181320000.0,14339394000.0,3841926000.0,same-quarter mean,measured,4,1091,236222250.0,3605703750.0,0.2514544024663804,,,results/complex-quarterly/AMT/2013-09-30
META,,,Assets,,hyperscaler,2014-09-30,Q3,2014-10-30T23:59:59+00:00,"filing date, end of day",24188000000.0,20769000000.0,3419000000.0,same-quarter mean,measured,2,373,159500000.0,3259500000.0,0.15694063267369637,,,results/complex-quarterly/META/2014-09-30
ETN,,,Assets,,buildout,2014-09-30,Q3,2014-10-31T23:59:59+00:00,"filing date, end of day",34239000000.0,35258000000.0,-1019000000.0,same-quarter mean,measured,2,358,-8906611826.0,7887611826.0,0.223711266265812,,,results/complex-quarterly/ETN/2014-09-30
IRM,,,Assets,,data_center_reit,2013-09-30,Q3,2014-10-31T23:59:59+00:00,"filing date, end of day",6380779000.0,6334819000.0,45960000.0,same-quarter mean,measured,4,1088,39889750.0,6070250.0,0.0009582357443835412,,,results/complex-quarterly/IRM/2013-09-30
WY,,,Assets,,data_center_reit,2014-09-30,Q3,2014-10-31T23:59:59+00:00,"filing date, end of day",13440000000.0,15706000000.0,-2266000000.0,same-quarter mean,measured,5,1459,45600000.0,-2311600000.0,-0.14717942187698968,,,results/complex-quarterly/WY/2014-09-30
D,,,Assets,,power,2014-09-30,Q3,2014-11-03T23:59:59+00:00,"filing date, end of day",52279000000.0,51499000000.0,780000000.0,same-quarter mean,measured,5,1464,436400000.0,343600000.0,0.0066719742130915164,,,results/complex-quarterly/D/2014-09-30
SRE,,,Assets,,power,2014-09-30,Q3,2014-11-04T23:59:59+00:00,"filing date, end of day",38982000000.0,38307000000.0,675000000.0,same-quarter mean,measured,3,733,616333333.3333334,58666666.66666663,0.0015314868474865333,,,results/complex-quarterly/SRE/2014-09-30
BWXT,,,Assets,,fuel_and_nuclear,2014-09-30,Q3,2014-11-05T23:59:59+00:00,"filing date, end of day",2656770000.0,2626053000.0,30717000.0,same-quarter mean,measured,3,736,1256000.0,29461000.0,0.011218737778712006,,,results/complex-quarterly/BWXT/2014-09-30
NRG,,,Assets,,power,2014-09-30,Q3,2014-11-05T23:59:59+00:00,"filing date, end of day",40069000000.0,37629000000.0,2440000000.0,same-quarter mean,measured,5,1471,24800000.0,2415200000.0,0.0641845385208217,,,results/complex-quarterly/NRG/2014-09-30
ETR,,,Assets,,power,2014-09-30,Q3,2014-11-06T23:59:59+00:00,"filing date, end of day",44541649000.0,44150747000.0,390902000.0,same-quarter mean,measured,5,1462,360180200.0,30721800.0,0.0006958387363185497,,,results/complex-quarterly/ETR/2014-09-30
PWR,,,Assets,,buildout,2014-09-30,Q3,2014-11-06T23:59:59+00:00,"filing date, end of day",6229289000.0,5909059000.0,320230000.0,same-quarter mean,measured,5,1460,208273400.0,111956600.0,0.01894660385012233,,,results/complex-quarterly/PWR/2014-09-30
SMCI,,,Assets,,compute_and_ai,2014-09-30,Q3,2014-11-06T23:59:59+00:00,"filing date, end of day",828275000.0,796325000.0,31950000.0,same-quarter mean,measured,3,731,1514333.3333333333,30435666.666666668,0.03822015718038071,,,results/complex-quarterly/SMCI/2014-09-30
SO,,,Assets,,power,2014-09-30,Q3,2014-11-06T23:59:59+00:00,"filing date, end of day",67654000000.0,66400000000.0,1254000000.0,same-quarter mean,measured,5,1461,301089600.0,952910400.0,0.014351060240963855,,,results/complex-quarterly/SO/2014-09-30
CCI,,,Assets,,data_center_reit,2014-09-30,Q3,2014-11-07T23:59:59+00:00,"filing date, end of day",20784860000.0,20672059000.0,112801000.0,same-quarter mean,measured,5,1463,120651800.0,-7850800.0,-0.00037977832783855735,,,results/complex-quarterly/CCI/2014-09-30
DLR,,,Assets,,data_center_reit,2014-09-30,Q3,2014-11-07T23:59:59+00:00,"filing date, end of day",9722007000.0,9910231000.0,-188224000.0,same-quarter mean,measured,3,736,734891333.3333334,-923115333.3333334,-0.0931477110203923,,,results/complex-quarterly/DLR/2014-09-30
DUK,,,Assets,,power,2014-09-30,Q3,2014-11-07T23:59:59+00:00,"filing date, end of day",119656000000.0,115173000000.0,4483000000.0,same-quarter mean,measured,5,1463,10594600000.0,-6111600000.0,-0.05306452033028575,,,results/complex-quarterly/DUK/2014-09-30
EQIX,,,Assets,,data_center_reit,2014-09-30,Q3,2014-11-07T23:59:59+00:00,"filing date, end of day",7462000000.0,7639611000.0,-177611000.0,same-quarter mean,measured,4,1110,384414000.0,-562025000.0,-0.0735672274412925,,,results/complex-quarterly/EQIX/2014-09-30
FSLR,,,Assets,,fuel_and_nuclear,2013-09-30,Q3,2014-11-07T23:59:59+00:00,"filing date, end of day",6862710000.0,6868126000.0,-5416000.0,same-quarter mean,measured,4,1096,518456000.0,-523872000.0,-0.07627582837006776,,,results/complex-quarterly/FSLR/2013-09-30
NEE,,,Assets,,power,2014-09-30,Q3,2014-11-07T23:59:59+00:00,"filing date, end of day",72193000000.0,71590000000.0,603000000.0,same-quarter mean,measured,5,1463,1634400000.0,-1031400000.0,-0.01440704008939796,,,results/complex-quarterly/NEE/2014-09-30
PPL,,,Assets,,power,2014-09-30,Q3,2014-11-07T23:59:59+00:00,"filing date, end of day",48189000000.0,48193000000.0,-4000000.0,same-quarter mean,measured,5,1463,348400000.0,-352400000.0,-0.007312265266739983,,,results/complex-quarterly/PPL/2014-09-30
PRIM,,,Assets,,buildout,2014-09-30,Q3,2014-11-07T23:59:59+00:00,"filing date, end of day",1138565000.0,1055006000.0,83559000.0,same-quarter mean,measured,3,728,53830666.666666664,29728333.333333336,0.028178354751852916,,,results/complex-quarterly/PRIM/2014-09-30
SBAC,,,Assets,,data_center_reit,2014-09-30,Q3,2014-11-07T23:59:59+00:00,"filing date, end of day",7808992000.0,7564583000.0,244409000.0,same-quarter mean,measured,4,1099,1574500.0,242834500.0,0.03210150513253672,,,results/complex-quarterly/SBAC/2014-09-30
STRL,,,Assets,,buildout,2014-09-30,Q3,2014-11-10T23:59:59+00:00,"filing date, end of day",335068000.0,329714000.0,5354000.0,same-quarter mean,measured,3,731,25196000.0,-19842000.0,-0.06017942823174024,,,results/complex-quarterly/STRL/2014-09-30
PLUG,,,Assets,,fuel_and_nuclear,2014-09-30,Q3,2014-11-14T23:59:59+00:00,"filing date, end of day",211807521.0,221108005.0,-9300484.0,same-quarter mean,measured,3,736,-2947973.0,-6352511.0,-0.02873035284272046,,,results/complex-quarterly/PLUG/2014-09-30
WULF,,,Assets,,compute_and_ai,2014-09-30,Q3,2014-11-14T23:59:59+00:00,"filing date, end of day",15043435.0,14432428.0,611007.0,same-quarter mean,measured,3,731,493511.0,117496.0,0.008141111114498544,,,results/complex-quarterly/WULF/2014-09-30
ROK,,,Assets,,buildout,2012-09-30,Q3,2014-11-18T23:59:59+00:00,"filing date, end of day",5636500000.0,5382400000.0,254100000.0,same-quarter mean,measured,3,735,77566666.66666667,176533333.3333333,0.03279825604439159,,,results/complex-quarterly/ROK/2012-09-30
NVDA,,,Assets,,compute_and_ai,2014-10-26,Q4,2014-11-19T23:59:59+00:00,"filing date, end of day",6885869000.0,6933719000.0,-47850000.0,same-quarter mean,measured,5,1461,179827800.0,-227677800.0,-0.03283631771059658,,,results/complex-quarterly/NVDA/2014-10-26
J,,,Assets,,buildout,2013-09-27,Q3,2014-11-24T23:59:59+00:00,"filing date, end of day",7274144000.0,7049749000.0,224395000.0,same-quarter mean,measured,5,1576,185686600.0,38708400.0,0.00549074867771888,,,results/complex-quarterly/J/2013-09-27
DY,,,Assets,,buildout,2014-10-25,Q4,2014-11-26T23:59:59+00:00,"filing date, end of day",1262157000.0,1212354000.0,49803000.0,same-quarter mean,measured,3,737,28186666.666666668,21616333.333333332,0.01783005073875562,,,results/complex-quarterly/DY/2014-10-25
AGX,,,Assets,,buildout,2013-10-31,Q4,2014-12-09T23:59:59+00:00,"filing date, end of day",260448000.0,206748000.0,53700000.0,same-quarter mean,measured,2,360,26598500.0,27101500.0,0.13108470214947665,,,results/complex-quarterly/AGX/2013-10-31
ORCL,,,Assets,,hyperscaler,2014-11-30,Q4,2014-12-19T23:59:59+00:00,"filing date, end of day",98305000000.0,99726000000.0,-1421000000.0,same-quarter mean,measured,5,1459,761000000.0,-2182000000.0,-0.02187995106592062,,,results/complex-quarterly/ORCL/2014-11-30
MU,,,Assets,,compute_and_ai,2014-12-04,Q4,2015-01-09T23:59:59+00:00,"filing date, end of day",22542000000.0,22416000000.0,126000000.0,same-quarter mean,measured,5,1456,13000000.0,113000000.0,0.005041042112776588,,,results/complex-quarterly/MU/2014-12-04
MSFT,,,Assets,,hyperscaler,2014-12-31,Q4,2015-01-26T23:59:59+00:00,"filing date, end of day",174848000000.0,169656000000.0,5192000000.0,same-quarter mean,measured,5,1456,4816000000.0,376000000.0,0.002216249351629179,,,results/complex-quarterly/MSFT/2014-12-31
AAPL,,,Assets,,hyperscaler,2013-09-28,Q3,2015-01-28T23:59:59+00:00,"filing date, end of day",207000000000.0,199856000000.0,7144000000.0,same-quarter mean,measured,4,735,8150000000.0,-1006000000.0,-0.00503362420943079,,,results/complex-quarterly/AAPL/2013-09-28
AAPL,,,Assets,,hyperscaler,2014-12-27,Q4,2015-01-28T23:59:59+00:00,"filing date, end of day",261894000000.0,231839000000.0,30055000000.0,same-quarter mean,measured,5,1464,15700400000.0,14354600000.0,0.06191624360008454,,,results/complex-quarterly/AAPL/2014-12-27
META,,,Assets,,hyperscaler,2013-12-31,Q4,2015-01-29T23:59:59+00:00,"filing date, end of day",17895000000.0,14933000000.0,2962000000.0,prior same-quarter,measured,1,0,-935000000.0,3897000000.0,0.2609656465546106,,,results/complex-quarterly/META/2013-12-31
J,,,Assets,,buildout,2014-12-26,Q4,2015-02-02T23:59:59+00:00,"filing date, end of day",8242648000.0,8453659000.0,-211011000.0,same-quarter mean,measured,6,1158,240040000.0,-451051000.0,-0.05335571259734986,,,results/complex-quarterly/J/2014-12-26
ROK,,,Assets,,buildout,2014-12-31,Q4,2015-02-05T23:59:59+00:00,"filing date, end of day",6202000000.0,6224300000.0,-22300000.0,same-quarter mean,measured,5,1459,57740000.0,-80040000.0,-0.012859277348456854,,,results/complex-quarterly/ROK/2014-12-31
SMCI,,,Assets,,compute_and_ai,2014-12-31,Q4,2015-02-09T23:59:59+00:00,"filing date, end of day",935041000.0,828275000.0,106766000.0,same-quarter mean,measured,3,732,33924000.0,72842000.0,0.08794422142404394,,,results/complex-quarterly/SMCI/2014-12-31
PCG,,,Assets,,power,2013-12-31,Q4,2015-02-10T23:59:59+00:00,"filing date, end of day",55605000000.0,55214000000.0,391000000.0,same-quarter mean,measured,4,1090,1245000000.0,-854000000.0,-0.015467091679646466,,,results/complex-quarterly/PCG/2013-12-31
EXC,,,Assets,,power,2013-12-31,Q4,2015-02-13T23:59:59+00:00,"filing date, end of day",79924000000.0,79924000000.0,0.0,same-quarter mean,measured,4,1100,635000000.0,-635000000.0,-0.007945047795405636,,,results/complex-quarterly/EXC/2013-12-31
WY,,,Assets,,data_center_reit,2012-12-31,Q4,2015-02-13T23:59:59+00:00,"filing date, end of day",12592000000.0,12338000000.0,254000000.0,same-quarter mean,measured,3,727,-301666666.6666667,555666666.6666667,0.04503701302209975,,,results/complex-quarterly/WY/2012-12-31
AMD,,,Assets,,compute_and_ai,2013-12-28,Q4,2015-02-19T23:59:59+00:00,"filing date, end of day",4337000000.0,4317000000.0,20000000.0,same-quarter mean,measured,4,832,-128250000.0,148250000.0,0.03434097753069261,,,results/complex-quarterly/AMD/2013-12-28
CCI,,,Assets,,data_center_reit,2012-12-31,Q4,2015-02-19T23:59:59+00:00,"filing date, end of day",16088709000.0,12736419000.0,3352290000.0,same-quarter mean,measured,3,726,130518333.33333333,3221771666.6666665,0.2529574181460791,,,results/complex-quarterly/CCI/2012-12-31
CCI,,,Assets,,data_center_reit,2013-12-31,Q4,2015-02-19T23:59:59+00:00,"filing date, end of day",20594908000.0,15567572000.0,5027336000.0,same-quarter mean,measured,3,726,130518333.33333333,4896817666.666667,0.3145524341667838,,,results/complex-quarterly/CCI/2013-12-31
NEE,,,Assets,,power,2012-12-31,Q4,2015-02-20T23:59:59+00:00,"filing date, end of day",64439000000.0,62049000000.0,2390000000.0,same-quarter mean,measured,3,731,635333333.3333334,1754666666.6666665,0.028278725953144554,,,results/complex-quarterly/NEE/2012-12-31
PPL,,,Assets,,power,2013-12-31,Q4,2015-02-23T23:59:59+00:00,"filing date, end of day",46259000000.0,44988000000.0,1271000000.0,same-quarter mean,measured,4,1092,2104000000.0,-833000000.0,-0.018516048724104204,,,results/complex-quarterly/PPL/2013-12-31
AMT,,,Assets,,data_center_reit,2012-12-31,Q4,2015-02-24T23:59:59+00:00,"filing date, end of day",14089429000.0,12961304000.0,1128125000.0,same-quarter mean,measured,3,1094,797757333.3333334,330367666.6666666,0.025488767693950132,,,results/complex-quarterly/AMT/2012-12-31
EIX,,,Assets,,power,2013-12-31,Q4,2015-02-24T23:59:59+00:00,"filing date, end of day",46646000000.0,46698000000.0,-52000000.0,same-quarter mean,measured,4,727,-1787000000.0,1735000000.0,0.03715362542293032,,,results/complex-quarterly/EIX/2013-12-31
FSLR,,,Assets,,fuel_and_nuclear,2012-12-31,Q4,2015-02-25T23:59:59+00:00,"filing date, end of day",6348692000.0,5981729000.0,366963000.0,same-quarter mean,measured,3,728,149124666.66666666,217838333.33333334,0.03641728559306738,,,results/complex-quarterly/FSLR/2012-12-31
FSLR,,,Assets,,fuel_and_nuclear,2013-12-31,Q4,2015-02-25T23:59:59+00:00,"filing date, end of day",6883502000.0,6862710000.0,20792000.0,same-quarter mean,measured,3,728,149124666.66666666,-128332666.66666666,-0.018699998494278013,,,results/complex-quarterly/FSLR/2013-12-31
BWXT,,,Assets,,fuel_and_nuclear,2012-12-31,Q4,2015-02-26T23:59:59+00:00,"filing date, end of day",2840355000.0,2803772000.0,36583000.0,same-quarter mean,measured,2,363,70272500.0,-33689500.0,-0.012015777317128497,,,results/complex-quarterly/BWXT/2012-12-31
BWXT,,,Assets,,fuel_and_nuclear,2013-12-31,Q4,2015-02-26T23:59:59+00:00,"filing date, end of day",2609153000.0,2739664000.0,-130511000.0,same-quarter mean,measured,2,363,70272500.0,-200783500.0,-0.07328763673209561,,,results/complex-quarterly/BWXT/2013-12-31
EME,,,Assets,,buildout,2012-12-31,Q4,2015-02-26T23:59:59+00:00,"filing date, end of day",3107070000.0,3053461000.0,53609000.0,same-quarter mean,measured,2,364,121459500.0,-67850500.0,-0.022220850372740963,,,results/complex-quarterly/EME/2012-12-31
ETN,,,Assets,,buildout,2012-12-31,Q4,2015-02-26T23:59:59+00:00,"filing date, end of day",35810000000.0,4776348.0,35805223652.0,prior same-quarter,measured,1,0,621000000.0,35184223652.0,7366.344255485572,,,results/complex-quarterly/ETN/2012-12-31
ETR,,,Assets,,power,2013-12-31,Q4,2015-02-26T23:59:59+00:00,"filing date, end of day",43406446000.0,43324126000.0,82320000.0,same-quarter mean,measured,4,730,1031927500.0,-949607500.0,-0.021918676443697906,,,results/complex-quarterly/ETR/2013-12-31
FIX,,,Assets,,buildout,2013-12-31,Q4,2015-02-26T23:59:59+00:00,"filing date, end of day",601822000.0,594454000.0,7368000.0,same-quarter mean,measured,2,365,8681000.0,-1313000.0,-0.0022087495415961536,,,results/complex-quarterly/FIX/2013-12-31
SRE,,,Assets,,power,2012-12-31,Q4,2015-02-26T23:59:59+00:00,"filing date, end of day",36499000000.0,35390000000.0,1109000000.0,same-quarter mean,measured,2,366,1176000000.0,-67000000.0,-0.001893190166713761,,,results/complex-quarterly/SRE/2012-12-31
D,,,Assets,,power,2013-12-31,Q4,2015-02-27T23:59:59+00:00,"filing date, end of day",50096000000.0,48488000000.0,1608000000.0,same-quarter mean,measured,4,1096,647750000.0,960250000.0,0.019803868998515096,,,results/complex-quarterly/D/2013-12-31
DY,,,Assets,,buildout,2015-01-24,Q1,2015-02-27T23:59:59+00:00,"filing date, end of day",1193533000.0,1262157000.0,-68624000.0,same-quarter mean,measured,3,733,63029666.666666664,-131653666.66666666,-0.1043084708690493,,,results/complex-quarterly/DY/2015-01-24
NRG,,,Assets,,power,2013-12-31,Q4,2015-02-27T23:59:59+00:00,"filing date, end of day",33902000000.0,34863000000.0,-961000000.0,same-quarter mean,measured,4,1296,1701000000.0,-2662000000.0,-0.07635602214382009,,,results/complex-quarterly/NRG/2013-12-31
DLR,,,Assets,,data_center_reit,2013-12-31,Q4,2015-03-02T23:59:59+00:00,"filing date, end of day",9626830000.0,9426041000.0,200789000.0,same-quarter mean,measured,3,734,469073666.6666667,-268284666.6666667,-0.02846207296007589,,,results/complex-quarterly/DLR/2013-12-31
DUK,,,Assets,,power,2012-12-31,Q4,2015-03-02T23:59:59+00:00,"filing date, end of day",113856000000.0,112008000000.0,1848000000.0,same-quarter mean,measured,3,731,1416333333.3333333,431666666.66666675,0.0038538913887103308,,,results/complex-quarterly/DUK/2012-12-31
EQIX,,,Assets,,data_center_reit,2013-12-31,Q4,2015-03-02T23:59:59+00:00,"filing date, end of day",7492359000.0,7389044000.0,103315000.0,same-quarter mean,measured,3,735,55527333.333333336,47787666.666666664,0.006467367993297463,,,results/complex-quarterly/EQIX/2013-12-31
PWR,,,Assets,,buildout,2013-12-31,Q4,2015-03-02T23:59:59+00:00,"filing date, end of day",5793245000.0,5494968000.0,298277000.0,same-quarter mean,measured,4,1098,203436250.0,94840750.0,0.017259563658969444,,,results/complex-quarterly/PWR/2013-12-31
SBAC,,,Assets,,data_center_reit,2013-12-31,Q4,2015-03-02T23:59:59+00:00,"filing date, end of day",6783188000.0,6584428000.0,198760000.0,same-quarter mean,measured,3,731,-2068666.6666666667,200828666.66666666,0.030500548668261945,,,results/complex-quarterly/SBAC/2013-12-31
SO,,,Assets,,power,2012-12-31,Q4,2015-03-02T23:59:59+00:00,"filing date, end of day",63149000000.0,61963000000.0,1186000000.0,same-quarter mean,measured,3,734,1194337666.6666667,-8337666.666666746,-0.00013455879584052977,,,results/complex-quarterly/SO/2012-12-31
WULF,,,Assets,,compute_and_ai,2013-12-31,Q4,2015-03-05T23:59:59+00:00,"filing date, end of day",14001803.0,13724361.0,277442.0,same-quarter mean,measured,2,365,-767795.0,1045237.0,0.07615924704982621,,,results/complex-quarterly/WULF/2013-12-31
NVDA,,,Assets,,compute_and_ai,2014-01-26,Q1,2015-03-12T23:59:59+00:00,"filing date, end of day",7250894000.0,5711373000.0,1539521000.0,same-quarter mean,measured,4,1093,375749250.0,1163771750.0,0.2037639198140272,,,results/complex-quarterly/NVDA/2014-01-26
LEU,,,Assets,,fuel_and_nuclear,2013-12-31,Q4,2015-03-16T23:59:59+00:00,"filing date, end of day",1705500000.0,1703800000.0,1700000.0,same-quarter mean,measured,3,747,-614533333.3333334,616233333.3333334,0.3616817310325938,,,results/complex-quarterly/LEU/2013-12-31
PRIM,,,Assets,,buildout,2013-12-31,Q4,2015-03-16T23:59:59+00:00,"filing date, end of day",1050693000.0,1019011000.0,31682000.0,same-quarter mean,measured,2,361,86821000.0,-55139000.0,-0.054110308917175574,,,results/complex-quarterly/PRIM/2013-12-31
STRL,,,Assets,,buildout,2013-12-31,Q4,2015-03-16T23:59:59+00:00,"filing date, end of day",273018000.0,354112000.0,-81094000.0,same-quarter mean,measured,2,364,-71987000.0,-9107000.0,-0.02571785197903488,,,results/complex-quarterly/STRL/2013-12-31
PLUG,,,Assets,,fuel_and_nuclear,2013-12-31,Q4,2015-03-17T23:59:59+00:00,"filing date, end of day",35355621.0,40031761.0,-4676140.0,same-quarter mean,measured,2,386,-1881625.5,-2794514.5,-0.06980743365249407,,,results/complex-quarterly/PLUG/2013-12-31
ORCL,,,Assets,,hyperscaler,2015-02-28,Q1,2015-03-19T23:59:59+00:00,"filing date, end of day",98816000000.0,98305000000.0,511000000.0,same-quarter mean,measured,5,1452,1708800000.0,-1197800000.0,-0.01218452774528254,,,results/complex-quarterly/ORCL/2015-02-28
MU,,,Assets,,compute_and_ai,2015-03-05,Q1,2015-04-10T23:59:59+00:00,"filing date, end of day",23818000000.0,22542000000.0,1276000000.0,same-quarter mean,measured,4,1091,93750000.0,1182250000.0,0.05244654422855115,,,results/complex-quarterly/MU/2015-03-05
AGX,,,Assets,,buildout,2013-01-31,Q1,2015-04-16T23:59:59+00:00,"filing date, end of day",234724000.0,254985000.0,-20261000.0,prior same-quarter,measured,1,0,15951000.0,-36212000.0,-0.14201619703119792,,,results/complex-quarterly/AGX/2013-01-31
AEP,,,Assets,,power,2015-03-31,Q1,2015-04-23T23:59:59+00:00,"filing date, end of day",60038000000.0,59544600000.0,493400000.0,same-quarter mean,measured,5,1456,592200000.0,-98800000.0,-0.0016592604535087985,,,results/complex-quarterly/AEP/2015-03-31
META,,,Assets,,hyperscaler,2015-03-31,Q1,2015-04-23T23:59:59+00:00,"filing date, end of day",42007000000.0,39966000000.0,2041000000.0,same-quarter mean,measured,2,358,596500000.0,1444500000.0,0.036143221738477706,,,results/complex-quarterly/META/2015-03-31
MSFT,,,Assets,,hyperscaler,2015-03-31,Q1,2015-04-23T23:59:59+00:00,"filing date, end of day",176683000000.0,174848000000.0,1835000000.0,same-quarter mean,measured,5,1463,4800000000.0,-2965000000.0,-0.016957586017569547,,,results/complex-quarterly/MSFT/2015-03-31
AMZN,,,Assets,,hyperscaler,2015-03-31,Q1,2015-04-24T23:59:59+00:00,"filing date, end of day",50075000000.0,54505000000.0,-4430000000.0,same-quarter mean,measured,5,1463,-3319600000.0,-1110400000.0,-0.020372442895147235,,,results/complex-quarterly/AMZN/2015-03-31
AAPL,,,Assets,,hyperscaler,2015-03-28,Q1,2015-04-28T23:59:59+00:00,"filing date, end of day",261194000000.0,261894000000.0,-700000000.0,same-quarter mean,measured,5,1464,601200000.0,-1301200000.0,-0.004968422338808831,,,results/complex-quarterly/AAPL/2015-03-28
EIX,,,Assets,,power,2015-03-31,Q1,2015-04-28T23:59:59+00:00,"filing date, end of day",50578000000.0,49734000000.0,844000000.0,same-quarter mean,measured,5,1453,878400000.0,-34400000.0,-0.0006916797361965657,,,results/complex-quarterly/EIX/2015-03-31
AMD,,,Assets,,compute_and_ai,2015-03-28,Q1,2015-04-29T23:59:59+00:00,"filing date, end of day",3428000000.0,3767000000.0,-339000000.0,same-quarter mean,measured,3,722,-132666666.66666667,-206333333.3333333,-0.054773913812936906,,,results/complex-quarterly/AMD/2015-03-28
ETN,,,Assets,,buildout,2015-03-31,Q1,2015-04-29T23:59:59+00:00,"filing date, end of day",32696000000.0,33487000000.0,-791000000.0,same-quarter mean,measured,2,367,-531000000.0,-260000000.0,-0.007764207005703706,,,results/complex-quarterly/ETN/2015-03-31
EXC,,,Assets,,power,2014-03-31,Q1,2015-04-29T23:59:59+00:00,"filing date, end of day",86814000000.0,79924000000.0,6890000000.0,same-quarter mean,measured,4,1468,6173250000.0,716750000.0,0.008967894499774786,,,results/complex-quarterly/EXC/2014-03-31
EXC,,,Assets,,power,2015-03-31,Q1,2015-04-29T23:59:59+00:00,"filing date, end of day",87391000000.0,86416000000.0,975000000.0,same-quarter mean,measured,4,1468,6173250000.0,-5198250000.0,-0.060153790964636175,,,results/complex-quarterly/EXC/2015-03-31
FIX,,,Assets,,buildout,2015-03-31,Q1,2015-04-29T23:59:59+00:00,"filing date, end of day",678804000.0,655942000.0,22862000.0,same-quarter mean,measured,3,728,-9348666.666666666,32210666.666666664,0.04910596770242897,,,results/complex-quarterly/FIX/2015-03-31
PCG,,,Assets,,power,2015-03-31,Q1,2015-04-29T23:59:59+00:00,"filing date, end of day",60547000000.0,60127000000.0,420000000.0,same-quarter mean,measured,5,1455,452400000.0,-32400000.0,-0.0005388594142398589,,,results/complex-quarterly/PCG/2015-03-31
AMT,,,Assets,,data_center_reit,2014-03-31,Q1,2015-04-30T23:59:59+00:00,"filing date, end of day",20417407000.0,20213937000.0,203470000.0,same-quarter mean,measured,4,1456,328276750.0,-124806750.0,-0.006174292024359233,,,results/complex-quarterly/AMT/2014-03-31
EME,,,Assets,,buildout,2015-03-31,Q1,2015-04-30T23:59:59+00:00,"filing date, end of day",3315582000.0,3383847000.0,-68265000.0,same-quarter mean,measured,4,1097,-56526250.0,-11738750.0,-0.0034690545996908253,,,results/complex-quarterly/EME/2015-03-31
IRM,,,Assets,,data_center_reit,2014-03-31,Q1,2015-04-30T23:59:59+00:00,"filing date, end of day",6706617000.0,6607398000.0,99219000.0,same-quarter mean,measured,4,1452,-14015500.0,113234500.0,0.01713753280792227,,,results/complex-quarterly/IRM/2014-03-31
NBIS,,,Assets,,compute_and_ai,2014-12-31,Q4,2015-04-30T23:59:59+00:00,"filing date, end of day",1687300000.0,2178800000.0,-491500000.0,same-quarter mean,measured,2,360,560200000.0,-1051700000.0,-0.48269689737470167,,,results/complex-quarterly/NBIS/2014-12-31
EQIX,,,Assets,,data_center_reit,2015-03-31,Q1,2015-05-01T23:59:59+00:00,"filing date, end of day",7727694000.0,7781978000.0,-54284000.0,same-quarter mean,measured,4,1099,504725000.0,-559009000.0,-0.07183379341344835,,,results/complex-quarterly/EQIX/2015-03-31
FSLR,,,Assets,,fuel_and_nuclear,2014-03-31,Q1,2015-05-01T23:59:59+00:00,"filing date, end of day",6376353000.0,6883502000.0,-507149000.0,same-quarter mean,measured,4,1098,29802750.0,-536951750.0,-0.07800560673912785,,,results/complex-quarterly/FSLR/2014-03-31
FSLR,,,Assets,,fuel_and_nuclear,2015-03-31,Q1,2015-05-01T23:59:59+00:00,"filing date, end of day",6674674000.0,6720991000.0,-46317000.0,same-quarter mean,measured,4,1098,29802750.0,-76119750.0,-0.011325673550224959,,,results/complex-quarterly/FSLR/2015-03-31
J,,,Assets,,buildout,2015-03-27,Q1,2015-05-01T23:59:59+00:00,"filing date, end of day",7931310000.0,8242648000.0,-311338000.0,same-quarter mean,measured,4,1555,46841750.0,-358179750.0,-0.043454451773265096,,,results/complex-quarterly/J/2015-03-27
NEE,,,Assets,,power,2015-03-31,Q1,2015-05-01T23:59:59+00:00,"filing date, end of day",74929000000.0,74605000000.0,324000000.0,same-quarter mean,measured,5,1460,1098800000.0,-774800000.0,-0.01038536291133302,,,results/complex-quarterly/NEE/2015-03-31
WY,,,Assets,,data_center_reit,2015-03-31,Q1,2015-05-01T23:59:59+00:00,"filing date, end of day",13009000000.0,13603000000.0,-594000000.0,same-quarter mean,measured,5,1454,-13600000.0,-580400000.0,-0.0426670587370433,,,results/complex-quarterly/WY/2015-03-31
D,,,Assets,,power,2015-03-31,Q1,2015-05-05T23:59:59+00:00,"filing date, end of day",55156000000.0,54327000000.0,829000000.0,same-quarter mean,measured,5,1462,163200000.0,665800000.0,0.012255416275516778,,,results/complex-quarterly/D/2015-03-31
SRE,,,Assets,,power,2015-03-31,Q1,2015-05-05T23:59:59+00:00,"filing date, end of day",39551000000.0,39651000000.0,-100000000.0,same-quarter mean,measured,4,1089,588500000.0,-688500000.0,-0.017364000907921617,,,results/complex-quarterly/SRE/2015-03-31
BWXT,,,Assets,,fuel_and_nuclear,2015-03-31,Q1,2015-05-06T23:59:59+00:00,"filing date, end of day",2792134000.0,2856936000.0,-64802000.0,same-quarter mean,measured,3,733,-84366666.66666667,19564666.66666667,0.006848129137882917,,,results/complex-quarterly/BWXT/2015-03-31
PRIM,,,Assets,,buildout,2015-03-31,Q1,2015-05-06T23:59:59+00:00,"filing date, end of day",1081901000.0,1097632000.0,-15731000.0,same-quarter mean,measured,3,727,-32045000.0,16314000.0,0.014862904871578089,,,results/complex-quarterly/PRIM/2015-03-31
ROK,,,Assets,,buildout,2015-03-31,Q1,2015-05-06T23:59:59+00:00,"filing date, end of day",6280200000.0,6202000000.0,78200000.0,same-quarter mean,measured,5,1461,171440000.0,-93240000.0,-0.015033860045146726,,,results/complex-quarterly/ROK/2015-03-31
ETR,,,Assets,,power,2015-03-31,Q1,2015-05-07T23:59:59+00:00,"filing date, end of day",46377533000.0,46414455000.0,-36922000.0,same-quarter mean,measured,5,1462,150011600.0,-186933600.0,-0.004027486695685644,,,results/complex-quarterly/ETR/2015-03-31
IRM,,,Assets,,data_center_reit,2012-12-31,Q4,2015-05-07T23:59:59+00:00,"filing date, end of day",6358339000.0,6327575000.0,30764000.0,same-quarter mean,measured,3,797,-51278000.0,82042000.0,0.012965788631505751,,,results/complex-quarterly/IRM/2012-12-31
LEU,,,Assets,,fuel_and_nuclear,2015-03-31,Q1,2015-05-07T23:59:59+00:00,"filing date, end of day",1085000000.0,1157700000.0,-72700000.0,same-quarter mean,measured,4,1107,-287125000.0,214425000.0,0.1852163772998186,,,results/complex-quarterly/LEU/2015-03-31
PPL,,,Assets,,power,2015-03-31,Q1,2015-05-07T23:59:59+00:00,"filing date, end of day",48921000000.0,48606000000.0,315000000.0,same-quarter mean,measured,5,1457,1105800000.0,-790800000.0,-0.016269596346130108,,,results/complex-quarterly/PPL/2015-03-31
SMCI,,,Assets,,compute_and_ai,2015-03-31,Q1,2015-05-07T23:59:59+00:00,"filing date, end of day",960961000.0,935041000.0,25920000.0,same-quarter mean,measured,3,730,38138666.666666664,-12218666.666666664,-0.013067519677390258,,,results/complex-quarterly/SMCI/2015-03-31
SO,,,Assets,,power,2015-03-31,Q1,2015-05-07T23:59:59+00:00,"filing date, end of day",71610000000.0,70233000000.0,1377000000.0,same-quarter mean,measured,5,1462,365409000.0,1011591000.0,0.014403357396095853,,,results/complex-quarterly/SO/2015-03-31
CCI,,,Assets,,data_center_reit,2015-03-31,Q1,2015-05-08T23:59:59+00:00,"filing date, end of day",21105477000.0,21143276000.0,-37799000.0,same-quarter mean,measured,5,1457,73936400.0,-111735400.0,-0.005284677738681555,,,results/complex-quarterly/CCI/2015-03-31
DLR,,,Assets,,data_center_reit,2015-03-31,Q1,2015-05-08T23:59:59+00:00,"filing date, end of day",9408426000.0,9526784000.0,-118358000.0,same-quarter mean,measured,3,735,216779000.0,-335137000.0,-0.03517839808271081,,,results/complex-quarterly/DLR/2015-03-31
NRG,,,Assets,,power,2015-03-31,Q1,2015-05-08T23:59:59+00:00,"filing date, end of day",40330000000.0,40466000000.0,-136000000.0,same-quarter mean,measured,5,1457,484800000.0,-620800000.0,-0.01534127415608165,,,results/complex-quarterly/NRG/2015-03-31
PWR,,,Assets,,buildout,2015-03-31,Q1,2015-05-08T23:59:59+00:00,"filing date, end of day",6140834000.0,6253583000.0,-112749000.0,same-quarter mean,measured,5,1459,3840800.0,-116589800.0,-0.0186436799511576,,,results/complex-quarterly/PWR/2015-03-31
SBAC,,,Assets,,data_center_reit,2015-03-31,Q1,2015-05-08T23:59:59+00:00,"filing date, end of day",7527299000.0,7841125000.0,-313826000.0,same-quarter mean,measured,4,1099,347110250.0,-660936250.0,-0.08429099778411898,,,results/complex-quarterly/SBAC/2015-03-31
PLUG,,,Assets,,fuel_and_nuclear,2015-03-31,Q1,2015-05-11T23:59:59+00:00,"filing date, end of day",189265958.0,204151000.0,-14885042.0,same-quarter mean,measured,3,730,20015509.333333332,-34900551.33333333,-0.17095459406681,,,results/complex-quarterly/PLUG/2015-03-31
STRL,,,Assets,,buildout,2015-03-31,Q1,2015-05-11T23:59:59+00:00,"filing date, end of day",301001000.0,306451000.0,-5450000.0,same-quarter mean,measured,3,733,-842666.6666666666,-4607333.333333333,-0.015034486209323294,,,results/complex-quarterly/STRL/2015-03-31
WULF,,,Assets,,compute_and_ai,2015-03-31,Q1,2015-05-14T23:59:59+00:00,"filing date, end of day",15149210.0,14627962.0,521248.0,same-quarter mean,measured,3,730,409957.6666666667,111290.33333333331,0.007608054582951016,,,results/complex-quarterly/WULF/2015-03-31
NVDA,,,Assets,,compute_and_ai,2015-04-26,Q2,2015-05-20T23:59:59+00:00,"filing date, end of day",7291000000.0,7201000000.0,90000000.0,same-quarter mean,measured,5,1461,18980000.0,71020000.0,0.009862519094570199,,,results/complex-quarterly/NVDA/2015-04-26
DY,,,Assets,,buildout,2015-04-25,Q2,2015-05-22T23:59:59+00:00,"filing date, end of day",1257116000.0,1193533000.0,63583000.0,same-quarter mean,measured,3,729,20736333.333333332,42846666.66666667,0.035899021364861027,,,results/complex-quarterly/DY/2015-04-25
AGX,,,Assets,,buildout,2014-04-30,Q2,2015-06-09T23:59:59+00:00,"filing date, end of day",372317000.0,323306000.0,49011000.0,same-quarter mean,measured,2,367,5149500.0,43861500.0,0.13566559234904393,,,results/complex-quarterly/AGX/2014-04-30
ORCL,,,Assets,,hyperscaler,2014-05-31,Q2,2015-06-25T23:59:59+00:00,"filing date, end of day",90266000000.0,86562000000.0,3704000000.0,same-quarter mean,measured,4,1094,3597250000.0,106750000.0,0.0012332201196830017,,,results/complex-quarterly/ORCL/2014-05-31
MU,,,Assets,,compute_and_ai,2015-06-04,Q2,2015-07-10T23:59:59+00:00,"filing date, end of day",25136000000.0,23818000000.0,1318000000.0,same-quarter mean,measured,4,1087,93000000.0,1225000000.0,0.0514316903182467,,,results/complex-quarterly/MU/2015-06-04
AAPL,,,Assets,,hyperscaler,2015-06-27,Q2,2015-07-22T23:59:59+00:00,"filing date, end of day",273151000000.0,261194000000.0,11957000000.0,same-quarter mean,measured,6,1827,10849500000.0,1107500000.0,0.004240143341730667,,,results/complex-quarterly/AAPL/2015-06-27
AEP,,,Assets,,power,2015-06-30,Q2,2015-07-23T23:59:59+00:00,"filing date, end of day",60938000000.0,60038000000.0,900000000.0,same-quarter mean,measured,6,1816,536166666.6666667,363833333.3333333,0.006060050856679658,,,results/complex-quarterly/AEP/2015-06-30
AMZN,,,Assets,,hyperscaler,2015-06-30,Q2,2015-07-24T23:59:59+00:00,"filing date, end of day",52440000000.0,50075000000.0,2365000000.0,same-quarter mean,measured,6,1827,706333333.3333334,1658666666.6666665,0.03312364786154102,,,results/complex-quarterly/AMZN/2015-06-30
AMT,,,Assets,,data_center_reit,2014-06-30,Q2,2015-07-29T23:59:59+00:00,"filing date, end of day",20847737000.0,20417407000.0,430330000.0,same-quarter mean,measured,5,1819,69667200.0,360662800.0,0.017664476199156925,,,results/complex-quarterly/AMT/2014-06-30
ETN,,,Assets,,buildout,2015-06-30,Q2,2015-07-29T23:59:59+00:00,"filing date, end of day",32579000000.0,32696000000.0,-117000000.0,same-quarter mean,measured,2,328,138000000.0,-255000000.0,-0.007799119158306826,,,results/complex-quarterly/ETN/2015-06-30
EXC,,,Assets,,power,2015-06-30,Q2,2015-07-29T23:59:59+00:00,"filing date, end of day",92213000000.0,87391000000.0,4822000000.0,same-quarter mean,measured,6,1833,-775333333.3333334,5597333333.333333,0.06404931095116582,,,results/complex-quarterly/EXC/2015-06-30
PCG,,,Assets,,power,2015-06-30,Q2,2015-07-29T23:59:59+00:00,"filing date, end of day",61631000000.0,60547000000.0,1084000000.0,same-quarter mean,measured,6,1821,883500000.0,200500000.0,0.0033114770343699936,,,results/complex-quarterly/PCG/2015-06-30
AMD,,,Assets,,compute_and_ai,2015-06-27,Q2,2015-07-30T23:59:59+00:00,"filing date, end of day",3381000000.0,3428000000.0,-47000000.0,same-quarter mean,measured,5,1457,-717400000.0,670400000.0,0.1955659276546091,,,results/complex-quarterly/AMD/2015-06-27
EIX,,,Assets,,power,2015-06-30,Q2,2015-07-30T23:59:59+00:00,"filing date, end of day",51239000000.0,50578000000.0,661000000.0,same-quarter mean,measured,6,1819,38333333.333333336,622666666.6666666,0.012311017965650414,,,results/complex-quarterly/EIX/2015-06-30
EME,,,Assets,,buildout,2015-06-30,Q2,2015-07-30T23:59:59+00:00,"filing date, end of day",3417786000.0,3315582000.0,102204000.0,same-quarter mean,measured,5,1461,17104600.0,85099400.0,0.025666504402545316,,,results/complex-quarterly/EME/2015-06-30
FIX,,,Assets,,buildout,2015-06-30,Q2,2015-07-30T23:59:59+00:00,"filing date, end of day",703049000.0,678804000.0,24245000.0,same-quarter mean,measured,4,1093,25248000.0,-1003000.0,-0.001477598835599083,,,results/complex-quarterly/FIX/2015-06-30
IRM,,,Assets,,data_center_reit,2014-06-30,Q2,2015-07-30T23:59:59+00:00,"filing date, end of day",6735124000.0,6706617000.0,28507000.0,same-quarter mean,measured,4,1088,-29526750.0,58033750.0,0.008653207720077053,,,results/complex-quarterly/IRM/2014-06-30
EQIX,,,Assets,,data_center_reit,2015-06-30,Q2,2015-07-31T23:59:59+00:00,"filing date, end of day",7826018000.0,7727694000.0,98324000.0,same-quarter mean,measured,5,1465,155001600.0,-56677600.0,-0.007334348383877519,,,results/complex-quarterly/EQIX/2015-06-30
J,,,Assets,,buildout,2015-06-26,Q2,2015-07-31T23:59:59+00:00,"filing date, end of day",7959061000.0,7931310000.0,27751000.0,same-quarter mean,measured,6,1828,212317666.66666666,-184566666.66666666,-0.02327064087353371,,,results/complex-quarterly/J/2015-06-26
META,,,Assets,,hyperscaler,2015-06-30,Q2,2015-07-31T23:59:59+00:00,"filing date, end of day",44130000000.0,42007000000.0,2123000000.0,same-quarter mean,measured,3,723,3633000000.0,-1510000000.0,-0.03594638988739972,,,results/complex-quarterly/META/2015-06-30
MTZ,,,Assets,,buildout,2012-12-31,Q4,2015-07-31T23:59:59+00:00,"filing date, end of day",2416300000.0,2195900000.0,220400000.0,prior same-quarter,measured,1,0,10348000.0,210052000.0,0.09565645065804454,,,results/complex-quarterly/MTZ/2012-12-31
MTZ,,,Assets,,buildout,2014-03-31,Q1,2015-07-31T23:59:59+00:00,"filing date, end of day",3005466000.0,2923200000.0,82266000.0,same-quarter mean,measured,2,364,50079000.0,32187000.0,0.011010878489326765,,,results/complex-quarterly/MTZ/2014-03-31
MTZ,,,Assets,,buildout,2014-06-30,Q2,2015-07-31T23:59:59+00:00,"filing date, end of day",3388828000.0,3005466000.0,383362000.0,same-quarter mean,measured,3,729,259196333.33333334,124165666.66666666,0.041313282754377074,,,results/complex-quarterly/MTZ/2014-06-30
MTZ,,,Assets,,buildout,2014-09-30,Q3,2015-07-31T23:59:59+00:00,"filing date, end of day",3465901000.0,3388828000.0,77073000.0,same-quarter mean,measured,3,728,63347666.666666664,13725333.333333336,0.0040501711309436,,,results/complex-quarterly/MTZ/2014-09-30
WY,,,Assets,,data_center_reit,2015-06-30,Q2,2015-07-31T23:59:59+00:00,"filing date, end of day",12883000000.0,13009000000.0,-126000000.0,same-quarter mean,measured,6,1820,123166666.66666667,-249166666.6666667,-0.01915340661593256,,,results/complex-quarterly/WY/2015-06-30
NEE,,,Assets,,power,2015-06-30,Q2,2015-08-03T23:59:59+00:00,"filing date, end of day",77201000000.0,74929000000.0,2272000000.0,same-quarter mean,measured,6,1826,1161000000.0,1111000000.0,0.014827369910181638,,,results/complex-quarterly/NEE/2015-06-30
PPL,,,Assets,,power,2015-06-30,Q2,2015-08-03T23:59:59+00:00,"filing date, end of day",38244000000.0,48921000000.0,-10677000000.0,same-quarter mean,measured,6,1801,1638333333.3333333,-12315333333.333334,-0.2517391985718471,,,results/complex-quarterly/PPL/2015-06-30
NRG,,,Assets,,power,2015-06-30,Q2,2015-08-04T23:59:59+00:00,"filing date, end of day",40365000000.0,40330000000.0,35000000.0,same-quarter mean,measured,6,1808,738333333.3333334,-703333333.3333334,-0.017439457806430286,,,results/complex-quarterly/NRG/2015-06-30
ROK,,,Assets,,buildout,2015-06-30,Q2,2015-08-04T23:59:59+00:00,"filing date, end of day",6406500000.0,6280200000.0,126300000.0,same-quarter mean,measured,6,1827,-25750000.0,152050000.0,0.024211012388140506,,,results/complex-quarterly/ROK/2015-06-30
SRE,,,Assets,,power,2015-06-30,Q2,2015-08-04T23:59:59+00:00,"filing date, end of day",40006000000.0,39551000000.0,455000000.0,same-quarter mean,measured,4,1094,466750000.0,-11750000.0,-0.0002970847766175318,,,results/complex-quarterly/SRE/2015-06-30
BWXT,,,Assets,,fuel_and_nuclear,2015-06-30,Q2,2015-08-05T23:59:59+00:00,"filing date, end of day",1337225000.0,2792134000.0,-1454909000.0,same-quarter mean,measured,4,1094,56227250.0,-1511136250.0,-0.5412119368196512,,,results/complex-quarterly/BWXT/2015-06-30
FSLR,,,Assets,,fuel_and_nuclear,2014-06-30,Q2,2015-08-05T23:59:59+00:00,"filing date, end of day",6612015000.0,6376353000.0,235662000.0,same-quarter mean,measured,5,1465,349250400.0,-113588400.0,-0.017814007474178422,,,results/complex-quarterly/FSLR/2014-06-30
FSLR,,,Assets,,fuel_and_nuclear,2015-06-30,Q2,2015-08-05T23:59:59+00:00,"filing date, end of day",6803805000.0,6674674000.0,129131000.0,same-quarter mean,measured,5,1465,349250400.0,-220119400.0,-0.03297829976415328,,,results/complex-quarterly/FSLR/2015-06-30
SO,,,Assets,,power,2015-06-30,Q2,2015-08-05T23:59:59+00:00,"filing date, end of day",74181000000.0,71610000000.0,2571000000.0,same-quarter mean,measured,6,1806,1730749000.0,840251000.0,0.01173371037564586,,,results/complex-quarterly/SO/2015-06-30
D,,,Assets,,power,2015-06-30,Q2,2015-08-06T23:59:59+00:00,"filing date, end of day",55942000000.0,55156000000.0,786000000.0,same-quarter mean,measured,6,1825,374833333.3333333,411166666.6666667,0.007454613580873644,,,results/complex-quarterly/D/2015-06-30
DLR,,,Assets,,data_center_reit,2015-06-30,Q2,2015-08-06T23:59:59+00:00,"filing date, end of day",9586009000.0,9408426000.0,177583000.0,same-quarter mean,measured,5,1456,340430200.0,-162847200.0,-0.017308655029013353,,,results/complex-quarterly/DLR/2015-06-30
ETR,,,Assets,,power,2015-06-30,Q2,2015-08-06T23:59:59+00:00,"filing date, end of day",46265651000.0,46377533000.0,-111882000.0,same-quarter mean,measured,6,1798,128823333.33333333,-240705333.3333333,-0.005190128015936797,,,results/complex-quarterly/ETR/2015-06-30
PLUG,,,Assets,,fuel_and_nuclear,2015-06-30,Q2,2015-08-06T23:59:59+00:00,"filing date, end of day",182954000.0,189265958.0,-6311958.0,same-quarter mean,measured,4,1099,29791965.5,-36103923.5,-0.19075761896917565,,,results/complex-quarterly/PLUG/2015-06-30
PRIM,,,Assets,,buildout,2015-06-30,Q2,2015-08-06T23:59:59+00:00,"filing date, end of day",1079593000.0,1081901000.0,-2308000.0,same-quarter mean,measured,4,1098,20027250.0,-22335250.0,-0.020644448983779477,,,results/complex-quarterly/PRIM/2015-06-30
SBAC,,,Assets,,data_center_reit,2015-06-30,Q2,2015-08-06T23:59:59+00:00,"filing date, end of day",7751863000.0,7527299000.0,224564000.0,same-quarter mean,measured,5,1462,532728800.0,-308164800.0,-0.040939625222805684,,,results/complex-quarterly/SBAC/2015-06-30
CCI,,,Assets,,data_center_reit,2015-06-30,Q2,2015-08-07T23:59:59+00:00,"filing date, end of day",21011629000.0,21105477000.0,-93848000.0,same-quarter mean,measured,6,1806,94369166.66666667,-188217166.6666667,-0.00891793000777318,,,results/complex-quarterly/CCI/2015-06-30
DUK,,,Assets,,power,2015-06-30,Q2,2015-08-07T23:59:59+00:00,"filing date, end of day",118575000000.0,122142000000.0,-3567000000.0,same-quarter mean,measured,6,1826,807500000.0,-4374500000.0,-0.035814871215470515,,,results/complex-quarterly/DUK/2015-06-30
LEU,,,Assets,,fuel_and_nuclear,2015-06-30,Q2,2015-08-07T23:59:59+00:00,"filing date, end of day",1030100000.0,1085000000.0,-54900000.0,same-quarter mean,measured,5,1469,33140000.0,-88040000.0,-0.08114285714285714,,,results/complex-quarterly/LEU/2015-06-30
MTZ,,,Assets,,buildout,2015-03-31,Q1,2015-08-07T23:59:59+00:00,"filing date, end of day",3351016000.0,3550800000.0,-199784000.0,same-quarter mean,measured,3,1184,60808000.0,-260592000.0,-0.07338965866846908,,,results/complex-quarterly/MTZ/2015-03-31
PWR,,,Assets,,buildout,2015-06-30,Q2,2015-08-10T23:59:59+00:00,"filing date, end of day",6130510000.0,6140834000.0,-10324000.0,same-quarter mean,measured,6,1824,29717833.333333332,-40041833.33333333,-0.006520585531758932,,,results/complex-quarterly/PWR/2015-06-30
STRL,,,Assets,,buildout,2015-06-30,Q2,2015-08-10T23:59:59+00:00,"filing date, end of day",307318000.0,301001000.0,6317000.0,same-quarter mean,measured,4,1099,28647750.0,-22330750.0,-0.07418829173325006,,,results/complex-quarterly/STRL/2015-06-30
TLN,,,Assets,,power,2015-06-30,Q2,2015-08-12T23:59:59+00:00,"filing date, end of day",12862000000.0,10760000000.0,2102000000.0,,missing,0,,,,,,,results/complex-quarterly/TLN/2015-06-30
WULF,,,Assets,,compute_and_ai,2015-06-30,Q2,2015-08-13T23:59:59+00:00,"filing date, end of day",14644390.0,15149210.0,-504820.0,same-quarter mean,measured,4,1098,-40440.25,-464379.75,-0.030653727158049825,,,results/complex-quarterly/WULF/2015-06-30
MTZ,,,Assets,,buildout,2015-06-30,Q2,2015-08-17T23:59:59+00:00,"filing date, end of day",3356903000.0,3351016000.0,5887000.0,same-quarter mean,measured,4,1458,290237750.0,-284350750.0,-0.0848550857411603,,,results/complex-quarterly/MTZ/2015-06-30
NVDA,,,Assets,,compute_and_ai,2015-07-26,Q3,2015-08-19T23:59:59+00:00,"filing date, end of day",6979000000.0,7291000000.0,-312000000.0,same-quarter mean,measured,6,1826,-75594166.66666667,-236405833.3333333,-0.03242433593928588,,,results/complex-quarterly/NVDA/2015-07-26
DY,,,Assets,,buildout,2014-07-26,Q3,2015-09-04T23:59:59+00:00,"filing date, end of day",1212354000.0,1142776000.0,69578000.0,same-quarter mean,measured,2,361,41081500.0,28496500.0,0.024936207970765924,,,results/complex-quarterly/DY/2014-07-26
AGX,,,Assets,,buildout,2014-07-31,Q3,2015-09-09T23:59:59+00:00,"filing date, end of day",408300000.0,372317000.0,35983000.0,same-quarter mean,measured,3,725,5673333.333333333,30309666.666666668,0.08140822650232643,,,results/complex-quarterly/AGX/2014-07-31
ORCL,,,Assets,,hyperscaler,2015-08-31,Q3,2015-09-18T23:59:59+00:00,"filing date, end of day",109706000000.0,110903000000.0,-1197000000.0,same-quarter mean,measured,6,1828,3644666666.6666665,-4841666666.666666,-0.04365676912857782,,,results/complex-quarterly/ORCL/2015-08-31
AEP,,,Assets,,power,2015-09-30,Q3,2015-10-22T23:59:59+00:00,"filing date, end of day",61099000000.0,60938000000.0,161000000.0,same-quarter mean,measured,6,1819,326000000.0,-165000000.0,-0.0027076700909120744,,,results/complex-quarterly/AEP/2015-09-30
MSFT,,,Assets,,hyperscaler,2015-09-30,Q3,2015-10-22T23:59:59+00:00,"filing date, end of day",172896000000.0,174472000000.0,-1576000000.0,same-quarter mean,measured,6,1826,942666666.6666666,-2518666666.6666665,-0.014435936234276367,,,results/complex-quarterly/MSFT/2015-09-30
AMZN,,,Assets,,hyperscaler,2015-09-30,Q3,2015-10-23T23:59:59+00:00,"filing date, end of day",56230000000.0,52440000000.0,3790000000.0,same-quarter mean,measured,6,1827,1791000000.0,1999000000.0,0.03811975591151792,,,results/complex-quarterly/AMZN/2015-09-30
EIX,,,Assets,,power,2015-09-30,Q3,2015-10-27T23:59:59+00:00,"filing date, end of day",51270000000.0,51239000000.0,31000000.0,same-quarter mean,measured,6,1817,1239666666.6666667,-1208666666.6666667,-0.02358880279995056,,,results/complex-quarterly/EIX/2015-09-30
MSFT,,,Assets,,hyperscaler,2014-06-30,Q2,2015-10-27T23:59:59+00:00,"filing date, end of day",172384000000.0,156119000000.0,16265000000.0,same-quarter mean,measured,4,1099,5441750000.0,10823250000.0,0.06932692369282406,,,results/complex-quarterly/MSFT/2014-06-30
MU,,,Assets,,compute_and_ai,2014-08-28,Q3,2015-10-27T23:59:59+00:00,"filing date, end of day",22416000000.0,20495000000.0,1921000000.0,same-quarter mean,measured,4,1098,2056000000.0,-135000000.0,-0.006586972432300561,,,results/complex-quarterly/MU/2014-08-28
AAPL,,,Assets,,hyperscaler,2014-09-27,Q3,2015-10-28T23:59:59+00:00,"filing date, end of day",231839000000.0,222520000000.0,9319000000.0,same-quarter mean,measured,5,1190,7948800000.0,1370200000.0,0.006157648750674097,,,results/complex-quarterly/AAPL/2014-09-27
PCG,,,Assets,,power,2015-09-30,Q3,2015-10-28T23:59:59+00:00,"filing date, end of day",61989000000.0,61631000000.0,358000000.0,same-quarter mean,measured,6,1825,681666666.6666666,-323666666.6666666,-0.005251686110344902,,,results/complex-quarterly/PCG/2015-09-30
AMT,,,Assets,,data_center_reit,2014-09-30,Q3,2015-10-29T23:59:59+00:00,"filing date, end of day",20596615000.0,20847737000.0,-251122000.0,same-quarter mean,measured,5,1820,957363000.0,-1208485000.0,-0.05796720286715052,,,results/complex-quarterly/AMT/2014-09-30
EME,,,Assets,,buildout,2015-09-30,Q3,2015-10-29T23:59:59+00:00,"filing date, end of day",3483429000.0,3417786000.0,65643000.0,same-quarter mean,measured,5,1456,67534200.0,-1891200.0,-0.0005533406714171104,,,results/complex-quarterly/EME/2015-09-30
FIX,,,Assets,,buildout,2015-09-30,Q3,2015-10-29T23:59:59+00:00,"filing date, end of day",694526000.0,703049000.0,-8523000.0,same-quarter mean,measured,4,1087,-20322500.0,11799500.0,0.016783325202084066,,,results/complex-quarterly/FIX/2015-09-30
EQIX,,,Assets,,data_center_reit,2015-09-30,Q3,2015-10-30T23:59:59+00:00,"filing date, end of day",7705666000.0,7826018000.0,-120352000.0,same-quarter mean,measured,5,1470,272009000.0,-392361000.0,-0.05013545841576138,,,results/complex-quarterly/EQIX/2015-09-30
ETN,,,Assets,,buildout,2015-09-30,Q3,2015-10-30T23:59:59+00:00,"filing date, end of day",32201000000.0,32579000000.0,-378000000.0,same-quarter mean,measured,3,716,-6277407884.0,5899407884.0,0.1810800787010037,,,results/complex-quarterly/ETN/2015-09-30
EXC,,,Assets,,power,2015-09-30,Q3,2015-10-30T23:59:59+00:00,"filing date, end of day",95128000000.0,92213000000.0,2915000000.0,same-quarter mean,measured,5,1468,1595200000.0,1319800000.0,0.014312515588908288,,,results/complex-quarterly/EXC/2015-09-30
IRM,,,Assets,,data_center_reit,2014-09-30,Q3,2015-10-30T23:59:59+00:00,"filing date, end of day",6636339000.0,6735124000.0,-98785000.0,same-quarter mean,measured,5,1453,41103800.0,-139888800.0,-0.020770040759457434,,,results/complex-quarterly/IRM/2014-09-30
NEE,,,Assets,,power,2015-09-30,Q3,2015-10-30T23:59:59+00:00,"filing date, end of day",79963000000.0,77201000000.0,2762000000.0,same-quarter mean,measured,6,1834,1462500000.0,1299500000.0,0.016832683514462248,,,results/complex-quarterly/NEE/2015-09-30
PPL,,,Assets,,power,2015-09-30,Q3,2015-10-30T23:59:59+00:00,"filing date, end of day",39246000000.0,38244000000.0,1002000000.0,same-quarter mean,measured,6,1834,289666666.6666667,712333333.3333333,0.018626015409824632,,,results/complex-quarterly/PPL/2015-09-30
WY,,,Assets,,data_center_reit,2015-09-30,Q3,2015-10-30T23:59:59+00:00,"filing date, end of day",12820000000.0,12883000000.0,-63000000.0,same-quarter mean,measured,6,1820,-339666666.6666667,276666666.6666667,0.02147532924525861,,,results/complex-quarterly/WY/2015-09-30
AMD,,,Assets,,compute_and_ai,2015-09-26,Q3,2015-11-03T23:59:59+00:00,"filing date, end of day",3229000000.0,3381000000.0,-152000000.0,same-quarter mean,measured,5,1457,-55000000.0,-97000000.0,-0.028689736764270925,,,results/complex-quarterly/AMD/2015-09-26
D,,,Assets,,power,2015-09-30,Q3,2015-11-03T23:59:59+00:00,"filing date, end of day",56599000000.0,55942000000.0,657000000.0,same-quarter mean,measured,6,1827,493666666.6666667,163333333.3333333,0.002919690631964058,,,results/complex-quarterly/D/2015-09-30
MTZ,,,Assets,,buildout,2015-09-30,Q3,2015-11-03T23:59:59+00:00,"filing date, end of day",3245786000.0,3356903000.0,-111117000.0,same-quarter mean,measured,4,1366,66779000.0,-177896000.0,-0.05299408413052149,,,results/complex-quarterly/MTZ/2015-09-30
SRE,,,Assets,,power,2015-09-30,Q3,2015-11-03T23:59:59+00:00,"filing date, end of day",40566000000.0,40006000000.0,560000000.0,same-quarter mean,measured,4,1097,631000000.0,-71000000.0,-0.0017747337899315103,,,results/complex-quarterly/SRE/2015-09-30
BWXT,,,Assets,,fuel_and_nuclear,2015-09-30,Q3,2015-11-04T23:59:59+00:00,"filing date, end of day",1410722000.0,1337225000.0,73497000.0,same-quarter mean,measured,4,1094,8621250.0,64875750.0,0.04851520873450616,,,results/complex-quarterly/BWXT/2015-09-30
ETR,,,Assets,,power,2015-09-30,Q3,2015-11-04T23:59:59+00:00,"filing date, end of day",45041605000.0,46265651000.0,-1224046000.0,same-quarter mean,measured,6,1826,365300500.0,-1589346500.0,-0.03435262372078154,,,results/complex-quarterly/ETR/2015-09-30
NRG,,,Assets,,power,2015-09-30,Q3,2015-11-04T23:59:59+00:00,"filing date, end of day",39988000000.0,40365000000.0,-377000000.0,same-quarter mean,measured,6,1829,427333333.3333333,-804333333.3333333,-0.019926503984474996,,,results/complex-quarterly/NRG/2015-09-30
DUK,,,Assets,,power,2015-09-30,Q3,2015-11-05T23:59:59+00:00,"filing date, end of day",121033000000.0,118575000000.0,2458000000.0,same-quarter mean,measured,6,1827,9576000000.0,-7118000000.0,-0.060029517183217376,,,results/complex-quarterly/DUK/2015-09-30
META,,,Assets,,hyperscaler,2015-09-30,Q3,2015-11-05T23:59:59+00:00,"filing date, end of day",46469000000.0,44130000000.0,2339000000.0,same-quarter mean,measured,3,736,1246000000.0,1093000000.0,0.024767731701790165,,,results/complex-quarterly/META/2015-09-30
PRIM,,,Assets,,buildout,2015-09-30,Q3,2015-11-05T23:59:59+00:00,"filing date, end of day",1155989000.0,1079593000.0,76396000.0,same-quarter mean,measured,4,1095,61262750.0,15133250.0,0.014017551058593378,,,results/complex-quarterly/PRIM/2015-09-30
SO,,,Assets,,power,2015-09-30,Q3,2015-11-05T23:59:59+00:00,"filing date, end of day",75215000000.0,74181000000.0,1034000000.0,same-quarter mean,measured,6,1826,459908000.0,574092000.0,0.007739070651514539,,,results/complex-quarterly/SO/2015-09-30
CCI,,,Assets,,data_center_reit,2015-09-30,Q3,2015-11-06T23:59:59+00:00,"filing date, end of day",21995644000.0,21011629000.0,984015000.0,same-quarter mean,measured,6,1827,119343333.33333333,864671666.6666666,0.04115205283068089,,,results/complex-quarterly/CCI/2015-09-30
DLR,,,Assets,,data_center_reit,2015-09-30,Q3,2015-11-06T23:59:59+00:00,"filing date, end of day",9501013000.0,9586009000.0,-84996000.0,same-quarter mean,measured,4,1096,504112500.0,-589108500.0,-0.061455033059117724,,,results/complex-quarterly/DLR/2015-09-30
PWR,,,Assets,,buildout,2015-09-30,Q3,2015-11-06T23:59:59+00:00,"filing date, end of day",5373424000.0,6130510000.0,-757086000.0,same-quarter mean,measured,6,1823,226932833.33333334,-984018833.3333334,-0.16051174100251583,,,results/complex-quarterly/PWR/2015-09-30
FSLR,,,Assets,,fuel_and_nuclear,2014-09-30,Q3,2015-11-09T23:59:59+00:00,"filing date, end of day",6720991000.0,6612015000.0,108976000.0,same-quarter mean,measured,5,1467,413681600.0,-304705600.0,-0.046083622012351756,,,results/complex-quarterly/FSLR/2014-09-30
FSLR,,,Assets,,fuel_and_nuclear,2015-09-30,Q3,2015-11-09T23:59:59+00:00,"filing date, end of day",7060642000.0,6803805000.0,256837000.0,same-quarter mean,measured,5,1467,413681600.0,-156844600.0,-0.02305248313260007,,,results/complex-quarterly/FSLR/2015-09-30
PLUG,,,Assets,,fuel_and_nuclear,2015-09-30,Q3,2015-11-09T23:59:59+00:00,"filing date, end of day",204618000.0,182954000.0,21664000.0,same-quarter mean,measured,4,1101,-4536100.75,26200100.75,0.14320594657673513,,,results/complex-quarterly/PLUG/2015-09-30
SBAC,,,Assets,,data_center_reit,2015-09-30,Q3,2015-11-09T23:59:59+00:00,"filing date, end of day",7396757000.0,7751863000.0,-355106000.0,same-quarter mean,measured,5,1464,50141400.0,-405247400.0,-0.05227742027948636,,,results/complex-quarterly/SBAC/2015-09-30
TLN,,,Assets,,power,2015-09-30,Q3,2015-11-09T23:59:59+00:00,"filing date, end of day",12254000000.0,12862000000.0,-608000000.0,,missing,0,,,,,,,results/complex-quarterly/TLN/2015-09-30
LEU,,,Assets,,fuel_and_nuclear,2015-09-30,Q3,2015-11-12T23:59:59+00:00,"filing date, end of day",860500000.0,1030100000.0,-169600000.0,same-quarter mean,measured,4,1098,25075000.0,-194675000.0,-0.18898650616445006,,,results/complex-quarterly/LEU/2015-09-30
WULF,,,Assets,,compute_and_ai,2015-09-30,Q3,2015-11-12T23:59:59+00:00,"filing date, end of day",15301065.0,14644390.0,656675.0,same-quarter mean,measured,4,1096,522885.0,133790.0,0.009135921673760396,,,results/complex-quarterly/WULF/2015-09-30
SMCI,,,Assets,,compute_and_ai,2014-06-30,Q2,2015-11-16T23:59:59+00:00,"filing date, end of day",796325000.0,750541000.0,45784000.0,same-quarter mean,measured,2,369,32595000.0,13189000.0,0.01757265758965866,,,results/complex-quarterly/SMCI/2014-06-30
SMCI,,,Assets,,compute_and_ai,2015-09-30,Q3,2015-11-16T23:59:59+00:00,"filing date, end of day",1081987000.0,1089809000.0,-7822000.0,same-quarter mean,measured,4,1095,9123250.0,-16945250.0,-0.015548825528143006,,,results/complex-quarterly/SMCI/2015-09-30
STRL,,,Assets,,buildout,2015-09-30,Q3,2015-11-16T23:59:59+00:00,"filing date, end of day",290674000.0,307318000.0,-16644000.0,same-quarter mean,measured,4,1098,20235500.0,-36879500.0,-0.12000436030431019,,,results/complex-quarterly/STRL/2015-09-30
ROK,,,Assets,,buildout,2013-09-30,Q3,2015-11-17T23:59:59+00:00,"filing date, end of day",5844600000.0,5771300000.0,73300000.0,same-quarter mean,measured,4,1100,121700000.0,-48400000.0,-0.008386325437942925,,,results/complex-quarterly/ROK/2013-09-30
NVDA,,,Assets,,compute_and_ai,2015-10-25,Q4,2015-11-18T23:59:59+00:00,"filing date, end of day",7174000000.0,6979000000.0,195000000.0,same-quarter mean,measured,6,1826,141881500.0,53118500.0,0.007611190715002149,,,results/complex-quarterly/NVDA/2015-10-25
J,,,Assets,,buildout,2014-09-26,Q3,2015-11-24T23:59:59+00:00,"filing date, end of day",8453659000.0,8332579000.0,121080000.0,same-quarter mean,measured,6,1943,192138000.0,-71058000.0,-0.00852773193029433,,,results/complex-quarterly/J/2014-09-26
DY,,,Assets,,buildout,2015-10-24,Q4,2015-11-25T23:59:59+00:00,"filing date, end of day",1531482000.0,1353923000.0,177559000.0,same-quarter mean,measured,4,1099,33590750.0,143968250.0,0.10633414898779325,,,results/complex-quarterly/DY/2015-10-24
AGX,,,Assets,,buildout,2014-10-31,Q4,2015-12-10T23:59:59+00:00,"filing date, end of day",414378000.0,408300000.0,6078000.0,same-quarter mean,measured,3,725,35632333.333333336,-29554333.333333336,-0.07238386807086293,,,results/complex-quarterly/AGX/2014-10-31
ORCL,,,Assets,,hyperscaler,2015-11-30,Q4,2015-12-18T23:59:59+00:00,"filing date, end of day",106483000000.0,109706000000.0,-3223000000.0,same-quarter mean,measured,6,1823,397333333.3333333,-3620333333.3333335,-0.03300032207293433,,,results/complex-quarterly/ORCL/2015-11-30
MU,,,Assets,,compute_and_ai,2015-12-03,Q4,2016-01-08T23:59:59+00:00,"filing date, end of day",24388000000.0,24143000000.0,245000000.0,same-quarter mean,measured,6,1823,31833333.333333332,213166666.66666666,0.008829336315564207,,,results/complex-quarterly/MU/2015-12-03
AAPL,,,Assets,,hyperscaler,2015-12-26,Q4,2016-01-27T23:59:59+00:00,"filing date, end of day",293284000000.0,290345000000.0,2939000000.0,same-quarter mean,measured,6,1829,18092833333.333332,-15153833333.333332,-0.05219250661569282,,,results/complex-quarterly/AAPL/2015-12-26
META,,,Assets,,hyperscaler,2014-12-31,Q4,2016-01-28T23:59:59+00:00,"filing date, end of day",39966000000.0,24188000000.0,15778000000.0,same-quarter mean,measured,2,363,1013500000.0,14764500000.0,0.6104059864395568,,,results/complex-quarterly/META/2014-12-31
MSFT,,,Assets,,hyperscaler,2015-12-31,Q4,2016-01-28T23:59:59+00:00,"filing date, end of day",180098000000.0,172896000000.0,7202000000.0,same-quarter mean,measured,6,1824,4878666666.666667,2323333333.333333,0.013437750632364734,,,results/complex-quarterly/MSFT/2015-12-31
AMZN,,,Assets,,hyperscaler,2013-12-31,Q4,2016-01-29T23:59:59+00:00,"filing date, end of day",40159000000.0,31861000000.0,8298000000.0,same-quarter mean,measured,4,1099,6355250000.0,1942750000.0,0.0609758011361853,,,results/complex-quarterly/AMZN/2013-12-31
J,,,Assets,,buildout,2016-01-01,Q1,2016-02-03T23:59:59+00:00,"filing date, end of day",7615851000.0,7785926000.0,-170075000.0,same-quarter mean,measured,5,1919,-24794200.0,-145280800.0,-0.018659411867002075,,,results/complex-quarterly/J/2016-01-01
ROK,,,Assets,,buildout,2015-12-31,Q4,2016-02-03T23:59:59+00:00,"filing date, end of day",6419700000.0,6404700000.0,15000000.0,same-quarter mean,measured,6,1823,44400000.0,-29400000.0,-0.004590378940465595,,,results/complex-quarterly/ROK/2015-12-31
SMCI,,,Assets,,compute_and_ai,2015-12-31,Q4,2016-02-04T23:59:59+00:00,"filing date, end of day",1192638000.0,1081987000.0,110651000.0,same-quarter mean,measured,4,1099,52134500.0,58516500.0,0.054082442765023976,,,results/complex-quarterly/SMCI/2015-12-31
EXC,,,Assets,,power,2014-12-31,Q4,2016-02-10T23:59:59+00:00,"filing date, end of day",86416000000.0,85264000000.0,1152000000.0,same-quarter mean,measured,5,1464,508000000.0,644000000.0,0.007553011822105461,,,results/complex-quarterly/EXC/2014-12-31
WY,,,Assets,,data_center_reit,2013-12-31,Q4,2016-02-17T23:59:59+00:00,"filing date, end of day",14372000000.0,15609000000.0,-1237000000.0,same-quarter mean,measured,4,1087,-162750000.0,-1074250000.0,-0.06882247421359472,,,results/complex-quarterly/WY/2013-12-31
AMD,,,Assets,,compute_and_ai,2014-12-27,Q4,2016-02-18T23:59:59+00:00,"filing date, end of day",3767000000.0,4325000000.0,-558000000.0,same-quarter mean,measured,5,1198,-98600000.0,-459400000.0,-0.10621965317919076,,,results/complex-quarterly/AMD/2014-12-27
PCG,,,Assets,,power,2014-12-31,Q4,2016-02-18T23:59:59+00:00,"filing date, end of day",60127000000.0,57884000000.0,2243000000.0,same-quarter mean,measured,5,1454,1074200000.0,1168800000.0,0.020192108354640314,,,results/complex-quarterly/PCG/2014-12-31
PPL,,,Assets,,power,2014-12-31,Q4,2016-02-19T23:59:59+00:00,"filing date, end of day",48606000000.0,48189000000.0,417000000.0,same-quarter mean,measured,5,1456,1937400000.0,-1520400000.0,-0.03155076884766233,,,results/complex-quarterly/PPL/2014-12-31
CCI,,,Assets,,data_center_reit,2014-12-31,Q4,2016-02-22T23:59:59+00:00,"filing date, end of day",21143276000.0,20784860000.0,358416000.0,same-quarter mean,measured,5,1463,1754236200.0,-1395820200.0,-0.06715562192865383,,,results/complex-quarterly/CCI/2014-12-31
NEE,,,Assets,,power,2013-12-31,Q4,2016-02-22T23:59:59+00:00,"filing date, end of day",69007000000.0,67166000000.0,1841000000.0,same-quarter mean,measured,4,1453,1074000000.0,767000000.0,0.01141946818330703,,,results/complex-quarterly/NEE/2013-12-31
EIX,,,Assets,,power,2014-12-31,Q4,2016-02-23T23:59:59+00:00,"filing date, end of day",49734000000.0,49475000000.0,259000000.0,same-quarter mean,measured,5,1091,-1440000000.0,1699000000.0,0.03434057604850935,,,results/complex-quarterly/EIX/2014-12-31
FIX,,,Assets,,buildout,2014-12-31,Q4,2016-02-23T23:59:59+00:00,"filing date, end of day",655942000.0,656406000.0,-464000.0,same-quarter mean,measured,3,728,8243333.333333333,-8707333.333333332,-0.013265164141298727,,,results/complex-quarterly/FIX/2014-12-31
AEP,,,Assets,,power,2013-12-31,Q4,2016-02-24T23:59:59+00:00,"filing date, end of day",56321000000.0,54963000000.0,1358000000.0,same-quarter mean,measured,4,1096,819500000.0,538500000.0,0.009797500136455434,,,results/complex-quarterly/AEP/2013-12-31
BWXT,,,Assets,,fuel_and_nuclear,2014-12-31,Q4,2016-02-24T23:59:59+00:00,"filing date, end of day",2856936000.0,2656770000.0,200166000.0,same-quarter mean,measured,4,728,11654250.0,188511750.0,0.0709552388802945,,,results/complex-quarterly/BWXT/2014-12-31
ETN,,,Assets,,buildout,2013-12-31,Q4,2016-02-24T23:59:59+00:00,"filing date, end of day",35491000000.0,35312000000.0,179000000.0,same-quarter mean,measured,2,365,18213111826.0,-18034111826.0,-0.5107077431468057,,,results/complex-quarterly/ETN/2013-12-31
FSLR,,,Assets,,fuel_and_nuclear,2014-12-31,Q4,2016-02-24T23:59:59+00:00,"filing date, end of day",6720991000.0,6720991000.0,0.0,same-quarter mean,measured,5,1092,167025800.0,-167025800.0,-0.024851364925202252,,,results/complex-quarterly/FSLR/2014-12-31
DUK,,,Assets,,power,2013-12-31,Q4,2016-02-25T23:59:59+00:00,"filing date, end of day",114779000000.0,114590000000.0,189000000.0,same-quarter mean,measured,4,1098,1524250000.0,-1335250000.0,-0.011652412950519242,,,results/complex-quarterly/DUK/2013-12-31
EME,,,Assets,,buildout,2013-12-31,Q4,2016-02-25T23:59:59+00:00,"filing date, end of day",3465915000.0,3506759000.0,-40844000.0,same-quarter mean,measured,3,730,98842666.66666667,-139686666.6666667,-0.0398335519112282,,,results/complex-quarterly/EME/2013-12-31
AMT,,,Assets,,data_center_reit,2013-12-31,Q4,2016-02-26T23:59:59+00:00,"filing date, end of day",20213937000.0,18181320000.0,2032617000.0,same-quarter mean,measured,4,1457,880349250.0,1152267750.0,0.06337646276507976,,,results/complex-quarterly/AMT/2013-12-31
D,,,Assets,,power,2014-12-31,Q4,2016-02-26T23:59:59+00:00,"filing date, end of day",54327000000.0,52279000000.0,2048000000.0,same-quarter mean,measured,5,1460,839800000.0,1208200000.0,0.023110618030184205,,,results/complex-quarterly/D/2014-12-31
DY,,,Assets,,buildout,2016-01-23,Q1,2016-02-26T23:59:59+00:00,"filing date, end of day",1503541000.0,1531482000.0,-27941000.0,same-quarter mean,measured,4,1092,30116250.0,-58057250.0,-0.03790919514561712,,,results/complex-quarterly/DY/2016-01-23
EQIX,,,Assets,,data_center_reit,2014-12-31,Q4,2016-02-26T23:59:59+00:00,"filing date, end of day",7781978000.0,7462000000.0,319978000.0,same-quarter mean,measured,4,1102,67474250.0,252503750.0,0.03383861565264004,,,results/complex-quarterly/EQIX/2014-12-31
ETR,,,Assets,,power,2014-12-31,Q4,2016-02-26T23:59:59+00:00,"filing date, end of day",46414455000.0,44541649000.0,1872806000.0,same-quarter mean,measured,5,1094,842006000.0,1030800000.0,0.023142385231404432,,,results/complex-quarterly/ETR/2014-12-31
IRM,,,Assets,,data_center_reit,2013-12-31,Q4,2016-02-26T23:59:59+00:00,"filing date, end of day",6607398000.0,6380779000.0,226619000.0,same-quarter mean,measured,4,1164,-30767500.0,257386500.0,0.040337786342388604,,,results/complex-quarterly/IRM/2013-12-31
MTZ,,,Assets,,buildout,2013-12-31,Q4,2016-02-26T23:59:59+00:00,"filing date, end of day",2923200000.0,2954338000.0,-31138000.0,same-quarter mean,measured,2,519,115374000.0,-146512000.0,-0.04959215905559892,,,results/complex-quarterly/MTZ/2013-12-31
SBAC,,,Assets,,data_center_reit,2014-12-31,Q4,2016-02-26T23:59:59+00:00,"filing date, end of day",7841125000.0,7808992000.0,32133000.0,same-quarter mean,measured,4,1099,48138500.0,-16005500.0,-0.0020496243305153854,,,results/complex-quarterly/SBAC/2014-12-31
SO,,,Assets,,power,2013-12-31,Q4,2016-02-26T23:59:59+00:00,"filing date, end of day",64264000000.0,64697000000.0,-433000000.0,same-quarter mean,measured,4,1102,1192253250.0,-1625253250.0,-0.02512099865526995,,,results/complex-quarterly/SO/2013-12-31
SRE,,,Assets,,power,2013-12-31,Q4,2016-02-26T23:59:59+00:00,"filing date, end of day",37165000000.0,36901000000.0,264000000.0,same-quarter mean,measured,3,730,1153666666.6666667,-889666666.6666667,-0.024109554393286544,,,results/complex-quarterly/SRE/2013-12-31
NRG,,,Assets,,power,2014-12-31,Q4,2016-02-29T23:59:59+00:00,"filing date, end of day",40466000000.0,40069000000.0,397000000.0,same-quarter mean,measured,5,1466,1168600000.0,-771600000.0,-0.01925678205096209,,,results/complex-quarterly/NRG/2014-12-31
PRIM,,,Assets,,buildout,2014-12-31,Q4,2016-02-29T23:59:59+00:00,"filing date, end of day",1097632000.0,1138565000.0,-40933000.0,same-quarter mean,measured,3,739,68441333.33333333,-109374333.33333333,-0.09606331947085439,,,results/complex-quarterly/PRIM/2014-12-31
PWR,,,Assets,,buildout,2014-12-31,Q4,2016-02-29T23:59:59+00:00,"filing date, end of day",6253583000.0,6229289000.0,24294000.0,same-quarter mean,measured,5,1462,222404400.0,-198110400.0,-0.031803051680536897,,,results/complex-quarterly/PWR/2014-12-31
WULF,,,Assets,,compute_and_ai,2014-12-31,Q4,2016-03-02T23:59:59+00:00,"filing date, end of day",14627962.0,15043435.0,-415473.0,same-quarter mean,measured,3,730,-419382.6666666667,3909.666666666686,0.0002598918841784929,,,results/complex-quarterly/WULF/2014-12-31
STRL,,,Assets,,buildout,2014-12-31,Q4,2016-03-14T23:59:59+00:00,"filing date, end of day",306451000.0,335068000.0,-28617000.0,same-quarter mean,measured,3,728,-75022666.66666667,46405666.66666667,0.13849626543467794,,,results/complex-quarterly/STRL/2014-12-31
PLUG,,,Assets,,fuel_and_nuclear,2014-12-31,Q4,2016-03-15T23:59:59+00:00,"filing date, end of day",204151000.0,211807521.0,-7656521.0,same-quarter mean,measured,3,715,-2813130.3333333335,-4843390.666666666,-0.022866943741184084,,,results/complex-quarterly/PLUG/2014-12-31
NVDA,,,Assets,,compute_and_ai,2015-01-25,Q1,2016-03-17T23:59:59+00:00,"filing date, end of day",7201000000.0,6885869000.0,315131000.0,same-quarter mean,measured,5,1457,608503600.0,-293372600.0,-0.042605021966000224,,,results/complex-quarterly/NVDA/2015-01-25
ORCL,,,Assets,,hyperscaler,2016-02-29,Q1,2016-03-18T23:59:59+00:00,"filing date, end of day",104894000000.0,106483000000.0,-1589000000.0,same-quarter mean,measured,6,1816,1509166666.6666667,-3098166666.666667,-0.02909541116109301,,,results/complex-quarterly/ORCL/2016-02-29
NBIS,,,Assets,,compute_and_ai,2015-12-31,Q4,2016-03-22T23:59:59+00:00,"filing date, end of day",1534200000.0,1687300000.0,-153100000.0,same-quarter mean,measured,3,751,209633333.33333334,-362733333.3333334,-0.2149785653608329,,,results/complex-quarterly/NBIS/2015-12-31
LEU,,,Assets,,fuel_and_nuclear,2014-12-31,Q4,2016-03-23T23:59:59+00:00,"filing date, end of day",1157700000.0,807700000.0,350000000.0,same-quarter mean,measured,4,1097,-460475000.0,810475000.0,1.0034356815649375,,,results/complex-quarterly/LEU/2014-12-31
MU,,,Assets,,compute_and_ai,2016-03-03,Q1,2016-04-08T23:59:59+00:00,"filing date, end of day",24819000000.0,24388000000.0,431000000.0,same-quarter mean,measured,5,1459,330200000.0,100800000.0,0.0041331802525832375,,,results/complex-quarterly/MU/2016-03-03
AGX,,,Assets,,buildout,2014-01-31,Q1,2016-04-15T23:59:59+00:00,"filing date, end of day",323306000.0,260448000.0,62858000.0,same-quarter mean,measured,2,366,-2155000.0,65013000.0,0.24961988573534832,,,results/complex-quarterly/AGX/2014-01-31
MSFT,,,Assets,,hyperscaler,2016-03-31,Q1,2016-04-21T23:59:59+00:00,"filing date, end of day",181869000000.0,180098000000.0,1771000000.0,same-quarter mean,measured,6,1827,4305833333.333333,-2534833333.333333,-0.014074744490962326,,,results/complex-quarterly/MSFT/2016-03-31
AAPL,,,Assets,,hyperscaler,2016-03-26,Q1,2016-04-27T23:59:59+00:00,"filing date, end of day",305277000000.0,293284000000.0,11993000000.0,same-quarter mean,measured,6,1833,384333333.3333333,11608666666.666666,0.03958165691502662,,,results/complex-quarterly/AAPL/2016-03-26
FIX,,,Assets,,buildout,2016-03-31,Q1,2016-04-27T23:59:59+00:00,"filing date, end of day",708969000.0,691594000.0,17375000.0,same-quarter mean,measured,4,1092,-1296000.0,18671000.0,0.026997053184382745,,,results/complex-quarterly/FIX/2016-03-31
AEP,,,Assets,,power,2016-03-31,Q1,2016-04-28T23:59:59+00:00,"filing date, end of day",62486500000.0,61683100000.0,803400000.0,same-quarter mean,measured,6,1819,575733333.3333334,227666666.66666663,0.003690908314703162,,,results/complex-quarterly/AEP/2016-03-31
AMD,,,Assets,,compute_and_ai,2016-03-26,Q1,2016-04-28T23:59:59+00:00,"filing date, end of day",2981000000.0,3084000000.0,-103000000.0,same-quarter mean,measured,4,1085,-184250000.0,81250000.0,0.026345654993514916,,,results/complex-quarterly/AMD/2016-03-26
EME,,,Assets,,buildout,2016-03-31,Q1,2016-04-28T23:59:59+00:00,"filing date, end of day",3449659000.0,3506706000.0,-57047000.0,same-quarter mean,measured,5,1463,-58874000.0,1827000.0,0.0005210017606266394,,,results/complex-quarterly/EME/2016-03-31
FSLR,,,Assets,,fuel_and_nuclear,2016-03-31,Q1,2016-04-28T23:59:59+00:00,"filing date, end of day",7577789000.0,7316331000.0,261458000.0,same-quarter mean,measured,6,1457,-72375833.33333333,333833833.3333333,0.0456285853296322,,,results/complex-quarterly/FSLR/2016-03-31
IRM,,,Assets,,data_center_reit,2015-03-31,Q1,2016-04-28T23:59:59+00:00,"filing date, end of day",6326393000.0,6523265000.0,-196872000.0,same-quarter mean,measured,5,1816,8631400.0,-205503400.0,-0.031503150646187146,,,results/complex-quarterly/IRM/2015-03-31
IRM,,,Assets,,data_center_reit,2016-03-31,Q1,2016-04-28T23:59:59+00:00,"filing date, end of day",6422309000.0,6350587000.0,71722000.0,same-quarter mean,measured,5,1816,8631400.0,63090600.0,0.009934609194394156,,,results/complex-quarterly/IRM/2016-03-31
AMT,,,Assets,,data_center_reit,2015-03-31,Q1,2016-04-29T23:59:59+00:00,"filing date, end of day",25930194000.0,21263565000.0,4666629000.0,same-quarter mean,measured,5,1820,303315400.0,4363313600.0,0.2052014137798624,,,results/complex-quarterly/AMT/2015-03-31
AMZN,,,Assets,,hyperscaler,2016-03-31,Q1,2016-04-29T23:59:59+00:00,"filing date, end of day",61128000000.0,64747000000.0,-3619000000.0,same-quarter mean,measured,6,1827,-3504666666.6666665,-114333333.33333349,-0.001765847581097711,,,results/complex-quarterly/AMZN/2016-03-31
ETN,,,Assets,,buildout,2016-03-31,Q1,2016-04-29T23:59:59+00:00,"filing date, end of day",31583000000.0,31059000000.0,524000000.0,same-quarter mean,measured,3,726,-617666666.6666666,1141666666.6666665,0.036757998218444464,,,results/complex-quarterly/ETN/2016-03-31
NEE,,,Assets,,power,2016-03-31,Q1,2016-04-29T23:59:59+00:00,"filing date, end of day",84637000000.0,82479000000.0,2158000000.0,same-quarter mean,measured,6,1824,969666666.6666666,1188333333.3333335,0.014407707820576553,,,results/complex-quarterly/NEE/2016-03-31
PPL,,,Assets,,power,2016-03-31,Q1,2016-04-29T23:59:59+00:00,"filing date, end of day",38709000000.0,39301000000.0,-592000000.0,same-quarter mean,measured,6,1827,974000000.0,-1566000000.0,-0.039846314343146484,,,results/complex-quarterly/PPL/2016-03-31
BWXT,,,Assets,,fuel_and_nuclear,2016-03-31,Q1,2016-05-02T23:59:59+00:00,"filing date, end of day",1365712000.0,1375398000.0,-9686000.0,same-quarter mean,measured,4,1092,-79475500.0,69789500.0,0.0507413126963977,,,results/complex-quarterly/BWXT/2016-03-31
EIX,,,Assets,,power,2016-03-31,Q1,2016-05-02T23:59:59+00:00,"filing date, end of day",50459000000.0,50229000000.0,230000000.0,same-quarter mean,measured,6,1817,872666666.6666666,-642666666.6666666,-0.012794733454113492,,,results/complex-quarterly/EIX/2016-03-31
STRL,,,Assets,,buildout,2016-03-31,Q1,2016-05-02T23:59:59+00:00,"filing date, end of day",284007000.0,266165000.0,17842000.0,same-quarter mean,measured,4,1097,-1994500.0,19836500.0,0.07452707906749573,,,results/complex-quarterly/STRL/2016-03-31
PCG,,,Assets,,power,2016-03-31,Q1,2016-05-04T23:59:59+00:00,"filing date, end of day",64650000000.0,63234000000.0,1416000000.0,same-quarter mean,measured,6,1818,447000000.0,969000000.0,0.015324034538381251,,,results/complex-quarterly/PCG/2016-03-31
ROK,,,Assets,,buildout,2016-03-31,Q1,2016-05-04T23:59:59+00:00,"filing date, end of day",6539600000.0,6419700000.0,119900000.0,same-quarter mean,measured,6,1827,155900000.0,-36000000.0,-0.005607738679377541,,,results/complex-quarterly/ROK/2016-03-31
SRE,,,Assets,,power,2016-03-31,Q1,2016-05-04T23:59:59+00:00,"filing date, end of day",41835000000.0,41150000000.0,685000000.0,same-quarter mean,measured,5,1457,450800000.0,234200000.0,0.005691373025516404,,,results/complex-quarterly/SRE/2016-03-31
D,,,Assets,,power,2016-03-31,Q1,2016-05-05T23:59:59+00:00,"filing date, end of day",59505000000.0,58648000000.0,857000000.0,same-quarter mean,measured,6,1832,274166666.6666667,582833333.3333333,0.009937821124903377,,,results/complex-quarterly/D/2016-03-31
DUK,,,Assets,,power,2015-03-31,Q1,2016-05-05T23:59:59+00:00,"filing date, end of day",122142000000.0,120557000000.0,1585000000.0,same-quarter mean,measured,4,1096,-502000000.0,2087000000.0,0.01731131332066989,,,results/complex-quarterly/DUK/2015-03-31
DUK,,,Assets,,power,2016-03-31,Q1,2016-05-05T23:59:59+00:00,"filing date, end of day",121709000000.0,121156000000.0,553000000.0,same-quarter mean,measured,4,1096,-502000000.0,1055000000.0,0.008707781702928456,,,results/complex-quarterly/DUK/2016-03-31
J,,,Assets,,buildout,2016-04-01,Q2,2016-05-05T23:59:59+00:00,"filing date, end of day",7716805000.0,7615851000.0,100954000.0,same-quarter mean,measured,7,2192,185951000.0,-84997000.0,-0.011160538723774927,,,results/complex-quarterly/J/2016-04-01
MTZ,,,Assets,,buildout,2016-03-31,Q1,2016-05-05T23:59:59+00:00,"filing date, end of day",2986628000.0,2927300000.0,59328000.0,same-quarter mean,measured,4,1191,-4340000.0,63668000.0,0.02174973525091381,,,results/complex-quarterly/MTZ/2016-03-31
NRG,,,Assets,,power,2016-03-31,Q1,2016-05-05T23:59:59+00:00,"filing date, end of day",32680000000.0,32882000000.0,-202000000.0,same-quarter mean,measured,6,1824,381333333.3333333,-583333333.3333333,-0.017740202339679254,,,results/complex-quarterly/NRG/2016-03-31
SO,,,Assets,,power,2016-03-31,Q1,2016-05-05T23:59:59+00:00,"filing date, end of day",78735000000.0,78318000000.0,417000000.0,same-quarter mean,measured,6,1826,534007500.0,-117007500.0,-0.0014940052095303762,,,results/complex-quarterly/SO/2016-03-31
DLR,,,Assets,,data_center_reit,2016-03-31,Q1,2016-05-06T23:59:59+00:00,"filing date, end of day",11421975000.0,11416063000.0,5912000.0,same-quarter mean,measured,4,1096,132994750.0,-127082750.0,-0.01113192437708166,,,results/complex-quarterly/DLR/2016-03-31
ETR,,,Assets,,power,2016-03-31,Q1,2016-05-06T23:59:59+00:00,"filing date, end of day",45933882000.0,44647681000.0,1286201000.0,same-quarter mean,measured,6,1826,118856000.0,1167345000.0,0.026145702841766854,,,results/complex-quarterly/ETR/2016-03-31
PRIM,,,Assets,,buildout,2016-03-31,Q1,2016-05-06T23:59:59+00:00,"filing date, end of day",1115398000.0,1132254000.0,-16856000.0,same-quarter mean,measured,4,1092,-27966500.0,11110500.0,0.009812727532868066,,,results/complex-quarterly/PRIM/2016-03-31
SMCI,,,Assets,,compute_and_ai,2016-03-31,Q1,2016-05-06T23:59:59+00:00,"filing date, end of day",1181113000.0,1192638000.0,-11525000.0,same-quarter mean,measured,4,1095,35084000.0,-46609000.0,-0.03908059276997714,,,results/complex-quarterly/SMCI/2016-03-31
CCI,,,Assets,,data_center_reit,2016-03-31,Q1,2016-05-09T23:59:59+00:00,"filing date, end of day",21718251000.0,21936966000.0,-218715000.0,same-quarter mean,measured,6,1824,55313833.333333336,-274028833.3333333,-0.012491646900183614,,,results/complex-quarterly/CCI/2016-03-31
EQIX,,,Assets,,data_center_reit,2016-03-31,Q1,2016-05-09T23:59:59+00:00,"filing date, end of day",13495835000.0,10356695000.0,3139140000.0,same-quarter mean,measured,5,1463,392923200.0,2746216800.0,0.26516343292913425,,,results/complex-quarterly/EQIX/2016-03-31
EXC,,,Assets,,power,2016-03-31,Q1,2016-05-10T23:59:59+00:00,"filing date, end of day",111742000000.0,95384000000.0,16358000000.0,same-quarter mean,measured,6,1832,5426333333.333333,10931666666.666668,0.11460692219519697,,,results/complex-quarterly/EXC/2016-03-31
LEU,,,Assets,,fuel_and_nuclear,2016-03-31,Q1,2016-05-10T23:59:59+00:00,"filing date, end of day",694900000.0,820100000.0,-125200000.0,same-quarter mean,measured,5,1464,-244240000.0,119040000.0,0.14515303011827826,,,results/complex-quarterly/LEU/2016-03-31
PLUG,,,Assets,,fuel_and_nuclear,2016-03-31,Q1,2016-05-10T23:59:59+00:00,"filing date, end of day",222169000.0,209456000.0,12713000.0,same-quarter mean,measured,4,1091,11290371.5,1422628.5,0.006792015984263998,,,results/complex-quarterly/PLUG/2016-03-31
PWR,,,Assets,,buildout,2016-03-31,Q1,2016-05-10T23:59:59+00:00,"filing date, end of day",5295519000.0,5213543000.0,81976000.0,same-quarter mean,measured,6,1824,-15590833.333333334,97566833.33333333,0.018714113096090956,,,results/complex-quarterly/PWR/2016-03-31
SBAC,,,Assets,,data_center_reit,2016-03-31,Q1,2016-05-10T23:59:59+00:00,"filing date, end of day",7371644000.0,7312980000.0,58664000.0,same-quarter mean,measured,5,1463,214923000.0,-156259000.0,-0.021367349562011657,,,results/complex-quarterly/SBAC/2016-03-31
TLN,,,Assets,,power,2016-03-31,Q1,2016-05-10T23:59:59+00:00,"filing date, end of day",12595000000.0,12809000000.0,-214000000.0,,missing,0,,,,,,,results/complex-quarterly/TLN/2016-03-31
WULF,,,Assets,,compute_and_ai,2016-03-31,Q1,2016-05-12T23:59:59+00:00,"filing date, end of day",14875460.0,15015317.0,-139857.0,same-quarter mean,measured,4,1095,437780.25,-577637.25,-0.03846986713633818,,,results/complex-quarterly/WULF/2016-03-31
NVDA,,,Assets,,compute_and_ai,2016-05-01,Q2,2016-05-25T23:59:59+00:00,"filing date, end of day",7108000000.0,7370000000.0,-262000000.0,same-quarter mean,measured,6,1825,30816666.666666668,-292816666.6666667,-0.03973089099954772,,,results/complex-quarterly/NVDA/2016-05-01
DY,,,Assets,,buildout,2016-04-23,Q2,2016-05-27T23:59:59+00:00,"filing date, end of day",1599286000.0,1503541000.0,95745000.0,same-quarter mean,measured,4,1093,31448000.0,64297000.0,0.04276371578826251,,,results/complex-quarterly/DY/2016-04-23
AGX,,,Assets,,buildout,2015-04-30,Q2,2016-06-08T23:59:59+00:00,"filing date, end of day",399872000.0,391193000.0,8679000.0,same-quarter mean,measured,3,732,19770000.0,-11091000.0,-0.02835173431017426,,,results/complex-quarterly/AGX/2015-04-30
ORCL,,,Assets,,hyperscaler,2015-05-31,Q2,2016-06-22T23:59:59+00:00,"filing date, end of day",110903000000.0,98816000000.0,12087000000.0,same-quarter mean,measured,5,1458,3618600000.0,8468400000.0,0.08569867227979275,,,results/complex-quarterly/ORCL/2015-05-31
MU,,,Assets,,compute_and_ai,2016-06-02,Q2,2016-07-06T23:59:59+00:00,"filing date, end of day",27001000000.0,24819000000.0,2182000000.0,same-quarter mean,measured,5,1459,338000000.0,1844000000.0,0.07429791691848987,,,results/complex-quarterly/MU/2016-06-02
AMD,,,Assets,,compute_and_ai,2016-06-25,Q2,2016-07-26T23:59:59+00:00,"filing date, end of day",3316000000.0,2981000000.0,335000000.0,same-quarter mean,measured,6,1821,-605666666.6666666,940666666.6666666,0.3155540646315554,,,results/complex-quarterly/AMD/2016-06-25
AAPL,,,Assets,,hyperscaler,2016-06-25,Q2,2016-07-27T23:59:59+00:00,"filing date, end of day",305602000000.0,305277000000.0,325000000.0,same-quarter mean,measured,7,2191,11007714285.714285,-10682714285.714285,-0.034993511747410666,,,results/complex-quarterly/AAPL/2016-06-25
AEP,,,Assets,,power,2016-06-30,Q2,2016-07-28T23:59:59+00:00,"filing date, end of day",63317100000.0,62486500000.0,830600000.0,same-quarter mean,measured,7,2179,588142857.1428572,242457142.8571428,0.0038801523986323897,,,results/complex-quarterly/AEP/2016-06-30
AMT,,,Assets,,data_center_reit,2015-06-30,Q2,2016-07-28T23:59:59+00:00,"filing date, end of day",26469725000.0,25930194000.0,539531000.0,same-quarter mean,measured,6,2183,129777666.66666667,409753333.3333333,0.015802169985050376,,,results/complex-quarterly/AMT/2015-06-30
EIX,,,Assets,,power,2016-06-30,Q2,2016-07-28T23:59:59+00:00,"filing date, end of day",51197000000.0,50459000000.0,738000000.0,same-quarter mean,measured,7,2183,127285714.28571428,610714285.7142857,0.012103178535331372,,,results/complex-quarterly/EIX/2016-06-30
EME,,,Assets,,buildout,2016-06-30,Q2,2016-07-28T23:59:59+00:00,"filing date, end of day",3800366000.0,3449659000.0,350707000.0,same-quarter mean,measured,6,1827,31287833.333333332,319419166.6666667,0.09259441778641503,,,results/complex-quarterly/EME/2016-06-30
FIX,,,Assets,,buildout,2016-06-30,Q2,2016-07-28T23:59:59+00:00,"filing date, end of day",729013000.0,708969000.0,20044000.0,same-quarter mean,measured,5,1458,25047400.0,-5003400.0,-0.007057290234128714,,,results/complex-quarterly/FIX/2016-06-30
MSFT,,,Assets,,hyperscaler,2015-06-30,Q2,2016-07-28T23:59:59+00:00,"filing date, end of day",174472000000.0,176683000000.0,-2211000000.0,same-quarter mean,measured,5,1552,7606400000.0,-9817400000.0,-0.05556505153297148,,,results/complex-quarterly/MSFT/2015-06-30
NEE,,,Assets,,power,2016-06-30,Q2,2016-07-28T23:59:59+00:00,"filing date, end of day",85420000000.0,84637000000.0,783000000.0,same-quarter mean,measured,7,2194,1319714285.7142856,-536714285.7142856,-0.006341367081941534,,,results/complex-quarterly/NEE/2016-06-30
PCG,,,Assets,,power,2016-06-30,Q2,2016-07-28T23:59:59+00:00,"filing date, end of day",65927000000.0,64650000000.0,1277000000.0,same-quarter mean,measured,7,2184,912142857.1428572,364857142.8571428,0.0056435752955474525,,,results/complex-quarterly/PCG/2016-06-30
AMZN,,,Assets,,hyperscaler,2016-06-30,Q2,2016-07-29T23:59:59+00:00,"filing date, end of day",65076000000.0,61128000000.0,3948000000.0,same-quarter mean,measured,7,2191,943285714.2857143,3004714285.714286,0.04915446744068652,,,results/complex-quarterly/AMZN/2016-06-30
STRL,,,Assets,,buildout,2016-06-30,Q2,2016-08-01T23:59:59+00:00,"filing date, end of day",330962000.0,284007000.0,46955000.0,same-quarter mean,measured,5,1463,24181600.0,22773400.0,0.08018605175224554,,,results/complex-quarterly/STRL/2016-06-30
ETN,,,Assets,,buildout,2016-06-30,Q2,2016-08-02T23:59:59+00:00,"filing date, end of day",31154000000.0,31583000000.0,-429000000.0,same-quarter mean,measured,3,691,53000000.0,-482000000.0,-0.015261374790235253,,,results/complex-quarterly/ETN/2016-06-30
D,,,Assets,,power,2016-06-30,Q2,2016-08-03T23:59:59+00:00,"filing date, end of day",61369000000.0,59505000000.0,1864000000.0,same-quarter mean,measured,7,2197,433571428.5714286,1430428571.4285715,0.02403879625961804,,,results/complex-quarterly/D/2016-06-30
ROK,,,Assets,,buildout,2016-06-30,Q2,2016-08-03T23:59:59+00:00,"filing date, end of day",6855700000.0,6539600000.0,316100000.0,same-quarter mean,measured,7,2191,-4028571.4285714286,320128571.4285714,0.04895231687390229,,,results/complex-quarterly/ROK/2016-06-30
CCI,,,Assets,,data_center_reit,2016-06-30,Q2,2016-08-04T23:59:59+00:00,"filing date, end of day",22153074000.0,21718251000.0,434823000.0,same-quarter mean,measured,7,2170,67481000.0,367342000.0,0.01691397709695868,,,results/complex-quarterly/CCI/2016-06-30
DUK,,,Assets,,power,2016-06-30,Q2,2016-08-04T23:59:59+00:00,"filing date, end of day",122654000000.0,121709000000.0,945000000.0,same-quarter mean,measured,7,2191,182571428.57142857,762428571.4285715,0.006264356550695277,,,results/complex-quarterly/DUK/2016-06-30
ETR,,,Assets,,power,2016-06-30,Q2,2016-08-04T23:59:59+00:00,"filing date, end of day",45877042000.0,45933882000.0,-56840000.0,same-quarter mean,measured,7,2162,94436857.14285715,-151276857.14285713,-0.0032933610345160275,,,results/complex-quarterly/ETR/2016-06-30
FSLR,,,Assets,,fuel_and_nuclear,2016-06-30,Q2,2016-08-04T23:59:59+00:00,"filing date, end of day",7544020000.0,7577789000.0,-33769000.0,same-quarter mean,measured,7,1829,301577857.14285713,-335346857.14285713,-0.044253918543107645,,,results/complex-quarterly/FSLR/2016-06-30
IRM,,,Assets,,data_center_reit,2015-06-30,Q2,2016-08-04T23:59:59+00:00,"filing date, end of day",6378750000.0,6326393000.0,52357000.0,same-quarter mean,measured,5,1452,-17920000.0,70277000.0,0.011108541628697427,,,results/complex-quarterly/IRM/2015-06-30
IRM,,,Assets,,data_center_reit,2016-06-30,Q2,2016-08-04T23:59:59+00:00,"filing date, end of day",9741054000.0,6422309000.0,3318745000.0,same-quarter mean,measured,5,1452,-17920000.0,3336665000.0,0.5195428933737072,,,results/complex-quarterly/IRM/2016-06-30
MTZ,,,Assets,,buildout,2016-06-30,Q2,2016-08-04T23:59:59+00:00,"filing date, end of day",3123943000.0,2986628000.0,137315000.0,same-quarter mean,measured,5,1475,233367600.0,-96052600.0,-0.03216088511860198,,,results/complex-quarterly/MTZ/2016-06-30
SRE,,,Assets,,power,2016-06-30,Q2,2016-08-04T23:59:59+00:00,"filing date, end of day",42875000000.0,41835000000.0,1040000000.0,same-quarter mean,measured,5,1456,464400000.0,575600000.0,0.013758814389864945,,,results/complex-quarterly/SRE/2016-06-30
TLN,,,Assets,,power,2016-06-30,Q2,2016-08-05T23:59:59+00:00,"filing date, end of day",12403000000.0,12595000000.0,-192000000.0,prior same-quarter,measured,1,0,2102000000.0,-2294000000.0,-0.18213576816196902,,,results/complex-quarterly/TLN/2016-06-30
WY,,,Assets,,data_center_reit,2016-06-30,Q2,2016-08-05T23:59:59+00:00,"filing date, end of day",21989000000.0,12720000000.0,9269000000.0,same-quarter mean,measured,7,2181,87571428.57142857,9181428571.428572,0.7218104222821204,,,results/complex-quarterly/WY/2016-06-30
BWXT,,,Assets,,fuel_and_nuclear,2016-06-30,Q2,2016-08-08T23:59:59+00:00,"filing date, end of day",1401343000.0,1365712000.0,35631000.0,same-quarter mean,measured,5,1458,-246000000.0,281631000.0,0.2062155124945816,,,results/complex-quarterly/BWXT/2016-06-30
EQIX,,,Assets,,data_center_reit,2016-06-30,Q2,2016-08-08T23:59:59+00:00,"filing date, end of day",13269045000.0,13495835000.0,-226790000.0,same-quarter mean,measured,6,1822,145555333.33333334,-372345333.3333334,-0.02758964771971007,,,results/complex-quarterly/EQIX/2016-06-30
PWR,,,Assets,,buildout,2016-06-30,Q2,2016-08-08T23:59:59+00:00,"filing date, end of day",5297101000.0,5295519000.0,1582000.0,same-quarter mean,measured,7,2191,23997571.42857143,-22415571.42857143,-0.004232931923872132,,,results/complex-quarterly/PWR/2016-06-30
SO,,,Assets,,power,2016-06-30,Q2,2016-08-08T23:59:59+00:00,"filing date, end of day",90873000000.0,78735000000.0,12138000000.0,same-quarter mean,measured,7,2169,1850784857.142857,10287215142.857143,0.13065619029475004,,,results/complex-quarterly/SO/2016-06-30
DLR,,,Assets,,data_center_reit,2016-06-30,Q2,2016-08-09T23:59:59+00:00,"filing date, end of day",11292375000.0,11421975000.0,-129600000.0,same-quarter mean,measured,6,1820,313289000.0,-442889000.0,-0.038775168042304416,,,results/complex-quarterly/DLR/2016-06-30
EXC,,,Assets,,power,2016-06-30,Q2,2016-08-09T23:59:59+00:00,"filing date, end of day",112778000000.0,111742000000.0,1036000000.0,same-quarter mean,measured,7,2196,24285714.285714287,1011714285.7142857,0.009054019846738788,,,results/complex-quarterly/EXC/2016-06-30
J,,,Assets,,buildout,2016-07-01,Q3,2016-08-09T23:59:59+00:00,"filing date, end of day",7420792000.0,7716805000.0,-296013000.0,same-quarter mean,measured,7,2308,181986857.14285713,-477999857.14285713,-0.06194271555946498,,,results/complex-quarterly/J/2016-07-01
NRG,,,Assets,,power,2016-06-30,Q2,2016-08-09T23:59:59+00:00,"filing date, end of day",31422000000.0,32680000000.0,-1258000000.0,same-quarter mean,measured,7,2170,637857142.8571428,-1895857142.857143,-0.05801276446931282,,,results/complex-quarterly/NRG/2016-06-30
PLUG,,,Assets,,fuel_and_nuclear,2016-06-30,Q2,2016-08-09T23:59:59+00:00,"filing date, end of day",233403000.0,222169000.0,11234000.0,same-quarter mean,measured,5,1456,22571180.8,-11337180.8,-0.0510295351736741,,,results/complex-quarterly/PLUG/2016-06-30
PPL,,,Assets,,power,2016-06-30,Q2,2016-08-09T23:59:59+00:00,"filing date, end of day",39528000000.0,38709000000.0,819000000.0,same-quarter mean,measured,7,2169,-121000000.0,940000000.0,0.024283758299103567,,,results/complex-quarterly/PPL/2016-06-30
PRIM,,,Assets,,buildout,2016-06-30,Q2,2016-08-09T23:59:59+00:00,"filing date, end of day",1090087000.0,1115398000.0,-25311000.0,same-quarter mean,measured,5,1462,15560200.0,-40871200.0,-0.036642705115124824,,,results/complex-quarterly/PRIM/2016-06-30
SBAC,,,Assets,,data_center_reit,2016-06-30,Q2,2016-08-09T23:59:59+00:00,"filing date, end of day",7436322000.0,7371644000.0,64678000.0,same-quarter mean,measured,6,1828,481368000.0,-416690000.0,-0.056526061215110224,,,results/complex-quarterly/SBAC/2016-06-30
LEU,,,Assets,,fuel_and_nuclear,2016-06-30,Q2,2016-08-12T23:59:59+00:00,"filing date, end of day",675000000.0,694900000.0,-19900000.0,same-quarter mean,measured,6,1828,18466666.666666668,-38366666.66666667,-0.055211781071617026,,,results/complex-quarterly/LEU/2016-06-30
WULF,,,Assets,,compute_and_ai,2016-06-30,Q2,2016-08-12T23:59:59+00:00,"filing date, end of day",18006956.0,14875460.0,3131496.0,same-quarter mean,measured,5,1462,-133316.2,3264812.2,0.21947638594033395,,,results/complex-quarterly/WULF/2016-06-30
NVDA,,,Assets,,compute_and_ai,2016-07-31,Q3,2016-08-23T23:59:59+00:00,"filing date, end of day",7461000000.0,7108000000.0,353000000.0,same-quarter mean,measured,7,2190,-109366428.57142857,462366428.57142854,0.06504873784066242,,,results/complex-quarterly/NVDA/2016-07-31
SMCI,,,Assets,,compute_and_ai,2015-06-30,Q2,2016-08-26T23:59:59+00:00,"filing date, end of day",1089809000.0,960961000.0,128848000.0,same-quarter mean,measured,3,796,36991333.333333336,91856666.66666666,0.09558833986672369,,,results/complex-quarterly/SMCI/2015-06-30
DY,,,Assets,,buildout,2015-07-25,Q3,2016-08-31T23:59:59+00:00,"filing date, end of day",1353923000.0,1257116000.0,96807000.0,same-quarter mean,measured,3,721,50580333.333333336,46226666.666666664,0.03677199770479945,,,results/complex-quarterly/DY/2015-07-25
AGX,,,Assets,,buildout,2015-07-31,Q3,2016-09-07T23:59:59+00:00,"filing date, end of day",380058000.0,399872000.0,-19814000.0,same-quarter mean,measured,4,1090,13250750.0,-33064750.0,-0.08268833526728553,,,results/complex-quarterly/AGX/2015-07-31
ORCL,,,Assets,,hyperscaler,2016-08-31,Q3,2016-09-19T23:59:59+00:00,"filing date, end of day",123223000000.0,112180000000.0,11043000000.0,same-quarter mean,measured,7,2188,2953000000.0,8090000000.0,0.0721162417543234,,,results/complex-quarterly/ORCL/2016-08-31
DLR,,,Assets,,data_center_reit,2014-12-31,Q4,2016-09-28T23:59:59+00:00,"filing date, end of day",9526784000.0,9722007000.0,-195223000.0,same-quarter mean,measured,4,1098,402002500.0,-597225500.0,-0.06143026846205727,,,results/complex-quarterly/DLR/2014-12-31
MSFT,,,Assets,,hyperscaler,2016-09-30,Q3,2016-10-20T23:59:59+00:00,"filing date, end of day",212524000000.0,193468000000.0,19056000000.0,same-quarter mean,measured,7,2190,582857142.8571428,18473142857.142857,0.09548422921177072,,,results/complex-quarterly/MSFT/2016-09-30
AAPL,,,Assets,,hyperscaler,2015-09-26,Q3,2016-10-26T23:59:59+00:00,"filing date, end of day",290345000000.0,273151000000.0,17194000000.0,same-quarter mean,measured,6,1463,8177166666.666667,9016833333.333332,0.033010435009695485,,,results/complex-quarterly/AAPL/2015-09-26
AMD,,,Assets,,compute_and_ai,2016-09-24,Q3,2016-10-26T23:59:59+00:00,"filing date, end of day",3616000000.0,3316000000.0,300000000.0,same-quarter mean,measured,6,1826,-71166666.66666667,371166666.6666667,0.11193204664254122,,,results/complex-quarterly/AMD/2016-09-24
EXC,,,Assets,,power,2016-09-30,Q3,2016-10-26T23:59:59+00:00,"filing date, end of day",114535000000.0,112778000000.0,1757000000.0,same-quarter mean,measured,6,1834,1815166666.6666667,-58166666.666666746,-0.000515762530517182,,,results/complex-quarterly/EXC/2016-09-30
AMT,,,Assets,,data_center_reit,2015-09-30,Q3,2016-10-27T23:59:59+00:00,"filing date, end of day",26926788000.0,26469725000.0,457063000.0,same-quarter mean,measured,6,2184,755948833.3333334,-298885833.3333334,-0.011291610824567817,,,results/complex-quarterly/AMT/2015-09-30
EME,,,Assets,,buildout,2016-09-30,Q3,2016-10-27T23:59:59+00:00,"filing date, end of day",3894953000.0,3800366000.0,94587000.0,same-quarter mean,measured,6,1822,67219000.0,27368000.0,0.007201411653509162,,,results/complex-quarterly/EME/2016-09-30
FIX,,,Assets,,buildout,2016-09-30,Q3,2016-10-27T23:59:59+00:00,"filing date, end of day",717742000.0,729013000.0,-11271000.0,same-quarter mean,measured,5,1452,-17962600.0,6691600.0,0.009178985834271817,,,results/complex-quarterly/FIX/2016-09-30
AMZN,,,Assets,,hyperscaler,2016-09-30,Q3,2016-10-28T23:59:59+00:00,"filing date, end of day",70897000000.0,65076000000.0,5821000000.0,same-quarter mean,measured,7,2191,2076571428.5714285,3744428571.4285717,0.05753931666710572,,,results/complex-quarterly/AMZN/2016-09-30
WY,,,Assets,,data_center_reit,2016-09-30,Q3,2016-10-28T23:59:59+00:00,"filing date, end of day",20946000000.0,21989000000.0,-1043000000.0,same-quarter mean,measured,7,2184,-300142857.14285713,-742857142.8571429,-0.03378312532889822,,,results/complex-quarterly/WY/2016-09-30
BWXT,,,Assets,,fuel_and_nuclear,2016-09-30,Q3,2016-10-31T23:59:59+00:00,"filing date, end of day",1365144000.0,1401343000.0,-36199000.0,same-quarter mean,measured,5,1458,21596400.0,-57795400.0,-0.04124286488033265,,,results/complex-quarterly/BWXT/2016-09-30
STRL,,,Assets,,buildout,2016-09-30,Q3,2016-10-31T23:59:59+00:00,"filing date, end of day",328215000.0,330962000.0,-2747000.0,same-quarter mean,measured,5,1469,12859600.0,-15606600.0,-0.04715526253769315,,,results/complex-quarterly/STRL/2016-09-30
CCI,,,Assets,,data_center_reit,2016-09-30,Q3,2016-11-01T23:59:59+00:00,"filing date, end of day",22171723000.0,22153074000.0,18649000.0,same-quarter mean,measured,7,2191,242867857.14285713,-224218857.14285713,-0.010121342850335675,,,results/complex-quarterly/CCI/2016-09-30
EIX,,,Assets,,power,2016-09-30,Q3,2016-11-01T23:59:59+00:00,"filing date, end of day",51557000000.0,51197000000.0,360000000.0,same-quarter mean,measured,7,2181,1067000000.0,-707000000.0,-0.013809402894700862,,,results/complex-quarterly/EIX/2016-09-30
ETN,,,Assets,,buildout,2016-09-30,Q3,2016-11-01T23:59:59+00:00,"filing date, end of day",31237000000.0,31154000000.0,83000000.0,same-quarter mean,measured,4,1080,-4802555913.0,4885555913.0,0.15681953883931438,,,results/complex-quarterly/ETN/2016-09-30
IRM,,,Assets,,data_center_reit,2015-09-30,Q3,2016-11-01T23:59:59+00:00,"filing date, end of day",6603954000.0,6378750000.0,225204000.0,same-quarter mean,measured,6,1817,17789000.0,207415000.0,0.03251655888692926,,,results/complex-quarterly/IRM/2015-09-30
IRM,,,Assets,,data_center_reit,2016-09-30,Q3,2016-11-01T23:59:59+00:00,"filing date, end of day",9904916000.0,9741054000.0,163862000.0,same-quarter mean,measured,6,1817,17789000.0,146073000.0,0.014995605198369705,,,results/complex-quarterly/IRM/2016-09-30
NEE,,,Assets,,power,2016-09-30,Q3,2016-11-01T23:59:59+00:00,"filing date, end of day",87864000000.0,85420000000.0,2444000000.0,same-quarter mean,measured,7,2191,1648142857.142857,795857142.8571429,0.009316988326587953,,,results/complex-quarterly/NEE/2016-09-30
PPL,,,Assets,,power,2016-09-30,Q3,2016-11-01T23:59:59+00:00,"filing date, end of day",38038000000.0,39528000000.0,-1490000000.0,same-quarter mean,measured,7,2191,391428571.4285714,-1881428571.4285715,-0.047597363171133666,,,results/complex-quarterly/PPL/2016-09-30
AEP,,,Assets,,power,2016-09-30,Q3,2016-11-02T23:59:59+00:00,"filing date, end of day",61442000000.0,63317100000.0,-1875100000.0,same-quarter mean,measured,7,2183,302428571.4285714,-2177528571.428571,-0.0343908449917727,,,results/complex-quarterly/AEP/2016-09-30
SRE,,,Assets,,power,2016-09-30,Q3,2016-11-02T23:59:59+00:00,"filing date, end of day",45526000000.0,42875000000.0,2651000000.0,same-quarter mean,measured,5,1461,616800000.0,2034200000.0,0.04744489795918368,,,results/complex-quarterly/SRE/2016-09-30
FSLR,,,Assets,,fuel_and_nuclear,2016-09-30,Q3,2016-11-03T23:59:59+00:00,"filing date, end of day",8087660000.0,7544020000.0,543640000.0,same-quarter mean,measured,7,1834,347745857.14285713,195894142.85714287,0.02596681117721624,,,results/complex-quarterly/FSLR/2016-09-30
MTZ,,,Assets,,buildout,2016-09-30,Q3,2016-11-03T23:59:59+00:00,"filing date, end of day",3214046000.0,3123943000.0,90103000.0,same-quarter mean,measured,5,1461,31199800.0,58903200.0,0.018855401651054454,,,results/complex-quarterly/MTZ/2016-09-30
DUK,,,Assets,,power,2016-09-30,Q3,2016-11-04T23:59:59+00:00,"filing date, end of day",129686000000.0,122654000000.0,7032000000.0,same-quarter mean,measured,7,2190,8559142857.142858,-1527142857.1428576,-0.012450819843974574,,,results/complex-quarterly/DUK/2016-09-30
EQIX,,,Assets,,data_center_reit,2016-09-30,Q3,2016-11-04T23:59:59+00:00,"filing date, end of day",13097557000.0,13269045000.0,-171488000.0,same-quarter mean,measured,6,1827,206615500.0,-378103500.0,-0.028495155453915486,,,results/complex-quarterly/EQIX/2016-09-30
ETR,,,Assets,,power,2016-09-30,Q3,2016-11-04T23:59:59+00:00,"filing date, end of day",47738181000.0,45877042000.0,1861139000.0,same-quarter mean,measured,7,2189,138251000.0,1722888000.0,0.037554470054978695,,,results/complex-quarterly/ETR/2016-09-30
NRG,,,Assets,,power,2016-09-30,Q3,2016-11-04T23:59:59+00:00,"filing date, end of day",31491000000.0,31422000000.0,69000000.0,same-quarter mean,measured,7,2193,312428571.4285714,-243428571.4285714,-0.0077470743882811855,,,results/complex-quarterly/NRG/2016-09-30
PCG,,,Assets,,power,2016-09-30,Q3,2016-11-04T23:59:59+00:00,"filing date, end of day",66565000000.0,65927000000.0,638000000.0,same-quarter mean,measured,7,2190,635428571.4285715,2571428.5714285374,3.900417994795057e-05,,,results/complex-quarterly/PCG/2016-09-30
SO,,,Assets,,power,2016-09-30,Q3,2016-11-04T23:59:59+00:00,"filing date, end of day",106362000000.0,90873000000.0,15489000000.0,same-quarter mean,measured,7,2190,541921142.8571428,14947078857.142857,0.16448316724596806,,,results/complex-quarterly/SO/2016-09-30
PLUG,,,Assets,,fuel_and_nuclear,2016-09-30,Q3,2016-11-08T23:59:59+00:00,"filing date, end of day",223985000.0,233403000.0,-9418000.0,same-quarter mean,measured,5,1461,703919.4,-10121919.4,-0.04336670651191287,,,results/complex-quarterly/PLUG/2016-09-30
PRIM,,,Assets,,buildout,2016-09-30,Q3,2016-11-08T23:59:59+00:00,"filing date, end of day",1118864000.0,1090087000.0,28777000.0,same-quarter mean,measured,5,1458,64289400.0,-35512400.0,-0.032577583257116176,,,results/complex-quarterly/PRIM/2016-09-30
PWR,,,Assets,,buildout,2016-09-30,Q3,2016-11-08T23:59:59+00:00,"filing date, end of day",5476468000.0,5297101000.0,179367000.0,same-quarter mean,measured,7,2188,86358714.28571428,93008285.71428572,0.017558337232815784,,,results/complex-quarterly/PWR/2016-09-30
D,,,Assets,,power,2016-09-30,Q3,2016-11-09T23:59:59+00:00,"filing date, end of day",69599000000.0,61369000000.0,8230000000.0,same-quarter mean,measured,7,2192,517000000.0,7713000000.0,0.1256823477651583,,,results/complex-quarterly/D/2016-09-30
DLR,,,Assets,,data_center_reit,2016-09-30,Q3,2016-11-09T23:59:59+00:00,"filing date, end of day",12299035000.0,11292375000.0,1006660000.0,same-quarter mean,measured,5,1460,386290800.0,620369200.0,0.054936999524015095,,,results/complex-quarterly/DLR/2016-09-30
SBAC,,,Assets,,data_center_reit,2016-09-30,Q3,2016-11-09T23:59:59+00:00,"filing date, end of day",7915722000.0,7436322000.0,479400000.0,same-quarter mean,measured,6,1831,-17399833.333333332,496799833.3333333,0.06680719760835173,,,results/complex-quarterly/SBAC/2016-09-30
LEU,,,Assets,,fuel_and_nuclear,2016-09-30,Q3,2016-11-10T23:59:59+00:00,"filing date, end of day",613800000.0,675000000.0,-61200000.0,same-quarter mean,measured,5,1835,-13860000.0,-47340000.0,-0.07013333333333334,,,results/complex-quarterly/LEU/2016-09-30
TLN,,,Assets,,power,2015-12-31,Q4,2016-11-10T23:59:59+00:00,"filing date, end of day",12809000000.0,12254000000.0,555000000.0,,missing,0,,,,,,,results/complex-quarterly/TLN/2015-12-31
TLN,,,Assets,,power,2016-09-30,Q3,2016-11-10T23:59:59+00:00,"filing date, end of day",12429000000.0,12403000000.0,26000000.0,prior same-quarter,measured,1,0,-608000000.0,634000000.0,0.05111666532290575,,,results/complex-quarterly/TLN/2016-09-30
WULF,,,Assets,,compute_and_ai,2016-09-30,Q3,2016-11-14T23:59:59+00:00,"filing date, end of day",18173783.0,18006956.0,166827.0,same-quarter mean,measured,5,1459,549643.0,-382816.0,-0.021259340001719335,,,results/complex-quarterly/WULF/2016-09-30
ROK,,,Assets,,buildout,2014-09-30,Q3,2016-11-15T23:59:59+00:00,"filing date, end of day",6224300000.0,6145100000.0,79200000.0,same-quarter mean,measured,5,1464,112020000.0,-32820000.0,-0.005340840669801956,,,results/complex-quarterly/ROK/2014-09-30
J,,,Assets,,buildout,2015-10-02,Q4,2016-11-22T23:59:59+00:00,"filing date, end of day",7785926000.0,7959061000.0,-173135000.0,same-quarter mean,measured,7,1532,175604142.85714287,-348739142.85714287,-0.043816618927426595,,,results/complex-quarterly/J/2015-10-02
NVDA,,,Assets,,compute_and_ai,2016-10-30,Q4,2016-11-22T23:59:59+00:00,"filing date, end of day",9612000000.0,7461000000.0,2151000000.0,same-quarter mean,measured,7,2190,149469857.14285713,2001530142.857143,0.26826566718364064,,,results/complex-quarterly/NVDA/2016-10-30
DY,,,Assets,,buildout,2016-10-29,Q4,2016-11-23T23:59:59+00:00,"filing date, end of day",1838407000.0,1719716000.0,118691000.0,same-quarter mean,measured,5,1463,62384400.0,56306600.0,0.03274180155327973,,,results/complex-quarterly/DY/2016-10-29
AGX,,,Assets,,buildout,2015-10-31,Q4,2016-12-06T23:59:59+00:00,"filing date, end of day",365263000.0,380058000.0,-14795000.0,same-quarter mean,measured,4,1091,28243750.0,-43038750.0,-0.11324258402664857,,,results/complex-quarterly/AGX/2015-10-31
ORCL,,,Assets,,hyperscaler,2016-11-30,Q4,2016-12-19T23:59:59+00:00,"filing date, end of day",123600000000.0,123223000000.0,377000000.0,same-quarter mean,measured,7,2187,-119857142.85714285,496857142.85714287,0.004032178593745834,,,results/complex-quarterly/ORCL/2016-11-30
MU,,,Assets,,compute_and_ai,2016-12-01,Q4,2017-01-09T23:59:59+00:00,"filing date, end of day",27836000000.0,27540000000.0,296000000.0,same-quarter mean,measured,7,2187,62285714.28571428,233714285.71428573,0.00848635750596535,,,results/complex-quarterly/MU/2016-12-01
MSFT,,,Assets,,hyperscaler,2016-12-31,Q4,2017-01-26T23:59:59+00:00,"filing date, end of day",224610000000.0,212524000000.0,12086000000.0,same-quarter mean,measured,7,2191,5210571428.571428,6875428571.428572,0.03235130418883783,,,results/complex-quarterly/MSFT/2016-12-31
AAPL,,,Assets,,hyperscaler,2016-12-31,Q4,2017-02-01T23:59:59+00:00,"filing date, end of day",331141000000.0,321686000000.0,9455000000.0,same-quarter mean,measured,7,2193,15928000000.0,-6473000000.0,-0.020122106650584733,,,results/complex-quarterly/AAPL/2016-12-31
ROK,,,Assets,,buildout,2016-12-31,Q4,2017-02-02T23:59:59+00:00,"filing date, end of day",7094300000.0,7101200000.0,-6900000.0,same-quarter mean,measured,7,2186,40200000.0,-47100000.0,-0.006632681800259111,,,results/complex-quarterly/ROK/2016-12-31
META,,,Assets,,hyperscaler,2015-12-31,Q4,2017-02-03T23:59:59+00:00,"filing date, end of day",49407000000.0,46469000000.0,2938000000.0,same-quarter mean,measured,3,727,5935000000.0,-2997000000.0,-0.0644946093094321,,,results/complex-quarterly/META/2015-12-31
META,,,Assets,,hyperscaler,2016-03-31,Q1,2017-02-03T23:59:59+00:00,"filing date, end of day",52262000000.0,49407000000.0,2855000000.0,same-quarter mean,measured,3,721,1078000000.0,1777000000.0,0.035966563442427185,,,results/complex-quarterly/META/2016-03-31
META,,,Assets,,hyperscaler,2016-06-30,Q2,2017-02-03T23:59:59+00:00,"filing date, end of day",55968000000.0,52262000000.0,3706000000.0,same-quarter mean,measured,4,1095,3255500000.0,450500000.0,0.008620029849603918,,,results/complex-quarterly/META/2016-06-30
META,,,Assets,,hyperscaler,2016-09-30,Q3,2017-02-03T23:59:59+00:00,"filing date, end of day",60007000000.0,55968000000.0,4039000000.0,same-quarter mean,measured,4,1107,1519250000.0,2519750000.0,0.04502126214979989,,,results/complex-quarterly/META/2016-09-30
J,,,Assets,,buildout,2016-12-30,Q4,2017-02-08T23:59:59+00:00,"filing date, end of day",7110033000.0,7360022000.0,-249989000.0,same-quarter mean,measured,8,2191,132011750.0,-382000750.0,-0.05190212067300886,,,results/complex-quarterly/J/2016-12-30
AMZN,,,Assets,,hyperscaler,2014-12-31,Q4,2017-02-10T23:59:59+00:00,"filing date, end of day",54505000000.0,40419000000.0,14086000000.0,same-quarter mean,measured,5,1827,6743800000.0,7342200000.0,0.18165219327543977,,,results/complex-quarterly/AMZN/2014-12-31
EXC,,,Assets,,power,2015-12-31,Q4,2017-02-13T23:59:59+00:00,"filing date, end of day",95384000000.0,95128000000.0,256000000.0,same-quarter mean,measured,6,1826,615333333.3333334,-359333333.3333334,-0.003777366635831021,,,results/complex-quarterly/EXC/2015-12-31
PCG,,,Assets,,power,2015-12-31,Q4,2017-02-16T23:59:59+00:00,"filing date, end of day",63234000000.0,61989000000.0,1245000000.0,same-quarter mean,measured,6,1827,1269000000.0,-24000000.0,-0.0003871654648405362,,,results/complex-quarterly/PCG/2015-12-31
PPL,,,Assets,,power,2015-12-31,Q4,2017-02-17T23:59:59+00:00,"filing date, end of day",39301000000.0,39246000000.0,55000000.0,same-quarter mean,measured,6,1817,1684000000.0,-1629000000.0,-0.041507414768384036,,,results/complex-quarterly/PPL/2015-12-31
AMD,,,Assets,,compute_and_ai,2015-12-26,Q4,2017-02-21T23:59:59+00:00,"filing date, end of day",3084000000.0,3229000000.0,-145000000.0,same-quarter mean,measured,6,1562,-175166666.66666666,30166666.666666657,0.009342417673170225,,,results/complex-quarterly/AMD/2015-12-26
EIX,,,Assets,,power,2015-12-31,Q4,2017-02-21T23:59:59+00:00,"filing date, end of day",50229000000.0,51270000000.0,-1041000000.0,same-quarter mean,measured,6,1455,-1156833333.3333333,115833333.33333325,0.002259280931018788,,,results/complex-quarterly/EIX/2015-12-31
ETN,,,Assets,,buildout,2014-12-31,Q4,2017-02-22T23:59:59+00:00,"filing date, end of day",33487000000.0,34239000000.0,-752000000.0,same-quarter mean,measured,3,728,12201741217.333334,-12953741217.333334,-0.3783329307904242,,,results/complex-quarterly/ETN/2014-12-31
FSLR,,,Assets,,fuel_and_nuclear,2015-12-31,Q4,2017-02-22T23:59:59+00:00,"filing date, end of day",7316331000.0,7060642000.0,255689000.0,same-quarter mean,measured,6,1456,139188166.66666666,116500833.33333334,0.016500034038453352,,,results/complex-quarterly/FSLR/2015-12-31
SO,,,Assets,,power,2014-12-31,Q4,2017-02-22T23:59:59+00:00,"filing date, end of day",70233000000.0,67654000000.0,2579000000.0,same-quarter mean,measured,5,1463,867202600.0,1711797400.0,0.025302234901114495,,,results/complex-quarterly/SO/2014-12-31
EME,,,Assets,,buildout,2014-12-31,Q4,2017-02-23T23:59:59+00:00,"filing date, end of day",3383847000.0,3434667000.0,-50820000.0,same-quarter mean,measured,4,1094,63921000.0,-114741000.0,-0.03340673200633424,,,results/complex-quarterly/EME/2014-12-31
FIX,,,Assets,,buildout,2015-12-31,Q4,2017-02-23T23:59:59+00:00,"filing date, end of day",691594000.0,694526000.0,-2932000.0,same-quarter mean,measured,4,1090,6066500.0,-8998500.0,-0.012956318409965934,,,results/complex-quarterly/FIX/2015-12-31
IRM,,,Assets,,data_center_reit,2014-12-31,Q4,2017-02-23T23:59:59+00:00,"filing date, end of day",6523265000.0,6636339000.0,-113074000.0,same-quarter mean,measured,5,1459,20709800.0,-133783800.0,-0.020159277577592102,,,results/complex-quarterly/IRM/2014-12-31
NEE,,,Assets,,power,2014-12-31,Q4,2017-02-23T23:59:59+00:00,"filing date, end of day",74605000000.0,72193000000.0,2412000000.0,same-quarter mean,measured,5,1820,1227400000.0,1184600000.0,0.016408793096283573,,,results/complex-quarterly/NEE/2014-12-31
DUK,,,Assets,,power,2014-12-31,Q4,2017-02-24T23:59:59+00:00,"filing date, end of day",120557000000.0,119656000000.0,901000000.0,same-quarter mean,measured,5,1458,1257200000.0,-356200000.0,-0.00297686701878719,,,results/complex-quarterly/DUK/2014-12-31
ETR,,,Assets,,power,2015-12-31,Q4,2017-02-24T23:59:59+00:00,"filing date, end of day",44647681000.0,45041605000.0,-393924000.0,same-quarter mean,measured,6,1459,1013806000.0,-1407730000.0,-0.031253992836178905,,,results/complex-quarterly/ETR/2015-12-31
MTZ,,,Assets,,buildout,2014-12-31,Q4,2017-02-24T23:59:59+00:00,"filing date, end of day",3550800000.0,3465901000.0,84899000.0,same-quarter mean,measured,3,729,66536666.666666664,18362333.333333336,0.00529799706723687,,,results/complex-quarterly/MTZ/2014-12-31
WY,,,Assets,,data_center_reit,2014-12-31,Q4,2017-02-24T23:59:59+00:00,"filing date, end of day",13603000000.0,13440000000.0,163000000.0,same-quarter mean,measured,5,1456,-377600000.0,540600000.0,0.040223214285714286,,,results/complex-quarterly/WY/2014-12-31
AMT,,,Assets,,data_center_reit,2014-12-31,Q4,2017-02-27T23:59:59+00:00,"filing date, end of day",21263565000.0,20596615000.0,666950000.0,same-quarter mean,measured,5,1824,1110802800.0,-443852800.0,-0.02154979349762085,,,results/complex-quarterly/AMT/2014-12-31
BWXT,,,Assets,,fuel_and_nuclear,2015-12-31,Q4,2017-02-27T23:59:59+00:00,"filing date, end of day",1375398000.0,1410722000.0,-35324000.0,same-quarter mean,measured,5,1091,49356600.0,-84680600.0,-0.06002642618460618,,,results/complex-quarterly/BWXT/2015-12-31
AEP,,,Assets,,power,2014-12-31,Q4,2017-02-28T23:59:59+00:00,"filing date, end of day",59544600000.0,57925000000.0,1619600000.0,same-quarter mean,measured,5,1825,927200000.0,692400000.0,0.01195338800172637,,,results/complex-quarterly/AEP/2014-12-31
D,,,Assets,,power,2015-12-31,Q4,2017-02-28T23:59:59+00:00,"filing date, end of day",58648000000.0,56599000000.0,2049000000.0,same-quarter mean,measured,6,1824,1041166666.6666666,1007833333.3333334,0.017806557241882955,,,results/complex-quarterly/D/2015-12-31
NRG,,,Assets,,power,2015-12-31,Q4,2017-02-28T23:59:59+00:00,"filing date, end of day",32882000000.0,39988000000.0,-7106000000.0,same-quarter mean,measured,6,1833,1040000000.0,-8146000000.0,-0.2037111133340002,,,results/complex-quarterly/NRG/2015-12-31
PRIM,,,Assets,,buildout,2015-12-31,Q4,2017-02-28T23:59:59+00:00,"filing date, end of day",1132254000.0,1155989000.0,-23735000.0,same-quarter mean,measured,4,1089,41097750.0,-64832750.0,-0.05608422744507084,,,results/complex-quarterly/PRIM/2015-12-31
SRE,,,Assets,,power,2014-12-31,Q4,2017-02-28T23:59:59+00:00,"filing date, end of day",39651000000.0,38982000000.0,669000000.0,same-quarter mean,measured,4,1095,931250000.0,-262250000.0,-0.0067274639577240775,,,results/complex-quarterly/SRE/2014-12-31
DLR,,,Assets,,data_center_reit,2015-12-31,Q4,2017-03-01T23:59:59+00:00,"filing date, end of day",11416063000.0,9501013000.0,1915050000.0,same-quarter mean,measured,5,1674,282557400.0,1632492600.0,0.17182300455751404,,,results/complex-quarterly/DLR/2015-12-31
NVDA,,,Assets,,compute_and_ai,2016-01-31,Q1,2017-03-01T23:59:59+00:00,"filing date, end of day",7370000000.0,7174000000.0,196000000.0,same-quarter mean,measured,6,1828,559608166.6666666,-363608166.6666666,-0.05068416039401542,,,results/complex-quarterly/NVDA/2016-01-31
PWR,,,Assets,,buildout,2015-12-31,Q4,2017-03-01T23:59:59+00:00,"filing date, end of day",5213543000.0,5373424000.0,-159881000.0,same-quarter mean,measured,6,1826,189386000.0,-349267000.0,-0.06499896527800524,,,results/complex-quarterly/PWR/2015-12-31
SBAC,,,Assets,,data_center_reit,2015-12-31,Q4,2017-03-01T23:59:59+00:00,"filing date, end of day",7312980000.0,7396757000.0,-83777000.0,same-quarter mean,measured,5,1460,44937400.0,-128714400.0,-0.017401463911819733,,,results/complex-quarterly/SBAC/2015-12-31
DY,,,Assets,,buildout,2017-01-28,Q1,2017-03-03T23:59:59+00:00,"filing date, end of day",1766443000.0,1838407000.0,-71964000.0,same-quarter mean,measured,5,1456,18504800.0,-90468800.0,-0.04921043055210299,,,results/complex-quarterly/DY/2017-01-28
WULF,,,Assets,,compute_and_ai,2015-12-31,Q4,2017-03-03T23:59:59+00:00,"filing date, end of day",15015317.0,15301065.0,-285748.0,same-quarter mean,measured,4,1093,-418405.25,132657.25,0.008669805010304838,,,results/complex-quarterly/WULF/2015-12-31
STRL,,,Assets,,buildout,2015-12-31,Q4,2017-03-09T23:59:59+00:00,"filing date, end of day",266165000.0,290674000.0,-24509000.0,same-quarter mean,measured,4,1092,-63421250.0,38912250.0,0.13386904229480448,,,results/complex-quarterly/STRL/2015-12-31
PLUG,,,Assets,,fuel_and_nuclear,2015-12-31,Q4,2017-03-10T23:59:59+00:00,"filing date, end of day",209456000.0,204618000.0,4838000.0,same-quarter mean,measured,4,1079,-4023978.0,8861978.0,0.043309865212249166,,,results/complex-quarterly/PLUG/2015-12-31
ORCL,,,Assets,,hyperscaler,2017-02-28,Q1,2017-03-17T23:59:59+00:00,"filing date, end of day",125382000000.0,123600000000.0,1782000000.0,same-quarter mean,measured,7,2181,1066571428.5714285,715428571.4285715,0.005788257050392973,,,results/complex-quarterly/ORCL/2017-02-28
NBIS,,,Assets,,compute_and_ai,2016-12-31,Q4,2017-03-22T23:59:59+00:00,"filing date, end of day",1881200000.0,1534200000.0,347000000.0,same-quarter mean,measured,4,1078,118950000.0,228050000.0,0.14864424455742406,,,results/complex-quarterly/NBIS/2016-12-31
MU,,,Assets,,compute_and_ai,2017-03-02,Q1,2017-03-28T23:59:59+00:00,"filing date, end of day",32355000000.0,27836000000.0,4519000000.0,same-quarter mean,measured,6,1823,347000000.0,4172000000.0,0.14987785601379508,,,results/complex-quarterly/MU/2017-03-02
LEU,,,Assets,,fuel_and_nuclear,2015-12-31,Q4,2017-03-31T23:59:59+00:00,"filing date, end of day",820100000.0,860500000.0,-40400000.0,same-quarter mean,measured,5,1470,-298380000.0,257980000.0,0.2998024404416037,,,results/complex-quarterly/LEU/2015-12-31
AGX,,,Assets,,buildout,2015-01-31,Q1,2017-04-11T23:59:59+00:00,"filing date, end of day",391193000.0,414378000.0,-23185000.0,same-quarter mean,measured,3,731,19516000.0,-42701000.0,-0.10304842438546448,,,results/complex-quarterly/AGX/2015-01-31
NEE,,,Assets,,power,2017-03-31,Q1,2017-04-21T23:59:59+00:00,"filing date, end of day",91205000000.0,90474000000.0,731000000.0,same-quarter mean,measured,7,2188,1139428571.4285715,-408428571.42857146,-0.004514319820374599,,,results/complex-quarterly/NEE/2017-03-31
FIX,,,Assets,,buildout,2017-03-31,Q1,2017-04-26T23:59:59+00:00,"filing date, end of day",687612000.0,708903000.0,-21291000.0,same-quarter mean,measured,5,1456,2438200.0,-23729200.0,-0.03347312678885546,,,results/complex-quarterly/FIX/2017-03-31
AMT,,,Assets,,data_center_reit,2016-03-31,Q1,2017-04-27T23:59:59+00:00,"filing date, end of day",27064315000.0,26904300000.0,160015000.0,same-quarter mean,measured,6,2185,1030534333.3333334,-870519333.3333334,-0.032356141335523815,,,results/complex-quarterly/AMT/2016-03-31
EME,,,Assets,,buildout,2017-03-31,Q1,2017-04-27T23:59:59+00:00,"filing date, end of day",3805162000.0,3852438000.0,-47276000.0,same-quarter mean,measured,6,1827,-58569500.0,11293500.0,0.0029315202476976917,,,results/complex-quarterly/EME/2017-03-31
MSFT,,,Assets,,hyperscaler,2017-03-31,Q1,2017-04-27T23:59:59+00:00,"filing date, end of day",225017000000.0,224610000000.0,407000000.0,same-quarter mean,measured,7,2191,3943714285.714286,-3536714285.714286,-0.01574602326572408,,,results/complex-quarterly/MSFT/2017-03-31
AEP,,,Assets,,power,2017-03-31,Q1,2017-04-28T23:59:59+00:00,"filing date, end of day",61728300000.0,63467700000.0,-1739400000.0,same-quarter mean,measured,7,2190,608257142.8571428,-2347657142.857143,-0.036989793908667606,,,results/complex-quarterly/AEP/2017-03-31
AMZN,,,Assets,,hyperscaler,2017-03-31,Q1,2017-04-28T23:59:59+00:00,"filing date, end of day",80969000000.0,83402000000.0,-2433000000.0,same-quarter mean,measured,7,2198,-3521000000.0,1088000000.0,0.013045250713412148,,,results/complex-quarterly/AMZN/2017-03-31
WY,,,Assets,,data_center_reit,2017-03-31,Q1,2017-04-28T23:59:59+00:00,"filing date, end of day",19001000000.0,19243000000.0,-242000000.0,same-quarter mean,measured,6,1820,-110333333.33333333,-131666666.66666667,-0.006842314954355696,,,results/complex-quarterly/WY/2017-03-31
BWXT,,,Assets,,fuel_and_nuclear,2017-03-31,Q1,2017-05-01T23:59:59+00:00,"filing date, end of day",1617926000.0,1579815000.0,38111000.0,same-quarter mean,measured,5,1454,-65517600.0,103628600.0,0.06559540199327137,,,results/complex-quarterly/BWXT/2017-03-31
EIX,,,Assets,,power,2017-03-31,Q1,2017-05-01T23:59:59+00:00,"filing date, end of day",51740000000.0,51319000000.0,421000000.0,same-quarter mean,measured,7,2187,780857142.8571428,-359857142.8571428,-0.00701216202297673,,,results/complex-quarterly/EIX/2017-03-31
ETN,,,Assets,,buildout,2017-03-31,Q1,2017-05-02T23:59:59+00:00,"filing date, end of day",30611000000.0,30476000000.0,135000000.0,same-quarter mean,measured,4,1092,-332250000.0,467250000.0,0.015331736448352801,,,results/complex-quarterly/ETN/2017-03-31
NRG,,,Assets,,power,2017-03-31,Q1,2017-05-02T23:59:59+00:00,"filing date, end of day",29420000000.0,30682000000.0,-1262000000.0,same-quarter mean,measured,7,2187,298000000.0,-1560000000.0,-0.05084414314581839,,,results/complex-quarterly/NRG/2017-03-31
PCG,,,Assets,,power,2017-03-31,Q1,2017-05-02T23:59:59+00:00,"filing date, end of day",69164000000.0,68598000000.0,566000000.0,same-quarter mean,measured,7,2189,585428571.4285715,-19428571.428571463,-0.00028322358419445847,,,results/complex-quarterly/PCG/2017-03-31
AAPL,,,Assets,,hyperscaler,2017-04-01,Q2,2017-05-03T23:59:59+00:00,"filing date, end of day",334532000000.0,331141000000.0,3391000000.0,same-quarter mean,measured,8,2562,9672375000.0,-6281375000.0,-0.018968883345765096,,,results/complex-quarterly/AAPL/2017-04-01
EXC,,,Assets,,power,2017-03-31,Q1,2017-05-03T23:59:59+00:00,"filing date, end of day",117068000000.0,114904000000.0,2164000000.0,same-quarter mean,measured,7,2209,6988000000.0,-4824000000.0,-0.04198287265891527,,,results/complex-quarterly/EXC/2017-03-31
SO,,,Assets,,power,2017-03-31,Q1,2017-05-03T23:59:59+00:00,"filing date, end of day",109760000000.0,109697000000.0,63000000.0,same-quarter mean,measured,7,2190,517292142.85714287,-454292142.85714287,-0.004141336069875592,,,results/complex-quarterly/SO/2017-03-31
STRL,,,Assets,,buildout,2017-03-31,Q1,2017-05-03T23:59:59+00:00,"filing date, end of day",304576000.0,301823000.0,2753000.0,same-quarter mean,measured,5,1454,1972800.0,780200.0,0.0025849587340924978,,,results/complex-quarterly/STRL/2017-03-31
CCI,,,Assets,,data_center_reit,2017-03-31,Q1,2017-05-04T23:59:59+00:00,"filing date, end of day",23776842000.0,22675000000.0,1101842000.0,same-quarter mean,measured,7,2191,16166857.142857144,1085675142.857143,0.04787982989447157,,,results/complex-quarterly/CCI/2017-03-31
D,,,Assets,,power,2017-03-31,Q1,2017-05-04T23:59:59+00:00,"filing date, end of day",72852000000.0,71610000000.0,1242000000.0,same-quarter mean,measured,7,2198,357428571.4285714,884571428.5714285,0.012352624334191153,,,results/complex-quarterly/D/2017-03-31
META,,,Assets,,hyperscaler,2017-03-31,Q1,2017-05-04T23:59:59+00:00,"filing date, end of day",68714000000.0,64961000000.0,3753000000.0,same-quarter mean,measured,4,1373,1522250000.0,2230750000.0,0.034339834670032786,,,results/complex-quarterly/META/2017-03-31
MTZ,,,Assets,,buildout,2017-03-31,Q1,2017-05-04T23:59:59+00:00,"filing date, end of day",3115834000.0,3183100000.0,-67266000.0,same-quarter mean,measured,5,1463,8393600.0,-75659600.0,-0.023769155854355815,,,results/complex-quarterly/MTZ/2017-03-31
PPL,,,Assets,,power,2017-03-31,Q1,2017-05-04T23:59:59+00:00,"filing date, end of day",39034000000.0,38315000000.0,719000000.0,same-quarter mean,measured,7,2185,750285714.2857143,-31285714.28571427,-0.0008165395872560164,,,results/complex-quarterly/PPL/2017-03-31
EQIX,,,Assets,,data_center_reit,2017-03-31,Q1,2017-05-05T23:59:59+00:00,"filing date, end of day",17184684000.0,12608371000.0,4576313000.0,same-quarter mean,measured,6,1837,850626000.0,3725687000.0,0.2954931291282593,,,results/complex-quarterly/EQIX/2017-03-31
ETR,,,Assets,,power,2017-03-31,Q1,2017-05-05T23:59:59+00:00,"filing date, end of day",45318206000.0,45904434000.0,-586228000.0,same-quarter mean,measured,7,2191,285619571.4285714,-871847571.4285715,-0.018992665750514896,,,results/complex-quarterly/ETR/2017-03-31
FSLR,,,Assets,,fuel_and_nuclear,2017-03-31,Q1,2017-05-05T23:59:59+00:00,"filing date, end of day",6604503000.0,6824368000.0,-219865000.0,same-quarter mean,measured,7,1820,-24685285.714285713,-195179714.2857143,-0.028600408753706466,,,results/complex-quarterly/FSLR/2017-03-31
ROK,,,Assets,,buildout,2017-03-31,Q1,2017-05-05T23:59:59+00:00,"filing date, end of day",7065000000.0,7094300000.0,-29300000.0,same-quarter mean,measured,7,2191,150757142.85714287,-180057142.85714287,-0.025380536889776702,,,results/complex-quarterly/ROK/2017-03-31
AMD,,,Assets,,compute_and_ai,2017-04-01,Q2,2017-05-08T23:59:59+00:00,"filing date, end of day",3299000000.0,3321000000.0,-22000000.0,same-quarter mean,measured,7,2183,-471285714.28571427,449285714.28571427,0.1352862734976556,,,results/complex-quarterly/AMD/2017-04-01
PRIM,,,Assets,,buildout,2017-03-31,Q1,2017-05-08T23:59:59+00:00,"filing date, end of day",1157597000.0,1170567000.0,-12970000.0,same-quarter mean,measured,5,1458,-25744400.0,12774400.0,0.010913001989634083,,,results/complex-quarterly/PRIM/2017-03-31
SBAC,,,Assets,,data_center_reit,2017-03-31,Q1,2017-05-08T23:59:59+00:00,"filing date, end of day",7297450000.0,7360945000.0,-63495000.0,same-quarter mean,measured,6,1831,188879833.33333334,-252374833.33333334,-0.034285656710291046,,,results/complex-quarterly/SBAC/2017-03-31
DUK,,,Assets,,power,2017-03-31,Q1,2017-05-09T23:59:59+00:00,"filing date, end of day",134108000000.0,132761000000.0,1347000000.0,same-quarter mean,measured,6,1823,21666666.666666668,1325333333.3333333,0.009982851389589814,,,results/complex-quarterly/DUK/2017-03-31
J,,,Assets,,buildout,2017-03-31,Q1,2017-05-09T23:59:59+00:00,"filing date, end of day",7086003000.0,7110033000.0,-24030000.0,same-quarter mean,measured,6,2197,-49007666.666666664,24977666.666666664,0.0035130169813089003,,,results/complex-quarterly/J/2017-03-31
PLUG,,,Assets,,fuel_and_nuclear,2017-03-31,Q1,2017-05-09T23:59:59+00:00,"filing date, end of day",210724000.0,240832000.0,-30108000.0,same-quarter mean,measured,5,1456,11574897.2,-41682897.2,-0.17307873206218444,,,results/complex-quarterly/PLUG/2017-03-31
PWR,,,Assets,,buildout,2017-03-31,Q1,2017-05-09T23:59:59+00:00,"filing date, end of day",5543053000.0,5354059000.0,188994000.0,same-quarter mean,measured,7,2192,-1652714.2857142857,190646714.2857143,0.035607884464051345,,,results/complex-quarterly/PWR/2017-03-31
SRE,,,Assets,,power,2017-03-31,Q1,2017-05-09T23:59:59+00:00,"filing date, end of day",48284000000.0,47786000000.0,498000000.0,same-quarter mean,measured,6,1822,489833333.3333333,8166666.666666687,0.0001709008217190534,,,results/complex-quarterly/SRE/2017-03-31
DLR,,,Assets,,data_center_reit,2017-03-31,Q1,2017-05-10T23:59:59+00:00,"filing date, end of day",12329548000.0,12192585000.0,136963000.0,same-quarter mean,measured,5,1460,107578200.0,29384800.0,0.0024100549637341056,,,results/complex-quarterly/DLR/2017-03-31
LEU,,,Assets,,fuel_and_nuclear,2017-03-31,Q1,2017-05-10T23:59:59+00:00,"filing date, end of day",547600000.0,713500000.0,-165900000.0,same-quarter mean,measured,6,1833,-224400000.0,58500000.0,0.08199018920812894,,,results/complex-quarterly/LEU/2017-03-31
WULF,,,Assets,,compute_and_ai,2017-03-31,Q1,2017-05-10T23:59:59+00:00,"filing date, end of day",17882047.0,18295994.0,-413947.0,same-quarter mean,measured,5,1459,322252.8,-736199.8,-0.04023830571872728,,,results/complex-quarterly/WULF/2017-03-31
VST,,,Assets,,power,2017-03-31,Q1,2017-05-18T23:59:59+00:00,"filing date, end of day",14715000000.0,15167000000.0,-452000000.0,,missing,0,,,,,,,results/complex-quarterly/VST/2017-03-31
NVDA,,,Assets,,compute_and_ai,2017-04-30,Q2,2017-05-23T23:59:59+00:00,"filing date, end of day",9410000000.0,9841000000.0,-431000000.0,same-quarter mean,measured,7,2196,-11014285.714285715,-419985714.28571427,-0.04267713792152365,,,results/complex-quarterly/NVDA/2017-04-30
DY,,,Assets,,buildout,2017-04-29,Q2,2017-05-26T23:59:59+00:00,"filing date, end of day",1876012000.0,1766443000.0,109569000.0,same-quarter mean,measured,5,1464,44307400.0,65261600.0,0.036945205704344834,,,results/complex-quarterly/DY/2017-04-29
AGX,,,Assets,,buildout,2016-04-30,Q2,2017-06-07T23:59:59+00:00,"filing date, end of day",467979000.0,409791000.0,58188000.0,same-quarter mean,measured,4,1097,16997250.0,41190750.0,0.10051648279244786,,,results/complex-quarterly/AGX/2016-04-30
ORCL,,,Assets,,hyperscaler,2016-05-31,Q2,2017-06-27T23:59:59+00:00,"filing date, end of day",112180000000.0,104894000000.0,7286000000.0,same-quarter mean,measured,6,1821,5030000000.0,2256000000.0,0.02150742654489294,,,results/complex-quarterly/ORCL/2016-05-31
MU,,,Assets,,compute_and_ai,2017-06-01,Q2,2017-06-30T23:59:59+00:00,"filing date, end of day",33267000000.0,32355000000.0,912000000.0,same-quarter mean,measured,6,1821,645333333.3333334,266666666.66666663,0.008241899757894194,,,results/complex-quarterly/MU/2017-06-01
NEE,,,Assets,,power,2017-06-30,Q2,2017-07-26T23:59:59+00:00,"filing date, end of day",92890000000.0,91205000000.0,1685000000.0,same-quarter mean,measured,8,2554,1252625000.0,432375000.0,0.004740694040896881,,,results/complex-quarterly/NEE/2017-06-30
AEP,,,Assets,,power,2017-06-30,Q2,2017-07-27T23:59:59+00:00,"filing date, end of day",62739100000.0,61728300000.0,1010800000.0,same-quarter mean,measured,8,2550,618450000.0,392350000.0,0.006356079788362874,,,results/complex-quarterly/AEP/2017-06-30
AMT,,,Assets,,data_center_reit,2016-06-30,Q2,2017-07-27T23:59:59+00:00,"filing date, end of day",30740198000.0,27064315000.0,3675883000.0,same-quarter mean,measured,7,2548,188313857.14285713,3487569142.857143,0.12886227280672513,,,results/complex-quarterly/AMT/2016-06-30
EIX,,,Assets,,power,2017-06-30,Q2,2017-07-27T23:59:59+00:00,"filing date, end of day",52753000000.0,51740000000.0,1013000000.0,same-quarter mean,measured,8,2547,203625000.0,809375000.0,0.015643119443370698,,,results/complex-quarterly/EIX/2017-06-30
EME,,,Assets,,buildout,2017-06-30,Q2,2017-07-27T23:59:59+00:00,"filing date, end of day",3847574000.0,3805162000.0,42412000.0,same-quarter mean,measured,7,2191,76919142.85714285,-34507142.85714285,-0.00906850821519369,,,results/complex-quarterly/EME/2017-06-30
FIX,,,Assets,,buildout,2017-06-30,Q2,2017-07-27T23:59:59+00:00,"filing date, end of day",893155000.0,687612000.0,205543000.0,same-quarter mean,measured,6,1822,24213500.0,181329500.0,0.2637090394001268,,,results/complex-quarterly/FIX/2017-06-30
META,,,Assets,,hyperscaler,2017-06-30,Q2,2017-07-27T23:59:59+00:00,"filing date, end of day",73843000000.0,68714000000.0,5129000000.0,same-quarter mean,measured,5,1648,3345600000.0,1783400000.0,0.025953954070495097,,,results/complex-quarterly/META/2017-06-30
PCG,,,Assets,,power,2017-06-30,Q2,2017-07-27T23:59:59+00:00,"filing date, end of day",70055000000.0,69164000000.0,891000000.0,same-quarter mean,measured,8,2549,957750000.0,-66750000.0,-0.0009650974495402232,,,results/complex-quarterly/PCG/2017-06-30
AMZN,,,Assets,,hyperscaler,2017-06-30,Q2,2017-07-28T23:59:59+00:00,"filing date, end of day",87781000000.0,80969000000.0,6812000000.0,same-quarter mean,measured,8,2562,1318875000.0,5493125000.0,0.06784232237028986,,,results/complex-quarterly/AMZN/2017-06-30
FSLR,,,Assets,,fuel_and_nuclear,2017-06-30,Q2,2017-07-28T23:59:59+00:00,"filing date, end of day",6680286000.0,6604503000.0,75783000.0,same-quarter mean,measured,8,2194,259659500.0,-183876500.0,-0.027841080547620314,,,results/complex-quarterly/FSLR/2017-06-30
WY,,,Assets,,data_center_reit,2017-06-30,Q2,2017-07-28T23:59:59+00:00,"filing date, end of day",18990000000.0,19001000000.0,-11000000.0,same-quarter mean,measured,8,2552,1235250000.0,-1246250000.0,-0.06558865322877744,,,results/complex-quarterly/WY/2017-06-30
ETN,,,Assets,,buildout,2017-06-30,Q2,2017-08-01T23:59:59+00:00,"filing date, end of day",31355000000.0,30611000000.0,744000000.0,same-quarter mean,measured,4,1061,-67500000.0,811500000.0,0.026510078076508445,,,results/complex-quarterly/ETN/2017-06-30
AAPL,,,Assets,,hyperscaler,2017-07-01,Q3,2017-08-02T23:59:59+00:00,"filing date, end of day",345173000000.0,334532000000.0,10641000000.0,same-quarter mean,measured,7,1827,9465285714.285715,1175714285.714285,0.003514504698247955,,,results/complex-quarterly/AAPL/2017-07-01
EXC,,,Assets,,power,2017-06-30,Q2,2017-08-02T23:59:59+00:00,"filing date, end of day",117104000000.0,117068000000.0,36000000.0,same-quarter mean,measured,8,2573,150750000.0,-114750000.0,-0.0009801995421464449,,,results/complex-quarterly/EXC/2017-06-30
MSFT,,,Assets,,hyperscaler,2016-06-30,Q2,2017-08-02T23:59:59+00:00,"filing date, end of day",193468000000.0,181869000000.0,11599000000.0,same-quarter mean,measured,6,1827,5970166666.666667,5628833333.333333,0.030949932827108156,,,results/complex-quarterly/MSFT/2016-06-30
ROK,,,Assets,,buildout,2017-06-30,Q2,2017-08-02T23:59:59+00:00,"filing date, end of day",7215500000.0,7065000000.0,150500000.0,same-quarter mean,measured,8,2556,35987500.0,114512500.0,0.016208421797593773,,,results/complex-quarterly/ROK/2017-06-30
SO,,,Assets,,power,2017-06-30,Q2,2017-08-02T23:59:59+00:00,"filing date, end of day",108684000000.0,109760000000.0,-1076000000.0,same-quarter mean,measured,8,2538,3136686750.0,-4212686750.0,-0.0383808924016035,,,results/complex-quarterly/SO/2017-06-30
STRL,,,Assets,,buildout,2017-06-30,Q2,2017-08-02T23:59:59+00:00,"filing date, end of day",455453000.0,304576000.0,150877000.0,same-quarter mean,measured,6,1820,27977166.666666668,122899833.33333333,0.4035112199691812,,,results/complex-quarterly/STRL/2017-06-30
AMD,,,Assets,,compute_and_ai,2017-07-01,Q3,2017-08-03T23:59:59+00:00,"filing date, end of day",3370000000.0,3299000000.0,71000000.0,same-quarter mean,measured,7,2184,-18142857.14285714,89142857.14285713,0.02702117524791062,,,results/complex-quarterly/AMD/2017-07-01
D,,,Assets,,power,2017-06-30,Q2,2017-08-03T23:59:59+00:00,"filing date, end of day",73902000000.0,72852000000.0,1050000000.0,same-quarter mean,measured,8,2560,612375000.0,437625000.0,0.006007041673529896,,,results/complex-quarterly/D/2017-06-30
DUK,,,Assets,,power,2017-06-30,Q2,2017-08-03T23:59:59+00:00,"filing date, end of day",135004000000.0,134108000000.0,896000000.0,same-quarter mean,measured,8,2554,277875000.0,618125000.0,0.004609158290333164,,,results/complex-quarterly/DUK/2017-06-30
EQIX,,,Assets,,data_center_reit,2015-12-31,Q4,2017-08-03T23:59:59+00:00,"filing date, end of day",10356695000.0,7705666000.0,2651029000.0,same-quarter mean,measured,5,1463,117975000.0,2533054000.0,0.3287261607238102,,,results/complex-quarterly/EQIX/2015-12-31
ETR,,,Assets,,power,2017-06-30,Q2,2017-08-03T23:59:59+00:00,"filing date, end of day",46007037000.0,45318206000.0,688831000.0,same-quarter mean,measured,8,2526,75527250.0,613303750.0,0.013533275125674657,,,results/complex-quarterly/ETR/2017-06-30
LEU,,,Assets,,fuel_and_nuclear,2017-06-30,Q2,2017-08-03T23:59:59+00:00,"filing date, end of day",586000000.0,547600000.0,38400000.0,same-quarter mean,measured,7,2199,12985714.285714285,25414285.714285716,0.04641030992382344,,,results/complex-quarterly/LEU/2017-06-30
MTZ,,,Assets,,buildout,2017-06-30,Q2,2017-08-03T23:59:59+00:00,"filing date, end of day",3823485000.0,3115834000.0,707651000.0,same-quarter mean,measured,6,1828,217358833.33333334,490292166.6666666,0.15735503453222047,,,results/complex-quarterly/MTZ/2017-06-30
NRG,,,Assets,,power,2017-06-30,Q2,2017-08-03T23:59:59+00:00,"filing date, end of day",25205000000.0,29420000000.0,-4215000000.0,same-quarter mean,measured,8,2541,400875000.0,-4615875000.0,-0.15689581917063222,,,results/complex-quarterly/NRG/2017-06-30
PPL,,,Assets,,power,2017-06-30,Q2,2017-08-03T23:59:59+00:00,"filing date, end of day",39964000000.0,39034000000.0,930000000.0,same-quarter mean,measured,8,2541,-3500000.0,933500000.0,0.02391504841932674,,,results/complex-quarterly/PPL/2017-06-30
EQIX,,,Assets,,data_center_reit,2017-06-30,Q2,2017-08-04T23:59:59+00:00,"filing date, end of day",17473937000.0,17184684000.0,289253000.0,same-quarter mean,measured,7,2196,92363142.85714285,196889857.14285713,0.0114572870320372,,,results/complex-quarterly/EQIX/2017-06-30
SBAC,,,Assets,,data_center_reit,2017-06-30,Q2,2017-08-04T23:59:59+00:00,"filing date, end of day",7308853000.0,7297450000.0,11403000.0,same-quarter mean,measured,7,2197,421840857.14285713,-410437857.14285713,-0.05624401087268253,,,results/complex-quarterly/SBAC/2017-06-30
SRE,,,Assets,,power,2017-06-30,Q2,2017-08-04T23:59:59+00:00,"filing date, end of day",49376000000.0,48284000000.0,1092000000.0,same-quarter mean,measured,6,1822,560333333.3333334,531666666.6666666,0.011011239057796923,,,results/complex-quarterly/SRE/2017-06-30
VST,,,Assets,,power,2017-06-30,Q2,2017-08-04T23:59:59+00:00,"filing date, end of day",14784000000.0,14715000000.0,69000000.0,,missing,0,,,,,,,results/complex-quarterly/VST/2017-06-30
BWXT,,,Assets,,fuel_and_nuclear,2017-06-30,Q2,2017-08-07T23:59:59+00:00,"filing date, end of day",1624738000.0,1617926000.0,6812000.0,same-quarter mean,measured,6,1827,-199061500.0,205873500.0,0.127245312826421,,,results/complex-quarterly/BWXT/2017-06-30
CCI,,,Assets,,data_center_reit,2017-06-30,Q2,2017-08-07T23:59:59+00:00,"filing date, end of day",24483624000.0,23776842000.0,706782000.0,same-quarter mean,measured,8,2533,113398750.0,593383250.0,0.024956352487853516,,,results/complex-quarterly/CCI/2017-06-30
J,,,Assets,,buildout,2017-06-30,Q2,2017-08-08T23:59:59+00:00,"filing date, end of day",7244759000.0,7086003000.0,158756000.0,same-quarter mean,measured,8,2471,175326375.0,-16570375.0,-0.0023384657048550503,,,results/complex-quarterly/J/2017-06-30
PLUG,,,Assets,,fuel_and_nuclear,2017-06-30,Q2,2017-08-08T23:59:59+00:00,"filing date, end of day",228580000.0,210724000.0,17856000.0,same-quarter mean,measured,6,1825,20681650.666666668,-2825650.666666668,-0.013409249381497446,,,results/complex-quarterly/PLUG/2017-06-30
PRIM,,,Assets,,buildout,2017-06-30,Q2,2017-08-08T23:59:59+00:00,"filing date, end of day",1197491000.0,1157597000.0,39894000.0,same-quarter mean,measured,6,1831,8748333.333333334,31145666.666666664,0.026905448672263892,,,results/complex-quarterly/PRIM/2017-06-30
PWR,,,Assets,,buildout,2017-06-30,Q2,2017-08-08T23:59:59+00:00,"filing date, end of day",5753344000.0,5543053000.0,210291000.0,same-quarter mean,measured,8,2555,21195625.0,189095375.0,0.034113939556414126,,,results/complex-quarterly/PWR/2017-06-30
DLR,,,Assets,,data_center_reit,2017-06-30,Q2,2017-08-09T23:59:59+00:00,"filing date, end of day",12579571000.0,12329548000.0,250023000.0,same-quarter mean,measured,7,2189,250019142.85714287,3857.142857134342,3.1283732843526316e-07,,,results/complex-quarterly/DLR/2017-06-30
WULF,,,Assets,,compute_and_ai,2017-06-30,Q2,2017-08-14T23:59:59+00:00,"filing date, end of day",17864448.0,17882047.0,-17599.0,same-quarter mean,measured,6,1827,410819.1666666667,-428418.1666666667,-0.023958004733276157,,,results/complex-quarterly/WULF/2017-06-30
NVDA,,,Assets,,compute_and_ai,2017-07-30,Q3,2017-08-23T23:59:59+00:00,"filing date, end of day",9402000000.0,9410000000.0,-8000000.0,same-quarter mean,measured,8,2560,-51570625.0,43570625.0,0.004630247077577046,,,results/complex-quarterly/NVDA/2017-07-30
AGX,,,Assets,,buildout,2016-07-31,Q3,2017-09-07T23:59:59+00:00,"filing date, end of day",481094000.0,467979000.0,13115000.0,same-quarter mean,measured,5,1454,6637800.0,6477200.0,0.013840792001350488,,,results/complex-quarterly/AGX/2016-07-31
ORCL,,,Assets,,hyperscaler,2017-08-31,Q3,2017-09-18T23:59:59+00:00,"filing date, end of day",133597000000.0,134991000000.0,-1394000000.0,same-quarter mean,measured,8,2555,3964250000.0,-5358250000.0,-0.03969338696653851,,,results/complex-quarterly/ORCL/2017-08-31
MU,,,Assets,,compute_and_ai,2015-09-03,Q3,2017-10-10T23:59:59+00:00,"filing date, end of day",24143000000.0,25136000000.0,-993000000.0,same-quarter mean,measured,5,1463,2029000000.0,-3022000000.0,-0.12022597071928708,,,results/complex-quarterly/MU/2015-09-03
EME,,,Assets,,buildout,2017-09-30,Q3,2017-10-26T23:59:59+00:00,"filing date, end of day",3966321000.0,3847574000.0,118747000.0,same-quarter mean,measured,7,2186,71128714.28571428,47618285.71428572,0.01237618450334827,,,results/complex-quarterly/EME/2017-09-30
FIX,,,Assets,,buildout,2017-09-30,Q3,2017-10-26T23:59:59+00:00,"filing date, end of day",884587000.0,893155000.0,-8568000.0,same-quarter mean,measured,6,1816,-16847333.333333332,8279333.333333332,0.009269760941083387,,,results/complex-quarterly/FIX/2017-09-30
MSFT,,,Assets,,hyperscaler,2017-09-30,Q3,2017-10-26T23:59:59+00:00,"filing date, end of day",249097000000.0,250312000000.0,-1215000000.0,same-quarter mean,measured,8,2554,2892000000.0,-4107000000.0,-0.01640752341078334,,,results/complex-quarterly/MSFT/2017-09-30
MU,,,Assets,,compute_and_ai,2016-09-01,Q3,2017-10-26T23:59:59+00:00,"filing date, end of day",27540000000.0,27001000000.0,539000000.0,same-quarter mean,measured,6,2177,1525333333.3333333,-986333333.3333333,-0.03652951125266965,,,results/complex-quarterly/MU/2016-09-01
NEE,,,Assets,,power,2017-09-30,Q3,2017-10-26T23:59:59+00:00,"filing date, end of day",96781000000.0,92890000000.0,3891000000.0,same-quarter mean,measured,8,2559,1747625000.0,2143375000.0,0.02307433523522446,,,results/complex-quarterly/NEE/2017-09-30
AEP,,,Assets,,power,2017-09-30,Q3,2017-10-27T23:59:59+00:00,"filing date, end of day",63964900000.0,62739100000.0,1225800000.0,same-quarter mean,measured,8,2560,30237500.0,1195562500.0,0.019056098987712607,,,results/complex-quarterly/AEP/2017-09-30
AMZN,,,Assets,,hyperscaler,2017-09-30,Q3,2017-10-27T23:59:59+00:00,"filing date, end of day",115267000000.0,87781000000.0,27486000000.0,same-quarter mean,measured,8,2562,2544625000.0,24941375000.0,0.2841318166801472,,,results/complex-quarterly/AMZN/2017-09-30
FSLR,,,Assets,,fuel_and_nuclear,2017-09-30,Q3,2017-10-27T23:59:59+00:00,"filing date, end of day",7054693000.0,6680286000.0,374407000.0,same-quarter mean,measured,8,2194,372232625.0,2174375.0,0.00032549130381543545,,,results/complex-quarterly/FSLR/2017-09-30
WY,,,Assets,,data_center_reit,2017-09-30,Q3,2017-10-27T23:59:59+00:00,"filing date, end of day",18402000000.0,18990000000.0,-588000000.0,same-quarter mean,measured,8,2548,-393000000.0,-195000000.0,-0.010268562401263823,,,results/complex-quarterly/WY/2017-09-30
EIX,,,Assets,,power,2017-09-30,Q3,2017-10-30T23:59:59+00:00,"filing date, end of day",53592000000.0,52753000000.0,839000000.0,same-quarter mean,measured,8,2552,978625000.0,-139625000.0,-0.002646768904138153,,,results/complex-quarterly/EIX/2017-09-30
SRE,,,Assets,,power,2017-09-30,Q3,2017-10-30T23:59:59+00:00,"filing date, end of day",50129000000.0,49376000000.0,753000000.0,same-quarter mean,measured,6,1826,955833333.3333334,-202833333.33333337,-0.004107933678980342,,,results/complex-quarterly/SRE/2017-09-30
AMT,,,Assets,,data_center_reit,2016-09-30,Q3,2017-10-31T23:59:59+00:00,"filing date, end of day",30655527000.0,30740198000.0,-84671000.0,same-quarter mean,measured,7,2548,713250857.1428572,-797921857.1428572,-0.025956952428961493,,,results/complex-quarterly/AMT/2016-09-30
ETN,,,Assets,,buildout,2017-09-30,Q3,2017-10-31T23:59:59+00:00,"filing date, end of day",32725000000.0,31355000000.0,1370000000.0,same-quarter mean,measured,5,1448,-3825444730.4,5195444730.4,0.1656974878137458,,,results/complex-quarterly/ETN/2017-09-30
STRL,,,Assets,,buildout,2017-09-30,Q3,2017-10-31T23:59:59+00:00,"filing date, end of day",473035000.0,455453000.0,17582000.0,same-quarter mean,measured,6,1819,10258500.0,7323500.0,0.0160795954796653,,,results/complex-quarterly/STRL/2017-09-30
D,,,Assets,,power,2017-09-30,Q3,2017-11-01T23:59:59+00:00,"filing date, end of day",75391000000.0,73902000000.0,1489000000.0,same-quarter mean,measured,8,2564,1481125000.0,7875000.0,0.00010656003897052854,,,results/complex-quarterly/D/2017-09-30
PPL,,,Assets,,power,2017-09-30,Q3,2017-11-01T23:59:59+00:00,"filing date, end of day",40758000000.0,39964000000.0,794000000.0,same-quarter mean,measured,8,2559,156250000.0,637750000.0,0.015958112301070963,,,results/complex-quarterly/PPL/2017-09-30
SO,,,Assets,,power,2017-09-30,Q3,2017-11-01T23:59:59+00:00,"filing date, end of day",110315000000.0,108684000000.0,1631000000.0,same-quarter mean,measured,8,2555,2410306000.0,-779306000.0,-0.007170383865150344,,,results/complex-quarterly/SO/2017-09-30
AMD,,,Assets,,compute_and_ai,2017-09-30,Q3,2017-11-02T23:59:59+00:00,"filing date, end of day",3586000000.0,3370000000.0,216000000.0,same-quarter mean,measured,8,2465,-7000000.0,223000000.0,0.06617210682492582,,,results/complex-quarterly/AMD/2017-09-30
EXC,,,Assets,,power,2017-09-30,Q3,2017-11-02T23:59:59+00:00,"filing date, end of day",118473000000.0,117104000000.0,1369000000.0,same-quarter mean,measured,7,2196,1806857142.857143,-437857142.8571429,-0.0037390451466828025,,,results/complex-quarterly/EXC/2017-09-30
META,,,Assets,,hyperscaler,2017-09-30,Q3,2017-11-02T23:59:59+00:00,"filing date, end of day",78998000000.0,73843000000.0,5155000000.0,same-quarter mean,measured,5,1563,2023200000.0,3131800000.0,0.042411602995544605,,,results/complex-quarterly/META/2017-09-30
MTZ,,,Assets,,buildout,2017-09-30,Q3,2017-11-02T23:59:59+00:00,"filing date, end of day",3942175000.0,3823485000.0,118690000.0,same-quarter mean,measured,6,1827,41017000.0,77673000.0,0.020314712886280447,,,results/complex-quarterly/MTZ/2017-09-30
NRG,,,Assets,,power,2017-09-30,Q3,2017-11-02T23:59:59+00:00,"filing date, end of day",25470000000.0,25205000000.0,265000000.0,same-quarter mean,measured,8,2559,282000000.0,-17000000.0,-0.0006744693513191828,,,results/complex-quarterly/NRG/2017-09-30
PCG,,,Assets,,power,2017-09-30,Q3,2017-11-02T23:59:59+00:00,"filing date, end of day",71526000000.0,70055000000.0,1471000000.0,same-quarter mean,measured,8,2563,635750000.0,835250000.0,0.01192277496252944,,,results/complex-quarterly/PCG/2017-09-30
AAPL,,,Assets,,hyperscaler,2016-09-24,Q3,2017-11-03T23:59:59+00:00,"filing date, end of day",321686000000.0,305602000000.0,16084000000.0,same-quarter mean,measured,8,2107,9612250000.0,6471750000.0,0.021177053815092835,,,results/complex-quarterly/AAPL/2016-09-24
DUK,,,Assets,,power,2017-09-30,Q3,2017-11-03T23:59:59+00:00,"filing date, end of day",136325000000.0,135004000000.0,1321000000.0,same-quarter mean,measured,8,2555,8368250000.0,-7047250000.0,-0.05220030517614293,,,results/complex-quarterly/DUK/2017-09-30
EQIX,,,Assets,,data_center_reit,2017-09-30,Q3,2017-11-03T23:59:59+00:00,"filing date, end of day",18308496000.0,17473937000.0,834559000.0,same-quarter mean,measured,7,2198,152600714.2857143,681958285.7142857,0.03902716861771252,,,results/complex-quarterly/EQIX/2017-09-30
ETR,,,Assets,,power,2017-09-30,Q3,2017-11-03T23:59:59+00:00,"filing date, end of day",46398442000.0,46007037000.0,391405000.0,same-quarter mean,measured,8,2555,353612000.0,37793000.0,0.0008214612908021006,,,results/complex-quarterly/ETR/2017-09-30
VST,,,Assets,,power,2017-09-30,Q3,2017-11-03T23:59:59+00:00,"filing date, end of day",15000000000.0,14784000000.0,216000000.0,,missing,0,,,,,,,results/complex-quarterly/VST/2017-09-30
BWXT,,,Assets,,fuel_and_nuclear,2017-09-30,Q3,2017-11-06T23:59:59+00:00,"filing date, end of day",1723512000.0,1624738000.0,98774000.0,same-quarter mean,measured,6,1820,11963833.333333334,86810166.66666667,0.053430255626855945,,,results/complex-quarterly/BWXT/2017-09-30
PRIM,,,Assets,,buildout,2017-09-30,Q3,2017-11-06T23:59:59+00:00,"filing date, end of day",1261692000.0,1197491000.0,64201000.0,same-quarter mean,measured,6,1827,58370666.666666664,5830333.333333336,0.004868790941504642,,,results/complex-quarterly/PRIM/2017-09-30
CCI,,,Assets,,data_center_reit,2017-09-30,Q3,2017-11-07T23:59:59+00:00,"filing date, end of day",31011756000.0,24483624000.0,6528132000.0,same-quarter mean,measured,8,2552,214840500.0,6313291500.0,0.2578577215529858,,,results/complex-quarterly/CCI/2017-09-30
SBAC,,,Assets,,data_center_reit,2017-09-30,Q3,2017-11-07T23:59:59+00:00,"filing date, end of day",7300470000.0,7308853000.0,-8383000.0,same-quarter mean,measured,7,2197,53571571.428571425,-61954571.428571425,-0.008476647625635846,,,results/complex-quarterly/SBAC/2017-09-30
PLUG,,,Assets,,fuel_and_nuclear,2017-09-30,Q3,2017-11-08T23:59:59+00:00,"filing date, end of day",275683000.0,228580000.0,47103000.0,same-quarter mean,measured,6,1826,-983067.1666666666,48086067.166666664,0.21036865502960306,,,results/complex-quarterly/PLUG/2017-09-30
DLR,,,Assets,,data_center_reit,2017-09-30,Q3,2017-11-09T23:59:59+00:00,"filing date, end of day",21232498000.0,12579571000.0,8652927000.0,same-quarter mean,measured,6,1829,489685666.6666667,8163241333.333333,0.6489284359008215,,,results/complex-quarterly/DLR/2017-09-30
PWR,,,Assets,,buildout,2017-09-30,Q3,2017-11-09T23:59:59+00:00,"filing date, end of day",6640246000.0,5753344000.0,886902000.0,same-quarter mean,measured,8,2556,97984750.0,788917250.0,0.13712325388504495,,,results/complex-quarterly/PWR/2017-09-30
LEU,,,Assets,,fuel_and_nuclear,2017-09-30,Q3,2017-11-14T23:59:59+00:00,"filing date, end of day",521900000.0,586000000.0,-64100000.0,same-quarter mean,measured,6,2199,-21750000.0,-42350000.0,-0.07226962457337884,,,results/complex-quarterly/LEU/2017-09-30
WULF,,,Assets,,compute_and_ai,2017-09-30,Q3,2017-11-14T23:59:59+00:00,"filing date, end of day",17357548.0,17864448.0,-506900.0,same-quarter mean,measured,6,1827,485840.3333333333,-992740.3333333333,-0.05557072534977477,,,results/complex-quarterly/WULF/2017-09-30
ROK,,,Assets,,buildout,2015-09-30,Q3,2017-11-15T23:59:59+00:00,"filing date, end of day",6404700000.0,6406500000.0,-1800000.0,same-quarter mean,measured,6,1828,106550000.0,-108350000.0,-0.016912510731288535,,,results/complex-quarterly/ROK/2015-09-30
J,,,Assets,,buildout,2016-09-30,Q3,2017-11-21T23:59:59+00:00,"filing date, end of day",7360022000.0,7420792000.0,-60770000.0,same-quarter mean,measured,8,2567,122236875.0,-183006875.0,-0.0246613670077264,,,results/complex-quarterly/J/2016-09-30
NVDA,,,Assets,,compute_and_ai,2017-10-29,Q4,2017-11-21T23:59:59+00:00,"filing date, end of day",9830000000.0,9402000000.0,428000000.0,same-quarter mean,measured,8,2560,399661125.0,28338875.0,0.003014132631355031,,,results/complex-quarterly/NVDA/2017-10-29
DY,,,Assets,,buildout,2017-10-28,Q4,2017-11-22T23:59:59+00:00,"filing date, end of day",1852522000.0,1899307000.0,-46785000.0,same-quarter mean,measured,6,1827,71768833.33333333,-118553833.33333333,-0.06241952108497117,,,results/complex-quarterly/DY/2017-10-28
AGX,,,Assets,,buildout,2016-10-31,Q4,2017-12-06T23:59:59+00:00,"filing date, end of day",558843000.0,481094000.0,77749000.0,same-quarter mean,measured,5,1453,19636000.0,58113000.0,0.12079344161432069,,,results/complex-quarterly/AGX/2016-10-31
ORCL,,,Assets,,hyperscaler,2017-11-30,Q4,2017-12-18T23:59:59+00:00,"filing date, end of day",138762000000.0,133597000000.0,5165000000.0,same-quarter mean,measured,8,2554,-57750000.0,5222750000.0,0.03909331796372673,,,results/complex-quarterly/ORCL/2017-11-30
MU,,,Assets,,compute_and_ai,2017-11-30,Q4,2017-12-20T23:59:59+00:00,"filing date, end of day",37191000000.0,35336000000.0,1855000000.0,same-quarter mean,measured,8,2554,91500000.0,1763500000.0,0.049906610821824765,,,results/complex-quarterly/MU/2017-11-30
MSFT,,,Assets,,hyperscaler,2017-12-31,Q4,2018-01-31T23:59:59+00:00,"filing date, end of day",256003000000.0,249097000000.0,6906000000.0,same-quarter mean,measured,8,2555,6070000000.0,836000000.0,0.0033561223137974364,,,results/complex-quarterly/MSFT/2017-12-31
ROK,,,Assets,,buildout,2017-12-31,Q4,2018-01-31T23:59:59+00:00,"filing date, end of day",7158700000.0,7161700000.0,-3000000.0,same-quarter mean,measured,8,2551,34312500.0,-37312500.0,-0.005210006004161024,,,results/complex-quarterly/ROK/2017-12-31
META,,,Assets,,hyperscaler,2016-12-31,Q4,2018-02-01T23:59:59+00:00,"filing date, end of day",64961000000.0,60007000000.0,4954000000.0,same-quarter mean,measured,4,1099,5185750000.0,-231750000.0,-0.003862049427566784,,,results/complex-quarterly/META/2016-12-31
AAPL,,,Assets,,hyperscaler,2017-12-30,Q4,2018-02-02T23:59:59+00:00,"filing date, end of day",406794000000.0,375319000000.0,31475000000.0,same-quarter mean,measured,8,2564,15118875000.0,16356125000.0,0.04357926190787037,,,results/complex-quarterly/AAPL/2017-12-30
AMZN,,,Assets,,hyperscaler,2015-12-31,Q4,2018-02-02T23:59:59+00:00,"filing date, end of day",64747000000.0,56230000000.0,8517000000.0,same-quarter mean,measured,6,2205,7967500000.0,549500000.0,0.00977236350702472,,,results/complex-quarterly/AMZN/2015-12-31
J,,,Assets,,buildout,2017-12-29,Q4,2018-02-07T23:59:59+00:00,"filing date, end of day",12691757000.0,7380859000.0,5310898000.0,same-quarter mean,measured,9,2269,89567222.22222222,5221330777.777778,0.7074150553177858,,,results/complex-quarterly/J/2017-12-29
EXC,,,Assets,,power,2016-12-31,Q4,2018-02-09T23:59:59+00:00,"filing date, end of day",114904000000.0,114535000000.0,369000000.0,same-quarter mean,measured,7,2195,564000000.0,-195000000.0,-0.0017025363426026979,,,results/complex-quarterly/EXC/2016-12-31
PCG,,,Assets,,power,2016-12-31,Q4,2018-02-09T23:59:59+00:00,"filing date, end of day",68598000000.0,66565000000.0,2033000000.0,same-quarter mean,measured,7,2191,1265571428.5714285,767428571.4285715,0.011529010312154607,,,results/complex-quarterly/PCG/2016-12-31
IRM,,,Assets,,data_center_reit,2015-12-31,Q4,2018-02-16T23:59:59+00:00,"filing date, end of day",6350587000.0,6603954000.0,-253367000.0,same-quarter mean,measured,6,1822,-1587500.0,-251779500.0,-0.03812556840947105,,,results/complex-quarterly/IRM/2015-12-31
NEE,,,Assets,,power,2015-12-31,Q4,2018-02-16T23:59:59+00:00,"filing date, end of day",82479000000.0,79963000000.0,2516000000.0,same-quarter mean,measured,6,2187,1424833333.3333333,1091166666.6666667,0.013645894559567134,,,results/complex-quarterly/NEE/2015-12-31
WY,,,Assets,,data_center_reit,2015-12-31,Q4,2018-02-16T23:59:59+00:00,"filing date, end of day",12720000000.0,12820000000.0,-100000000.0,same-quarter mean,measured,6,1829,-287500000.0,187500000.0,0.014625585023400936,,,results/complex-quarterly/WY/2015-12-31
WY,,,Assets,,data_center_reit,2016-12-31,Q4,2018-02-16T23:59:59+00:00,"filing date, end of day",19243000000.0,20946000000.0,-1703000000.0,same-quarter mean,measured,6,1829,-287500000.0,-1415500000.0,-0.06757853528119928,,,results/complex-quarterly/WY/2016-12-31
SO,,,Assets,,power,2015-12-31,Q4,2018-02-21T23:59:59+00:00,"filing date, end of day",78318000000.0,75215000000.0,3103000000.0,same-quarter mean,measured,6,1825,1152502166.6666667,1950497833.3333333,0.025932298522014667,,,results/complex-quarterly/SO/2015-12-31
EIX,,,Assets,,power,2016-12-31,Q4,2018-02-22T23:59:59+00:00,"filing date, end of day",51319000000.0,51557000000.0,-238000000.0,same-quarter mean,measured,7,1819,-1140285714.2857144,902285714.2857144,0.017500741204602953,,,results/complex-quarterly/EIX/2016-12-31
EME,,,Assets,,buildout,2015-12-31,Q4,2018-02-22T23:59:59+00:00,"filing date, end of day",3506706000.0,3483429000.0,23277000.0,same-quarter mean,measured,5,1458,40972800.0,-17695800.0,-0.00507999445374084,,,results/complex-quarterly/EME/2015-12-31
FIX,,,Assets,,buildout,2016-12-31,Q4,2018-02-22T23:59:59+00:00,"filing date, end of day",708903000.0,717742000.0,-8839000.0,same-quarter mean,measured,5,1456,4266800.0,-13105800.0,-0.018259764650807673,,,results/complex-quarterly/FIX/2016-12-31
PPL,,,Assets,,power,2016-12-31,Q4,2018-02-22T23:59:59+00:00,"filing date, end of day",38315000000.0,38038000000.0,277000000.0,same-quarter mean,measured,7,2181,1451285714.2857144,-1174285714.2857144,-0.030871384254842905,,,results/complex-quarterly/PPL/2016-12-31
AEP,,,Assets,,power,2015-12-31,Q4,2018-02-23T23:59:59+00:00,"filing date, end of day",61683100000.0,61099000000.0,584100000.0,same-quarter mean,measured,6,2195,1042600000.0,-458500000.0,-0.00750421447159528,,,results/complex-quarterly/AEP/2015-12-31
DUK,,,Assets,,power,2015-12-31,Q4,2018-02-23T23:59:59+00:00,"filing date, end of day",121156000000.0,121033000000.0,123000000.0,same-quarter mean,measured,6,1823,1197833333.3333333,-1074833333.3333333,-0.00888049815615025,,,results/complex-quarterly/DUK/2015-12-31
FSLR,,,Assets,,fuel_and_nuclear,2016-12-31,Q4,2018-02-23T23:59:59+00:00,"filing date, end of day",6824368000.0,8087660000.0,-1263292000.0,same-quarter mean,measured,7,1820,155831142.85714287,-1419123142.857143,-0.17546770547440704,,,results/complex-quarterly/FSLR/2016-12-31
CCI,,,Assets,,data_center_reit,2015-12-31,Q4,2018-02-26T23:59:59+00:00,"filing date, end of day",21936966000.0,21995644000.0,-58678000.0,same-quarter mean,measured,6,1831,1521599500.0,-1580277500.0,-0.07184502076865765,,,results/complex-quarterly/CCI/2015-12-31
EQIX,,,Assets,,data_center_reit,2016-12-31,Q4,2018-02-26T23:59:59+00:00,"filing date, end of day",12608371000.0,13097557000.0,-489186000.0,same-quarter mean,measured,6,1987,540150666.6666666,-1029336666.6666666,-0.0785899741964602,,,results/complex-quarterly/EQIX/2016-12-31
ETR,,,Assets,,power,2016-12-31,Q4,2018-02-26T23:59:59+00:00,"filing date, end of day",45904434000.0,47738181000.0,-1833747000.0,same-quarter mean,measured,7,1823,812701714.2857143,-2646448714.285714,-0.055436731330121565,,,results/complex-quarterly/ETR/2016-12-31
PRIM,,,Assets,,buildout,2016-12-31,Q4,2018-02-26T23:59:59+00:00,"filing date, end of day",1170567000.0,1118864000.0,51703000.0,same-quarter mean,measured,5,1454,28131200.0,23571800.0,0.021067618584564345,,,results/complex-quarterly/PRIM/2016-12-31
AMD,,,Assets,,compute_and_ai,2016-12-31,Q4,2018-02-27T23:59:59+00:00,"filing date, end of day",3321000000.0,3616000000.0,-295000000.0,same-quarter mean,measured,7,1931,-170857142.85714287,-124142857.14285713,-0.03433154235145385,,,results/complex-quarterly/AMD/2016-12-31
BWXT,,,Assets,,fuel_and_nuclear,2016-12-31,Q4,2018-02-27T23:59:59+00:00,"filing date, end of day",1579815000.0,1365144000.0,214671000.0,same-quarter mean,measured,6,1460,35243166.666666664,179427833.33333334,0.13143509646845558,,,results/complex-quarterly/BWXT/2016-12-31
MTZ,,,Assets,,buildout,2015-12-31,Q4,2018-02-27T23:59:59+00:00,"filing date, end of day",2927300000.0,3245786000.0,-318486000.0,same-quarter mean,measured,4,1093,71127250.0,-389613250.0,-0.12003664135589961,,,results/complex-quarterly/MTZ/2015-12-31
SRE,,,Assets,,power,2015-12-31,Q4,2018-02-27T23:59:59+00:00,"filing date, end of day",41150000000.0,40566000000.0,584000000.0,same-quarter mean,measured,5,1463,878800000.0,-294800000.0,-0.007267169550855396,,,results/complex-quarterly/SRE/2015-12-31
AMT,,,Assets,,data_center_reit,2015-12-31,Q4,2018-02-28T23:59:59+00:00,"filing date, end of day",26904300000.0,26926788000.0,-22488000.0,same-quarter mean,measured,6,2191,1036827333.3333334,-1059315333.3333334,-0.039340575390326295,,,results/complex-quarterly/AMT/2015-12-31
ETN,,,Assets,,buildout,2015-12-31,Q4,2018-02-28T23:59:59+00:00,"filing date, end of day",31059000000.0,32201000000.0,-1142000000.0,same-quarter mean,measured,4,1092,8963305913.0,-10105305913.0,-0.3138196302288749,,,results/complex-quarterly/ETN/2015-12-31
NVDA,,,Assets,,compute_and_ai,2017-01-29,Q1,2018-02-28T23:59:59+00:00,"filing date, end of day",9841000000.0,9612000000.0,229000000.0,same-quarter mean,measured,7,2177,507664142.85714287,-278664142.85714287,-0.028991275786219607,,,results/complex-quarterly/NVDA/2017-01-29
PWR,,,Assets,,buildout,2016-12-31,Q4,2018-02-28T23:59:59+00:00,"filing date, end of day",5354059000.0,5476468000.0,-122409000.0,same-quarter mean,measured,7,2192,139490714.2857143,-261899714.2857143,-0.047822741644014774,,,results/complex-quarterly/PWR/2016-12-31
DLR,,,Assets,,data_center_reit,2016-12-31,Q4,2018-03-01T23:59:59+00:00,"filing date, end of day",12192585000.0,12299035000.0,-106450000.0,same-quarter mean,measured,6,1828,554639500.0,-661089500.0,-0.05375133089709884,,,results/complex-quarterly/DLR/2016-12-31
NRG,,,Assets,,power,2016-12-31,Q4,2018-03-01T23:59:59+00:00,"filing date, end of day",30682000000.0,31491000000.0,-809000000.0,same-quarter mean,measured,7,2198,-123714285.71428572,-685285714.2857143,-0.021761319560690807,,,results/complex-quarterly/NRG/2016-12-31
SBAC,,,Assets,,data_center_reit,2016-12-31,Q4,2018-03-01T23:59:59+00:00,"filing date, end of day",7360945000.0,7915722000.0,-554777000.0,same-quarter mean,measured,6,1829,23485000.0,-578262000.0,-0.07305233811899912,,,results/complex-quarterly/SBAC/2016-12-31
DY,,,Assets,,buildout,2016-07-30,Q3,2018-03-02T23:59:59+00:00,"filing date, end of day",1719716000.0,1599286000.0,120430000.0,same-quarter mean,measured,4,1083,62137000.0,58293000.0,0.03644939054052871,,,results/complex-quarterly/DY/2016-07-30
DY,,,Assets,,buildout,2017-07-29,Q3,2018-03-02T23:59:59+00:00,"filing date, end of day",1899307000.0,1876012000.0,23295000.0,same-quarter mean,measured,4,1083,62137000.0,-38842000.0,-0.020704558393016676,,,results/complex-quarterly/DY/2017-07-29
WULF,,,Assets,,compute_and_ai,2016-12-31,Q4,2018-03-02T23:59:59+00:00,"filing date, end of day",18295994.0,18173783.0,122211.0,same-quarter mean,measured,5,1459,-391873.8,514084.8,0.028287165088303298,,,results/complex-quarterly/WULF/2016-12-31
STRL,,,Assets,,buildout,2016-12-31,Q4,2018-03-06T23:59:59+00:00,"filing date, end of day",301823000.0,328215000.0,-26392000.0,same-quarter mean,measured,5,1452,-55638800.0,29246800.0,0.0891086635284798,,,results/complex-quarterly/STRL/2016-12-31
PLUG,,,Assets,,fuel_and_nuclear,2016-12-31,Q4,2018-03-12T23:59:59+00:00,"filing date, end of day",240832000.0,223985000.0,16847000.0,same-quarter mean,measured,5,1439,-2251582.4,19098582.4,0.08526723843114493,,,results/complex-quarterly/PLUG/2016-12-31
LEU,,,Assets,,fuel_and_nuclear,2016-12-31,Q4,2018-03-15T23:59:59+00:00,"filing date, end of day",713500000.0,613800000.0,99700000.0,same-quarter mean,measured,6,1843,-255383333.33333334,355083333.3333334,0.578500054306506,,,results/complex-quarterly/LEU/2016-12-31
ORCL,,,Assets,,hyperscaler,2018-02-28,Q1,2018-03-21T23:59:59+00:00,"filing date, end of day",138201000000.0,138762000000.0,-561000000.0,same-quarter mean,measured,8,2545,1156000000.0,-1717000000.0,-0.01237370461653767,,,results/complex-quarterly/ORCL/2018-02-28
MU,,,Assets,,compute_and_ai,2018-03-01,Q1,2018-03-23T23:59:59+00:00,"filing date, end of day",41263000000.0,37191000000.0,4072000000.0,same-quarter mean,measured,7,2177,943000000.0,3129000000.0,0.08413325804630152,,,results/complex-quarterly/MU/2018-03-01
NBIS,,,Assets,,compute_and_ai,2017-12-31,Q4,2018-03-27T23:59:59+00:00,"filing date, end of day",2266400000.0,1881200000.0,385200000.0,same-quarter mean,measured,5,1443,164560000.0,220640000.0,0.11728683818839039,,,results/complex-quarterly/NBIS/2017-12-31
AGX,,,Assets,,buildout,2016-01-31,Q1,2018-04-11T23:59:59+00:00,"filing date, end of day",409791000.0,365263000.0,44528000.0,same-quarter mean,measured,4,1092,8840750.0,35687250.0,0.09770288805600348,,,results/complex-quarterly/AGX/2016-01-31
NEE,,,Assets,,power,2018-03-31,Q1,2018-04-24T23:59:59+00:00,"filing date, end of day",94284000000.0,97963000000.0,-3679000000.0,same-quarter mean,measured,8,2545,1088375000.0,-4767375000.0,-0.04866505721547931,,,results/complex-quarterly/NEE/2018-03-31
AEP,,,Assets,,power,2018-03-31,Q1,2018-04-26T23:59:59+00:00,"filing date, end of day",65609500000.0,64729100000.0,880400000.0,same-quarter mean,measured,8,2555,314800000.0,565600000.0,0.008737955571759843,,,results/complex-quarterly/AEP/2018-03-31
EME,,,Assets,,buildout,2018-03-31,Q1,2018-04-26T23:59:59+00:00,"filing date, end of day",3841999000.0,3965904000.0,-123905000.0,same-quarter mean,measured,7,2191,-56956142.85714286,-66948857.14285714,-0.01688110885761661,,,results/complex-quarterly/EME/2018-03-31
FIX,,,Assets,,buildout,2018-03-31,Q1,2018-04-26T23:59:59+00:00,"filing date, end of day",882718000.0,881120000.0,1598000.0,same-quarter mean,measured,6,1820,-1516666.6666666667,3114666.666666667,0.0035348949821439385,,,results/complex-quarterly/FIX/2018-03-31
IRM,,,Assets,,data_center_reit,2017-03-31,Q1,2018-04-26T23:59:59+00:00,"filing date, end of day",9672134000.0,9486800000.0,185334000.0,same-quarter mean,measured,7,2180,-11713285.714285715,197047285.7142857,0.02077067986194351,,,results/complex-quarterly/IRM/2017-03-31
META,,,Assets,,hyperscaler,2018-03-31,Q1,2018-04-26T23:59:59+00:00,"filing date, end of day",88945000000.0,84524000000.0,4421000000.0,same-quarter mean,measured,5,1463,1968400000.0,2452600000.0,0.029016610666792862,,,results/complex-quarterly/META/2018-03-31
MSFT,,,Assets,,hyperscaler,2018-03-31,Q1,2018-04-26T23:59:59+00:00,"filing date, end of day",245497000000.0,256003000000.0,-10506000000.0,same-quarter mean,measured,8,2562,3501625000.0,-14007625000.0,-0.05471664394557876,,,results/complex-quarterly/MSFT/2018-03-31
AMZN,,,Assets,,hyperscaler,2018-03-31,Q1,2018-04-27T23:59:59+00:00,"filing date, end of day",126362000000.0,131310000000.0,-4948000000.0,same-quarter mean,measured,8,2562,-3385000000.0,-1563000000.0,-0.01190312999771533,,,results/complex-quarterly/AMZN/2018-03-31
FSLR,,,Assets,,fuel_and_nuclear,2018-03-31,Q1,2018-04-27T23:59:59+00:00,"filing date, end of day",6840189000.0,6864501000.0,-24312000.0,same-quarter mean,measured,8,2192,-49082750.0,24770750.0,0.0036085288646618306,,,results/complex-quarterly/FSLR/2018-03-31
WY,,,Assets,,data_center_reit,2018-03-31,Q1,2018-04-27T23:59:59+00:00,"filing date, end of day",17885000000.0,18059000000.0,-174000000.0,same-quarter mean,measured,7,2548,-129142857.14285715,-44857142.85714285,-0.0024839217485543414,,,results/complex-quarterly/WY/2018-03-31
MTZ,,,Assets,,buildout,2018-03-31,Q1,2018-04-30T23:59:59+00:00,"filing date, end of day",4154348000.0,4066600000.0,87748000.0,same-quarter mean,measured,6,1827,-4216333.333333333,91964333.33333333,0.02261455105821407,,,results/complex-quarterly/MTZ/2018-03-31
EIX,,,Assets,,power,2018-03-31,Q1,2018-05-01T23:59:59+00:00,"filing date, end of day",51943000000.0,52580000000.0,-637000000.0,same-quarter mean,measured,8,2551,735875000.0,-1372875000.0,-0.026110213008748575,,,results/complex-quarterly/EIX/2018-03-31
ETN,,,Assets,,buildout,2018-03-31,Q1,2018-05-01T23:59:59+00:00,"filing date, end of day",32668000000.0,32623000000.0,45000000.0,same-quarter mean,measured,5,1460,-238800000.0,283800000.0,0.008699383870275572,,,results/complex-quarterly/ETN/2018-03-31
AAPL,,,Assets,,hyperscaler,2018-03-31,Q1,2018-05-02T23:59:59+00:00,"filing date, end of day",367502000000.0,406794000000.0,-39292000000.0,same-quarter mean,measured,7,2198,2042714285.7142856,-41334714285.71429,-0.10161092416730405,,,results/complex-quarterly/AAPL/2018-03-31
AMT,,,Assets,,data_center_reit,2017-03-31,Q1,2018-05-02T23:59:59+00:00,"filing date, end of day",32057400000.0,30879200000.0,1178200000.0,same-quarter mean,measured,7,2548,906174428.5714285,272025571.42857146,0.008809346467154961,,,results/complex-quarterly/AMT/2017-03-31
EXC,,,Assets,,power,2018-03-31,Q1,2018-05-02T23:59:59+00:00,"filing date, end of day",117018000000.0,116770000000.0,248000000.0,same-quarter mean,measured,8,2567,6385000000.0,-6137000000.0,-0.05255630727070309,,,results/complex-quarterly/EXC/2018-03-31
ROK,,,Assets,,buildout,2018-03-31,Q1,2018-05-02T23:59:59+00:00,"filing date, end of day",6513600000.0,7158700000.0,-645100000.0,same-quarter mean,measured,8,2557,128250000.0,-773350000.0,-0.1080293908111808,,,results/complex-quarterly/ROK/2018-03-31
SO,,,Assets,,power,2018-03-31,Q1,2018-05-02T23:59:59+00:00,"filing date, end of day",111567000000.0,111005000000.0,562000000.0,same-quarter mean,measured,8,2553,460505625.0,101494375.0,0.0009143225530381515,,,results/complex-quarterly/SO/2018-03-31
AMD,,,Assets,,compute_and_ai,2018-03-31,Q1,2018-05-03T23:59:59+00:00,"filing date, end of day",3763000000.0,3552000000.0,211000000.0,same-quarter mean,measured,5,1450,-168000000.0,379000000.0,0.10670045045045046,,,results/complex-quarterly/AMD/2018-03-31
NRG,,,Assets,,power,2018-03-31,Q1,2018-05-03T23:59:59+00:00,"filing date, end of day",23752000000.0,23355000000.0,397000000.0,same-quarter mean,measured,8,2549,103000000.0,294000000.0,0.012588310854206808,,,results/complex-quarterly/NRG/2018-03-31
PCG,,,Assets,,power,2018-03-31,Q1,2018-05-03T23:59:59+00:00,"filing date, end of day",68154000000.0,68012000000.0,142000000.0,same-quarter mean,measured,8,2552,583000000.0,-441000000.0,-0.006484149855907781,,,results/complex-quarterly/PCG/2018-03-31
PPL,,,Assets,,power,2018-03-31,Q1,2018-05-03T23:59:59+00:00,"filing date, end of day",42388000000.0,41479000000.0,909000000.0,same-quarter mean,measured,8,2555,746375000.0,162625000.0,0.003920658646544034,,,results/complex-quarterly/PPL/2018-03-31
BWXT,,,Assets,,fuel_and_nuclear,2018-03-31,Q1,2018-05-04T23:59:59+00:00,"filing date, end of day",1539539000.0,1712339000.0,-172800000.0,same-quarter mean,measured,6,1818,-48246166.666666664,-124553833.33333334,-0.0727390039783789,,,results/complex-quarterly/BWXT/2018-03-31
D,,,Assets,,power,2018-03-31,Q1,2018-05-04T23:59:59+00:00,"filing date, end of day",77354000000.0,76585000000.0,769000000.0,same-quarter mean,measured,8,2562,468000000.0,301000000.0,0.003930273552262192,,,results/complex-quarterly/D/2018-03-31
EQIX,,,Assets,,data_center_reit,2018-03-31,Q1,2018-05-04T23:59:59+00:00,"filing date, end of day",19941928000.0,18691457000.0,1250471000.0,same-quarter mean,measured,7,2198,1382867000.0,-132396000.0,-0.007083235940354997,,,results/complex-quarterly/EQIX/2018-03-31
ETR,,,Assets,,power,2018-03-31,Q1,2018-05-04T23:59:59+00:00,"filing date, end of day",47281525000.0,46707149000.0,574376000.0,same-quarter mean,measured,8,2555,176638625.0,397737375.0,0.008515556687050198,,,results/complex-quarterly/ETR/2018-03-31
VST,,,Assets,,power,2018-03-31,Q1,2018-05-04T23:59:59+00:00,"filing date, end of day",14776000000.0,14600000000.0,176000000.0,prior same-quarter,measured,1,0,-452000000.0,628000000.0,0.04301369863013699,,,results/complex-quarterly/VST/2018-03-31
SBAC,,,Assets,,data_center_reit,2018-03-31,Q1,2018-05-07T23:59:59+00:00,"filing date, end of day",7405082000.0,7320205000.0,84877000.0,same-quarter mean,measured,7,2194,152826285.7142857,-67949285.7142857,-0.009282429346484928,,,results/complex-quarterly/SBAC/2018-03-31
SRE,,,Assets,,power,2018-03-31,Q1,2018-05-07T23:59:59+00:00,"filing date, end of day",60485000000.0,50454000000.0,10031000000.0,same-quarter mean,measured,7,2192,491000000.0,9540000000.0,0.18908312522297538,,,results/complex-quarterly/SRE/2018-03-31
DLR,,,Assets,,data_center_reit,2018-03-31,Q1,2018-05-08T23:59:59+00:00,"filing date, end of day",21581917000.0,21404345000.0,177572000.0,same-quarter mean,measured,6,1829,112475666.66666667,65096333.33333333,0.003041267244259674,,,results/complex-quarterly/DLR/2018-03-31
J,,,Assets,,buildout,2018-03-30,Q1,2018-05-08T23:59:59+00:00,"filing date, end of day",12601866000.0,12691757000.0,-89891000.0,same-quarter mean,measured,7,2658,-45439428.571428575,-44451571.428571425,-0.0035023969832207965,,,results/complex-quarterly/J/2018-03-30
NVT,,,Assets,,buildout,2018-03-31,Q1,2018-05-08T23:59:59+00:00,"filing date, end of day",5301100000.0,4725000000.0,576100000.0,,missing,0,,,,,,,results/complex-quarterly/NVT/2018-03-31
PRIM,,,Assets,,buildout,2018-03-31,Q1,2018-05-08T23:59:59+00:00,"filing date, end of day",1202447000.0,1255740000.0,-53293000.0,same-quarter mean,measured,6,1825,-23615333.333333332,-29677666.666666668,-0.023633607806286865,,,results/complex-quarterly/PRIM/2018-03-31
STRL,,,Assets,,buildout,2018-03-31,Q1,2018-05-08T23:59:59+00:00,"filing date, end of day",439035000.0,463298000.0,-24263000.0,same-quarter mean,measured,6,1820,2102833.3333333335,-26365833.333333332,-0.05690901608324088,,,results/complex-quarterly/STRL/2018-03-31
PWR,,,Assets,,buildout,2018-03-31,Q1,2018-05-09T23:59:59+00:00,"filing date, end of day",6653402000.0,6480154000.0,173248000.0,same-quarter mean,measured,8,2556,22178125.0,151069875.0,0.02331269827846684,,,results/complex-quarterly/PWR/2018-03-31
DUK,,,Assets,,power,2018-03-31,Q1,2018-05-10T23:59:59+00:00,"filing date, end of day",138541000000.0,137914000000.0,627000000.0,same-quarter mean,measured,7,2192,211000000.0,416000000.0,0.003016372522006468,,,results/complex-quarterly/DUK/2018-03-31
LEU,,,Assets,,fuel_and_nuclear,2018-03-31,Q1,2018-05-10T23:59:59+00:00,"filing date, end of day",580900000.0,675300000.0,-94400000.0,same-quarter mean,measured,7,2198,-216042857.14285713,121642857.14285713,0.18013158173087093,,,results/complex-quarterly/LEU/2018-03-31
PLUG,,,Assets,,fuel_and_nuclear,2018-03-31,Q1,2018-05-10T23:59:59+00:00,"filing date, end of day",298306000.0,270810000.0,27496000.0,same-quarter mean,measured,6,1820,4627747.666666667,22868252.333333332,0.08444389916669744,,,results/complex-quarterly/PLUG/2018-03-31
WULF,,,Assets,,compute_and_ai,2018-03-31,Q1,2018-05-14T23:59:59+00:00,"filing date, end of day",16985529.0,16924230.0,61299.0,same-quarter mean,measured,6,1822,199552.83333333334,-138253.83333333334,-0.008168988091826531,,,results/complex-quarterly/WULF/2018-03-31
NVDA,,,Assets,,compute_and_ai,2018-04-29,Q2,2018-05-22T23:59:59+00:00,"filing date, end of day",11460000000.0,11241000000.0,219000000.0,same-quarter mean,measured,8,2559,-63512500.0,282512500.0,0.025132328084689973,,,results/complex-quarterly/NVDA/2018-04-29
DY,,,Assets,,buildout,2018-04-28,Q2,2018-05-24T23:59:59+00:00,"filing date, end of day",1883010000.0,1840956000.0,42054000.0,same-quarter mean,measured,6,1828,55184333.333333336,-13130333.333333336,-0.007132345006253998,,,results/complex-quarterly/DY/2018-04-28
D,,,Assets,,power,2016-12-31,Q4,2018-06-06T23:59:59+00:00,"filing date, end of day",71610000000.0,69599000000.0,2011000000.0,same-quarter mean,measured,7,2192,1185142857.142857,825857142.8571429,0.011865934034355995,,,results/complex-quarterly/D/2016-12-31
AGX,,,Assets,,buildout,2017-04-30,Q2,2018-06-11T23:59:59+00:00,"filing date, end of day",661357000.0,644488000.0,16869000.0,same-quarter mean,measured,5,1461,25235400.0,-8366400.0,-0.012981467459440673,,,results/complex-quarterly/AGX/2017-04-30
AVGO,,,Assets,,compute_and_ai,2018-05-06,Q2,2018-06-14T23:59:59+00:00,"filing date, end of day",54936000000.0,54418000000.0,518000000.0,,missing,0,,,,,,,results/complex-quarterly/AVGO/2018-05-06
MU,,,Assets,,compute_and_ai,2018-05-31,Q2,2018-06-22T23:59:59+00:00,"filing date, end of day",41845000000.0,41263000000.0,582000000.0,same-quarter mean,measured,7,2180,683428571.4285715,-101428571.42857146,-0.0024580997850028223,,,results/complex-quarterly/MU/2018-05-31
ORCL,,,Assets,,hyperscaler,2017-05-31,Q2,2018-06-22T23:59:59+00:00,"filing date, end of day",134991000000.0,125382000000.0,9609000000.0,same-quarter mean,measured,7,2191,5352285714.285714,4256714285.714286,0.033949963198180645,,,results/complex-quarterly/ORCL/2017-05-31
NEE,,,Assets,,power,2018-06-30,Q2,2018-07-25T23:59:59+00:00,"filing date, end of day",95490000000.0,94284000000.0,1206000000.0,same-quarter mean,measured,9,2917,1300666666.6666667,-94666666.66666675,-0.0010040586596523986,,,results/complex-quarterly/NEE/2018-06-30
AEP,,,Assets,,power,2018-06-30,Q2,2018-07-26T23:59:59+00:00,"filing date, end of day",66870100000.0,65609500000.0,1260600000.0,same-quarter mean,measured,9,2914,662044444.4444444,598555555.5555556,0.009123001326874242,,,results/complex-quarterly/AEP/2018-06-30
EIX,,,Assets,,power,2018-06-30,Q2,2018-07-26T23:59:59+00:00,"filing date, end of day",52820000000.0,51943000000.0,877000000.0,same-quarter mean,measured,9,2911,293555555.5555556,583444444.4444444,0.011232397906251938,,,results/complex-quarterly/EIX/2018-06-30
EME,,,Assets,,buildout,2018-06-30,Q2,2018-07-26T23:59:59+00:00,"filing date, end of day",3869401000.0,3841999000.0,27402000.0,same-quarter mean,measured,8,2555,72605750.0,-45203750.0,-0.011765684998876886,,,results/complex-quarterly/EME/2018-06-30
FIX,,,Assets,,buildout,2018-06-30,Q2,2018-07-26T23:59:59+00:00,"filing date, end of day",959166000.0,882718000.0,76448000.0,same-quarter mean,measured,7,2186,50117714.28571428,26330285.714285716,0.02982864936965794,,,results/complex-quarterly/FIX/2018-06-30
META,,,Assets,,hyperscaler,2018-06-30,Q2,2018-07-26T23:59:59+00:00,"filing date, end of day",90291000000.0,88945000000.0,1346000000.0,same-quarter mean,measured,6,1822,3642833333.3333335,-2296833333.3333335,-0.025823074184421087,,,results/complex-quarterly/META/2018-06-30
NVT,,,Assets,,buildout,2018-06-30,Q2,2018-07-26T23:59:59+00:00,"filing date, end of day",4576800000.0,5301100000.0,-724300000.0,,missing,0,,,,,,,results/complex-quarterly/NVT/2018-06-30
PCG,,,Assets,,power,2018-06-30,Q2,2018-07-26T23:59:59+00:00,"filing date, end of day",69889000000.0,68154000000.0,1735000000.0,same-quarter mean,measured,9,2913,950333333.3333334,784666666.6666666,0.011513141806301416,,,results/complex-quarterly/PCG/2018-06-30
AMZN,,,Assets,,hyperscaler,2018-06-30,Q2,2018-07-27T23:59:59+00:00,"filing date, end of day",134100000000.0,126362000000.0,7738000000.0,same-quarter mean,measured,9,2926,1929222222.2222223,5808777777.777778,0.045969340290417826,,,results/complex-quarterly/AMZN/2018-06-30
FSLR,,,Assets,,fuel_and_nuclear,2018-06-30,Q2,2018-07-27T23:59:59+00:00,"filing date, end of day",7025692000.0,6840189000.0,185503000.0,same-quarter mean,measured,9,2552,239228777.7777778,-53725777.77777779,-0.00785442884367344,,,results/complex-quarterly/FSLR/2018-06-30
IRM,,,Assets,,data_center_reit,2017-06-30,Q2,2018-07-27T23:59:59+00:00,"filing date, end of day",9814693000.0,9672134000.0,142559000.0,same-quarter mean,measured,7,1823,468786000.0,-326227000.0,-0.03372854429022592,,,results/complex-quarterly/IRM/2017-06-30
ROK,,,Assets,,buildout,2018-06-30,Q2,2018-07-27T23:59:59+00:00,"filing date, end of day",5837600000.0,6513600000.0,-676000000.0,same-quarter mean,measured,9,2920,48711111.11111111,-724711111.1111112,-0.11126122437839461,,,results/complex-quarterly/ROK/2018-06-30
WY,,,Assets,,data_center_reit,2018-06-30,Q2,2018-07-27T23:59:59+00:00,"filing date, end of day",18048000000.0,17885000000.0,163000000.0,same-quarter mean,measured,9,2909,1096777777.7777777,-933777777.7777777,-0.052210107787407194,,,results/complex-quarterly/WY/2018-06-30
AMT,,,Assets,,data_center_reit,2017-06-30,Q2,2018-07-31T23:59:59+00:00,"filing date, end of day",32138200000.0,32057400000.0,80800000.0,same-quarter mean,measured,8,2912,624260000.0,-543460000.0,-0.016952716065557406,,,results/complex-quarterly/AMT/2017-06-30
ETN,,,Assets,,buildout,2018-06-30,Q2,2018-07-31T23:59:59+00:00,"filing date, end of day",31865000000.0,32668000000.0,-803000000.0,same-quarter mean,measured,5,1425,94800000.0,-897800000.0,-0.027482551732582343,,,results/complex-quarterly/ETN/2018-06-30
AAPL,,,Assets,,hyperscaler,2018-06-30,Q2,2018-08-01T23:59:59+00:00,"filing date, end of day",349197000000.0,367502000000.0,-18305000000.0,same-quarter mean,measured,9,2842,8974444444.444445,-27279444444.444443,-0.07422937683181165,,,results/complex-quarterly/AAPL/2018-06-30
AMD,,,Assets,,compute_and_ai,2018-06-30,Q2,2018-08-02T23:59:59+00:00,"filing date, end of day",4103000000.0,3763000000.0,340000000.0,same-quarter mean,measured,8,2469,-415125000.0,755125000.0,0.20067100717512623,,,results/complex-quarterly/AMD/2018-06-30
D,,,Assets,,power,2018-06-30,Q2,2018-08-02T23:59:59+00:00,"filing date, end of day",78075000000.0,77354000000.0,721000000.0,same-quarter mean,measured,9,2925,661000000.0,60000000.0,0.0007756547819117305,,,results/complex-quarterly/D/2018-06-30
DUK,,,Assets,,power,2018-06-30,Q2,2018-08-02T23:59:59+00:00,"filing date, end of day",140259000000.0,138541000000.0,1718000000.0,same-quarter mean,measured,9,2918,346555555.5555556,1371444444.4444444,0.009899195504900675,,,results/complex-quarterly/DUK/2018-06-30
EXC,,,Assets,,power,2018-06-30,Q2,2018-08-02T23:59:59+00:00,"filing date, end of day",117249000000.0,117018000000.0,231000000.0,same-quarter mean,measured,9,2931,138000000.0,93000000.0,0.0007947495257139927,,,results/complex-quarterly/EXC/2018-06-30
MTZ,,,Assets,,buildout,2018-06-30,Q2,2018-08-02T23:59:59+00:00,"filing date, end of day",4582157000.0,4154348000.0,427809000.0,same-quarter mean,measured,7,2192,287400571.4285714,140408428.5714286,0.0337979458079652,,,results/complex-quarterly/MTZ/2018-06-30
NRG,,,Assets,,power,2018-06-30,Q2,2018-08-02T23:59:59+00:00,"filing date, end of day",22947000000.0,23752000000.0,-805000000.0,same-quarter mean,measured,9,2900,-112000000.0,-693000000.0,-0.029176490400808355,,,results/complex-quarterly/NRG/2018-06-30
STRL,,,Assets,,buildout,2018-06-30,Q2,2018-08-02T23:59:59+00:00,"filing date, end of day",470685000.0,439035000.0,31650000.0,same-quarter mean,measured,7,2186,45534285.71428572,-13884285.714285716,-0.03162455320028179,,,results/complex-quarterly/STRL/2018-06-30
MSFT,,,Assets,,hyperscaler,2017-06-30,Q2,2018-08-03T23:59:59+00:00,"filing date, end of day",250312000000.0,225017000000.0,25295000000.0,same-quarter mean,measured,7,2197,6774285714.285714,18520714285.714287,0.0823080668825657,,,results/complex-quarterly/MSFT/2017-06-30
BWXT,,,Assets,,fuel_and_nuclear,2018-06-30,Q2,2018-08-06T23:59:59+00:00,"filing date, end of day",1742465000.0,1539539000.0,202926000.0,same-quarter mean,measured,7,2191,-169651000.0,372577000.0,0.24200556140506996,,,results/complex-quarterly/BWXT/2018-06-30
J,,,Assets,,buildout,2018-06-29,Q2,2018-08-06T23:59:59+00:00,"filing date, end of day",12551812000.0,12601866000.0,-50054000.0,same-quarter mean,measured,9,2931,173485222.2222222,-223539222.2222222,-0.017738581113481307,,,results/complex-quarterly/J/2018-06-29
SBAC,,,Assets,,data_center_reit,2018-06-30,Q2,2018-08-06T23:59:59+00:00,"filing date, end of day",7289378000.0,7405082000.0,-115704000.0,same-quarter mean,measured,8,2557,370536125.0,-486240125.0,-0.0656630304701555,,,results/complex-quarterly/SBAC/2018-06-30
SRE,,,Assets,,power,2018-06-30,Q2,2018-08-06T23:59:59+00:00,"filing date, end of day",59907000000.0,60485000000.0,-578000000.0,same-quarter mean,measured,7,2187,636285714.2857143,-1214285714.2857141,-0.020075815727630224,,,results/complex-quarterly/SRE/2018-06-30
VST,,,Assets,,power,2018-06-30,Q2,2018-08-06T23:59:59+00:00,"filing date, end of day",26470000000.0,14776000000.0,11694000000.0,prior same-quarter,measured,1,0,69000000.0,11625000000.0,0.7867487818083378,,,results/complex-quarterly/VST/2018-06-30
DLR,,,Assets,,data_center_reit,2018-06-30,Q2,2018-08-07T23:59:59+00:00,"filing date, end of day",21411423000.0,21581917000.0,-170494000.0,same-quarter mean,measured,8,2554,250019625.0,-420513625.0,-0.019484535363563857,,,results/complex-quarterly/DLR/2018-06-30
ETR,,,Assets,,power,2018-06-30,Q2,2018-08-07T23:59:59+00:00,"filing date, end of day",47622649000.0,47281525000.0,341124000.0,same-quarter mean,measured,9,2890,143672111.1111111,197451888.8888889,0.004176089685958498,,,results/complex-quarterly/ETR/2018-06-30
PPL,,,Assets,,power,2018-06-30,Q2,2018-08-07T23:59:59+00:00,"filing date, end of day",42830000000.0,42388000000.0,442000000.0,same-quarter mean,measured,9,2900,100222222.22222222,341777777.7777778,0.00806307864909356,,,results/complex-quarterly/PPL/2018-06-30
PRIM,,,Assets,,buildout,2018-06-30,Q2,2018-08-07T23:59:59+00:00,"filing date, end of day",1614001000.0,1202447000.0,411554000.0,same-quarter mean,measured,7,2195,13197714.285714285,398356285.71428573,0.33128801994124124,,,results/complex-quarterly/PRIM/2018-06-30
PWR,,,Assets,,buildout,2018-06-30,Q2,2018-08-07T23:59:59+00:00,"filing date, end of day",6790382000.0,6653402000.0,136980000.0,same-quarter mean,measured,9,2920,42206222.222222224,94773777.77777778,0.014244408766789948,,,results/complex-quarterly/PWR/2018-06-30
VRT,,,Assets,,buildout,2018-06-30,Q2,2018-08-07T23:59:59+00:00,"filing date, end of day",692424839.0,25000.0,692399839.0,,missing,0,,,,,,,results/complex-quarterly/VRT/2018-06-30
EQIX,,,Assets,,data_center_reit,2018-06-30,Q2,2018-08-08T23:59:59+00:00,"filing date, end of day",20070288000.0,19941928000.0,128360000.0,same-quarter mean,measured,8,2557,116974375.0,11385625.0,0.0005709390285633365,,,results/complex-quarterly/EQIX/2018-06-30
SO,,,Assets,,power,2018-06-30,Q2,2018-08-08T23:59:59+00:00,"filing date, end of day",112777000000.0,111567000000.0,1210000000.0,same-quarter mean,measured,9,2897,2668610444.4444447,-1458610444.4444447,-0.0130738519853043,,,results/complex-quarterly/SO/2018-06-30
LEU,,,Assets,,fuel_and_nuclear,2018-06-30,Q2,2018-08-09T23:59:59+00:00,"filing date, end of day",525800000.0,580900000.0,-55100000.0,same-quarter mean,measured,8,2555,16162500.0,-71262500.0,-0.1226760199690136,,,results/complex-quarterly/LEU/2018-06-30
PLUG,,,Assets,,fuel_and_nuclear,2018-06-30,Q2,2018-08-09T23:59:59+00:00,"filing date, end of day",276227000.0,298306000.0,-22079000.0,same-quarter mean,measured,7,2189,20277986.285714287,-42356986.28571428,-0.14199173427860748,,,results/complex-quarterly/PLUG/2018-06-30
WULF,,,Assets,,compute_and_ai,2018-06-30,Q2,2018-08-13T23:59:59+00:00,"filing date, end of day",17405304.0,16985529.0,419775.0,same-quarter mean,measured,7,2194,349616.5714285714,70158.42857142858,0.004130482398954344,,,results/complex-quarterly/WULF/2018-06-30
NVDA,,,Assets,,compute_and_ai,2018-07-29,Q3,2018-08-16T23:59:59+00:00,"filing date, end of day",12882000000.0,11460000000.0,1422000000.0,same-quarter mean,measured,9,2925,-46729444.44444445,1468729444.4444444,0.12816138258677526,,,results/complex-quarterly/NVDA/2018-07-29
DY,,,Assets,,buildout,2018-07-28,Q3,2018-08-30T23:59:59+00:00,"filing date, end of day",1952385000.0,1883010000.0,69375000.0,same-quarter mean,measured,6,1631,65378833.333333336,3996166.666666664,0.002122222753286846,,,results/complex-quarterly/DY/2018-07-28
AGX,,,Assets,,buildout,2017-07-31,Q3,2018-09-05T23:59:59+00:00,"filing date, end of day",643321000.0,661357000.0,-18036000.0,same-quarter mean,measured,6,1819,7717333.333333333,-25753333.333333332,-0.03894013873495454,,,results/complex-quarterly/AGX/2017-07-31
AVGO,,,Assets,,compute_and_ai,2018-08-05,Q3,2018-09-13T23:59:59+00:00,"filing date, end of day",50372000000.0,54936000000.0,-4564000000.0,,missing,0,,,,,,,results/complex-quarterly/AVGO/2018-08-05
ORCL,,,Assets,,hyperscaler,2018-08-31,Q3,2018-09-19T23:59:59+00:00,"filing date, end of day",128358000000.0,137851000000.0,-9493000000.0,same-quarter mean,measured,9,2919,3368888888.888889,-12861888888.88889,-0.09330283341353265,,,results/complex-quarterly/ORCL/2018-08-31
MU,,,Assets,,compute_and_ai,2017-08-31,Q3,2018-10-15T23:59:59+00:00,"filing date, end of day",35336000000.0,33267000000.0,2069000000.0,same-quarter mean,measured,7,2193,1384428571.4285715,684571428.5714285,0.0205780932627357,,,results/complex-quarterly/MU/2017-08-31
NEE,,,Assets,,power,2018-09-30,Q3,2018-10-23T23:59:59+00:00,"filing date, end of day",98603000000.0,95490000000.0,3113000000.0,same-quarter mean,measured,9,2918,1985777777.7777777,1127222222.2222223,0.011804610139514319,,,results/complex-quarterly/NEE/2018-09-30
MSFT,,,Assets,,hyperscaler,2018-09-30,Q3,2018-10-24T23:59:59+00:00,"filing date, end of day",257619000000.0,258848000000.0,-1229000000.0,same-quarter mean,measured,9,2925,2435666666.6666665,-3664666666.6666665,-0.014157600857131082,,,results/complex-quarterly/MSFT/2018-09-30
AEP,,,Assets,,power,2018-09-30,Q3,2018-10-25T23:59:59+00:00,"filing date, end of day",67617400000.0,66870100000.0,747300000.0,same-quarter mean,measured,9,2919,163077777.7777778,584222222.2222222,0.008736673374530952,,,results/complex-quarterly/AEP/2018-09-30
EME,,,Assets,,buildout,2018-09-30,Q3,2018-10-25T23:59:59+00:00,"filing date, end of day",3995893000.0,3869401000.0,126492000.0,same-quarter mean,measured,8,2550,77081000.0,49411000.0,0.012769676753585374,,,results/complex-quarterly/EME/2018-09-30
FIX,,,Assets,,buildout,2018-09-30,Q3,2018-10-25T23:59:59+00:00,"filing date, end of day",1059940000.0,959166000.0,100774000.0,same-quarter mean,measured,7,2180,-15664571.42857143,116438571.42857143,0.12139564103457737,,,results/complex-quarterly/FIX/2018-09-30
IRM,,,Assets,,data_center_reit,2017-09-30,Q3,2018-10-25T23:59:59+00:00,"filing date, end of day",10260006000.0,9814693000.0,445313000.0,same-quarter mean,measured,8,2185,61975000.0,383338000.0,0.039057564001237735,,,results/complex-quarterly/IRM/2017-09-30
NVT,,,Assets,,buildout,2018-09-30,Q3,2018-10-25T23:59:59+00:00,"filing date, end of day",4583100000.0,4576800000.0,6300000.0,,missing,0,,,,,,,results/complex-quarterly/NVT/2018-09-30
AMZN,,,Assets,,hyperscaler,2018-09-30,Q3,2018-10-26T23:59:59+00:00,"filing date, end of day",143695000000.0,134100000000.0,9595000000.0,same-quarter mean,measured,9,2926,5315888888.888889,4279111111.1111107,0.03190985168613804,,,results/complex-quarterly/AMZN/2018-09-30
FSLR,,,Assets,,fuel_and_nuclear,2018-09-30,Q3,2018-10-26T23:59:59+00:00,"filing date, end of day",7094555000.0,7025692000.0,68863000.0,same-quarter mean,measured,9,2552,372474222.2222222,-303611222.2222222,-0.04321442246859416,,,results/complex-quarterly/FSLR/2018-09-30
WY,,,Assets,,data_center_reit,2018-09-30,Q3,2018-10-26T23:59:59+00:00,"filing date, end of day",17427000000.0,18048000000.0,-621000000.0,same-quarter mean,measured,9,2912,-414666666.6666667,-206333333.3333333,-0.01143247635933806,,,results/complex-quarterly/WY/2018-09-30
AMT,,,Assets,,data_center_reit,2017-09-30,Q3,2018-10-30T23:59:59+00:00,"filing date, end of day",32319300000.0,32138200000.0,181100000.0,same-quarter mean,measured,8,2917,613510625.0,-432410625.0,-0.013454724440074428,,,results/complex-quarterly/AMT/2017-09-30
EIX,,,Assets,,power,2018-09-30,Q3,2018-10-30T23:59:59+00:00,"filing date, end of day",53563000000.0,52820000000.0,743000000.0,same-quarter mean,measured,9,2915,963111111.1111112,-220111111.11111116,-0.0041671925617400825,,,results/complex-quarterly/EIX/2018-09-30
ETN,,,Assets,,buildout,2018-09-30,Q3,2018-10-30T23:59:59+00:00,"filing date, end of day",31628000000.0,31865000000.0,-237000000.0,same-quarter mean,measured,6,1812,-2959537275.3333335,2722537275.3333335,0.08543973875202679,,,results/complex-quarterly/ETN/2018-09-30
AMD,,,Assets,,compute_and_ai,2018-09-29,Q3,2018-10-31T23:59:59+00:00,"filing date, end of day",4347000000.0,4103000000.0,244000000.0,same-quarter mean,measured,9,2556,17777777.777777776,226222222.2222222,0.055135808487014916,,,results/complex-quarterly/AMD/2018-09-29
META,,,Assets,,hyperscaler,2018-09-30,Q3,2018-10-31T23:59:59+00:00,"filing date, end of day",92452000000.0,90291000000.0,2161000000.0,same-quarter mean,measured,6,1835,2545166666.6666665,-384166666.6666665,-0.004254761456475911,,,results/complex-quarterly/META/2018-09-30
EXC,,,Assets,,power,2018-09-30,Q3,2018-11-01T23:59:59+00:00,"filing date, end of day",119485000000.0,117249000000.0,2236000000.0,same-quarter mean,measured,8,2568,1752125000.0,483875000.0,0.004126900869090568,,,results/complex-quarterly/EXC/2018-09-30
MTZ,,,Assets,,buildout,2018-09-30,Q3,2018-11-01T23:59:59+00:00,"filing date, end of day",4974806000.0,4582157000.0,392649000.0,same-quarter mean,measured,7,2191,52113142.85714286,340535857.14285713,0.0743178064703713,,,results/complex-quarterly/MTZ/2018-09-30
PPL,,,Assets,,power,2018-09-30,Q3,2018-11-01T23:59:59+00:00,"filing date, end of day",43042000000.0,42830000000.0,212000000.0,same-quarter mean,measured,9,2924,227111111.1111111,-15111111.111111104,-0.0003528160427530027,,,results/complex-quarterly/PPL/2018-09-30
D,,,Assets,,power,2018-09-30,Q3,2018-11-02T23:59:59+00:00,"filing date, end of day",79082000000.0,78075000000.0,1007000000.0,same-quarter mean,measured,9,2921,1482000000.0,-475000000.0,-0.006083893691962856,,,results/complex-quarterly/D/2018-09-30
DLR,,,Assets,,data_center_reit,2018-09-30,Q3,2018-11-02T23:59:59+00:00,"filing date, end of day",21462110000.0,21411423000.0,50687000.0,same-quarter mean,measured,7,2194,1655863000.0,-1605176000.0,-0.07496820739098004,,,results/complex-quarterly/DLR/2018-09-30
DUK,,,Assets,,power,2018-09-30,Q3,2018-11-02T23:59:59+00:00,"filing date, end of day",143165000000.0,140259000000.0,2906000000.0,same-quarter mean,measured,9,2919,7585222222.222222,-4679222222.222222,-0.0333612974726914,,,results/complex-quarterly/DUK/2018-09-30
EQIX,,,Assets,,data_center_reit,2018-09-30,Q3,2018-11-02T23:59:59+00:00,"filing date, end of day",20288071000.0,20070288000.0,217783000.0,same-quarter mean,measured,8,2562,237845500.0,-20062500.0,-0.000999611963714721,,,results/complex-quarterly/EQIX/2018-09-30
VST,,,Assets,,power,2018-09-30,Q3,2018-11-02T23:59:59+00:00,"filing date, end of day",25888000000.0,26470000000.0,-582000000.0,prior same-quarter,measured,1,0,216000000.0,-798000000.0,-0.030147336607480167,,,results/complex-quarterly/VST/2018-09-30
AAPL,,,Assets,,hyperscaler,2017-09-30,Q3,2018-11-05T23:59:59+00:00,"filing date, end of day",375319000000.0,345173000000.0,30146000000.0,same-quarter mean,measured,9,2200,10331333333.333334,19814666666.666664,0.057405030714067044,,,results/complex-quarterly/AAPL/2017-09-30
PCG,,,Assets,,power,2018-09-30,Q3,2018-11-05T23:59:59+00:00,"filing date, end of day",71385000000.0,69889000000.0,1496000000.0,same-quarter mean,measured,9,2926,728555555.5555556,767444444.4444444,0.010980904640851127,,,results/complex-quarterly/PCG/2018-09-30
BWXT,,,Assets,,fuel_and_nuclear,2018-09-30,Q3,2018-11-06T23:59:59+00:00,"filing date, end of day",1735704000.0,1742465000.0,-6761000.0,same-quarter mean,measured,7,2191,24365285.714285713,-31126285.714285713,-0.017863363519086874,,,results/complex-quarterly/BWXT/2018-09-30
ETR,,,Assets,,power,2018-09-30,Q3,2018-11-06T23:59:59+00:00,"filing date, end of day",48471172000.0,47622649000.0,848523000.0,same-quarter mean,measured,9,2919,357811222.2222222,490711777.7777778,0.010304168039408682,,,results/complex-quarterly/ETR/2018-09-30
PRIM,,,Assets,,buildout,2018-09-30,Q3,2018-11-06T23:59:59+00:00,"filing date, end of day",1621146000.0,1614001000.0,7145000.0,same-quarter mean,measured,7,2190,59203571.428571425,-52058571.428571425,-0.03225436132231109,,,results/complex-quarterly/PRIM/2018-09-30
STRL,,,Assets,,buildout,2018-09-30,Q3,2018-11-06T23:59:59+00:00,"filing date, end of day",494164000.0,470685000.0,23479000.0,same-quarter mean,measured,7,2184,11304714.285714285,12174285.714285715,0.025865038644285913,,,results/complex-quarterly/STRL/2018-09-30
VRT,,,Assets,,buildout,2018-09-30,Q3,2018-11-06T23:59:59+00:00,"filing date, end of day",695164081.0,692424839.0,2739242.0,,missing,0,,,,,,,results/complex-quarterly/VRT/2018-09-30
PWR,,,Assets,,buildout,2018-09-30,Q3,2018-11-07T23:59:59+00:00,"filing date, end of day",7191174000.0,6790382000.0,400792000.0,same-quarter mean,measured,9,2922,185642222.2222222,215149777.7777778,0.03168448811536344,,,results/complex-quarterly/PWR/2018-09-30
SO,,,Assets,,power,2018-09-30,Q3,2018-11-07T23:59:59+00:00,"filing date, end of day",111717000000.0,112777000000.0,-1060000000.0,same-quarter mean,measured,9,2917,2323716444.4444447,-3383716444.4444447,-0.030003603965741636,,,results/complex-quarterly/SO/2018-09-30
SRE,,,Assets,,power,2018-09-30,Q3,2018-11-07T23:59:59+00:00,"filing date, end of day",60605000000.0,59907000000.0,698000000.0,same-quarter mean,measured,7,2188,926857142.8571428,-228857142.8571428,-0.003820207035190258,,,results/complex-quarterly/SRE/2018-09-30
LEU,,,Assets,,fuel_and_nuclear,2018-09-30,Q3,2018-11-08T23:59:59+00:00,"filing date, end of day",506000000.0,525800000.0,-19800000.0,same-quarter mean,measured,7,2568,-27800000.0,8000000.0,0.015214910612400151,,,results/complex-quarterly/LEU/2018-09-30
NRG,,,Assets,,power,2018-09-30,Q3,2018-11-08T23:59:59+00:00,"filing date, end of day",11450000000.0,22947000000.0,-11497000000.0,same-quarter mean,measured,9,2922,280111111.1111111,-11777111111.11111,-0.5132309718530139,,,results/complex-quarterly/NRG/2018-09-30
SBAC,,,Assets,,data_center_reit,2018-09-30,Q3,2018-11-08T23:59:59+00:00,"filing date, end of day",7213823000.0,7289378000.0,-75555000.0,same-quarter mean,measured,8,2560,45827250.0,-121382250.0,-0.01665193518569074,,,results/complex-quarterly/SBAC/2018-09-30
PLUG,,,Assets,,fuel_and_nuclear,2018-09-30,Q3,2018-11-09T23:59:59+00:00,"filing date, end of day",319278000.0,276227000.0,43051000.0,same-quarter mean,measured,7,2191,5886371.0,37164629.0,0.13454379550152593,,,results/complex-quarterly/PLUG/2018-09-30
ROK,,,Assets,,buildout,2016-09-30,Q3,2018-11-09T23:59:59+00:00,"filing date, end of day",7101200000.0,6855700000.0,245500000.0,same-quarter mean,measured,7,2193,91071428.57142857,154428571.42857143,0.022525573089337548,,,results/complex-quarterly/ROK/2016-09-30
WULF,,,Assets,,compute_and_ai,2018-09-30,Q3,2018-11-13T23:59:59+00:00,"filing date, end of day",17306077.0,17405304.0,-99227.0,same-quarter mean,measured,7,2192,344020.28571428574,-443247.28571428574,-0.02546621913149496,,,results/complex-quarterly/WULF/2018-09-30
NVDA,,,Assets,,compute_and_ai,2018-10-28,Q4,2018-11-15T23:59:59+00:00,"filing date, end of day",13657000000.0,12882000000.0,775000000.0,same-quarter mean,measured,9,2924,402809888.8888889,372190111.1111111,0.02889226138108299,,,results/complex-quarterly/NVDA/2018-10-28
DY,,,Assets,,buildout,2018-10-27,Q4,2018-11-21T23:59:59+00:00,"filing date, end of day",2133212000.0,1952385000.0,180827000.0,same-quarter mean,measured,7,2191,54832571.428571425,125994428.57142857,0.06453359791815065,,,results/complex-quarterly/DY/2018-10-27
J,,,Assets,,buildout,2017-09-29,Q3,2018-11-21T23:59:59+00:00,"filing date, end of day",7380859000.0,7244759000.0,136100000.0,same-quarter mean,measured,9,3036,101902777.77777778,34197222.222222224,0.0047202705048190316,,,results/complex-quarterly/J/2017-09-29
AGX,,,Assets,,buildout,2017-10-31,Q4,2018-12-06T23:59:59+00:00,"filing date, end of day",642301000.0,643321000.0,-1020000.0,same-quarter mean,measured,6,1818,29321500.0,-30341500.0,-0.04716385754545553,,,results/complex-quarterly/AGX/2017-10-31
MU,,,Assets,,compute_and_ai,2018-11-29,Q4,2018-12-19T23:59:59+00:00,"filing date, end of day",44595000000.0,43376000000.0,1219000000.0,same-quarter mean,measured,9,2899,287444444.4444444,931555555.5555556,0.021476290011885734,,,results/complex-quarterly/MU/2018-11-29
ORCL,,,Assets,,hyperscaler,2018-11-30,Q4,2018-12-19T23:59:59+00:00,"filing date, end of day",118318000000.0,128358000000.0,-10040000000.0,same-quarter mean,measured,9,2918,522555555.5555556,-10562555555.555555,-0.08228981096274136,,,results/complex-quarterly/ORCL/2018-11-30
AAPL,,,Assets,,hyperscaler,2018-12-29,Q4,2019-01-30T23:59:59+00:00,"filing date, end of day",373719000000.0,365725000000.0,7994000000.0,same-quarter mean,measured,9,2930,16936222222.222221,-8942222222.222221,-0.024450672560591212,,,results/complex-quarterly/AAPL/2018-12-29
MSFT,,,Assets,,hyperscaler,2018-12-31,Q4,2019-01-30T23:59:59+00:00,"filing date, end of day",258859000000.0,257619000000.0,1240000000.0,same-quarter mean,measured,9,2925,6162888888.888889,-4922888888.888889,-0.01910918406207962,,,results/complex-quarterly/MSFT/2018-12-31
META,,,Assets,,hyperscaler,2017-12-31,Q4,2019-01-31T23:59:59+00:00,"filing date, end of day",84524000000.0,78998000000.0,5526000000.0,same-quarter mean,measured,5,1462,5139400000.0,386600000.0,0.004893794779614674,,,results/complex-quarterly/META/2017-12-31
ROK,,,Assets,,buildout,2018-12-31,Q4,2019-01-31T23:59:59+00:00,"filing date, end of day",5935400000.0,6262000000.0,-326600000.0,same-quarter mean,measured,9,2914,30166666.666666668,-356766666.6666667,-0.05697327797295859,,,results/complex-quarterly/ROK/2018-12-31
AMZN,,,Assets,,hyperscaler,2016-12-31,Q4,2019-02-01T23:59:59+00:00,"filing date, end of day",83402000000.0,70897000000.0,12505000000.0,same-quarter mean,measured,7,2562,8046000000.0,4459000000.0,0.0628940575764842,,,results/complex-quarterly/AMZN/2016-12-31
J,,,Assets,,buildout,2018-12-28,Q4,2019-02-06T23:59:59+00:00,"filing date, end of day",12945259000.0,12645795000.0,299464000.0,same-quarter mean,measured,10,2633,611700300.0,-312236300.0,-0.02469091899718444,,,results/complex-quarterly/J/2018-12-28
AMD,,,Assets,,compute_and_ai,2017-12-30,Q4,2019-02-08T23:59:59+00:00,"filing date, end of day",3552000000.0,3586000000.0,-34000000.0,same-quarter mean,measured,8,2302,-186375000.0,152375000.0,0.042491634132738425,,,results/complex-quarterly/AMD/2017-12-30
EXC,,,Assets,,power,2017-12-31,Q4,2019-02-08T23:59:59+00:00,"filing date, end of day",116770000000.0,118473000000.0,-1703000000.0,same-quarter mean,measured,8,2556,539625000.0,-2242625000.0,-0.0189294185172993,,,results/complex-quarterly/EXC/2017-12-31
IRM,,,Assets,,data_center_reit,2016-12-31,Q4,2019-02-14T23:59:59+00:00,"filing date, end of day",9486800000.0,9904916000.0,-418116000.0,same-quarter mean,measured,7,2180,-37556000.0,-380560000.0,-0.03842132532976554,,,results/complex-quarterly/IRM/2016-12-31
PPL,,,Assets,,power,2017-12-31,Q4,2019-02-14T23:59:59+00:00,"filing date, end of day",41479000000.0,40758000000.0,721000000.0,same-quarter mean,measured,8,2551,1304500000.0,-583500000.0,-0.014316207861033417,,,results/complex-quarterly/PPL/2017-12-31
NEE,,,Assets,,power,2016-12-31,Q4,2019-02-15T23:59:59+00:00,"filing date, end of day",90474000000.0,87864000000.0,2610000000.0,same-quarter mean,measured,7,2545,1580714285.7142856,1029285714.2857144,0.01171453284946866,,,results/complex-quarterly/NEE/2016-12-31
WY,,,Assets,,data_center_reit,2017-12-31,Q4,2019-02-15T23:59:59+00:00,"filing date, end of day",18059000000.0,18402000000.0,-343000000.0,same-quarter mean,measured,8,2186,-441000000.0,98000000.0,0.005325508096945984,,,results/complex-quarterly/WY/2017-12-31
SO,,,Assets,,power,2016-12-31,Q4,2019-02-20T23:59:59+00:00,"filing date, end of day",109697000000.0,106362000000.0,3335000000.0,same-quarter mean,measured,7,2189,1431144714.2857144,1903855285.7142856,0.017899769520263682,,,results/complex-quarterly/SO/2016-12-31
AEP,,,Assets,,power,2016-12-31,Q4,2019-02-21T23:59:59+00:00,"filing date, end of day",63467700000.0,61442000000.0,2025700000.0,same-quarter mean,measured,7,2555,977100000.0,1048600000.0,0.01706650174147977,,,results/complex-quarterly/AEP/2016-12-31
EME,,,Assets,,buildout,2016-12-31,Q4,2019-02-21T23:59:59+00:00,"filing date, end of day",3852438000.0,3894953000.0,-42515000.0,same-quarter mean,measured,6,1822,38023500.0,-80538500.0,-0.020677656444121405,,,results/complex-quarterly/EME/2016-12-31
FIX,,,Assets,,buildout,2017-12-31,Q4,2019-02-21T23:59:59+00:00,"filing date, end of day",881120000.0,884587000.0,-3467000.0,same-quarter mean,measured,6,1820,2082500.0,-5549500.0,-0.006273549125184973,,,results/complex-quarterly/FIX/2017-12-31
NVDA,,,Assets,,compute_and_ai,2018-01-28,Q1,2019-02-21T23:59:59+00:00,"filing date, end of day",11241000000.0,9830000000.0,1411000000.0,same-quarter mean,measured,8,2541,472831125.0,938168875.0,0.09543935656154628,,,results/complex-quarterly/NVDA/2018-01-28
EQIX,,,Assets,,data_center_reit,2017-12-31,Q4,2019-02-22T23:59:59+00:00,"filing date, end of day",18691457000.0,18308496000.0,382961000.0,same-quarter mean,measured,7,2194,393102571.4285714,-10141571.428571403,-0.0005539270636196115,,,results/complex-quarterly/EQIX/2017-12-31
FSLR,,,Assets,,fuel_and_nuclear,2017-12-31,Q4,2019-02-22T23:59:59+00:00,"filing date, end of day",6864501000.0,7054693000.0,-190192000.0,same-quarter mean,measured,8,2186,-21559250.0,-168632750.0,-0.023903626989863345,,,results/complex-quarterly/FSLR/2017-12-31
BWXT,,,Assets,,fuel_and_nuclear,2017-12-31,Q4,2019-02-25T23:59:59+00:00,"filing date, end of day",1712339000.0,1723512000.0,-11173000.0,same-quarter mean,measured,7,1825,60875714.28571428,-72048714.28571428,-0.041803430603160455,,,results/complex-quarterly/BWXT/2017-12-31
CCI,,,Assets,,data_center_reit,2016-12-31,Q4,2019-02-25T23:59:59+00:00,"filing date, end of day",22675000000.0,22171723000.0,503277000.0,same-quarter mean,measured,7,2566,1295845571.4285715,-792568571.4285715,-0.03574681910957355,,,results/complex-quarterly/CCI/2016-12-31
CCI,,,Assets,,data_center_reit,2017-12-31,Q4,2019-02-25T23:59:59+00:00,"filing date, end of day",32229000000.0,31011756000.0,1217244000.0,same-quarter mean,measured,7,2566,1295845571.4285715,-78601571.42857146,-0.002534573386575448,,,results/complex-quarterly/CCI/2017-12-31
DLR,,,Assets,,data_center_reit,2017-12-31,Q4,2019-02-25T23:59:59+00:00,"filing date, end of day",21404345000.0,21232498000.0,171847000.0,same-quarter mean,measured,7,2193,460198142.85714287,-288351142.85714287,-0.013580650889836083,,,results/complex-quarterly/DLR/2017-12-31
ETR,,,Assets,,power,2017-12-31,Q4,2019-02-26T23:59:59+00:00,"filing date, end of day",46707149000.0,46398442000.0,308707000.0,same-quarter mean,measured,8,2190,481895625.0,-173188625.0,-0.0037326388028287674,,,results/complex-quarterly/ETR/2017-12-31
SRE,,,Assets,,power,2016-12-31,Q4,2019-02-26T23:59:59+00:00,"filing date, end of day",47786000000.0,45526000000.0,2260000000.0,same-quarter mean,measured,6,1827,829666666.6666666,1430333333.3333335,0.03141794432485467,,,results/complex-quarterly/SRE/2016-12-31
AMT,,,Assets,,data_center_reit,2016-12-31,Q4,2019-02-27T23:59:59+00:00,"filing date, end of day",30879200000.0,30655527000.0,223673000.0,same-quarter mean,measured,7,2557,885496571.4285715,-661823571.4285715,-0.0215890456369767,,,results/complex-quarterly/AMT/2016-12-31
ETN,,,Assets,,buildout,2016-12-31,Q4,2019-02-27T23:59:59+00:00,"filing date, end of day",30476000000.0,31237000000.0,-761000000.0,same-quarter mean,measured,5,1463,6942244730.4,-7703244730.4,-0.24660641964337163,,,results/complex-quarterly/ETN/2016-12-31
DUK,,,Assets,,power,2016-12-31,Q4,2019-02-28T23:59:59+00:00,"filing date, end of day",132761000000.0,129686000000.0,3075000000.0,same-quarter mean,measured,7,2187,1044285714.2857143,2030714285.7142859,0.015658700906144733,,,results/complex-quarterly/DUK/2016-12-31
EIX,,,Assets,,power,2017-12-31,Q4,2019-02-28T23:59:59+00:00,"filing date, end of day",52580000000.0,53592000000.0,-1012000000.0,same-quarter mean,measured,8,2185,-1027500000.0,15500000.0,0.00028922227198089267,,,results/complex-quarterly/EIX/2017-12-31
MTZ,,,Assets,,buildout,2016-12-31,Q4,2019-02-28T23:59:59+00:00,"filing date, end of day",3183100000.0,3214046000.0,-30946000.0,same-quarter mean,measured,5,1461,-6795400.0,-24150600.0,-0.007514080383417039,,,results/complex-quarterly/MTZ/2016-12-31
NRG,,,Assets,,power,2017-12-31,Q4,2019-02-28T23:59:59+00:00,"filing date, end of day",23355000000.0,25470000000.0,-2115000000.0,same-quarter mean,measured,8,2564,-209375000.0,-1905625000.0,-0.0748184138201806,,,results/complex-quarterly/NRG/2017-12-31
PCG,,,Assets,,power,2017-12-31,Q4,2019-02-28T23:59:59+00:00,"filing date, end of day",68012000000.0,71526000000.0,-3514000000.0,same-quarter mean,measured,8,2549,1361500000.0,-4875500000.0,-0.0681640242708945,,,results/complex-quarterly/PCG/2017-12-31
PRIM,,,Assets,,buildout,2017-12-31,Q4,2019-02-28T23:59:59+00:00,"filing date, end of day",1255740000.0,1261692000.0,-5952000.0,same-quarter mean,measured,6,1817,32059833.333333332,-38011833.33333333,-0.030127664543591722,,,results/complex-quarterly/PRIM/2017-12-31
PWR,,,Assets,,buildout,2017-12-31,Q4,2019-02-28T23:59:59+00:00,"filing date, end of day",6480154000.0,6640246000.0,-160092000.0,same-quarter mean,measured,8,2556,106753250.0,-266845250.0,-0.04018604883011864,,,results/complex-quarterly/PWR/2017-12-31
SBAC,,,Assets,,data_center_reit,2017-12-31,Q4,2019-02-28T23:59:59+00:00,"filing date, end of day",7320205000.0,7300470000.0,19735000.0,same-quarter mean,measured,7,2194,-59123857.14285714,78858857.14285713,0.010801887706251397,,,results/complex-quarterly/SBAC/2017-12-31
VST,,,Assets,,power,2017-12-31,Q4,2019-02-28T23:59:59+00:00,"filing date, end of day",14600000000.0,15000000000.0,-400000000.0,,missing,0,,,,,,,results/complex-quarterly/VST/2017-12-31
WULF,,,Assets,,compute_and_ai,2017-12-31,Q4,2019-03-01T23:59:59+00:00,"filing date, end of day",16924230.0,17357548.0,-433318.0,same-quarter mean,measured,6,1823,-306193.0,-127125.0,-0.007323903122722172,,,results/complex-quarterly/WULF/2017-12-31
DY,,,Assets,,buildout,2018-01-27,Q1,2019-03-04T23:59:59+00:00,"filing date, end of day",1840956000.0,1852522000.0,-11566000.0,same-quarter mean,measured,6,1827,3426666.6666666665,-14992666.666666666,-0.00809311126489546,,,results/complex-quarterly/DY/2018-01-27
STRL,,,Assets,,buildout,2017-12-31,Q4,2019-03-05T23:59:59+00:00,"filing date, end of day",463298000.0,473035000.0,-9737000.0,same-quarter mean,measured,6,1814,-50764333.333333336,41027333.333333336,0.08673213046250983,,,results/complex-quarterly/STRL/2017-12-31
PLUG,,,Assets,,fuel_and_nuclear,2017-12-31,Q4,2019-03-13T23:59:59+00:00,"filing date, end of day",270810000.0,275683000.0,-4873000.0,same-quarter mean,measured,6,1806,931514.6666666666,-5804514.666666667,-0.02105503301497251,,,results/complex-quarterly/PLUG/2017-12-31
AVGO,,,Assets,,compute_and_ai,2019-02-03,Q1,2019-03-15T23:59:59+00:00,"filing date, end of day",72110000000.0,50124000000.0,21986000000.0,,missing,0,,,,,,,results/complex-quarterly/AVGO/2019-02-03
ORCL,,,Assets,,hyperscaler,2019-02-28,Q1,2019-03-18T23:59:59+00:00,"filing date, end of day",109438000000.0,118318000000.0,-8880000000.0,same-quarter mean,measured,9,2914,965222222.2222222,-9845222222.222221,-0.08320984315338513,,,results/complex-quarterly/ORCL/2019-02-28
MU,,,Assets,,compute_and_ai,2019-02-28,Q1,2019-03-21T23:59:59+00:00,"filing date, end of day",47487000000.0,44595000000.0,2892000000.0,same-quarter mean,measured,8,2537,1334125000.0,1557875000.0,0.03493384908622043,,,results/complex-quarterly/MU/2019-02-28
LEU,,,Assets,,fuel_and_nuclear,2017-12-31,Q4,2019-04-01T23:59:59+00:00,"filing date, end of day",675300000.0,521900000.0,153400000.0,same-quarter mean,measured,7,2192,-204657142.85714287,358057142.85714287,0.6860646538745792,,,results/complex-quarterly/LEU/2017-12-31
AGX,,,Assets,,buildout,2017-01-31,Q1,2019-04-10T23:59:59+00:00,"filing date, end of day",644488000.0,558843000.0,85645000.0,same-quarter mean,measured,5,1457,15978200.0,69666800.0,0.12466256175705878,,,results/complex-quarterly/AGX/2017-01-31
NBIS,,,Assets,,compute_and_ai,2018-12-31,Q4,2019-04-19T23:59:59+00:00,"filing date, end of day",3479100000.0,2266400000.0,1212700000.0,same-quarter mean,measured,6,1813,201333333.33333334,1011366666.6666666,0.44624367572655604,,,results/complex-quarterly/NBIS/2018-12-31
NEE,,,Assets,,power,2019-03-31,Q1,2019-04-23T23:59:59+00:00,"filing date, end of day",109029000000.0,103702000000.0,5327000000.0,same-quarter mean,measured,9,2913,558666666.6666666,4768333333.333333,0.04598111254684898,,,results/complex-quarterly/NEE/2019-03-31
MSFT,,,Assets,,hyperscaler,2019-03-31,Q1,2019-04-24T23:59:59+00:00,"filing date, end of day",263281000000.0,258859000000.0,4422000000.0,same-quarter mean,measured,9,2926,1945222222.2222223,2476777777.7777777,0.009568057428089336,,,results/complex-quarterly/MSFT/2019-03-31
FIX,,,Assets,,buildout,2019-03-31,Q1,2019-04-25T23:59:59+00:00,"filing date, end of day",1080032000.0,1062564000.0,17468000.0,same-quarter mean,measured,7,2185,-1071714.2857142857,18539714.285714287,0.017448091866197505,,,results/complex-quarterly/FIX/2019-03-31
IRM,,,Assets,,data_center_reit,2018-03-31,Q1,2019-04-25T23:59:59+00:00,"filing date, end of day",11998149000.0,10975387000.0,1022762000.0,same-quarter mean,measured,8,2908,12917625.0,1009844375.0,0.09200991044780471,,,results/complex-quarterly/IRM/2018-03-31
META,,,Assets,,hyperscaler,2019-03-31,Q1,2019-04-25T23:59:59+00:00,"filing date, end of day",109477000000.0,97334000000.0,12143000000.0,same-quarter mean,measured,6,1820,2377166666.6666665,9765833333.333334,0.1003332168957747,,,results/complex-quarterly/META/2019-03-31
NVT,,,Assets,,buildout,2019-03-31,Q1,2019-04-25T23:59:59+00:00,"filing date, end of day",4474700000.0,4552700000.0,-78000000.0,prior same-quarter,measured,1,0,576100000.0,-654100000.0,-0.1436729852614932,,,results/complex-quarterly/NVT/2019-03-31
ROK,,,Assets,,buildout,2019-03-31,Q1,2019-04-25T23:59:59+00:00,"filing date, end of day",6254200000.0,5935400000.0,318800000.0,same-quarter mean,measured,9,2919,42322222.222222224,276477777.7777778,0.046581153381032074,,,results/complex-quarterly/ROK/2019-03-31
AEP,,,Assets,,power,2019-03-31,Q1,2019-04-26T23:59:59+00:00,"filing date, end of day",70722000000.0,68802800000.0,1919200000.0,same-quarter mean,measured,9,2918,377644444.4444444,1541555555.5555556,0.022405418900910364,,,results/complex-quarterly/AEP/2019-03-31
AMZN,,,Assets,,hyperscaler,2019-03-31,Q1,2019-04-26T23:59:59+00:00,"filing date, end of day",178102000000.0,162648000000.0,15454000000.0,same-quarter mean,measured,9,2926,-3558666666.6666665,19012666666.666668,0.11689456167101143,,,results/complex-quarterly/AMZN/2019-03-31
WY,,,Assets,,data_center_reit,2019-03-31,Q1,2019-04-26T23:59:59+00:00,"filing date, end of day",17132000000.0,17249000000.0,-117000000.0,same-quarter mean,measured,8,2912,-134750000.0,17750000.0,0.001029045162038379,,,results/complex-quarterly/WY/2019-03-31
EIX,,,Assets,,power,2019-03-31,Q1,2019-04-30T23:59:59+00:00,"filing date, end of day",58793000000.0,56715000000.0,2078000000.0,same-quarter mean,measured,9,2916,583333333.3333334,1494666666.6666665,0.026353992183137907,,,results/complex-quarterly/EIX/2019-03-31
EME,,,Assets,,buildout,2019-03-31,Q1,2019-04-30T23:59:59+00:00,"filing date, end of day",4278324000.0,4088807000.0,189517000.0,same-quarter mean,measured,8,2555,-65324750.0,254841750.0,0.06232667621631444,,,results/complex-quarterly/EME/2019-03-31
ETN,,,Assets,,buildout,2019-03-31,Q1,2019-04-30T23:59:59+00:00,"filing date, end of day",31649000000.0,31092000000.0,557000000.0,same-quarter mean,measured,6,1824,-191500000.0,748500000.0,0.024073716711694327,,,results/complex-quarterly/ETN/2019-03-31
AAPL,,,Assets,,hyperscaler,2019-03-30,Q1,2019-05-01T23:59:59+00:00,"filing date, end of day",341998000000.0,373719000000.0,-31721000000.0,same-quarter mean,measured,8,2933,-3124125000.0,-28596875000.0,-0.07651972471295278,,,results/complex-quarterly/AAPL/2019-03-30
AMD,,,Assets,,compute_and_ai,2019-03-30,Q1,2019-05-01T23:59:59+00:00,"filing date, end of day",4931000000.0,4556000000.0,375000000.0,same-quarter mean,measured,6,2185,-104833333.33333333,479833333.3333333,0.10531899326894936,,,results/complex-quarterly/AMD/2019-03-30
BWXT,,,Assets,,fuel_and_nuclear,2019-03-31,Q1,2019-05-01T23:59:59+00:00,"filing date, end of day",1716786000.0,1655096000.0,61690000.0,same-quarter mean,measured,7,2186,-66039571.428571425,127729571.42857143,0.07717351224857738,,,results/complex-quarterly/BWXT/2019-03-31
SO,,,Assets,,power,2019-03-31,Q1,2019-05-01T23:59:59+00:00,"filing date, end of day",114096000000.0,116914000000.0,-2818000000.0,same-quarter mean,measured,9,2917,471782777.7777778,-3289782777.7777777,-0.02813848450808096,,,results/complex-quarterly/SO/2019-03-31
EXC,,,Assets,,power,2019-03-31,Q1,2019-05-02T23:59:59+00:00,"filing date, end of day",121593000000.0,119634000000.0,1959000000.0,same-quarter mean,measured,9,2931,5703111111.111111,-3744111111.1111107,-0.03129637988457387,,,results/complex-quarterly/EXC/2019-03-31
MTZ,,,Assets,,buildout,2019-03-31,Q1,2019-05-02T23:59:59+00:00,"filing date, end of day",4860393000.0,4440000000.0,420393000.0,same-quarter mean,measured,7,2188,8921428.57142857,411471571.4285714,0.09267377734877734,,,results/complex-quarterly/MTZ/2019-03-31
NRG,,,Assets,,power,2019-03-31,Q1,2019-05-02T23:59:59+00:00,"filing date, end of day",9530000000.0,10628000000.0,-1098000000.0,same-quarter mean,measured,9,2915,135666666.66666666,-1233666666.6666667,-0.11607702923096225,,,results/complex-quarterly/NRG/2019-03-31
PCG,,,Assets,,power,2019-03-31,Q1,2019-05-02T23:59:59+00:00,"filing date, end of day",82287000000.0,76995000000.0,5292000000.0,same-quarter mean,measured,9,2918,534000000.0,4758000000.0,0.0617962205338009,,,results/complex-quarterly/PCG/2019-03-31
PPL,,,Assets,,power,2019-03-31,Q1,2019-05-02T23:59:59+00:00,"filing date, end of day",44567000000.0,43396000000.0,1171000000.0,same-quarter mean,measured,9,2919,764444444.4444444,406555555.5555556,0.009368502985426205,,,results/complex-quarterly/PPL/2019-03-31
AMT,,,Assets,,data_center_reit,2018-03-31,Q1,2019-05-03T23:59:59+00:00,"filing date, end of day",34372700000.0,33214300000.0,1158400000.0,same-quarter mean,measured,8,2918,940177625.0,218222375.0,0.006570133195641636,,,results/complex-quarterly/AMT/2018-03-31
EQIX,,,Assets,,data_center_reit,2019-03-31,Q1,2019-05-03T23:59:59+00:00,"filing date, end of day",22491091000.0,20244638000.0,2246453000.0,same-quarter mean,measured,8,2562,1366317500.0,880135500.0,0.043474993230306215,,,results/complex-quarterly/EQIX/2019-03-31
ETR,,,Assets,,power,2019-03-31,Q1,2019-05-03T23:59:59+00:00,"filing date, end of day",49605381000.0,48275066000.0,1330315000.0,same-quarter mean,measured,9,2919,220831666.66666666,1109483333.3333333,0.0229825337438862,,,results/complex-quarterly/ETR/2019-03-31
FSLR,,,Assets,,fuel_and_nuclear,2019-03-31,Q1,2019-05-03T23:59:59+00:00,"filing date, end of day",7256926000.0,7121362000.0,135564000.0,same-quarter mean,measured,9,2549,-46330444.44444445,181894444.44444445,0.025542086534070932,,,results/complex-quarterly/FSLR/2019-03-31
VST,,,Assets,,power,2019-03-31,Q1,2019-05-03T23:59:59+00:00,"filing date, end of day",25568000000.0,26024000000.0,-456000000.0,same-quarter mean,measured,2,351,-138000000.0,-318000000.0,-0.01221948970181371,,,results/complex-quarterly/VST/2019-03-31
PWR,,,Assets,,buildout,2019-03-31,Q1,2019-05-06T23:59:59+00:00,"filing date, end of day",7652516000.0,7075787000.0,576729000.0,same-quarter mean,measured,9,2921,38963666.666666664,537765333.3333334,0.07600078031367159,,,results/complex-quarterly/PWR/2019-03-31
J,,,Assets,,buildout,2019-03-29,Q1,2019-05-07T23:59:59+00:00,"filing date, end of day",12945845000.0,12945259000.0,586000.0,same-quarter mean,measured,8,3022,-50995875.0,51581875.0,0.003984615139797512,,,results/complex-quarterly/J/2019-03-29
PRIM,,,Assets,,buildout,2019-03-31,Q1,2019-05-07T23:59:59+00:00,"filing date, end of day",1690766000.0,1594147000.0,96619000.0,same-quarter mean,measured,7,2190,-27855000.0,124474000.0,0.0780818832893077,,,results/complex-quarterly/PRIM/2019-03-31
SRE,,,Assets,,power,2019-03-31,Q1,2019-05-07T23:59:59+00:00,"filing date, end of day",61618000000.0,60638000000.0,980000000.0,same-quarter mean,measured,8,2555,1683500000.0,-703500000.0,-0.011601635937860748,,,results/complex-quarterly/SRE/2019-03-31
STRL,,,Assets,,buildout,2019-03-31,Q1,2019-05-07T23:59:59+00:00,"filing date, end of day",463514000.0,482573000.0,-19059000.0,same-quarter mean,measured,7,2190,-1663714.2857142857,-17395285.714285713,-0.03604695188973629,,,results/complex-quarterly/STRL/2019-03-31
VRT,,,Assets,,buildout,2019-03-31,Q1,2019-05-08T23:59:59+00:00,"filing date, end of day",700877687.0,697339051.0,3538636.0,,missing,0,,,,,,,results/complex-quarterly/VRT/2019-03-31
DUK,,,Assets,,power,2019-03-31,Q1,2019-05-09T23:59:59+00:00,"filing date, end of day",151136000000.0,145392000000.0,5744000000.0,same-quarter mean,measured,8,2558,263000000.0,5481000000.0,0.03769808517662595,,,results/complex-quarterly/DUK/2019-03-31
LEU,,,Assets,,fuel_and_nuclear,2019-03-31,Q1,2019-05-09T23:59:59+00:00,"filing date, end of day",464700000.0,571700000.0,-107000000.0,same-quarter mean,measured,8,2563,-200837500.0,93837500.0,0.16413765961168444,,,results/complex-quarterly/LEU/2019-03-31
SBAC,,,Assets,,data_center_reit,2019-03-31,Q1,2019-05-09T23:59:59+00:00,"filing date, end of day",9312759000.0,7213707000.0,2099052000.0,same-quarter mean,measured,8,2558,144332625.0,1954719375.0,0.2709729373538459,,,results/complex-quarterly/SBAC/2019-03-31
DLR,,,Assets,,data_center_reit,2019-03-31,Q1,2019-05-10T23:59:59+00:00,"filing date, end of day",23342067000.0,23766695000.0,-424628000.0,same-quarter mean,measured,7,2192,121775142.85714285,-546403142.8571428,-0.02299028715844348,,,results/complex-quarterly/DLR/2019-03-31
WULF,,,Assets,,compute_and_ai,2019-03-31,Q1,2019-05-13T23:59:59+00:00,"filing date, end of day",16999264.0,17419218.0,-419954.0,same-quarter mean,measured,7,2191,179802.2857142857,-599756.2857142857,-0.034430723911617944,,,results/complex-quarterly/WULF/2019-03-31
NVDA,,,Assets,,compute_and_ai,2019-04-28,Q2,2019-05-16T23:59:59+00:00,"filing date, end of day",14021000000.0,13292000000.0,729000000.0,same-quarter mean,measured,9,2923,-32122222.222222224,761122222.2222222,0.057261677868057644,,,results/complex-quarterly/NVDA/2019-04-28
SMCI,,,Assets,,compute_and_ai,2016-06-30,Q2,2019-05-17T23:59:59+00:00,"filing date, end of day",1191483000.0,1181113000.0,10370000.0,same-quarter mean,measured,4,1080,59955500.0,-49585500.0,-0.04198201188201298,,,results/complex-quarterly/SMCI/2016-06-30
SMCI,,,Assets,,compute_and_ai,2016-09-30,Q3,2019-05-17T23:59:59+00:00,"filing date, end of day",1265575000.0,1191483000.0,74092000.0,same-quarter mean,measured,5,1470,5734200.0,68357800.0,0.057372031325667254,,,results/complex-quarterly/SMCI/2016-09-30
SMCI,,,Assets,,compute_and_ai,2016-12-31,Q4,2019-05-17T23:59:59+00:00,"filing date, end of day",1398061000.0,1265575000.0,132486000.0,same-quarter mean,measured,5,1459,63837800.0,68648200.0,0.054242696007743514,,,results/complex-quarterly/SMCI/2016-12-31
SMCI,,,Assets,,compute_and_ai,2017-03-31,Q1,2019-05-17T23:59:59+00:00,"filing date, end of day",1455132000.0,1398061000.0,57071000.0,same-quarter mean,measured,5,1460,25762200.0,31308800.0,0.022394444877584026,,,results/complex-quarterly/SMCI/2017-03-31
SMCI,,,Assets,,compute_and_ai,2017-06-30,Q2,2019-05-17T23:59:59+00:00,"filing date, end of day",1515130000.0,1455132000.0,59998000.0,same-quarter mean,measured,4,1080,59955500.0,42500.0,2.9206972288424693e-05,,,results/complex-quarterly/SMCI/2017-06-30
DY,,,Assets,,buildout,2019-04-27,Q2,2019-05-23T23:59:59+00:00,"filing date, end of day",2211206000.0,2097503000.0,113703000.0,same-quarter mean,measured,7,2191,53308571.428571425,60394428.571428575,0.02879348852966054,,,results/complex-quarterly/DY/2019-04-27
AGX,,,Assets,,buildout,2018-04-30,Q2,2019-06-10T23:59:59+00:00,"filing date, end of day",525878000.0,542669000.0,-16791000.0,same-quarter mean,measured,6,1830,23841000.0,-40632000.0,-0.0748743709332945,,,results/complex-quarterly/AGX/2018-04-30
AVGO,,,Assets,,compute_and_ai,2019-05-05,Q2,2019-06-14T23:59:59+00:00,"filing date, end of day",70916000000.0,72110000000.0,-1194000000.0,prior same-quarter,measured,1,0,518000000.0,-1712000000.0,-0.023741506032450423,,,results/complex-quarterly/AVGO/2019-05-05
ORCL,,,Assets,,hyperscaler,2018-05-31,Q2,2019-06-21T23:59:59+00:00,"filing date, end of day",137851000000.0,138201000000.0,-350000000.0,same-quarter mean,measured,8,2551,5884375000.0,-6234375000.0,-0.04511092539127792,,,results/complex-quarterly/ORCL/2018-05-31
MU,,,Assets,,compute_and_ai,2019-05-30,Q2,2019-06-26T23:59:59+00:00,"filing date, end of day",46288000000.0,47487000000.0,-1199000000.0,same-quarter mean,measured,8,2537,670750000.0,-1869750000.0,-0.03937393391875671,,,results/complex-quarterly/MU/2019-05-30
NEE,,,Assets,,power,2019-06-30,Q2,2019-07-24T23:59:59+00:00,"filing date, end of day",110552000000.0,109029000000.0,1523000000.0,same-quarter mean,measured,10,3281,1291200000.0,231800000.0,0.002126039860954425,,,results/complex-quarterly/NEE/2019-06-30
AEP,,,Assets,,power,2019-06-30,Q2,2019-07-25T23:59:59+00:00,"filing date, end of day",72550000000.0,70722000000.0,1828000000.0,same-quarter mean,measured,10,3278,721900000.0,1106100000.0,0.015640111987783152,,,results/complex-quarterly/AEP/2019-06-30
EIX,,,Assets,,power,2019-06-30,Q2,2019-07-25T23:59:59+00:00,"filing date, end of day",59521000000.0,58793000000.0,728000000.0,same-quarter mean,measured,10,3275,351900000.0,376100000.0,0.006397020053407719,,,results/complex-quarterly/EIX/2019-06-30
FIX,,,Assets,,buildout,2019-06-30,Q2,2019-07-25T23:59:59+00:00,"filing date, end of day",1444596000.0,1080032000.0,364564000.0,same-quarter mean,measured,8,2550,53409000.0,311155000.0,0.2880979452460668,,,results/complex-quarterly/FIX/2019-06-30
META,,,Assets,,hyperscaler,2019-06-30,Q2,2019-07-25T23:59:59+00:00,"filing date, end of day",117006000000.0,109477000000.0,7529000000.0,same-quarter mean,measured,7,2186,3314714285.714286,4214285714.285714,0.03849471317523968,,,results/complex-quarterly/META/2019-06-30
ROK,,,Assets,,buildout,2019-06-30,Q2,2019-07-25T23:59:59+00:00,"filing date, end of day",6158800000.0,6254200000.0,-95400000.0,same-quarter mean,measured,10,3279,-23760000.0,-71640000.0,-0.011454702439960347,,,results/complex-quarterly/ROK/2019-06-30
AMZN,,,Assets,,hyperscaler,2019-06-30,Q2,2019-07-26T23:59:59+00:00,"filing date, end of day",191351000000.0,178102000000.0,13249000000.0,same-quarter mean,measured,10,3290,2510100000.0,10738900000.0,0.06029634703709111,,,results/complex-quarterly/AMZN/2019-06-30
WY,,,Assets,,data_center_reit,2019-06-30,Q2,2019-07-26T23:59:59+00:00,"filing date, end of day",17029000000.0,17132000000.0,-103000000.0,same-quarter mean,measured,10,3273,1003400000.0,-1106400000.0,-0.06458090123745039,,,results/complex-quarterly/WY/2019-06-30
EME,,,Assets,,buildout,2019-06-30,Q2,2019-07-30T23:59:59+00:00,"filing date, end of day",4393578000.0,4278324000.0,115254000.0,same-quarter mean,measured,9,2919,67583111.1111111,47670888.888888896,0.011142421398867616,,,results/complex-quarterly/EME/2019-06-30
ETN,,,Assets,,buildout,2019-06-30,Q2,2019-07-30T23:59:59+00:00,"filing date, end of day",32244000000.0,31649000000.0,595000000.0,same-quarter mean,measured,6,1789,-54833333.333333336,649833333.3333334,0.020532507609508463,,,results/complex-quarterly/ETN/2019-06-30
AAPL,,,Assets,,hyperscaler,2019-06-29,Q2,2019-07-31T23:59:59+00:00,"filing date, end of day",322239000000.0,341998000000.0,-19759000000.0,same-quarter mean,measured,10,3297,6246500000.0,-26005500000.0,-0.07603991836209568,,,results/complex-quarterly/AAPL/2019-06-29
AMD,,,Assets,,compute_and_ai,2019-06-29,Q2,2019-07-31T23:59:59+00:00,"filing date, end of day",5102000000.0,4931000000.0,171000000.0,same-quarter mean,measured,9,2920,-331222222.2222222,502222222.2222222,0.10184997408684288,,,results/complex-quarterly/AMD/2019-06-29
AMT,,,Assets,,data_center_reit,2018-06-30,Q2,2019-07-31T23:59:59+00:00,"filing date, end of day",33205700000.0,34372700000.0,-1167000000.0,same-quarter mean,measured,9,3281,563875555.5555556,-1730875555.5555556,-0.050356112716066985,,,results/complex-quarterly/AMT/2018-06-30
SO,,,Assets,,power,2019-06-30,Q2,2019-07-31T23:59:59+00:00,"filing date, end of day",114867000000.0,114096000000.0,771000000.0,same-quarter mean,measured,10,3268,2522749400.0,-1751749400.0,-0.015353293717571168,,,results/complex-quarterly/SO/2019-06-30
EXC,,,Assets,,power,2019-06-30,Q2,2019-08-01T23:59:59+00:00,"filing date, end of day",121596000000.0,121593000000.0,3000000.0,same-quarter mean,measured,10,3296,147300000.0,-144300000.0,-0.0011867459475463226,,,results/complex-quarterly/EXC/2019-06-30
IRM,,,Assets,,data_center_reit,2018-06-30,Q2,2019-08-01T23:59:59+00:00,"filing date, end of day",11817159000.0,11998149000.0,-180990000.0,same-quarter mean,measured,8,2545,428007625.0,-608997625.0,-0.05075763144798418,,,results/complex-quarterly/IRM/2018-06-30
MSFT,,,Assets,,hyperscaler,2018-06-30,Q2,2019-08-01T23:59:59+00:00,"filing date, end of day",258848000000.0,245497000000.0,13351000000.0,same-quarter mean,measured,8,2563,9089375000.0,4261625000.0,0.017359173431854565,,,results/complex-quarterly/MSFT/2018-06-30
MTZ,,,Assets,,buildout,2019-06-30,Q2,2019-08-01T23:59:59+00:00,"filing date, end of day",4797371000.0,4860393000.0,-63022000.0,same-quarter mean,measured,8,2556,304951625.0,-367973625.0,-0.07570861553787935,,,results/complex-quarterly/MTZ/2019-06-30
NVT,,,Assets,,buildout,2019-06-30,Q2,2019-08-01T23:59:59+00:00,"filing date, end of day",4464800000.0,4474700000.0,-9900000.0,prior same-quarter,measured,1,0,-724300000.0,714400000.0,0.15965316110577246,,,results/complex-quarterly/NVT/2019-06-30
EQIX,,,Assets,,data_center_reit,2019-06-30,Q2,2019-08-02T23:59:59+00:00,"filing date, end of day",22886505000.0,22491091000.0,395414000.0,same-quarter mean,measured,9,2926,118239444.44444445,277174555.5555556,0.012323748792602172,,,results/complex-quarterly/EQIX/2019-06-30
FSLR,,,Assets,,fuel_and_nuclear,2019-06-30,Q2,2019-08-02T23:59:59+00:00,"filing date, end of day",7137807000.0,7256926000.0,-119119000.0,same-quarter mean,measured,10,2916,233856200.0,-352975200.0,-0.04863976840882765,,,results/complex-quarterly/FSLR/2019-06-30
PWR,,,Assets,,buildout,2019-06-30,Q2,2019-08-02T23:59:59+00:00,"filing date, end of day",8021817000.0,7652516000.0,369301000.0,same-quarter mean,measured,10,3284,51683600.0,317617400.0,0.04150496385763845,,,results/complex-quarterly/PWR/2019-06-30
SRE,,,Assets,,power,2019-06-30,Q2,2019-08-02T23:59:59+00:00,"filing date, end of day",62727000000.0,61618000000.0,1109000000.0,same-quarter mean,measured,8,2554,484500000.0,624500000.0,0.010135025479567659,,,results/complex-quarterly/SRE/2019-06-30
VST,,,Assets,,power,2019-06-30,Q2,2019-08-02T23:59:59+00:00,"filing date, end of day",26520000000.0,25568000000.0,952000000.0,same-quarter mean,measured,2,367,5881500000.0,-4929500000.0,-0.19279959324155194,,,results/complex-quarterly/VST/2019-06-30
BWXT,,,Assets,,fuel_and_nuclear,2019-06-30,Q2,2019-08-05T23:59:59+00:00,"filing date, end of day",1756480000.0,1716786000.0,39694000.0,same-quarter mean,measured,8,2555,-123078875.0,162772875.0,0.09481255963177705,,,results/complex-quarterly/BWXT/2019-06-30
J,,,Assets,,buildout,2019-06-28,Q2,2019-08-05T23:59:59+00:00,"filing date, end of day",11641262000.0,12945845000.0,-1304583000.0,same-quarter mean,measured,10,3294,151131300.0,-1455714300.0,-0.11244644903441993,,,results/complex-quarterly/J/2019-06-28
DUK,,,Assets,,power,2019-06-30,Q2,2019-08-06T23:59:59+00:00,"filing date, end of day",153449000000.0,151136000000.0,2313000000.0,same-quarter mean,measured,10,3282,483700000.0,1829300000.0,0.012103668219352107,,,results/complex-quarterly/DUK/2019-06-30
ETR,,,Assets,,power,2019-06-30,Q2,2019-08-06T23:59:59+00:00,"filing date, end of day",50565745000.0,49605381000.0,960364000.0,same-quarter mean,measured,10,3259,163417300.0,796946700.0,0.016065730852868564,,,results/complex-quarterly/ETR/2019-06-30
PPL,,,Assets,,power,2019-06-30,Q2,2019-08-06T23:59:59+00:00,"filing date, end of day",44204000000.0,44567000000.0,-363000000.0,same-quarter mean,measured,10,3269,134400000.0,-497400000.0,-0.011160724302735207,,,results/complex-quarterly/PPL/2019-06-30
PRIM,,,Assets,,buildout,2019-06-30,Q2,2019-08-06T23:59:59+00:00,"filing date, end of day",1825211000.0,1690766000.0,134445000.0,same-quarter mean,measured,8,2559,62992250.0,71452750.0,0.042260578932862385,,,results/complex-quarterly/PRIM/2019-06-30
SBAC,,,Assets,,data_center_reit,2019-06-30,Q2,2019-08-06T23:59:59+00:00,"filing date, end of day",9269415000.0,9312759000.0,-43344000.0,same-quarter mean,measured,9,2924,316509444.4444444,-359853444.4444444,-0.03864090592749629,,,results/complex-quarterly/SBAC/2019-06-30
STRL,,,Assets,,buildout,2019-06-30,Q2,2019-08-06T23:59:59+00:00,"filing date, end of day",499895000.0,463514000.0,36381000.0,same-quarter mean,measured,8,2551,43798750.0,-7417750.0,-0.016003292241442545,,,results/complex-quarterly/STRL/2019-06-30
VRT,,,Assets,,buildout,2019-06-30,Q2,2019-08-06T23:59:59+00:00,"filing date, end of day",702715354.0,700877687.0,1837667.0,prior same-quarter,measured,1,0,692399839.0,-690562172.0,-0.9852820039910901,,,results/complex-quarterly/VRT/2019-06-30
DLR,,,Assets,,data_center_reit,2019-06-30,Q2,2019-08-07T23:59:59+00:00,"filing date, end of day",23430091000.0,23342067000.0,88024000.0,same-quarter mean,measured,9,2917,203295888.8888889,-115271888.8888889,-0.004938375375620715,,,results/complex-quarterly/DLR/2019-06-30
NRG,,,Assets,,power,2019-06-30,Q2,2019-08-07T23:59:59+00:00,"filing date, end of day",9171000000.0,9530000000.0,-359000000.0,same-quarter mean,measured,10,3264,-181300000.0,-177700000.0,-0.018646379853095488,,,results/complex-quarterly/NRG/2019-06-30
PCG,,,Assets,,power,2019-06-30,Q2,2019-08-09T23:59:59+00:00,"filing date, end of day",84387000000.0,82287000000.0,2100000000.0,same-quarter mean,measured,10,3277,1028800000.0,1071200000.0,0.013017852151615687,,,results/complex-quarterly/PCG/2019-06-30
LEU,,,Assets,,fuel_and_nuclear,2019-06-30,Q2,2019-08-12T23:59:59+00:00,"filing date, end of day",515300000.0,464700000.0,50600000.0,same-quarter mean,measured,9,2926,8244444.444444444,42355555.55555555,0.091146020132463,,,results/complex-quarterly/LEU/2019-06-30
WULF,,,Assets,,compute_and_ai,2019-06-30,Q2,2019-08-13T23:59:59+00:00,"filing date, end of day",16699939.0,16999264.0,-299325.0,same-quarter mean,measured,8,2558,358386.375,-657711.375,-0.038690579486264816,,,results/complex-quarterly/WULF/2019-06-30
NVDA,,,Assets,,compute_and_ai,2019-07-28,Q3,2019-08-15T23:59:59+00:00,"filing date, end of day",14775000000.0,14021000000.0,754000000.0,same-quarter mean,measured,10,3283,100143500.0,653856500.0,0.04663408458740461,,,results/complex-quarterly/NVDA/2019-07-28
DY,,,Assets,,buildout,2019-07-27,Q3,2019-08-29T23:59:59+00:00,"filing date, end of day",2328371000.0,2211206000.0,117165000.0,same-quarter mean,measured,7,1812,65949714.28571428,51215285.71428572,0.023161698057207566,,,results/complex-quarterly/DY/2019-07-27
AGX,,,Assets,,buildout,2018-07-31,Q3,2019-09-09T23:59:59+00:00,"filing date, end of day",513803000.0,525878000.0,-12075000.0,same-quarter mean,measured,7,2182,4038285.714285714,-16113285.714285715,-0.030640729816203974,,,results/complex-quarterly/AGX/2018-07-31
AVGO,,,Assets,,compute_and_ai,2019-08-04,Q3,2019-09-13T23:59:59+00:00,"filing date, end of day",69767000000.0,70916000000.0,-1149000000.0,prior same-quarter,measured,1,0,-4564000000.0,3415000000.0,0.04815556432962942,,,results/complex-quarterly/AVGO/2019-08-04
ORCL,,,Assets,,hyperscaler,2019-08-31,Q3,2019-09-13T23:59:59+00:00,"filing date, end of day",106229000000.0,108709000000.0,-2480000000.0,same-quarter mean,measured,10,3285,2082700000.0,-4562700000.0,-0.04197168587697431,,,results/complex-quarterly/ORCL/2019-08-31
MU,,,Assets,,compute_and_ai,2018-08-30,Q3,2019-10-17T23:59:59+00:00,"filing date, end of day",43376000000.0,41845000000.0,1531000000.0,same-quarter mean,measured,8,2547,1470000000.0,61000000.0,0.0014577607838451429,,,results/complex-quarterly/MU/2018-08-30
MSFT,,,Assets,,hyperscaler,2019-09-30,Q3,2019-10-23T23:59:59+00:00,"filing date, end of day",278955000000.0,286556000000.0,-7601000000.0,same-quarter mean,measured,10,3288,2069200000.0,-9670200000.0,-0.033746283448959365,,,results/complex-quarterly/MSFT/2019-09-30
NEE,,,Assets,,power,2019-09-30,Q3,2019-10-23T23:59:59+00:00,"filing date, end of day",114222000000.0,110552000000.0,3670000000.0,same-quarter mean,measured,10,3280,2098500000.0,1571500000.0,0.014215030031116578,,,results/complex-quarterly/NEE/2019-09-30
AEP,,,Assets,,power,2019-09-30,Q3,2019-10-24T23:59:59+00:00,"filing date, end of day",73900700000.0,72550000000.0,1350700000.0,same-quarter mean,measured,10,3282,221500000.0,1129200000.0,0.015564438318401102,,,results/complex-quarterly/AEP/2019-09-30
FIX,,,Assets,,buildout,2019-09-30,Q3,2019-10-24T23:59:59+00:00,"filing date, end of day",1467460000.0,1444596000.0,22864000.0,same-quarter mean,measured,8,2544,-1109750.0,23973750.0,0.016595470290655657,,,results/complex-quarterly/FIX/2019-09-30
AMZN,,,Assets,,hyperscaler,2019-09-30,Q3,2019-10-25T23:59:59+00:00,"filing date, end of day",199099000000.0,191351000000.0,7748000000.0,same-quarter mean,measured,10,3290,5743800000.0,2004200000.0,0.010473945785493674,,,results/complex-quarterly/AMZN/2019-09-30
FSLR,,,Assets,,fuel_and_nuclear,2019-09-30,Q3,2019-10-25T23:59:59+00:00,"filing date, end of day",7054687000.0,7137807000.0,-83120000.0,same-quarter mean,measured,10,2916,342113100.0,-425233100.0,-0.059574754542956965,,,results/complex-quarterly/FSLR/2019-09-30
WY,,,Assets,,data_center_reit,2019-09-30,Q3,2019-10-25T23:59:59+00:00,"filing date, end of day",16832000000.0,17029000000.0,-197000000.0,same-quarter mean,measured,10,3276,-435300000.0,238300000.0,0.013993775324446532,,,results/complex-quarterly/WY/2019-09-30
EIX,,,Assets,,power,2019-09-30,Q3,2019-10-29T23:59:59+00:00,"filing date, end of day",64212000000.0,59521000000.0,4691000000.0,same-quarter mean,measured,10,3280,941100000.0,3749900000.0,0.0630012936610608,,,results/complex-quarterly/EIX/2019-09-30
EME,,,Assets,,buildout,2019-09-30,Q3,2019-10-29T23:59:59+00:00,"filing date, end of day",4532721000.0,4393578000.0,139143000.0,same-quarter mean,measured,9,2914,82571111.1111111,56571888.888888896,0.012876040641338083,,,results/complex-quarterly/EME/2019-09-30
ETN,,,Assets,,buildout,2019-09-30,Q3,2019-10-29T23:59:59+00:00,"filing date, end of day",31895000000.0,32244000000.0,-349000000.0,same-quarter mean,measured,7,2176,-2570603378.857143,2221603378.857143,0.068899745033406,,,results/complex-quarterly/ETN/2019-09-30
AMD,,,Assets,,compute_and_ai,2019-09-28,Q3,2019-10-30T23:59:59+00:00,"filing date, end of day",5253000000.0,5102000000.0,151000000.0,same-quarter mean,measured,10,2919,40400000.0,110600000.0,0.021677773422187376,,,results/complex-quarterly/AMD/2019-09-28
NVT,,,Assets,,buildout,2019-09-30,Q3,2019-10-30T23:59:59+00:00,"filing date, end of day",4636100000.0,4464800000.0,171300000.0,prior same-quarter,measured,1,0,6300000.0,165000000.0,0.03695574269844114,,,results/complex-quarterly/NVT/2019-09-30
SO,,,Assets,,power,2019-09-30,Q3,2019-10-30T23:59:59+00:00,"filing date, end of day",117591000000.0,114867000000.0,2724000000.0,same-quarter mean,measured,10,3288,1985344800.0,738655200.0,0.0064305257384627435,,,results/complex-quarterly/SO/2019-09-30
AAPL,,,Assets,,hyperscaler,2018-09-29,Q3,2019-10-31T23:59:59+00:00,"filing date, end of day",365725000000.0,349197000000.0,16528000000.0,same-quarter mean,measured,10,2567,12312800000.0,4215200000.0,0.01207112317688869,,,results/complex-quarterly/AAPL/2018-09-29
AMT,,,Assets,,data_center_reit,2018-09-30,Q3,2019-10-31T23:59:59+00:00,"filing date, end of day",33077200000.0,33205700000.0,-128500000.0,same-quarter mean,measured,9,3281,565465000.0,-693965000.0,-0.020898972164417554,,,results/complex-quarterly/AMT/2018-09-30
EXC,,,Assets,,power,2019-09-30,Q3,2019-10-31T23:59:59+00:00,"filing date, end of day",122738000000.0,121596000000.0,1142000000.0,same-quarter mean,measured,9,2932,1805888888.8888888,-663888888.8888888,-0.00545979217152611,,,results/complex-quarterly/EXC/2019-09-30
IRM,,,Assets,,data_center_reit,2018-09-30,Q3,2019-10-31T23:59:59+00:00,"filing date, end of day",11810870000.0,11817159000.0,-6289000.0,same-quarter mean,measured,9,2908,104568111.1111111,-110857111.1111111,-0.00938102898599495,,,results/complex-quarterly/IRM/2018-09-30
IRM,,,Assets,,data_center_reit,2019-09-30,Q3,2019-10-31T23:59:59+00:00,"filing date, end of day",13577167000.0,13720982000.0,-143815000.0,same-quarter mean,measured,9,2908,104568111.1111111,-248383111.1111111,-0.018102429630117663,,,results/complex-quarterly/IRM/2019-09-30
META,,,Assets,,hyperscaler,2019-09-30,Q3,2019-10-31T23:59:59+00:00,"filing date, end of day",124418000000.0,117006000000.0,7412000000.0,same-quarter mean,measured,7,2198,2490285714.285714,4921714285.714286,0.04206377694916744,,,results/complex-quarterly/META/2019-09-30
MTZ,,,Assets,,buildout,2019-09-30,Q3,2019-10-31T23:59:59+00:00,"filing date, end of day",4858652000.0,4797371000.0,61281000.0,same-quarter mean,measured,8,2555,94680125.0,-33399125.0,-0.0069619641674575515,,,results/complex-quarterly/MTZ/2019-09-30
EQIX,,,Assets,,data_center_reit,2019-09-30,Q3,2019-11-01T23:59:59+00:00,"filing date, end of day",22842333000.0,22886505000.0,-44172000.0,same-quarter mean,measured,9,2926,235616333.33333334,-279788333.3333334,-0.012225035379291569,,,results/complex-quarterly/EQIX/2019-09-30
PWR,,,Assets,,buildout,2019-09-30,Q3,2019-11-01T23:59:59+00:00,"filing date, end of day",8865093000.0,8021817000.0,843276000.0,same-quarter mean,measured,10,3285,207157200.0,636118800.0,0.07929859282504201,,,results/complex-quarterly/PWR/2019-09-30
SRE,,,Assets,,power,2019-09-30,Q3,2019-11-01T23:59:59+00:00,"filing date, end of day",64585000000.0,62727000000.0,1858000000.0,same-quarter mean,measured,8,2561,898250000.0,959750000.0,0.015300428842444242,,,results/complex-quarterly/SRE/2019-09-30
BWXT,,,Assets,,fuel_and_nuclear,2019-09-30,Q3,2019-11-04T23:59:59+00:00,"filing date, end of day",1826420000.0,1756480000.0,69940000.0,same-quarter mean,measured,8,2556,20474500.0,49465500.0,0.02816172116961195,,,results/complex-quarterly/BWXT/2019-09-30
PRIM,,,Assets,,buildout,2019-09-30,Q3,2019-11-04T23:59:59+00:00,"filing date, end of day",1868969000.0,1825211000.0,43758000.0,same-quarter mean,measured,8,2555,52696250.0,-8938250.0,-0.004897105047032918,,,results/complex-quarterly/PRIM/2019-09-30
ETR,,,Assets,,power,2019-09-30,Q3,2019-11-05T23:59:59+00:00,"filing date, end of day",50506268000.0,50565745000.0,-59477000.0,same-quarter mean,measured,10,3287,406882400.0,-466359400.0,-0.009222832571734086,,,results/complex-quarterly/ETR/2019-09-30
PPL,,,Assets,,power,2019-09-30,Q3,2019-11-05T23:59:59+00:00,"filing date, end of day",44559000000.0,44204000000.0,355000000.0,same-quarter mean,measured,10,3289,225600000.0,129400000.0,0.002927336892588906,,,results/complex-quarterly/PPL/2019-09-30
STRL,,,Assets,,buildout,2019-09-30,Q3,2019-11-05T23:59:59+00:00,"filing date, end of day",521969000.0,499895000.0,22074000.0,same-quarter mean,measured,8,2555,12826500.0,9247500.0,0.01849888476580082,,,results/complex-quarterly/STRL/2019-09-30
VRT,,,Assets,,buildout,2019-09-30,Q3,2019-11-05T23:59:59+00:00,"filing date, end of day",705562140.0,702715354.0,2846786.0,prior same-quarter,measured,1,0,2739242.0,107544.0,0.00015304062930721163,,,results/complex-quarterly/VRT/2019-09-30
VST,,,Assets,,power,2019-09-30,Q3,2019-11-05T23:59:59+00:00,"filing date, end of day",26443000000.0,26520000000.0,-77000000.0,same-quarter mean,measured,2,364,-183000000.0,106000000.0,0.003996983408748114,,,results/complex-quarterly/VST/2019-09-30
NRG,,,Assets,,power,2019-09-30,Q3,2019-11-07T23:59:59+00:00,"filing date, end of day",9527000000.0,9171000000.0,356000000.0,same-quarter mean,measured,10,3293,-897600000.0,1253600000.0,0.13669174572020498,,,results/complex-quarterly/NRG/2019-09-30
PCG,,,Assets,,power,2019-09-30,Q3,2019-11-07T23:59:59+00:00,"filing date, end of day",85713000000.0,84387000000.0,1326000000.0,same-quarter mean,measured,10,3294,805300000.0,520700000.0,0.006170381693862799,,,results/complex-quarterly/PCG/2019-09-30
SBAC,,,Assets,,data_center_reit,2019-09-30,Q3,2019-11-07T23:59:59+00:00,"filing date, end of day",9201138000.0,9269415000.0,-68277000.0,same-quarter mean,measured,9,2926,32340333.333333332,-100617333.33333333,-0.010854766275253976,,,results/complex-quarterly/SBAC/2019-09-30
DLR,,,Assets,,data_center_reit,2019-09-30,Q3,2019-11-08T23:59:59+00:00,"filing date, end of day",23172765000.0,23430091000.0,-257326000.0,same-quarter mean,measured,8,2552,1455216000.0,-1712542000.0,-0.07309156417702346,,,results/complex-quarterly/DLR/2019-09-30
DUK,,,Assets,,power,2019-09-30,Q3,2019-11-08T23:59:59+00:00,"filing date, end of day",155917000000.0,153449000000.0,2468000000.0,same-quarter mean,measured,10,3283,7117300000.0,-4649300000.0,-0.03029866600629525,,,results/complex-quarterly/DUK/2019-09-30
LEU,,,Assets,,fuel_and_nuclear,2019-09-30,Q3,2019-11-08T23:59:59+00:00,"filing date, end of day",451200000.0,515300000.0,-64100000.0,same-quarter mean,measured,8,2927,-26800000.0,-37300000.0,-0.0723850184358626,,,results/complex-quarterly/LEU/2019-09-30
ROK,,,Assets,,buildout,2017-09-30,Q3,2019-11-12T23:59:59+00:00,"filing date, end of day",7161700000.0,7215500000.0,-53800000.0,same-quarter mean,measured,8,2552,110375000.0,-164175000.0,-0.022753100963204213,,,results/complex-quarterly/ROK/2017-09-30
WULF,,,Assets,,compute_and_ai,2019-09-30,Q3,2019-11-13T23:59:59+00:00,"filing date, end of day",17162234.0,16699939.0,462295.0,same-quarter mean,measured,8,2556,288614.375,173680.625,0.010400075413449115,,,results/complex-quarterly/WULF/2019-09-30
NVDA,,,Assets,,compute_and_ai,2019-10-27,Q4,2019-11-14T23:59:59+00:00,"filing date, end of day",15810000000.0,14775000000.0,1035000000.0,same-quarter mean,measured,10,3283,440028900.0,594971100.0,0.04026877157360406,,,results/complex-quarterly/NVDA/2019-10-27
D,,,Assets,,power,2017-12-31,Q4,2019-11-18T23:59:59+00:00,"filing date, end of day",76585000000.0,75391000000.0,1194000000.0,same-quarter mean,measured,8,2655,1288375000.0,-94375000.0,-0.0012518072448966058,,,results/complex-quarterly/D/2017-12-31
D,,,Assets,,power,2019-03-31,Q1,2019-11-18T23:59:59+00:00,"filing date, end of day",100054000000.0,77914000000.0,22140000000.0,same-quarter mean,measured,9,2927,501444444.4444444,21638555555.555557,0.2777235869748127,,,results/complex-quarterly/D/2019-03-31
D,,,Assets,,power,2019-06-30,Q2,2019-11-18T23:59:59+00:00,"filing date, end of day",100822000000.0,100054000000.0,768000000.0,same-quarter mean,measured,10,3289,667000000.0,101000000.0,0.001009454894357047,,,results/complex-quarterly/D/2019-06-30
D,,,Assets,,power,2019-09-30,Q3,2019-11-18T23:59:59+00:00,"filing date, end of day",102359000000.0,100822000000.0,1537000000.0,same-quarter mean,measured,10,3287,1434500000.0,102500000.0,0.0010166431929539187,,,results/complex-quarterly/D/2019-09-30
J,,,Assets,,buildout,2018-09-28,Q3,2019-11-25T23:59:59+00:00,"filing date, end of day",12645795000.0,12551812000.0,93983000.0,same-quarter mean,measured,10,3401,105322500.0,-11339500.0,-0.0009034153793890476,,,results/complex-quarterly/J/2018-09-28
DY,,,Assets,,buildout,2019-10-26,Q4,2019-11-27T23:59:59+00:00,"filing date, end of day",2395576000.0,2328371000.0,67205000.0,same-quarter mean,measured,8,2555,70581875.0,-3376875.0,-0.0014503165517866354,,,results/complex-quarterly/DY/2019-10-26
AGX,,,Assets,,buildout,2018-10-31,Q4,2019-12-10T23:59:59+00:00,"filing date, end of day",500769000.0,513803000.0,-13034000.0,same-quarter mean,measured,7,2183,24987000.0,-38021000.0,-0.07399917867353831,,,results/complex-quarterly/AGX/2018-10-31
ORCL,,,Assets,,hyperscaler,2019-11-30,Q4,2019-12-13T23:59:59+00:00,"filing date, end of day",98443000000.0,106229000000.0,-7786000000.0,same-quarter mean,measured,10,3284,-533700000.0,-7252300000.0,-0.06827043462707924,,,results/complex-quarterly/ORCL/2019-11-30
SMCI,,,Assets,,compute_and_ai,2018-06-30,Q2,2019-12-19T23:59:59+00:00,"filing date, end of day",1769505000.0,1515130000.0,254375000.0,same-quarter mean,measured,6,2074,51698333.333333336,202676666.66666666,0.13376849951269307,,,results/complex-quarterly/SMCI/2018-06-30
SMCI,,,Assets,,compute_and_ai,2018-09-30,Q3,2019-12-19T23:59:59+00:00,"filing date, end of day",1739125000.0,1769505000.0,-30380000.0,same-quarter mean,measured,6,2748,17127166.666666668,-47507166.66666667,-0.02684771541570477,,,results/complex-quarterly/SMCI/2018-09-30
SMCI,,,Assets,,compute_and_ai,2018-12-31,Q4,2019-12-19T23:59:59+00:00,"filing date, end of day",1736137000.0,1739125000.0,-2988000.0,same-quarter mean,measured,6,2657,75279166.66666667,-78267166.66666667,-0.04500376147008793,,,results/complex-quarterly/SMCI/2018-12-31
SMCI,,,Assets,,compute_and_ai,2019-03-31,Q1,2019-12-19T23:59:59+00:00,"filing date, end of day",1607252000.0,1736137000.0,-128885000.0,same-quarter mean,measured,6,2566,30980333.333333332,-159865333.33333334,-0.09208105888724988,,,results/complex-quarterly/SMCI/2019-03-31
MU,,,Assets,,compute_and_ai,2019-11-28,Q4,2019-12-20T23:59:59+00:00,"filing date, end of day",49649000000.0,48887000000.0,762000000.0,same-quarter mean,measured,10,3263,380600000.0,381400000.0,0.007801665064332031,,,results/complex-quarterly/MU/2019-11-28
SMCI,,,Assets,,compute_and_ai,2019-09-30,Q3,2019-12-20T23:59:59+00:00,"filing date, end of day",1701273000.0,1682594000.0,18679000.0,same-quarter mean,measured,7,2964,10340428.57142857,8338571.428571429,0.004955783408577131,,,results/complex-quarterly/SMCI/2019-09-30
AAPL,,,Assets,,hyperscaler,2019-12-28,Q4,2020-01-29T23:59:59+00:00,"filing date, end of day",340618000000.0,338516000000.0,2102000000.0,same-quarter mean,measured,10,3292,16042000000.0,-13940000000.0,-0.04117973744224793,,,results/complex-quarterly/AAPL/2019-12-28
MSFT,,,Assets,,hyperscaler,2019-12-31,Q4,2020-01-29T23:59:59+00:00,"filing date, end of day",282794000000.0,278955000000.0,3839000000.0,same-quarter mean,measured,10,3289,5670600000.0,-1831600000.0,-0.006565933573515441,,,results/complex-quarterly/MSFT/2019-12-31
ROK,,,Assets,,buildout,2019-12-31,Q4,2020-01-29T23:59:59+00:00,"filing date, end of day",7107900000.0,6113000000.0,994900000.0,same-quarter mean,measured,10,3279,-5510000.0,1000410000.0,0.16365287093080322,,,results/complex-quarterly/ROK/2019-12-31
META,,,Assets,,hyperscaler,2018-12-31,Q4,2020-01-30T23:59:59+00:00,"filing date, end of day",97334000000.0,92452000000.0,4882000000.0,same-quarter mean,measured,6,1826,5203833333.333333,-321833333.333333,-0.0034810856804972637,,,results/complex-quarterly/META/2018-12-31
AMZN,,,Assets,,hyperscaler,2017-12-31,Q4,2020-01-31T23:59:59+00:00,"filing date, end of day",131310000000.0,115267000000.0,16043000000.0,same-quarter mean,measured,8,2926,8603375000.0,7439625000.0,0.06454254036280982,,,results/complex-quarterly/AMZN/2017-12-31
AMD,,,Assets,,compute_and_ai,2018-12-29,Q4,2020-02-04T23:59:59+00:00,"filing date, end of day",4556000000.0,4347000000.0,209000000.0,same-quarter mean,measured,9,2648,-169444444.44444445,378444444.4444444,0.0870587633872658,,,results/complex-quarterly/AMD/2018-12-29
J,,,Assets,,buildout,2019-12-27,Q4,2020-02-04T23:59:59+00:00,"filing date, end of day",12200559000.0,11462711000.0,737848000.0,same-quarter mean,measured,11,2997,583315181.8181819,154532818.18181813,0.013481349933869756,,,results/complex-quarterly/J/2019-12-27
SMCI,,,Assets,,compute_and_ai,2019-12-31,Q4,2020-02-07T23:59:59+00:00,"filing date, end of day",1807039000.0,1701273000.0,105766000.0,same-quarter mean,measured,7,2873,64098142.85714286,41667857.14285714,0.02449216389307133,,,results/complex-quarterly/SMCI/2019-12-31
EXC,,,Assets,,power,2018-12-31,Q4,2020-02-11T23:59:59+00:00,"filing date, end of day",119634000000.0,119485000000.0,149000000.0,same-quarter mean,measured,9,2920,290444444.4444444,-141444444.44444442,-0.0011837841105113145,,,results/complex-quarterly/EXC/2018-12-31
IRM,,,Assets,,data_center_reit,2017-12-31,Q4,2020-02-13T23:59:59+00:00,"filing date, end of day",10975387000.0,10260006000.0,715381000.0,same-quarter mean,measured,8,2543,-85126000.0,800507000.0,0.07802207912938842,,,results/complex-quarterly/IRM/2017-12-31
NEE,,,Assets,,power,2017-12-31,Q4,2020-02-14T23:59:59+00:00,"filing date, end of day",97963000000.0,96781000000.0,1182000000.0,same-quarter mean,measured,8,2909,1709375000.0,-527375000.0,-0.005449158409191887,,,results/complex-quarterly/NEE/2017-12-31
PPL,,,Assets,,power,2018-12-31,Q4,2020-02-14T23:59:59+00:00,"filing date, end of day",43396000000.0,43042000000.0,354000000.0,same-quarter mean,measured,9,2908,1239666666.6666667,-885666666.6666667,-0.020576800954106845,,,results/complex-quarterly/PPL/2018-12-31
WY,,,Assets,,data_center_reit,2018-12-31,Q4,2020-02-14T23:59:59+00:00,"filing date, end of day",17249000000.0,17427000000.0,-178000000.0,same-quarter mean,measured,9,2550,-430111111.1111111,252111111.1111111,0.014466695995358415,,,results/complex-quarterly/WY/2018-12-31
PCG,,,Assets,,power,2018-12-31,Q4,2020-02-18T23:59:59+00:00,"filing date, end of day",76995000000.0,71385000000.0,5610000000.0,same-quarter mean,measured,9,2933,819777777.7777778,4790222222.222222,0.06710404457830388,,,results/complex-quarterly/PCG/2018-12-31
AEP,,,Assets,,power,2017-12-31,Q4,2020-02-20T23:59:59+00:00,"filing date, end of day",64729100000.0,63964900000.0,764200000.0,same-quarter mean,measured,8,2918,1108175000.0,-343975000.0,-0.005377558629811037,,,results/complex-quarterly/AEP/2017-12-31
DUK,,,Assets,,power,2017-12-31,Q4,2020-02-20T23:59:59+00:00,"filing date, end of day",137914000000.0,136325000000.0,1589000000.0,same-quarter mean,measured,8,2557,1298125000.0,290875000.0,0.002133687878232166,,,results/complex-quarterly/DUK/2017-12-31
NVDA,,,Assets,,compute_and_ai,2019-01-27,Q1,2020-02-20T23:59:59+00:00,"filing date, end of day",13292000000.0,13657000000.0,-365000000.0,same-quarter mean,measured,9,2899,577072111.1111112,-942072111.1111112,-0.06898089705726815,,,results/complex-quarterly/NVDA/2019-01-27
SO,,,Assets,,power,2017-12-31,Q4,2020-02-20T23:59:59+00:00,"filing date, end of day",111005000000.0,110315000000.0,690000000.0,same-quarter mean,measured,8,2553,1669126625.0,-979126625.0,-0.008875734260979921,,,results/complex-quarterly/SO/2017-12-31
EQIX,,,Assets,,data_center_reit,2018-12-31,Q4,2020-02-21T23:59:59+00:00,"filing date, end of day",20244638000.0,20288071000.0,-43433000.0,same-quarter mean,measured,8,2555,391834875.0,-435267875.0,-0.021454374592833395,,,results/complex-quarterly/EQIX/2018-12-31
ETR,,,Assets,,power,2018-12-31,Q4,2020-02-21T23:59:59+00:00,"filing date, end of day",48275066000.0,48471172000.0,-196106000.0,same-quarter mean,measured,9,2555,462652444.4444444,-658758444.4444444,-0.013590726554836438,,,results/complex-quarterly/ETR/2018-12-31
FSLR,,,Assets,,fuel_and_nuclear,2018-12-31,Q4,2020-02-21T23:59:59+00:00,"filing date, end of day",7121362000.0,7094555000.0,26807000.0,same-quarter mean,measured,9,2550,-40296222.222222224,67103222.222222224,0.0094584117287444,,,results/complex-quarterly/FSLR/2018-12-31
BWXT,,,Assets,,fuel_and_nuclear,2018-12-31,Q4,2020-02-24T23:59:59+00:00,"filing date, end of day",1655096000.0,1735704000.0,-80608000.0,same-quarter mean,measured,8,2188,51869625.0,-132477625.0,-0.07632500990952375,,,results/complex-quarterly/BWXT/2018-12-31
SBAC,,,Assets,,data_center_reit,2018-12-31,Q4,2020-02-24T23:59:59+00:00,"filing date, end of day",7213707000.0,7213823000.0,-116000.0,same-quarter mean,measured,8,2558,-49266500.0,49150500.0,0.006813377594654041,,,results/complex-quarterly/SBAC/2018-12-31
AMT,,,Assets,,data_center_reit,2017-12-31,Q4,2020-02-25T23:59:59+00:00,"filing date, end of day",33214300000.0,32319300000.0,895000000.0,same-quarter mean,measured,8,2921,802768625.0,92231375.0,0.0028537553412357323,,,results/complex-quarterly/AMT/2017-12-31
NVT,,,Assets,,buildout,2017-12-31,Q4,2020-02-25T23:59:59+00:00,"filing date, end of day",4725000000.0,4493800000.0,231200000.0,,missing,0,,,,,,,results/complex-quarterly/NVT/2017-12-31
PRIM,,,Assets,,buildout,2018-12-31,Q4,2020-02-25T23:59:59+00:00,"filing date, end of day",1594147000.0,1621146000.0,-26999000.0,same-quarter mean,measured,7,2184,26629571.42857143,-53628571.42857143,-0.03308065493704542,,,results/complex-quarterly/PRIM/2018-12-31
ETN,,,Assets,,buildout,2017-12-31,Q4,2020-02-26T23:59:59+00:00,"filing date, end of day",32623000000.0,32725000000.0,-102000000.0,same-quarter mean,measured,6,1827,5658370608.666667,-5760370608.666667,-0.17602354801120448,,,results/complex-quarterly/ETN/2017-12-31
FIX,,,Assets,,buildout,2018-12-31,Q4,2020-02-26T23:59:59+00:00,"filing date, end of day",1062564000.0,1059940000.0,2624000.0,same-quarter mean,measured,7,2184,1289714.2857142857,1334285.7142857143,0.0012588313624221318,,,results/complex-quarterly/FIX/2018-12-31
EIX,,,Assets,,power,2018-12-31,Q4,2020-02-27T23:59:59+00:00,"filing date, end of day",56715000000.0,53563000000.0,3152000000.0,same-quarter mean,measured,9,2556,-1025777777.7777778,4177777777.7777777,0.0779974567850527,,,results/complex-quarterly/EIX/2018-12-31
EME,,,Assets,,buildout,2017-12-31,Q4,2020-02-27T23:59:59+00:00,"filing date, end of day",3965904000.0,3966321000.0,-417000.0,same-quarter mean,measured,7,2186,26518000.0,-26935000.0,-0.0067909279153149735,,,results/complex-quarterly/EME/2017-12-31
MTZ,,,Assets,,buildout,2017-12-31,Q4,2020-02-27T23:59:59+00:00,"filing date, end of day",4066600000.0,3942175000.0,124425000.0,same-quarter mean,measured,6,1827,-10820500.0,135245500.0,0.034307330344289635,,,results/complex-quarterly/MTZ/2017-12-31
SRE,,,Assets,,power,2017-12-31,Q4,2020-02-27T23:59:59+00:00,"filing date, end of day",50454000000.0,50129000000.0,325000000.0,same-quarter mean,measured,7,2191,1034000000.0,-709000000.0,-0.014143509744858266,,,results/complex-quarterly/SRE/2017-12-31
D,,,Assets,,power,2018-12-31,Q4,2020-02-28T23:59:59+00:00,"filing date, end of day",77914000000.0,79082000000.0,-1168000000.0,same-quarter mean,measured,9,3185,1277888888.8888888,-2445888888.888889,-0.030928515830263383,,,results/complex-quarterly/D/2018-12-31
PWR,,,Assets,,buildout,2018-12-31,Q4,2020-02-28T23:59:59+00:00,"filing date, end of day",7075787000.0,7191174000.0,-115387000.0,same-quarter mean,measured,9,2921,77103777.77777778,-192490777.7777778,-0.0267676429158546,,,results/complex-quarterly/PWR/2018-12-31
VST,,,Assets,,power,2018-12-31,Q4,2020-02-28T23:59:59+00:00,"filing date, end of day",26024000000.0,25888000000.0,136000000.0,prior same-quarter,measured,1,0,-400000000.0,536000000.0,0.020704573547589616,,,results/complex-quarterly/VST/2018-12-31
DLR,,,Assets,,data_center_reit,2018-12-31,Q4,2020-03-02T23:59:59+00:00,"filing date, end of day",23766695000.0,21462110000.0,2304585000.0,same-quarter mean,measured,8,2554,424154250.0,1880430750.0,0.08761630380237544,,,results/complex-quarterly/DLR/2018-12-31
DY,,,Assets,,buildout,2019-01-26,Q1,2020-03-02T23:59:59+00:00,"filing date, end of day",2097503000.0,2133212000.0,-35709000.0,same-quarter mean,measured,7,2558,1284857.142857143,-36993857.14285714,-0.017341856853822845,,,results/complex-quarterly/DY/2019-01-26
STRL,,,Assets,,buildout,2018-12-31,Q4,2020-03-03T23:59:59+00:00,"filing date, end of day",482573000.0,494164000.0,-11591000.0,same-quarter mean,measured,7,2178,-44903285.71428572,33312285.714285716,0.06741139725735933,,,results/complex-quarterly/STRL/2018-12-31
WULF,,,Assets,,compute_and_ai,2018-12-31,Q4,2020-03-03T23:59:59+00:00,"filing date, end of day",17419218.0,17306077.0,113141.0,same-quarter mean,measured,7,2187,-324353.71428571426,437494.71428571426,0.025279831719558065,,,results/complex-quarterly/WULF/2018-12-31
CCI,,,Assets,,data_center_reit,2018-03-31,Q1,2020-03-10T23:59:59+00:00,"filing date, end of day",32227000000.0,32229000000.0,-2000000.0,same-quarter mean,measured,8,2551,151876250.0,-153876250.0,-0.004774465543454652,,,results/complex-quarterly/CCI/2018-03-31
CCI,,,Assets,,data_center_reit,2018-06-30,Q2,2020-03-10T23:59:59+00:00,"filing date, end of day",32351000000.0,32227000000.0,124000000.0,same-quarter mean,measured,9,2901,179330222.2222222,-55330222.22222221,-0.0017168902542036865,,,results/complex-quarterly/CCI/2018-06-30
CCI,,,Assets,,data_center_reit,2018-09-30,Q3,2020-03-10T23:59:59+00:00,"filing date, end of day",32621000000.0,32351000000.0,270000000.0,same-quarter mean,measured,9,2923,916317333.3333334,-646317333.3333334,-0.01997827990891575,,,results/complex-quarterly/CCI/2018-09-30
CCI,,,Assets,,data_center_reit,2018-12-31,Q4,2020-03-10T23:59:59+00:00,"filing date, end of day",32762000000.0,32621000000.0,141000000.0,same-quarter mean,measured,9,2930,1199048888.8888888,-1058048888.8888888,-0.03243459393914622,,,results/complex-quarterly/CCI/2018-12-31
PLUG,,,Assets,,fuel_and_nuclear,2018-12-31,Q4,2020-03-10T23:59:59+00:00,"filing date, end of day",390326000.0,319278000.0,71048000.0,same-quarter mean,measured,7,2172,102298.28571428571,70945701.71428572,0.2222066716600759,,,results/complex-quarterly/PLUG/2018-12-31
VRT,,,Assets,,buildout,2018-12-31,Q4,2020-03-12T23:59:59+00:00,"filing date, end of day",697339051.0,695164081.0,2174970.0,,missing,0,,,,,,,results/complex-quarterly/VRT/2018-12-31
AVGO,,,Assets,,compute_and_ai,2020-02-02,Q1,2020-03-13T23:59:59+00:00,"filing date, end of day",81006000000.0,67493000000.0,13513000000.0,prior same-quarter,measured,1,0,21986000000.0,-8473000000.0,-0.12553894477945862,,,results/complex-quarterly/AVGO/2020-02-02
ORCL,,,Assets,,hyperscaler,2020-02-29,Q1,2020-03-13T23:59:59+00:00,"filing date, end of day",96704000000.0,98443000000.0,-1739000000.0,same-quarter mean,measured,10,3276,-19300000.0,-1719700000.0,-0.01746899220868929,,,results/complex-quarterly/ORCL/2020-02-29
MU,,,Assets,,compute_and_ai,2020-02-27,Q1,2020-03-26T23:59:59+00:00,"filing date, end of day",49648000000.0,49649000000.0,-1000000.0,same-quarter mean,measured,9,2900,1507222222.2222223,-1508222222.2222223,-0.03037769586944797,,,results/complex-quarterly/MU/2020-02-27
LEU,,,Assets,,fuel_and_nuclear,2018-12-31,Q4,2020-03-27T23:59:59+00:00,"filing date, end of day",571700000.0,506000000.0,65700000.0,same-quarter mean,measured,8,2574,-159900000.0,225600000.0,0.4458498023715415,,,results/complex-quarterly/LEU/2018-12-31
NBIS,,,Assets,,compute_and_ai,2019-12-31,Q4,2020-04-02T23:59:59+00:00,"filing date, end of day",3692200000.0,3479100000.0,213100000.0,same-quarter mean,measured,7,2201,345814285.71428573,-132714285.71428573,-0.038146154383112224,,,results/complex-quarterly/NBIS/2019-12-31
AGX,,,Assets,,buildout,2018-01-31,Q1,2020-04-14T23:59:59+00:00,"filing date, end of day",542669000.0,642301000.0,-99632000.0,same-quarter mean,measured,6,1821,27589333.333333332,-127221333.33333333,-0.19807120545247994,,,results/complex-quarterly/AGX/2018-01-31
NEE,,,Assets,,power,2020-03-31,Q1,2020-04-23T23:59:59+00:00,"filing date, end of day",120637000000.0,117691000000.0,2946000000.0,same-quarter mean,measured,10,3277,1035500000.0,1910500000.0,0.016233186904691096,,,results/complex-quarterly/NEE/2020-03-31
FIX,,,Assets,,buildout,2020-03-31,Q1,2020-04-27T23:59:59+00:00,"filing date, end of day",1618067000.0,1505012000.0,113055000.0,same-quarter mean,measured,8,2549,1245750.0,111809250.0,0.07429126810949016,,,results/complex-quarterly/FIX/2020-03-31
ROK,,,Assets,,buildout,2020-03-31,Q1,2020-04-28T23:59:59+00:00,"filing date, end of day",6665900000.0,7107900000.0,-442000000.0,same-quarter mean,measured,10,3277,69970000.0,-511970000.0,-0.07202830653216843,,,results/complex-quarterly/ROK/2020-03-31
AMD,,,Assets,,compute_and_ai,2020-03-28,Q1,2020-04-29T23:59:59+00:00,"filing date, end of day",5864000000.0,6028000000.0,-164000000.0,same-quarter mean,measured,7,2548,-36285714.28571428,-127714285.71428572,-0.021186842354725566,,,results/complex-quarterly/AMD/2020-03-28
AMT,,,Assets,,data_center_reit,2019-03-31,Q1,2020-04-29T23:59:59+00:00,"filing date, end of day",38926800000.0,33010400000.0,5916400000.0,same-quarter mean,measured,9,3284,964424555.5555556,4951975444.444445,0.15001258525932568,,,results/complex-quarterly/AMT/2019-03-31
MSFT,,,Assets,,hyperscaler,2020-03-31,Q1,2020-04-29T23:59:59+00:00,"filing date, end of day",285449000000.0,282794000000.0,2655000000.0,same-quarter mean,measured,10,3289,2192900000.0,462100000.0,0.0016340516418311562,,,results/complex-quarterly/MSFT/2020-03-31
NVT,,,Assets,,buildout,2020-03-31,Q1,2020-04-29T23:59:59+00:00,"filing date, end of day",4730200000.0,4640300000.0,89900000.0,same-quarter mean,measured,2,352,249050000.0,-159150000.0,-0.034297351464344976,,,results/complex-quarterly/NVT/2020-03-31
EIX,,,Assets,,power,2020-03-31,Q1,2020-04-30T23:59:59+00:00,"filing date, end of day",66026000000.0,64382000000.0,1644000000.0,same-quarter mean,measured,10,3280,732800000.0,911200000.0,0.014153024137181199,,,results/complex-quarterly/EIX/2020-03-31
EME,,,Assets,,buildout,2020-03-31,Q1,2020-04-30T23:59:59+00:00,"filing date, end of day",4835547000.0,4830358000.0,5189000.0,same-quarter mean,measured,9,2924,-37009000.0,42198000.0,0.008735998449804341,,,results/complex-quarterly/EME/2020-03-31
ETN,,,Assets,,buildout,2020-03-31,Q1,2020-04-30T23:59:59+00:00,"filing date, end of day",30845000000.0,32805000000.0,-1960000000.0,same-quarter mean,measured,7,2188,-84571428.57142857,-1875428571.4285715,-0.057168985564047294,,,results/complex-quarterly/ETN/2020-03-31
META,,,Assets,,hyperscaler,2020-03-31,Q1,2020-04-30T23:59:59+00:00,"filing date, end of day",138371000000.0,133376000000.0,4995000000.0,same-quarter mean,measured,7,2184,3772285714.285714,1222714285.7142859,0.009167423567315603,,,results/complex-quarterly/META/2020-03-31
MTZ,,,Assets,,buildout,2020-03-31,Q1,2020-04-30T23:59:59+00:00,"filing date, end of day",4893548000.0,4997000000.0,-103452000.0,same-quarter mean,measured,8,2555,60355375.0,-163807375.0,-0.032781143686211725,,,results/complex-quarterly/MTZ/2020-03-31
SO,,,Assets,,power,2020-03-31,Q1,2020-04-30T23:59:59+00:00,"filing date, end of day",118852000000.0,118700000000.0,152000000.0,same-quarter mean,measured,10,3281,142804500.0,9195500.0,7.746840775063184e-05,,,results/complex-quarterly/SO/2020-03-31
AAPL,,,Assets,,hyperscaler,2020-03-28,Q1,2020-05-01T23:59:59+00:00,"filing date, end of day",320400000000.0,340618000000.0,-20218000000.0,same-quarter mean,measured,9,3297,-6301555555.555555,-13916444444.444445,-0.04085645633655428,,,results/complex-quarterly/AAPL/2020-03-28
AMZN,,,Assets,,hyperscaler,2020-03-31,Q1,2020-05-01T23:59:59+00:00,"filing date, end of day",221238000000.0,225248000000.0,-4010000000.0,same-quarter mean,measured,10,3290,-1657400000.0,-2352600000.0,-0.010444487853388265,,,results/complex-quarterly/AMZN/2020-03-31
CCI,,,Assets,,data_center_reit,2019-03-31,Q1,2020-05-01T23:59:59+00:00,"filing date, end of day",37755000000.0,32762000000.0,4993000000.0,same-quarter mean,measured,9,3592,134778888.8888889,4858221111.111111,0.14828829470456964,,,results/complex-quarterly/CCI/2019-03-31
CCI,,,Assets,,data_center_reit,2020-03-31,Q1,2020-05-01T23:59:59+00:00,"filing date, end of day",38616000000.0,38457000000.0,159000000.0,same-quarter mean,measured,9,3592,134778888.8888889,24221111.111111104,0.0006298232080274359,,,results/complex-quarterly/CCI/2020-03-31
PCG,,,Assets,,power,2020-03-31,Q1,2020-05-01T23:59:59+00:00,"filing date, end of day",86688000000.0,85196000000.0,1492000000.0,same-quarter mean,measured,10,3282,1009800000.0,482200000.0,0.005659890135687121,,,results/complex-quarterly/PCG/2020-03-31
WY,,,Assets,,data_center_reit,2020-03-31,Q1,2020-05-01T23:59:59+00:00,"filing date, end of day",17228000000.0,16406000000.0,822000000.0,same-quarter mean,measured,9,3276,-132777777.77777778,954777777.7777778,0.0581968656453601,,,results/complex-quarterly/WY/2020-03-31
BWXT,,,Assets,,fuel_and_nuclear,2020-03-31,Q1,2020-05-04T23:59:59+00:00,"filing date, end of day",1966603000.0,1908913000.0,57690000.0,same-quarter mean,measured,8,2548,-50073375.0,107763375.0,0.05645274300085965,,,results/complex-quarterly/BWXT/2020-03-31
SRE,,,Assets,,power,2020-03-31,Q1,2020-05-04T23:59:59+00:00,"filing date, end of day",68293000000.0,65665000000.0,2628000000.0,same-quarter mean,measured,9,2920,1605333333.3333333,1022666666.6666667,0.015573999340084774,,,results/complex-quarterly/SRE/2020-03-31
D,,,Assets,,power,2020-03-31,Q1,2020-05-05T23:59:59+00:00,"filing date, end of day",104126000000.0,103823000000.0,303000000.0,same-quarter mean,measured,10,3490,2665300000.0,-2362300000.0,-0.02275314718318677,,,results/complex-quarterly/D/2020-03-31
PRIM,,,Assets,,buildout,2020-03-31,Q1,2020-05-05T23:59:59+00:00,"filing date, end of day",1835103000.0,1830465000.0,4638000.0,same-quarter mean,measured,8,2554,-12295750.0,16933750.0,0.009251064620192137,,,results/complex-quarterly/PRIM/2020-03-31
STRL,,,Assets,,buildout,2020-03-31,Q1,2020-05-05T23:59:59+00:00,"filing date, end of day",976395000.0,934689000.0,41706000.0,same-quarter mean,measured,8,2554,-3838125.0,45544125.0,0.04872650154222421,,,results/complex-quarterly/STRL/2020-03-31
VST,,,Assets,,power,2020-03-31,Q1,2020-05-05T23:59:59+00:00,"filing date, end of day",26669000000.0,26616000000.0,53000000.0,same-quarter mean,measured,3,715,-244000000.0,297000000.0,0.011158701532912534,,,results/complex-quarterly/VST/2020-03-31
AEP,,,Assets,,power,2020-03-31,Q1,2020-05-06T23:59:59+00:00,"filing date, end of day",77724000000.0,75892300000.0,1831700000.0,same-quarter mean,measured,10,3283,531800000.0,1299900000.0,0.01712821985893167,,,results/complex-quarterly/AEP/2020-03-31
J,,,Assets,,buildout,2020-03-27,Q1,2020-05-06T23:59:59+00:00,"filing date, end of day",13134613000.0,12200559000.0,934054000.0,same-quarter mean,measured,9,3386,-45264555.55555555,979318555.5555556,0.08026833488166858,,,results/complex-quarterly/J/2020-03-27
SBAC,,,Assets,,data_center_reit,2020-03-31,Q1,2020-05-06T23:59:59+00:00,"filing date, end of day",9359502000.0,9759941000.0,-400439000.0,same-quarter mean,measured,9,2925,361523666.6666667,-761962666.6666667,-0.07807041729726304,,,results/complex-quarterly/SBAC/2020-03-31
EQIX,,,Assets,,data_center_reit,2020-03-31,Q1,2020-05-07T23:59:59+00:00,"filing date, end of day",23590698000.0,23965615000.0,-374917000.0,same-quarter mean,measured,9,2926,1464110333.3333333,-1839027333.3333333,-0.07673607930918248,,,results/complex-quarterly/EQIX/2020-03-31
IRM,,,Assets,,data_center_reit,2019-03-31,Q1,2020-05-07T23:59:59+00:00,"filing date, end of day",13694334000.0,11857218000.0,1837116000.0,same-quarter mean,measured,9,3272,125122555.55555555,1711993444.4444444,0.14438407427816916,,,results/complex-quarterly/IRM/2019-03-31
IRM,,,Assets,,data_center_reit,2020-03-31,Q1,2020-05-07T23:59:59+00:00,"filing date, end of day",13566336000.0,13816816000.0,-250480000.0,same-quarter mean,measured,9,3272,125122555.55555555,-375602555.5555556,-0.027184450857242044,,,results/complex-quarterly/IRM/2020-03-31
NRG,,,Assets,,power,2018-12-31,Q4,2020-05-07T23:59:59+00:00,"filing date, end of day",10628000000.0,11450000000.0,-822000000.0,same-quarter mean,measured,9,2928,-421111111.1111111,-400888888.8888889,-0.0350121300339641,,,results/complex-quarterly/NRG/2018-12-31
NRG,,,Assets,,power,2020-03-31,Q1,2020-05-07T23:59:59+00:00,"filing date, end of day",12822000000.0,12531000000.0,291000000.0,same-quarter mean,measured,10,3279,12300000.0,278700000.0,0.022240842710079003,,,results/complex-quarterly/NRG/2020-03-31
VRT,,,Assets,,buildout,2020-03-31,Q1,2020-05-07T23:59:59+00:00,"filing date, end of day",4629900000.0,4657400000.0,-27500000.0,prior same-quarter,measured,1,0,3538636.0,-31038636.0,-0.006664369820071284,,,results/complex-quarterly/VRT/2020-03-31
EXC,,,Assets,,power,2020-03-31,Q1,2020-05-08T23:59:59+00:00,"filing date, end of day",124677000000.0,124977000000.0,-300000000.0,same-quarter mean,measured,10,3296,5328700000.0,-5628700000.0,-0.0450378869712027,,,results/complex-quarterly/EXC/2020-03-31
FSLR,,,Assets,,fuel_and_nuclear,2020-03-31,Q1,2020-05-08T23:59:59+00:00,"filing date, end of day",6949141000.0,7515689000.0,-566548000.0,same-quarter mean,measured,10,2920,-28141000.0,-538407000.0,-0.07163774339252196,,,results/complex-quarterly/FSLR/2020-03-31
PPL,,,Assets,,power,2020-03-31,Q1,2020-05-08T23:59:59+00:00,"filing date, end of day",46328000000.0,45680000000.0,648000000.0,same-quarter mean,measured,10,3283,805100000.0,-157100000.0,-0.003439141856392294,,,results/complex-quarterly/PPL/2020-03-31
PWR,,,Assets,,buildout,2020-03-31,Q1,2020-05-08T23:59:59+00:00,"filing date, end of day",8228944000.0,8331682000.0,-102738000.0,same-quarter mean,measured,10,3283,92740200.0,-195478200.0,-0.023462033236506145,,,results/complex-quarterly/PWR/2020-03-31
DLR,,,Assets,,data_center_reit,2020-03-31,Q1,2020-05-11T23:59:59+00:00,"filing date, end of day",33113300000.0,23068131000.0,10045169000.0,same-quarter mean,measured,8,2559,53474750.0,9991694250.0,0.4331384389138418,,,results/complex-quarterly/DLR/2020-03-31
ETR,,,Assets,,power,2020-03-31,Q1,2020-05-11T23:59:59+00:00,"filing date, end of day",52555029000.0,51723912000.0,831117000.0,same-quarter mean,measured,10,3283,331780000.0,499337000.0,0.009653890834861832,,,results/complex-quarterly/ETR/2020-03-31
SMCI,,,Assets,,compute_and_ai,2020-03-31,Q1,2020-05-11T23:59:59+00:00,"filing date, end of day",1960236000.0,1807039000.0,153197000.0,same-quarter mean,measured,7,2782,8142428.571428572,145054571.42857143,0.08027196503704205,,,results/complex-quarterly/SMCI/2020-03-31
DUK,,,Assets,,power,2020-03-31,Q1,2020-05-12T23:59:59+00:00,"filing date, end of day",160072000000.0,158838000000.0,1234000000.0,same-quarter mean,measured,9,2922,872000000.0,362000000.0,0.00227905161233458,,,results/complex-quarterly/DUK/2020-03-31
LEU,,,Assets,,fuel_and_nuclear,2020-03-31,Q1,2020-05-12T23:59:59+00:00,"filing date, end of day",430800000.0,455900000.0,-25100000.0,same-quarter mean,measured,9,2927,-190411111.1111111,165311111.1111111,0.36260388486753914,,,results/complex-quarterly/LEU/2020-03-31
WULF,,,Assets,,compute_and_ai,2020-03-31,Q1,2020-05-13T23:59:59+00:00,"filing date, end of day",15643952.0,16879541.0,-1235589.0,same-quarter mean,measured,8,2555,104832.75,-1340421.75,-0.07941103078573049,,,results/complex-quarterly/WULF/2020-03-31
DY,,,Assets,,buildout,2020-04-25,Q2,2020-05-21T23:59:59+00:00,"filing date, end of day",2812864000.0,2217631000.0,595233000.0,same-quarter mean,measured,8,2555,60857875.0,534375125.0,0.24096665540840653,,,results/complex-quarterly/DY/2020-04-25
NVDA,,,Assets,,compute_and_ai,2020-04-26,Q2,2020-05-21T23:59:59+00:00,"filing date, end of day",23254000000.0,17315000000.0,5939000000.0,same-quarter mean,measured,10,3282,43990000.0,5895010000.0,0.3404568293387237,,,results/complex-quarterly/NVDA/2020-04-26
AGX,,,Assets,,buildout,2019-04-30,Q2,2020-06-09T23:59:59+00:00,"filing date, end of day",433161000.0,476648000.0,-43487000.0,same-quarter mean,measured,7,2194,18036428.57142857,-61523428.57142857,-0.12907518456267217,,,results/complex-quarterly/AGX/2019-04-30
AVGO,,,Assets,,compute_and_ai,2020-05-03,Q2,2020-06-12T23:59:59+00:00,"filing date, end of day",81548000000.0,81006000000.0,542000000.0,same-quarter mean,measured,2,365,-338000000.0,880000000.0,0.010863392835098634,,,results/complex-quarterly/AVGO/2020-05-03
ORCL,,,Assets,,hyperscaler,2019-05-31,Q2,2020-06-22T23:59:59+00:00,"filing date, end of day",108709000000.0,109438000000.0,-729000000.0,same-quarter mean,measured,9,2915,5191666666.666667,-5920666666.666667,-0.05410064755082025,,,results/complex-quarterly/ORCL/2019-05-31
AVGO,,,Assets,,compute_and_ai,2018-11-04,Q4,2020-06-26T23:59:59+00:00,"filing date, end of day",50124000000.0,50372000000.0,-248000000.0,,missing,0,,,,,,,results/complex-quarterly/AVGO/2018-11-04
MU,,,Assets,,compute_and_ai,2020-05-28,Q2,2020-06-29T23:59:59+00:00,"filing date, end of day",52005000000.0,49648000000.0,2357000000.0,same-quarter mean,measured,9,2906,463000000.0,1894000000.0,0.038148565903963906,,,results/complex-quarterly/MU/2020-05-28
NEE,,,Assets,,power,2020-06-30,Q2,2020-07-24T23:59:59+00:00,"filing date, end of day",121961000000.0,120637000000.0,1324000000.0,same-quarter mean,measured,11,3645,1312272727.2727273,11727272.727272749,9.721124304544003e-05,,,results/complex-quarterly/NEE/2020-06-30
FIX,,,Assets,,buildout,2020-06-30,Q2,2020-07-27T23:59:59+00:00,"filing date, end of day",1675443000.0,1618067000.0,57376000.0,same-quarter mean,measured,9,2914,87981777.77777778,-30605777.777777776,-0.018915025013041965,,,results/complex-quarterly/FIX/2020-06-30
ROK,,,Assets,,buildout,2020-06-30,Q2,2020-07-28T23:59:59+00:00,"filing date, end of day",7329500000.0,6665900000.0,663600000.0,same-quarter mean,measured,11,3642,-30272727.272727273,693872727.2727273,0.10409287977208288,,,results/complex-quarterly/ROK/2020-06-30
AMD,,,Assets,,compute_and_ai,2020-06-27,Q2,2020-07-29T23:59:59+00:00,"filing date, end of day",6583000000.0,5864000000.0,719000000.0,same-quarter mean,measured,10,3283,-281000000.0,1000000000.0,0.17053206002728513,,,results/complex-quarterly/AMD/2020-06-27
ETN,,,Assets,,buildout,2020-06-30,Q2,2020-07-29T23:59:59+00:00,"filing date, end of day",30348000000.0,30845000000.0,-497000000.0,same-quarter mean,measured,7,2153,38000000.0,-535000000.0,-0.017344788458421138,,,results/complex-quarterly/ETN/2020-06-30
AMT,,,Assets,,data_center_reit,2019-06-30,Q2,2020-07-30T23:59:59+00:00,"filing date, end of day",39072700000.0,38926800000.0,145900000.0,same-quarter mean,measured,10,3646,390788000.0,-244888000.0,-0.0062909871862059045,,,results/complex-quarterly/AMT/2019-06-30
EIX,,,Assets,,power,2020-06-30,Q2,2020-07-30T23:59:59+00:00,"filing date, end of day",67051000000.0,66026000000.0,1025000000.0,same-quarter mean,measured,11,3639,386090909.09090906,638909090.909091,0.009676628766078377,,,results/complex-quarterly/EIX/2020-06-30
MSFT,,,Assets,,hyperscaler,2019-06-30,Q2,2020-07-30T23:59:59+00:00,"filing date, end of day",286556000000.0,263281000000.0,23275000000.0,same-quarter mean,measured,9,2926,9562888888.88889,13712111111.11111,0.05208165842241222,,,results/complex-quarterly/MSFT/2019-06-30
PCG,,,Assets,,power,2020-06-30,Q2,2020-07-30T23:59:59+00:00,"filing date, end of day",109229000000.0,86688000000.0,22541000000.0,same-quarter mean,measured,11,3656,1126181818.1818182,21414818181.81818,0.24703324775999191,,,results/complex-quarterly/PCG/2020-06-30
SO,,,Assets,,power,2020-06-30,Q2,2020-07-30T23:59:59+00:00,"filing date, end of day",119731000000.0,118852000000.0,879000000.0,same-quarter mean,measured,11,3625,2363499454.5454545,-1484499454.5454545,-0.012490319511202627,,,results/complex-quarterly/SO/2020-06-30
AAPL,,,Assets,,hyperscaler,2020-06-27,Q2,2020-07-31T23:59:59+00:00,"filing date, end of day",317344000000.0,320400000000.0,-3056000000.0,same-quarter mean,measured,11,3661,3882363636.3636365,-6938363636.363636,-0.02165531721711497,,,results/complex-quarterly/AAPL/2020-06-27
AMZN,,,Assets,,hyperscaler,2020-06-30,Q2,2020-07-31T23:59:59+00:00,"filing date, end of day",258314000000.0,221238000000.0,37076000000.0,same-quarter mean,measured,11,3654,3486363636.3636365,33589636363.636364,0.1518258001050288,,,results/complex-quarterly/AMZN/2020-06-30
CCI,,,Assets,,data_center_reit,2019-06-30,Q2,2020-07-31T23:59:59+00:00,"filing date, end of day",38124000000.0,37755000000.0,369000000.0,same-quarter mean,measured,10,3847,173797200.0,195202800.0,0.005170250297973778,,,results/complex-quarterly/CCI/2019-06-30
CCI,,,Assets,,data_center_reit,2020-06-30,Q2,2020-07-31T23:59:59+00:00,"filing date, end of day",40901000000.0,38616000000.0,2285000000.0,same-quarter mean,measured,10,3847,173797200.0,2111202800.0,0.05467171120778952,,,results/complex-quarterly/CCI/2020-06-30
EQIX,,,Assets,,data_center_reit,2020-06-30,Q2,2020-07-31T23:59:59+00:00,"filing date, end of day",27792630000.0,23590698000.0,4201932000.0,same-quarter mean,measured,10,3285,145956900.0,4055975100.0,0.1719311187824964,,,results/complex-quarterly/EQIX/2020-06-30
META,,,Assets,,hyperscaler,2020-06-30,Q2,2020-07-31T23:59:59+00:00,"filing date, end of day",139691000000.0,138371000000.0,1320000000.0,same-quarter mean,measured,8,2550,3841500000.0,-2521500000.0,-0.018222748986420564,,,results/complex-quarterly/META/2020-06-30
MTZ,,,Assets,,buildout,2020-06-30,Q2,2020-07-31T23:59:59+00:00,"filing date, end of day",4989985000.0,4893548000.0,96437000.0,same-quarter mean,measured,9,2920,264065666.66666666,-167628666.66666666,-0.034255036768141775,,,results/complex-quarterly/MTZ/2020-06-30
NVT,,,Assets,,buildout,2020-06-30,Q2,2020-07-31T23:59:59+00:00,"filing date, end of day",4712400000.0,4730200000.0,-17800000.0,same-quarter mean,measured,2,371,-367100000.0,349300000.0,0.07384465773117416,,,results/complex-quarterly/NVT/2020-06-30
WY,,,Assets,,data_center_reit,2020-06-30,Q2,2020-07-31T23:59:59+00:00,"filing date, end of day",16254000000.0,17228000000.0,-974000000.0,same-quarter mean,measured,11,3637,902818181.8181819,-1876818181.818182,-0.10893999197923043,,,results/complex-quarterly/WY/2020-06-30
BWXT,,,Assets,,fuel_and_nuclear,2020-06-30,Q2,2020-08-03T23:59:59+00:00,"filing date, end of day",1971363000.0,1966603000.0,4760000.0,same-quarter mean,measured,9,2919,-104993000.0,109753000.0,0.055808416848748835,,,results/complex-quarterly/BWXT/2020-06-30
EME,,,Assets,,buildout,2020-06-30,Q2,2020-08-03T23:59:59+00:00,"filing date, end of day",4590423000.0,4835547000.0,-245124000.0,same-quarter mean,measured,10,3288,72350200.0,-317474200.0,-0.06565424759598035,,,results/complex-quarterly/EME/2020-06-30
J,,,Assets,,buildout,2020-06-26,Q2,2020-08-03T23:59:59+00:00,"filing date, end of day",12611766000.0,13134613000.0,-522847000.0,same-quarter mean,measured,11,3658,18793636.363636363,-541640636.3636364,-0.04123765476482911,,,results/complex-quarterly/J/2020-06-26
EXC,,,Assets,,power,2020-06-30,Q2,2020-08-04T23:59:59+00:00,"filing date, end of day",126313000000.0,124677000000.0,1636000000.0,same-quarter mean,measured,11,3660,134181818.18181819,1501818181.8181818,0.01204567146962296,,,results/complex-quarterly/EXC/2020-06-30
PRIM,,,Assets,,buildout,2020-06-30,Q2,2020-08-04T23:59:59+00:00,"filing date, end of day",1953554000.0,1835103000.0,118451000.0,same-quarter mean,measured,9,2923,70931444.44444445,47519555.55555555,0.02589476206815397,,,results/complex-quarterly/PRIM/2020-06-30
STRL,,,Assets,,buildout,2020-06-30,Q2,2020-08-04T23:59:59+00:00,"filing date, end of day",1017510000.0,976395000.0,41115000.0,same-quarter mean,measured,9,2920,42974555.55555555,-1859555.5555555522,-0.0019045115507100633,,,results/complex-quarterly/STRL/2020-06-30
D,,,Assets,,power,2020-06-30,Q2,2020-08-05T23:59:59+00:00,"filing date, end of day",103728000000.0,104126000000.0,-398000000.0,same-quarter mean,measured,11,3762,676181818.1818181,-1074181818.181818,-0.0103161728884411,,,results/complex-quarterly/D/2020-06-30
ETR,,,Assets,,power,2020-06-30,Q2,2020-08-05T23:59:59+00:00,"filing date, end of day",53365302000.0,52555029000.0,810273000.0,same-quarter mean,measured,11,3623,235867000.0,574406000.0,0.010929610561151056,,,results/complex-quarterly/ETR/2020-06-30
SRE,,,Assets,,power,2020-06-30,Q2,2020-08-05T23:59:59+00:00,"filing date, end of day",68385000000.0,68293000000.0,92000000.0,same-quarter mean,measured,9,2915,553888888.8888888,-461888888.88888884,-0.00676334161464409,,,results/complex-quarterly/SRE/2020-06-30
VRT,,,Assets,,buildout,2020-06-30,Q2,2020-08-05T23:59:59+00:00,"filing date, end of day",4729900000.0,4629900000.0,100000000.0,same-quarter mean,measured,2,364,347118753.0,-247118753.0,-0.053374533575239205,,,results/complex-quarterly/VRT/2020-06-30
VST,,,Assets,,power,2020-06-30,Q2,2020-08-05T23:59:59+00:00,"filing date, end of day",26307000000.0,26669000000.0,-362000000.0,same-quarter mean,measured,3,728,4238333333.3333335,-4600333333.333334,-0.1724974064769333,,,results/complex-quarterly/VST/2020-06-30
AEP,,,Assets,,power,2020-06-30,Q2,2020-08-06T23:59:59+00:00,"filing date, end of day",77804800000.0,77724000000.0,80800000.0,same-quarter mean,measured,11,3642,822454545.4545455,-741654545.4545455,-0.009542156160961164,,,results/complex-quarterly/AEP/2020-06-30
IRM,,,Assets,,data_center_reit,2019-06-30,Q2,2020-08-06T23:59:59+00:00,"filing date, end of day",13720982000.0,13694334000.0,26648000.0,same-quarter mean,measured,9,2915,360341222.2222222,-333693222.2222222,-0.024367247229563863,,,results/complex-quarterly/IRM/2019-06-30
IRM,,,Assets,,data_center_reit,2020-06-30,Q2,2020-08-06T23:59:59+00:00,"filing date, end of day",14367553000.0,13566336000.0,801217000.0,same-quarter mean,measured,9,2915,360341222.2222222,440875777.7777778,0.03249777816042429,,,results/complex-quarterly/IRM/2020-06-30
LEU,,,Assets,,fuel_and_nuclear,2020-06-30,Q2,2020-08-06T23:59:59+00:00,"filing date, end of day",468900000.0,430800000.0,38100000.0,same-quarter mean,measured,10,3294,12480000.0,25620000.0,0.05947075208913649,,,results/complex-quarterly/LEU/2020-06-30
NRG,,,Assets,,power,2020-06-30,Q2,2020-08-06T23:59:59+00:00,"filing date, end of day",12337000000.0,12822000000.0,-485000000.0,same-quarter mean,measured,11,3634,-197454545.45454547,-287545454.5454545,-0.022425944045036228,,,results/complex-quarterly/NRG/2020-06-30
SBAC,,,Assets,,data_center_reit,2020-06-30,Q2,2020-08-06T23:59:59+00:00,"filing date, end of day",9390539000.0,9359502000.0,31037000.0,same-quarter mean,measured,10,3289,280524100.0,-249487100.0,-0.026656022937972555,,,results/complex-quarterly/SBAC/2020-06-30
FSLR,,,Assets,,fuel_and_nuclear,2020-06-30,Q2,2020-08-07T23:59:59+00:00,"filing date, end of day",7072618000.0,6949141000.0,123477000.0,same-quarter mean,measured,11,3287,201767545.45454547,-78290545.45454547,-0.011266219156374215,,,results/complex-quarterly/FSLR/2020-06-30
PWR,,,Assets,,buildout,2020-06-30,Q2,2020-08-07T23:59:59+00:00,"filing date, end of day",8089630000.0,8228944000.0,-139314000.0,same-quarter mean,measured,11,3644,80557909.0909091,-219871909.0909091,-0.02671933471547614,,,results/complex-quarterly/PWR/2020-06-30
DLR,,,Assets,,data_center_reit,2020-06-30,Q2,2020-08-10T23:59:59+00:00,"filing date, end of day",33862638000.0,33113300000.0,749338000.0,same-quarter mean,measured,10,3282,191768700.0,557569300.0,0.016838228143978402,,,results/complex-quarterly/DLR/2020-06-30
DUK,,,Assets,,power,2020-06-30,Q2,2020-08-10T23:59:59+00:00,"filing date, end of day",160049000000.0,160072000000.0,-23000000.0,same-quarter mean,measured,11,3651,650000000.0,-673000000.0,-0.004204358038882503,,,results/complex-quarterly/DUK/2020-06-30
PPL,,,Assets,,power,2020-06-30,Q2,2020-08-10T23:59:59+00:00,"filing date, end of day",46520000000.0,46328000000.0,192000000.0,same-quarter mean,measured,11,3633,89181818.18181819,102818181.81818181,0.0022193529143969483,,,results/complex-quarterly/PPL/2020-06-30
WULF,,,Assets,,compute_and_ai,2020-06-30,Q2,2020-08-12T23:59:59+00:00,"filing date, end of day",15448604.0,15643952.0,-195348.0,same-quarter mean,measured,9,2923,285307.3333333333,-480655.3333333333,-0.03072467451532281,,,results/complex-quarterly/WULF/2020-06-30
NVDA,,,Assets,,compute_and_ai,2020-07-26,Q3,2020-08-19T23:59:59+00:00,"filing date, end of day",25180000000.0,23254000000.0,1926000000.0,same-quarter mean,measured,11,3647,159585000.0,1766415000.0,0.07596177001806141,,,results/complex-quarterly/NVDA/2020-07-26
DY,,,Assets,,buildout,2020-07-25,Q3,2020-08-27T23:59:59+00:00,"filing date, end of day",2144687000.0,2812864000.0,-668177000.0,same-quarter mean,measured,8,2176,72351625.0,-740528625.0,-0.26326499432606765,,,results/complex-quarterly/DY/2020-07-25
SMCI,,,Assets,,compute_and_ai,2019-06-30,Q2,2020-08-31T23:59:59+00:00,"filing date, end of day",1682594000.0,1607252000.0,75342000.0,same-quarter mean,measured,7,2290,80652142.85714285,-5310142.857142851,-0.0033038645197783862,,,results/complex-quarterly/SMCI/2019-06-30
AGX,,,Assets,,buildout,2019-07-31,Q3,2020-09-09T23:59:59+00:00,"filing date, end of day",419724000.0,433161000.0,-13437000.0,same-quarter mean,measured,8,2551,2024125.0,-15461125.0,-0.03569371434639776,,,results/complex-quarterly/AGX/2019-07-31
AVGO,,,Assets,,compute_and_ai,2020-08-02,Q3,2020-09-11T23:59:59+00:00,"filing date, end of day",79298000000.0,81548000000.0,-2250000000.0,same-quarter mean,measured,2,365,-2856500000.0,606500000.0,0.00743733751900721,,,results/complex-quarterly/AVGO/2020-08-02
ORCL,,,Assets,,hyperscaler,2020-08-31,Q3,2020-09-15T23:59:59+00:00,"filing date, end of day",113546000000.0,115438000000.0,-1892000000.0,same-quarter mean,measured,11,3644,1667909090.909091,-3559909090.909091,-0.03083827761143723,,,results/complex-quarterly/ORCL/2020-08-31
MU,,,Assets,,compute_and_ai,2019-08-29,Q3,2020-10-19T23:59:59+00:00,"filing date, end of day",48887000000.0,46288000000.0,2599000000.0,same-quarter mean,measured,9,2914,1476777777.7777777,1122222222.2222223,0.02424434458654991,,,results/complex-quarterly/MU/2019-08-29
AEP,,,Assets,,power,2020-09-30,Q3,2020-10-22T23:59:59+00:00,"filing date, end of day",78689300000.0,77804800000.0,884500000.0,same-quarter mean,measured,11,3646,324154545.45454544,560345454.5454545,0.007201939398924675,,,results/complex-quarterly/AEP/2020-09-30
NEE,,,Assets,,power,2020-09-30,Q3,2020-10-23T23:59:59+00:00,"filing date, end of day",126382000000.0,121961000000.0,4421000000.0,same-quarter mean,measured,11,3645,2241363636.3636365,2179636363.6363635,0.017871584880710747,,,results/complex-quarterly/NEE/2020-09-30
FIX,,,Assets,,buildout,2020-09-30,Q3,2020-10-26T23:59:59+00:00,"filing date, end of day",1677969000.0,1675443000.0,2526000.0,same-quarter mean,measured,9,2908,1554000.0,972000.0,0.0005801450720794441,,,results/complex-quarterly/FIX/2020-09-30
EIX,,,Assets,,power,2020-09-30,Q3,2020-10-27T23:59:59+00:00,"filing date, end of day",68556000000.0,67051000000.0,1505000000.0,same-quarter mean,measured,11,3644,1282000000.0,223000000.0,0.003325826609595681,,,results/complex-quarterly/EIX/2020-09-30
MSFT,,,Assets,,hyperscaler,2020-09-30,Q3,2020-10-27T23:59:59+00:00,"filing date, end of day",301001000000.0,301311000000.0,-310000000.0,same-quarter mean,measured,11,3652,1190090909.090909,-1500090909.090909,-0.0049785467808706255,,,results/complex-quarterly/MSFT/2020-09-30
AMD,,,Assets,,compute_and_ai,2020-09-26,Q3,2020-10-28T23:59:59+00:00,"filing date, end of day",7023000000.0,6583000000.0,440000000.0,same-quarter mean,measured,11,3283,50454545.45454545,389545454.54545456,0.059174457625012084,,,results/complex-quarterly/AMD/2020-09-26
CCI,,,Assets,,data_center_reit,2019-09-30,Q3,2020-10-28T23:59:59+00:00,"filing date, end of day",38321000000.0,38124000000.0,197000000.0,same-quarter mean,measured,10,3777,851685600.0,-654685600.0,-0.017172531738537403,,,results/complex-quarterly/CCI/2019-09-30
CCI,,,Assets,,data_center_reit,2020-09-30,Q3,2020-10-28T23:59:59+00:00,"filing date, end of day",38786000000.0,40901000000.0,-2115000000.0,same-quarter mean,measured,10,3777,851685600.0,-2966685600.0,-0.07253332681352534,,,results/complex-quarterly/CCI/2020-09-30
FSLR,,,Assets,,fuel_and_nuclear,2020-09-30,Q3,2020-10-28T23:59:59+00:00,"filing date, end of day",6985217000.0,7072618000.0,-87401000.0,same-quarter mean,measured,11,3280,303455545.45454544,-390856545.45454544,-0.05526334738487862,,,results/complex-quarterly/FSLR/2020-09-30
AMT,,,Assets,,data_center_reit,2019-09-30,Q3,2020-10-29T23:59:59+00:00,"filing date, end of day",39307200000.0,39072700000.0,234500000.0,same-quarter mean,measured,10,3647,496068500.0,-261568500.0,-0.006694405556821003,,,results/complex-quarterly/AMT/2019-09-30
EME,,,Assets,,buildout,2020-09-30,Q3,2020-10-29T23:59:59+00:00,"filing date, end of day",4829985000.0,4590423000.0,239562000.0,same-quarter mean,measured,10,3283,88228300.0,151333700.0,0.032967266851006975,,,results/complex-quarterly/EME/2020-09-30
MTZ,,,Assets,,buildout,2020-09-30,Q3,2020-10-29T23:59:59+00:00,"filing date, end of day",5201749000.0,4989985000.0,211764000.0,same-quarter mean,measured,9,2919,90969111.1111111,120794888.8888889,0.024207465330835443,,,results/complex-quarterly/MTZ/2020-09-30
PCG,,,Assets,,power,2020-09-30,Q3,2020-10-29T23:59:59+00:00,"filing date, end of day",95587000000.0,109229000000.0,-13642000000.0,same-quarter mean,measured,11,3661,852636363.6363636,-14494636363.636364,-0.13269952451854694,,,results/complex-quarterly/PCG/2020-09-30
SO,,,Assets,,power,2020-09-30,Q3,2020-10-29T23:59:59+00:00,"filing date, end of day",123158000000.0,119731000000.0,3427000000.0,same-quarter mean,measured,11,3645,2052495272.7272727,1374504727.2727273,0.011479940260022277,,,results/complex-quarterly/SO/2020-09-30
AAPL,,,Assets,,hyperscaler,2019-09-28,Q3,2020-10-30T23:59:59+00:00,"filing date, end of day",338516000000.0,322239000000.0,16277000000.0,same-quarter mean,measured,11,2927,12696000000.0,3581000000.0,0.011112869640235975,,,results/complex-quarterly/AAPL/2019-09-28
AMZN,,,Assets,,hyperscaler,2020-09-30,Q3,2020-10-30T23:59:59+00:00,"filing date, end of day",282179000000.0,258314000000.0,23865000000.0,same-quarter mean,measured,11,3654,5926000000.0,17939000000.0,0.06944648760810486,,,results/complex-quarterly/AMZN/2020-09-30
EQIX,,,Assets,,data_center_reit,2020-09-30,Q3,2020-10-30T23:59:59+00:00,"filing date, end of day",26436714000.0,27792630000.0,-1355916000.0,same-quarter mean,measured,10,3290,207637500.0,-1563553500.0,-0.05625784605487138,,,results/complex-quarterly/EQIX/2020-09-30
META,,,Assets,,hyperscaler,2020-09-30,Q3,2020-10-30T23:59:59+00:00,"filing date, end of day",146437000000.0,139691000000.0,6746000000.0,same-quarter mean,measured,8,2563,3105500000.0,3640500000.0,0.026061091981587934,,,results/complex-quarterly/META/2020-09-30
NVT,,,Assets,,buildout,2020-09-30,Q3,2020-10-30T23:59:59+00:00,"filing date, end of day",4410600000.0,4712400000.0,-301800000.0,same-quarter mean,measured,2,370,88800000.0,-390600000.0,-0.08288770053475936,,,results/complex-quarterly/NVT/2020-09-30
WY,,,Assets,,data_center_reit,2020-09-30,Q3,2020-10-30T23:59:59+00:00,"filing date, end of day",16356000000.0,16254000000.0,102000000.0,same-quarter mean,measured,11,3640,-413636363.6363636,515636363.6363636,0.03172365963063637,,,results/complex-quarterly/WY/2020-09-30
BWXT,,,Assets,,fuel_and_nuclear,2020-09-30,Q3,2020-11-02T23:59:59+00:00,"filing date, end of day",2124314000.0,1971363000.0,152951000.0,same-quarter mean,measured,9,2919,25970666.666666668,126980333.33333333,0.06441245642397332,,,results/complex-quarterly/BWXT/2020-09-30
PWR,,,Assets,,buildout,2020-09-30,Q3,2020-11-02T23:59:59+00:00,"filing date, end of day",8325487000.0,8089630000.0,235857000.0,same-quarter mean,measured,11,3644,264986181.8181818,-29129181.818181813,-0.0036008052059466025,,,results/complex-quarterly/PWR/2020-09-30
ETN,,,Assets,,buildout,2020-09-30,Q3,2020-11-03T23:59:59+00:00,"filing date, end of day",30985000000.0,30348000000.0,637000000.0,same-quarter mean,measured,8,2540,-2292902956.5,2929902956.5,0.09654352697047582,,,results/complex-quarterly/ETN/2020-09-30
EXC,,,Assets,,power,2020-09-30,Q3,2020-11-03T23:59:59+00:00,"filing date, end of day",127767000000.0,126313000000.0,1454000000.0,same-quarter mean,measured,10,3296,1739500000.0,-285500000.0,-0.0022602582473696294,,,results/complex-quarterly/EXC/2020-09-30
STRL,,,Assets,,buildout,2020-09-30,Q3,2020-11-03T23:59:59+00:00,"filing date, end of day",1022512000.0,1017510000.0,5002000.0,same-quarter mean,measured,9,2919,13854000.0,-8852000.0,-0.00869966879932384,,,results/complex-quarterly/STRL/2020-09-30
ETR,,,Assets,,power,2020-09-30,Q3,2020-11-04T23:59:59+00:00,"filing date, end of day",56070251000.0,53365302000.0,2704949000.0,same-quarter mean,measured,11,3651,364486090.90909094,2340462909.090909,0.043857390877145394,,,results/complex-quarterly/ETR/2020-09-30
VST,,,Assets,,power,2020-09-30,Q3,2020-11-04T23:59:59+00:00,"filing date, end of day",25499000000.0,26307000000.0,-808000000.0,same-quarter mean,measured,3,732,-147666666.66666666,-660333333.3333334,-0.025101050417506116,,,results/complex-quarterly/VST/2020-09-30
DUK,,,Assets,,power,2020-09-30,Q3,2020-11-05T23:59:59+00:00,"filing date, end of day",161409000000.0,160049000000.0,1360000000.0,same-quarter mean,measured,11,3654,6694636363.636364,-5334636363.636364,-0.033331269571421025,,,results/complex-quarterly/DUK/2020-09-30
IRM,,,Assets,,data_center_reit,2020-09-30,Q3,2020-11-05T23:59:59+00:00,"filing date, end of day",13682660000.0,14367553000.0,-684893000.0,same-quarter mean,measured,11,3279,71909909.0909091,-756802909.0909091,-0.05267444700506128,,,results/complex-quarterly/IRM/2020-09-30
NRG,,,Assets,,power,2020-09-30,Q3,2020-11-05T23:59:59+00:00,"filing date, end of day",12225000000.0,12337000000.0,-112000000.0,same-quarter mean,measured,11,3657,-783636363.6363636,671636363.6363636,0.0544408173491419,,,results/complex-quarterly/NRG/2020-09-30
PPL,,,Assets,,power,2020-09-30,Q3,2020-11-05T23:59:59+00:00,"filing date, end of day",47924000000.0,46520000000.0,1404000000.0,same-quarter mean,measured,11,3658,237363636.36363637,1166636363.6363635,0.025078167747987178,,,results/complex-quarterly/PPL/2020-09-30
PRIM,,,Assets,,buildout,2020-09-30,Q3,2020-11-05T23:59:59+00:00,"filing date, end of day",1999502000.0,1953554000.0,45948000.0,same-quarter mean,measured,9,2918,51703111.11111111,-5755111.111111112,-0.002945969812511511,,,results/complex-quarterly/PRIM/2020-09-30
SBAC,,,Assets,,data_center_reit,2020-09-30,Q3,2020-11-05T23:59:59+00:00,"filing date, end of day",9034682000.0,9390539000.0,-355857000.0,same-quarter mean,measured,10,3290,22278600.0,-378135600.0,-0.04026772052168678,,,results/complex-quarterly/SBAC/2020-09-30
SRE,,,Assets,,power,2020-09-30,Q3,2020-11-05T23:59:59+00:00,"filing date, end of day",67222000000.0,68385000000.0,-1163000000.0,same-quarter mean,measured,9,2920,1004888888.8888888,-2167888888.888889,-0.031701234026305314,,,results/complex-quarterly/SRE/2020-09-30
VRT,,,Assets,,buildout,2020-09-30,Q3,2020-11-05T23:59:59+00:00,"filing date, end of day",4771700000.0,4729900000.0,41800000.0,same-quarter mean,measured,2,364,2793014.0,39006986.0,0.008246894437514534,,,results/complex-quarterly/VRT/2020-09-30
D,,,Assets,,power,2020-09-30,Q3,2020-11-06T23:59:59+00:00,"filing date, end of day",104535000000.0,103728000000.0,807000000.0,same-quarter mean,measured,11,3668,1443818181.8181818,-636818181.8181818,-0.006139308400992805,,,results/complex-quarterly/D/2020-09-30
DLR,,,Assets,,data_center_reit,2020-09-30,Q3,2020-11-06T23:59:59+00:00,"filing date, end of day",35435333000.0,33862638000.0,1572695000.0,same-quarter mean,measured,9,2923,1264933555.5555556,307761444.4444444,0.009088525366642859,,,results/complex-quarterly/DLR/2020-09-30
SMCI,,,Assets,,compute_and_ai,2020-09-30,Q3,2020-11-06T23:59:59+00:00,"filing date, end of day",1816693000.0,1918646000.0,-101953000.0,same-quarter mean,measured,8,2965,11382750.0,-113335750.0,-0.05907069360371846,,,results/complex-quarterly/SMCI/2020-09-30
ROK,,,Assets,,buildout,2018-09-30,Q3,2020-11-10T23:59:59+00:00,"filing date, end of day",6262000000.0,5837600000.0,424400000.0,same-quarter mean,measured,9,2920,92133333.33333333,332266666.6666667,0.0569183682792015,,,results/complex-quarterly/ROK/2018-09-30
WULF,,,Assets,,compute_and_ai,2020-09-30,Q3,2020-11-12T23:59:59+00:00,"filing date, end of day",15274076.0,15448604.0,-174528.0,same-quarter mean,measured,9,2921,307912.22222222225,-482440.22222222225,-0.031228726053319916,,,results/complex-quarterly/WULF/2020-09-30
LEU,,,Assets,,fuel_and_nuclear,2020-09-30,Q3,2020-11-13T23:59:59+00:00,"filing date, end of day",468200000.0,468900000.0,-700000.0,same-quarter mean,measured,9,3292,-30944444.444444444,30244444.444444444,0.06450084121229355,,,results/complex-quarterly/LEU/2020-09-30
NVDA,,,Assets,,compute_and_ai,2020-10-25,Q4,2020-11-18T23:59:59+00:00,"filing date, end of day",26881000000.0,25180000000.0,1701000000.0,same-quarter mean,measured,11,3647,494117181.8181818,1206882818.1818182,0.047930215177991196,,,results/complex-quarterly/NVDA/2020-10-25
DY,,,Assets,,buildout,2020-10-24,Q4,2020-11-24T23:59:59+00:00,"filing date, end of day",2065064000.0,2144687000.0,-79623000.0,same-quarter mean,measured,9,2926,70206666.66666667,-149829666.6666667,-0.06986085459867417,,,results/complex-quarterly/DY/2020-10-24
J,,,Assets,,buildout,2019-09-27,Q3,2020-11-24T23:59:59+00:00,"filing date, end of day",11462711000.0,11641262000.0,-178551000.0,same-quarter mean,measured,11,3770,104291636.36363636,-282842636.3636364,-0.024296561349073355,,,results/complex-quarterly/J/2019-09-27
AGX,,,Assets,,buildout,2019-10-31,Q4,2020-12-09T23:59:59+00:00,"filing date, end of day",472717000.0,419724000.0,52993000.0,same-quarter mean,measured,8,2552,20234375.0,32758625.0,0.07804801488597268,,,results/complex-quarterly/AGX/2019-10-31
ORCL,,,Assets,,hyperscaler,2020-11-30,Q4,2020-12-11T23:59:59+00:00,"filing date, end of day",110014000000.0,113546000000.0,-3532000000.0,same-quarter mean,measured,11,3643,-1193000000.0,-2339000000.0,-0.020599580786641536,,,results/complex-quarterly/ORCL/2020-11-30
AVGO,,,Assets,,compute_and_ai,2019-11-03,Q4,2020-12-18T23:59:59+00:00,"filing date, end of day",67493000000.0,69767000000.0,-2274000000.0,prior same-quarter,measured,1,0,-248000000.0,-2026000000.0,-0.02903951725027592,,,results/complex-quarterly/AVGO/2019-11-03
MU,,,Assets,,compute_and_ai,2020-12-03,Q4,2021-01-08T23:59:59+00:00,"filing date, end of day",53691000000.0,53678000000.0,13000000.0,same-quarter mean,measured,11,3629,415272727.27272725,-402272727.27272725,-0.0074941824820732375,,,results/complex-quarterly/MU/2020-12-03
MSFT,,,Assets,,hyperscaler,2020-12-31,Q4,2021-01-26T23:59:59+00:00,"filing date, end of day",304137000000.0,301001000000.0,3136000000.0,same-quarter mean,measured,11,3653,5504090909.090909,-2368090909.090909,-0.007867385520615909,,,results/complex-quarterly/MSFT/2020-12-31
ROK,,,Assets,,buildout,2020-12-31,Q4,2021-01-26T23:59:59+00:00,"filing date, end of day",8171000000.0,7264700000.0,906300000.0,same-quarter mean,measured,11,3642,85436363.63636364,820863636.3636364,0.11299346653869208,,,results/complex-quarterly/ROK/2020-12-31
AAPL,,,Assets,,hyperscaler,2020-12-26,Q4,2021-01-28T23:59:59+00:00,"filing date, end of day",354054000000.0,323888000000.0,30166000000.0,same-quarter mean,measured,11,3656,14774727272.727272,15391272727.272728,0.04752035495996371,,,results/complex-quarterly/AAPL/2020-12-26
META,,,Assets,,hyperscaler,2019-12-31,Q4,2021-01-28T23:59:59+00:00,"filing date, end of day",133376000000.0,124418000000.0,8958000000.0,same-quarter mean,measured,7,2190,5157857142.857142,3800142857.1428576,0.030543352707348273,,,results/complex-quarterly/META/2019-12-31
AMD,,,Assets,,compute_and_ai,2019-12-28,Q4,2021-01-29T23:59:59+00:00,"filing date, end of day",6028000000.0,5253000000.0,775000000.0,same-quarter mean,measured,10,3009,-131600000.0,906600000.0,0.17258709308966305,,,results/complex-quarterly/AMD/2019-12-28
AMZN,,,Assets,,hyperscaler,2018-12-31,Q4,2021-02-03T23:59:59+00:00,"filing date, end of day",162648000000.0,143695000000.0,18953000000.0,same-quarter mean,measured,9,3290,9430000000.0,9523000000.0,0.0662723128849299,,,results/complex-quarterly/AMZN/2018-12-31
SMCI,,,Assets,,compute_and_ai,2020-12-31,Q4,2021-02-05T23:59:59+00:00,"filing date, end of day",1894072000.0,1816693000.0,77379000.0,same-quarter mean,measured,8,2923,69306625.0,8072375.0,0.004443444764745612,,,results/complex-quarterly/SMCI/2020-12-31
J,,,Assets,,buildout,2021-01-01,Q1,2021-02-09T23:59:59+00:00,"filing date, end of day",12767625000.0,12354353000.0,413272000.0,same-quarter mean,measured,10,3751,52667300.0,360604700.0,0.029188473083131102,,,results/complex-quarterly/J/2021-01-01
NEE,,,Assets,,power,2018-12-31,Q4,2021-02-12T23:59:59+00:00,"filing date, end of day",103702000000.0,98603000000.0,5099000000.0,same-quarter mean,measured,9,3273,1650777777.7777777,3448222222.2222223,0.03497076379240208,,,results/complex-quarterly/NEE/2018-12-31
PPL,,,Assets,,power,2019-12-31,Q4,2021-02-18T23:59:59+00:00,"filing date, end of day",45680000000.0,44559000000.0,1121000000.0,same-quarter mean,measured,10,3273,1151100000.0,-30100000.0,-0.0006755088758724388,,,results/complex-quarterly/PPL/2019-12-31
SO,,,Assets,,power,2018-12-31,Q4,2021-02-18T23:59:59+00:00,"filing date, end of day",116914000000.0,111717000000.0,5197000000.0,same-quarter mean,measured,9,2918,1560334777.7777777,3636665222.2222223,0.03255247833563578,,,results/complex-quarterly/SO/2018-12-31
EQIX,,,Assets,,data_center_reit,2019-12-31,Q4,2021-02-19T23:59:59+00:00,"filing date, end of day",23965615000.0,22842333000.0,1123282000.0,same-quarter mean,measured,9,2919,343471777.7777778,779810222.2222222,0.03413881682848342,,,results/complex-quarterly/EQIX/2019-12-31
WY,,,Assets,,data_center_reit,2019-12-31,Q4,2021-02-19T23:59:59+00:00,"filing date, end of day",16406000000.0,16832000000.0,-426000000.0,same-quarter mean,measured,10,2914,-404900000.0,-21100000.0,-0.00125356463878327,,,results/complex-quarterly/WY/2019-12-31
BWXT,,,Assets,,fuel_and_nuclear,2019-12-31,Q4,2021-02-22T23:59:59+00:00,"filing date, end of day",1908913000.0,1826420000.0,82493000.0,same-quarter mean,measured,9,2552,37149888.88888889,45343111.11111111,0.024826223492466746,,,results/complex-quarterly/BWXT/2019-12-31
CCI,,,Assets,,data_center_reit,2019-12-31,Q4,2021-02-22T23:59:59+00:00,"filing date, end of day",38457000000.0,38321000000.0,136000000.0,same-quarter mean,measured,10,3309,1093244000.0,-957244000.0,-0.02497961952976175,,,results/complex-quarterly/CCI/2019-12-31
NVT,,,Assets,,buildout,2018-12-31,Q4,2021-02-23T23:59:59+00:00,"filing date, end of day",4552700000.0,4583100000.0,-30400000.0,prior same-quarter,measured,1,0,231200000.0,-261600000.0,-0.05707926949008313,,,results/complex-quarterly/NVT/2018-12-31
PRIM,,,Assets,,buildout,2019-12-31,Q4,2021-02-23T23:59:59+00:00,"filing date, end of day",1830465000.0,1868969000.0,-38504000.0,same-quarter mean,measured,8,2546,19926000.0,-58430000.0,-0.031263225874800495,,,results/complex-quarterly/PRIM/2019-12-31
ETN,,,Assets,,buildout,2018-12-31,Q4,2021-02-24T23:59:59+00:00,"filing date, end of day",31092000000.0,31628000000.0,-536000000.0,same-quarter mean,measured,7,2191,4835460521.714286,-5371460521.714286,-0.16983244345877974,,,results/complex-quarterly/ETN/2018-12-31
EXC,,,Assets,,power,2019-12-31,Q4,2021-02-24T23:59:59+00:00,"filing date, end of day",124977000000.0,122738000000.0,2239000000.0,same-quarter mean,measured,10,3288,276300000.0,1962700000.0,0.015990972640909904,,,results/complex-quarterly/EXC/2019-12-31
IRM,,,Assets,,data_center_reit,2018-12-31,Q4,2021-02-24T23:59:59+00:00,"filing date, end of day",11857218000.0,11810870000.0,46348000.0,same-quarter mean,measured,9,2907,3819222.222222222,42528777.777777776,0.0036008166864742205,,,results/complex-quarterly/IRM/2018-12-31
AEP,,,Assets,,power,2018-12-31,Q4,2021-02-25T23:59:59+00:00,"filing date, end of day",68802800000.0,67617400000.0,1185400000.0,same-quarter mean,measured,9,3282,1069955555.5555556,115444444.44444442,0.0017073185961667325,,,results/complex-quarterly/AEP/2018-12-31
AMT,,,Assets,,data_center_reit,2018-12-31,Q4,2021-02-25T23:59:59+00:00,"filing date, end of day",33010400000.0,33077200000.0,-66800000.0,same-quarter mean,measured,9,3284,813016555.5555556,-879816555.5555556,-0.026598882479640224,,,results/complex-quarterly/AMT/2018-12-31
AMT,,,Assets,,data_center_reit,2019-12-31,Q4,2021-02-25T23:59:59+00:00,"filing date, end of day",42801600000.0,39307200000.0,3494400000.0,same-quarter mean,measured,9,3284,813016555.5555556,2681383444.4444447,0.06821608876858297,,,results/complex-quarterly/AMT/2019-12-31
D,,,Assets,,power,2019-12-31,Q4,2021-02-25T23:59:59+00:00,"filing date, end of day",103823000000.0,102359000000.0,1464000000.0,same-quarter mean,measured,10,3287,1033300000.0,430700000.0,0.004207739426918981,,,results/complex-quarterly/D/2019-12-31
DUK,,,Assets,,power,2018-12-31,Q4,2021-02-25T23:59:59+00:00,"filing date, end of day",145392000000.0,143165000000.0,2227000000.0,same-quarter mean,measured,9,2914,1330444444.4444444,896555555.5555556,0.006262393431044987,,,results/complex-quarterly/DUK/2018-12-31
EIX,,,Assets,,power,2019-12-31,Q4,2021-02-25T23:59:59+00:00,"filing date, end of day",64382000000.0,64212000000.0,170000000.0,same-quarter mean,measured,10,2920,-608000000.0,778000000.0,0.012116115367844016,,,results/complex-quarterly/EIX/2019-12-31
EME,,,Assets,,buildout,2018-12-31,Q4,2021-02-25T23:59:59+00:00,"filing date, end of day",4088807000.0,3995893000.0,92914000.0,same-quarter mean,measured,8,2557,23151125.0,69762875.0,0.017458644413151203,,,results/complex-quarterly/EME/2018-12-31
FIX,,,Assets,,buildout,2019-12-31,Q4,2021-02-25T23:59:59+00:00,"filing date, end of day",1505012000.0,1467460000.0,37552000.0,same-quarter mean,measured,8,2554,1456500.0,36095500.0,0.024597263298488544,,,results/complex-quarterly/FIX/2019-12-31
MTZ,,,Assets,,buildout,2018-12-31,Q4,2021-02-25T23:59:59+00:00,"filing date, end of day",4440000000.0,4974806000.0,-534806000.0,same-quarter mean,measured,7,2191,8500285.714285715,-543306285.7142857,-0.10921155231265013,,,results/complex-quarterly/MTZ/2018-12-31
PCG,,,Assets,,power,2019-12-31,Q4,2021-02-25T23:59:59+00:00,"filing date, end of day",85196000000.0,85713000000.0,-517000000.0,same-quarter mean,measured,10,3288,1298800000.0,-1815800000.0,-0.021184651103099878,,,results/complex-quarterly/PCG/2019-12-31
SBAC,,,Assets,,data_center_reit,2019-12-31,Q4,2021-02-25T23:59:59+00:00,"filing date, end of day",9759941000.0,9201138000.0,558803000.0,same-quarter mean,measured,9,2919,-43805333.333333336,602608333.3333334,0.06549280462192104,,,results/complex-quarterly/SBAC/2019-12-31
SRE,,,Assets,,power,2018-12-31,Q4,2021-02-25T23:59:59+00:00,"filing date, end of day",60638000000.0,60605000000.0,33000000.0,same-quarter mean,measured,8,2557,945375000.0,-912375000.0,-0.015054450952891676,,,results/complex-quarterly/SRE/2018-12-31
ETR,,,Assets,,power,2019-12-31,Q4,2021-02-26T23:59:59+00:00,"filing date, end of day",51723912000.0,50506268000.0,1217644000.0,same-quarter mean,measured,10,2915,396776600.0,820867400.0,0.016252782723918544,,,results/complex-quarterly/ETR/2019-12-31
FSLR,,,Assets,,fuel_and_nuclear,2019-12-31,Q4,2021-02-26T23:59:59+00:00,"filing date, end of day",7515689000.0,7054687000.0,461002000.0,same-quarter mean,measured,10,2914,-33585900.0,494587900.0,0.07010770286477629,,,results/complex-quarterly/FSLR/2019-12-31
NVDA,,,Assets,,compute_and_ai,2020-01-26,Q1,2021-02-26T23:59:59+00:00,"filing date, end of day",17315000000.0,15810000000.0,1505000000.0,same-quarter mean,measured,10,3263,482864900.0,1022135100.0,0.06465117647058824,,,results/complex-quarterly/NVDA/2020-01-26
VST,,,Assets,,power,2019-12-31,Q4,2021-02-26T23:59:59+00:00,"filing date, end of day",26616000000.0,26443000000.0,173000000.0,same-quarter mean,measured,2,365,-132000000.0,305000000.0,0.011534243467080135,,,results/complex-quarterly/VST/2019-12-31
DLR,,,Assets,,data_center_reit,2019-12-31,Q4,2021-03-01T23:59:59+00:00,"filing date, end of day",23068131000.0,23172765000.0,-104634000.0,same-quarter mean,measured,9,2925,633091000.0,-737725000.0,-0.03183586421387349,,,results/complex-quarterly/DLR/2019-12-31
NRG,,,Assets,,power,2019-12-31,Q4,2021-03-01T23:59:59+00:00,"filing date, end of day",12531000000.0,9527000000.0,3004000000.0,same-quarter mean,measured,10,3362,-461200000.0,3465200000.0,0.363724152408943,,,results/complex-quarterly/NRG/2019-12-31
PWR,,,Assets,,buildout,2019-12-31,Q4,2021-03-01T23:59:59+00:00,"filing date, end of day",8331682000.0,8865093000.0,-533411000.0,same-quarter mean,measured,10,3286,57854700.0,-591265700.0,-0.06669593877920965,,,results/complex-quarterly/PWR/2019-12-31
AI,,,Assets,,compute_and_ai,2021-01-31,Q1,2021-03-02T23:59:59+00:00,"filing date, end of day",1184574000.0,305108000.0,879466000.0,,missing,0,,,,,,,results/complex-quarterly/AI/2021-01-31
STRL,,,Assets,,buildout,2019-12-31,Q4,2021-03-03T23:59:59+00:00,"filing date, end of day",934689000.0,521969000.0,412720000.0,same-quarter mean,measured,8,2542,-40739250.0,453459250.0,0.8687474735089632,,,results/complex-quarterly/STRL/2019-12-31
WULF,,,Assets,,compute_and_ai,2019-12-31,Q4,2021-03-03T23:59:59+00:00,"filing date, end of day",16879541.0,17162234.0,-282693.0,same-quarter mean,measured,8,2555,-269666.875,-13026.125,-0.0007589993820151852,,,results/complex-quarterly/WULF/2019-12-31
DY,,,Assets,,buildout,2020-01-25,Q1,2021-03-05T23:59:59+00:00,"filing date, end of day",2217631000.0,2395576000.0,-177945000.0,same-quarter mean,measured,8,2922,-3339375.0,-174605625.0,-0.07288669823040471,,,results/complex-quarterly/DY/2020-01-25
ORCL,,,Assets,,hyperscaler,2021-02-28,Q1,2021-03-11T23:59:59+00:00,"filing date, end of day",118109000000.0,110014000000.0,8095000000.0,same-quarter mean,measured,11,3637,-175636363.63636363,8270636363.636364,0.0751780351922152,,,results/complex-quarterly/ORCL/2021-02-28
AVGO,,,Assets,,compute_and_ai,2021-01-31,Q1,2021-03-12T23:59:59+00:00,"filing date, end of day",76972000000.0,75933000000.0,1039000000.0,same-quarter mean,measured,2,364,17749500000.0,-16710500000.0,-0.22006900820460143,,,results/complex-quarterly/AVGO/2021-01-31
LEU,,,Assets,,fuel_and_nuclear,2019-12-31,Q4,2021-03-22T23:59:59+00:00,"filing date, end of day",455900000.0,451200000.0,4700000.0,same-quarter mean,measured,9,2935,-134833333.33333334,139533333.33333334,0.30924940898345155,,,results/complex-quarterly/LEU/2019-12-31
MU,,,Assets,,compute_and_ai,2021-03-04,Q1,2021-04-01T23:59:59+00:00,"filing date, end of day",54135000000.0,53691000000.0,444000000.0,same-quarter mean,measured,10,3271,1356400000.0,-912400000.0,-0.016993537091877595,,,results/complex-quarterly/MU/2021-03-04
NBIS,,,Assets,,compute_and_ai,2020-12-31,Q4,2021-04-01T23:59:59+00:00,"filing date, end of day",6979500000.0,3692200000.0,3287300000.0,same-quarter mean,measured,8,2550,329225000.0,2958075000.0,0.801168679919831,,,results/complex-quarterly/NBIS/2020-12-31
AGX,,,Assets,,buildout,2019-01-31,Q1,2021-04-14T23:59:59+00:00,"filing date, end of day",476648000.0,500769000.0,-24121000.0,same-quarter mean,measured,7,2191,9414857.142857144,-33535857.14285714,-0.06696871639989126,,,results/complex-quarterly/AGX/2019-01-31
AEP,,,Assets,,power,2021-03-31,Q1,2021-04-22T23:59:59+00:00,"filing date, end of day",82985100000.0,80757200000.0,2227900000.0,same-quarter mean,measured,11,3659,649972727.2727273,1577927272.7272727,0.019539152827577885,,,results/complex-quarterly/AEP/2021-03-31
NEE,,,Assets,,power,2021-03-31,Q1,2021-04-23T23:59:59+00:00,"filing date, end of day",132441000000.0,127684000000.0,4757000000.0,same-quarter mean,measured,11,3643,1209181818.1818182,3547818181.818182,0.02778592605039145,,,results/complex-quarterly/NEE/2021-03-31
EIX,,,Assets,,power,2021-03-31,Q1,2021-04-27T23:59:59+00:00,"filing date, end of day",70505000000.0,69372000000.0,1133000000.0,same-quarter mean,measured,11,3646,815636363.6363636,317363636.3636364,0.004574808804180886,,,results/complex-quarterly/EIX/2021-03-31
MSFT,,,Assets,,hyperscaler,2021-03-31,Q1,2021-04-27T23:59:59+00:00,"filing date, end of day",308879000000.0,304137000000.0,4742000000.0,same-quarter mean,measured,11,3660,2234909090.909091,2507090909.090909,0.008243294663559214,,,results/complex-quarterly/MSFT/2021-03-31
AMD,,,Assets,,compute_and_ai,2021-03-27,Q1,2021-04-28T23:59:59+00:00,"filing date, end of day",10047000000.0,8962000000.0,1085000000.0,same-quarter mean,measured,8,2912,-52250000.0,1137250000.0,0.1268968980138362,,,results/complex-quarterly/AMD/2021-03-27
FIX,,,Assets,,buildout,2021-03-31,Q1,2021-04-28T23:59:59+00:00,"filing date, end of day",1715530000.0,1757355000.0,-41825000.0,same-quarter mean,measured,9,2917,13669000.0,-55494000.0,-0.031578138736908595,,,results/complex-quarterly/FIX/2021-03-31
ROK,,,Assets,,buildout,2021-03-31,Q1,2021-04-28T23:59:59+00:00,"filing date, end of day",8317700000.0,8171000000.0,146700000.0,same-quarter mean,measured,11,3646,23427272.727272727,123272727.27272728,0.015086614523647936,,,results/complex-quarterly/ROK/2021-03-31
AAPL,,,Assets,,hyperscaler,2021-03-27,Q1,2021-04-29T23:59:59+00:00,"filing date, end of day",337158000000.0,354054000000.0,-16896000000.0,same-quarter mean,measured,10,3663,-7693200000.0,-9202800000.0,-0.025992645189716824,,,results/complex-quarterly/AAPL/2021-03-27
AMT,,,Assets,,data_center_reit,2020-03-31,Q1,2021-04-29T23:59:59+00:00,"filing date, end of day",40789100000.0,42801600000.0,-2012500000.0,same-quarter mean,measured,10,3646,1459622100.0,-3472122100.0,-0.08112131555829688,,,results/complex-quarterly/AMT/2020-03-31
EME,,,Assets,,buildout,2021-03-31,Q1,2021-04-29T23:59:59+00:00,"filing date, end of day",5061189000.0,5063840000.0,-2651000.0,same-quarter mean,measured,10,3290,-32789200.0,30138200.0,0.005951649341211412,,,results/complex-quarterly/EME/2021-03-31
META,,,Assets,,hyperscaler,2021-03-31,Q1,2021-04-29T23:59:59+00:00,"filing date, end of day",163523000000.0,159316000000.0,4207000000.0,same-quarter mean,measured,8,2555,3925125000.0,281875000.0,0.0017692824323985036,,,results/complex-quarterly/META/2021-03-31
NVT,,,Assets,,buildout,2021-03-31,Q1,2021-04-29T23:59:59+00:00,"filing date, end of day",4398000000.0,4366100000.0,31900000.0,same-quarter mean,measured,3,722,196000000.0,-164100000.0,-0.03758503011841231,,,results/complex-quarterly/NVT/2021-03-31
PCG,,,Assets,,power,2021-03-31,Q1,2021-04-29T23:59:59+00:00,"filing date, end of day",98558000000.0,97856000000.0,702000000.0,same-quarter mean,measured,11,3647,1053636363.6363636,-351636363.6363636,-0.0035934062667221595,,,results/complex-quarterly/PCG/2021-03-31
SO,,,Assets,,power,2021-03-31,Q1,2021-04-29T23:59:59+00:00,"filing date, end of day",125393000000.0,122935000000.0,2458000000.0,same-quarter mean,measured,11,3646,143640454.54545453,2314359545.4545455,0.01882587989957738,,,results/complex-quarterly/SO/2021-03-31
AMZN,,,Assets,,hyperscaler,2021-03-31,Q1,2021-04-30T23:59:59+00:00,"filing date, end of day",323077000000.0,321195000000.0,1882000000.0,same-quarter mean,measured,11,3661,-1871272727.2727273,3753272727.272727,0.01168533983179292,,,results/complex-quarterly/AMZN/2021-03-31
EQIX,,,Assets,,data_center_reit,2021-03-31,Q1,2021-04-30T23:59:59+00:00,"filing date, end of day",27316990000.0,27006841000.0,310149000.0,same-quarter mean,measured,10,3296,1280207600.0,-970058600.0,-0.0359189954871064,,,results/complex-quarterly/EQIX/2021-03-31
FSLR,,,Assets,,fuel_and_nuclear,2021-03-31,Q1,2021-04-30T23:59:59+00:00,"filing date, end of day",7108910000.0,7108931000.0,-21000.0,same-quarter mean,measured,11,3291,-77087090.9090909,77066090.9090909,0.010840742568621204,,,results/complex-quarterly/FSLR/2021-03-31
VRT,,,Assets,,buildout,2019-12-31,Q4,2021-04-30T23:59:59+00:00,"filing date, end of day",4657400000.0,705562140.0,3951837860.0,prior same-quarter,measured,1,0,2174970.0,3949662890.0,5.597895162005149,,,results/complex-quarterly/VRT/2019-12-31
WY,,,Assets,,data_center_reit,2021-03-31,Q1,2021-04-30T23:59:59+00:00,"filing date, end of day",16874000000.0,16311000000.0,563000000.0,same-quarter mean,measured,10,3647,-37300000.0,600300000.0,0.03680338421923855,,,results/complex-quarterly/WY/2021-03-31
BWXT,,,Assets,,fuel_and_nuclear,2021-03-31,Q1,2021-05-03T23:59:59+00:00,"filing date, end of day",2351914000.0,2293503000.0,58411000.0,same-quarter mean,measured,9,2917,-38099666.666666664,96510666.66666666,0.042080026346888,,,results/complex-quarterly/BWXT/2021-03-31
CCI,,,Assets,,data_center_reit,2021-03-31,Q1,2021-05-03T23:59:59+00:00,"filing date, end of day",38752000000.0,38768000000.0,-16000000.0,same-quarter mean,measured,11,3644,578637272.7272727,-594637272.7272727,-0.015338353093460398,,,results/complex-quarterly/CCI/2021-03-31
VRT,,,Assets,,buildout,2021-03-31,Q1,2021-05-03T23:59:59+00:00,"filing date, end of day",5161400000.0,5073800000.0,87600000.0,same-quarter mean,measured,2,365,-11980682.0,99580682.0,0.01962644999802909,,,results/complex-quarterly/VRT/2021-03-31
D,,,Assets,,power,2021-03-31,Q1,2021-05-04T23:59:59+00:00,"filing date, end of day",96703000000.0,95905000000.0,798000000.0,same-quarter mean,measured,11,3659,2450545454.5454545,-1652545454.5454545,-0.0172310667279647,,,results/complex-quarterly/D/2021-03-31
ETN,,,Assets,,buildout,2021-03-31,Q1,2021-05-04T23:59:59+00:00,"filing date, end of day",34080000000.0,31824000000.0,2256000000.0,same-quarter mean,measured,8,2554,-319000000.0,2575000000.0,0.08091377576671695,,,results/complex-quarterly/ETN/2021-03-31
STRL,,,Assets,,buildout,2021-03-31,Q1,2021-05-04T23:59:59+00:00,"filing date, end of day",947216000.0,952694000.0,-5478000.0,same-quarter mean,measured,9,2918,1222333.3333333333,-6700333.333333333,-0.007033038240330403,,,results/complex-quarterly/STRL/2021-03-31
VST,,,Assets,,power,2021-03-31,Q1,2021-05-04T23:59:59+00:00,"filing date, end of day",25886000000.0,25208000000.0,678000000.0,same-quarter mean,measured,4,1083,-169750000.0,847750000.0,0.033630196762932406,,,results/complex-quarterly/VST/2021-03-31
EXC,,,Assets,,power,2021-03-31,Q1,2021-05-05T23:59:59+00:00,"filing date, end of day",130000000000.0,129317000000.0,683000000.0,same-quarter mean,measured,11,3668,4817000000.0,-4134000000.0,-0.03196795471593062,,,results/complex-quarterly/EXC/2021-03-31
SRE,,,Assets,,power,2021-03-31,Q1,2021-05-05T23:59:59+00:00,"filing date, end of day",67821000000.0,66623000000.0,1198000000.0,same-quarter mean,measured,10,3283,1707600000.0,-509600000.0,-0.007649010101616559,,,results/complex-quarterly/SRE/2021-03-31
ETR,,,Assets,,power,2021-03-31,Q1,2021-05-06T23:59:59+00:00,"filing date, end of day",58667628000.0,58239212000.0,428416000.0,same-quarter mean,measured,11,3657,377174272.72727275,51241727.27272725,0.0008798492547036394,,,results/complex-quarterly/ETR/2021-03-31
IRM,,,Assets,,data_center_reit,2021-03-31,Q1,2021-05-06T23:59:59+00:00,"filing date, end of day",13944449000.0,14149267000.0,-204818000.0,same-quarter mean,measured,11,3650,246612636.36363637,-451430636.3636364,-0.03190487792502865,,,results/complex-quarterly/IRM/2021-03-31
MTZ,,,Assets,,buildout,2021-03-31,Q1,2021-05-06T23:59:59+00:00,"filing date, end of day",5538303000.0,5227900000.0,310403000.0,same-quarter mean,measured,9,2919,42154555.55555555,268248444.44444445,0.05131093640743787,,,results/complex-quarterly/MTZ/2021-03-31
NRG,,,Assets,,power,2021-03-31,Q1,2021-05-06T23:59:59+00:00,"filing date, end of day",19241000000.0,14902000000.0,4339000000.0,same-quarter mean,measured,11,3650,37636363.63636363,4301363636.363636,0.2886433791681409,,,results/complex-quarterly/NRG/2021-03-31
PPL,,,Assets,,power,2021-03-31,Q1,2021-05-06T23:59:59+00:00,"filing date, end of day",47781000000.0,48116000000.0,-335000000.0,same-quarter mean,measured,11,3655,790818181.8181819,-1125818181.818182,-0.02339800028718476,,,results/complex-quarterly/PPL/2021-03-31
PRIM,,,Assets,,buildout,2021-03-31,Q1,2021-05-06T23:59:59+00:00,"filing date, end of day",2515434000.0,1969580000.0,545854000.0,same-quarter mean,measured,9,2918,-10414222.222222222,556268222.2222222,0.28242986942506637,,,results/complex-quarterly/PRIM/2021-03-31
SBAC,,,Assets,,data_center_reit,2021-03-31,Q1,2021-05-06T23:59:59+00:00,"filing date, end of day",9763460000.0,9158018000.0,605442000.0,same-quarter mean,measured,10,3288,285327400.0,320114600.0,0.034954572048231394,,,results/complex-quarterly/SBAC/2021-03-31
DLR,,,Assets,,data_center_reit,2021-03-31,Q1,2021-05-07T23:59:59+00:00,"filing date, end of day",35542491000.0,36076291000.0,-533800000.0,same-quarter mean,measured,9,2926,1163663000.0,-1697463000.0,-0.047052037583353565,,,results/complex-quarterly/DLR/2021-03-31
PWR,,,Assets,,buildout,2021-03-31,Q1,2021-05-07T23:59:59+00:00,"filing date, end of day",8557414000.0,8398272000.0,159142000.0,same-quarter mean,measured,11,3651,74969454.54545455,84172545.45454545,0.01002260291814143,,,results/complex-quarterly/PWR/2021-03-31
SMCI,,,Assets,,compute_and_ai,2021-03-31,Q1,2021-05-07T23:59:59+00:00,"filing date, end of day",1998840000.0,1894072000.0,104768000.0,same-quarter mean,measured,8,2926,26274250.0,78493750.0,0.04144179841104245,,,results/complex-quarterly/SMCI/2021-03-31
DUK,,,Assets,,power,2021-03-31,Q1,2021-05-10T23:59:59+00:00,"filing date, end of day",163465000000.0,162388000000.0,1077000000.0,same-quarter mean,measured,10,3291,908200000.0,168800000.0,0.0010394856762814986,,,results/complex-quarterly/DUK/2021-03-31
J,,,Assets,,buildout,2021-04-02,Q2,2021-05-10T23:59:59+00:00,"filing date, end of day",15562068000.0,12767625000.0,2794443000.0,same-quarter mean,measured,12,4022,-26343083.333333332,2820786083.3333335,0.22093271719159463,,,results/complex-quarterly/J/2021-04-02
LEU,,,Assets,,fuel_and_nuclear,2021-03-31,Q1,2021-05-12T23:59:59+00:00,"filing date, end of day",483700000.0,486300000.0,-2600000.0,same-quarter mean,measured,10,3296,-173880000.0,171280000.0,0.35221056960723834,,,results/complex-quarterly/LEU/2021-03-31
SMR,,,Assets,,fuel_and_nuclear,2021-03-31,Q1,2021-05-21T23:59:59+00:00,"filing date, end of day",234164226.0,234445409.0,-281183.0,,missing,0,,,,,,,results/complex-quarterly/SMR/2021-03-31
CORZ,,,Assets,,compute_and_ai,2021-03-31,Q1,2021-05-25T23:59:59+00:00,"filing date, end of day",347742624.0,15000.0,347727624.0,,missing,0,,,,,,,results/complex-quarterly/CORZ/2021-03-31
DY,,,Assets,,buildout,2021-05-01,Q2,2021-05-26T23:59:59+00:00,"filing date, end of day",2263017000.0,1944165000.0,318852000.0,same-quarter mean,measured,9,2919,120232888.8888889,198619111.1111111,0.10216165351763411,,,results/complex-quarterly/DY/2021-05-01
NVDA,,,Assets,,compute_and_ai,2021-05-02,Q2,2021-05-26T23:59:59+00:00,"filing date, end of day",30796000000.0,28791000000.0,2005000000.0,same-quarter mean,measured,11,3653,579900000.0,1425100000.0,0.049498107047341186,,,results/complex-quarterly/NVDA/2021-05-02
AGX,,,Assets,,buildout,2020-04-30,Q2,2021-06-08T23:59:59+00:00,"filing date, end of day",512964000.0,487540000.0,25424000.0,same-quarter mean,measured,8,2559,10346000.0,15078000.0,0.03092669319440456,,,results/complex-quarterly/AGX/2020-04-30
MRVL,,,Assets,,compute_and_ai,2021-05-01,Q2,2021-06-09T23:59:59+00:00,"filing date, end of day",21229937000.0,10764924000.0,10465013000.0,,missing,0,,,,,,,results/complex-quarterly/MRVL/2021-05-01
AVGO,,,Assets,,compute_and_ai,2021-05-02,Q2,2021-06-11T23:59:59+00:00,"filing date, end of day",75524000000.0,76972000000.0,-1448000000.0,same-quarter mean,measured,3,729,-44666666.666666664,-1403333333.3333333,-0.018231737947998407,,,results/complex-quarterly/AVGO/2021-05-02
ORCL,,,Assets,,hyperscaler,2020-05-31,Q2,2021-06-21T23:59:59+00:00,"filing date, end of day",115438000000.0,96704000000.0,18734000000.0,same-quarter mean,measured,10,3282,4599600000.0,14134400000.0,0.14616148246194574,,,results/complex-quarterly/ORCL/2020-05-31
PLUG,,,Assets,,fuel_and_nuclear,2021-03-31,Q1,2021-06-22T23:59:59+00:00,"filing date, end of day",5786241000.0,2251282000.0,3534959000.0,same-quarter mean,measured,7,2186,7894640.857142857,3527064359.142857,1.5666914936213487,,,results/complex-quarterly/PLUG/2021-03-31
MU,,,Assets,,compute_and_ai,2021-06-03,Q2,2021-07-01T23:59:59+00:00,"filing date, end of day",55943000000.0,54135000000.0,1808000000.0,same-quarter mean,measured,10,3275,652400000.0,1155600000.0,0.021346633416458854,,,results/complex-quarterly/MU/2021-06-03
AEP,,,Assets,,power,2021-06-30,Q2,2021-07-22T23:59:59+00:00,"filing date, end of day",84358200000.0,82985100000.0,1373100000.0,same-quarter mean,measured,12,4020,760650000.0,612450000.0,0.007380240549207026,,,results/complex-quarterly/AEP/2021-06-30
NEE,,,Assets,,power,2021-06-30,Q2,2021-07-26T23:59:59+00:00,"filing date, end of day",135013000000.0,132441000000.0,2572000000.0,same-quarter mean,measured,12,4011,1313250000.0,1258750000.0,0.009504232073149554,,,results/complex-quarterly/NEE/2021-06-30
ROK,,,Assets,,buildout,2021-06-30,Q2,2021-07-27T23:59:59+00:00,"filing date, end of day",8573100000.0,8317700000.0,255400000.0,same-quarter mean,measured,12,4011,27550000.0,227850000.0,0.027393389999639323,,,results/complex-quarterly/ROK/2021-06-30
AAPL,,,Assets,,hyperscaler,2021-06-26,Q2,2021-07-28T23:59:59+00:00,"filing date, end of day",329840000000.0,337158000000.0,-7318000000.0,same-quarter mean,measured,12,4027,3304166666.6666665,-10622166666.666666,-0.03150501149807113,,,results/complex-quarterly/AAPL/2021-06-26
AMD,,,Assets,,compute_and_ai,2021-06-26,Q2,2021-07-28T23:59:59+00:00,"filing date, end of day",10691000000.0,10047000000.0,644000000.0,same-quarter mean,measured,11,3647,-190090909.0909091,834090909.0909091,0.0830189020693649,,,results/complex-quarterly/AMD/2021-06-26
FIX,,,Assets,,buildout,2021-06-30,Q2,2021-07-28T23:59:59+00:00,"filing date, end of day",1754950000.0,1715530000.0,39420000.0,same-quarter mean,measured,10,3282,84921200.0,-45501200.0,-0.02652311530547411,,,results/complex-quarterly/FIX/2021-06-30
AMT,,,Assets,,data_center_reit,2020-06-30,Q2,2021-07-29T23:59:59+00:00,"filing date, end of day",41515900000.0,40789100000.0,726800000.0,same-quarter mean,measured,11,4011,368525454.54545456,358274545.45454544,0.008783585454313663,,,results/complex-quarterly/AMT/2020-06-30
EIX,,,Assets,,power,2021-06-30,Q2,2021-07-29T23:59:59+00:00,"filing date, end of day",71162000000.0,70505000000.0,657000000.0,same-quarter mean,measured,12,4010,439333333.3333333,217666666.6666667,0.0030872514951658277,,,results/complex-quarterly/EIX/2021-06-30
EME,,,Assets,,buildout,2021-06-30,Q2,2021-07-29T23:59:59+00:00,"filing date, end of day",5133170000.0,5061189000.0,71981000.0,same-quarter mean,measured,11,3658,43488909.09090909,28492090.909090906,0.005629525178587661,,,results/complex-quarterly/EME/2021-06-30
META,,,Assets,,hyperscaler,2021-06-30,Q2,2021-07-29T23:59:59+00:00,"filing date, end of day",170609000000.0,163523000000.0,7086000000.0,same-quarter mean,measured,9,2922,3561333333.3333335,3524666666.6666665,0.02155456215129778,,,results/complex-quarterly/META/2021-06-30
MSFT,,,Assets,,hyperscaler,2020-06-30,Q2,2021-07-29T23:59:59+00:00,"filing date, end of day",301311000000.0,285449000000.0,15862000000.0,same-quarter mean,measured,10,3290,10934100000.0,4927900000.0,0.017263679326254427,,,results/complex-quarterly/MSFT/2020-06-30
PCG,,,Assets,,power,2021-06-30,Q2,2021-07-29T23:59:59+00:00,"filing date, end of day",100494000000.0,98558000000.0,1936000000.0,same-quarter mean,measured,12,4012,2910750000.0,-974750000.0,-0.009890115465005378,,,results/complex-quarterly/PCG/2021-06-30
SO,,,Assets,,power,2021-06-30,Q2,2021-07-29T23:59:59+00:00,"filing date, end of day",125907000000.0,125393000000.0,514000000.0,same-quarter mean,measured,12,3990,2239791166.6666665,-1725791166.6666665,-0.013763058278106964,,,results/complex-quarterly/SO/2021-06-30
AMZN,,,Assets,,hyperscaler,2021-06-30,Q2,2021-07-30T23:59:59+00:00,"filing date, end of day",360319000000.0,323077000000.0,37242000000.0,same-quarter mean,measured,12,4025,6285500000.0,30956500000.0,0.09581771528149637,,,results/complex-quarterly/AMZN/2021-06-30
EQIX,,,Assets,,data_center_reit,2021-06-30,Q2,2021-07-30T23:59:59+00:00,"filing date, end of day",27930362000.0,27316990000.0,613372000.0,same-quarter mean,measured,11,3649,514681909.09090906,98690090.90909094,0.0036127732560977963,,,results/complex-quarterly/EQIX/2021-06-30
FSLR,,,Assets,,fuel_and_nuclear,2021-06-30,Q2,2021-07-30T23:59:59+00:00,"filing date, end of day",7248473000.0,7108910000.0,139563000.0,same-quarter mean,measured,12,3658,195243333.33333334,-55680333.33333334,-0.007832471269622677,,,results/complex-quarterly/FSLR/2021-06-30
WY,,,Assets,,data_center_reit,2021-06-30,Q2,2021-07-30T23:59:59+00:00,"filing date, end of day",17830000000.0,16874000000.0,956000000.0,same-quarter mean,measured,12,4008,746416666.6666666,209583333.33333337,0.012420489115404372,,,results/complex-quarterly/WY/2021-06-30
BWXT,,,Assets,,fuel_and_nuclear,2021-06-30,Q2,2021-08-02T23:59:59+00:00,"filing date, end of day",2566402000.0,2351914000.0,214488000.0,same-quarter mean,measured,10,3283,-94017700.0,308505700.0,0.13117218571767505,,,results/complex-quarterly/BWXT/2021-06-30
VRT,,,Assets,,buildout,2021-06-30,Q2,2021-08-02T23:59:59+00:00,"filing date, end of day",5332000000.0,5161400000.0,170600000.0,same-quarter mean,measured,3,729,264745835.33333334,-94145835.33333334,-0.01824036798801359,,,results/complex-quarterly/VRT/2021-06-30
ETN,,,Assets,,buildout,2021-06-30,Q2,2021-08-03T23:59:59+00:00,"filing date, end of day",36804000000.0,34080000000.0,2724000000.0,same-quarter mean,measured,8,2518,-28875000.0,2752875000.0,0.0807768485915493,,,results/complex-quarterly/ETN/2021-06-30
J,,,Assets,,buildout,2021-07-02,Q3,2021-08-03T23:59:59+00:00,"filing date, end of day",15209284000.0,15562068000.0,-352784000.0,same-quarter mean,measured,12,4135,80721416.66666667,-433505416.6666667,-0.02785654301643372,,,results/complex-quarterly/J/2021-07-02
NVT,,,Assets,,buildout,2021-06-30,Q2,2021-08-03T23:59:59+00:00,"filing date, end of day",4709800000.0,4398000000.0,311800000.0,same-quarter mean,measured,3,736,-250666666.66666666,562466666.6666666,0.12789146581779595,,,results/complex-quarterly/NVT/2021-06-30
STRL,,,Assets,,buildout,2021-06-30,Q2,2021-08-03T23:59:59+00:00,"filing date, end of day",1027190000.0,947216000.0,79974000.0,same-quarter mean,measured,10,3284,42788600.0,37185400.0,0.039257571662640836,,,results/complex-quarterly/STRL/2021-06-30
EXC,,,Assets,,power,2021-06-30,Q2,2021-08-04T23:59:59+00:00,"filing date, end of day",129396000000.0,130000000000.0,-604000000.0,same-quarter mean,measured,12,4029,259333333.33333334,-863333333.3333334,-0.0066410256410256415,,,results/complex-quarterly/EXC/2021-06-30
PRIM,,,Assets,,buildout,2021-06-30,Q2,2021-08-04T23:59:59+00:00,"filing date, end of day",2493807000.0,2515434000.0,-21627000.0,same-quarter mean,measured,10,3287,75683400.0,-97310400.0,-0.038685332232926806,,,results/complex-quarterly/PRIM/2021-06-30
DUK,,,Assets,,power,2021-06-30,Q2,2021-08-05T23:59:59+00:00,"filing date, end of day",165385000000.0,163465000000.0,1920000000.0,same-quarter mean,measured,12,4021,593916666.6666666,1326083333.3333335,0.00811233801323423,,,results/complex-quarterly/DUK/2021-06-30
IRM,,,Assets,,data_center_reit,2021-06-30,Q2,2021-08-05T23:59:59+00:00,"filing date, end of day",14314316000.0,13944449000.0,369867000.0,same-quarter mean,measured,11,3286,370085090.90909094,-218090.90909093618,-1.5639980403021747e-05,,,results/complex-quarterly/IRM/2021-06-30
MTZ,,,Assets,,buildout,2021-06-30,Q2,2021-08-05T23:59:59+00:00,"filing date, end of day",5901628000.0,5538303000.0,363325000.0,same-quarter mean,measured,10,3285,247302800.0,116022200.0,0.020949052444404,,,results/complex-quarterly/MTZ/2021-06-30
NRG,,,Assets,,power,2021-06-30,Q2,2021-08-05T23:59:59+00:00,"filing date, end of day",21619000000.0,19241000000.0,2378000000.0,same-quarter mean,measured,12,3999,-221416666.66666666,2599416666.6666665,0.13509779463991822,,,results/complex-quarterly/NRG/2021-06-30
PLUG,,,Assets,,fuel_and_nuclear,2021-06-30,Q2,2021-08-05T23:59:59+00:00,"filing date, end of day",5788826000.0,5786241000.0,2585000.0,same-quarter mean,measured,8,2555,14983363.0,-12398363.0,-0.002142731870310967,,,results/complex-quarterly/PLUG/2021-06-30
PPL,,,Assets,,power,2021-06-30,Q2,2021-08-05T23:59:59+00:00,"filing date, end of day",36759000000.0,47781000000.0,-11022000000.0,same-quarter mean,measured,12,4003,97750000.0,-11119750000.0,-0.23272325819886566,,,results/complex-quarterly/PPL/2021-06-30
SBAC,,,Assets,,data_center_reit,2021-06-30,Q2,2021-08-05T23:59:59+00:00,"filing date, end of day",9960313000.0,9763460000.0,196853000.0,same-quarter mean,measured,11,3655,257843454.54545453,-60990454.54545453,-0.006246807437676247,,,results/complex-quarterly/SBAC/2021-06-30
SRE,,,Assets,,power,2021-06-30,Q2,2021-08-05T23:59:59+00:00,"filing date, end of day",68608000000.0,67821000000.0,787000000.0,same-quarter mean,measured,10,3284,507700000.0,279300000.0,0.004118193479895608,,,results/complex-quarterly/SRE/2021-06-30
VST,,,Assets,,power,2021-06-30,Q2,2021-08-05T23:59:59+00:00,"filing date, end of day",27015000000.0,25886000000.0,1129000000.0,same-quarter mean,measured,4,1097,3088250000.0,-1959250000.0,-0.07568763037935564,,,results/complex-quarterly/VST/2021-06-30
CCI,,,Assets,,data_center_reit,2021-06-30,Q2,2021-08-06T23:59:59+00:00,"filing date, end of day",38973000000.0,38752000000.0,221000000.0,same-quarter mean,measured,12,3990,365997666.6666667,-144997666.6666667,-0.0037416821497385086,,,results/complex-quarterly/CCI/2021-06-30
D,,,Assets,,power,2021-06-30,Q2,2021-08-06T23:59:59+00:00,"filing date, end of day",97963000000.0,96703000000.0,1260000000.0,same-quarter mean,measured,12,4023,586666666.6666666,673333333.3333334,0.006962900151322435,,,results/complex-quarterly/D/2021-06-30
DLR,,,Assets,,data_center_reit,2021-06-30,Q2,2021-08-06T23:59:59+00:00,"filing date, end of day",36151220000.0,35542491000.0,608729000.0,same-quarter mean,measured,11,3651,242456818.1818182,366272181.8181818,0.01030519165970055,,,results/complex-quarterly/DLR/2021-06-30
ETR,,,Assets,,power,2021-06-30,Q2,2021-08-06T23:59:59+00:00,"filing date, end of day",55949283000.0,58667628000.0,-2718345000.0,same-quarter mean,measured,12,3988,283734166.6666667,-3002079166.6666665,-0.05117096547122489,,,results/complex-quarterly/ETR/2021-06-30
PWR,,,Assets,,buildout,2021-06-30,Q2,2021-08-06T23:59:59+00:00,"filing date, end of day",8720596000.0,8557414000.0,163182000.0,same-quarter mean,measured,12,4015,62235250.0,100946750.0,0.011796408354206072,,,results/complex-quarterly/PWR/2021-06-30
WULF,,,Assets,,compute_and_ai,2021-06-30,Q2,2021-08-12T23:59:59+00:00,"filing date, end of day",13042782.0,30005000.0,-16962218.0,same-quarter mean,measured,10,3288,237241.8,-17199459.8,-0.5732197900349942,,,results/complex-quarterly/WULF/2021-06-30
LEU,,,Assets,,fuel_and_nuclear,2021-06-30,Q2,2021-08-13T23:59:59+00:00,"filing date, end of day",500600000.0,483700000.0,16900000.0,same-quarter mean,measured,11,3654,14809090.909090908,2090909.0909090918,0.004322739489164961,,,results/complex-quarterly/LEU/2021-06-30
SMR,,,Assets,,fuel_and_nuclear,2021-06-30,Q2,2021-08-13T23:59:59+00:00,"filing date, end of day",233801679.0,234164226.0,-362547.0,,missing,0,,,,,,,results/complex-quarterly/SMR/2021-06-30
NVDA,,,Assets,,compute_and_ai,2021-08-01,Q3,2021-08-20T23:59:59+00:00,"filing date, end of day",38650000000.0,30796000000.0,7854000000.0,same-quarter mean,measured,12,4017,306786250.0,7547213750.0,0.24507123490063645,,,results/complex-quarterly/NVDA/2021-08-01
CORZ,,,Assets,,compute_and_ai,2021-06-30,Q2,2021-08-23T23:59:59+00:00,"filing date, end of day",347606096.0,347742624.0,-136528.0,,missing,0,,,,,,,results/complex-quarterly/CORZ/2021-06-30
MRVL,,,Assets,,compute_and_ai,2021-07-31,Q3,2021-08-27T23:59:59+00:00,"filing date, end of day",20838632000.0,21229937000.0,-391305000.0,,missing,0,,,,,,,results/complex-quarterly/MRVL/2021-07-31
SMCI,,,Assets,,compute_and_ai,2020-06-30,Q2,2021-08-27T23:59:59+00:00,"filing date, end of day",1918646000.0,1960236000.0,-41590000.0,same-quarter mean,measured,8,2546,79988375.0,-121578375.0,-0.0620223151702142,,,results/complex-quarterly/SMCI/2020-06-30
AI,,,Assets,,compute_and_ai,2021-07-31,Q3,2021-09-02T23:59:59+00:00,"filing date, end of day",1191540000.0,1196477000.0,-4937000.0,,missing,0,,,,,,,results/complex-quarterly/AI/2021-07-31
DY,,,Assets,,buildout,2021-07-31,Q3,2021-09-02T23:59:59+00:00,"filing date, end of day",2241850000.0,2263017000.0,-21167000.0,same-quarter mean,measured,9,2540,-9929333.333333334,-11237666.666666666,-0.004965789769439057,,,results/complex-quarterly/DY/2021-07-31
AGX,,,Assets,,buildout,2020-07-31,Q3,2021-09-07T23:59:59+00:00,"filing date, end of day",561107000.0,512964000.0,48143000.0,same-quarter mean,measured,9,2917,306222.22222222225,47836777.777777776,0.09325562374314333,,,results/complex-quarterly/AGX/2020-07-31
AVGO,,,Assets,,compute_and_ai,2021-08-01,Q3,2021-09-09T23:59:59+00:00,"filing date, end of day",75880000000.0,75524000000.0,356000000.0,same-quarter mean,measured,3,729,-2654333333.3333335,3010333333.3333335,0.039859294175802834,,,results/complex-quarterly/AVGO/2021-08-01
ORCL,,,Assets,,hyperscaler,2021-08-31,Q3,2021-09-13T23:59:59+00:00,"filing date, end of day",122924000000.0,131107000000.0,-8183000000.0,same-quarter mean,measured,12,4012,1371250000.0,-9554250000.0,-0.07287368332735857,,,results/complex-quarterly/ORCL/2021-08-31
MU,,,Assets,,compute_and_ai,2020-09-03,Q3,2021-10-08T23:59:59+00:00,"filing date, end of day",53678000000.0,52005000000.0,1673000000.0,same-quarter mean,measured,10,3282,1589000000.0,84000000.0,0.0016152293048745314,,,results/complex-quarterly/MU/2020-09-03
NEE,,,Assets,,power,2021-09-30,Q3,2021-10-25T23:59:59+00:00,"filing date, end of day",139163000000.0,135013000000.0,4150000000.0,same-quarter mean,measured,12,4011,2423000000.0,1727000000.0,0.012791360831919889,,,results/complex-quarterly/NEE/2021-09-30
META,,,Assets,,hyperscaler,2021-09-30,Q3,2021-10-26T23:59:59+00:00,"filing date, end of day",169585000000.0,170609000000.0,-1024000000.0,same-quarter mean,measured,9,2928,3510000000.0,-4534000000.0,-0.026575385823725595,,,results/complex-quarterly/META/2021-09-30
MSFT,,,Assets,,hyperscaler,2021-09-30,Q3,2021-10-26T23:59:59+00:00,"filing date, end of day",335418000000.0,333779000000.0,1639000000.0,same-quarter mean,measured,12,4022,1065083333.3333334,573916666.6666666,0.0017194510938874723,,,results/complex-quarterly/MSFT/2021-09-30
AMD,,,Assets,,compute_and_ai,2021-09-25,Q3,2021-10-27T23:59:59+00:00,"filing date, end of day",11153000000.0,10691000000.0,462000000.0,same-quarter mean,measured,12,3647,82916666.66666667,379083333.3333333,0.035458173541608205,,,results/complex-quarterly/AMD/2021-09-25
FIX,,,Assets,,buildout,2021-09-30,Q3,2021-10-27T23:59:59+00:00,"filing date, end of day",1951334000.0,1754950000.0,196384000.0,same-quarter mean,measured,10,3276,1651200.0,194732800.0,0.11096202171002023,,,results/complex-quarterly/FIX/2021-09-30
AEP,,,Assets,,power,2021-09-30,Q3,2021-10-28T23:59:59+00:00,"filing date, end of day",86337100000.0,84358200000.0,1978900000.0,same-quarter mean,measured,12,4010,370850000.0,1608050000.0,0.019062165859394818,,,results/complex-quarterly/AEP/2021-09-30
AMT,,,Assets,,data_center_reit,2020-09-30,Q3,2021-10-28T23:59:59+00:00,"filing date, end of day",41462200000.0,41515900000.0,-53700000.0,same-quarter mean,measured,11,4011,472289545.45454544,-525989545.45454544,-0.012669592745298679,,,results/complex-quarterly/AMT/2020-09-30
EME,,,Assets,,buildout,2021-09-30,Q3,2021-10-28T23:59:59+00:00,"filing date, end of day",5296678000.0,5133170000.0,163508000.0,same-quarter mean,measured,11,3649,101985909.0909091,61522090.90909091,0.01198520425177637,,,results/complex-quarterly/EME/2021-09-30
NVT,,,Assets,,buildout,2021-09-30,Q3,2021-10-28T23:59:59+00:00,"filing date, end of day",4678900000.0,4709800000.0,-30900000.0,same-quarter mean,measured,3,736,-41400000.0,10500000.0,0.002229394029470466,,,results/complex-quarterly/NVT/2021-09-30
AAPL,,,Assets,,hyperscaler,2020-09-26,Q3,2021-10-29T23:59:59+00:00,"filing date, end of day",323888000000.0,317344000000.0,6544000000.0,same-quarter mean,measured,12,3292,12994416666.666666,-6450416666.666666,-0.02032626004167927,,,results/complex-quarterly/AAPL/2020-09-26
AMZN,,,Assets,,hyperscaler,2021-09-30,Q3,2021-10-29T23:59:59+00:00,"filing date, end of day",382406000000.0,360319000000.0,22087000000.0,same-quarter mean,measured,12,4025,7420916666.666667,14666083333.333332,0.04070305294290152,,,results/complex-quarterly/AMZN/2021-09-30
WY,,,Assets,,data_center_reit,2021-09-30,Q3,2021-10-29T23:59:59+00:00,"filing date, end of day",18092000000.0,17830000000.0,262000000.0,same-quarter mean,measured,12,4011,-370666666.6666667,632666666.6666667,0.03548326790054216,,,results/complex-quarterly/WY/2021-09-30
BWXT,,,Assets,,fuel_and_nuclear,2021-09-30,Q3,2021-11-01T23:59:59+00:00,"filing date, end of day",2489713000.0,2566402000.0,-76689000.0,same-quarter mean,measured,10,3283,38668700.0,-115357700.0,-0.04494919346228689,,,results/complex-quarterly/BWXT/2021-09-30
PCG,,,Assets,,power,2021-09-30,Q3,2021-11-01T23:59:59+00:00,"filing date, end of day",103561000000.0,100494000000.0,3067000000.0,same-quarter mean,measured,12,4018,-355250000.0,3422250000.0,0.03405427189682966,,,results/complex-quarterly/PCG/2021-09-30
VRT,,,Assets,,buildout,2021-09-30,Q3,2021-11-01T23:59:59+00:00,"filing date, end of day",5261700000.0,5332000000.0,-70300000.0,same-quarter mean,measured,3,730,15795342.666666666,-86095342.66666667,-0.016146913478369593,,,results/complex-quarterly/VRT/2021-09-30
EIX,,,Assets,,power,2021-09-30,Q3,2021-11-02T23:59:59+00:00,"filing date, end of day",73023000000.0,71162000000.0,1861000000.0,same-quarter mean,measured,12,4008,1300583333.3333333,560416666.6666667,0.007875223668062543,,,results/complex-quarterly/EIX/2021-09-30
ETN,,,Assets,,buildout,2021-09-30,Q3,2021-11-02T23:59:59+00:00,"filing date, end of day",34128000000.0,36804000000.0,-2676000000.0,same-quarter mean,measured,9,2911,-1967358183.5555556,-708641816.4444444,-0.01925447822096632,,,results/complex-quarterly/ETN/2021-09-30
EXC,,,Assets,,power,2021-09-30,Q3,2021-11-03T23:59:59+00:00,"filing date, end of day",132621000000.0,129396000000.0,3225000000.0,same-quarter mean,measured,11,3665,1713545454.5454545,1511454545.4545455,0.011680844426833484,,,results/complex-quarterly/EXC/2021-09-30
STRL,,,Assets,,buildout,2021-09-30,Q3,2021-11-03T23:59:59+00:00,"filing date, end of day",1064317000.0,1027190000.0,37127000.0,same-quarter mean,measured,10,3283,12968800.0,24158200.0,0.023518725844293657,,,results/complex-quarterly/STRL/2021-09-30
DUK,,,Assets,,power,2021-09-30,Q3,2021-11-04T23:59:59+00:00,"filing date, end of day",167007000000.0,165385000000.0,1622000000.0,same-quarter mean,measured,12,4017,6250083333.333333,-4628083333.333333,-0.02798369461156292,,,results/complex-quarterly/DUK/2021-09-30
EQIX,,,Assets,,data_center_reit,2021-09-30,Q3,2021-11-04T23:59:59+00:00,"filing date, end of day",27774131000.0,27930362000.0,-156231000.0,same-quarter mean,measured,11,3654,65496272.72727273,-221727272.72727272,-0.007938574971827173,,,results/complex-quarterly/EQIX/2021-09-30
IRM,,,Assets,,data_center_reit,2021-09-30,Q3,2021-11-04T23:59:59+00:00,"filing date, end of day",14234395000.0,14314316000.0,-79921000.0,same-quarter mean,measured,12,3650,8843000.0,-88764000.0,-0.006201064724294196,,,results/complex-quarterly/IRM/2021-09-30
MTZ,,,Assets,,buildout,2021-09-30,Q3,2021-11-04T23:59:59+00:00,"filing date, end of day",6013248000.0,5901628000.0,111620000.0,same-quarter mean,measured,10,3283,103048600.0,8571400.0,0.0014523789029061134,,,results/complex-quarterly/MTZ/2021-09-30
NRG,,,Assets,,power,2021-09-30,Q3,2021-11-04T23:59:59+00:00,"filing date, end of day",27965000000.0,21619000000.0,6346000000.0,same-quarter mean,measured,12,4021,-727666666.6666666,7073666666.666667,0.3271967559399911,,,results/complex-quarterly/NRG/2021-09-30
PPL,,,Assets,,power,2021-09-30,Q3,2021-11-04T23:59:59+00:00,"filing date, end of day",34171000000.0,36759000000.0,-2588000000.0,same-quarter mean,measured,12,4024,334583333.3333333,-2922583333.3333335,-0.07950660609193214,,,results/complex-quarterly/PPL/2021-09-30
PWR,,,Assets,,buildout,2021-09-30,Q3,2021-11-04T23:59:59+00:00,"filing date, end of day",10675716000.0,8720596000.0,1955120000.0,same-quarter mean,measured,12,4011,262558750.0,1692561250.0,0.19408779514611157,,,results/complex-quarterly/PWR/2021-09-30
SO,,,Assets,,power,2021-09-30,Q3,2021-11-04T23:59:59+00:00,"filing date, end of day",127861000000.0,125907000000.0,1954000000.0,same-quarter mean,measured,12,4010,2167037333.3333335,-213037333.3333335,-0.001692021359680824,,,results/complex-quarterly/SO/2021-09-30
CCI,,,Assets,,data_center_reit,2021-09-30,Q3,2021-11-05T23:59:59+00:00,"filing date, end of day",39004000000.0,38973000000.0,31000000.0,same-quarter mean,measured,12,4009,549904666.6666666,-518904666.6666666,-0.013314465570181065,,,results/complex-quarterly/CCI/2021-09-30
D,,,Assets,,power,2021-09-30,Q3,2021-11-05T23:59:59+00:00,"filing date, end of day",99804000000.0,97963000000.0,1841000000.0,same-quarter mean,measured,12,4022,1390750000.0,450250000.0,0.004596123026040444,,,results/complex-quarterly/D/2021-09-30
DLR,,,Assets,,data_center_reit,2021-09-30,Q3,2021-11-05T23:59:59+00:00,"filing date, end of day",35847646000.0,36151220000.0,-303574000.0,same-quarter mean,measured,10,3287,1295709700.0,-1599283700.0,-0.04423872002106706,,,results/complex-quarterly/DLR/2021-09-30
ETR,,,Assets,,power,2021-09-30,Q3,2021-11-05T23:59:59+00:00,"filing date, end of day",58843499000.0,55949283000.0,2894216000.0,same-quarter mean,measured,12,4016,559524666.6666666,2334691333.3333335,0.04172870871881117,,,results/complex-quarterly/ETR/2021-09-30
FSLR,,,Assets,,fuel_and_nuclear,2021-09-30,Q3,2021-11-05T23:59:59+00:00,"filing date, end of day",7268630000.0,7248473000.0,20157000.0,same-quarter mean,measured,12,3649,270884166.6666667,-250727166.6666667,-0.03459034291314415,,,results/complex-quarterly/FSLR/2021-09-30
SBAC,,,Assets,,data_center_reit,2021-09-30,Q3,2021-11-05T23:59:59+00:00,"filing date, end of day",9668082000.0,9960313000.0,-292231000.0,same-quarter mean,measured,11,3654,-12097363.636363637,-280133636.3636364,-0.02812498325741735,,,results/complex-quarterly/SBAC/2021-09-30
SMCI,,,Assets,,compute_and_ai,2021-09-30,Q3,2021-11-05T23:59:59+00:00,"filing date, end of day",2426693000.0,2241964000.0,184729000.0,same-quarter mean,measured,9,3287,-1210111.111111111,185939111.1111111,0.08293581480840509,,,results/complex-quarterly/SMCI/2021-09-30
SRE,,,Assets,,power,2021-09-30,Q3,2021-11-05T23:59:59+00:00,"filing date, end of day",70472000000.0,68608000000.0,1864000000.0,same-quarter mean,measured,10,3290,788100000.0,1075900000.0,0.01568184468283582,,,results/complex-quarterly/SRE/2021-09-30
VST,,,Assets,,power,2021-09-30,Q3,2021-11-05T23:59:59+00:00,"filing date, end of day",29932000000.0,27015000000.0,2917000000.0,same-quarter mean,measured,4,1097,-312750000.0,3229750000.0,0.11955395150842124,,,results/complex-quarterly/VST/2021-09-30
PLUG,,,Assets,,fuel_and_nuclear,2021-09-30,Q3,2021-11-09T23:59:59+00:00,"filing date, end of day",5740100000.0,5788826000.0,-48726000.0,same-quarter mean,measured,8,2557,10531949.625,-59257949.625,-0.010236609223528224,,,results/complex-quarterly/PLUG/2021-09-30
PRIM,,,Assets,,buildout,2021-09-30,Q3,2021-11-09T23:59:59+00:00,"filing date, end of day",2597993000.0,2493807000.0,104186000.0,same-quarter mean,measured,10,3285,51127600.0,53058400.0,0.02127606506838741,,,results/complex-quarterly/PRIM/2021-09-30
ROK,,,Assets,,buildout,2019-09-30,Q3,2021-11-09T23:59:59+00:00,"filing date, end of day",6113000000.0,6158800000.0,-45800000.0,same-quarter mean,measured,10,3284,125360000.0,-171160000.0,-0.027791128141845815,,,results/complex-quarterly/ROK/2019-09-30
CIFR,,,Assets,,compute_and_ai,2021-09-30,Q3,2021-11-12T23:59:59+00:00,"filing date, end of day",381657134.0,170407906.0,211249228.0,,missing,0,,,,,,,results/complex-quarterly/CIFR/2021-09-30
LEU,,,Assets,,fuel_and_nuclear,2021-09-30,Q3,2021-11-12T23:59:59+00:00,"filing date, end of day",487200000.0,500600000.0,-13400000.0,same-quarter mean,measured,10,3663,-27920000.0,14520000.0,0.029005193767479027,,,results/complex-quarterly/LEU/2021-09-30
CORZ,,,Assets,,compute_and_ai,2021-09-30,Q3,2021-11-15T23:59:59+00:00,"filing date, end of day",347072608.0,347606096.0,-533488.0,,missing,0,,,,,,,results/complex-quarterly/CORZ/2021-09-30
OKLO,,,Assets,,fuel_and_nuclear,2021-09-30,Q3,2021-11-15T23:59:59+00:00,"filing date, end of day",504945944.0,922000.0,504023944.0,,missing,0,,,,,,,results/complex-quarterly/OKLO/2021-09-30
WULF,,,Assets,,compute_and_ai,2020-12-31,Q4,2021-11-15T23:59:59+00:00,"filing date, end of day",15435399.0,15274076.0,161323.0,same-quarter mean,measured,9,2920,-271114.22222222225,432437.22222222225,0.028311841725955942,,,results/complex-quarterly/WULF/2020-12-31
WULF,,,Assets,,compute_and_ai,2021-09-30,Q3,2021-11-15T23:59:59+00:00,"filing date, end of day",12380206.0,13042782.0,-662576.0,same-quarter mean,measured,10,3286,259668.2,-922244.2,-0.07070916312179411,,,results/complex-quarterly/WULF/2021-09-30
NVDA,,,Assets,,compute_and_ai,2021-10-31,Q4,2021-11-22T23:59:59+00:00,"filing date, end of day",40632000000.0,38650000000.0,1982000000.0,same-quarter mean,measured,12,4017,594690750.0,1387309250.0,0.03589415912031048,,,results/complex-quarterly/NVDA/2021-10-31
J,,,Assets,,buildout,2020-10-02,Q4,2021-11-23T23:59:59+00:00,"filing date, end of day",12354353000.0,12611766000.0,-257413000.0,same-quarter mean,measured,12,3360,596192916.6666666,-853605916.6666666,-0.06768329801446257,,,results/complex-quarterly/J/2020-10-02
DY,,,Assets,,buildout,2021-10-30,Q4,2021-11-24T23:59:59+00:00,"filing date, end of day",2204695000.0,2241850000.0,-37155000.0,same-quarter mean,measured,10,3289,55223700.0,-92378700.0,-0.04120645895131253,,,results/complex-quarterly/DY/2021-10-30
AI,,,Assets,,compute_and_ai,2021-10-31,Q4,2021-12-02T23:59:59+00:00,"filing date, end of day",1164870000.0,1191540000.0,-26670000.0,,missing,0,,,,,,,results/complex-quarterly/AI/2021-10-31
MRVL,,,Assets,,compute_and_ai,2021-10-30,Q4,2021-12-03T23:59:59+00:00,"filing date, end of day",22018842000.0,20838632000.0,1180210000.0,,missing,0,,,,,,,results/complex-quarterly/MRVL/2021-10-30
AGX,,,Assets,,buildout,2020-10-31,Q4,2021-12-08T23:59:59+00:00,"filing date, end of day",595500000.0,561107000.0,34393000.0,same-quarter mean,measured,9,2917,23874222.222222224,10518777.777777776,0.01874647398406681,,,results/complex-quarterly/AGX/2020-10-31
ORCL,,,Assets,,hyperscaler,2021-11-30,Q4,2021-12-10T23:59:59+00:00,"filing date, end of day",106897000000.0,122924000000.0,-16027000000.0,same-quarter mean,measured,12,4007,-1387916666.6666667,-14639083333.333334,-0.11909052205698915,,,results/complex-quarterly/ORCL/2021-11-30
AVGO,,,Assets,,compute_and_ai,2020-11-01,Q4,2021-12-17T23:59:59+00:00,"filing date, end of day",75933000000.0,79298000000.0,-3365000000.0,same-quarter mean,measured,2,175,-1261000000.0,-2104000000.0,-0.026532825544149916,,,results/complex-quarterly/AVGO/2020-11-01
SMR,,,Assets,,fuel_and_nuclear,2021-09-30,Q3,2021-12-21T23:59:59+00:00,"filing date, end of day",233615163.0,233801679.0,-186516.0,,missing,0,,,,,,,results/complex-quarterly/SMR/2021-09-30
MU,,,Assets,,compute_and_ai,2021-12-02,Q4,2022-01-06T23:59:59+00:00,"filing date, end of day",61246000000.0,58849000000.0,2397000000.0,same-quarter mean,measured,12,4014,381750000.0,2015250000.0,0.034244422165202466,,,results/complex-quarterly/MU/2021-12-02
CIFR,,,Assets,,compute_and_ai,2020-12-31,Q4,2022-01-21T23:59:59+00:00,"filing date, end of day",171601077.0,281424.0,171319653.0,,missing,0,,,,,,,results/complex-quarterly/CIFR/2020-12-31
CIFR,,,Assets,,compute_and_ai,2021-03-31,Q1,2022-01-21T23:59:59+00:00,"filing date, end of day",170977831.0,173087.0,170804744.0,,missing,0,,,,,,,results/complex-quarterly/CIFR/2021-03-31
CIFR,,,Assets,,compute_and_ai,2021-06-30,Q2,2022-01-21T23:59:59+00:00,"filing date, end of day",170407906.0,170977831.0,-569925.0,,missing,0,,,,,,,results/complex-quarterly/CIFR/2021-06-30
MSFT,,,Assets,,hyperscaler,2021-12-31,Q4,2022-01-25T23:59:59+00:00,"filing date, end of day",340389000000.0,335418000000.0,4971000000.0,same-quarter mean,measured,12,4016,5306750000.0,-335750000.0,-0.001000989809729949,,,results/complex-quarterly/MSFT/2021-12-31
ROK,,,Assets,,buildout,2021-12-31,Q4,2022-01-27T23:59:59+00:00,"filing date, end of day",10743300000.0,10701600000.0,41700000.0,same-quarter mean,measured,12,4005,153841666.66666666,-112141666.66666666,-0.010478962647329993,,,results/complex-quarterly/ROK/2021-12-31
AAPL,,,Assets,,hyperscaler,2021-12-25,Q4,2022-01-28T23:59:59+00:00,"filing date, end of day",381191000000.0,351002000000.0,30189000000.0,same-quarter mean,measured,12,4021,16057333333.333334,14131666666.666666,0.04026092918748801,,,results/complex-quarterly/AAPL/2021-12-25
AMD,,,Assets,,compute_and_ai,2020-12-26,Q4,2022-02-03T23:59:59+00:00,"filing date, end of day",8962000000.0,7023000000.0,1939000000.0,same-quarter mean,measured,11,3369,-49181818.18181818,1988181818.1818182,0.28309580210477264,,,results/complex-quarterly/AMD/2020-12-26
META,,,Assets,,hyperscaler,2020-12-31,Q4,2022-02-03T23:59:59+00:00,"filing date, end of day",159316000000.0,146437000000.0,12879000000.0,same-quarter mean,measured,8,2554,5632875000.0,7246125000.0,0.049482883424271186,,,results/complex-quarterly/META/2020-12-31
AMZN,,,Assets,,hyperscaler,2019-12-31,Q4,2022-02-04T23:59:59+00:00,"filing date, end of day",225248000000.0,199099000000.0,26149000000.0,same-quarter mean,measured,10,3659,10382300000.0,15766700000.0,0.07919025208564584,,,results/complex-quarterly/AMZN/2019-12-31
SMCI,,,Assets,,compute_and_ai,2021-12-31,Q4,2022-02-04T23:59:59+00:00,"filing date, end of day",2676602000.0,2426693000.0,249909000.0,same-quarter mean,measured,9,3287,70203555.55555555,179705444.44444445,0.07405363778790496,,,results/complex-quarterly/SMCI/2021-12-31
J,,,Assets,,buildout,2021-12-31,Q4,2022-02-08T23:59:59+00:00,"filing date, end of day",14804094000.0,14632609000.0,171485000.0,same-quarter mean,measured,13,4018,530530923.0769231,-359045923.0769231,-0.024537382436510335,,,results/complex-quarterly/J/2021-12-31
PCG,,,Assets,,power,2020-12-31,Q4,2022-02-10T23:59:59+00:00,"filing date, end of day",97856000000.0,95587000000.0,2269000000.0,same-quarter mean,measured,11,3661,1133727272.7272727,1135272727.2727273,0.01187685278618146,,,results/complex-quarterly/PCG/2020-12-31
SO,,,Assets,,power,2019-12-31,Q4,2022-02-17T23:59:59+00:00,"filing date, end of day",118700000000.0,117591000000.0,1109000000.0,same-quarter mean,measured,10,3282,1924001300.0,-815001300.0,-0.006930813582672143,,,results/complex-quarterly/SO/2019-12-31
EQIX,,,Assets,,data_center_reit,2020-12-31,Q4,2022-02-18T23:59:59+00:00,"filing date, end of day",27006841000.0,26436714000.0,570127000.0,same-quarter mean,measured,10,3283,421452800.0,148674200.0,0.005623777599591235,,,results/complex-quarterly/EQIX/2020-12-31
NEE,,,Assets,,power,2019-12-31,Q4,2022-02-18T23:59:59+00:00,"filing date, end of day",117691000000.0,114222000000.0,3469000000.0,same-quarter mean,measured,10,3637,1995600000.0,1473400000.0,0.01289944143860202,,,results/complex-quarterly/NEE/2019-12-31
PPL,,,Assets,,power,2020-12-31,Q4,2022-02-18T23:59:59+00:00,"filing date, end of day",48116000000.0,47924000000.0,192000000.0,same-quarter mean,measured,11,3643,1148363636.3636363,-956363636.3636363,-0.01995583916959428,,,results/complex-quarterly/PPL/2020-12-31
WY,,,Assets,,data_center_reit,2020-12-31,Q4,2022-02-18T23:59:59+00:00,"filing date, end of day",16311000000.0,16356000000.0,-45000000.0,same-quarter mean,measured,11,3285,-406818181.8181818,361818181.8181818,0.022121434447186464,,,results/complex-quarterly/WY/2020-12-31
BWXT,,,Assets,,fuel_and_nuclear,2020-12-31,Q4,2022-02-22T23:59:59+00:00,"filing date, end of day",2293503000.0,2124314000.0,169189000.0,same-quarter mean,measured,10,2916,41684200.0,127504800.0,0.060021635219652085,,,results/complex-quarterly/BWXT/2020-12-31
ETN,,,Assets,,buildout,2019-12-31,Q4,2022-02-23T23:59:59+00:00,"filing date, end of day",32805000000.0,31895000000.0,910000000.0,same-quarter mean,measured,8,2555,4164027956.5,-3254027956.5,-0.10202313705910017,,,results/complex-quarterly/ETN/2019-12-31
FIX,,,Assets,,buildout,2020-12-31,Q4,2022-02-23T23:59:59+00:00,"filing date, end of day",1757355000.0,1677969000.0,79386000.0,same-quarter mean,measured,9,2919,5467111.111111111,73918888.8888889,0.04405259506515847,,,results/complex-quarterly/FIX/2020-12-31
AEP,,,Assets,,power,2019-12-31,Q4,2022-02-24T23:59:59+00:00,"filing date, end of day",75892300000.0,73900700000.0,1991600000.0,same-quarter mean,measured,10,3653,1081500000.0,910100000.0,0.012315174281163778,,,results/complex-quarterly/AEP/2019-12-31
AEP,,,Assets,,power,2020-12-31,Q4,2022-02-24T23:59:59+00:00,"filing date, end of day",80757200000.0,78689300000.0,2067900000.0,same-quarter mean,measured,10,3653,1081500000.0,986400000.0,0.012535376474310992,,,results/complex-quarterly/AEP/2020-12-31
D,,,Assets,,power,2020-12-31,Q4,2022-02-24T23:59:59+00:00,"filing date, end of day",95905000000.0,104535000000.0,-8630000000.0,same-quarter mean,measured,11,3650,1072454545.4545455,-9702454545.454546,-0.09281536849337108,,,results/complex-quarterly/D/2020-12-31
DUK,,,Assets,,power,2019-12-31,Q4,2022-02-24T23:59:59+00:00,"filing date, end of day",158838000000.0,155917000000.0,2921000000.0,same-quarter mean,measured,10,3285,1420100000.0,1500900000.0,0.009626275518384781,,,results/complex-quarterly/DUK/2019-12-31
EIX,,,Assets,,power,2020-12-31,Q4,2022-02-24T23:59:59+00:00,"filing date, end of day",69372000000.0,68556000000.0,816000000.0,same-quarter mean,measured,11,3284,-537272727.2727273,1353272727.2727273,0.019739668698184363,,,results/complex-quarterly/EIX/2020-12-31
EME,,,Assets,,buildout,2019-12-31,Q4,2022-02-24T23:59:59+00:00,"filing date, end of day",4830358000.0,4532721000.0,297637000.0,same-quarter mean,measured,9,2921,30902555.555555556,266734444.44444445,0.05884642898701342,,,results/complex-quarterly/EME/2019-12-31
NRG,,,Assets,,power,2020-12-31,Q4,2022-02-24T23:59:59+00:00,"filing date, end of day",14902000000.0,12225000000.0,2677000000.0,same-quarter mean,measured,11,3660,-146181818.1818182,2823181818.181818,0.23093511805168246,,,results/complex-quarterly/NRG/2020-12-31
AMT,,,Assets,,data_center_reit,2020-12-31,Q4,2022-02-25T23:59:59+00:00,"filing date, end of day",47233500000.0,41462200000.0,5771300000.0,same-quarter mean,measured,11,3650,976795363.6363636,4794504636.363636,0.11563555808335389,,,results/complex-quarterly/AMT/2020-12-31
DLR,,,Assets,,data_center_reit,2020-12-31,Q4,2022-02-25T23:59:59+00:00,"filing date, end of day",36076291000.0,35435333000.0,640958000.0,same-quarter mean,measured,10,3289,559318500.0,81639500.0,0.002303901024437953,,,results/complex-quarterly/DLR/2020-12-31
ETR,,,Assets,,power,2020-12-31,Q4,2022-02-25T23:59:59+00:00,"filing date, end of day",58239212000.0,56070251000.0,2168961000.0,same-quarter mean,measured,11,3286,471400909.09090906,1697560090.909091,0.03027559286133909,,,results/complex-quarterly/ETR/2020-12-31
NVT,,,Assets,,buildout,2019-12-31,Q4,2022-02-25T23:59:59+00:00,"filing date, end of day",4640300000.0,4636100000.0,4200000.0,same-quarter mean,measured,2,364,100400000.0,-96200000.0,-0.020750199521149242,,,results/complex-quarterly/NVT/2019-12-31
PWR,,,Assets,,buildout,2020-12-31,Q4,2022-02-25T23:59:59+00:00,"filing date, end of day",8398272000.0,8325487000.0,72785000.0,same-quarter mean,measured,11,3653,4103272.727272727,68681727.27272727,0.008249574742321653,,,results/complex-quarterly/PWR/2020-12-31
SRE,,,Assets,,power,2019-12-31,Q4,2022-02-25T23:59:59+00:00,"filing date, end of day",65665000000.0,64585000000.0,1080000000.0,same-quarter mean,measured,9,2921,844000000.0,236000000.0,0.0036540992490516374,,,results/complex-quarterly/SRE/2019-12-31
SRE,,,Assets,,power,2020-12-31,Q4,2022-02-25T23:59:59+00:00,"filing date, end of day",66623000000.0,67222000000.0,-599000000.0,same-quarter mean,measured,9,2921,844000000.0,-1443000000.0,-0.021466186665079885,,,results/complex-quarterly/SRE/2020-12-31
VST,,,Assets,,power,2020-12-31,Q4,2022-02-25T23:59:59+00:00,"filing date, end of day",25208000000.0,25499000000.0,-291000000.0,same-quarter mean,measured,3,729,-30333333.333333332,-260666666.66666666,-0.010222623109402983,,,results/complex-quarterly/VST/2020-12-31
FSLR,,,Assets,,fuel_and_nuclear,2020-12-31,Q4,2022-03-01T23:59:59+00:00,"filing date, end of day",7108931000.0,6985217000.0,123714000.0,same-quarter mean,measured,11,3285,11376636.363636363,112337363.63636364,0.016082158025493502,,,results/complex-quarterly/FSLR/2020-12-31
MTZ,,,Assets,,buildout,2019-12-31,Q4,2022-03-01T23:59:59+00:00,"filing date, end of day",4997000000.0,4858652000.0,138348000.0,same-quarter mean,measured,8,2555,-59413000.0,197761000.0,0.04070285338402503,,,results/complex-quarterly/MTZ/2019-12-31
PRIM,,,Assets,,buildout,2020-12-31,Q4,2022-03-01T23:59:59+00:00,"filing date, end of day",1969580000.0,1999502000.0,-29922000.0,same-quarter mean,measured,9,2910,13433777.777777778,-43355777.777777776,-0.021683288027607762,,,results/complex-quarterly/PRIM/2020-12-31
SBAC,,,Assets,,data_center_reit,2020-12-31,Q4,2022-03-01T23:59:59+00:00,"filing date, end of day",9158018000.0,9034682000.0,123336000.0,same-quarter mean,measured,10,3286,16455500.0,106880500.0,0.011830023458490293,,,results/complex-quarterly/SBAC/2020-12-31
VRT,,,Assets,,buildout,2020-12-31,Q4,2022-03-01T23:59:59+00:00,"filing date, end of day",5073800000.0,4771700000.0,302100000.0,same-quarter mean,measured,2,414,1977006415.0,-1674906415.0,-0.3510083230295283,,,results/complex-quarterly/VRT/2020-12-31
AI,,,Assets,,compute_and_ai,2022-01-31,Q1,2022-03-03T23:59:59+00:00,"filing date, end of day",1187507000.0,1164870000.0,22637000.0,prior same-quarter,measured,1,0,879466000.0,-856829000.0,-0.735557615871299,,,results/complex-quarterly/AI/2022-01-31
CIFR,,,Assets,,compute_and_ai,2021-01-31,Q1,2022-03-04T23:59:59+00:00,"filing date, end of day",173087.0,171601077.0,-171427990.0,prior same-quarter,measured,1,0,170804744.0,-342232734.0,-1.9943507347567522,,,results/complex-quarterly/CIFR/2021-01-31
DY,,,Assets,,buildout,2021-01-30,Q1,2022-03-04T23:59:59+00:00,"filing date, end of day",1944165000.0,2065064000.0,-120899000.0,same-quarter mean,measured,9,3290,-22740000.0,-98159000.0,-0.04753315151491673,,,results/complex-quarterly/DY/2021-01-30
AVGO,,,Assets,,compute_and_ai,2022-01-30,Q1,2022-03-10T23:59:59+00:00,"filing date, end of day",73224000000.0,75570000000.0,-2346000000.0,same-quarter mean,measured,3,728,12179333333.333334,-14525333333.333334,-0.1922103127343302,,,results/complex-quarterly/AVGO/2022-01-30
SMR,,,Assets,,fuel_and_nuclear,2020-12-31,Q4,2022-03-10T23:59:59+00:00,"filing date, end of day",234445409.0,487605.0,233957804.0,,missing,0,,,,,,,results/complex-quarterly/SMR/2020-12-31
LEU,,,Assets,,fuel_and_nuclear,2020-12-31,Q4,2022-03-11T23:59:59+00:00,"filing date, end of day",486300000.0,468200000.0,18100000.0,same-quarter mean,measured,10,3295,-120880000.0,138980000.0,0.29683895771038016,,,results/complex-quarterly/LEU/2020-12-31
ORCL,,,Assets,,hyperscaler,2022-02-28,Q1,2022-03-11T23:59:59+00:00,"filing date, end of day",108644000000.0,106897000000.0,1747000000.0,same-quarter mean,measured,12,4000,513583333.3333333,1233416666.6666667,0.011538365591800208,,,results/complex-quarterly/ORCL/2022-02-28
PLUG,,,Assets,,fuel_and_nuclear,2019-03-31,Q1,2022-03-14T23:59:59+00:00,"filing date, end of day",360815000.0,390326000.0,-29511000.0,same-quarter mean,measured,8,3325,448777685.75,-478288685.75,-1.2253569727612303,,,results/complex-quarterly/PLUG/2019-03-31
PLUG,,,Assets,,fuel_and_nuclear,2019-06-30,Q2,2022-03-14T23:59:59+00:00,"filing date, end of day",397178000.0,360815000.0,36363000.0,same-quarter mean,measured,9,3647,13605767.111111112,22757232.888888888,0.06307174837212667,,,results/complex-quarterly/PLUG/2019-06-30
PLUG,,,Assets,,fuel_and_nuclear,2019-09-30,Q3,2022-03-14T23:59:59+00:00,"filing date, end of day",470304000.0,397178000.0,73126000.0,same-quarter mean,measured,9,3653,3947733.0,69178267.0,0.17417446837438125,,,results/complex-quarterly/PLUG/2019-09-30
PLUG,,,Assets,,fuel_and_nuclear,2019-12-31,Q4,2022-03-14T23:59:59+00:00,"filing date, end of day",659513000.0,470304000.0,189209000.0,same-quarter mean,measured,8,2535,8970511.0,180238489.0,0.3832382650370824,,,results/complex-quarterly/PLUG/2019-12-31
PLUG,,,Assets,,fuel_and_nuclear,2020-03-31,Q1,2022-03-14T23:59:59+00:00,"filing date, end of day",631360000.0,659513000.0,-28153000.0,same-quarter mean,measured,8,3325,448777685.75,-476930685.75,-0.7231558525002539,,,results/complex-quarterly/PLUG/2020-03-31
PLUG,,,Assets,,fuel_and_nuclear,2020-06-30,Q2,2022-03-14T23:59:59+00:00,"filing date, end of day",898719000.0,631360000.0,267359000.0,same-quarter mean,measured,9,3647,13605767.111111112,253753232.8888889,0.40191528270541194,,,results/complex-quarterly/PLUG/2020-06-30
PLUG,,,Assets,,fuel_and_nuclear,2020-09-30,Q3,2022-03-14T23:59:59+00:00,"filing date, end of day",1356093000.0,898719000.0,457374000.0,same-quarter mean,measured,9,3653,3947733.0,453426267.0,0.5045250706839401,,,results/complex-quarterly/PLUG/2020-09-30
PLUG,,,Assets,,fuel_and_nuclear,2020-12-31,Q4,2022-03-14T23:59:59+00:00,"filing date, end of day",2251282000.0,1356093000.0,895189000.0,same-quarter mean,measured,8,2535,8970511.0,886218489.0,0.6535086376819289,,,results/complex-quarterly/PLUG/2020-12-31
NVDA,,,Assets,,compute_and_ai,2021-01-31,Q1,2022-03-18T23:59:59+00:00,"filing date, end of day",28791000000.0,26881000000.0,1910000000.0,same-quarter mean,measured,11,3635,575786272.7272727,1334213727.2727273,0.049634080847912175,,,results/complex-quarterly/NVDA/2021-01-31
STRL,,,Assets,,buildout,2020-12-31,Q4,2022-03-24T23:59:59+00:00,"filing date, end of day",952694000.0,1022512000.0,-69818000.0,same-quarter mean,measured,9,2907,9645111.111111112,-79463111.1111111,-0.077713622051488,,,results/complex-quarterly/STRL/2020-12-31
MU,,,Assets,,compute_and_ai,2022-03-03,Q1,2022-03-30T23:59:59+00:00,"filing date, end of day",63696000000.0,61246000000.0,2450000000.0,same-quarter mean,measured,11,3642,1273454545.4545455,1176545454.5454545,0.01921015992139004,,,results/complex-quarterly/MU/2022-03-03
WULF,,,Assets,,compute_and_ai,2021-03-31,Q1,2022-03-31T23:59:59+00:00,"filing date, end of day",30005000.0,15435399.0,14569601.0,same-quarter mean,measured,9,2921,-44103.0,14613704.0,0.9467655484642801,,,results/complex-quarterly/WULF/2021-03-31
AGX,,,Assets,,buildout,2020-01-31,Q1,2022-04-13T23:59:59+00:00,"filing date, end of day",487540000.0,472717000.0,14823000.0,same-quarter mean,measured,8,2556,5222875.0,9600125.0,0.020308398047880656,,,results/complex-quarterly/AGX/2020-01-31
NBIS,,,Assets,,compute_and_ai,2021-12-31,Q4,2022-04-20T23:59:59+00:00,"filing date, end of day",6938700000.0,6979500000.0,-40800000.0,same-quarter mean,measured,9,2914,657900000.0,-698700000.0,-0.10010745755426606,,,results/complex-quarterly/NBIS/2021-12-31
NEE,,,Assets,,power,2022-03-31,Q1,2022-04-22T23:59:59+00:00,"filing date, end of day",144945000000.0,140912000000.0,4033000000.0,same-quarter mean,measured,12,4008,1504833333.3333333,2528166666.666667,0.01794145755270429,,,results/complex-quarterly/NEE/2022-03-31
MSFT,,,Assets,,hyperscaler,2022-03-31,Q1,2022-04-26T23:59:59+00:00,"filing date, end of day",344607000000.0,340389000000.0,4218000000.0,same-quarter mean,measured,12,4023,2443833333.3333335,1774166666.6666665,0.005212173914746559,,,results/complex-quarterly/MSFT/2022-03-31
AMT,,,Assets,,data_center_reit,2021-03-31,Q1,2022-04-27T23:59:59+00:00,"filing date, end of day",46942500000.0,47233500000.0,-291000000.0,same-quarter mean,measured,11,4011,1143974636.3636363,-1434974636.3636363,-0.03038044261728723,,,results/complex-quarterly/AMT/2021-03-31
FIX,,,Assets,,buildout,2022-03-31,Q1,2022-04-27T23:59:59+00:00,"filing date, end of day",2308413000.0,2209114000.0,99299000.0,same-quarter mean,measured,10,3283,8119600.0,91179400.0,0.04127419408867084,,,results/complex-quarterly/FIX/2022-03-31
AEP,,,Assets,,power,2022-03-31,Q1,2022-04-28T23:59:59+00:00,"filing date, end of day",89831400000.0,87668700000.0,2162700000.0,same-quarter mean,measured,12,4010,781466666.6666666,1381233333.3333335,0.015755147884402684,,,results/complex-quarterly/AEP/2022-03-31
EME,,,Assets,,buildout,2022-03-31,Q1,2022-04-28T23:59:59+00:00,"filing date, end of day",5231154000.0,5441446000.0,-210292000.0,same-quarter mean,measured,11,3654,-30049363.636363637,-180242636.36363637,-0.03312403290662746,,,results/complex-quarterly/EME/2022-03-31
META,,,Assets,,hyperscaler,2022-03-31,Q1,2022-04-28T23:59:59+00:00,"filing date, end of day",164218000000.0,165987000000.0,-1769000000.0,same-quarter mean,measured,9,2919,3956444444.4444447,-5725444444.444445,-0.034493330468316465,,,results/complex-quarterly/META/2022-03-31
PCG,,,Assets,,power,2022-03-31,Q1,2022-04-28T23:59:59+00:00,"filing date, end of day",103931000000.0,103327000000.0,604000000.0,same-quarter mean,measured,12,4010,1024333333.3333334,-420333333.3333334,-0.004067991263980696,,,results/complex-quarterly/PCG/2022-03-31
SO,,,Assets,,power,2022-03-31,Q1,2022-04-28T23:59:59+00:00,"filing date, end of day",128639000000.0,127534000000.0,1105000000.0,same-quarter mean,measured,12,4010,336503750.0,768496250.0,0.006025814684711528,,,results/complex-quarterly/SO/2022-03-31
AAPL,,,Assets,,hyperscaler,2022-03-26,Q1,2022-04-29T23:59:59+00:00,"filing date, end of day",350662000000.0,381191000000.0,-30529000000.0,same-quarter mean,measured,11,4026,-8529818181.818182,-21999181818.181816,-0.05771170310469506,,,results/complex-quarterly/AAPL/2022-03-26
AMZN,,,Assets,,hyperscaler,2022-03-31,Q1,2022-04-29T23:59:59+00:00,"filing date, end of day",410767000000.0,420549000000.0,-9782000000.0,same-quarter mean,measured,12,4025,-1558500000.0,-8223500000.0,-0.019554201769591655,,,results/complex-quarterly/AMZN/2022-03-31
CCI,,,Assets,,data_center_reit,2022-03-31,Q1,2022-04-29T23:59:59+00:00,"filing date, end of day",39051000000.0,39040000000.0,11000000.0,same-quarter mean,measured,12,4011,529084166.6666667,-518084166.6666667,-0.013270598531420765,,,results/complex-quarterly/CCI/2022-03-31
EQIX,,,Assets,,data_center_reit,2022-03-31,Q1,2022-04-29T23:59:59+00:00,"filing date, end of day",28023233000.0,27918698000.0,104535000.0,same-quarter mean,measured,11,3654,1192020454.5454545,-1087485454.5454545,-0.03895186854864989,,,results/complex-quarterly/EQIX/2022-03-31
FSLR,,,Assets,,fuel_and_nuclear,2022-03-31,Q1,2022-04-29T23:59:59+00:00,"filing date, end of day",7399225000.0,7413746000.0,-14521000.0,same-quarter mean,measured,12,3648,-70664916.66666667,56143916.66666667,0.0075729485022371515,,,results/complex-quarterly/FSLR/2022-03-31
NVT,,,Assets,,buildout,2022-03-31,Q1,2022-04-29T23:59:59+00:00,"filing date, end of day",4703600000.0,4674200000.0,29400000.0,same-quarter mean,measured,4,1087,154975000.0,-125575000.0,-0.026865559881904925,,,results/complex-quarterly/NVT/2022-03-31
SBAC,,,Assets,,data_center_reit,2022-03-31,Q1,2022-04-29T23:59:59+00:00,"filing date, end of day",10142100000.0,9801699000.0,340401000.0,same-quarter mean,measured,11,3653,314428727.27272725,25972272.72727275,0.0026497725269132165,,,results/complex-quarterly/SBAC/2022-03-31
SMR,,,Assets,,fuel_and_nuclear,2022-03-31,Q1,2022-04-29T23:59:59+00:00,"filing date, end of day",232994297.0,121197000.0,111797297.0,prior same-quarter,measured,1,0,-281183.0,112078480.0,0.9247628241623143,,,results/complex-quarterly/SMR/2022-03-31
WY,,,Assets,,data_center_reit,2022-03-31,Q1,2022-04-29T23:59:59+00:00,"filing date, end of day",17116000000.0,17652000000.0,-536000000.0,same-quarter mean,measured,11,4011,17272727.272727273,-553272727.2727273,-0.03134334507550007,,,results/complex-quarterly/WY/2022-03-31
VRT,,,Assets,,buildout,2022-03-31,Q1,2022-05-02T23:59:59+00:00,"filing date, end of day",6911000000.0,6939600000.0,-28600000.0,same-quarter mean,measured,3,726,21212878.666666668,-49812878.66666667,-0.007178061944012144,,,results/complex-quarterly/VRT/2022-03-31
EIX,,,Assets,,power,2022-03-31,Q1,2022-05-03T23:59:59+00:00,"filing date, end of day",74720000000.0,74745000000.0,-25000000.0,same-quarter mean,measured,12,4008,842083333.3333334,-867083333.3333334,-0.011600552991281468,,,results/complex-quarterly/EIX/2022-03-31
ETN,,,Assets,,buildout,2022-03-31,Q1,2022-05-03T23:59:59+00:00,"filing date, end of day",35208000000.0,34027000000.0,1181000000.0,same-quarter mean,measured,9,2923,-32888888.888888888,1213888888.8888888,0.0356742847999791,,,results/complex-quarterly/ETN/2022-03-31
J,,,Assets,,buildout,2022-04-01,Q2,2022-05-03T23:59:59+00:00,"filing date, end of day",15183292000.0,14804094000.0,379198000.0,same-quarter mean,measured,13,4302,190640461.53846154,188557538.46153846,0.012736850932015053,,,results/complex-quarterly/J/2022-04-01
ROK,,,Assets,,buildout,2022-03-31,Q1,2022-05-03T23:59:59+00:00,"filing date, end of day",10715500000.0,10743300000.0,-27800000.0,same-quarter mean,measured,12,4011,33700000.0,-61500000.0,-0.005724498059255536,,,results/complex-quarterly/ROK/2022-03-31
STRL,,,Assets,,buildout,2022-03-31,Q1,2022-05-03T23:59:59+00:00,"filing date, end of day",1242733000.0,1234774000.0,7959000.0,same-quarter mean,measured,10,3282,552300.0,7406700.0,0.0059984256228265255,,,results/complex-quarterly/STRL/2022-03-31
AMD,,,Assets,,compute_and_ai,2022-03-26,Q1,2022-05-04T23:59:59+00:00,"filing date, end of day",66915000000.0,12419000000.0,54496000000.0,same-quarter mean,measured,9,3276,74111111.1111111,54421888888.888885,4.382147426434406,,,results/complex-quarterly/AMD/2022-03-26
D,,,Assets,,power,2022-03-31,Q1,2022-05-05T23:59:59+00:00,"filing date, end of day",100852000000.0,99590000000.0,1262000000.0,same-quarter mean,measured,12,4023,2312833333.3333335,-1050833333.3333335,-0.010551594872309805,,,results/complex-quarterly/D/2022-03-31
ETR,,,Assets,,power,2022-03-31,Q1,2022-05-05T23:59:59+00:00,"filing date, end of day",59833526000.0,59454242000.0,379284000.0,same-quarter mean,measured,12,4017,381444416.6666667,-2160416.6666666865,-3.6337468849854083e-05,,,results/complex-quarterly/ETR/2022-03-31
MTZ,,,Assets,,buildout,2022-03-31,Q1,2022-05-05T23:59:59+00:00,"filing date, end of day",7087996000.0,7121400000.0,-33404000.0,same-quarter mean,measured,10,3290,68979400.0,-102383400.0,-0.014376864099755667,,,results/complex-quarterly/MTZ/2022-03-31
PPL,,,Assets,,power,2022-03-31,Q1,2022-05-05T23:59:59+00:00,"filing date, end of day",34107000000.0,33223000000.0,884000000.0,same-quarter mean,measured,12,4018,697000000.0,187000000.0,0.005628630767841556,,,results/complex-quarterly/PPL/2022-03-31
PWR,,,Assets,,buildout,2022-03-31,Q1,2022-05-05T23:59:59+00:00,"filing date, end of day",13015101000.0,12855189000.0,159912000.0,same-quarter mean,measured,12,4015,81983833.33333333,77928166.66666667,0.0060620008516923925,,,results/complex-quarterly/PWR/2022-03-31
SRE,,,Assets,,power,2022-03-31,Q1,2022-05-05T23:59:59+00:00,"filing date, end of day",74922000000.0,72045000000.0,2877000000.0,same-quarter mean,measured,11,3649,1661272727.2727273,1215727272.7272727,0.016874554413592514,,,results/complex-quarterly/SRE/2022-03-31
DLR,,,Assets,,data_center_reit,2022-03-31,Q1,2022-05-06T23:59:59+00:00,"filing date, end of day",36680542000.0,36369560000.0,310982000.0,same-quarter mean,measured,10,3287,993916700.0,-682934700.0,-0.018777645371568973,,,results/complex-quarterly/DLR/2022-03-31
LEU,,,Assets,,fuel_and_nuclear,2022-03-31,Q1,2022-05-06T23:59:59+00:00,"filing date, end of day",537600000.0,572400000.0,-34800000.0,same-quarter mean,measured,11,3661,-158309090.9090909,123509090.9090909,0.2157740931325837,,,results/complex-quarterly/LEU/2022-03-31
NRG,,,Assets,,power,2022-03-31,Q1,2022-05-06T23:59:59+00:00,"filing date, end of day",29477000000.0,23182000000.0,6295000000.0,same-quarter mean,measured,12,4014,396083333.3333333,5898916666.666667,0.2544610761222788,,,results/complex-quarterly/NRG/2022-03-31
SMCI,,,Assets,,compute_and_ai,2022-03-31,Q1,2022-05-06T23:59:59+00:00,"filing date, end of day",3071177000.0,2676602000.0,394575000.0,same-quarter mean,measured,9,3287,34995777.777777776,359579222.2222222,0.1343416848011853,,,results/complex-quarterly/SMCI/2022-03-31
VST,,,Assets,,power,2022-03-31,Q1,2022-05-06T23:59:59+00:00,"filing date, end of day",32833000000.0,29683000000.0,3150000000.0,same-quarter mean,measured,5,1447,-200000.0,3150200000.0,0.1061280867836809,,,results/complex-quarterly/VST/2022-03-31
BWXT,,,Assets,,fuel_and_nuclear,2022-03-31,Q1,2022-05-09T23:59:59+00:00,"filing date, end of day",2569107000.0,2501380000.0,67727000.0,same-quarter mean,measured,10,3281,-28448600.0,96175600.0,0.038449016143089015,,,results/complex-quarterly/BWXT/2022-03-31
DUK,,,Assets,,power,2022-03-31,Q1,2022-05-09T23:59:59+00:00,"filing date, end of day",171220000000.0,169587000000.0,1633000000.0,same-quarter mean,measured,11,3654,923545454.5454545,709454545.4545455,0.004183425294713306,,,results/complex-quarterly/DUK/2022-03-31
EXC,,,Assets,,power,2022-03-31,Q1,2022-05-09T23:59:59+00:00,"filing date, end of day",92698000000.0,133013000000.0,-40315000000.0,same-quarter mean,measured,12,4030,4472500000.0,-44787500000.0,-0.3367152082879117,,,results/complex-quarterly/EXC/2022-03-31
PLUG,,,Assets,,fuel_and_nuclear,2022-03-31,Q1,2022-05-09T23:59:59+00:00,"filing date, end of day",5803805000.0,5950076000.0,-146271000.0,same-quarter mean,measured,10,3590,353255748.6,-499526748.6,-0.08395300305407864,,,results/complex-quarterly/PLUG/2022-03-31
CIFR,,,Assets,,compute_and_ai,2022-03-31,Q1,2022-05-10T23:59:59+00:00,"filing date, end of day",357881000.0,354167000.0,3714000.0,same-quarter mean,measured,2,42,-311623.0,4025623.0,0.011366454243337184,,,results/complex-quarterly/CIFR/2022-03-31
PRIM,,,Assets,,buildout,2022-03-31,Q1,2022-05-10T23:59:59+00:00,"filing date, end of day",2597439000.0,2543327000.0,54112000.0,same-quarter mean,measured,10,3284,45212600.0,8899400.0,0.003499117494525871,,,results/complex-quarterly/PRIM/2022-03-31
CEG,,,Assets,,power,2022-03-31,Q1,2022-05-12T23:59:59+00:00,"filing date, end of day",46846000000.0,48086000000.0,-1240000000.0,,missing,0,,,,,,,results/complex-quarterly/CEG/2022-03-31
APLD,,,Assets,,compute_and_ai,2022-02-28,Q1,2022-05-13T23:59:59+00:00,"filing date, end of day",63494000.0,15052000.0,48442000.0,,missing,0,,,,,,,results/complex-quarterly/APLD/2022-02-28
CORZ,,,Assets,,compute_and_ai,2022-03-31,Q1,2022-05-13T23:59:59+00:00,"filing date, end of day",2704048000.0,2438864000.0,265184000.0,prior same-quarter,measured,1,0,347727624.0,-82543624.0,-0.03384511149453188,,,results/complex-quarterly/CORZ/2022-03-31
OKLO,,,Assets,,fuel_and_nuclear,2022-03-31,Q1,2022-05-16T23:59:59+00:00,"filing date, end of day",504494065.0,504719054.0,-224989.0,,missing,0,,,,,,,results/complex-quarterly/OKLO/2022-03-31
WULF,,,Assets,,compute_and_ai,2022-03-31,Q1,2022-05-16T23:59:59+00:00,"filing date, end of day",272838000.0,264911000.0,7927000.0,same-quarter mean,measured,10,3608,1417267.4,6509732.6,0.024573281592685844,,,results/complex-quarterly/WULF/2022-03-31
DY,,,Assets,,buildout,2022-04-30,Q2,2022-05-26T23:59:59+00:00,"filing date, end of day",2132112000.0,2118224000.0,13888000.0,same-quarter mean,measured,10,3289,140094800.0,-126206800.0,-0.059581422927886755,,,results/complex-quarterly/DY/2022-04-30
MRVL,,,Assets,,compute_and_ai,2022-04-30,Q2,2022-05-27T23:59:59+00:00,"filing date, end of day",22038700000.0,22108600000.0,-69900000.0,prior same-quarter,measured,1,0,10465013000.0,-10534913000.0,-0.4765074676822594,,,results/complex-quarterly/MRVL/2022-04-30
NVDA,,,Assets,,compute_and_ai,2022-05-01,Q2,2022-05-27T23:59:59+00:00,"filing date, end of day",45212000000.0,44187000000.0,1025000000.0,same-quarter mean,measured,12,4023,698658333.3333334,326341666.6666666,0.007385467822361025,,,results/complex-quarterly/NVDA/2022-05-01
AGX,,,Assets,,buildout,2021-04-30,Q2,2022-06-08T23:59:59+00:00,"filing date, end of day",617972000.0,602630000.0,15342000.0,same-quarter mean,measured,9,2923,12021333.333333334,3320666.666666666,0.005510291002218054,,,results/complex-quarterly/AGX/2021-04-30
AVGO,,,Assets,,compute_and_ai,2022-05-01,Q2,2022-06-09T23:59:59+00:00,"filing date, end of day",71719000000.0,73224000000.0,-1505000000.0,same-quarter mean,measured,4,1093,-395500000.0,-1109500000.0,-0.015152135911722932,,,results/complex-quarterly/AVGO/2022-05-01
ORCL,,,Assets,,hyperscaler,2021-05-31,Q2,2022-06-21T23:59:59+00:00,"filing date, end of day",131107000000.0,118109000000.0,12998000000.0,same-quarter mean,measured,11,3646,5884545454.545455,7113454545.454545,0.060227878869980656,,,results/complex-quarterly/ORCL/2021-05-31
AI,,,Assets,,compute_and_ai,2021-04-30,Q2,2022-06-23T23:59:59+00:00,"filing date, end of day",1196477000.0,1184574000.0,11903000.0,,missing,0,,,,,,,results/complex-quarterly/AI/2021-04-30
EXC,,,Assets,,power,2020-12-31,Q4,2022-06-30T23:59:59+00:00,"filing date, end of day",129317000000.0,127767000000.0,1550000000.0,same-quarter mean,measured,11,3667,454727272.72727275,1095272727.2727273,0.008572422669959593,,,results/complex-quarterly/EXC/2020-12-31
MU,,,Assets,,compute_and_ai,2022-06-02,Q2,2022-07-01T23:59:59+00:00,"filing date, end of day",65296000000.0,63696000000.0,1600000000.0,same-quarter mean,measured,11,3642,757454545.4545455,842545454.5454545,0.013227603845539037,,,results/complex-quarterly/MU/2022-06-02
AEP,,,Assets,,power,2022-06-30,Q2,2022-07-27T23:59:59+00:00,"filing date, end of day",90861300000.0,89831400000.0,1029900000.0,same-quarter mean,measured,13,4370,807761538.4615384,222138461.53846157,0.0024728375772665413,,,results/complex-quarterly/AEP/2022-06-30
FIX,,,Assets,,buildout,2022-06-30,Q2,2022-07-27T23:59:59+00:00,"filing date, end of day",2439622000.0,2308413000.0,131209000.0,same-quarter mean,measured,11,3648,80784727.27272727,50424272.727272734,0.02184369639543389,,,results/complex-quarterly/FIX/2022-06-30
NEE,,,Assets,,power,2022-06-30,Q2,2022-07-27T23:59:59+00:00,"filing date, end of day",151770000000.0,144945000000.0,6825000000.0,same-quarter mean,measured,13,4378,1410076923.0769231,5414923076.923077,0.03735846753543121,,,results/complex-quarterly/NEE/2022-06-30
ROK,,,Assets,,buildout,2022-06-30,Q2,2022-07-27T23:59:59+00:00,"filing date, end of day",10799900000.0,10715500000.0,84400000.0,same-quarter mean,measured,13,4375,45076923.07692308,39323076.92307692,0.00366973794252036,,,results/complex-quarterly/ROK/2022-06-30
AMT,,,Assets,,data_center_reit,2021-06-30,Q2,2022-07-28T23:59:59+00:00,"filing date, end of day",58982900000.0,46942500000.0,12040400000.0,same-quarter mean,measured,12,4375,398381666.6666667,11642018333.333334,0.24800592923967266,,,results/complex-quarterly/AMT/2021-06-30
EIX,,,Assets,,power,2022-06-30,Q2,2022-07-28T23:59:59+00:00,"filing date, end of day",75045000000.0,74720000000.0,325000000.0,same-quarter mean,measured,13,4374,456076923.0769231,-131076923.07692307,-0.0017542414758688848,,,results/complex-quarterly/EIX/2022-06-30
EME,,,Assets,,buildout,2022-06-30,Q2,2022-07-28T23:59:59+00:00,"filing date, end of day",5146444000.0,5231154000.0,-84710000.0,same-quarter mean,measured,12,4018,45863250.0,-130573250.0,-0.02496069700872886,,,results/complex-quarterly/EME/2022-06-30
META,,,Assets,,hyperscaler,2022-06-30,Q2,2022-07-28T23:59:59+00:00,"filing date, end of day",169779000000.0,164218000000.0,5561000000.0,same-quarter mean,measured,10,3285,3913800000.0,1647200000.0,0.010030569121533571,,,results/complex-quarterly/META/2022-06-30
MSFT,,,Assets,,hyperscaler,2021-06-30,Q2,2022-07-28T23:59:59+00:00,"filing date, end of day",333779000000.0,308879000000.0,24900000000.0,same-quarter mean,measured,11,3654,11382090909.09091,13517909090.90909,0.04376441613353155,,,results/complex-quarterly/MSFT/2021-06-30
PCG,,,Assets,,power,2022-06-30,Q2,2022-07-28T23:59:59+00:00,"filing date, end of day",113541000000.0,103931000000.0,9610000000.0,same-quarter mean,measured,13,4376,2835769230.769231,6774230769.230769,0.06518007879488093,,,results/complex-quarterly/PCG/2022-06-30
SO,,,Assets,,power,2022-06-30,Q2,2022-07-28T23:59:59+00:00,"filing date, end of day",130769000000.0,128639000000.0,2130000000.0,same-quarter mean,measured,13,4354,2107038000.0,22962000.0,0.00017849952191792537,,,results/complex-quarterly/SO/2022-06-30
AAPL,,,Assets,,hyperscaler,2022-06-25,Q2,2022-07-29T23:59:59+00:00,"filing date, end of day",336309000000.0,350662000000.0,-14353000000.0,same-quarter mean,measured,13,4389,2487076923.076923,-16840076923.076923,-0.048023672148898154,,,results/complex-quarterly/AAPL/2022-06-25
AMZN,,,Assets,,hyperscaler,2022-06-30,Q2,2022-07-29T23:59:59+00:00,"filing date, end of day",419728000000.0,410767000000.0,8961000000.0,same-quarter mean,measured,13,4389,8666769230.76923,294230769.2307701,0.0007162960248286014,,,results/complex-quarterly/AMZN/2022-06-30
EQIX,,,Assets,,data_center_reit,2022-06-30,Q2,2022-07-29T23:59:59+00:00,"filing date, end of day",29038214000.0,28023233000.0,1014981000.0,same-quarter mean,measured,12,4013,522906083.3333333,492074916.6666667,0.017559534143211337,,,results/complex-quarterly/EQIX/2022-06-30
FSLR,,,Assets,,fuel_and_nuclear,2022-06-30,Q2,2022-07-29T23:59:59+00:00,"filing date, end of day",7419369000.0,7399225000.0,20144000.0,same-quarter mean,measured,13,4015,190960230.76923078,-170816230.76923078,-0.023085692186577755,,,results/complex-quarterly/FSLR/2022-06-30
NVT,,,Assets,,buildout,2022-06-30,Q2,2022-07-29T23:59:59+00:00,"filing date, end of day",4765600000.0,4703600000.0,62000000.0,same-quarter mean,measured,4,1104,-110050000.0,172050000.0,0.036578365507271025,,,results/complex-quarterly/NVT/2022-06-30
WY,,,Assets,,data_center_reit,2022-06-30,Q2,2022-07-29T23:59:59+00:00,"filing date, end of day",17580000000.0,17116000000.0,464000000.0,same-quarter mean,measured,13,4372,762538461.5384616,-298538461.53846157,-0.01744206949862477,,,results/complex-quarterly/WY/2022-06-30
J,,,Assets,,buildout,2022-07-01,Q3,2022-08-01T23:59:59+00:00,"filing date, end of day",14722210000.0,15183292000.0,-461082000.0,same-quarter mean,measured,13,4387,47374846.15384615,-508456846.15384614,-0.0334879185721941,,,results/complex-quarterly/J/2022-07-01
ETN,,,Assets,,buildout,2022-06-30,Q2,2022-08-02T23:59:59+00:00,"filing date, end of day",35153000000.0,35208000000.0,-55000000.0,same-quarter mean,measured,9,2888,277000000.0,-332000000.0,-0.009429675073846852,,,results/complex-quarterly/ETN/2022-06-30
STRL,,,Assets,,buildout,2022-06-30,Q2,2022-08-02T23:59:59+00:00,"filing date, end of day",1353530000.0,1242733000.0,110797000.0,same-quarter mean,measured,11,3648,46169090.90909091,64627909.09090909,0.05200466157324952,,,results/complex-quarterly/STRL/2022-06-30
AMD,,,Assets,,compute_and_ai,2022-06-25,Q2,2022-08-03T23:59:59+00:00,"filing date, end of day",67502000000.0,66915000000.0,587000000.0,same-quarter mean,measured,12,4011,-120583333.33333333,707583333.3333334,0.010574360507111013,,,results/complex-quarterly/AMD/2022-06-25
EXC,,,Assets,,power,2022-06-30,Q2,2022-08-03T23:59:59+00:00,"filing date, end of day",92295000000.0,92698000000.0,-403000000.0,same-quarter mean,measured,13,4394,192923076.92307693,-595923076.9230769,-0.006428650854636312,,,results/complex-quarterly/EXC/2022-06-30
PPL,,,Assets,,power,2022-06-30,Q2,2022-08-03T23:59:59+00:00,"filing date, end of day",37062000000.0,34107000000.0,2955000000.0,same-quarter mean,measured,13,4363,-757615384.6153846,3712615384.6153846,0.10885200646833156,,,results/complex-quarterly/PPL/2022-06-30
VRT,,,Assets,,buildout,2022-06-30,Q2,2022-08-03T23:59:59+00:00,"filing date, end of day",6827100000.0,6911000000.0,-83900000.0,same-quarter mean,measured,4,1091,241209376.5,-325109376.5,-0.047042305961510635,,,results/complex-quarterly/VRT/2022-06-30
CEG,,,Assets,,power,2022-06-30,Q2,2022-08-04T23:59:59+00:00,"filing date, end of day",45333000000.0,46846000000.0,-1513000000.0,,missing,0,,,,,,,results/complex-quarterly/CEG/2022-06-30
DUK,,,Assets,,power,2022-06-30,Q2,2022-08-04T23:59:59+00:00,"filing date, end of day",172383000000.0,171220000000.0,1163000000.0,same-quarter mean,measured,13,4381,695923076.9230769,467076923.07692313,0.002727934371433963,,,results/complex-quarterly/DUK/2022-06-30
ETR,,,Assets,,power,2022-06-30,Q2,2022-08-04T23:59:59+00:00,"filing date, end of day",57827579000.0,59833526000.0,-2005947000.0,same-quarter mean,measured,13,4354,52805000.0,-2058752000.0,-0.03440800062493392,,,results/complex-quarterly/ETR/2022-06-30
IRM,,,Assets,,data_center_reit,2019-12-31,Q4,2022-08-04T23:59:59+00:00,"filing date, end of day",13816816000.0,13577167000.0,239649000.0,same-quarter mean,measured,10,3284,8072100.0,231576900.0,0.01705634908961494,,,results/complex-quarterly/IRM/2019-12-31
IRM,,,Assets,,data_center_reit,2022-03-31,Q1,2022-08-04T23:59:59+00:00,"filing date, end of day",15627976000.0,14450031000.0,1177945000.0,same-quarter mean,measured,12,4014,208993416.66666666,968951583.3333334,0.06705532903931717,,,results/complex-quarterly/IRM/2022-03-31
IRM,,,Assets,,data_center_reit,2022-06-30,Q2,2022-08-04T23:59:59+00:00,"filing date, end of day",15622319000.0,15627976000.0,-5657000.0,same-quarter mean,measured,12,3650,370066916.6666667,-375723916.6666667,-0.02404175157849402,,,results/complex-quarterly/IRM/2022-06-30
MTZ,,,Assets,,buildout,2022-06-30,Q2,2022-08-04T23:59:59+00:00,"filing date, end of day",7404686000.0,7087996000.0,316690000.0,same-quarter mean,measured,11,3655,257850272.72727272,58839727.27272728,0.008301320609200016,,,results/complex-quarterly/MTZ/2022-06-30
NRG,,,Assets,,power,2022-06-30,Q2,2022-08-04T23:59:59+00:00,"filing date, end of day",34335000000.0,29477000000.0,4858000000.0,same-quarter mean,measured,13,4363,-21461538.46153846,4879461538.461538,0.16553453670527998,,,results/complex-quarterly/NRG/2022-06-30
PWR,,,Assets,,buildout,2022-06-30,Q2,2022-08-04T23:59:59+00:00,"filing date, end of day",13049645000.0,13015101000.0,34544000.0,same-quarter mean,measured,13,4379,70000384.61538461,-35456384.61538461,-0.002724249670854234,,,results/complex-quarterly/PWR/2022-06-30
SBAC,,,Assets,,data_center_reit,2022-06-30,Q2,2022-08-04T23:59:59+00:00,"filing date, end of day",10011937000.0,10142100000.0,-130163000.0,same-quarter mean,measured,12,4019,252760916.66666666,-382923916.6666666,-0.03775588060329386,,,results/complex-quarterly/SBAC/2022-06-30
SRE,,,Assets,,power,2022-06-30,Q2,2022-08-04T23:59:59+00:00,"filing date, end of day",75582000000.0,74922000000.0,660000000.0,same-quarter mean,measured,11,3649,533090909.09090906,126909090.90909094,0.0016938828502855094,,,results/complex-quarterly/SRE/2022-06-30
CCI,,,Assets,,data_center_reit,2022-06-30,Q2,2022-08-05T23:59:59+00:00,"filing date, end of day",39013000000.0,39051000000.0,-38000000.0,same-quarter mean,measured,13,4361,354844000.0,-392844000.0,-0.010059767995697933,,,results/complex-quarterly/CCI/2022-06-30
DLR,,,Assets,,data_center_reit,2022-06-30,Q2,2022-08-05T23:59:59+00:00,"filing date, end of day",35956057000.0,36680542000.0,-724485000.0,same-quarter mean,measured,12,4012,272979500.0,-997464500.0,-0.027193286838564163,,,results/complex-quarterly/DLR/2022-06-30
LEU,,,Assets,,fuel_and_nuclear,2022-06-30,Q2,2022-08-05T23:59:59+00:00,"filing date, end of day",528700000.0,537600000.0,-8900000.0,same-quarter mean,measured,12,4026,14983333.333333334,-23883333.333333336,-0.044425843253968256,,,results/complex-quarterly/LEU/2022-06-30
VST,,,Assets,,power,2022-06-30,Q2,2022-08-05T23:59:59+00:00,"filing date, end of day",37468000000.0,32833000000.0,4635000000.0,same-quarter mean,measured,5,1462,2696400000.0,1938600000.0,0.05904425425638839,,,results/complex-quarterly/VST/2022-06-30
BWXT,,,Assets,,fuel_and_nuclear,2022-06-30,Q2,2022-08-08T23:59:59+00:00,"filing date, end of day",2705523000.0,2569107000.0,136416000.0,same-quarter mean,measured,11,3647,-65971727.27272727,202387727.27272728,0.07877746130181705,,,results/complex-quarterly/BWXT/2022-06-30
D,,,Assets,,power,2022-06-30,Q2,2022-08-08T23:59:59+00:00,"filing date, end of day",103678000000.0,100852000000.0,2826000000.0,same-quarter mean,measured,13,4389,638461538.4615384,2187538461.5384617,0.021690580866402864,,,results/complex-quarterly/D/2022-06-30
CIFR,,,Assets,,compute_and_ai,2022-06-30,Q2,2022-08-09T23:59:59+00:00,"filing date, end of day",341951000.0,357881000.0,-15930000.0,prior same-quarter,measured,1,0,-569925.0,-15360075.0,-0.042919503969196464,,,results/complex-quarterly/CIFR/2022-06-30
PLUG,,,Assets,,fuel_and_nuclear,2022-06-30,Q2,2022-08-09T23:59:59+00:00,"filing date, end of day",5734404000.0,5803805000.0,-69401000.0,same-quarter mean,measured,11,3868,38743082.18181818,-108144082.18181819,-0.018633307318529514,,,results/complex-quarterly/PLUG/2022-06-30
PRIM,,,Assets,,buildout,2022-06-30,Q2,2022-08-09T23:59:59+00:00,"filing date, end of day",2713830000.0,2597439000.0,116391000.0,same-quarter mean,measured,11,3652,66837000.0,49554000.0,0.01907802262151296,,,results/complex-quarterly/PRIM/2022-06-30
OKLO,,,Assets,,fuel_and_nuclear,2022-06-30,Q2,2022-08-12T23:59:59+00:00,"filing date, end of day",504703016.0,504494065.0,208951.0,,missing,0,,,,,,,results/complex-quarterly/OKLO/2022-06-30
SMR,,,Assets,,fuel_and_nuclear,2022-06-30,Q2,2022-08-12T23:59:59+00:00,"filing date, end of day",407231000.0,232994297.0,174236703.0,prior same-quarter,measured,1,0,-362547.0,174599250.0,0.7493713462008043,,,results/complex-quarterly/SMR/2022-06-30
WULF,,,Assets,,compute_and_ai,2022-06-30,Q2,2022-08-16T23:59:59+00:00,"filing date, end of day",319136000.0,272838000.0,46298000.0,same-quarter mean,measured,11,3653,-1326345.4545454546,47624345.45454545,0.1745517319968093,,,results/complex-quarterly/WULF/2022-06-30
CORZ,,,Assets,,compute_and_ai,2022-06-30,Q2,2022-08-22T23:59:59+00:00,"filing date, end of day",1845158000.0,2704048000.0,-858890000.0,prior same-quarter,measured,1,0,-136528.0,-858753472.0,-0.3175807056679467,,,results/complex-quarterly/CORZ/2022-06-30
DY,,,Assets,,buildout,2022-07-30,Q3,2022-08-25T23:59:59+00:00,"filing date, end of day",2206370000.0,2132112000.0,74258000.0,same-quarter mean,measured,10,2911,-11053100.0,85311100.0,0.04001248527281869,,,results/complex-quarterly/DY/2022-07-30
MRVL,,,Assets,,compute_and_ai,2022-07-30,Q3,2022-08-26T23:59:59+00:00,"filing date, end of day",22162100000.0,22038700000.0,123400000.0,prior same-quarter,measured,1,0,-391305000.0,514705000.0,0.02335459895547378,,,results/complex-quarterly/MRVL/2022-07-30
SMCI,,,Assets,,compute_and_ai,2021-06-30,Q2,2022-08-29T23:59:59+00:00,"filing date, end of day",2241964000.0,1998840000.0,243124000.0,same-quarter mean,measured,9,2907,66479666.666666664,176644333.33333334,0.08837342325215292,,,results/complex-quarterly/SMCI/2021-06-30
NVDA,,,Assets,,compute_and_ai,2022-07-31,Q3,2022-08-31T23:59:59+00:00,"filing date, end of day",43476000000.0,45212000000.0,-1736000000.0,same-quarter mean,measured,13,4383,887341153.8461539,-2623341153.8461537,-0.0580231167355161,,,results/complex-quarterly/NVDA/2022-07-31
AI,,,Assets,,compute_and_ai,2022-07-31,Q3,2022-09-01T23:59:59+00:00,"filing date, end of day",1137169000.0,1170882000.0,-33713000.0,prior same-quarter,measured,1,0,-4937000.0,-28776000.0,-0.024576345011709123,,,results/complex-quarterly/AI/2022-07-31
AGX,,,Assets,,buildout,2021-07-31,Q3,2022-09-08T23:59:59+00:00,"filing date, end of day",651989000.0,617972000.0,34017000.0,same-quarter mean,measured,10,3280,5089900.0,28927100.0,0.04680972600700355,,,results/complex-quarterly/AGX/2021-07-31
AVGO,,,Assets,,compute_and_ai,2022-07-31,Q3,2022-09-08T23:59:59+00:00,"filing date, end of day",71326000000.0,71719000000.0,-393000000.0,same-quarter mean,measured,4,1092,-1901750000.0,1508750000.0,0.02103696370557314,,,results/complex-quarterly/AVGO/2022-07-31
ORCL,,,Assets,,hyperscaler,2022-08-31,Q3,2022-09-13T23:59:59+00:00,"filing date, end of day",130309000000.0,109297000000.0,21012000000.0,same-quarter mean,measured,13,4375,636307692.3076923,20375692307.692307,0.18642499160720155,,,results/complex-quarterly/ORCL/2022-08-31
MU,,,Assets,,compute_and_ai,2021-09-02,Q3,2022-10-07T23:59:59+00:00,"filing date, end of day",58849000000.0,55943000000.0,2906000000.0,same-quarter mean,measured,11,3636,1596636363.6363637,1309363636.3636363,0.023405316775354134,,,results/complex-quarterly/MU/2021-09-02
APLD,,,Assets,,compute_and_ai,2022-08-31,Q3,2022-10-12T23:59:59+00:00,"filing date, end of day",145920000.0,119980000.0,25940000.0,,missing,0,,,,,,,results/complex-quarterly/APLD/2022-08-31
MSFT,,,Assets,,hyperscaler,2022-09-30,Q3,2022-10-25T23:59:59+00:00,"filing date, end of day",359784000000.0,364840000000.0,-5056000000.0,same-quarter mean,measured,13,4386,1109230769.2307692,-6165230769.230769,-0.016898450743423884,,,results/complex-quarterly/MSFT/2022-09-30
FIX,,,Assets,,buildout,2022-09-30,Q3,2022-10-26T23:59:59+00:00,"filing date, end of day",2549473000.0,2439622000.0,109851000.0,same-quarter mean,measured,11,3642,19354181.818181816,90496818.18181819,0.037094606534052485,,,results/complex-quarterly/FIX/2022-09-30
AEP,,,Assets,,power,2022-09-30,Q3,2022-10-27T23:59:59+00:00,"filing date, end of day",91249400000.0,90861300000.0,388100000.0,same-quarter mean,measured,13,4381,494546153.84615386,-106446153.84615386,-0.0011715235622443642,,,results/complex-quarterly/AEP/2022-09-30
AMT,,,Assets,,data_center_reit,2021-09-30,Q3,2022-10-27T23:59:59+00:00,"filing date, end of day",60530000000.0,58982900000.0,1547100000.0,same-quarter mean,measured,12,4375,428457083.3333333,1118642916.6666667,0.01896554622893528,,,results/complex-quarterly/AMT/2021-09-30
EME,,,Assets,,buildout,2022-09-30,Q3,2022-10-27T23:59:59+00:00,"filing date, end of day",5438729000.0,5146444000.0,292285000.0,same-quarter mean,measured,12,4013,107112750.0,185172250.0,0.03598062079369755,,,results/complex-quarterly/EME/2022-09-30
META,,,Assets,,hyperscaler,2022-09-30,Q3,2022-10-27T23:59:59+00:00,"filing date, end of day",178894000000.0,169779000000.0,9115000000.0,same-quarter mean,measured,10,3289,3056600000.0,6058400000.0,0.035684036306021356,,,results/complex-quarterly/META/2022-09-30
PCG,,,Assets,,power,2022-09-30,Q3,2022-10-27T23:59:59+00:00,"filing date, end of day",117012000000.0,113541000000.0,3471000000.0,same-quarter mean,measured,13,4386,-92000000.0,3563000000.0,0.03138073471257079,,,results/complex-quarterly/PCG/2022-09-30
SO,,,Assets,,power,2022-09-30,Q3,2022-10-27T23:59:59+00:00,"filing date, end of day",134005000000.0,130769000000.0,3236000000.0,same-quarter mean,measured,13,4381,2150649846.1538463,1085350153.8461537,0.008299751117207854,,,results/complex-quarterly/SO/2022-09-30
AAPL,,,Assets,,hyperscaler,2021-09-25,Q3,2022-10-28T23:59:59+00:00,"filing date, end of day",351002000000.0,329840000000.0,21162000000.0,same-quarter mean,measured,13,3656,12498230769.23077,8663769230.76923,0.026266581466072126,,,results/complex-quarterly/AAPL/2021-09-25
AMZN,,,Assets,,hyperscaler,2022-09-30,Q3,2022-10-28T23:59:59+00:00,"filing date, end of day",428362000000.0,419728000000.0,8634000000.0,same-quarter mean,measured,13,4389,8549076923.076923,84923076.92307663,0.00020232883420471504,,,results/complex-quarterly/AMZN/2022-09-30
FSLR,,,Assets,,fuel_and_nuclear,2022-09-30,Q3,2022-10-28T23:59:59+00:00,"filing date, end of day",7492817000.0,7419369000.0,73448000.0,same-quarter mean,measured,13,4022,251597461.53846154,-178149461.53846154,-0.024011403333418453,,,results/complex-quarterly/FSLR/2022-09-30
NVT,,,Assets,,buildout,2022-09-30,Q3,2022-10-28T23:59:59+00:00,"filing date, end of day",4875900000.0,4765600000.0,110300000.0,same-quarter mean,measured,4,1099,-38775000.0,149075000.0,0.03128147557495384,,,results/complex-quarterly/NVT/2022-09-30
WY,,,Assets,,data_center_reit,2022-09-30,Q3,2022-10-28T23:59:59+00:00,"filing date, end of day",17590000000.0,17580000000.0,10000000.0,same-quarter mean,measured,13,4375,-322000000.0,332000000.0,0.01888509670079636,,,results/complex-quarterly/WY/2022-09-30
VRT,,,Assets,,buildout,2022-09-30,Q3,2022-10-31T23:59:59+00:00,"filing date, end of day",6827000000.0,6827100000.0,-100000.0,same-quarter mean,measured,4,1091,-5728493.0,5628493.0,0.0008244339470639071,,,results/complex-quarterly/VRT/2022-09-30
EIX,,,Assets,,power,2022-09-30,Q3,2022-11-01T23:59:59+00:00,"filing date, end of day",76709000000.0,75045000000.0,1664000000.0,same-quarter mean,measured,13,4379,1343692307.6923077,320307692.3076923,0.0042682083057857595,,,results/complex-quarterly/EIX/2022-09-30
ETN,,,Assets,,buildout,2022-09-30,Q3,2022-11-01T23:59:59+00:00,"filing date, end of day",34364000000.0,35153000000.0,-789000000.0,same-quarter mean,measured,10,3275,-2038222365.2,1249222365.2,0.035536721338150376,,,results/complex-quarterly/ETN/2022-09-30
STRL,,,Assets,,buildout,2022-09-30,Q3,2022-11-01T23:59:59+00:00,"filing date, end of day",1503333000.0,1353530000.0,149803000.0,same-quarter mean,measured,11,3648,15165000.0,134638000.0,0.09947175164200277,,,results/complex-quarterly/STRL/2022-09-30
AMD,,,Assets,,compute_and_ai,2022-09-24,Q3,2022-11-02T23:59:59+00:00,"filing date, end of day",67811000000.0,67502000000.0,309000000.0,same-quarter mean,measured,13,4011,112076923.07692307,196923076.92307693,0.002917292479083241,,,results/complex-quarterly/AMD/2022-09-24
ETR,,,Assets,,power,2022-09-30,Q3,2022-11-03T23:59:59+00:00,"filing date, end of day",58975295000.0,57827579000.0,1147716000.0,same-quarter mean,measured,13,4382,739116307.6923077,408599692.3076923,0.007065827402314253,,,results/complex-quarterly/ETR/2022-09-30
EXC,,,Assets,,power,2022-09-30,Q3,2022-11-03T23:59:59+00:00,"filing date, end of day",93455000000.0,92295000000.0,1160000000.0,same-quarter mean,measured,12,4030,1839500000.0,-679500000.0,-0.007362262311067772,,,results/complex-quarterly/EXC/2022-09-30
IRM,,,Assets,,data_center_reit,2022-09-30,Q3,2022-11-03T23:59:59+00:00,"filing date, end of day",15694716000.0,15622319000.0,72397000.0,same-quarter mean,measured,13,4014,2015000.0,70382000.0,0.004505221023844155,,,results/complex-quarterly/IRM/2022-09-30
MTZ,,,Assets,,buildout,2022-09-30,Q3,2022-11-03T23:59:59+00:00,"filing date, end of day",7475663000.0,7404686000.0,70977000.0,same-quarter mean,measured,11,3654,103827818.18181819,-32850818.181818187,-0.004436490376744967,,,results/complex-quarterly/MTZ/2022-09-30
NEE,,,Assets,,power,2022-09-30,Q3,2022-11-03T23:59:59+00:00,"filing date, end of day",156409000000.0,151770000000.0,4639000000.0,same-quarter mean,measured,13,4378,2555846153.8461537,2083153846.1538463,0.01372572870892697,,,results/complex-quarterly/NEE/2022-09-30
SBAC,,,Assets,,data_center_reit,2022-09-30,Q3,2022-11-03T23:59:59+00:00,"filing date, end of day",9949014000.0,10011937000.0,-62923000.0,same-quarter mean,measured,12,4019,-35441833.333333336,-27481166.666666664,-0.0027448401509784434,,,results/complex-quarterly/SBAC/2022-09-30
SRE,,,Assets,,power,2022-09-30,Q3,2022-11-03T23:59:59+00:00,"filing date, end of day",75563000000.0,75582000000.0,-19000000.0,same-quarter mean,measured,11,3655,885909090.9090909,-904909090.9090909,-0.011972547576262746,,,results/complex-quarterly/SRE/2022-09-30
CCI,,,Assets,,data_center_reit,2022-09-30,Q3,2022-11-04T23:59:59+00:00,"filing date, end of day",38861000000.0,39013000000.0,-152000000.0,same-quarter mean,measured,13,4382,509988923.0769231,-661988923.0769231,-0.01696841881108664,,,results/complex-quarterly/CCI/2022-09-30
D,,,Assets,,power,2022-09-30,Q3,2022-11-04T23:59:59+00:00,"filing date, end of day",103535000000.0,103678000000.0,-143000000.0,same-quarter mean,measured,13,4386,1425384615.3846154,-1568384615.3846154,-0.015127458239786796,,,results/complex-quarterly/D/2022-09-30
DLR,,,Assets,,data_center_reit,2022-09-30,Q3,2022-11-04T23:59:59+00:00,"filing date, end of day",39215217000.0,35956057000.0,3259160000.0,same-quarter mean,measured,11,3651,1150320272.7272727,2108839727.2727273,0.058650472360546296,,,results/complex-quarterly/DLR/2022-09-30
DUK,,,Assets,,power,2022-09-30,Q3,2022-11-04T23:59:59+00:00,"filing date, end of day",176340000000.0,172383000000.0,3957000000.0,same-quarter mean,measured,13,4381,5894076923.076923,-1937076923.0769234,-0.011237053091528303,,,results/complex-quarterly/DUK/2022-09-30
EQIX,,,Assets,,data_center_reit,2022-09-30,Q3,2022-11-04T23:59:59+00:00,"filing date, end of day",29325866000.0,29038214000.0,287652000.0,same-quarter mean,measured,12,4024,47019000.0,240633000.0,0.008286769978346464,,,results/complex-quarterly/EQIX/2022-09-30
PPL,,,Assets,,power,2022-09-30,Q3,2022-11-04T23:59:59+00:00,"filing date, end of day",37378000000.0,37062000000.0,316000000.0,same-quarter mean,measured,13,4388,109769230.76923077,206230769.23076922,0.0055644803095021645,,,results/complex-quarterly/PPL/2022-09-30
PWR,,,Assets,,buildout,2022-09-30,Q3,2022-11-04T23:59:59+00:00,"filing date, end of day",13296646000.0,13049645000.0,247001000.0,same-quarter mean,measured,13,4378,392755769.2307692,-145754769.23076922,-0.011169251671656142,,,results/complex-quarterly/PWR/2022-09-30
SMCI,,,Assets,,compute_and_ai,2022-09-30,Q3,2022-11-04T23:59:59+00:00,"filing date, end of day",3301283000.0,3205077000.0,96206000.0,same-quarter mean,measured,10,3651,17383800.0,78822200.0,0.02459291929647868,,,results/complex-quarterly/SMCI/2022-09-30
VST,,,Assets,,power,2022-09-30,Q3,2022-11-04T23:59:59+00:00,"filing date, end of day",35175000000.0,37468000000.0,-2293000000.0,same-quarter mean,measured,5,1463,333200000.0,-2626200000.0,-0.07009181167929968,,,results/complex-quarterly/VST/2022-09-30
BWXT,,,Assets,,fuel_and_nuclear,2022-09-30,Q3,2022-11-07T23:59:59+00:00,"filing date, end of day",2672058000.0,2705523000.0,-33465000.0,same-quarter mean,measured,11,3647,28181636.363636363,-61646636.36363636,-0.022785478579792653,,,results/complex-quarterly/BWXT/2022-09-30
NRG,,,Assets,,power,2022-09-30,Q3,2022-11-07T23:59:59+00:00,"filing date, end of day",32243000000.0,34335000000.0,-2092000000.0,same-quarter mean,measured,13,4385,-183538461.53846154,-1908461538.4615386,-0.05558356017071614,,,results/complex-quarterly/NRG/2022-09-30
CEG,,,Assets,,power,2022-09-30,Q3,2022-11-08T23:59:59+00:00,"filing date, end of day",46616000000.0,45333000000.0,1283000000.0,,missing,0,,,,,,,results/complex-quarterly/CEG/2022-09-30
PLUG,,,Assets,,fuel_and_nuclear,2022-09-30,Q3,2022-11-08T23:59:59+00:00,"filing date, end of day",5858804000.0,5734404000.0,124400000.0,same-quarter mean,measured,11,3778,51457236.09090909,72942763.9090909,0.012720199677087785,,,results/complex-quarterly/PLUG/2022-09-30
PRIM,,,Assets,,buildout,2022-09-30,Q3,2022-11-08T23:59:59+00:00,"filing date, end of day",3454337000.0,2713830000.0,740507000.0,same-quarter mean,measured,11,3654,55951090.90909091,684555909.0909091,0.25224715958291755,,,results/complex-quarterly/PRIM/2022-09-30
ROK,,,Assets,,buildout,2020-09-30,Q3,2022-11-08T23:59:59+00:00,"filing date, end of day",7264700000.0,7329500000.0,-64800000.0,same-quarter mean,measured,11,3648,109800000.0,-174600000.0,-0.023821543079336926,,,results/complex-quarterly/ROK/2020-09-30
LEU,,,Assets,,fuel_and_nuclear,2022-09-30,Q3,2022-11-09T23:59:59+00:00,"filing date, end of day",618200000.0,528700000.0,89500000.0,same-quarter mean,measured,11,4027,-26600000.0,116100000.0,0.219595233591829,,,results/complex-quarterly/LEU/2022-09-30
OKLO,,,Assets,,fuel_and_nuclear,2022-09-30,Q3,2022-11-10T23:59:59+00:00,"filing date, end of day",506496560.0,504703016.0,1793544.0,prior same-quarter,measured,1,0,504023944.0,-502230400.0,-0.9951008495657573,,,results/complex-quarterly/OKLO/2022-09-30
CIFR,,,Assets,,compute_and_ai,2022-09-30,Q3,2022-11-14T23:59:59+00:00,"filing date, end of day",407493000.0,341951000.0,65542000.0,prior same-quarter,measured,1,0,211249228.0,-145707228.0,-0.42610557652997066,,,results/complex-quarterly/CIFR/2022-09-30
SMR,,,Assets,,fuel_and_nuclear,2022-09-30,Q3,2022-11-14T23:59:59+00:00,"filing date, end of day",404243000.0,407231000.0,-2988000.0,prior same-quarter,measured,1,0,-186516.0,-2801484.0,-0.006879348576115276,,,results/complex-quarterly/SMR/2022-09-30
WULF,,,Assets,,compute_and_ai,2022-09-30,Q3,2022-11-14T23:59:59+00:00,"filing date, end of day",309866000.0,319136000.0,-9270000.0,same-quarter mean,measured,11,3654,175827.81818181818,-9445827.818181818,-0.029598126874379006,,,results/complex-quarterly/WULF/2022-09-30
NVDA,,,Assets,,compute_and_ai,2022-10-30,Q4,2022-11-18T23:59:59+00:00,"filing date, end of day",40488000000.0,43476000000.0,-2988000000.0,same-quarter mean,measured,13,4386,701406846.1538461,-3689406846.1538463,-0.08486077022158998,,,results/complex-quarterly/NVDA/2022-10-30
J,,,Assets,,buildout,2021-10-01,Q4,2022-11-21T23:59:59+00:00,"filing date, end of day",14632609000.0,15209284000.0,-576675000.0,same-quarter mean,measured,14,4095,504884785.71428573,-1081559785.7142859,-0.07111181471226954,,,results/complex-quarterly/J/2021-10-01
CORZ,,,Assets,,compute_and_ai,2022-09-30,Q3,2022-11-22T23:59:59+00:00,"filing date, end of day",1404001000.0,1845158000.0,-441157000.0,prior same-quarter,measured,1,0,-533488.0,-440623512.0,-0.23879988163615257,,,results/complex-quarterly/CORZ/2022-09-30
DY,,,Assets,,buildout,2022-10-29,Q4,2022-11-23T23:59:59+00:00,"filing date, end of day",2305296000.0,2206370000.0,98926000.0,same-quarter mean,measured,11,3654,46825636.36363637,52100363.63636363,0.02361361133280621,,,results/complex-quarterly/DY/2022-10-29
MRVL,,,Assets,,compute_and_ai,2022-10-29,Q4,2022-12-02T23:59:59+00:00,"filing date, end of day",22522100000.0,22162100000.0,360000000.0,prior same-quarter,measured,1,0,1180210000.0,-820210000.0,-0.037009579417113,,,results/complex-quarterly/MRVL/2022-10-29
AGX,,,Assets,,buildout,2021-10-31,Q4,2022-12-07T23:59:59+00:00,"filing date, end of day",613153000.0,651989000.0,-38836000.0,same-quarter mean,measured,10,3281,24926100.0,-63762100.0,-0.09779628183911078,,,results/complex-quarterly/AGX/2021-10-31
AI,,,Assets,,compute_and_ai,2022-10-31,Q4,2022-12-08T23:59:59+00:00,"filing date, end of day",1100605000.0,1137169000.0,-36564000.0,prior same-quarter,measured,1,0,-26670000.0,-9894000.0,-0.00870055374355087,,,results/complex-quarterly/AI/2022-10-31
ORCL,,,Assets,,hyperscaler,2022-11-30,Q4,2022-12-13T23:59:59+00:00,"filing date, end of day",128469000000.0,130309000000.0,-1840000000.0,same-quarter mean,measured,13,4371,-2514000000.0,674000000.0,0.005172321175053143,,,results/complex-quarterly/ORCL/2022-11-30
AVGO,,,Assets,,compute_and_ai,2021-10-31,Q4,2022-12-16T23:59:59+00:00,"filing date, end of day",75570000000.0,75880000000.0,-310000000.0,same-quarter mean,measured,3,539,-1962333333.3333333,1652333333.3333333,0.021775610613248987,,,results/complex-quarterly/AVGO/2021-10-31
MU,,,Assets,,compute_and_ai,2022-12-01,Q4,2022-12-22T23:59:59+00:00,"filing date, end of day",67874000000.0,66283000000.0,1591000000.0,same-quarter mean,measured,13,4377,536769230.7692308,1054230769.2307692,0.015904994783440235,,,results/complex-quarterly/MU/2022-12-01
APLD,,,Assets,,compute_and_ai,2022-11-30,Q4,2023-01-10T23:59:59+00:00,"filing date, end of day",167443000.0,145920000.0,21523000.0,,missing,0,,,,,,,results/complex-quarterly/APLD/2022-11-30
MSFT,,,Assets,,hyperscaler,2022-12-31,Q4,2023-01-24T23:59:59+00:00,"filing date, end of day",364552000000.0,359784000000.0,4768000000.0,same-quarter mean,measured,13,4380,5280923076.923077,-512923076.9230766,-0.0014256417098122112,,,results/complex-quarterly/MSFT/2022-12-31
ROK,,,Assets,,buildout,2022-12-31,Q4,2023-01-26T23:59:59+00:00,"filing date, end of day",11149800000.0,10758700000.0,391100000.0,same-quarter mean,measured,13,4371,145215384.6153846,245884615.3846154,0.02285449128469196,,,results/complex-quarterly/ROK/2022-12-31
META,,,Assets,,hyperscaler,2021-12-31,Q4,2023-02-02T23:59:59+00:00,"filing date, end of day",165987000000.0,169585000000.0,-3598000000.0,same-quarter mean,measured,9,2925,6438000000.0,-10036000000.0,-0.059179762361057875,,,results/complex-quarterly/META/2021-12-31
AAPL,,,Assets,,hyperscaler,2022-12-31,Q4,2023-02-03T23:59:59+00:00,"filing date, end of day",346747000000.0,352755000000.0,-6008000000.0,same-quarter mean,measured,13,4386,17144384615.384615,-23152384615.384613,-0.06563304450790099,,,results/complex-quarterly/AAPL/2022-12-31
AMZN,,,Assets,,hyperscaler,2020-12-31,Q4,2023-02-03T23:59:59+00:00,"filing date, end of day",321195000000.0,282179000000.0,39016000000.0,same-quarter mean,measured,11,4025,11815636363.636364,27200363636.363636,0.09639400393496197,,,results/complex-quarterly/AMZN/2020-12-31
SMCI,,,Assets,,compute_and_ai,2022-12-31,Q4,2023-02-03T23:59:59+00:00,"filing date, end of day",3074942000.0,3301283000.0,-226341000.0,same-quarter mean,measured,10,3651,88174100.0,-314515100.0,-0.09527056601933248,,,results/complex-quarterly/SMCI/2022-12-31
J,,,Assets,,buildout,2022-12-30,Q4,2023-02-07T23:59:59+00:00,"filing date, end of day",14918173000.0,14660419000.0,257754000.0,same-quarter mean,measured,15,4381,432780800.0,-175026800.0,-0.011938731082651867,,,results/complex-quarterly/J/2022-12-30
EXC,,,Assets,,power,2021-12-31,Q4,2023-02-14T23:59:59+00:00,"filing date, end of day",133013000000.0,132621000000.0,392000000.0,same-quarter mean,measured,12,4158,546000000.0,-154000000.0,-0.001161203730932507,,,results/complex-quarterly/EXC/2021-12-31
SO,,,Assets,,power,2020-12-31,Q4,2023-02-16T23:59:59+00:00,"filing date, end of day",122935000000.0,123158000000.0,-223000000.0,same-quarter mean,measured,11,3646,1849910272.7272727,-2072910272.7272727,-0.016831308341539102,,,results/complex-quarterly/SO/2020-12-31
EQIX,,,Assets,,data_center_reit,2021-12-31,Q4,2023-02-17T23:59:59+00:00,"filing date, end of day",27918698000.0,27774131000.0,144567000.0,same-quarter mean,measured,11,3647,434968636.3636364,-290401636.3636364,-0.010455831592485698,,,results/complex-quarterly/EQIX/2021-12-31
NEE,,,Assets,,power,2020-12-31,Q4,2023-02-17T23:59:59+00:00,"filing date, end of day",127684000000.0,126382000000.0,1302000000.0,same-quarter mean,measured,11,4008,2129545454.5454545,-827545454.5454545,-0.006547969287916432,,,results/complex-quarterly/NEE/2020-12-31
PPL,,,Assets,,power,2021-12-31,Q4,2023-02-17T23:59:59+00:00,"filing date, end of day",33223000000.0,34171000000.0,-948000000.0,same-quarter mean,measured,12,4008,1068666666.6666666,-2016666666.6666665,-0.05901690517300245,,,results/complex-quarterly/PPL/2021-12-31
WY,,,Assets,,data_center_reit,2021-12-31,Q4,2023-02-17T23:59:59+00:00,"filing date, end of day",17652000000.0,18092000000.0,-440000000.0,same-quarter mean,measured,12,3649,-376666666.6666667,-63333333.33333331,-0.0035006264278870944,,,results/complex-quarterly/WY/2021-12-31
FIX,,,Assets,,buildout,2021-12-31,Q4,2023-02-22T23:59:59+00:00,"filing date, end of day",2209114000.0,1951334000.0,257780000.0,same-quarter mean,measured,10,3282,12859000.0,244921000.0,0.12551464792803282,,,results/complex-quarterly/FIX/2021-12-31
LEU,,,Assets,,fuel_and_nuclear,2021-12-31,Q4,2023-02-22T23:59:59+00:00,"filing date, end of day",572400000.0,487200000.0,85200000.0,same-quarter mean,measured,11,3649,-108245454.54545455,193445454.54545456,0.39705553067622035,,,results/complex-quarterly/LEU/2021-12-31
AMT,,,Assets,,data_center_reit,2021-12-31,Q4,2023-02-23T23:59:59+00:00,"filing date, end of day",69887900000.0,60530000000.0,9357900000.0,same-quarter mean,measured,12,4015,1376337416.6666667,7981562583.333333,0.13186126851698882,,,results/complex-quarterly/AMT/2021-12-31
BWXT,,,Assets,,fuel_and_nuclear,2021-12-31,Q4,2023-02-23T23:59:59+00:00,"filing date, end of day",2501380000.0,2489713000.0,11667000.0,same-quarter mean,measured,11,3281,53275545.45454545,-41608545.45454545,-0.016712185482642156,,,results/complex-quarterly/BWXT/2021-12-31
EIX,,,Assets,,power,2021-12-31,Q4,2023-02-23T23:59:59+00:00,"filing date, end of day",74745000000.0,73023000000.0,1722000000.0,same-quarter mean,measured,12,3648,-424500000.0,2146500000.0,0.029394848198512798,,,results/complex-quarterly/EIX/2021-12-31
EME,,,Assets,,buildout,2020-12-31,Q4,2023-02-23T23:59:59+00:00,"filing date, end of day",5063840000.0,4829985000.0,233855000.0,same-quarter mean,measured,10,3285,57576000.0,176279000.0,0.036496800714702016,,,results/complex-quarterly/EME/2020-12-31
ETN,,,Assets,,buildout,2020-12-31,Q4,2023-02-23T23:59:59+00:00,"filing date, end of day",31824000000.0,30985000000.0,839000000.0,same-quarter mean,measured,9,2919,3802469294.6666665,-2963469294.6666665,-0.09564206211607766,,,results/complex-quarterly/ETN/2020-12-31
IRM,,,Assets,,data_center_reit,2020-12-31,Q4,2023-02-23T23:59:59+00:00,"filing date, end of day",14149267000.0,13682660000.0,466607000.0,same-quarter mean,measured,11,3810,29124545.454545453,437482454.54545456,0.031973494521200886,,,results/complex-quarterly/IRM/2020-12-31
NRG,,,Assets,,power,2021-12-31,Q4,2023-02-23T23:59:59+00:00,"filing date, end of day",23182000000.0,27965000000.0,-4783000000.0,same-quarter mean,measured,12,4020,89083333.33333333,-4872083333.333333,-0.17422075213063948,,,results/complex-quarterly/NRG/2021-12-31
PCG,,,Assets,,power,2021-12-31,Q4,2023-02-23T23:59:59+00:00,"filing date, end of day",103327000000.0,103561000000.0,-234000000.0,same-quarter mean,measured,12,4011,1228333333.3333333,-1462333333.3333333,-0.014120502248272354,,,results/complex-quarterly/PCG/2021-12-31
PWR,,,Assets,,buildout,2021-12-31,Q4,2023-02-23T23:59:59+00:00,"filing date, end of day",12855189000.0,10675716000.0,2179473000.0,same-quarter mean,measured,12,4014,9826750.0,2169646250.0,0.20323191905816904,,,results/complex-quarterly/PWR/2021-12-31
CCI,,,Assets,,data_center_reit,2020-12-31,Q4,2023-02-24T23:59:59+00:00,"filing date, end of day",38768000000.0,38786000000.0,-18000000.0,same-quarter mean,measured,11,3658,1006221818.1818181,-1024221818.1818181,-0.026406997838957825,,,results/complex-quarterly/CCI/2020-12-31
NVDA,,,Assets,,compute_and_ai,2022-01-30,Q1,2023-02-24T23:59:59+00:00,"filing date, end of day",44187000000.0,40632000000.0,3555000000.0,same-quarter mean,measured,12,4020,686970750.0,2868029250.0,0.07058548065564088,,,results/complex-quarterly/NVDA/2022-01-30
AMD,,,Assets,,compute_and_ai,2021-12-25,Q4,2023-02-27T23:59:59+00:00,"filing date, end of day",12419000000.0,11153000000.0,1266000000.0,same-quarter mean,measured,12,3739,116500000.0,1149500000.0,0.1030664395229983,,,results/complex-quarterly/AMD/2021-12-25
DLR,,,Assets,,data_center_reit,2021-12-31,Q4,2023-02-27T23:59:59+00:00,"filing date, end of day",36369560000.0,35847646000.0,521914000.0,same-quarter mean,measured,11,3650,566740272.7272727,-44826272.72727275,-0.0012504662852136162,,,results/complex-quarterly/DLR/2021-12-31
DUK,,,Assets,,power,2020-12-31,Q4,2023-02-27T23:59:59+00:00,"filing date, end of day",162388000000.0,161409000000.0,979000000.0,same-quarter mean,measured,11,3649,1556545454.5454545,-577545454.5454545,-0.003578149016135745,,,results/complex-quarterly/DUK/2020-12-31
VRT,,,Assets,,buildout,2021-12-31,Q4,2023-02-27T23:59:59+00:00,"filing date, end of day",6939600000.0,5261700000.0,1677900000.0,same-quarter mean,measured,3,719,1418704276.6666667,259195723.33333325,0.04926083268398678,,,results/complex-quarterly/VRT/2021-12-31
FSLR,,,Assets,,fuel_and_nuclear,2021-12-31,Q4,2023-02-28T23:59:59+00:00,"filing date, end of day",7413746000.0,7268630000.0,145116000.0,same-quarter mean,measured,12,3653,20738083.333333332,124377916.66666667,0.017111603791452677,,,results/complex-quarterly/FSLR/2021-12-31
NVT,,,Assets,,buildout,2020-12-31,Q4,2023-02-28T23:59:59+00:00,"filing date, end of day",4366100000.0,4410600000.0,-44500000.0,same-quarter mean,measured,3,731,68333333.33333333,-112833333.33333333,-0.02558230928520685,,,results/complex-quarterly/NVT/2020-12-31
PRIM,,,Assets,,buildout,2021-12-31,Q4,2023-02-28T23:59:59+00:00,"filing date, end of day",2543327000.0,2597993000.0,-54666000.0,same-quarter mean,measured,10,3281,9098200.0,-63764200.0,-0.024543638108339785,,,results/complex-quarterly/PRIM/2021-12-31
SRE,,,Assets,,power,2021-12-31,Q4,2023-02-28T23:59:59+00:00,"filing date, end of day",72045000000.0,70472000000.0,1573000000.0,same-quarter mean,measured,11,3286,734272727.2727273,838727272.7272727,0.01190156761163686,,,results/complex-quarterly/SRE/2021-12-31
STRL,,,Assets,,buildout,2021-12-31,Q4,2023-02-28T23:59:59+00:00,"filing date, end of day",1234774000.0,1064317000.0,170457000.0,same-quarter mean,measured,10,3293,1698800.0,168758200.0,0.15856009064968427,,,results/complex-quarterly/STRL/2021-12-31
PLUG,,,Assets,,fuel_and_nuclear,2021-12-31,Q4,2023-03-01T23:59:59+00:00,"filing date, end of day",5950076000.0,5740100000.0,209976000.0,same-quarter mean,measured,10,3269,115616208.8,94359791.2,0.016438701625407223,,,results/complex-quarterly/PLUG/2021-12-31
SBAC,,,Assets,,data_center_reit,2021-12-31,Q4,2023-03-01T23:59:59+00:00,"filing date, end of day",9801699000.0,9668082000.0,133617000.0,same-quarter mean,measured,11,3655,26171909.09090909,107445090.9090909,0.011113382251938999,,,results/complex-quarterly/SBAC/2021-12-31
VST,,,Assets,,power,2021-12-31,Q4,2023-03-01T23:59:59+00:00,"filing date, end of day",29683000000.0,29932000000.0,-249000000.0,same-quarter mean,measured,4,1093,-95500000.0,-153500000.0,-0.005128290792462916,,,results/complex-quarterly/VST/2021-12-31
AI,,,Assets,,compute_and_ai,2023-01-31,Q1,2023-03-03T23:59:59+00:00,"filing date, end of day",1095213000.0,1100605000.0,-5392000.0,same-quarter mean,measured,2,366,451051500.0,-456443500.0,-0.41472054006659975,,,results/complex-quarterly/AI/2023-01-31
DY,,,Assets,,buildout,2022-01-29,Q1,2023-03-03T23:59:59+00:00,"filing date, end of day",2118224000.0,2204695000.0,-86471000.0,same-quarter mean,measured,10,3654,-32555900.0,-53915100.0,-0.024454675136470126,,,results/complex-quarterly/DY/2022-01-29
AVGO,,,Assets,,compute_and_ai,2023-01-29,Q1,2023-03-08T23:59:59+00:00,"filing date, end of day",72976000000.0,73249000000.0,-273000000.0,same-quarter mean,measured,4,1091,8548000000.0,-8821000000.0,-0.12042485221641251,,,results/complex-quarterly/AVGO/2023-01-29
MRVL,,,Assets,,compute_and_ai,2022-01-29,Q1,2023-03-09T23:59:59+00:00,"filing date, end of day",22108600000.0,22018842000.0,89758000.0,,missing,0,,,,,,,results/complex-quarterly/MRVL/2022-01-29
ORCL,,,Assets,,hyperscaler,2023-02-28,Q1,2023-03-10T23:59:59+00:00,"filing date, end of day",131620000000.0,128469000000.0,3151000000.0,same-quarter mean,measured,13,4365,608461538.4615384,2542538461.5384617,0.019791066027901375,,,results/complex-quarterly/ORCL/2023-02-28
CIFR,,,Assets,,compute_and_ai,2021-12-31,Q4,2023-03-14T23:59:59+00:00,"filing date, end of day",354167000.0,381657134.0,-27490134.0,prior same-quarter,measured,1,0,171319653.0,-198809787.0,-0.5209120157570538,,,results/complex-quarterly/CIFR/2021-12-31
MTZ,,,Assets,,buildout,2020-12-31,Q4,2023-03-16T23:59:59+00:00,"filing date, end of day",5227900000.0,5201749000.0,26151000.0,same-quarter mean,measured,9,2924,-37439555.55555555,63590555.55555555,0.012224841213129575,,,results/complex-quarterly/MTZ/2020-12-31
SMR,,,Assets,,fuel_and_nuclear,2021-12-31,Q4,2023-03-16T23:59:59+00:00,"filing date, end of day",121197000.0,233615163.0,-112418163.0,prior same-quarter,measured,1,0,233957804.0,-346375967.0,-1.482677590580882,,,results/complex-quarterly/SMR/2021-12-31
MU,,,Assets,,compute_and_ai,2023-03-02,Q1,2023-03-29T23:59:59+00:00,"filing date, end of day",66520000000.0,67874000000.0,-1354000000.0,same-quarter mean,measured,12,4005,1371500000.0,-2725500000.0,-0.04015528773904588,,,results/complex-quarterly/MU/2023-03-02
OKLO,,,Assets,,fuel_and_nuclear,2021-12-31,Q4,2023-03-31T23:59:59+00:00,"filing date, end of day",504719054.0,504945944.0,-226890.0,,missing,0,,,,,,,results/complex-quarterly/OKLO/2021-12-31
WULF,,,Assets,,compute_and_ai,2021-12-31,Q4,2023-03-31T23:59:59+00:00,"filing date, end of day",264911000.0,12380206.0,252530794.0,same-quarter mean,measured,10,3177,-227870.5,252758664.5,20.416353693953074,,,results/complex-quarterly/WULF/2021-12-31
CORZ,,,Assets,,compute_and_ai,2021-12-31,Q4,2023-04-04T23:59:59+00:00,"filing date, end of day",2438864000.0,347072608.0,2091791392.0,,missing,0,,,,,,,results/complex-quarterly/CORZ/2021-12-31
APLD,,,Assets,,compute_and_ai,2023-02-28,Q1,2023-04-06T23:59:59+00:00,"filing date, end of day",207607000.0,167443000.0,40164000.0,prior same-quarter,measured,1,0,48442000.0,-8278000.0,-0.04943771910441165,,,results/complex-quarterly/APLD/2023-02-28
AGX,,,Assets,,buildout,2021-01-31,Q1,2023-04-17T23:59:59+00:00,"filing date, end of day",602630000.0,595500000.0,7130000.0,same-quarter mean,measured,9,2920,6289555.555555556,840444.444444444,0.0014113256833659848,,,results/complex-quarterly/AGX/2021-01-31
NBIS,,,Assets,,compute_and_ai,2022-12-31,Q4,2023-04-20T23:59:59+00:00,"filing date, end of day",8768000000.0,6938700000.0,1829300000.0,same-quarter mean,measured,10,3298,588030000.0,1241270000.0,0.17889085851816622,,,results/complex-quarterly/NBIS/2022-12-31
MSFT,,,Assets,,hyperscaler,2023-03-31,Q1,2023-04-25T23:59:59+00:00,"filing date, end of day",380088000000.0,364552000000.0,15536000000.0,same-quarter mean,measured,13,4387,2580307692.3076925,12955692307.692307,0.03553866748143559,,,results/complex-quarterly/MSFT/2023-03-31
AMT,,,Assets,,data_center_reit,2022-03-31,Q1,2023-04-26T23:59:59+00:00,"filing date, end of day",69763500000.0,69887900000.0,-124400000.0,same-quarter mean,measured,12,4374,1024393416.6666666,-1148793416.6666665,-0.016437658259393494,,,results/complex-quarterly/AMT/2022-03-31
FIX,,,Assets,,buildout,2023-03-31,Q1,2023-04-26T23:59:59+00:00,"filing date, end of day",2839471000.0,2597478000.0,241993000.0,same-quarter mean,measured,11,3647,16408636.363636363,225584363.63636363,0.0868474588182705,,,results/complex-quarterly/FIX/2023-03-31
NEE,,,Assets,,power,2023-03-31,Q1,2023-04-26T23:59:59+00:00,"filing date, end of day",165357000000.0,158935000000.0,6422000000.0,same-quarter mean,measured,13,4372,1699307692.3076923,4722692307.692307,0.02971461482802597,,,results/complex-quarterly/NEE/2023-03-31
EME,,,Assets,,buildout,2023-03-31,Q1,2023-04-27T23:59:59+00:00,"filing date, end of day",5640910000.0,5524607000.0,116303000.0,same-quarter mean,measured,12,4018,-45069583.333333336,161372583.33333334,0.0292097851183502,,,results/complex-quarterly/EME/2023-03-31
FSLR,,,Assets,,fuel_and_nuclear,2023-03-31,Q1,2023-04-27T23:59:59+00:00,"filing date, end of day",8564596000.0,8251228000.0,313368000.0,same-quarter mean,measured,13,4012,-66346153.84615385,379714153.84615386,0.046019108167433244,,,results/complex-quarterly/FSLR/2023-03-31
META,,,Assets,,hyperscaler,2023-03-31,Q1,2023-04-27T23:59:59+00:00,"filing date, end of day",184491000000.0,185727000000.0,-1236000000.0,same-quarter mean,measured,10,3283,3383900000.0,-4619900000.0,-0.024874681656409676,,,results/complex-quarterly/META/2023-03-31
ROK,,,Assets,,buildout,2023-03-31,Q1,2023-04-27T23:59:59+00:00,"filing date, end of day",11469100000.0,11149800000.0,319300000.0,same-quarter mean,measured,13,4381,28969230.769230768,290330769.2307692,0.026039101080805864,,,results/complex-quarterly/ROK/2023-03-31
SO,,,Assets,,power,2023-03-31,Q1,2023-04-27T23:59:59+00:00,"filing date, end of day",134756000000.0,134891000000.0,-135000000.0,same-quarter mean,measured,13,4374,395618846.15384614,-530618846.15384614,-0.003933686058772239,,,results/complex-quarterly/SO/2023-03-31
AMZN,,,Assets,,hyperscaler,2023-03-31,Q1,2023-04-28T23:59:59+00:00,"filing date, end of day",464378000000.0,462675000000.0,1703000000.0,same-quarter mean,measured,13,4389,-2191076923.076923,3894076923.076923,0.008416441180260276,,,results/complex-quarterly/AMZN/2023-03-31
NVT,,,Assets,,buildout,2023-03-31,Q1,2023-04-28T23:59:59+00:00,"filing date, end of day",4916400000.0,4902200000.0,14200000.0,same-quarter mean,measured,5,1452,129860000.0,-115660000.0,-0.023593488637754477,,,results/complex-quarterly/NVT/2023-03-31
VRT,,,Assets,,buildout,2023-03-31,Q1,2023-04-28T23:59:59+00:00,"filing date, end of day",7255400000.0,7095700000.0,159700000.0,same-quarter mean,measured,4,1090,8759659.0,150940341.0,0.02127208605211607,,,results/complex-quarterly/VRT/2023-03-31
WY,,,Assets,,data_center_reit,2023-03-31,Q1,2023-04-28T23:59:59+00:00,"filing date, end of day",16580000000.0,17340000000.0,-760000000.0,same-quarter mean,measured,12,4375,-28833333.333333332,-731166666.6666666,-0.04216647443291042,,,results/complex-quarterly/WY/2023-03-31
EIX,,,Assets,,power,2023-03-31,Q1,2023-05-02T23:59:59+00:00,"filing date, end of day",78854000000.0,78041000000.0,813000000.0,same-quarter mean,measured,13,4379,775384615.3846154,37615384.61538458,0.00048199516427755384,,,results/complex-quarterly/EIX/2023-03-31
ETN,,,Assets,,buildout,2023-03-31,Q1,2023-05-02T23:59:59+00:00,"filing date, end of day",35517000000.0,35014000000.0,503000000.0,same-quarter mean,measured,10,3287,88500000.0,414500000.0,0.011838121894099503,,,results/complex-quarterly/ETN/2023-03-31
STRL,,,Assets,,buildout,2023-03-31,Q1,2023-05-02T23:59:59+00:00,"filing date, end of day",1431128000.0,1441620000.0,-10492000.0,same-quarter mean,measured,11,3646,1225636.3636363635,-11717636.363636363,-0.008128103358469196,,,results/complex-quarterly/STRL/2023-03-31
AMD,,,Assets,,compute_and_ai,2023-04-01,Q2,2023-05-03T23:59:59+00:00,"filing date, end of day",67634000000.0,67580000000.0,54000000.0,same-quarter mean,measured,13,4382,-66153846.15384615,120153846.15384614,0.0017779497803173446,,,results/complex-quarterly/AMD/2023-04-01
CCI,,,Assets,,data_center_reit,2023-03-31,Q1,2023-05-03T23:59:59+00:00,"filing date, end of day",39054000000.0,38921000000.0,133000000.0,same-quarter mean,measured,13,4372,489231538.46153843,-356231538.46153843,-0.009152682060109926,,,results/complex-quarterly/CCI/2023-03-31
EXC,,,Assets,,power,2023-03-31,Q1,2023-05-03T23:59:59+00:00,"filing date, end of day",96925000000.0,95349000000.0,1576000000.0,same-quarter mean,measured,13,4399,1027307692.3076923,548692307.6923077,0.00575456803629097,,,results/complex-quarterly/EXC/2023-03-31
AEP,,,Assets,,power,2023-03-31,Q1,2023-05-04T23:59:59+00:00,"filing date, end of day",94517900000.0,93403300000.0,1114600000.0,same-quarter mean,measured,13,4381,887715384.6153846,226884615.38461542,0.0024290856467021555,,,results/complex-quarterly/AEP/2023-03-31
CEG,,,Assets,,power,2023-03-31,Q1,2023-05-04T23:59:59+00:00,"filing date, end of day",46158000000.0,46909000000.0,-751000000.0,prior same-quarter,measured,1,0,-1240000000.0,489000000.0,0.010424438807051952,,,results/complex-quarterly/CEG/2023-03-31
DLR,,,Assets,,data_center_reit,2023-03-31,Q1,2023-05-04T23:59:59+00:00,"filing date, end of day",41953067000.0,41484998000.0,468069000.0,same-quarter mean,measured,11,3651,931831727.2727273,-463762727.27272725,-0.011179046634465964,,,results/complex-quarterly/DLR/2023-03-31
ETR,,,Assets,,power,2023-03-31,Q1,2023-05-04T23:59:59+00:00,"filing date, end of day",59203276000.0,58595191000.0,608085000.0,same-quarter mean,measured,13,4381,381278230.7692308,226806769.23076922,0.003870740334830024,,,results/complex-quarterly/ETR/2023-03-31
IRM,,,Assets,,data_center_reit,2023-03-31,Q1,2023-05-04T23:59:59+00:00,"filing date, end of day",16465709000.0,16140514000.0,325195000.0,same-quarter mean,measured,13,4469,283528153.84615386,41666846.153846145,0.0025815067694774864,,,results/complex-quarterly/IRM/2023-03-31
MTZ,,,Assets,,buildout,2023-03-31,Q1,2023-05-04T23:59:59+00:00,"filing date, end of day",9055336000.0,9293300000.0,-237964000.0,same-quarter mean,measured,11,3654,59671818.18181818,-297635818.1818182,-0.03202692457811737,,,results/complex-quarterly/MTZ/2023-03-31
NRG,,,Assets,,power,2023-03-31,Q1,2023-05-04T23:59:59+00:00,"filing date, end of day",29696000000.0,29146000000.0,550000000.0,same-quarter mean,measured,13,4379,849846153.8461539,-299846153.84615386,-0.010287729151381111,,,results/complex-quarterly/NRG/2023-03-31
PCG,,,Assets,,power,2023-03-31,Q1,2023-05-04T23:59:59+00:00,"filing date, end of day",119612000000.0,118644000000.0,968000000.0,same-quarter mean,measured,13,4374,992000000.0,-24000000.0,-0.00020228582987761708,,,results/complex-quarterly/PCG/2023-03-31
PPL,,,Assets,,power,2023-03-31,Q1,2023-05-04T23:59:59+00:00,"filing date, end of day",38302000000.0,37837000000.0,465000000.0,same-quarter mean,measured,13,4382,711384615.3846154,-246384615.38461542,-0.006511737595068727,,,results/complex-quarterly/PPL/2023-03-31
PWR,,,Assets,,buildout,2023-03-31,Q1,2023-05-04T23:59:59+00:00,"filing date, end of day",14039135000.0,13464337000.0,574798000.0,same-quarter mean,measured,13,4378,87978307.6923077,486819692.3076923,0.03615623200070618,,,results/complex-quarterly/PWR/2023-03-31
SRE,,,Assets,,power,2023-03-31,Q1,2023-05-04T23:59:59+00:00,"filing date, end of day",80549000000.0,78574000000.0,1975000000.0,same-quarter mean,measured,12,4014,1762583333.3333333,212416666.66666675,0.0027033963736944376,,,results/complex-quarterly/SRE/2023-03-31
AAPL,,,Assets,,hyperscaler,2023-04-01,Q2,2023-05-05T23:59:59+00:00,"filing date, end of day",332160000000.0,346747000000.0,-14587000000.0,same-quarter mean,measured,14,4755,1284214285.7142856,-15871214285.714285,-0.04577174218007448,,,results/complex-quarterly/AAPL/2023-04-01
EQIX,,,Assets,,data_center_reit,2023-03-31,Q1,2023-05-05T23:59:59+00:00,"filing date, end of day",31274198000.0,30310742000.0,963456000.0,same-quarter mean,measured,12,4018,1101396666.6666667,-137940666.66666675,-0.004550883863769047,,,results/complex-quarterly/EQIX/2023-03-31
SMCI,,,Assets,,compute_and_ai,2023-03-31,Q1,2023-05-05T23:59:59+00:00,"filing date, end of day",3192604000.0,3074942000.0,117662000.0,same-quarter mean,measured,10,3651,70953700.0,46708300.0,0.01518997756705655,,,results/complex-quarterly/SMCI/2023-03-31
BWXT,,,Assets,,fuel_and_nuclear,2023-03-31,Q1,2023-05-08T23:59:59+00:00,"filing date, end of day",2718908000.0,2618939000.0,99969000.0,same-quarter mean,measured,11,3652,-19705363.636363637,119674363.63636364,0.04569574306097379,,,results/complex-quarterly/BWXT/2023-03-31
CIFR,,,Assets,,compute_and_ai,2023-03-31,Q1,2023-05-09T23:59:59+00:00,"filing date, end of day",412685000.0,418463000.0,-5778000.0,same-quarter mean,measured,3,109,1030251.3333333334,-6808251.333333333,-0.01626966143561876,,,results/complex-quarterly/CIFR/2023-03-31
DUK,,,Assets,,power,2023-03-31,Q1,2023-05-09T23:59:59+00:00,"filing date, end of day",178833000000.0,178086000000.0,747000000.0,same-quarter mean,measured,12,4018,982666666.6666666,-235666666.66666663,-0.0013233306754414532,,,results/complex-quarterly/DUK/2023-03-31
J,,,Assets,,buildout,2023-03-31,Q1,2023-05-09T23:59:59+00:00,"filing date, end of day",15002631000.0,14918173000.0,84458000.0,same-quarter mean,measured,11,4030,85449545.45454545,-991545.4545454532,-6.646560906254762e-05,,,results/complex-quarterly/J/2023-03-31
LEU,,,Assets,,fuel_and_nuclear,2023-03-31,Q1,2023-05-09T23:59:59+00:00,"filing date, end of day",689000000.0,705500000.0,-16500000.0,same-quarter mean,measured,12,4020,-148016666.66666666,131516666.66666666,0.18641625324828726,,,results/complex-quarterly/LEU/2023-03-31
PLUG,,,Assets,,fuel_and_nuclear,2023-03-31,Q1,2023-05-09T23:59:59+00:00,"filing date, end of day",5654093000.0,5764276000.0,-110183000.0,same-quarter mean,measured,11,3646,307844226.0,-418027226.0,-0.07252033490415795,,,results/complex-quarterly/PLUG/2023-03-31
SBAC,,,Assets,,data_center_reit,2023-03-31,Q1,2023-05-09T23:59:59+00:00,"filing date, end of day",10541529000.0,10585041000.0,-43512000.0,same-quarter mean,measured,12,4011,316593083.3333333,-360105083.3333333,-0.03402018786071148,,,results/complex-quarterly/SBAC/2023-03-31
SMR,,,Assets,,fuel_and_nuclear,2023-03-31,Q1,2023-05-09T23:59:59+00:00,"filing date, end of day",332390000.0,348635000.0,-16245000.0,same-quarter mean,measured,2,343,55758057.0,-72003057.0,-0.20652848107619717,,,results/complex-quarterly/SMR/2023-03-31
VST,,,Assets,,power,2023-03-31,Q1,2023-05-09T23:59:59+00:00,"filing date, end of day",31117000000.0,32787000000.0,-1670000000.0,same-quarter mean,measured,6,1814,524833333.3333333,-2194833333.3333335,-0.06694218236902838,,,results/complex-quarterly/VST/2023-03-31
PRIM,,,Assets,,buildout,2023-03-31,Q1,2023-05-10T23:59:59+00:00,"filing date, end of day",3522720000.0,3544020000.0,-21300000.0,same-quarter mean,measured,11,3653,46021636.36363637,-67321636.36363637,-0.018995839855202954,,,results/complex-quarterly/PRIM/2023-03-31
CORZ,,,Assets,,compute_and_ai,2023-03-31,Q1,2023-05-15T23:59:59+00:00,"filing date, end of day",760019000.0,807686000.0,-47667000.0,same-quarter mean,measured,2,353,306455812.0,-354122812.0,-0.4384411912550174,,,results/complex-quarterly/CORZ/2023-03-31
OKLO,,,Assets,,fuel_and_nuclear,2023-03-31,Q1,2023-05-15T23:59:59+00:00,"filing date, end of day",514676646.0,510138267.0,4538379.0,prior same-quarter,measured,1,0,-224989.0,4763368.0,0.009337405774344703,,,results/complex-quarterly/OKLO/2023-03-31
WULF,,,Assets,,compute_and_ai,2023-03-31,Q1,2023-05-15T23:59:59+00:00,"filing date, end of day",316781000.0,317687000.0,-906000.0,same-quarter mean,measured,11,3654,2009061.2727272727,-2915061.2727272725,-0.009175890964147958,,,results/complex-quarterly/WULF/2023-03-31
DY,,,Assets,,buildout,2023-04-29,Q2,2023-05-25T23:59:59+00:00,"filing date, end of day",2311718000.0,2313254000.0,-1536000.0,same-quarter mean,measured,11,3654,128621454.54545455,-130157454.54545455,-0.05626595892429216,,,results/complex-quarterly/DY/2023-04-29
AEP,,,Assets,,power,2021-12-31,Q4,2023-05-26T23:59:59+00:00,"filing date, end of day",87668700000.0,86337100000.0,1331600000.0,same-quarter mean,measured,12,4017,1239541666.6666667,92058333.33333325,0.0010662662208173919,,,results/complex-quarterly/AEP/2021-12-31
MRVL,,,Assets,,compute_and_ai,2023-04-29,Q2,2023-05-26T23:59:59+00:00,"filing date, end of day",22273200000.0,22522100000.0,-248900000.0,same-quarter mean,measured,2,352,5197556500.0,-5446456500.0,-0.241827205278371,,,results/complex-quarterly/MRVL/2023-04-29
NVDA,,,Assets,,compute_and_ai,2023-04-30,Q2,2023-05-26T23:59:59+00:00,"filing date, end of day",44460000000.0,41182000000.0,3278000000.0,same-quarter mean,measured,13,4389,723761538.4615384,2554238461.5384617,0.062023176667924375,,,results/complex-quarterly/NVDA/2023-04-30
AVGO,,,Assets,,compute_and_ai,2023-04-30,Q2,2023-06-07T23:59:59+00:00,"filing date, end of day",71667000000.0,72976000000.0,-1309000000.0,same-quarter mean,measured,5,1456,-617400000.0,-691600000.0,-0.009477088357816268,,,results/complex-quarterly/AVGO/2023-04-30
AGX,,,Assets,,buildout,2022-04-30,Q2,2023-06-08T23:59:59+00:00,"filing date, end of day",492810000.0,553585000.0,-60775000.0,same-quarter mean,measured,10,3288,12353400.0,-73128400.0,-0.13209967755629218,,,results/complex-quarterly/AGX/2022-04-30
ORCL,,,Assets,,hyperscaler,2022-05-31,Q2,2023-06-20T23:59:59+00:00,"filing date, end of day",109297000000.0,108644000000.0,653000000.0,same-quarter mean,measured,12,4011,6477333333.333333,-5824333333.333333,-0.05360934182590233,,,results/complex-quarterly/ORCL/2022-05-31
AI,,,Assets,,compute_and_ai,2022-04-30,Q2,2023-06-22T23:59:59+00:00,"filing date, end of day",1170882000.0,1187507000.0,-16625000.0,prior same-quarter,measured,1,0,11903000.0,-28528000.0,-0.024023437335527285,,,results/complex-quarterly/AI/2022-04-30
MU,,,Assets,,compute_and_ai,2023-06-01,Q2,2023-06-29T23:59:59+00:00,"filing date, end of day",65680000000.0,66520000000.0,-840000000.0,same-quarter mean,measured,12,4007,827666666.6666666,-1667666666.6666665,-0.025070154339547002,,,results/complex-quarterly/MU/2023-06-01
FIX,,,Assets,,buildout,2023-06-30,Q2,2023-07-26T23:59:59+00:00,"filing date, end of day",2915117000.0,2839471000.0,75646000.0,same-quarter mean,measured,12,4012,84986750.0,-9340750.0,-0.0032896092265073318,,,results/complex-quarterly/FIX/2023-06-30
NEE,,,Assets,,power,2023-06-30,Q2,2023-07-26T23:59:59+00:00,"filing date, end of day",168275000000.0,165357000000.0,2918000000.0,same-quarter mean,measured,14,4744,1796857142.857143,1121142857.142857,0.00678013544720125,,,results/complex-quarterly/NEE/2023-06-30
AEP,,,Assets,,power,2023-06-30,Q2,2023-07-27T23:59:59+00:00,"filing date, end of day",96002100000.0,94517900000.0,1484200000.0,same-quarter mean,measured,14,4740,823628571.4285715,660571428.5714285,0.006988850033395035,,,results/complex-quarterly/AEP/2023-06-30
AMT,,,Assets,,data_center_reit,2022-06-30,Q2,2023-07-27T23:59:59+00:00,"filing date, end of day",68116800000.0,69763500000.0,-1646700000.0,same-quarter mean,measured,13,4739,1293921538.4615386,-2940621538.4615383,-0.04215129026584873,,,results/complex-quarterly/AMT/2022-06-30
EIX,,,Assets,,power,2023-06-30,Q2,2023-07-27T23:59:59+00:00,"filing date, end of day",79551000000.0,78854000000.0,697000000.0,same-quarter mean,measured,14,4738,446714285.71428573,250285714.28571427,0.0031740395450543316,,,results/complex-quarterly/EIX/2023-06-30
EME,,,Assets,,buildout,2023-06-30,Q2,2023-07-27T23:59:59+00:00,"filing date, end of day",5907669000.0,5640910000.0,266759000.0,same-quarter mean,measured,13,4382,35819153.84615385,230939846.15384614,0.040940175637236925,,,results/complex-quarterly/EME/2023-06-30
FSLR,,,Assets,,fuel_and_nuclear,2023-06-30,Q2,2023-07-27T23:59:59+00:00,"filing date, end of day",8997166000.0,8564596000.0,432570000.0,same-quarter mean,measured,14,4379,178759071.42857143,253810928.57142857,0.029634897964997832,,,results/complex-quarterly/FSLR/2023-06-30
META,,,Assets,,hyperscaler,2023-06-30,Q2,2023-07-27T23:59:59+00:00,"filing date, end of day",206688000000.0,184491000000.0,22197000000.0,same-quarter mean,measured,11,3649,4063545454.5454545,18133454545.454544,0.09828910106972451,,,results/complex-quarterly/META/2023-06-30
MSFT,,,Assets,,hyperscaler,2022-06-30,Q2,2023-07-27T23:59:59+00:00,"filing date, end of day",364840000000.0,344607000000.0,20233000000.0,same-quarter mean,measured,12,4018,12508583333.333334,7724416666.666666,0.022415147303063102,,,results/complex-quarterly/MSFT/2022-06-30
PCG,,,Assets,,power,2023-06-30,Q2,2023-07-27T23:59:59+00:00,"filing date, end of day",120705000000.0,119612000000.0,1093000000.0,same-quarter mean,measured,14,4740,3319642857.142857,-2226642857.142857,-0.018615547412825277,,,results/complex-quarterly/PCG/2023-06-30
NVT,,,Assets,,buildout,2023-06-30,Q2,2023-07-28T23:59:59+00:00,"filing date, end of day",5922100000.0,4916400000.0,1005700000.0,same-quarter mean,measured,5,1464,-75640000.0,1081340000.0,0.21994548856887153,,,results/complex-quarterly/NVT/2023-06-30
WY,,,Assets,,data_center_reit,2023-06-30,Q2,2023-07-28T23:59:59+00:00,"filing date, end of day",17470000000.0,16580000000.0,890000000.0,same-quarter mean,measured,14,4736,741214285.7142857,148785714.28571427,0.008973806651731862,,,results/complex-quarterly/WY/2023-06-30
ETN,,,Assets,,buildout,2023-06-30,Q2,2023-08-01T23:59:59+00:00,"filing date, end of day",36772000000.0,35517000000.0,1255000000.0,same-quarter mean,measured,10,3252,243800000.0,1011200000.0,0.02847087310302109,,,results/complex-quarterly/ETN/2023-06-30
ROK,,,Assets,,buildout,2023-06-30,Q2,2023-08-01T23:59:59+00:00,"filing date, end of day",11743300000.0,11469100000.0,274200000.0,same-quarter mean,measured,14,4740,47885714.28571428,226314285.71428573,0.019732523538401943,,,results/complex-quarterly/ROK/2023-06-30
AMD,,,Assets,,compute_and_ai,2023-07-01,Q3,2023-08-02T23:59:59+00:00,"filing date, end of day",67967000000.0,67634000000.0,333000000.0,same-quarter mean,measured,14,4382,126142857.14285715,206857142.85714287,0.0030584786181083903,,,results/complex-quarterly/AMD/2023-07-01
APLD,,,Assets,,compute_and_ai,2022-05-31,Q2,2023-08-02T23:59:59+00:00,"filing date, end of day",119980000.0,63494000.0,56486000.0,,missing,0,,,,,,,results/complex-quarterly/APLD/2022-05-31
CCI,,,Assets,,data_center_reit,2023-06-30,Q2,2023-08-02T23:59:59+00:00,"filing date, end of day",39042000000.0,39054000000.0,-12000000.0,same-quarter mean,measured,14,4725,326783714.28571427,-338783714.28571427,-0.0086747507114691,,,results/complex-quarterly/CCI/2023-06-30
EXC,,,Assets,,power,2023-06-30,Q2,2023-08-02T23:59:59+00:00,"filing date, end of day",98080000000.0,96925000000.0,1155000000.0,same-quarter mean,measured,14,4758,150357142.85714287,1004642857.1428571,0.010365157153911345,,,results/complex-quarterly/EXC/2023-06-30
VRT,,,Assets,,buildout,2023-06-30,Q2,2023-08-02T23:59:59+00:00,"filing date, end of day",7256600000.0,7255400000.0,1200000.0,same-quarter mean,measured,5,1457,176187501.2,-174987501.2,-0.02411824312925545,,,results/complex-quarterly/VRT/2023-06-30
BWXT,,,Assets,,fuel_and_nuclear,2023-06-30,Q2,2023-08-03T23:59:59+00:00,"filing date, end of day",2740574000.0,2718908000.0,21666000.0,same-quarter mean,measured,12,4018,-49106083.333333336,70772083.33333334,0.02602959840249591,,,results/complex-quarterly/BWXT/2023-06-30
CEG,,,Assets,,power,2023-06-30,Q2,2023-08-03T23:59:59+00:00,"filing date, end of day",46559000000.0,46158000000.0,401000000.0,prior same-quarter,measured,1,0,-1513000000.0,1914000000.0,0.041466268035876774,,,results/complex-quarterly/CEG/2023-06-30
ETR,,,Assets,,power,2023-06-30,Q2,2023-08-03T23:59:59+00:00,"filing date, end of day",59717236000.0,59203276000.0,513960000.0,same-quarter mean,measured,14,4717,-94248714.28571428,608208714.2857143,0.010273227351231616,,,results/complex-quarterly/ETR/2023-06-30
IRM,,,Assets,,data_center_reit,2023-06-30,Q2,2023-08-03T23:59:59+00:00,"filing date, end of day",16678569000.0,16465709000.0,212860000.0,same-quarter mean,measured,13,4014,341165076.9230769,-128305076.92307693,-0.007792259472281268,,,results/complex-quarterly/IRM/2023-06-30
MTZ,,,Assets,,buildout,2023-06-30,Q2,2023-08-03T23:59:59+00:00,"filing date, end of day",9287820000.0,9055336000.0,232484000.0,same-quarter mean,measured,12,4019,262753583.33333334,-30269583.333333343,-0.003342734420162139,,,results/complex-quarterly/MTZ/2023-06-30
PWR,,,Assets,,buildout,2023-06-30,Q2,2023-08-03T23:59:59+00:00,"filing date, end of day",14740850000.0,14039135000.0,701715000.0,same-quarter mean,measured,14,4742,67467785.71428572,634247214.2857143,0.045177086357935464,,,results/complex-quarterly/PWR/2023-06-30
SBAC,,,Assets,,data_center_reit,2023-06-30,Q2,2023-08-03T23:59:59+00:00,"filing date, end of day",10604470000.0,10541529000.0,62941000.0,same-quarter mean,measured,13,4383,223305230.76923078,-160364230.76923078,-0.01521261581400865,,,results/complex-quarterly/SBAC/2023-06-30
SO,,,Assets,,power,2023-06-30,Q2,2023-08-03T23:59:59+00:00,"filing date, end of day",137116000000.0,134756000000.0,2360000000.0,same-quarter mean,measured,14,4718,2108678142.857143,251321857.14285707,0.0018650142267717731,,,results/complex-quarterly/SO/2023-06-30
SRE,,,Assets,,power,2023-06-30,Q2,2023-08-03T23:59:59+00:00,"filing date, end of day",82727000000.0,80549000000.0,2178000000.0,same-quarter mean,measured,12,4013,543666666.6666666,1634333333.3333335,0.02028992704233862,,,results/complex-quarterly/SRE/2023-06-30
AAPL,,,Assets,,hyperscaler,2023-07-01,Q3,2023-08-04T23:59:59+00:00,"filing date, end of day",335038000000.0,332160000000.0,2878000000.0,same-quarter mean,measured,14,4020,13117071428.571428,-10239071428.571428,-0.030825720823011285,,,results/complex-quarterly/AAPL/2023-07-01
AMZN,,,Assets,,hyperscaler,2023-06-30,Q2,2023-08-04T23:59:59+00:00,"filing date, end of day",477607000000.0,464378000000.0,13229000000.0,same-quarter mean,measured,14,4753,8687785714.285715,4541214285.714285,0.009779133132306623,,,results/complex-quarterly/AMZN/2023-06-30
CORZ,,,Assets,,compute_and_ai,2023-06-30,Q2,2023-08-04T23:59:59+00:00,"filing date, end of day",750862000.0,760019000.0,-9157000.0,same-quarter mean,measured,2,364,-429513264.0,420356264.0,0.5530865202054159,,,results/complex-quarterly/CORZ/2023-06-30
DLR,,,Assets,,data_center_reit,2023-06-30,Q2,2023-08-04T23:59:59+00:00,"filing date, end of day",42388734000.0,41953067000.0,435667000.0,same-quarter mean,measured,13,4376,196251461.53846154,239415538.46153846,0.00570674698137179,,,results/complex-quarterly/DLR/2023-06-30
EQIX,,,Assets,,data_center_reit,2023-06-30,Q2,2023-08-04T23:59:59+00:00,"filing date, end of day",31566945000.0,31274198000.0,292747000.0,same-quarter mean,measured,13,4377,560758000.0,-268011000.0,-0.008569716160267324,,,results/complex-quarterly/EQIX/2023-06-30
LEU,,,Assets,,fuel_and_nuclear,2023-06-30,Q2,2023-08-04T23:59:59+00:00,"filing date, end of day",762000000.0,689000000.0,73000000.0,same-quarter mean,measured,13,4383,13146153.846153846,59853846.15384615,0.08687060399687395,,,results/complex-quarterly/LEU/2023-06-30
PPL,,,Assets,,power,2023-06-30,Q2,2023-08-04T23:59:59+00:00,"filing date, end of day",38296000000.0,38302000000.0,-6000000.0,same-quarter mean,measured,14,4726,-492428571.4285714,486428571.4285714,0.012699821717627575,,,results/complex-quarterly/PPL/2023-06-30
CIFR,,,Assets,,compute_and_ai,2023-06-30,Q2,2023-08-08T23:59:59+00:00,"filing date, end of day",416723000.0,412685000.0,4038000.0,same-quarter mean,measured,2,200,-8249962.5,12287962.5,0.029775646073882018,,,results/complex-quarterly/CIFR/2023-06-30
DUK,,,Assets,,power,2023-06-30,Q2,2023-08-08T23:59:59+00:00,"filing date, end of day",180076000000.0,178833000000.0,1243000000.0,same-quarter mean,measured,14,4745,729285714.2857143,513714285.71428573,0.002872592226906028,,,results/complex-quarterly/DUK/2023-06-30
J,,,Assets,,buildout,2023-06-30,Q2,2023-08-08T23:59:59+00:00,"filing date, end of day",14936699000.0,15002631000.0,-65932000.0,same-quarter mean,measured,14,4660,204108857.14285713,-270040857.14285713,-0.017999566685527168,,,results/complex-quarterly/J/2023-06-30
NRG,,,Assets,,power,2023-06-30,Q2,2023-08-08T23:59:59+00:00,"filing date, end of day",28991000000.0,29696000000.0,-705000000.0,same-quarter mean,measured,14,4727,327071428.5714286,-1032071428.5714285,-0.034754560498768475,,,results/complex-quarterly/NRG/2023-06-30
PRIM,,,Assets,,buildout,2023-06-30,Q2,2023-08-08T23:59:59+00:00,"filing date, end of day",3722024000.0,3522720000.0,199304000.0,same-quarter mean,measured,12,4022,70966500.0,128337500.0,0.0364313655357224,,,results/complex-quarterly/PRIM/2023-06-30
STRL,,,Assets,,buildout,2023-06-30,Q2,2023-08-08T23:59:59+00:00,"filing date, end of day",1567358000.0,1431128000.0,136230000.0,same-quarter mean,measured,12,4012,51554750.0,84675250.0,0.059166790112414824,,,results/complex-quarterly/STRL/2023-06-30
PLUG,,,Assets,,fuel_and_nuclear,2023-06-30,Q2,2023-08-09T23:59:59+00:00,"filing date, end of day",5583277000.0,5654093000.0,-70816000.0,same-quarter mean,measured,12,4016,29731075.333333332,-100547075.33333333,-0.017783060047532526,,,results/complex-quarterly/PLUG/2023-06-30
SMR,,,Assets,,fuel_and_nuclear,2023-06-30,Q2,2023-08-09T23:59:59+00:00,"filing date, end of day",309464000.0,332390000.0,-22926000.0,same-quarter mean,measured,2,364,86937078.0,-109863078.0,-0.3305246186708385,,,results/complex-quarterly/SMR/2023-06-30
VST,,,Assets,,power,2023-06-30,Q2,2023-08-09T23:59:59+00:00,"filing date, end of day",30472000000.0,31117000000.0,-645000000.0,same-quarter mean,measured,6,1827,3019500000.0,-3664500000.0,-0.11776520872834785,,,results/complex-quarterly/VST/2023-06-30
OKLO,,,Assets,,fuel_and_nuclear,2023-06-30,Q2,2023-08-11T23:59:59+00:00,"filing date, end of day",516816433.0,514676646.0,2139787.0,prior same-quarter,measured,1,0,208951.0,1930836.0,0.0037515516101346473,,,results/complex-quarterly/OKLO/2023-06-30
WULF,,,Assets,,compute_and_ai,2023-06-30,Q2,2023-08-14T23:59:59+00:00,"filing date, end of day",299822000.0,316781000.0,-16959000.0,same-quarter mean,measured,12,4022,2642350.0,-19601350.0,-0.06187665926933749,,,results/complex-quarterly/WULF/2023-06-30
DY,,,Assets,,buildout,2023-07-29,Q3,2023-08-24T23:59:59+00:00,"filing date, end of day",2395601000.0,2311718000.0,83883000.0,same-quarter mean,measured,11,3268,-3297545.4545454546,87180545.45454545,0.03771244825473758,,,results/complex-quarterly/DY/2023-07-29
MRVL,,,Assets,,compute_and_ai,2023-07-29,Q3,2023-08-25T23:59:59+00:00,"filing date, end of day",21750100000.0,22273200000.0,-523100000.0,same-quarter mean,measured,2,364,-133952500.0,-389147500.0,-0.017471557746529462,,,results/complex-quarterly/MRVL/2023-07-29
NVDA,,,Assets,,compute_and_ai,2023-07-30,Q3,2023-08-28T23:59:59+00:00,"filing date, end of day",49555000000.0,44460000000.0,5095000000.0,same-quarter mean,measured,14,4759,699959642.8571428,4395040357.142858,0.09885380920249343,,,results/complex-quarterly/NVDA/2023-07-30
SMCI,,,Assets,,compute_and_ai,2022-06-30,Q2,2023-08-28T23:59:59+00:00,"filing date, end of day",3205077000.0,3071177000.0,133900000.0,same-quarter mean,measured,10,3274,84144100.0,49755900.0,0.016200922317404696,,,results/complex-quarterly/SMCI/2022-06-30
AGX,,,Assets,,buildout,2022-07-31,Q3,2023-09-06T23:59:59+00:00,"filing date, end of day",423070000.0,492810000.0,-69740000.0,same-quarter mean,measured,11,3646,7719636.363636363,-77459636.36363636,-0.15717951414061476,,,results/complex-quarterly/AGX/2022-07-31
AVGO,,,Assets,,compute_and_ai,2023-07-30,Q3,2023-09-06T23:59:59+00:00,"filing date, end of day",71595000000.0,71667000000.0,-72000000.0,same-quarter mean,measured,5,1456,-1600000000.0,1528000000.0,0.02132083106590202,,,results/complex-quarterly/AVGO/2023-07-30
AI,,,Assets,,compute_and_ai,2023-07-31,Q3,2023-09-07T23:59:59+00:00,"filing date, end of day",1089403000.0,1103028000.0,-13625000.0,same-quarter mean,measured,2,364,-19325000.0,5700000.0,0.00516759320706274,,,results/complex-quarterly/AI/2023-07-31
ORCL,,,Assets,,hyperscaler,2023-08-31,Q3,2023-09-12T23:59:59+00:00,"filing date, end of day",136662000000.0,134384000000.0,2278000000.0,same-quarter mean,measured,14,4740,2091714285.7142856,186285714.2857144,0.0013862194478934575,,,results/complex-quarterly/ORCL/2023-08-31
MU,,,Assets,,compute_and_ai,2022-09-01,Q3,2023-10-06T23:59:59+00:00,"filing date, end of day",66283000000.0,65296000000.0,987000000.0,same-quarter mean,measured,12,4000,1705750000.0,-718750000.0,-0.011007565547659887,,,results/complex-quarterly/MU/2022-09-01
APLD,,,Assets,,compute_and_ai,2023-08-31,Q3,2023-10-10T23:59:59+00:00,"filing date, end of day",349153000.0,263957000.0,85196000.0,prior same-quarter,measured,1,0,25940000.0,59256000.0,0.2244911102944798,,,results/complex-quarterly/APLD/2023-08-31
MSFT,,,Assets,,hyperscaler,2023-09-30,Q3,2023-10-24T23:59:59+00:00,"filing date, end of day",445785000000.0,411976000000.0,33809000000.0,same-quarter mean,measured,14,4750,668857142.8571428,33140142857.142857,0.08044192588195151,,,results/complex-quarterly/MSFT/2023-09-30
AMT,,,Assets,,data_center_reit,2022-09-30,Q3,2023-10-26T23:59:59+00:00,"filing date, end of day",66512800000.0,68116800000.0,-1604000000.0,same-quarter mean,measured,13,4739,514506538.46153843,-2118506538.4615383,-0.03110108722754942,,,results/complex-quarterly/AMT/2022-09-30
EME,,,Assets,,buildout,2023-09-30,Q3,2023-10-26T23:59:59+00:00,"filing date, end of day",6224193000.0,5907669000.0,316524000.0,same-quarter mean,measured,13,4377,121356769.23076923,195167230.76923078,0.03303625012999726,,,results/complex-quarterly/EME/2023-09-30
FIX,,,Assets,,buildout,2023-09-30,Q3,2023-10-26T23:59:59+00:00,"filing date, end of day",3140619000.0,2915117000.0,225502000.0,same-quarter mean,measured,12,4006,26895583.333333332,198606416.66666666,0.06812982692175534,,,results/complex-quarterly/FIX/2023-09-30
META,,,Assets,,hyperscaler,2023-09-30,Q3,2023-10-26T23:59:59+00:00,"filing date, end of day",216274000000.0,206688000000.0,9586000000.0,same-quarter mean,measured,11,3655,3607363636.3636365,5978636363.636364,0.028925899731171448,,,results/complex-quarterly/META/2023-09-30
PCG,,,Assets,,power,2023-09-30,Q3,2023-10-26T23:59:59+00:00,"filing date, end of day",123009000000.0,120705000000.0,2304000000.0,same-quarter mean,measured,14,4746,162500000.0,2141500000.0,0.017741601424961683,,,results/complex-quarterly/PCG/2023-09-30
AMZN,,,Assets,,hyperscaler,2023-09-30,Q3,2023-10-27T23:59:59+00:00,"filing date, end of day",486883000000.0,477607000000.0,9276000000.0,same-quarter mean,measured,14,4753,8555142857.142858,720857142.8571424,0.00150931025478509,,,results/complex-quarterly/AMZN/2023-09-30
EQIX,,,Assets,,data_center_reit,2023-09-30,Q3,2023-10-27T23:59:59+00:00,"filing date, end of day",31684602000.0,31566945000.0,117657000.0,same-quarter mean,measured,13,4389,65529230.76923077,52127769.23076923,0.0016513403254819,,,results/complex-quarterly/EQIX/2023-09-30
NVT,,,Assets,,buildout,2023-09-30,Q3,2023-10-27T23:59:59+00:00,"filing date, end of day",5925700000.0,5922100000.0,3600000.0,same-quarter mean,measured,5,1464,-8960000.0,12560000.0,0.002120869286232924,,,results/complex-quarterly/NVT/2023-09-30
VRT,,,Assets,,buildout,2023-09-30,Q3,2023-10-27T23:59:59+00:00,"filing date, end of day",7414300000.0,7256600000.0,157700000.0,same-quarter mean,measured,5,1455,-4602794.4,162302794.4,0.022366231348014222,,,results/complex-quarterly/VRT/2023-09-30
WY,,,Assets,,data_center_reit,2023-09-30,Q3,2023-10-27T23:59:59+00:00,"filing date, end of day",17550000000.0,17470000000.0,80000000.0,same-quarter mean,measured,14,4739,-298285714.28571427,378285714.28571427,0.021653446724997954,,,results/complex-quarterly/WY/2023-09-30
ETN,,,Assets,,buildout,2023-09-30,Q3,2023-10-31T23:59:59+00:00,"filing date, end of day",37289000000.0,36772000000.0,517000000.0,same-quarter mean,measured,11,3639,-1924656695.6363637,2441656695.636364,0.06639988838345383,,,results/complex-quarterly/ETN/2023-09-30
FSLR,,,Assets,,fuel_and_nuclear,2023-09-30,Q3,2023-10-31T23:59:59+00:00,"filing date, end of day",9582645000.0,8997166000.0,585479000.0,same-quarter mean,measured,14,4379,238872500.0,346606500.0,0.03852396410158488,,,results/complex-quarterly/FSLR/2023-09-30
AMD,,,Assets,,compute_and_ai,2023-09-30,Q3,2023-11-01T23:59:59+00:00,"filing date, end of day",67626000000.0,67967000000.0,-341000000.0,same-quarter mean,measured,15,4655,139933333.33333334,-480933333.3333334,-0.007075982952511268,,,results/complex-quarterly/AMD/2023-09-30
BWXT,,,Assets,,fuel_and_nuclear,2023-09-30,Q3,2023-11-01T23:59:59+00:00,"filing date, end of day",2776839000.0,2740574000.0,36265000.0,same-quarter mean,measured,12,4018,23044416.666666668,13220583.333333332,0.004824019834287756,,,results/complex-quarterly/BWXT/2023-09-30
CCI,,,Assets,,data_center_reit,2023-09-30,Q3,2023-11-01T23:59:59+00:00,"filing date, end of day",38699000000.0,39042000000.0,-343000000.0,same-quarter mean,measured,14,4746,462704000.0,-805704000.0,-0.02063685262025511,,,results/complex-quarterly/CCI/2023-09-30
EIX,,,Assets,,power,2023-09-30,Q3,2023-11-01T23:59:59+00:00,"filing date, end of day",80164000000.0,79551000000.0,613000000.0,same-quarter mean,measured,14,4743,1366571428.5714285,-753571428.5714285,-0.009472808997642123,,,results/complex-quarterly/EIX/2023-09-30
AEP,,,Assets,,power,2023-09-30,Q3,2023-11-02T23:59:59+00:00,"filing date, end of day",95125600000.0,96002100000.0,-876500000.0,same-quarter mean,measured,14,4745,486942857.14285713,-1363442857.142857,-0.014202219088362203,,,results/complex-quarterly/AEP/2023-09-30
DUK,,,Assets,,power,2023-09-30,Q3,2023-11-02T23:59:59+00:00,"filing date, end of day",181160000000.0,180076000000.0,1084000000.0,same-quarter mean,measured,14,4746,5755714285.714286,-4671714285.714286,-0.02594301453671942,,,results/complex-quarterly/DUK/2023-09-30
ETR,,,Assets,,power,2023-09-30,Q3,2023-11-02T23:59:59+00:00,"filing date, end of day",60552147000.0,59717236000.0,834911000.0,same-quarter mean,measured,14,4745,768302000.0,66609000.0,0.0011154066139296868,,,results/complex-quarterly/ETR/2023-09-30
EXC,,,Assets,,power,2023-09-30,Q3,2023-11-02T23:59:59+00:00,"filing date, end of day",99259000000.0,98080000000.0,1179000000.0,same-quarter mean,measured,13,4395,1787230769.2307692,-608230769.2307692,-0.006201374074538837,,,results/complex-quarterly/EXC/2023-09-30
IRM,,,Assets,,data_center_reit,2023-09-30,Q3,2023-11-02T23:59:59+00:00,"filing date, end of day",16876918000.0,16678569000.0,198349000.0,same-quarter mean,measured,14,4378,7042285.714285715,191306714.2857143,0.01147021152028776,,,results/complex-quarterly/IRM/2023-09-30
MTZ,,,Assets,,buildout,2023-09-30,Q3,2023-11-02T23:59:59+00:00,"filing date, end of day",9529727000.0,9287820000.0,241907000.0,same-quarter mean,measured,12,4018,101090250.0,140816750.0,0.015161442620550355,,,results/complex-quarterly/MTZ/2023-09-30
NRG,,,Assets,,power,2023-09-30,Q3,2023-11-02T23:59:59+00:00,"filing date, end of day",27910000000.0,28991000000.0,-1081000000.0,same-quarter mean,measured,14,4753,-319857142.85714287,-761142857.1428571,-0.02625445335251827,,,results/complex-quarterly/NRG/2023-09-30
PPL,,,Assets,,power,2023-09-30,Q3,2023-11-02T23:59:59+00:00,"filing date, end of day",38629000000.0,38296000000.0,333000000.0,same-quarter mean,measured,14,4753,124500000.0,208500000.0,0.0054444328389387925,,,results/complex-quarterly/PPL/2023-09-30
PWR,,,Assets,,buildout,2023-09-30,Q3,2023-11-02T23:59:59+00:00,"filing date, end of day",15188449000.0,14740850000.0,447599000.0,same-quarter mean,measured,14,4743,382344714.28571427,65254285.71428573,0.0044267654656472135,,,results/complex-quarterly/PWR/2023-09-30
SO,,,Assets,,power,2023-09-30,Q3,2023-11-02T23:59:59+00:00,"filing date, end of day",138321000000.0,137116000000.0,1205000000.0,same-quarter mean,measured,14,4738,2228174857.142857,-1023174857.1428571,-0.0074621113301354845,,,results/complex-quarterly/SO/2023-09-30
AAPL,,,Assets,,hyperscaler,2022-09-24,Q3,2023-11-03T23:59:59+00:00,"filing date, end of day",352755000000.0,336309000000.0,16446000000.0,same-quarter mean,measured,15,4300,12434466666.666666,4011533333.333334,0.011928117693351453,,,results/complex-quarterly/AAPL/2022-09-24
SMCI,,,Assets,,compute_and_ai,2023-09-30,Q3,2023-11-03T23:59:59+00:00,"filing date, end of day",4095964000.0,3674729000.0,421235000.0,same-quarter mean,measured,11,4015,24549454.545454547,396685545.45454544,0.10794960538710349,,,results/complex-quarterly/SMCI/2023-09-30
SRE,,,Assets,,power,2023-09-30,Q3,2023-11-03T23:59:59+00:00,"filing date, end of day",85735000000.0,82727000000.0,3008000000.0,same-quarter mean,measured,12,4018,810500000.0,2197500000.0,0.02656327438442105,,,results/complex-quarterly/SRE/2023-09-30
CEG,,,Assets,,power,2023-09-30,Q3,2023-11-06T23:59:59+00:00,"filing date, end of day",48965000000.0,46559000000.0,2406000000.0,prior same-quarter,measured,1,0,1283000000.0,1123000000.0,0.024119933847376446,,,results/complex-quarterly/CEG/2023-09-30
CORZ,,,Assets,,compute_and_ai,2023-09-30,Q3,2023-11-06T23:59:59+00:00,"filing date, end of day",705462000.0,750862000.0,-45400000.0,same-quarter mean,measured,2,372,-220845244.0,175445244.0,0.23365844056564322,,,results/complex-quarterly/CORZ/2023-09-30
NEE,,,Assets,,power,2023-09-30,Q3,2023-11-07T23:59:59+00:00,"filing date, end of day",171674000000.0,168275000000.0,3399000000.0,same-quarter mean,measured,14,4752,2704642857.142857,694357142.8571429,0.004126323832162489,,,results/complex-quarterly/NEE/2023-09-30
SBAC,,,Assets,,data_center_reit,2023-09-30,Q3,2023-11-07T23:59:59+00:00,"filing date, end of day",10334181000.0,10604470000.0,-270289000.0,same-quarter mean,measured,13,4382,-37555769.23076923,-232733230.76923078,-0.021946710280592127,,,results/complex-quarterly/SBAC/2023-09-30
STRL,,,Assets,,buildout,2023-09-30,Q3,2023-11-07T23:59:59+00:00,"filing date, end of day",1723805000.0,1567358000.0,156447000.0,same-quarter mean,measured,12,4011,26384833.333333332,130062166.66666667,0.08298178633513636,,,results/complex-quarterly/STRL/2023-09-30
VST,,,Assets,,power,2023-09-30,Q3,2023-11-07T23:59:59+00:00,"filing date, end of day",31945000000.0,30472000000.0,1473000000.0,same-quarter mean,measured,6,1827,-104500000.0,1577500000.0,0.0517688369650827,,,results/complex-quarterly/VST/2023-09-30
CIFR,,,Assets,,compute_and_ai,2023-09-30,Q3,2023-11-08T23:59:59+00:00,"filing date, end of day",416490000.0,416723000.0,-233000.0,same-quarter mean,measured,2,367,138395614.0,-138628614.0,-0.3326636974681023,,,results/complex-quarterly/CIFR/2023-09-30
D,,,Assets,,power,2021-12-31,Q4,2023-11-08T23:59:59+00:00,"filing date, end of day",99590000000.0,99804000000.0,-214000000.0,same-quarter mean,measured,12,4014,263916666.66666666,-477916666.6666666,-0.004788552229035576,,,results/complex-quarterly/D/2021-12-31
D,,,Assets,,power,2023-03-31,Q1,2023-11-08T23:59:59+00:00,"filing date, end of day",105325000000.0,104795000000.0,530000000.0,same-quarter mean,measured,13,4389,2232000000.0,-1702000000.0,-0.016241232883248247,,,results/complex-quarterly/D/2023-03-31
D,,,Assets,,power,2023-06-30,Q2,2023-11-08T23:59:59+00:00,"filing date, end of day",106064000000.0,105325000000.0,739000000.0,same-quarter mean,measured,14,4756,794714285.7142857,-55714285.71428573,-0.0005289749415075787,,,results/complex-quarterly/D/2023-06-30
D,,,Assets,,power,2023-09-30,Q3,2023-11-08T23:59:59+00:00,"filing date, end of day",105943000000.0,106064000000.0,-121000000.0,same-quarter mean,measured,14,4750,1313357142.857143,-1434357142.857143,-0.013523506023317458,,,results/complex-quarterly/D/2023-09-30
LEU,,,Assets,,fuel_and_nuclear,2023-09-30,Q3,2023-11-08T23:59:59+00:00,"filing date, end of day",644700000.0,762000000.0,-117300000.0,same-quarter mean,measured,12,4389,-16925000.0,-100375000.0,-0.1317257217847769,,,results/complex-quarterly/LEU/2023-09-30
PRIM,,,Assets,,buildout,2023-09-30,Q3,2023-11-08T23:59:59+00:00,"filing date, end of day",3803171000.0,3722024000.0,81147000.0,same-quarter mean,measured,12,4018,112997416.66666667,-31850416.66666667,-0.00855728406551561,,,results/complex-quarterly/PRIM/2023-09-30
ROK,,,Assets,,buildout,2021-09-30,Q3,2023-11-08T23:59:59+00:00,"filing date, end of day",10701600000.0,8573100000.0,2128500000.0,same-quarter mean,measured,12,4012,95250000.0,2033250000.0,0.23716625258074675,,,results/complex-quarterly/ROK/2021-09-30
ARM,,,Assets,,compute_and_ai,2023-09-30,Q3,2023-11-09T23:59:59+00:00,"filing date, end of day",6810000000.0,6866000000.0,-56000000.0,,missing,0,,,,,,,results/complex-quarterly/ARM/2023-09-30
DLR,,,Assets,,data_center_reit,2023-09-30,Q3,2023-11-09T23:59:59+00:00,"filing date, end of day",41932517000.0,42388734000.0,-456217000.0,same-quarter mean,measured,12,4015,1326056916.6666667,-1782273916.6666667,-0.04204593410755478,,,results/complex-quarterly/DLR/2023-09-30
PLUG,,,Assets,,fuel_and_nuclear,2023-09-30,Q3,2023-11-09T23:59:59+00:00,"filing date, end of day",5452121000.0,5583277000.0,-131156000.0,same-quarter mean,measured,12,4017,57535799.75,-188691799.75,-0.03379588720925005,,,results/complex-quarterly/PLUG/2023-09-30
SMR,,,Assets,,fuel_and_nuclear,2023-09-30,Q3,2023-11-09T23:59:59+00:00,"filing date, end of day",308526000.0,309464000.0,-938000.0,same-quarter mean,measured,2,328,-1587258.0,649258.0,0.0020980081689631106,,,results/complex-quarterly/SMR/2023-09-30
OKLO,,,Assets,,fuel_and_nuclear,2023-09-30,Q3,2023-11-16T23:59:59+00:00,"filing date, end of day",519994492.0,516816433.0,3178059.0,same-quarter mean,measured,2,360,252908744.0,-249730685.0,-0.48320964476762296,,,results/complex-quarterly/OKLO/2023-09-30
J,,,Assets,,buildout,2022-09-30,Q3,2023-11-21T23:59:59+00:00,"filing date, end of day",14660419000.0,14722210000.0,-61791000.0,same-quarter mean,measured,14,4750,11056500.0,-72847500.0,-0.004948136183358341,,,results/complex-quarterly/J/2022-09-30
NVDA,,,Assets,,compute_and_ai,2023-10-29,Q4,2023-11-21T23:59:59+00:00,"filing date, end of day",54148000000.0,49555000000.0,4593000000.0,same-quarter mean,measured,14,4747,437877785.71428573,4155122214.285714,0.08384869769520158,,,results/complex-quarterly/NVDA/2023-10-29
DY,,,Assets,,buildout,2023-10-28,Q4,2023-11-22T23:59:59+00:00,"filing date, end of day",2664165000.0,2395601000.0,268564000.0,same-quarter mean,measured,12,4018,51167333.333333336,217396666.66666666,0.0907482784765354,,,results/complex-quarterly/DY/2023-10-28
WULF,,,Assets,,compute_and_ai,2023-09-30,Q3,2023-11-22T23:59:59+00:00,"filing date, end of day",311793000.0,299822000.0,11971000.0,same-quarter mean,measured,12,4018,-611324.5,12582324.5,0.04196598148234619,,,results/complex-quarterly/WULF/2023-09-30
MRVL,,,Assets,,compute_and_ai,2023-10-28,Q4,2023-12-01T23:59:59+00:00,"filing date, end of day",21714400000.0,21750100000.0,-35700000.0,same-quarter mean,measured,2,364,770105000.0,-805805000.0,-0.037048335409952136,,,results/complex-quarterly/MRVL/2023-10-28
AGX,,,Assets,,buildout,2022-10-31,Q4,2023-12-06T23:59:59+00:00,"filing date, end of day",410903000.0,423070000.0,-12167000.0,same-quarter mean,measured,11,3645,19129545.454545453,-31296545.454545453,-0.07397486339032655,,,results/complex-quarterly/AGX/2022-10-31
AI,,,Assets,,compute_and_ai,2023-10-31,Q4,2023-12-07T23:59:59+00:00,"filing date, end of day",1071114000.0,1089403000.0,-18289000.0,same-quarter mean,measured,2,371,-31617000.0,13328000.0,0.012234223698667985,,,results/complex-quarterly/AI/2023-10-31
ORCL,,,Assets,,hyperscaler,2023-11-30,Q4,2023-12-12T23:59:59+00:00,"filing date, end of day",134324000000.0,136662000000.0,-2338000000.0,same-quarter mean,measured,14,4739,-2465857142.857143,127857142.85714293,0.0009355720160479352,,,results/complex-quarterly/ORCL/2023-11-30
AVGO,,,Assets,,compute_and_ai,2022-10-30,Q4,2023-12-14T23:59:59+00:00,"filing date, end of day",73249000000.0,71326000000.0,1923000000.0,same-quarter mean,measured,4,903,-1549250000.0,3472250000.0,0.04868140649973362,,,results/complex-quarterly/AVGO/2022-10-30
MU,,,Assets,,compute_and_ai,2023-11-30,Q4,2023-12-21T23:59:59+00:00,"filing date, end of day",63776000000.0,64254000000.0,-478000000.0,same-quarter mean,measured,14,4727,612071428.5714285,-1090071428.5714285,-0.016965036084468338,,,results/complex-quarterly/MU/2023-11-30
APLD,,,Assets,,compute_and_ai,2023-11-30,Q4,2024-01-16T23:59:59+00:00,"filing date, end of day",480654000.0,349153000.0,131501000.0,prior same-quarter,measured,1,0,21523000.0,109978000.0,0.3149851211360063,,,results/complex-quarterly/APLD/2023-11-30
MSFT,,,Assets,,hyperscaler,2023-12-31,Q4,2024-01-30T23:59:59+00:00,"filing date, end of day",470558000000.0,445785000000.0,24773000000.0,same-quarter mean,measured,14,4744,5244285714.285714,19528714285.714287,0.043807472852864696,,,results/complex-quarterly/MSFT/2023-12-31
AMD,,,Assets,,compute_and_ai,2022-12-31,Q4,2024-01-31T23:59:59+00:00,"filing date, end of day",67580000000.0,67811000000.0,-231000000.0,same-quarter mean,measured,13,4128,204923076.92307693,-435923076.9230769,-0.006428500935291869,,,results/complex-quarterly/AMD/2022-12-31
ROK,,,Assets,,buildout,2023-12-31,Q4,2024-01-31T23:59:59+00:00,"filing date, end of day",11333300000.0,11304000000.0,29300000.0,same-quarter mean,measured,14,4735,162778571.42857143,-133478571.42857143,-0.011808083105853807,,,results/complex-quarterly/ROK/2023-12-31
AAPL,,,Assets,,hyperscaler,2023-12-30,Q4,2024-02-02T23:59:59+00:00,"filing date, end of day",353514000000.0,352583000000.0,931000000.0,same-quarter mean,measured,14,4757,15490642857.142857,-14559642857.142857,-0.04129422818781069,,,results/complex-quarterly/AAPL/2023-12-30
AMZN,,,Assets,,hyperscaler,2021-12-31,Q4,2024-02-02T23:59:59+00:00,"filing date, end of day",420549000000.0,382406000000.0,38143000000.0,same-quarter mean,measured,12,4389,14082333333.333334,24060666666.666664,0.06291916619160438,,,results/complex-quarterly/AMZN/2021-12-31
META,,,Assets,,hyperscaler,2022-12-31,Q4,2024-02-02T23:59:59+00:00,"filing date, end of day",185727000000.0,178894000000.0,6833000000.0,same-quarter mean,measured,10,3289,5434400000.0,1398600000.0,0.007818037497065302,,,results/complex-quarterly/META/2022-12-31
SMCI,,,Assets,,compute_and_ai,2023-12-31,Q4,2024-02-02T23:59:59+00:00,"filing date, end of day",5405000000.0,4095964000.0,1309036000.0,same-quarter mean,measured,11,4015,59581818.18181818,1249454181.8181818,0.3050452059193347,,,results/complex-quarterly/SMCI/2023-12-31
J,,,Assets,,buildout,2023-12-29,Q4,2024-02-06T23:59:59+00:00,"filing date, end of day",14952204000.0,14617109000.0,335095000.0,same-quarter mean,measured,16,4459,421841625.0,-86746625.0,-0.005934595206206645,,,results/complex-quarterly/J/2023-12-29
ARM,,,Assets,,compute_and_ai,2023-12-31,Q4,2024-02-08T23:59:59+00:00,"filing date, end of day",7115000000.0,6810000000.0,305000000.0,,missing,0,,,,,,,results/complex-quarterly/ARM/2023-12-31
LEU,,,Assets,,fuel_and_nuclear,2022-12-31,Q4,2024-02-09T23:59:59+00:00,"filing date, end of day",705500000.0,618200000.0,87300000.0,same-quarter mean,measured,12,3997,-92125000.0,179425000.0,0.29023778712390813,,,results/complex-quarterly/LEU/2022-12-31
SO,,,Assets,,power,2021-12-31,Q4,2024-02-15T23:59:59+00:00,"filing date, end of day",127534000000.0,127861000000.0,-327000000.0,same-quarter mean,measured,12,4010,1677167750.0,-2004167750.0,-0.015674582163443113,,,results/complex-quarterly/SO/2021-12-31
EQIX,,,Assets,,data_center_reit,2022-12-31,Q4,2024-02-16T23:59:59+00:00,"filing date, end of day",30310742000.0,29325866000.0,984876000.0,same-quarter mean,measured,12,4011,410768500.0,574107500.0,0.019576830228986247,,,results/complex-quarterly/EQIX/2022-12-31
NEE,,,Assets,,power,2021-12-31,Q4,2024-02-16T23:59:59+00:00,"filing date, end of day",140912000000.0,139163000000.0,1749000000.0,same-quarter mean,measured,12,4372,2060583333.3333333,-311583333.33333325,-0.002238981146808658,,,results/complex-quarterly/NEE/2021-12-31
PPL,,,Assets,,power,2022-12-31,Q4,2024-02-16T23:59:59+00:00,"filing date, end of day",37837000000.0,37378000000.0,459000000.0,same-quarter mean,measured,13,4372,913538461.5384616,-454538461.53846157,-0.01216058808760398,,,results/complex-quarterly/PPL/2022-12-31
WY,,,Assets,,data_center_reit,2022-12-31,Q4,2024-02-16T23:59:59+00:00,"filing date, end of day",17340000000.0,17590000000.0,-250000000.0,same-quarter mean,measured,13,4013,-381538461.53846157,131538461.53846157,0.007478025101674904,,,results/complex-quarterly/WY/2022-12-31
NVT,,,Assets,,buildout,2021-12-31,Q4,2024-02-20T23:59:59+00:00,"filing date, end of day",4674200000.0,4678900000.0,-4700000.0,same-quarter mean,measured,4,1099,40125000.0,-44825000.0,-0.009580243219560153,,,results/complex-quarterly/NVT/2021-12-31
NVT,,,Assets,,buildout,2022-12-31,Q4,2024-02-20T23:59:59+00:00,"filing date, end of day",4902200000.0,4875900000.0,26300000.0,same-quarter mean,measured,4,1099,40125000.0,-13825000.0,-0.0028353739822391763,,,results/complex-quarterly/NVT/2022-12-31
EXC,,,Assets,,power,2022-12-31,Q4,2024-02-21T23:59:59+00:00,"filing date, end of day",95349000000.0,93455000000.0,1894000000.0,same-quarter mean,measured,13,4387,534153846.15384614,1359846153.8461537,0.014550812196738042,,,results/complex-quarterly/EXC/2022-12-31
NVDA,,,Assets,,compute_and_ai,2023-01-29,Q1,2024-02-21T23:59:59+00:00,"filing date, end of day",41182000000.0,40488000000.0,694000000.0,same-quarter mean,measured,13,4363,907588384.6153846,-213588384.61538458,-0.00527535034122171,,,results/complex-quarterly/NVDA/2023-01-29
EIX,,,Assets,,power,2022-12-31,Q4,2024-02-22T23:59:59+00:00,"filing date, end of day",78041000000.0,76709000000.0,1332000000.0,same-quarter mean,measured,13,4012,-259384615.3846154,1591384615.3846154,0.0207457353815669,,,results/complex-quarterly/EIX/2022-12-31
FIX,,,Assets,,buildout,2022-12-31,Q4,2024-02-22T23:59:59+00:00,"filing date, end of day",2597478000.0,2549473000.0,48005000.0,same-quarter mean,measured,11,3646,35124545.45454545,12880454.545454547,0.005052202767181511,,,results/complex-quarterly/FIX/2022-12-31
IRM,,,Assets,,data_center_reit,2021-12-31,Q4,2024-02-22T23:59:59+00:00,"filing date, end of day",14450031000.0,14234395000.0,215636000.0,same-quarter mean,measured,12,4013,65581416.666666664,150054583.33333334,0.010541690274390541,,,results/complex-quarterly/IRM/2021-12-31
PCG,,,Assets,,power,2022-12-31,Q4,2024-02-22T23:59:59+00:00,"filing date, end of day",118644000000.0,117012000000.0,1632000000.0,same-quarter mean,measured,13,4389,1115846153.8461537,516153846.15384626,0.0044111189121957255,,,results/complex-quarterly/PCG/2022-12-31
PWR,,,Assets,,buildout,2022-12-31,Q4,2024-02-22T23:59:59+00:00,"filing date, end of day",13464337000.0,13296646000.0,167691000.0,same-quarter mean,measured,13,4377,176722615.3846154,-9031615.384615391,-0.0006792401169900584,,,results/complex-quarterly/PWR/2022-12-31
CCI,,,Assets,,data_center_reit,2021-12-31,Q4,2024-02-23T23:59:59+00:00,"filing date, end of day",39040000000.0,39004000000.0,36000000.0,same-quarter mean,measured,12,4390,920870000.0,-884870000.0,-0.022686647523330942,,,results/complex-quarterly/CCI/2021-12-31
D,,,Assets,,power,2022-12-31,Q4,2024-02-23T23:59:59+00:00,"filing date, end of day",104795000000.0,103535000000.0,1260000000.0,same-quarter mean,measured,13,4636,227153846.15384614,1032846153.8461539,0.009975816427740898,,,results/complex-quarterly/D/2022-12-31
DLR,,,Assets,,data_center_reit,2022-12-31,Q4,2024-02-23T23:59:59+00:00,"filing date, end of day",41484998000.0,39215217000.0,2269781000.0,same-quarter mean,measured,12,4017,563004750.0,1706776250.0,0.0435233151967513,,,results/complex-quarterly/DLR/2022-12-31
DUK,,,Assets,,power,2021-12-31,Q4,2024-02-23T23:59:59+00:00,"filing date, end of day",169587000000.0,167007000000.0,2580000000.0,same-quarter mean,measured,12,4017,1508416666.6666667,1071583333.3333333,0.006416397715864205,,,results/complex-quarterly/DUK/2021-12-31
ETR,,,Assets,,power,2021-12-31,Q4,2024-02-23T23:59:59+00:00,"filing date, end of day",59454242000.0,58843499000.0,610743000.0,same-quarter mean,measured,12,3650,612864250.0,-2121250.0,-3.6049011973268277e-05,,,results/complex-quarterly/ETR/2021-12-31
VRT,,,Assets,,buildout,2022-12-31,Q4,2024-02-23T23:59:59+00:00,"filing date, end of day",7095700000.0,6827000000.0,268700000.0,same-quarter mean,measured,4,1082,1483503207.5,-1214803207.5,-0.1779410000732386,,,results/complex-quarterly/VRT/2022-12-31
AEP,,,Assets,,power,2022-12-31,Q4,2024-02-26T23:59:59+00:00,"filing date, end of day",93403300000.0,91249400000.0,2153900000.0,same-quarter mean,measured,13,4473,1246623076.9230769,907276923.0769231,0.009942826178330193,,,results/complex-quarterly/AEP/2022-12-31
AMT,,,Assets,,data_center_reit,2022-12-31,Q4,2024-02-27T23:59:59+00:00,"filing date, end of day",67194500000.0,66512800000.0,681700000.0,same-quarter mean,measured,13,4378,1990303769.2307692,-1308603769.2307692,-0.01967446520415272,,,results/complex-quarterly/AMT/2022-12-31
BWXT,,,Assets,,fuel_and_nuclear,2022-12-31,Q4,2024-02-27T23:59:59+00:00,"filing date, end of day",2618939000.0,2672058000.0,-53119000.0,same-quarter mean,measured,12,3647,49808166.666666664,-102927166.66666666,-0.03851981007398292,,,results/complex-quarterly/BWXT/2022-12-31
CEG,,,Assets,,power,2022-12-31,Q4,2024-02-27T23:59:59+00:00,"filing date, end of day",46909000000.0,46616000000.0,293000000.0,,missing,0,,,,,,,results/complex-quarterly/CEG/2022-12-31
FSLR,,,Assets,,fuel_and_nuclear,2022-12-31,Q4,2024-02-27T23:59:59+00:00,"filing date, end of day",8251228000.0,7492817000.0,758411000.0,same-quarter mean,measured,13,4017,30305615.384615384,728105384.6153846,0.09717378452128013,,,results/complex-quarterly/FSLR/2022-12-31
PRIM,,,Assets,,buildout,2022-12-31,Q4,2024-02-27T23:59:59+00:00,"filing date, end of day",3544020000.0,3454337000.0,89683000.0,same-quarter mean,measured,11,3645,3301454.5454545454,86381545.45454545,0.025006693167037686,,,results/complex-quarterly/PRIM/2022-12-31
SRE,,,Assets,,power,2022-12-31,Q4,2024-02-27T23:59:59+00:00,"filing date, end of day",78574000000.0,75563000000.0,3011000000.0,same-quarter mean,measured,12,3654,804166666.6666666,2206833333.3333335,0.029205210663067024,,,results/complex-quarterly/SRE/2022-12-31
STRL,,,Assets,,buildout,2022-12-31,Q4,2024-02-27T23:59:59+00:00,"filing date, end of day",1441620000.0,1503333000.0,-61713000.0,same-quarter mean,measured,11,3634,17040454.545454547,-78753454.54545455,-0.05238590155704328,,,results/complex-quarterly/STRL/2022-12-31
EME,,,Assets,,buildout,2021-12-31,Q4,2024-02-28T23:59:59+00:00,"filing date, end of day",5441446000.0,5296678000.0,144768000.0,same-quarter mean,measured,11,3649,73601363.63636364,71166636.36363636,0.013436088877525943,,,results/complex-quarterly/EME/2021-12-31
NRG,,,Assets,,power,2022-12-31,Q4,2024-02-28T23:59:59+00:00,"filing date, end of day",29146000000.0,32243000000.0,-3097000000.0,same-quarter mean,measured,13,4384,-285692307.6923077,-2811307692.3076925,-0.087191256778454,,,results/complex-quarterly/NRG/2022-12-31
SBAC,,,Assets,,data_center_reit,2022-12-31,Q4,2024-02-28T23:59:59+00:00,"filing date, end of day",10585041000.0,9949014000.0,636027000.0,same-quarter mean,measured,12,4020,35125666.666666664,600901333.3333334,0.060398078978814725,,,results/complex-quarterly/SBAC/2022-12-31
AI,,,Assets,,compute_and_ai,2024-01-31,Q1,2024-02-29T23:59:59+00:00,"filing date, end of day",1063989000.0,1071114000.0,-7125000.0,same-quarter mean,measured,3,731,298903666.6666667,-306028666.6666667,-0.28571064019951814,,,results/complex-quarterly/AI/2024-01-31
ETN,,,Assets,,buildout,2021-12-31,Q4,2024-02-29T23:59:59+00:00,"filing date, end of day",34027000000.0,34128000000.0,-101000000.0,same-quarter mean,measured,10,3284,3506122365.2,-3607122365.2,-0.10569392771917487,,,results/complex-quarterly/ETN/2021-12-31
PLUG,,,Assets,,fuel_and_nuclear,2022-12-31,Q4,2024-02-29T23:59:59+00:00,"filing date, end of day",5764276000.0,5858804000.0,-94528000.0,same-quarter mean,measured,11,3621,124194371.63636364,-218722371.63636363,-0.03733225614585564,,,results/complex-quarterly/PLUG/2022-12-31
VST,,,Assets,,power,2022-12-31,Q4,2024-02-29T23:59:59+00:00,"filing date, end of day",32787000000.0,35175000000.0,-2388000000.0,same-quarter mean,measured,5,1462,-126200000.0,-2261800000.0,-0.06430135039090262,,,results/complex-quarterly/VST/2022-12-31
DY,,,Assets,,buildout,2023-01-28,Q1,2024-03-01T23:59:59+00:00,"filing date, end of day",2313254000.0,2305296000.0,7958000.0,same-quarter mean,measured,11,4018,-37457272.72727273,45415272.72727273,0.019700408419254068,,,results/complex-quarterly/DY/2023-01-28
MTZ,,,Assets,,buildout,2021-12-31,Q4,2024-03-01T23:59:59+00:00,"filing date, end of day",7121400000.0,6013248000.0,1108152000.0,same-quarter mean,measured,10,3304,-31080500.0,1139232500.0,0.189453769410475,,,results/complex-quarterly/MTZ/2021-12-31
CIFR,,,Assets,,compute_and_ai,2022-12-31,Q4,2024-03-05T23:59:59+00:00,"filing date, end of day",418463000.0,407493000.0,10970000.0,same-quarter mean,measured,2,417,71914759.5,-60944759.5,-0.1495602611578604,,,results/complex-quarterly/CIFR/2022-12-31
ORCL,,,Assets,,hyperscaler,2024-02-29,Q1,2024-03-12T23:59:59+00:00,"filing date, end of day",137082000000.0,134324000000.0,2758000000.0,same-quarter mean,measured,14,4729,790071428.5714285,1967928571.4285715,0.014650610251545305,,,results/complex-quarterly/ORCL/2024-02-29
CORZ,,,Assets,,compute_and_ai,2022-12-31,Q4,2024-03-13T23:59:59+00:00,"filing date, end of day",807686000.0,1404001000.0,-596315000.0,prior same-quarter,measured,1,0,2091791392.0,-2688106392.0,-1.9146043286293957,,,results/complex-quarterly/CORZ/2022-12-31
MRVL,,,Assets,,compute_and_ai,2023-01-28,Q1,2024-03-13T23:59:59+00:00,"filing date, end of day",22522100000.0,22522100000.0,0.0,prior same-quarter,measured,1,0,89758000.0,-89758000.0,-0.003985329964790139,,,results/complex-quarterly/MRVL/2023-01-28
AVGO,,,Assets,,compute_and_ai,2024-02-04,Q1,2024-03-14T23:59:59+00:00,"filing date, end of day",177870000000.0,72861000000.0,105009000000.0,same-quarter mean,measured,5,1454,6783800000.0,98225200000.0,1.3481176486735016,,,results/complex-quarterly/AVGO/2024-02-04
SMR,,,Assets,,fuel_and_nuclear,2022-12-31,Q4,2024-03-15T23:59:59+00:00,"filing date, end of day",348635000.0,404243000.0,-55608000.0,same-quarter mean,measured,2,371,60769820.5,-116377820.5,-0.28789075011812204,,,results/complex-quarterly/SMR/2022-12-31
WULF,,,Assets,,compute_and_ai,2022-12-31,Q4,2024-03-20T23:59:59+00:00,"filing date, end of day",317687000.0,309866000.0,7821000.0,same-quarter mean,measured,11,3678,22750189.90909091,-14929189.90909091,-0.04817950310486117,,,results/complex-quarterly/WULF/2022-12-31
MU,,,Assets,,compute_and_ai,2024-02-29,Q1,2024-03-21T23:59:59+00:00,"filing date, end of day",65718000000.0,63776000000.0,1942000000.0,same-quarter mean,measured,13,4369,1161846153.8461537,780153846.1538463,0.012232718360415302,,,results/complex-quarterly/MU/2024-02-29
OKLO,,,Assets,,fuel_and_nuclear,2022-12-31,Q4,2024-03-29T23:59:59+00:00,"filing date, end of day",510138267.0,506496560.0,3641707.0,prior same-quarter,measured,1,0,-226890.0,3868597.0,0.007637953158062909,,,results/complex-quarterly/OKLO/2022-12-31
AGX,,,Assets,,buildout,2022-01-31,Q1,2024-04-11T23:59:59+00:00,"filing date, end of day",553585000.0,613153000.0,-59568000.0,same-quarter mean,measured,10,3289,6373600.0,-65941600.0,-0.10754509885787071,,,results/complex-quarterly/AGX/2022-01-31
APLD,,,Assets,,compute_and_ai,2024-02-29,Q1,2024-04-11T23:59:59+00:00,"filing date, end of day",643168000.0,480654000.0,162514000.0,same-quarter mean,measured,2,328,44303000.0,118211000.0,0.24593782637822634,,,results/complex-quarterly/APLD/2024-02-29
NEE,,,Assets,,power,2024-03-31,Q1,2024-04-23T23:59:59+00:00,"filing date, end of day",179950000000.0,177489000000.0,2461000000.0,same-quarter mean,measured,14,4741,2036642857.142857,424357142.8571429,0.002390892634795074,,,results/complex-quarterly/NEE/2024-03-31
EME,,,Assets,,buildout,2024-03-31,Q1,2024-04-25T23:59:59+00:00,"filing date, end of day",6687327000.0,6609721000.0,77606000.0,same-quarter mean,measured,13,4382,-32656307.692307692,110262307.6923077,0.016681839928237168,,,results/complex-quarterly/EME/2024-03-31
FIX,,,Assets,,buildout,2024-03-31,Q1,2024-04-25T23:59:59+00:00,"filing date, end of day",3902829000.0,3305579000.0,597250000.0,same-quarter mean,measured,12,4011,35207333.333333336,562042666.6666666,0.17002850836923475,,,results/complex-quarterly/FIX/2024-03-31
META,,,Assets,,hyperscaler,2024-03-31,Q1,2024-04-25T23:59:59+00:00,"filing date, end of day",222844000000.0,229623000000.0,-6779000000.0,same-quarter mean,measured,11,3647,2963909090.909091,-9742909090.909092,-0.04243002264977416,,,results/complex-quarterly/META/2024-03-31
MSFT,,,Assets,,hyperscaler,2024-03-31,Q1,2024-04-25T23:59:59+00:00,"filing date, end of day",484275000000.0,470558000000.0,13717000000.0,same-quarter mean,measured,14,4751,3505714285.714286,10211285714.285713,0.021700376392040328,,,results/complex-quarterly/MSFT/2024-03-31
PCG,,,Assets,,power,2024-03-31,Q1,2024-04-25T23:59:59+00:00,"filing date, end of day",127645000000.0,125698000000.0,1947000000.0,same-quarter mean,measured,14,4745,990285714.2857143,956714285.7142857,0.007611213270810082,,,results/complex-quarterly/PCG/2024-03-31
VRT,,,Assets,,buildout,2024-03-31,Q1,2024-04-26T23:59:59+00:00,"filing date, end of day",7591400000.0,7998500000.0,-407100000.0,same-quarter mean,measured,5,1451,38947727.2,-446047727.2,-0.05576642210414452,,,results/complex-quarterly/VRT/2024-03-31
WY,,,Assets,,data_center_reit,2024-03-31,Q1,2024-04-26T23:59:59+00:00,"filing date, end of day",16756000000.0,16983000000.0,-227000000.0,same-quarter mean,measured,13,4739,-85076923.07692307,-141923076.92307693,-0.008356773062655415,,,results/complex-quarterly/WY/2024-03-31
AEP,,,Assets,,power,2024-03-31,Q1,2024-04-30T23:59:59+00:00,"filing date, end of day",97744600000.0,96684000000.0,1060600000.0,same-quarter mean,measured,14,4752,903921428.5714285,156678571.42857146,0.001620522231481646,,,results/complex-quarterly/AEP/2024-03-31
AMT,,,Assets,,data_center_reit,2023-03-31,Q1,2024-04-30T23:59:59+00:00,"filing date, end of day",66817700000.0,67194500000.0,-376800000.0,same-quarter mean,measured,13,4738,936024692.3076923,-1312824692.3076923,-0.019537680796905883,,,results/complex-quarterly/AMT/2023-03-31
EIX,,,Assets,,power,2024-03-31,Q1,2024-04-30T23:59:59+00:00,"filing date, end of day",83599000000.0,81758000000.0,1841000000.0,same-quarter mean,measured,14,4743,778071428.5714285,1062928571.4285715,0.013000912099471263,,,results/complex-quarterly/EIX/2024-03-31
ETN,,,Assets,,buildout,2024-03-31,Q1,2024-04-30T23:59:59+00:00,"filing date, end of day",38535000000.0,38432000000.0,103000000.0,same-quarter mean,measured,11,3651,126181818.18181819,-23181818.181818187,-0.0006031905230489744,,,results/complex-quarterly/ETN/2024-03-31
GEV,,,Assets,,buildout,2024-03-31,Q1,2024-04-30T23:59:59+00:00,"filing date, end of day",47872000000.0,46121000000.0,1751000000.0,,missing,0,,,,,,,results/complex-quarterly/GEV/2024-03-31
AMD,,,Assets,,compute_and_ai,2024-03-30,Q1,2024-05-01T23:59:59+00:00,"filing date, end of day",67895000000.0,67885000000.0,10000000.0,same-quarter mean,measured,10,3647,5516300000.0,-5506300000.0,-0.08111217500184136,,,results/complex-quarterly/AMD/2024-03-30
AMZN,,,Assets,,hyperscaler,2024-03-31,Q1,2024-05-01T23:59:59+00:00,"filing date, end of day",530969000000.0,527854000000.0,3115000000.0,same-quarter mean,measured,14,4753,-1912928571.4285715,5027928571.428572,0.009525225860614056,,,results/complex-quarterly/AMZN/2024-03-31
CCI,,,Assets,,data_center_reit,2024-03-31,Q1,2024-05-01T23:59:59+00:00,"filing date, end of day",38231000000.0,38527000000.0,-296000000.0,same-quarter mean,measured,14,4741,463786428.5714286,-759786428.5714285,-0.019720882201350442,,,results/complex-quarterly/CCI/2024-03-31
FSLR,,,Assets,,fuel_and_nuclear,2024-03-31,Q1,2024-05-01T23:59:59+00:00,"filing date, end of day",10760582000.0,10365132000.0,395450000.0,same-quarter mean,measured,14,4375,-39223714.28571428,434673714.28571427,0.04193614845288167,,,results/complex-quarterly/FSLR/2024-03-31
PPL,,,Assets,,power,2024-03-31,Q1,2024-05-01T23:59:59+00:00,"filing date, end of day",39631000000.0,39236000000.0,395000000.0,same-quarter mean,measured,14,4746,693785714.2857143,-298785714.28571427,-0.007615091097097417,,,results/complex-quarterly/PPL/2024-03-31
D,,,Assets,,power,2024-03-31,Q1,2024-05-02T23:59:59+00:00,"filing date, end of day",102005000000.0,109080000000.0,-7075000000.0,same-quarter mean,measured,14,4941,2110428571.4285715,-9185428571.428572,-0.08420818272303421,,,results/complex-quarterly/D/2024-03-31
ETR,,,Assets,,power,2024-03-31,Q1,2024-05-02T23:59:59+00:00,"filing date, end of day",61629856000.0,59703396000.0,1926460000.0,same-quarter mean,measured,14,4745,397478714.28571427,1528981285.7142859,0.025609620024199056,,,results/complex-quarterly/ETR/2024-03-31
EXC,,,Assets,,power,2024-03-31,Q1,2024-05-02T23:59:59+00:00,"filing date, end of day",103211000000.0,101856000000.0,1355000000.0,same-quarter mean,measured,14,4758,1066500000.0,288500000.0,0.002832430097392397,,,results/complex-quarterly/EXC/2024-03-31
MTZ,,,Assets,,buildout,2024-03-31,Q1,2024-05-02T23:59:59+00:00,"filing date, end of day",8745353000.0,9373500000.0,-628147000.0,same-quarter mean,measured,12,4018,34868833.333333336,-663015833.3333334,-0.07073300616987607,,,results/complex-quarterly/MTZ/2024-03-31
PWR,,,Assets,,buildout,2024-03-31,Q1,2024-05-02T23:59:59+00:00,"filing date, end of day",15542352000.0,16237225000.0,-694873000.0,same-quarter mean,measured,14,4742,122751142.85714285,-817624142.8571428,-0.05035491858104712,,,results/complex-quarterly/PWR/2024-03-31
SO,,,Assets,,power,2024-03-31,Q1,2024-05-02T23:59:59+00:00,"filing date, end of day",140120000000.0,139331000000.0,789000000.0,same-quarter mean,measured,14,4738,357717500.0,431282500.0,0.003095380783888725,,,results/complex-quarterly/SO/2024-03-31
AAPL,,,Assets,,hyperscaler,2024-03-30,Q1,2024-05-03T23:59:59+00:00,"filing date, end of day",337411000000.0,353514000000.0,-16103000000.0,same-quarter mean,measured,12,4391,-10363083333.333334,-5739916666.666666,-0.016236744985111386,,,results/complex-quarterly/AAPL/2024-03-30
DLR,,,Assets,,data_center_reit,2024-03-31,Q1,2024-05-03T23:59:59+00:00,"filing date, end of day",42633089000.0,44113258000.0,-1480169000.0,same-quarter mean,measured,12,4014,893184833.3333334,-2373353833.3333335,-0.05380137266971606,,,results/complex-quarterly/DLR/2024-03-31
NVT,,,Assets,,buildout,2024-03-31,Q1,2024-05-03T23:59:59+00:00,"filing date, end of day",6169700000.0,6161700000.0,8000000.0,same-quarter mean,measured,6,1816,110583333.33333333,-102583333.33333333,-0.01664854396243461,,,results/complex-quarterly/NVT/2024-03-31
BWXT,,,Assets,,fuel_and_nuclear,2024-03-31,Q1,2024-05-06T23:59:59+00:00,"filing date, end of day",2788010000.0,2747065000.0,40945000.0,same-quarter mean,measured,12,4016,-9732500.0,50677500.0,0.018447870727485518,,,results/complex-quarterly/BWXT/2024-03-31
SBAC,,,Assets,,data_center_reit,2024-03-31,Q1,2024-05-06T23:59:59+00:00,"filing date, end of day",9995266000.0,10178441000.0,-183175000.0,same-quarter mean,measured,13,4386,288892692.3076923,-472067692.3076923,-0.04637917460126677,,,results/complex-quarterly/SBAC/2024-03-31
SMCI,,,Assets,,compute_and_ai,2024-03-31,Q1,2024-05-06T23:59:59+00:00,"filing date, end of day",8862781000.0,5405000000.0,3457781000.0,same-quarter mean,measured,11,4015,75199909.0909091,3382581090.909091,0.6258244386510806,,,results/complex-quarterly/SMCI/2024-03-31
CIFR,,,Assets,,compute_and_ai,2024-03-31,Q1,2024-05-07T23:59:59+00:00,"filing date, end of day",677141000.0,566137000.0,111004000.0,same-quarter mean,measured,4,473,-671811.5,111675811.5,0.19725934093691103,,,results/complex-quarterly/CIFR/2024-03-31
J,,,Assets,,buildout,2024-03-29,Q1,2024-05-07T23:59:59+00:00,"filing date, end of day",14897577000.0,14952204000.0,-54627000.0,same-quarter mean,measured,12,4849,85366916.66666667,-139993916.6666667,-0.009362761280321395,,,results/complex-quarterly/J/2024-03-29
NRG,,,Assets,,power,2024-03-31,Q1,2024-05-07T23:59:59+00:00,"filing date, end of day",25401000000.0,26038000000.0,-637000000.0,same-quarter mean,measured,14,4742,828428571.4285715,-1465428571.4285715,-0.05628038142056116,,,results/complex-quarterly/NRG/2024-03-31
ROK,,,Assets,,buildout,2024-03-31,Q1,2024-05-07T23:59:59+00:00,"filing date, end of day",11367300000.0,11333300000.0,34000000.0,same-quarter mean,measured,14,4740,49707142.85714286,-15707142.857142858,-0.0013859284460080346,,,results/complex-quarterly/ROK/2024-03-31
SRE,,,Assets,,power,2024-03-31,Q1,2024-05-07T23:59:59+00:00,"filing date, end of day",89604000000.0,87181000000.0,2423000000.0,same-quarter mean,measured,13,4378,1778923076.9230769,644076923.0769231,0.0073878129761865904,,,results/complex-quarterly/SRE/2024-03-31
STRL,,,Assets,,buildout,2024-03-31,Q1,2024-05-07T23:59:59+00:00,"filing date, end of day",1817496000.0,1777184000.0,40312000.0,same-quarter mean,measured,12,4010,249166.66666666666,40062833.333333336,0.02254287306960525,,,results/complex-quarterly/STRL/2024-03-31
EQIX,,,Assets,,data_center_reit,2024-03-31,Q1,2024-05-08T23:59:59+00:00,"filing date, end of day",31937000000.0,32651000000.0,-714000000.0,same-quarter mean,measured,13,4389,1090785846.1538463,-1804785846.1538463,-0.055275055776357426,,,results/complex-quarterly/EQIX/2024-03-31
LEU,,,Assets,,fuel_and_nuclear,2024-03-31,Q1,2024-05-08T23:59:59+00:00,"filing date, end of day",750000000.0,796200000.0,-46200000.0,same-quarter mean,measured,13,4388,-137900000.0,91700000.0,0.11517206731976891,,,results/complex-quarterly/LEU/2024-03-31
OKLO,,,Assets,,fuel_and_nuclear,2024-03-31,Q1,2024-05-08T23:59:59+00:00,"filing date, end of day",308214543.0,14885000.0,293329543.0,same-quarter mean,measured,2,364,2156695.0,291172848.0,19.561494659052737,,,results/complex-quarterly/OKLO/2024-03-31
CEG,,,Assets,,power,2024-03-31,Q1,2024-05-09T23:59:59+00:00,"filing date, end of day",52014000000.0,50758000000.0,1256000000.0,same-quarter mean,measured,2,357,-995500000.0,2251500000.0,0.04435753969817566,,,results/complex-quarterly/CEG/2024-03-31
CORZ,,,Assets,,compute_and_ai,2024-03-31,Q1,2024-05-09T23:59:59+00:00,"filing date, end of day",813968000.0,712156000.0,101812000.0,same-quarter mean,measured,3,720,188414874.66666666,-86602874.66666666,-0.12160660679214477,,,results/complex-quarterly/CORZ/2024-03-31
PLUG,,,Assets,,fuel_and_nuclear,2024-03-31,Q1,2024-05-09T23:59:59+00:00,"filing date, end of day",4847306000.0,4902738000.0,-55432000.0,same-quarter mean,measured,12,4011,273008623.8333333,-328440623.8333333,-0.06699126566284662,,,results/complex-quarterly/PLUG/2024-03-31
PRIM,,,Assets,,buildout,2024-03-31,Q1,2024-05-09T23:59:59+00:00,"filing date, end of day",3954447000.0,3827427000.0,127020000.0,same-quarter mean,measured,12,4018,40411500.0,86608500.0,0.022628387164536384,,,results/complex-quarterly/PRIM/2024-03-31
SMR,,,Assets,,fuel_and_nuclear,2024-03-31,Q1,2024-05-09T23:59:59+00:00,"filing date, end of day",229816000.0,224858000.0,4958000.0,same-quarter mean,measured,3,718,31757038.0,-26799038.0,-0.11918205267324267,,,results/complex-quarterly/SMR/2024-03-31
VST,,,Assets,,power,2024-03-31,Q1,2024-05-10T23:59:59+00:00,"filing date, end of day",38178000000.0,32966000000.0,5212000000.0,same-quarter mean,measured,7,2182,211285714.2857143,5000714285.714286,0.15169308638337334,,,results/complex-quarterly/VST/2024-03-31
WULF,,,Assets,,compute_and_ai,2024-03-31,Q1,2024-05-13T23:59:59+00:00,"filing date, end of day",395388000.0,378106000.0,17282000.0,same-quarter mean,measured,12,4018,1766139.5,15515860.5,0.04103574262243921,,,results/complex-quarterly/WULF/2024-03-31
DY,,,Assets,,buildout,2024-04-27,Q2,2024-05-23T23:59:59+00:00,"filing date, end of day",2611608000.0,2516885000.0,94723000.0,same-quarter mean,measured,12,4018,117775000.0,-23052000.0,-0.00915894051575658,,,results/complex-quarterly/DY/2024-04-27
NVDA,,,Assets,,compute_and_ai,2024-04-28,Q2,2024-05-29T23:59:59+00:00,"filing date, end of day",77072000000.0,65728000000.0,11344000000.0,same-quarter mean,measured,14,4753,906207142.8571428,10437792857.142857,0.15880283679927668,,,results/complex-quarterly/NVDA/2024-04-28
MRVL,,,Assets,,compute_and_ai,2024-05-04,Q2,2024-05-31T23:59:59+00:00,"filing date, end of day",20491000000.0,21228500000.0,-737500000.0,same-quarter mean,measured,3,716,3382071000.0,-4119571000.0,-0.19405850625338578,,,results/complex-quarterly/MRVL/2024-05-04
AGX,,,Assets,,buildout,2023-04-30,Q2,2024-06-06T23:59:59+00:00,"filing date, end of day",475694000.0,489487000.0,-13793000.0,same-quarter mean,measured,11,3653,5705363.636363637,-19498363.636363637,-0.03983428290508969,,,results/complex-quarterly/AGX/2023-04-30
AVGO,,,Assets,,compute_and_ai,2024-05-05,Q2,2024-06-13T23:59:59+00:00,"filing date, end of day",175211000000.0,177870000000.0,-2659000000.0,same-quarter mean,measured,6,1819,-732666666.6666666,-1926333333.3333335,-0.010830006933903038,,,results/complex-quarterly/AVGO/2024-05-05
AI,,,Assets,,compute_and_ai,2023-04-30,Q2,2024-06-18T23:59:59+00:00,"filing date, end of day",1103028000.0,1095213000.0,7815000.0,same-quarter mean,measured,2,364,-2361000.0,10176000.0,0.009291343327736248,,,results/complex-quarterly/AI/2023-04-30
NNE,,,Assets,,fuel_and_nuclear,2024-03-31,Q1,2024-06-20T23:59:59+00:00,"filing date, end of day",8870018.0,7233652.0,1636366.0,,missing,0,,,,,,,results/complex-quarterly/NNE/2024-03-31
ORCL,,,Assets,,hyperscaler,2023-05-31,Q2,2024-06-20T23:59:59+00:00,"filing date, end of day",134384000000.0,131620000000.0,2764000000.0,same-quarter mean,measured,13,4375,6029307692.307693,-3265307692.3076925,-0.024808598178906644,,,results/complex-quarterly/ORCL/2023-05-31
MU,,,Assets,,compute_and_ai,2024-05-30,Q2,2024-06-27T23:59:59+00:00,"filing date, end of day",66255000000.0,65718000000.0,537000000.0,same-quarter mean,measured,13,4370,699384615.3846154,-162384615.38461542,-0.0024709305728204665,,,results/complex-quarterly/MU/2024-05-30
GEV,,,Assets,,buildout,2024-06-30,Q2,2024-07-24T23:59:59+00:00,"filing date, end of day",48052000000.0,47872000000.0,180000000.0,,missing,0,,,,,,,results/complex-quarterly/GEV/2024-06-30
NEE,,,Assets,,power,2024-06-30,Q2,2024-07-24T23:59:59+00:00,"filing date, end of day",184724000000.0,179950000000.0,4774000000.0,same-quarter mean,measured,15,5108,1871600000.0,2902400000.0,0.01612892470130592,,,results/complex-quarterly/NEE/2024-06-30
EIX,,,Assets,,power,2024-06-30,Q2,2024-07-25T23:59:59+00:00,"filing date, end of day",84818000000.0,83599000000.0,1219000000.0,same-quarter mean,measured,15,5102,463400000.0,755600000.0,0.009038385626622328,,,results/complex-quarterly/EIX/2024-06-30
EME,,,Assets,,buildout,2024-06-30,Q2,2024-07-25T23:59:59+00:00,"filing date, end of day",7072549000.0,6687327000.0,385222000.0,same-quarter mean,measured,14,4746,52314857.14285714,332907142.85714287,0.04978179515629232,,,results/complex-quarterly/EME/2024-06-30
FIX,,,Assets,,buildout,2024-06-30,Q2,2024-07-25T23:59:59+00:00,"filing date, end of day",4213984000.0,3902829000.0,311155000.0,same-quarter mean,measured,13,4376,84268230.76923077,226886769.23076922,0.05813392521957001,,,results/complex-quarterly/FIX/2024-06-30
PCG,,,Assets,,power,2024-06-30,Q2,2024-07-25T23:59:59+00:00,"filing date, end of day",130788000000.0,127645000000.0,3143000000.0,same-quarter mean,measured,15,5104,3171200000.0,-28200000.0,-0.00022092522229621216,,,results/complex-quarterly/PCG/2024-06-30
VRT,,,Assets,,buildout,2024-06-30,Q2,2024-07-26T23:59:59+00:00,"filing date, end of day",8108300000.0,7591400000.0,516900000.0,same-quarter mean,measured,6,1821,147022917.66666666,369877082.3333334,0.04872317126397415,,,results/complex-quarterly/VRT/2024-06-30
WY,,,Assets,,data_center_reit,2024-06-30,Q2,2024-07-26T23:59:59+00:00,"filing date, end of day",16800000000.0,16756000000.0,44000000.0,same-quarter mean,measured,15,5100,751133333.3333334,-707133333.3333334,-0.04220179836078619,,,results/complex-quarterly/WY/2024-06-30
AEP,,,Assets,,power,2024-06-30,Q2,2024-07-30T23:59:59+00:00,"filing date, end of day",99622600000.0,97744600000.0,1878000000.0,same-quarter mean,measured,15,5105,867666666.6666666,1010333333.3333334,0.01033646189491116,,,results/complex-quarterly/AEP/2024-06-30
AMT,,,Assets,,data_center_reit,2023-06-30,Q2,2024-07-30T23:59:59+00:00,"filing date, end of day",66879000000.0,66817700000.0,61300000.0,same-quarter mean,measured,14,5103,1083877142.857143,-1022577142.8571429,-0.01530398596265874,,,results/complex-quarterly/AMT/2023-06-30
CCI,,,Assets,,data_center_reit,2024-06-30,Q2,2024-07-30T23:59:59+00:00,"filing date, end of day",38246000000.0,38231000000.0,15000000.0,same-quarter mean,measured,15,5087,304198133.3333333,-289198133.3333333,-0.007564493037936055,,,results/complex-quarterly/CCI/2024-06-30
FSLR,,,Assets,,fuel_and_nuclear,2024-06-30,Q2,2024-07-30T23:59:59+00:00,"filing date, end of day",11014255000.0,10760582000.0,253673000.0,same-quarter mean,measured,15,4742,195679800.0,57993200.0,0.005389411093191799,,,results/complex-quarterly/FSLR/2024-06-30
AMD,,,Assets,,compute_and_ai,2024-06-29,Q2,2024-07-31T23:59:59+00:00,"filing date, end of day",67886000000.0,67895000000.0,-9000000.0,same-quarter mean,measured,14,4655,-57571428.571428575,48571428.571428575,0.000715390361166928,,,results/complex-quarterly/AMD/2024-06-29
ARM,,,Assets,,compute_and_ai,2024-06-30,Q2,2024-08-01T23:59:59+00:00,"filing date, end of day",7880000000.0,7927000000.0,-47000000.0,,missing,0,,,,,,,results/complex-quarterly/ARM/2024-06-30
D,,,Assets,,power,2024-06-30,Q2,2024-08-01T23:59:59+00:00,"filing date, end of day",100417000000.0,102005000000.0,-1588000000.0,same-quarter mean,measured,15,5213,791000000.0,-2379000000.0,-0.023322386157541296,,,results/complex-quarterly/D/2024-06-30
ETN,,,Assets,,buildout,2024-06-30,Q2,2024-08-01T23:59:59+00:00,"filing date, end of day",39381000000.0,38535000000.0,846000000.0,same-quarter mean,measured,11,3616,335727272.72727275,510272727.27272725,0.013241799072861743,,,results/complex-quarterly/ETN/2024-06-30
EXC,,,Assets,,power,2024-06-30,Q2,2024-08-01T23:59:59+00:00,"filing date, end of day",105113000000.0,103211000000.0,1902000000.0,same-quarter mean,measured,15,5122,217333333.33333334,1684666666.6666667,0.016322549599041447,,,results/complex-quarterly/EXC/2024-06-30
META,,,Assets,,hyperscaler,2024-06-30,Q2,2024-08-01T23:59:59+00:00,"filing date, end of day",230238000000.0,222844000000.0,7394000000.0,same-quarter mean,measured,12,4013,5574666666.666667,1819333333.333333,0.008164156689582546,,,results/complex-quarterly/META/2024-06-30
MTZ,,,Assets,,buildout,2024-06-30,Q2,2024-08-01T23:59:59+00:00,"filing date, end of day",8678986000.0,8745353000.0,-66367000.0,same-quarter mean,measured,13,4383,260425153.84615386,-326792153.84615386,-0.037367520081368226,,,results/complex-quarterly/MTZ/2024-06-30
PWR,,,Assets,,buildout,2024-06-30,Q2,2024-08-01T23:59:59+00:00,"filing date, end of day",15929150000.0,15542352000.0,386798000.0,same-quarter mean,measured,15,5106,109750933.33333333,277047066.6666667,0.01782529868495236,,,results/complex-quarterly/PWR/2024-06-30
SO,,,Assets,,power,2024-06-30,Q2,2024-08-01T23:59:59+00:00,"filing date, end of day",141937000000.0,140120000000.0,1817000000.0,same-quarter mean,measured,15,5089,2125432933.3333333,-308432933.33333325,-0.0022012056332667233,,,results/complex-quarterly/SO/2024-06-30
AAPL,,,Assets,,hyperscaler,2024-06-29,Q2,2024-08-02T23:59:59+00:00,"filing date, end of day",331612000000.0,337411000000.0,-5799000000.0,same-quarter mean,measured,15,5035,226133333.33333334,-6025133333.333333,-0.017856955858977133,,,results/complex-quarterly/AAPL/2024-06-29
AMZN,,,Assets,,hyperscaler,2024-06-30,Q2,2024-08-02T23:59:59+00:00,"filing date, end of day",554818000000.0,530969000000.0,23849000000.0,same-quarter mean,measured,15,5124,8990533333.333334,14858466666.666666,0.027983680152074163,,,results/complex-quarterly/AMZN/2024-06-30
DLR,,,Assets,,data_center_reit,2024-06-30,Q2,2024-08-02T23:59:59+00:00,"filing date, end of day",43606883000.0,42633089000.0,973794000.0,same-quarter mean,measured,14,4740,213352571.42857143,760441428.5714285,0.01783688319116235,,,results/complex-quarterly/DLR/2024-06-30
ETR,,,Assets,,power,2024-06-30,Q2,2024-08-02T23:59:59+00:00,"filing date, end of day",62766297000.0,61629856000.0,1136441000.0,same-quarter mean,measured,15,5081,-53701466.666666664,1190142466.6666667,0.019311134958138906,,,results/complex-quarterly/ETR/2024-06-30
PPL,,,Assets,,power,2024-06-30,Q2,2024-08-02T23:59:59+00:00,"filing date, end of day",39839000000.0,39631000000.0,208000000.0,same-quarter mean,measured,15,5092,-460000000.0,668000000.0,0.01685549191289647,,,results/complex-quarterly/PPL/2024-06-30
SBAC,,,Assets,,data_center_reit,2024-06-30,Q2,2024-08-02T23:59:59+00:00,"filing date, end of day",9786178000.0,9995266000.0,-209088000.0,same-quarter mean,measured,14,4747,211850642.85714287,-420938642.85714287,-0.042113800959088316,,,results/complex-quarterly/SBAC/2024-06-30
BWXT,,,Assets,,fuel_and_nuclear,2024-06-30,Q2,2024-08-05T23:59:59+00:00,"filing date, end of day",2840633000.0,2788010000.0,52623000.0,same-quarter mean,measured,13,4378,-43662076.92307692,96285076.92307693,0.03453541304481581,,,results/complex-quarterly/BWXT/2024-06-30
CEG,,,Assets,,power,2024-06-30,Q2,2024-08-06T23:59:59+00:00,"filing date, end of day",51340000000.0,52014000000.0,-674000000.0,same-quarter mean,measured,2,364,-556000000.0,-118000000.0,-0.002268619986926597,,,results/complex-quarterly/CEG/2024-06-30
J,,,Assets,,buildout,2024-06-28,Q2,2024-08-06T23:59:59+00:00,"filing date, end of day",15048290000.0,14897577000.0,150713000.0,same-quarter mean,measured,15,5122,186106133.33333334,-35393133.33333334,-0.002375764416813106,,,results/complex-quarterly/J/2024-06-28
NVT,,,Assets,,buildout,2024-06-30,Q2,2024-08-06T23:59:59+00:00,"filing date, end of day",6188100000.0,6169700000.0,18400000.0,same-quarter mean,measured,6,1828,104583333.33333333,-86183333.33333333,-0.013968804533985985,,,results/complex-quarterly/NVT/2024-06-30
PRIM,,,Assets,,buildout,2024-06-30,Q2,2024-08-06T23:59:59+00:00,"filing date, end of day",4049888000.0,3954447000.0,95441000.0,same-quarter mean,measured,13,4386,80838615.38461539,14602384.615384609,0.0036926489634036335,,,results/complex-quarterly/PRIM/2024-06-30
SRE,,,Assets,,power,2024-06-30,Q2,2024-08-06T23:59:59+00:00,"filing date, end of day",90473000000.0,89604000000.0,869000000.0,same-quarter mean,measured,13,4377,669384615.3846154,199615384.61538458,0.0022277508215635972,,,results/complex-quarterly/SRE/2024-06-30
STRL,,,Assets,,buildout,2024-06-30,Q2,2024-08-06T23:59:59+00:00,"filing date, end of day",1964550000.0,1817496000.0,147054000.0,same-quarter mean,measured,13,4383,58068230.76923077,88985769.23076923,0.04896064103071986,,,results/complex-quarterly/STRL/2024-06-30
EQIX,,,Assets,,data_center_reit,2024-06-30,Q2,2024-08-07T23:59:59+00:00,"filing date, end of day",32854000000.0,31937000000.0,917000000.0,same-quarter mean,measured,14,4748,541614357.1428572,375385642.8571428,0.0117539419124258,,,results/complex-quarterly/EQIX/2024-06-30
LEU,,,Assets,,fuel_and_nuclear,2024-06-30,Q2,2024-08-07T23:59:59+00:00,"filing date, end of day",668200000.0,750000000.0,-81800000.0,same-quarter mean,measured,14,4747,17421428.57142857,-99221428.57142857,-0.13229523809523808,,,results/complex-quarterly/LEU/2024-06-30
ROK,,,Assets,,buildout,2024-06-30,Q2,2024-08-07T23:59:59+00:00,"filing date, end of day",11188600000.0,11367300000.0,-178700000.0,same-quarter mean,measured,15,5110,62973333.333333336,-241673333.33333334,-0.021260398980701957,,,results/complex-quarterly/ROK/2024-06-30
NRG,,,Assets,,power,2024-06-30,Q2,2024-08-08T23:59:59+00:00,"filing date, end of day",25762000000.0,25401000000.0,361000000.0,same-quarter mean,measured,15,5096,258266666.66666666,102733333.33333334,0.004044460191855964,,,results/complex-quarterly/NRG/2024-06-30
PLUG,,,Assets,,fuel_and_nuclear,2024-06-30,Q2,2024-08-08T23:59:59+00:00,"filing date, end of day",4779853000.0,4847306000.0,-67453000.0,same-quarter mean,measured,13,4381,21996684.923076924,-89449684.92307693,-0.018453484249411307,,,results/complex-quarterly/PLUG/2024-06-30
SMR,,,Assets,,fuel_and_nuclear,2024-06-30,Q2,2024-08-09T23:59:59+00:00,"filing date, end of day",229233000.0,229816000.0,-583000.0,same-quarter mean,measured,3,726,50316052.0,-50899052.0,-0.2214774080133672,,,results/complex-quarterly/SMR/2024-06-30
VST,,,Assets,,power,2024-06-30,Q2,2024-08-09T23:59:59+00:00,"filing date, end of day",39125000000.0,38178000000.0,947000000.0,same-quarter mean,measured,7,2196,2496000000.0,-1549000000.0,-0.040573104929540575,,,results/complex-quarterly/VST/2024-06-30
CIFR,,,Assets,,compute_and_ai,2024-06-30,Q2,2024-08-13T23:59:59+00:00,"filing date, end of day",775592000.0,677141000.0,98451000.0,same-quarter mean,measured,3,564,-4153975.0,102604975.0,0.15152674996787965,,,results/complex-quarterly/CIFR/2024-06-30
TLN,,,Assets,,power,2024-06-30,Q2,2024-08-13T23:59:59+00:00,"filing date, end of day",7082000000.0,7121000000.0,-39000000.0,same-quarter mean,measured,2,359,955000000.0,-994000000.0,-0.13958713663811262,,,results/complex-quarterly/TLN/2024-06-30
WULF,,,Assets,,compute_and_ai,2024-06-30,Q2,2024-08-13T23:59:59+00:00,"filing date, end of day",479568000.0,395388000.0,84180000.0,same-quarter mean,measured,13,4385,1134553.8461538462,83045446.15384616,0.21003532265482552,,,results/complex-quarterly/WULF/2024-06-30
NNE,,,Assets,,fuel_and_nuclear,2024-06-30,Q2,2024-08-14T23:59:59+00:00,"filing date, end of day",16427718.0,8870018.0,7557700.0,,missing,0,,,,,,,results/complex-quarterly/NNE/2024-06-30
OKLO,,,Assets,,fuel_and_nuclear,2024-06-30,Q2,2024-08-14T23:59:59+00:00,"filing date, end of day",299185613.0,308214543.0,-9028930.0,same-quarter mean,measured,2,364,1174369.0,-10203299.0,-0.0331045345903746,,,results/complex-quarterly/OKLO/2024-06-30
DY,,,Assets,,buildout,2024-07-27,Q3,2024-08-22T23:59:59+00:00,"filing date, end of day",2779395000.0,2611608000.0,167787000.0,same-quarter mean,measured,12,3632,3967500.0,163819500.0,0.06272744607919718,,,results/complex-quarterly/DY/2024-07-27
NVDA,,,Assets,,compute_and_ai,2024-07-28,Q3,2024-08-28T23:59:59+00:00,"filing date, end of day",85227000000.0,77072000000.0,8155000000.0,same-quarter mean,measured,15,5121,992962333.3333334,7162037666.666667,0.09292658380042904,,,results/complex-quarterly/NVDA/2024-07-28
APLD,,,Assets,,compute_and_ai,2023-05-31,Q2,2024-08-30T23:59:59+00:00,"filing date, end of day",263957000.0,207607000.0,56350000.0,prior same-quarter,measured,1,0,56486000.0,-136000.0,-0.0006550838844547631,,,results/complex-quarterly/APLD/2023-05-31
MRVL,,,Assets,,compute_and_ai,2024-08-03,Q3,2024-08-30T23:59:59+00:00,"filing date, end of day",20293400000.0,20491000000.0,-197600000.0,same-quarter mean,measured,3,728,-263668333.33333334,66068333.33333334,0.003224261057700129,,,results/complex-quarterly/MRVL/2024-08-03
AGX,,,Assets,,buildout,2023-07-31,Q3,2024-09-05T23:59:59+00:00,"filing date, end of day",505708000.0,475694000.0,30014000.0,same-quarter mean,measured,12,4009,1264666.6666666667,28749333.333333332,0.06043661121084843,,,results/complex-quarterly/AGX/2023-07-31
AI,,,Assets,,compute_and_ai,2024-07-31,Q3,2024-09-05T23:59:59+00:00,"filing date, end of day",1057620000.0,1038225000.0,19395000.0,same-quarter mean,measured,3,735,-17425000.0,36820000.0,0.035464374292662956,,,results/complex-quarterly/AI/2024-07-31
ORCL,,,Assets,,hyperscaler,2024-08-31,Q3,2024-09-10T23:59:59+00:00,"filing date, end of day",144214000000.0,140976000000.0,3238000000.0,same-quarter mean,measured,15,5104,2104133333.3333333,1133866666.6666667,0.008042976582302425,,,results/complex-quarterly/ORCL/2024-08-31
AVGO,,,Assets,,compute_and_ai,2024-08-04,Q3,2024-09-11T23:59:59+00:00,"filing date, end of day",167966000000.0,175211000000.0,-7245000000.0,same-quarter mean,measured,6,1819,-1345333333.3333333,-5899666666.666667,-0.03367178240331182,,,results/complex-quarterly/AVGO/2024-08-04
MU,,,Assets,,compute_and_ai,2023-08-31,Q3,2024-10-04T23:59:59+00:00,"filing date, end of day",64254000000.0,65680000000.0,-1426000000.0,same-quarter mean,measured,13,4364,1650461538.4615386,-3076461538.4615383,-0.046840157406539865,,,results/complex-quarterly/MU/2023-08-31
APLD,,,Assets,,compute_and_ai,2024-08-31,Q3,2024-10-09T23:59:59+00:00,"filing date, end of day",937732000.0,762867000.0,174865000.0,same-quarter mean,measured,2,363,55568000.0,119297000.0,0.1563798145679391,,,results/complex-quarterly/APLD/2024-08-31
GEV,,,Assets,,buildout,2024-09-30,Q3,2024-10-23T23:59:59+00:00,"filing date, end of day",50853000000.0,48052000000.0,2801000000.0,,missing,0,,,,,,,results/complex-quarterly/GEV/2024-09-30
NEE,,,Assets,,power,2024-09-30,Q3,2024-10-23T23:59:59+00:00,"filing date, end of day",186013000000.0,184724000000.0,1289000000.0,same-quarter mean,measured,15,5121,2750933333.3333335,-1461933333.3333335,-0.007914149397659933,,,results/complex-quarterly/NEE/2024-09-30
FIX,,,Assets,,buildout,2024-09-30,Q3,2024-10-24T23:59:59+00:00,"filing date, end of day",4412765000.0,4213984000.0,198781000.0,same-quarter mean,measured,13,4371,42173000.0,156608000.0,0.037163881020905634,,,results/complex-quarterly/FIX/2024-09-30
VRT,,,Assets,,buildout,2024-09-30,Q3,2024-10-25T23:59:59+00:00,"filing date, end of day",8891400000.0,8108300000.0,783100000.0,same-quarter mean,measured,6,1816,22447671.333333332,760652328.6666666,0.09381156699513667,,,results/complex-quarterly/VRT/2024-09-30
WY,,,Assets,,data_center_reit,2024-09-30,Q3,2024-10-25T23:59:59+00:00,"filing date, end of day",16668000000.0,16800000000.0,-132000000.0,same-quarter mean,measured,15,5103,-273066666.6666667,141066666.6666667,0.008396825396825397,,,results/complex-quarterly/WY/2024-09-30
AMT,,,Assets,,data_center_reit,2023-09-30,Q3,2024-10-29T23:59:59+00:00,"filing date, end of day",65653000000.0,66879000000.0,-1226000000.0,same-quarter mean,measured,14,5103,363184642.85714287,-1589184642.857143,-0.023762087394505645,,,results/complex-quarterly/AMT/2023-09-30
EIX,,,Assets,,power,2024-09-30,Q3,2024-10-29T23:59:59+00:00,"filing date, end of day",84749000000.0,84818000000.0,-69000000.0,same-quarter mean,measured,15,5108,1316333333.3333333,-1385333333.3333333,-0.016333011074693263,,,results/complex-quarterly/EIX/2024-09-30
FSLR,,,Assets,,fuel_and_nuclear,2024-09-30,Q3,2024-10-29T23:59:59+00:00,"filing date, end of day",11436638000.0,11014255000.0,422383000.0,same-quarter mean,measured,15,4747,261979600.0,160403400.0,0.014563254618673709,,,results/complex-quarterly/FSLR/2024-09-30
LEU,,,Assets,,fuel_and_nuclear,2024-09-30,Q3,2024-10-29T23:59:59+00:00,"filing date, end of day",591000000.0,668200000.0,-77200000.0,same-quarter mean,measured,13,4753,-24646153.846153848,-52553846.15384615,-0.07864987451937466,,,results/complex-quarterly/LEU/2024-09-30
AMD,,,Assets,,compute_and_ai,2024-09-28,Q3,2024-10-30T23:59:59+00:00,"filing date, end of day",69636000000.0,67886000000.0,1750000000.0,same-quarter mean,measured,16,4746,109875000.0,1640125000.0,0.02415998880476092,,,results/complex-quarterly/AMD/2024-09-28
CCI,,,Assets,,data_center_reit,2024-09-30,Q3,2024-10-30T23:59:59+00:00,"filing date, end of day",38043000000.0,38246000000.0,-203000000.0,same-quarter mean,measured,15,5108,408990400.0,-611990400.0,-0.016001422370966897,,,results/complex-quarterly/CCI/2024-09-30
EQIX,,,Assets,,data_center_reit,2024-09-30,Q3,2024-10-30T23:59:59+00:00,"filing date, end of day",35438000000.0,32854000000.0,2584000000.0,same-quarter mean,measured,14,4746,69252642.85714285,2514747357.142857,0.07654311064536608,,,results/complex-quarterly/EQIX/2024-09-30
EXC,,,Assets,,power,2024-09-30,Q3,2024-10-30T23:59:59+00:00,"filing date, end of day",106070000000.0,105113000000.0,957000000.0,same-quarter mean,measured,14,4759,1743785714.2857144,-786785714.2857144,-0.007485141840549831,,,results/complex-quarterly/EXC/2024-09-30
MSFT,,,Assets,,hyperscaler,2024-09-30,Q3,2024-10-30T23:59:59+00:00,"filing date, end of day",523013000000.0,512163000000.0,10850000000.0,same-quarter mean,measured,15,5114,2878200000.0,7971800000.0,0.015564966621954338,,,results/complex-quarterly/MSFT/2024-09-30
CIFR,,,Assets,,compute_and_ai,2024-09-30,Q3,2024-10-31T23:59:59+00:00,"filing date, end of day",775438000.0,775592000.0,-154000.0,same-quarter mean,measured,3,726,92186076.0,-92340076.0,-0.11905754056256382,,,results/complex-quarterly/CIFR/2024-09-30
EME,,,Assets,,buildout,2024-09-30,Q3,2024-10-31T23:59:59+00:00,"filing date, end of day",7321952000.0,7072549000.0,249403000.0,same-quarter mean,measured,14,4741,135297285.7142857,114105714.2857143,0.016133605336027264,,,results/complex-quarterly/EME/2024-09-30
ETN,,,Assets,,buildout,2024-09-30,Q3,2024-10-31T23:59:59+00:00,"filing date, end of day",39236000000.0,39381000000.0,-145000000.0,same-quarter mean,measured,12,4003,-1721185304.3333333,1576185304.3333333,0.04002400407133728,,,results/complex-quarterly/ETN/2024-09-30
META,,,Assets,,hyperscaler,2024-09-30,Q3,2024-10-31T23:59:59+00:00,"filing date, end of day",256408000000.0,230238000000.0,26170000000.0,same-quarter mean,measured,12,4019,4105583333.3333335,22064416666.666668,0.0958330799723185,,,results/complex-quarterly/META/2024-09-30
MTZ,,,Assets,,buildout,2024-09-30,Q3,2024-10-31T23:59:59+00:00,"filing date, end of day",8762972000.0,8678986000.0,83986000.0,same-quarter mean,measured,13,4382,111922307.6923077,-27936307.692307696,-0.003218844654468586,,,results/complex-quarterly/MTZ/2024-09-30
PWR,,,Assets,,buildout,2024-09-30,Q3,2024-10-31T23:59:59+00:00,"filing date, end of day",18866300000.0,15929150000.0,2937150000.0,same-quarter mean,measured,15,5106,386695000.0,2550455000.0,0.16011243537790779,,,results/complex-quarterly/PWR/2024-09-30
SO,,,Assets,,power,2024-09-30,Q3,2024-10-31T23:59:59+00:00,"filing date, end of day",143956000000.0,141937000000.0,2019000000.0,same-quarter mean,measured,15,5109,2159963200.0,-140963200.0,-0.0009931392096493516,,,results/complex-quarterly/SO/2024-09-30
AAPL,,,Assets,,hyperscaler,2023-09-30,Q3,2024-11-01T23:59:59+00:00,"filing date, end of day",352583000000.0,335038000000.0,17545000000.0,same-quarter mean,measured,16,4391,12685187500.0,4859812500.0,0.01450525761256932,,,results/complex-quarterly/AAPL/2023-09-30
AMZN,,,Assets,,hyperscaler,2024-09-30,Q3,2024-11-01T23:59:59+00:00,"filing date, end of day",584626000000.0,554818000000.0,29808000000.0,same-quarter mean,measured,15,5117,8603200000.0,21204800000.0,0.03821938004895299,,,results/complex-quarterly/AMZN/2024-09-30
D,,,Assets,,power,2024-09-30,Q3,2024-11-01T23:59:59+00:00,"filing date, end of day",99820000000.0,100417000000.0,-597000000.0,same-quarter mean,measured,15,5119,1217733333.3333333,-1814733333.3333333,-0.018071973205068197,,,results/complex-quarterly/D/2024-09-30
DLR,,,Assets,,data_center_reit,2024-09-30,Q3,2024-11-01T23:59:59+00:00,"filing date, end of day",45295391000.0,43606883000.0,1688508000.0,same-quarter mean,measured,13,4385,1188958923.0769231,499549076.92307687,0.011455739152992818,,,results/complex-quarterly/DLR/2024-09-30
ETR,,,Assets,,power,2024-09-30,Q3,2024-11-01T23:59:59+00:00,"filing date, end of day",64462049000.0,62766297000.0,1695752000.0,same-quarter mean,measured,15,5109,772742600.0,923009400.0,0.01470549393729568,,,results/complex-quarterly/ETR/2024-09-30
NVT,,,Assets,,buildout,2024-09-30,Q3,2024-11-01T23:59:59+00:00,"filing date, end of day",6918000000.0,6188100000.0,729900000.0,same-quarter mean,measured,6,1828,-6866666.666666667,736766666.6666666,0.11906185528137338,,,results/complex-quarterly/NVT/2024-09-30
PPL,,,Assets,,power,2024-09-30,Q3,2024-11-01T23:59:59+00:00,"filing date, end of day",40472000000.0,39839000000.0,633000000.0,same-quarter mean,measured,15,5116,138400000.0,494600000.0,0.012414970255277493,,,results/complex-quarterly/PPL/2024-09-30
SBAC,,,Assets,,data_center_reit,2024-09-30,Q3,2024-11-01T23:59:59+00:00,"filing date, end of day",10201663000.0,9786178000.0,415485000.0,same-quarter mean,measured,14,4751,-54179571.428571425,469664571.4285714,0.047992645487193404,,,results/complex-quarterly/SBAC/2024-09-30
BWXT,,,Assets,,fuel_and_nuclear,2024-09-30,Q3,2024-11-04T23:59:59+00:00,"filing date, end of day",2947460000.0,2840633000.0,106827000.0,same-quarter mean,measured,13,4377,24061384.615384616,82765615.38461539,0.029136328200304436,,,results/complex-quarterly/BWXT/2024-09-30
CEG,,,Assets,,power,2024-09-30,Q3,2024-11-04T23:59:59+00:00,"filing date, end of day",51834000000.0,51340000000.0,494000000.0,same-quarter mean,measured,2,363,1844500000.0,-1350500000.0,-0.026305025321386833,,,results/complex-quarterly/CEG/2024-09-30
PRIM,,,Assets,,buildout,2024-09-30,Q3,2024-11-05T23:59:59+00:00,"filing date, end of day",4240293000.0,4049888000.0,190405000.0,same-quarter mean,measured,13,4383,110547384.61538461,79857615.38461539,0.01971847502563414,,,results/complex-quarterly/PRIM/2024-09-30
AEP,,,Assets,,power,2024-09-30,Q3,2024-11-06T23:59:59+00:00,"filing date, end of day",100119100000.0,99622600000.0,496500000.0,same-quarter mean,measured,15,5116,396046666.6666667,100453333.33333331,0.0010083388039795519,,,results/complex-quarterly/AEP/2024-09-30
SRE,,,Assets,,power,2024-09-30,Q3,2024-11-06T23:59:59+00:00,"filing date, end of day",93748000000.0,90473000000.0,3275000000.0,same-quarter mean,measured,13,4383,979538461.5384616,2295461538.4615383,0.025371785377532947,,,results/complex-quarterly/SRE/2024-09-30
ARM,,,Assets,,compute_and_ai,2024-09-30,Q3,2024-11-07T23:59:59+00:00,"filing date, end of day",8086000000.0,7880000000.0,206000000.0,prior same-quarter,measured,1,0,-56000000.0,262000000.0,0.033248730964467,,,results/complex-quarterly/ARM/2024-09-30
DUK,,,Assets,,power,2024-09-30,Q3,2024-11-07T23:59:59+00:00,"filing date, end of day",183566000000.0,181575000000.0,1991000000.0,same-quarter mean,measured,15,5109,5444266666.666667,-3453266666.666667,-0.019018403781724726,,,results/complex-quarterly/DUK/2024-09-30
PCG,,,Assets,,power,2024-09-30,Q3,2024-11-07T23:59:59+00:00,"filing date, end of day",132319000000.0,130788000000.0,1531000000.0,same-quarter mean,measured,15,5110,305266666.6666667,1225733333.3333333,0.009371909757266211,,,results/complex-quarterly/PCG/2024-09-30
STRL,,,Assets,,buildout,2024-09-30,Q3,2024-11-07T23:59:59+00:00,"filing date, end of day",2023585000.0,1964550000.0,59035000.0,same-quarter mean,measured,13,4382,36389615.384615384,22645384.615384616,0.01152700853395669,,,results/complex-quarterly/STRL/2024-09-30
NRG,,,Assets,,power,2024-09-30,Q3,2024-11-08T23:59:59+00:00,"filing date, end of day",23724000000.0,25762000000.0,-2038000000.0,same-quarter mean,measured,15,5113,-370600000.0,-1667400000.0,-0.06472323577362006,,,results/complex-quarterly/NRG/2024-09-30
SMR,,,Assets,,fuel_and_nuclear,2024-09-30,Q3,2024-11-08T23:59:59+00:00,"filing date, end of day",253284000.0,229233000.0,24051000.0,same-quarter mean,measured,3,688,-1370838.6666666667,25421838.666666668,0.11089955925484841,,,results/complex-quarterly/SMR/2024-09-30
VST,,,Assets,,power,2024-09-30,Q3,2024-11-08T23:59:59+00:00,"filing date, end of day",37878000000.0,39125000000.0,-1247000000.0,same-quarter mean,measured,7,2195,120857142.85714285,-1367857142.857143,-0.03496120492925605,,,results/complex-quarterly/VST/2024-09-30
PLUG,,,Assets,,fuel_and_nuclear,2024-09-30,Q3,2024-11-12T23:59:59+00:00,"filing date, end of day",4724874000.0,4779853000.0,-54979000.0,same-quarter mean,measured,13,4383,43021045.92307692,-98000045.92307693,-0.020502732180901154,,,results/complex-quarterly/PLUG/2024-09-30
ROK,,,Assets,,buildout,2022-09-30,Q3,2024-11-12T23:59:59+00:00,"filing date, end of day",10758700000.0,10799900000.0,-41200000.0,same-quarter mean,measured,13,4377,251653846.15384614,-292853846.15384614,-0.027116347943392637,,,results/complex-quarterly/ROK/2022-09-30
WULF,,,Assets,,compute_and_ai,2024-09-30,Q3,2024-11-12T23:59:59+00:00,"filing date, end of day",405905000.0,479568000.0,-73663000.0,same-quarter mean,measured,13,4391,356546.6153846154,-74019546.61538461,-0.15434630045245848,,,results/complex-quarterly/WULF/2024-09-30
OKLO,,,Assets,,fuel_and_nuclear,2024-09-30,Q3,2024-11-14T23:59:59+00:00,"filing date, end of day",293793833.0,299185613.0,-5391780.0,same-quarter mean,measured,3,731,169665182.33333334,-175056962.33333334,-0.585111565285505,,,results/complex-quarterly/OKLO/2024-09-30
TLN,,,Assets,,power,2024-09-30,Q3,2024-11-14T23:59:59+00:00,"filing date, end of day",6848000000.0,7082000000.0,-234000000.0,same-quarter mean,measured,2,367,-291000000.0,57000000.0,0.008048573849195143,,,results/complex-quarterly/TLN/2024-09-30
NVDA,,,Assets,,compute_and_ai,2024-10-27,Q4,2024-11-20T23:59:59+00:00,"filing date, end of day",96013000000.0,85227000000.0,10786000000.0,same-quarter mean,measured,15,5115,714885933.3333334,10071114066.666666,0.11816811652019509,,,results/complex-quarterly/NVDA/2024-10-27
DY,,,Assets,,buildout,2024-10-26,Q4,2024-11-21T23:59:59+00:00,"filing date, end of day",3114695000.0,2779395000.0,335300000.0,same-quarter mean,measured,13,4382,67890153.84615384,267409846.15384614,0.0962115302624658,,,results/complex-quarterly/DY/2024-10-26
J,,,Assets,,buildout,2023-09-29,Q3,2024-11-25T23:59:59+00:00,"filing date, end of day",14617109000.0,14936699000.0,-319590000.0,same-quarter mean,measured,15,5227,6200000.0,-325790000.0,-0.021811378805986516,,,results/complex-quarterly/J/2023-09-29
MSFT,,,Assets,,hyperscaler,2023-06-30,Q2,2024-12-03T23:59:59+00:00,"filing date, end of day",411976000000.0,380088000000.0,31888000000.0,same-quarter mean,measured,13,4382,13102769230.76923,18785230769.23077,0.049423372401209115,,,results/complex-quarterly/MSFT/2023-06-30
MRVL,,,Assets,,compute_and_ai,2024-11-02,Q4,2024-12-04T23:59:59+00:00,"filing date, end of day",19715600000.0,20293400000.0,-577800000.0,same-quarter mean,measured,3,728,501503333.3333333,-1079303333.3333333,-0.053184943544863514,,,results/complex-quarterly/MRVL/2024-11-02
AGX,,,Assets,,buildout,2023-10-31,Q4,2024-12-05T23:59:59+00:00,"filing date, end of day",563652000.0,505708000.0,57944000.0,same-quarter mean,measured,12,4009,16521500.0,41422500.0,0.08190991639444106,,,results/complex-quarterly/AGX/2023-10-31
AI,,,Assets,,compute_and_ai,2024-10-31,Q4,2024-12-10T23:59:59+00:00,"filing date, end of day",1046289000.0,1057620000.0,-11331000.0,same-quarter mean,measured,3,735,-27174333.333333332,15843333.333333332,0.014980175614429882,,,results/complex-quarterly/AI/2024-10-31
ORCL,,,Assets,,hyperscaler,2024-11-30,Q4,2024-12-10T23:59:59+00:00,"filing date, end of day",148483000000.0,144214000000.0,4269000000.0,same-quarter mean,measured,15,5103,-2457333333.3333335,6726333333.333334,0.046641333943537616,,,results/complex-quarterly/ORCL/2024-11-30
MU,,,Assets,,compute_and_ai,2024-11-28,Q4,2024-12-19T23:59:59+00:00,"filing date, end of day",71461000000.0,69416000000.0,2045000000.0,same-quarter mean,measured,15,5091,539400000.0,1505600000.0,0.021689524029042295,,,results/complex-quarterly/MU/2024-11-28
AVGO,,,Assets,,compute_and_ai,2023-10-29,Q4,2024-12-20T23:59:59+00:00,"filing date, end of day",72861000000.0,71595000000.0,1266000000.0,same-quarter mean,measured,5,1266,-854800000.0,2120800000.0,0.029622180319854738,,,results/complex-quarterly/AVGO/2023-10-29
APLD,,,Assets,,compute_and_ai,2024-11-30,Q4,2025-01-14T23:59:59+00:00,"filing date, end of day",1543169000.0,937732000.0,605437000.0,same-quarter mean,measured,2,371,76512000.0,528925000.0,0.5640470838149919,,,results/complex-quarterly/APLD/2024-11-30
MSFT,,,Assets,,hyperscaler,2024-12-31,Q4,2025-01-29T23:59:59+00:00,"filing date, end of day",533898000000.0,523013000000.0,10885000000.0,same-quarter mean,measured,15,5115,6546200000.0,4338800000.0,0.008295778498813605,,,results/complex-quarterly/MSFT/2024-12-31
META,,,Assets,,hyperscaler,2023-12-31,Q4,2025-01-30T23:59:59+00:00,"filing date, end of day",229623000000.0,216274000000.0,13349000000.0,same-quarter mean,measured,11,3654,5561545454.545455,7787454545.454545,0.03600735430728865,,,results/complex-quarterly/META/2023-12-31
AAPL,,,Assets,,hyperscaler,2024-12-28,Q4,2025-01-31T23:59:59+00:00,"filing date, end of day",344085000000.0,364980000000.0,-20895000000.0,same-quarter mean,measured,15,5121,14520000000.0,-35415000000.0,-0.09703271412132172,,,results/complex-quarterly/AAPL/2024-12-28
J,,,Assets,,buildout,2024-12-27,Q4,2025-02-04T23:59:59+00:00,"filing date, end of day",11610849000.0,11759005000.0,-148156000.0,same-quarter mean,measured,17,4823,416738882.35294116,-564894882.3529412,-0.04803934366495644,,,results/complex-quarterly/J/2024-12-27
AMD,,,Assets,,compute_and_ai,2023-12-30,Q4,2025-02-05T23:59:59+00:00,"filing date, end of day",67885000000.0,67626000000.0,259000000.0,same-quarter mean,measured,14,4466,173785714.2857143,85214285.7142857,0.0012600817099086992,,,results/complex-quarterly/AMD/2023-12-30
ARM,,,Assets,,compute_and_ai,2024-12-31,Q4,2025-02-05T23:59:59+00:00,"filing date, end of day",8496000000.0,8086000000.0,410000000.0,prior same-quarter,measured,1,0,305000000.0,105000000.0,0.012985406876082118,,,results/complex-quarterly/ARM/2024-12-31
AMZN,,,Assets,,hyperscaler,2022-12-31,Q4,2025-02-07T23:59:59+00:00,"filing date, end of day",462675000000.0,428362000000.0,34313000000.0,same-quarter mean,measured,13,4753,15933153846.153847,18379846153.846153,0.042907275047380844,,,results/complex-quarterly/AMZN/2022-12-31
LEU,,,Assets,,fuel_and_nuclear,2023-12-31,Q4,2025-02-07T23:59:59+00:00,"filing date, end of day",796200000.0,644700000.0,151500000.0,same-quarter mean,measured,13,4349,-78323076.92307693,229823076.92307693,0.356480652897591,,,results/complex-quarterly/LEU/2023-12-31
ROK,,,Assets,,buildout,2024-12-31,Q4,2025-02-10T23:59:59+00:00,"filing date, end of day",10944000000.0,11232000000.0,-288000000.0,same-quarter mean,measured,15,5105,153880000.0,-441880000.0,-0.03934116809116809,,,results/complex-quarterly/ROK/2024-12-31
EQIX,,,Assets,,data_center_reit,2023-12-31,Q4,2025-02-12T23:59:59+00:00,"filing date, end of day",32651000000.0,31684602000.0,966398000.0,same-quarter mean,measured,13,4375,454930615.38461536,511467384.61538464,0.01614245887057015,,,results/complex-quarterly/EQIX/2023-12-31
EXC,,,Assets,,power,2023-12-31,Q4,2025-02-12T23:59:59+00:00,"filing date, end of day",101856000000.0,99259000000.0,2597000000.0,same-quarter mean,measured,14,4759,631285714.2857143,1965714285.7142859,0.019803889679669208,,,results/complex-quarterly/EXC/2023-12-31
AEP,,,Assets,,power,2023-12-31,Q4,2025-02-13T23:59:59+00:00,"filing date, end of day",96684000000.0,95125600000.0,1558400000.0,same-quarter mean,measured,14,4749,1311428571.4285715,246971428.57142854,0.002596266710238133,,,results/complex-quarterly/AEP/2023-12-31
NNE,,,Assets,,fuel_and_nuclear,2024-12-31,Q4,2025-02-13T23:59:59+00:00,"filing date, end of day",134142439.0,35096170.0,99046269.0,,missing,0,,,,,,,results/complex-quarterly/NNE/2024-12-31
PCG,,,Assets,,power,2023-12-31,Q4,2025-02-13T23:59:59+00:00,"filing date, end of day",125698000000.0,123009000000.0,2689000000.0,same-quarter mean,measured,14,4753,1152714285.7142856,1536285714.2857144,0.012489213913499941,,,results/complex-quarterly/PCG/2023-12-31
PPL,,,Assets,,power,2023-12-31,Q4,2025-02-13T23:59:59+00:00,"filing date, end of day",39236000000.0,38629000000.0,607000000.0,same-quarter mean,measured,14,4736,881071428.5714285,-274071428.57142854,-0.007094965662363213,,,results/complex-quarterly/PPL/2023-12-31
IRM,,,Assets,,data_center_reit,2022-12-31,Q4,2025-02-14T23:59:59+00:00,"filing date, end of day",16140514000.0,15694716000.0,445798000.0,same-quarter mean,measured,13,4377,77124076.92307693,368673923.0769231,0.02349032139714558,,,results/complex-quarterly/IRM/2022-12-31
NEE,,,Assets,,power,2022-12-31,Q4,2025-02-14T23:59:59+00:00,"filing date, end of day",158935000000.0,156409000000.0,2526000000.0,same-quarter mean,measured,13,4736,2036615384.6153846,489384615.3846154,0.003128877592623285,,,results/complex-quarterly/NEE/2022-12-31
WY,,,Assets,,data_center_reit,2023-12-31,Q4,2025-02-14T23:59:59+00:00,"filing date, end of day",16983000000.0,17550000000.0,-567000000.0,same-quarter mean,measured,14,4377,-372142857.14285713,-194857142.85714287,-0.011102971102971104,,,results/complex-quarterly/WY/2023-12-31
CEG,,,Assets,,power,2023-12-31,Q4,2025-02-18T23:59:59+00:00,"filing date, end of day",50758000000.0,48965000000.0,1793000000.0,prior same-quarter,measured,1,0,293000000.0,1500000000.0,0.030634126416828347,,,results/complex-quarterly/CEG/2023-12-31
ETR,,,Assets,,power,2022-12-31,Q4,2025-02-18T23:59:59+00:00,"filing date, end of day",58595191000.0,58975295000.0,-380104000.0,same-quarter mean,measured,13,4378,612701076.9230769,-992805076.9230769,-0.01683425368068234,,,results/complex-quarterly/ETR/2022-12-31
NVT,,,Assets,,buildout,2023-12-31,Q4,2025-02-18T23:59:59+00:00,"filing date, end of day",6161700000.0,5925700000.0,236000000.0,same-quarter mean,measured,6,1456,30350000.0,205650000.0,0.0347047606189986,,,results/complex-quarterly/NVT/2023-12-31
VRT,,,Assets,,buildout,2023-12-31,Q4,2025-02-18T23:59:59+00:00,"filing date, end of day",7998500000.0,7414300000.0,584200000.0,same-quarter mean,measured,5,1443,1240542566.0,-656342566.0,-0.08852387494436427,,,results/complex-quarterly/VRT/2023-12-31
FIX,,,Assets,,buildout,2023-12-31,Q4,2025-02-20T23:59:59+00:00,"filing date, end of day",3305579000.0,3140619000.0,164960000.0,same-quarter mean,measured,12,4011,36197916.666666664,128762083.33333334,0.04099895063149441,,,results/complex-quarterly/FIX/2023-12-31
PWR,,,Assets,,buildout,2023-12-31,Q4,2025-02-20T23:59:59+00:00,"filing date, end of day",16237225000.0,15188449000.0,1048776000.0,same-quarter mean,measured,14,4741,176077500.0,872698500.0,0.05745803932975645,,,results/complex-quarterly/PWR/2023-12-31
SO,,,Assets,,power,2022-12-31,Q4,2025-02-20T23:59:59+00:00,"filing date, end of day",134891000000.0,134005000000.0,886000000.0,same-quarter mean,measured,13,4374,1523001000.0,-637001000.0,-0.004753561434274841,,,results/complex-quarterly/SO/2022-12-31
BWXT,,,Assets,,fuel_and_nuclear,2023-12-31,Q4,2025-02-24T23:59:59+00:00,"filing date, end of day",2747065000.0,2776839000.0,-29774000.0,same-quarter mean,measured,13,4016,41890692.307692304,-71664692.3076923,-0.025808011306270296,,,results/complex-quarterly/BWXT/2023-12-31
AMT,,,Assets,,data_center_reit,2023-12-31,Q4,2025-02-25T23:59:59+00:00,"filing date, end of day",66027600000.0,65653000000.0,374600000.0,same-quarter mean,measured,14,4747,1896832071.4285715,-1522232071.4285715,-0.02318602457509286,,,results/complex-quarterly/AMT/2023-12-31
CIFR,,,Assets,,compute_and_ai,2023-12-31,Q4,2025-02-25T23:59:59+00:00,"filing date, end of day",566137000.0,416490000.0,149647000.0,same-quarter mean,measured,3,774,51599839.666666664,98047160.33333334,0.23541299991196268,,,results/complex-quarterly/CIFR/2023-12-31
DLR,,,Assets,,data_center_reit,2023-12-31,Q4,2025-02-25T23:59:59+00:00,"filing date, end of day",44113258000.0,41932517000.0,2180741000.0,same-quarter mean,measured,13,4378,694295230.7692307,1486445769.2307692,0.03544852242546683,,,results/complex-quarterly/DLR/2023-12-31
FSLR,,,Assets,,fuel_and_nuclear,2023-12-31,Q4,2025-02-25T23:59:59+00:00,"filing date, end of day",10365132000.0,9582645000.0,782487000.0,same-quarter mean,measured,14,4381,82313142.85714285,700173857.1428572,0.0730668679829898,,,results/complex-quarterly/FSLR/2023-12-31
PRIM,,,Assets,,buildout,2023-12-31,Q4,2025-02-25T23:59:59+00:00,"filing date, end of day",3827427000.0,3803171000.0,24256000.0,same-quarter mean,measured,12,4009,10499916.666666666,13756083.333333334,0.0036170036354750638,,,results/complex-quarterly/PRIM/2023-12-31
SMCI,,,Assets,,compute_and_ai,2023-06-30,Q2,2025-02-25T23:59:59+00:00,"filing date, end of day",3674729000.0,3192604000.0,482125000.0,same-quarter mean,measured,11,3638,88667363.63636364,393457636.3636364,0.12324035062401613,,,results/complex-quarterly/SMCI/2023-06-30
SMCI,,,Assets,,compute_and_ai,2024-09-30,Q3,2025-02-25T23:59:59+00:00,"filing date, end of day",10851383000.0,9826092000.0,1025291000.0,same-quarter mean,measured,12,4379,57606583.333333336,967684416.6666666,0.0984811069005528,,,results/complex-quarterly/SMCI/2024-09-30
SMCI,,,Assets,,compute_and_ai,2024-12-31,Q4,2025-02-25T23:59:59+00:00,"filing date, end of day",9728348000.0,10851383000.0,-1123035000.0,same-quarter mean,measured,12,4379,163703000.0,-1286738000.0,-0.11857824942682421,,,results/complex-quarterly/SMCI/2024-12-31
SRE,,,Assets,,power,2023-12-31,Q4,2025-02-25T23:59:59+00:00,"filing date, end of day",87181000000.0,85735000000.0,1446000000.0,same-quarter mean,measured,13,4018,973923076.9230769,472076923.07692313,0.005506233429485311,,,results/complex-quarterly/SRE/2023-12-31
EME,,,Assets,,buildout,2022-12-31,Q4,2025-02-26T23:59:59+00:00,"filing date, end of day",5524607000.0,5438729000.0,85878000.0,same-quarter mean,measured,12,4019,79531916.66666667,6346083.333333328,0.0011668320545725533,,,results/complex-quarterly/EME/2022-12-31
NRG,,,Assets,,power,2023-12-31,Q4,2025-02-26T23:59:59+00:00,"filing date, end of day",26038000000.0,27910000000.0,-1872000000.0,same-quarter mean,measured,14,4754,-486500000.0,-1385500000.0,-0.04964170548190613,,,results/complex-quarterly/NRG/2023-12-31
NVDA,,,Assets,,compute_and_ai,2024-01-28,Q1,2025-02-26T23:59:59+00:00,"filing date, end of day",65728000000.0,54148000000.0,11580000000.0,same-quarter mean,measured,14,4725,892332071.4285715,10687667928.571428,0.19737881230278917,,,results/complex-quarterly/NVDA/2024-01-28
SBAC,,,Assets,,data_center_reit,2023-12-31,Q4,2025-02-26T23:59:59+00:00,"filing date, end of day",10178441000.0,10334181000.0,-155740000.0,same-quarter mean,measured,13,4384,81348846.15384616,-237088846.15384614,-0.02294219988539451,,,results/complex-quarterly/SBAC/2023-12-31
STRL,,,Assets,,buildout,2023-12-31,Q4,2025-02-26T23:59:59+00:00,"filing date, end of day",1777184000.0,1723805000.0,53379000.0,same-quarter mean,measured,12,3998,10477666.666666666,42901333.333333336,0.024887579124862346,,,results/complex-quarterly/STRL/2023-12-31
D,,,Assets,,power,2023-12-31,Q4,2025-02-27T23:59:59+00:00,"filing date, end of day",109080000000.0,105943000000.0,3137000000.0,same-quarter mean,measured,14,4743,300928571.4285714,2836071428.571429,0.026769785909134428,,,results/complex-quarterly/D/2023-12-31
DUK,,,Assets,,power,2022-12-31,Q4,2025-02-27T23:59:59+00:00,"filing date, end of day",178086000000.0,176340000000.0,1746000000.0,same-quarter mean,measured,13,4378,1590846153.8461537,155153846.15384626,0.0008798562218092677,,,results/complex-quarterly/DUK/2022-12-31
EIX,,,Assets,,power,2023-12-31,Q4,2025-02-27T23:59:59+00:00,"filing date, end of day",81758000000.0,80164000000.0,1594000000.0,same-quarter mean,measured,14,4376,-145714285.7142857,1739714285.7142856,0.02170193959525829,,,results/complex-quarterly/EIX/2023-12-31
ETN,,,Assets,,buildout,2022-12-31,Q4,2025-02-27T23:59:59+00:00,"filing date, end of day",35014000000.0,34364000000.0,650000000.0,same-quarter mean,measured,11,3655,3178202150.181818,-2528202150.181818,-0.07357124171172791,,,results/complex-quarterly/ETN/2022-12-31
DY,,,Assets,,buildout,2024-01-27,Q1,2025-02-28T23:59:59+00:00,"filing date, end of day",2516885000.0,2664165000.0,-147280000.0,same-quarter mean,measured,12,4382,-33672666.666666664,-113607333.33333334,-0.042642754233815604,,,results/complex-quarterly/DY/2024-01-27
MTZ,,,Assets,,buildout,2022-12-31,Q4,2025-02-28T23:59:59+00:00,"filing date, end of day",9293300000.0,7475663000.0,1817637000.0,same-quarter mean,measured,11,3655,72486090.9090909,1745150909.090909,0.23344429906630476,,,results/complex-quarterly/MTZ/2022-12-31
TLN,,,Assets,,power,2023-12-31,Q4,2025-02-28T23:59:59+00:00,"filing date, end of day",7121000000.0,7059000000.0,62000000.0,prior same-quarter,measured,1,0,555000000.0,-493000000.0,-0.06983992066864995,,,results/complex-quarterly/TLN/2023-12-31
VST,,,Assets,,power,2023-12-31,Q4,2025-02-28T23:59:59+00:00,"filing date, end of day",32966000000.0,31945000000.0,1021000000.0,same-quarter mean,measured,6,1827,-503166666.6666667,1524166666.6666667,0.04771221370063129,,,results/complex-quarterly/VST/2023-12-31
PLUG,,,Assets,,fuel_and_nuclear,2023-12-31,Q4,2025-03-03T23:59:59+00:00,"filing date, end of day",4902738000.0,5452121000.0,-549383000.0,same-quarter mean,measured,12,3986,105967507.33333333,-655350507.3333334,-0.12020102036131138,,,results/complex-quarterly/PLUG/2023-12-31
SMR,,,Assets,,fuel_and_nuclear,2023-12-31,Q4,2025-03-03T23:59:59+00:00,"filing date, end of day",224858000.0,308526000.0,-83668000.0,same-quarter mean,measured,3,736,21977213.666666668,-105645213.66666667,-0.34241915970345016,,,results/complex-quarterly/SMR/2023-12-31
WULF,,,Assets,,compute_and_ai,2023-12-31,Q4,2025-03-03T23:59:59+00:00,"filing date, end of day",378106000.0,311793000.0,66313000.0,same-quarter mean,measured,12,4033,21506090.75,44806909.25,0.14370723284358533,,,results/complex-quarterly/WULF/2023-12-31
AI,,,Assets,,compute_and_ai,2025-01-31,Q1,2025-03-07T23:59:59+00:00,"filing date, end of day",1055141000.0,1046289000.0,8852000.0,same-quarter mean,measured,4,1094,222396500.0,-213544500.0,-0.20409705157943933,,,results/complex-quarterly/AI/2025-01-31
ORCL,,,Assets,,hyperscaler,2025-02-28,Q1,2025-03-11T23:59:59+00:00,"filing date, end of day",161378000000.0,148483000000.0,12895000000.0,same-quarter mean,measured,15,5097,921266666.6666666,11973733333.333334,0.08064043246252658,,,results/complex-quarterly/ORCL/2025-02-28
AVGO,,,Assets,,compute_and_ai,2025-02-02,Q1,2025-03-12T23:59:59+00:00,"filing date, end of day",165358000000.0,165645000000.0,-287000000.0,same-quarter mean,measured,6,1826,23154666666.666668,-23441666666.666668,-0.14151750228903176,,,results/complex-quarterly/AVGO/2025-02-02
MRVL,,,Assets,,compute_and_ai,2024-02-03,Q1,2025-03-12T23:59:59+00:00,"filing date, end of day",21228500000.0,21714400000.0,-485900000.0,same-quarter mean,measured,2,370,44879000.0,-530779000.0,-0.024443641086099546,,,results/complex-quarterly/MRVL/2024-02-03
CCI,,,Assets,,data_center_reit,2022-12-31,Q4,2025-03-14T23:59:59+00:00,"filing date, end of day",38921000000.0,38861000000.0,60000000.0,same-quarter mean,measured,13,4754,852803076.9230769,-792803076.9230769,-0.020400995263196442,,,results/complex-quarterly/CCI/2022-12-31
CCI,,,Assets,,data_center_reit,2023-12-31,Q4,2025-03-14T23:59:59+00:00,"filing date, end of day",38527000000.0,38699000000.0,-172000000.0,same-quarter mean,measured,13,4754,852803076.9230769,-1024803076.9230769,-0.026481383935581717,,,results/complex-quarterly/CCI/2023-12-31
MU,,,Assets,,compute_and_ai,2025-02-27,Q1,2025-03-21T23:59:59+00:00,"filing date, end of day",73053000000.0,71461000000.0,1592000000.0,same-quarter mean,measured,14,4727,1217571428.5714285,374428571.42857146,0.005239621211969766,,,results/complex-quarterly/MU/2025-02-27
OKLO,,,Assets,,fuel_and_nuclear,2023-12-31,Q4,2025-03-24T23:59:59+00:00,"filing date, end of day",14885000.0,519994492.0,-505109492.0,same-quarter mean,measured,2,364,1707408.5,-506816900.5,-0.9746582094565724,,,results/complex-quarterly/OKLO/2023-12-31
AGX,,,Assets,,buildout,2023-01-31,Q1,2025-03-27T23:59:59+00:00,"filing date, end of day",489487000.0,410903000.0,78584000.0,same-quarter mean,measured,11,3649,378909.0909090909,78205090.9090909,0.19032494508215056,,,results/complex-quarterly/AGX/2023-01-31
APLD,,,Assets,,compute_and_ai,2025-02-28,Q1,2025-04-14T23:59:59+00:00,"filing date, end of day",1707347000.0,1543169000.0,164178000.0,same-quarter mean,measured,3,699,83706666.66666667,80471333.33333333,0.05214680526457784,,,results/complex-quarterly/APLD/2025-02-28
GEV,,,Assets,,buildout,2025-03-31,Q1,2025-04-23T23:59:59+00:00,"filing date, end of day",51559000000.0,51485000000.0,74000000.0,prior same-quarter,measured,1,0,1751000000.0,-1677000000.0,-0.03257259395940565,,,results/complex-quarterly/GEV/2025-03-31
NEE,,,Assets,,power,2025-03-31,Q1,2025-04-23T23:59:59+00:00,"filing date, end of day",194264000000.0,190144000000.0,4120000000.0,same-quarter mean,measured,15,5104,2064933333.3333333,2055066666.6666667,0.010807949063166162,,,results/complex-quarterly/NEE/2025-03-31
VRT,,,Assets,,buildout,2025-03-31,Q1,2025-04-23T23:59:59+00:00,"filing date, end of day",9451100000.0,9132500000.0,318600000.0,same-quarter mean,measured,6,1815,-35393560.666666664,353993560.6666667,0.0387619557258874,,,results/complex-quarterly/VRT/2025-03-31
FIX,,,Assets,,buildout,2025-03-31,Q1,2025-04-24T23:59:59+00:00,"filing date, end of day",4569218000.0,4711088000.0,-141870000.0,same-quarter mean,measured,13,4376,78441384.61538461,-220311384.6153846,-0.04676443840900119,,,results/complex-quarterly/FIX/2025-03-31
PCG,,,Assets,,power,2025-03-31,Q1,2025-04-24T23:59:59+00:00,"filing date, end of day",135443000000.0,133660000000.0,1783000000.0,same-quarter mean,measured,15,5102,1054066666.6666666,728933333.3333334,0.005453638585465609,,,results/complex-quarterly/PCG/2025-03-31
WY,,,Assets,,data_center_reit,2025-03-31,Q1,2025-04-25T23:59:59+00:00,"filing date, end of day",16520000000.0,16536000000.0,-16000000.0,same-quarter mean,measured,14,5103,-95214285.71428572,79214285.71428572,0.004790413988527196,,,results/complex-quarterly/WY/2025-03-31
AMT,,,Assets,,data_center_reit,2024-03-31,Q1,2025-04-29T23:59:59+00:00,"filing date, end of day",66679000000.0,66027600000.0,651400000.0,same-quarter mean,measured,14,5108,842251500.0,-190851500.0,-0.0028904806474868085,,,results/complex-quarterly/AMT/2024-03-31
EIX,,,Assets,,power,2025-03-31,Q1,2025-04-29T23:59:59+00:00,"filing date, end of day",88420000000.0,85579000000.0,2841000000.0,same-quarter mean,measured,15,5107,848933333.3333334,1992066666.6666665,0.023277517459501355,,,results/complex-quarterly/EIX/2025-03-31
FSLR,,,Assets,,fuel_and_nuclear,2025-03-31,Q1,2025-04-29T23:59:59+00:00,"filing date, end of day",12116665000.0,12124361000.0,-7696000.0,same-quarter mean,measured,15,4745,-10245466.666666666,2549466.666666666,0.00021027637387790302,,,results/complex-quarterly/FSLR/2025-03-31
EME,,,Assets,,buildout,2025-03-31,Q1,2025-04-30T23:59:59+00:00,"filing date, end of day",8078872000.0,7716473000.0,362399000.0,same-quarter mean,measured,14,4746,-24780428.57142857,387179428.5714286,0.05017569925682739,,,results/complex-quarterly/EME/2025-03-31
EQIX,,,Assets,,data_center_reit,2025-03-31,Q1,2025-04-30T23:59:59+00:00,"filing date, end of day",36079000000.0,35085000000.0,994000000.0,same-quarter mean,measured,14,4758,961872571.4285715,32127428.571428537,0.0009157026812435096,,,results/complex-quarterly/EQIX/2025-03-31
MSFT,,,Assets,,hyperscaler,2025-03-31,Q1,2025-04-30T23:59:59+00:00,"filing date, end of day",562624000000.0,533898000000.0,28726000000.0,same-quarter mean,measured,15,5117,4186466666.6666665,24539533333.333332,0.045962961714284996,,,results/complex-quarterly/MSFT/2025-03-31
NBIS,,,Assets,,compute_and_ai,2023-12-31,Q4,2025-04-30T23:59:59+00:00,"filing date, end of day",8755100000.0,8768000000.0,-12900000.0,same-quarter mean,measured,11,3663,700872727.2727273,-713772727.2727273,-0.08140656104844061,,,results/complex-quarterly/NBIS/2023-12-31
PPL,,,Assets,,power,2025-03-31,Q1,2025-04-30T23:59:59+00:00,"filing date, end of day",41809000000.0,41069000000.0,740000000.0,same-quarter mean,measured,15,5109,673866666.6666666,66133333.33333337,0.0016102981161784649,,,results/complex-quarterly/PPL/2025-03-31
D,,,Assets,,power,2025-03-31,Q1,2025-05-01T23:59:59+00:00,"filing date, end of day",104555000000.0,102415000000.0,2140000000.0,same-quarter mean,measured,15,5117,1498066666.6666667,641933333.3333333,0.00626796204982994,,,results/complex-quarterly/D/2025-03-31
DLR,,,Assets,,data_center_reit,2025-03-31,Q1,2025-05-01T23:59:59+00:00,"filing date, end of day",45080562000.0,45283616000.0,-203054000.0,same-quarter mean,measured,13,4379,710619153.8461539,-913673153.8461539,-0.020176682750912688,,,results/complex-quarterly/DLR/2025-03-31
ETR,,,Assets,,power,2025-03-31,Q1,2025-05-01T23:59:59+00:00,"filing date, end of day",66620409000.0,64790032000.0,1830377000.0,same-quarter mean,measured,15,5109,499410800.0,1330966200.0,0.020542761886581565,,,results/complex-quarterly/ETR/2025-03-31
EXC,,,Assets,,power,2025-03-31,Q1,2025-05-01T23:59:59+00:00,"filing date, end of day",109484000000.0,107784000000.0,1700000000.0,same-quarter mean,measured,15,5123,1085733333.3333333,614266666.6666667,0.005699052425839334,,,results/complex-quarterly/EXC/2025-03-31
IRM,,,Assets,,data_center_reit,2024-03-31,Q1,2025-05-01T23:59:59+00:00,"filing date, end of day",17829556000.0,17473802000.0,355754000.0,same-quarter mean,measured,14,4742,286504357.14285713,69249642.85714287,0.003963055255927867,,,results/complex-quarterly/IRM/2024-03-31
META,,,Assets,,hyperscaler,2025-03-31,Q1,2025-05-01T23:59:59+00:00,"filing date, end of day",280213000000.0,276054000000.0,4159000000.0,same-quarter mean,measured,12,4011,2152000000.0,2007000000.0,0.007270316677171857,,,results/complex-quarterly/META/2025-03-31
MTZ,,,Assets,,buildout,2025-03-31,Q1,2025-05-01T23:59:59+00:00,"filing date, end of day",8861938000.0,8975275000.0,-113337000.0,same-quarter mean,measured,13,4382,-16132384.615384616,-97204615.38461539,-0.010830265967852281,,,results/complex-quarterly/MTZ/2025-03-31
PWR,,,Assets,,buildout,2025-03-31,Q1,2025-05-01T23:59:59+00:00,"filing date, end of day",19134546000.0,18683894000.0,450652000.0,same-quarter mean,measured,15,5106,68242866.66666667,382409133.3333333,0.020467314433133335,,,results/complex-quarterly/PWR/2025-03-31
SBAC,,,Assets,,data_center_reit,2025-03-31,Q1,2025-05-01T23:59:59+00:00,"filing date, end of day",10442917000.0,11417336000.0,-974419000.0,same-quarter mean,measured,14,4749,255173571.42857143,-1229592571.4285715,-0.10769522517587041,,,results/complex-quarterly/SBAC/2025-03-31
SO,,,Assets,,power,2025-03-31,Q1,2025-05-01T23:59:59+00:00,"filing date, end of day",148109000000.0,145180000000.0,2929000000.0,same-quarter mean,measured,15,5109,386469666.6666667,2542530333.3333335,0.01751295173807228,,,results/complex-quarterly/SO/2025-03-31
AAPL,,,Assets,,hyperscaler,2025-03-29,Q1,2025-05-02T23:59:59+00:00,"filing date, end of day",331233000000.0,344085000000.0,-12852000000.0,same-quarter mean,measured,13,5126,-10804615384.615385,-2047384615.384615,-0.005950229203204484,,,results/complex-quarterly/AAPL/2025-03-29
AMZN,,,Assets,,hyperscaler,2025-03-31,Q1,2025-05-02T23:59:59+00:00,"filing date, end of day",643256000000.0,624894000000.0,18362000000.0,same-quarter mean,measured,15,5122,-1577733333.3333333,19939733333.333332,0.03190898509720582,,,results/complex-quarterly/AMZN/2025-03-31
ETN,,,Assets,,buildout,2025-03-31,Q1,2025-05-02T23:59:59+00:00,"filing date, end of day",39206000000.0,38381000000.0,825000000.0,same-quarter mean,measured,12,4015,124250000.0,700750000.0,0.018257731690159193,,,results/complex-quarterly/ETN/2025-03-31
NVT,,,Assets,,buildout,2025-03-31,Q1,2025-05-02T23:59:59+00:00,"filing date, end of day",6726300000.0,6734900000.0,-8600000.0,same-quarter mean,measured,7,2187,95928571.42857143,-104528571.42857143,-0.015520434071563265,,,results/complex-quarterly/NVT/2025-03-31
BWXT,,,Assets,,fuel_and_nuclear,2025-03-31,Q1,2025-05-05T23:59:59+00:00,"filing date, end of day",3054008000.0,2869924000.0,184084000.0,same-quarter mean,measured,13,4380,-5834230.769230769,189918230.76923078,0.06617535194981845,,,results/complex-quarterly/BWXT/2025-03-31
AEP,,,Assets,,power,2025-03-31,Q1,2025-05-06T23:59:59+00:00,"filing date, end of day",104394600000.0,103078000000.0,1316600000.0,same-quarter mean,measured,15,5114,914366666.6666666,402233333.3333334,0.003902222912098929,,,results/complex-quarterly/AEP/2025-03-31
CEG,,,Assets,,power,2025-03-31,Q1,2025-05-06T23:59:59+00:00,"filing date, end of day",52252000000.0,52926000000.0,-674000000.0,same-quarter mean,measured,3,728,-245000000.0,-429000000.0,-0.008105656954993766,,,results/complex-quarterly/CEG/2025-03-31
CIFR,,,Assets,,compute_and_ai,2025-03-31,Q1,2025-05-06T23:59:59+00:00,"filing date, end of day",913792000.0,855446000.0,58346000.0,same-quarter mean,measured,5,837,21663350.8,36682649.2,0.04288131477615186,,,results/complex-quarterly/CIFR/2025-03-31
DUK,,,Assets,,power,2024-03-31,Q1,2025-05-06T23:59:59+00:00,"filing date, end of day",178670000000.0,176893000000.0,1777000000.0,same-quarter mean,measured,13,4383,964538461.5384616,812461538.4615384,0.004592954715345087,,,results/complex-quarterly/DUK/2024-03-31
J,,,Assets,,buildout,2025-03-28,Q1,2025-05-06T23:59:59+00:00,"filing date, end of day",11210695000.0,11610849000.0,-400154000.0,same-quarter mean,measured,13,5213,74598153.84615384,-474752153.84615386,-0.04088866833477499,,,results/complex-quarterly/J/2025-03-28
PRIM,,,Assets,,buildout,2025-03-31,Q1,2025-05-06T23:59:59+00:00,"filing date, end of day",4217488000.0,4195900000.0,21588000.0,same-quarter mean,measured,13,4383,47073692.307692304,-25485692.307692304,-0.006073951311445055,,,results/complex-quarterly/PRIM/2025-03-31
STRL,,,Assets,,buildout,2025-03-31,Q1,2025-05-06T23:59:59+00:00,"filing date, end of day",2034539000.0,2016774000.0,17765000.0,same-quarter mean,measured,13,4381,3330923.076923077,14434076.923076924,0.007157012596888359,,,results/complex-quarterly/STRL/2025-03-31
AMD,,,Assets,,compute_and_ai,2025-03-29,Q1,2025-05-07T23:59:59+00:00,"filing date, end of day",71550000000.0,69226000000.0,2324000000.0,same-quarter mean,measured,11,4375,5015727272.727273,-2691727272.727273,-0.03888318366982453,,,results/complex-quarterly/AMD/2025-03-29
ROK,,,Assets,,buildout,2025-03-31,Q1,2025-05-07T23:59:59+00:00,"filing date, end of day",10993000000.0,10944000000.0,49000000.0,same-quarter mean,measured,15,5116,48660000.0,340000.0,3.10672514619883e-05,,,results/complex-quarterly/ROK/2025-03-31
LEU,,,Assets,,fuel_and_nuclear,2025-03-31,Q1,2025-05-08T23:59:59+00:00,"filing date, end of day",1293900000.0,1093400000.0,200500000.0,same-quarter mean,measured,14,4753,-131350000.0,331850000.0,0.30350283519297605,,,results/complex-quarterly/LEU/2025-03-31
SRE,,,Assets,,power,2025-03-31,Q1,2025-05-08T23:59:59+00:00,"filing date, end of day",99010000000.0,96155000000.0,2855000000.0,same-quarter mean,measured,14,4747,1824928571.4285715,1030071428.5714285,0.010712614305771188,,,results/complex-quarterly/SRE/2025-03-31
TLN,,,Assets,,power,2025-03-31,Q1,2025-05-08T23:59:59+00:00,"filing date, end of day",5865000000.0,6106000000.0,-241000000.0,prior same-quarter,measured,1,0,-214000000.0,-27000000.0,-0.0044218801179168035,,,results/complex-quarterly/TLN/2025-03-31
VST,,,Assets,,power,2025-03-31,Q1,2025-05-08T23:59:59+00:00,"filing date, end of day",38228000000.0,37770000000.0,458000000.0,same-quarter mean,measured,8,2549,836375000.0,-378375000.0,-0.010017871326449563,,,results/complex-quarterly/VST/2025-03-31
CCI,,,Assets,,data_center_reit,2025-03-31,Q1,2025-05-09T23:59:59+00:00,"filing date, end of day",31760000000.0,32736000000.0,-976000000.0,same-quarter mean,measured,15,5105,413134000.0,-1389134000.0,-0.04243444525904203,,,results/complex-quarterly/CCI/2025-03-31
WULF,,,Assets,,compute_and_ai,2025-03-31,Q1,2025-05-09T23:59:59+00:00,"filing date, end of day",841162000.0,787511000.0,53651000.0,same-quarter mean,measured,13,4382,2959667.230769231,50691332.76923077,0.06436904725042668,,,results/complex-quarterly/WULF/2025-03-31
NRG,,,Assets,,power,2025-03-31,Q1,2025-05-12T23:59:59+00:00,"filing date, end of day",24991000000.0,24022000000.0,969000000.0,same-quarter mean,measured,15,5111,730733333.3333334,238266666.66666663,0.009918685649265948,,,results/complex-quarterly/NRG/2025-03-31
PLUG,,,Assets,,fuel_and_nuclear,2025-03-31,Q1,2025-05-12T23:59:59+00:00,"filing date, end of day",3633406000.0,3602846000.0,30560000.0,same-quarter mean,measured,13,4377,247743960.46153846,-217183960.46153846,-0.060281222250836826,,,results/complex-quarterly/PLUG/2025-03-31
SMCI,,,Assets,,compute_and_ai,2025-03-31,Q1,2025-05-12T23:59:59+00:00,"filing date, end of day",10738525000.0,9728348000.0,1010177000.0,same-quarter mean,measured,12,4382,357081666.6666667,653095333.3333333,0.06713322070030114,,,results/complex-quarterly/SMCI/2025-03-31
SMR,,,Assets,,fuel_and_nuclear,2025-03-31,Q1,2025-05-12T23:59:59+00:00,"filing date, end of day",618098000.0,544673000.0,73425000.0,same-quarter mean,measured,4,1084,25057278.5,48367721.5,0.08880139368024484,,,results/complex-quarterly/SMR/2025-03-31
OKLO,,,Assets,,fuel_and_nuclear,2025-03-31,Q1,2025-05-13T23:59:59+00:00,"filing date, end of day",302146000.0,281736000.0,20410000.0,same-quarter mean,measured,3,723,99214311.0,-78804311.0,-0.27970976729988356,,,results/complex-quarterly/OKLO/2025-03-31
CRWV,,,Assets,,compute_and_ai,2025-03-31,Q1,2025-05-15T23:59:59+00:00,"filing date, end of day",21860383000.0,17833000000.0,4027383000.0,,missing,0,,,,,,,results/complex-quarterly/CRWV/2025-03-31
NNE,,,Assets,,fuel_and_nuclear,2025-03-31,Q1,2025-05-15T23:59:59+00:00,"filing date, end of day",138815748.0,134142439.0,4673309.0,prior same-quarter,measured,1,0,1636366.0,3036943.0,0.022639688249592657,,,results/complex-quarterly/NNE/2025-03-31
DY,,,Assets,,buildout,2025-04-26,Q2,2025-05-22T23:59:59+00:00,"filing date, end of day",3104972000.0,2945367000.0,159605000.0,same-quarter mean,measured,13,4382,116001769.23076923,43603230.76923077,0.01480400600985574,,,results/complex-quarterly/DY/2025-04-26
ARM,,,Assets,,compute_and_ai,2024-03-31,Q1,2025-05-28T23:59:59+00:00,"filing date, end of day",7927000000.0,7115000000.0,812000000.0,,missing,0,,,,,,,results/complex-quarterly/ARM/2024-03-31
NVDA,,,Assets,,compute_and_ai,2025-04-27,Q2,2025-05-28T23:59:59+00:00,"filing date, end of day",125254000000.0,111601000000.0,13653000000.0,same-quarter mean,measured,15,5122,1602060000.0,12050940000.0,0.10798236574941085,,,results/complex-quarterly/NVDA/2025-04-27
MRVL,,,Assets,,compute_and_ai,2025-05-03,Q2,2025-05-30T23:59:59+00:00,"filing date, end of day",20023700000.0,20204500000.0,-180800000.0,same-quarter mean,measured,4,1087,2352178250.0,-2532978250.0,-0.12536703457150636,,,results/complex-quarterly/MRVL/2025-05-03
AGX,,,Assets,,buildout,2024-04-30,Q2,2025-06-04T23:59:59+00:00,"filing date, end of day",624408000.0,598229000.0,26179000.0,same-quarter mean,measured,12,4017,4080500.0,22098500.0,0.036939867508930524,,,results/complex-quarterly/AGX/2024-04-30
AVGO,,,Assets,,compute_and_ai,2025-05-04,Q2,2025-06-11T23:59:59+00:00,"filing date, end of day",164630000000.0,165358000000.0,-728000000.0,same-quarter mean,measured,7,2191,-1007857142.8571428,279857142.8571428,0.0016924318318868323,,,results/complex-quarterly/AVGO/2025-05-04
ORCL,,,Assets,,hyperscaler,2024-05-31,Q2,2025-06-18T23:59:59+00:00,"filing date, end of day",140976000000.0,137082000000.0,3894000000.0,same-quarter mean,measured,14,4741,5796071428.571428,-1902071428.5714283,-0.01387542805453253,,,results/complex-quarterly/ORCL/2024-05-31
AI,,,Assets,,compute_and_ai,2024-04-30,Q2,2025-06-23T23:59:59+00:00,"filing date, end of day",1038225000.0,1063989000.0,-25764000.0,same-quarter mean,measured,3,726,1031000.0,-26795000.0,-0.025183531032745638,,,results/complex-quarterly/AI/2024-04-30
MU,,,Assets,,compute_and_ai,2025-05-29,Q2,2025-06-26T23:59:59+00:00,"filing date, end of day",78397000000.0,73053000000.0,5344000000.0,same-quarter mean,measured,14,4734,687785714.2857143,4656214285.714286,0.0637374821802566,,,results/complex-quarterly/MU/2025-05-29
GEV,,,Assets,,buildout,2025-06-30,Q2,2025-07-23T23:59:59+00:00,"filing date, end of day",53078000000.0,51559000000.0,1519000000.0,prior same-quarter,measured,1,0,180000000.0,1339000000.0,0.025970247677418103,,,results/complex-quarterly/GEV/2025-06-30
NEE,,,Assets,,power,2025-06-30,Q2,2025-07-23T23:59:59+00:00,"filing date, end of day",198830000000.0,194264000000.0,4566000000.0,same-quarter mean,measured,16,5472,2053000000.0,2513000000.0,0.012936004612280196,,,results/complex-quarterly/NEE/2025-06-30
FIX,,,Assets,,buildout,2025-06-30,Q2,2025-07-24T23:59:59+00:00,"filing date, end of day",5063729000.0,4569218000.0,494511000.0,same-quarter mean,measured,14,4741,100474428.57142857,394036571.42857146,0.08623720107654559,,,results/complex-quarterly/FIX/2025-06-30
WY,,,Assets,,data_center_reit,2025-06-30,Q2,2025-07-25T23:59:59+00:00,"filing date, end of day",16478000000.0,16520000000.0,-42000000.0,same-quarter mean,measured,16,5464,706937500.0,-748937500.0,-0.045335199757869246,,,results/complex-quarterly/WY/2025-06-30
AMT,,,Assets,,data_center_reit,2024-06-30,Q2,2025-07-29T23:59:59+00:00,"filing date, end of day",65837800000.0,66679000000.0,-841200000.0,same-quarter mean,measured,15,5472,1015705333.3333334,-1856905333.3333335,-0.027848428040812452,,,results/complex-quarterly/AMT/2024-06-30
AEP,,,Assets,,power,2025-06-30,Q2,2025-07-30T23:59:59+00:00,"filing date, end of day",107778500000.0,104394600000.0,3383900000.0,same-quarter mean,measured,16,5474,930812500.0,2453087500.0,0.02349822213026344,,,results/complex-quarterly/AEP/2025-06-30
APLD,,,Assets,,compute_and_ai,2024-05-31,Q2,2025-07-30T23:59:59+00:00,"filing date, end of day",762867000.0,643168000.0,119699000.0,same-quarter mean,measured,2,394,56418000.0,63281000.0,0.09838953430518932,,,results/complex-quarterly/APLD/2024-05-31
ARM,,,Assets,,compute_and_ai,2025-06-30,Q2,2025-07-30T23:59:59+00:00,"filing date, end of day",9395000000.0,8932000000.0,463000000.0,prior same-quarter,measured,1,0,-47000000.0,510000000.0,0.05709807433945365,,,results/complex-quarterly/ARM/2025-06-30
EQIX,,,Assets,,data_center_reit,2025-06-30,Q2,2025-07-30T23:59:59+00:00,"filing date, end of day",38849000000.0,36079000000.0,2770000000.0,same-quarter mean,measured,15,5117,566640066.6666666,2203359933.3333335,0.061070426933488554,,,results/complex-quarterly/EQIX/2025-06-30
MSFT,,,Assets,,hyperscaler,2024-06-30,Q2,2025-07-30T23:59:59+00:00,"filing date, end of day",512163000000.0,484275000000.0,27888000000.0,same-quarter mean,measured,14,4877,14444571428.571428,13443428571.428572,0.02775990619261488,,,results/complex-quarterly/MSFT/2024-06-30
VRT,,,Assets,,buildout,2025-06-30,Q2,2025-07-30T23:59:59+00:00,"filing date, end of day",10406200000.0,9451100000.0,955100000.0,same-quarter mean,measured,7,2180,199862500.85714287,755237499.1428571,0.07991001038427877,,,results/complex-quarterly/VRT/2025-06-30
EIX,,,Assets,,power,2025-06-30,Q2,2025-07-31T23:59:59+00:00,"filing date, end of day",88813000000.0,88420000000.0,393000000.0,same-quarter mean,measured,16,5466,510625000.0,-117625000.0,-0.0013302985749830355,,,results/complex-quarterly/EIX/2025-06-30
EME,,,Assets,,buildout,2025-06-30,Q2,2025-07-31T23:59:59+00:00,"filing date, end of day",8400480000.0,8078872000.0,321608000.0,same-quarter mean,measured,15,5110,74508666.66666667,247099333.3333333,0.03058587056872956,,,results/complex-quarterly/EME/2025-06-30
EXC,,,Assets,,power,2025-06-30,Q2,2025-07-31T23:59:59+00:00,"filing date, end of day",111147000000.0,109484000000.0,1663000000.0,same-quarter mean,measured,16,5487,322625000.0,1340375000.0,0.012242656461218077,,,results/complex-quarterly/EXC/2025-06-30
FSLR,,,Assets,,fuel_and_nuclear,2025-06-30,Q2,2025-07-31T23:59:59+00:00,"filing date, end of day",12858044000.0,12116665000.0,741379000.0,same-quarter mean,measured,16,5111,199304375.0,542074625.0,0.044737939441257146,,,results/complex-quarterly/FSLR/2025-06-30
META,,,Assets,,hyperscaler,2025-06-30,Q2,2025-07-31T23:59:59+00:00,"filing date, end of day",294744000000.0,280213000000.0,14531000000.0,same-quarter mean,measured,13,4384,5714615384.615385,8816384615.384615,0.03146315344179112,,,results/complex-quarterly/META/2025-06-30
MTZ,,,Assets,,buildout,2025-06-30,Q2,2025-07-31T23:59:59+00:00,"filing date, end of day",9132156000.0,8861938000.0,270218000.0,same-quarter mean,measured,14,4747,237082857.14285713,33135142.857142866,0.003739040247984455,,,results/complex-quarterly/MTZ/2025-06-30
PCG,,,Assets,,power,2025-06-30,Q2,2025-07-31T23:59:59+00:00,"filing date, end of day",136384000000.0,135443000000.0,941000000.0,same-quarter mean,measured,16,5468,3169437500.0,-2228437500.0,-0.016452954379333005,,,results/complex-quarterly/PCG/2025-06-30
PPL,,,Assets,,power,2025-06-30,Q2,2025-07-31T23:59:59+00:00,"filing date, end of day",42363000000.0,41809000000.0,554000000.0,same-quarter mean,measured,16,5456,-418250000.0,972250000.0,0.023254562414791072,,,results/complex-quarterly/PPL/2025-06-30
PWR,,,Assets,,buildout,2025-06-30,Q2,2025-07-31T23:59:59+00:00,"filing date, end of day",19891264000.0,19134546000.0,756718000.0,same-quarter mean,measured,16,5470,127066375.0,629651625.0,0.032906535906313115,,,results/complex-quarterly/PWR/2025-06-30
SO,,,Assets,,power,2025-06-30,Q2,2025-07-31T23:59:59+00:00,"filing date, end of day",148853000000.0,148109000000.0,744000000.0,same-quarter mean,measured,16,5453,2106155875.0,-1362155875.0,-0.009196982458864755,,,results/complex-quarterly/SO/2025-06-30
AAPL,,,Assets,,hyperscaler,2025-06-28,Q2,2025-08-01T23:59:59+00:00,"filing date, end of day",331495000000.0,331233000000.0,262000000.0,same-quarter mean,measured,16,5490,-150437500.0,412437500.0,0.0012451582420833674,,,results/complex-quarterly/AAPL/2025-06-28
AMZN,,,Assets,,hyperscaler,2025-06-30,Q2,2025-08-01T23:59:59+00:00,"filing date, end of day",682170000000.0,643256000000.0,38914000000.0,same-quarter mean,measured,16,5488,9919187500.0,28994812500.0,0.04507507508674618,,,results/complex-quarterly/AMZN/2025-06-30
D,,,Assets,,power,2025-06-30,Q2,2025-08-01T23:59:59+00:00,"filing date, end of day",107441000000.0,104555000000.0,2886000000.0,same-quarter mean,measured,16,5480,642312500.0,2243687500.0,0.021459399359188943,,,results/complex-quarterly/D/2025-06-30
DLR,,,Assets,,data_center_reit,2025-06-30,Q2,2025-08-01T23:59:59+00:00,"filing date, end of day",48714995000.0,45080562000.0,3634433000.0,same-quarter mean,measured,15,5104,264048666.66666666,3370384333.3333335,0.07476358287932021,,,results/complex-quarterly/DLR/2025-06-30
ETR,,,Assets,,power,2025-06-30,Q2,2025-08-01T23:59:59+00:00,"filing date, end of day",68383140000.0,66620409000.0,1762731000.0,same-quarter mean,measured,16,5446,20682437.5,1742048562.5,0.02614887222472621,,,results/complex-quarterly/ETR/2025-06-30
NVT,,,Assets,,buildout,2025-06-30,Q2,2025-08-01T23:59:59+00:00,"filing date, end of day",6741700000.0,6726300000.0,15400000.0,same-quarter mean,measured,7,2203,92271428.57142857,-76871428.57142857,-0.011428486474202543,,,results/complex-quarterly/NVT/2025-06-30
BWXT,,,Assets,,fuel_and_nuclear,2025-06-30,Q2,2025-08-04T23:59:59+00:00,"filing date, end of day",3699072000.0,3054008000.0,645064000.0,same-quarter mean,measured,14,4746,-36784571.428571425,681848571.4285715,0.22326351844152714,,,results/complex-quarterly/BWXT/2025-06-30
DUK,,,Assets,,power,2024-06-30,Q2,2025-08-05T23:59:59+00:00,"filing date, end of day",181575000000.0,178670000000.0,2905000000.0,same-quarter mean,measured,15,5114,763533333.3333334,2141466666.6666665,0.011985597283632767,,,results/complex-quarterly/DUK/2024-06-30
DUK,,,Assets,,power,2025-06-30,Q2,2025-08-05T23:59:59+00:00,"filing date, end of day",189713000000.0,195736000000.0,-6023000000.0,same-quarter mean,measured,15,5114,763533333.3333334,-6786533333.333333,-0.03467187095543657,,,results/complex-quarterly/DUK/2025-06-30
ETN,,,Assets,,buildout,2025-06-30,Q2,2025-08-05T23:59:59+00:00,"filing date, end of day",40507000000.0,39206000000.0,1301000000.0,same-quarter mean,measured,12,3982,378250000.0,922750000.0,0.023535938376779066,,,results/complex-quarterly/ETN/2025-06-30
J,,,Assets,,buildout,2025-06-27,Q2,2025-08-05T23:59:59+00:00,"filing date, end of day",11412840000.0,11210695000.0,202145000.0,same-quarter mean,measured,16,5486,183894062.5,18250937.5,0.0016279934027283768,,,results/complex-quarterly/J/2025-06-27
PRIM,,,Assets,,buildout,2025-06-30,Q2,2025-08-05T23:59:59+00:00,"filing date, end of day",4536042000.0,4217488000.0,318554000.0,same-quarter mean,measured,14,4750,81881642.85714285,236672357.14285713,0.056116901137088504,,,results/complex-quarterly/PRIM/2025-06-30
STRL,,,Assets,,buildout,2025-06-30,Q2,2025-08-05T23:59:59+00:00,"filing date, end of day",2160890000.0,2034539000.0,126351000.0,same-quarter mean,measured,14,4747,64424357.14285714,61926642.85714286,0.03043767794922725,,,results/complex-quarterly/STRL/2025-06-30
AMD,,,Assets,,compute_and_ai,2025-06-28,Q2,2025-08-06T23:59:59+00:00,"filing date, end of day",74820000000.0,71550000000.0,3270000000.0,same-quarter mean,measured,15,5110,-54333333.333333336,3324333333.3333335,0.04646168180759376,,,results/complex-quarterly/AMD/2025-06-28
CCI,,,Assets,,data_center_reit,2025-06-30,Q2,2025-08-06T23:59:59+00:00,"filing date, end of day",31636000000.0,31760000000.0,-124000000.0,same-quarter mean,measured,16,5450,286123250.0,-410123250.0,-0.01291320056675063,,,results/complex-quarterly/CCI/2025-06-30
IRM,,,Assets,,data_center_reit,2024-06-30,Q2,2025-08-06T23:59:59+00:00,"filing date, end of day",17966934000.0,17829556000.0,137378000.0,same-quarter mean,measured,14,4378,332000428.5714286,-194622428.5714286,-0.010915719301783432,,,results/complex-quarterly/IRM/2024-06-30
LEU,,,Assets,,fuel_and_nuclear,2025-06-30,Q2,2025-08-06T23:59:59+00:00,"filing date, end of day",1314800000.0,1293900000.0,20900000.0,same-quarter mean,measured,15,5116,10806666.666666666,10093333.333333334,0.007800705876291316,,,results/complex-quarterly/LEU/2025-06-30
NRG,,,Assets,,power,2025-06-30,Q2,2025-08-06T23:59:59+00:00,"filing date, end of day",24088000000.0,24991000000.0,-903000000.0,same-quarter mean,measured,16,5462,264687500.0,-1167687500.0,-0.04672432075547197,,,results/complex-quarterly/NRG/2025-06-30
ROK,,,Assets,,buildout,2025-06-30,Q2,2025-08-06T23:59:59+00:00,"filing date, end of day",11193000000.0,10993000000.0,200000000.0,same-quarter mean,measured,16,5482,47868750.0,152131250.0,0.01383892022195943,,,results/complex-quarterly/ROK/2025-06-30
CEG,,,Assets,,power,2025-06-30,Q2,2025-08-07T23:59:59+00:00,"filing date, end of day",53038000000.0,52252000000.0,786000000.0,same-quarter mean,measured,3,733,-595333333.3333334,1381333333.3333335,0.026435989690984717,,,results/complex-quarterly/CEG/2025-06-30
CIFR,,,Assets,,compute_and_ai,2025-06-30,Q2,2025-08-07T23:59:59+00:00,"filing date, end of day",1018759000.0,913792000.0,104967000.0,same-quarter mean,measured,4,935,21497268.75,83469731.25,0.09134434450071789,,,results/complex-quarterly/CIFR/2025-06-30
SBAC,,,Assets,,data_center_reit,2025-06-30,Q2,2025-08-07T23:59:59+00:00,"filing date, end of day",10766387000.0,10442917000.0,323470000.0,same-quarter mean,measured,15,5112,183788066.66666666,139681933.33333334,0.01337575826115762,,,results/complex-quarterly/SBAC/2025-06-30
SMR,,,Assets,,fuel_and_nuclear,2025-06-30,Q2,2025-08-07T23:59:59+00:00,"filing date, end of day",606452000.0,618098000.0,-11646000.0,same-quarter mean,measured,4,1092,37591289.0,-49237289.0,-0.07965935660688112,,,results/complex-quarterly/SMR/2025-06-30
SRE,,,Assets,,power,2025-06-30,Q2,2025-08-07T23:59:59+00:00,"filing date, end of day",99907000000.0,99010000000.0,897000000.0,same-quarter mean,measured,14,4746,683642857.1428572,213357142.8571428,0.0021549049879521546,,,results/complex-quarterly/SRE/2025-06-30
TLN,,,Assets,,power,2025-06-30,Q2,2025-08-07T23:59:59+00:00,"filing date, end of day",5827000000.0,5865000000.0,-38000000.0,same-quarter mean,measured,3,3289,623666666.6666666,-661666666.6666666,-0.11281614094913327,,,results/complex-quarterly/TLN/2025-06-30
VST,,,Assets,,power,2025-06-30,Q2,2025-08-08T23:59:59+00:00,"filing date, end of day",38146000000.0,38228000000.0,-82000000.0,same-quarter mean,measured,8,2562,2302375000.0,-2384375000.0,-0.062372475672282095,,,results/complex-quarterly/VST/2025-06-30
WULF,,,Assets,,compute_and_ai,2025-06-30,Q2,2025-08-08T23:59:59+00:00,"filing date, end of day",869408000.0,841162000.0,28246000.0,same-quarter mean,measured,14,4750,7066371.428571428,21179628.57142857,0.02517901257002643,,,results/complex-quarterly/WULF/2025-06-30
OKLO,,,Assets,,fuel_and_nuclear,2025-06-30,Q2,2025-08-11T23:59:59+00:00,"filing date, end of day",731084000.0,302146000.0,428938000.0,same-quarter mean,measured,3,733,-2226730.6666666665,431164730.6666667,1.4270079056703273,,,results/complex-quarterly/OKLO/2025-06-30
PLUG,,,Assets,,fuel_and_nuclear,2025-06-30,Q2,2025-08-11T23:59:59+00:00,"filing date, end of day",3353780000.0,3633406000.0,-279626000.0,same-quarter mean,measured,14,4746,15607421.714285715,-295233421.71428573,-0.08125527995337865,,,results/complex-quarterly/PLUG/2025-06-30
CRWV,,,Assets,,compute_and_ai,2025-06-30,Q2,2025-08-13T23:59:59+00:00,"filing date, end of day",26241363000.0,21860383000.0,4380980000.0,,missing,0,,,,,,,results/complex-quarterly/CRWV/2025-06-30
NNE,,,Assets,,fuel_and_nuclear,2025-06-30,Q2,2025-08-14T23:59:59+00:00,"filing date, end of day",231532212.0,138815748.0,92716464.0,prior same-quarter,measured,1,0,7557700.0,85158764.0,0.6134661609142502,,,results/complex-quarterly/NNE/2025-06-30
DY,,,Assets,,buildout,2025-07-26,Q3,2025-08-21T23:59:59+00:00,"filing date, end of day",3219924000.0,3104972000.0,114952000.0,same-quarter mean,measured,13,3996,16569000.0,98383000.0,0.03168563194772771,,,results/complex-quarterly/DY/2025-07-26
NVDA,,,Assets,,compute_and_ai,2025-07-27,Q3,2025-08-27T23:59:59+00:00,"filing date, end of day",140740000000.0,125254000000.0,15486000000.0,same-quarter mean,measured,16,5487,1440589687.5,14045410312.5,0.11213542331981413,,,results/complex-quarterly/NVDA/2025-07-27
SMCI,,,Assets,,compute_and_ai,2024-06-30,Q2,2025-08-28T23:59:59+00:00,"filing date, end of day",9826092000.0,8862781000.0,963311000.0,same-quarter mean,measured,12,4185,121455500.0,841855500.0,0.09498773579083135,,,results/complex-quarterly/SMCI/2024-06-30
MRVL,,,Assets,,compute_and_ai,2025-08-02,Q3,2025-08-29T23:59:59+00:00,"filing date, end of day",20586300000.0,20023700000.0,562600000.0,same-quarter mean,measured,4,1099,-247151250.0,809751250.0,0.04043964152479312,,,results/complex-quarterly/MRVL/2025-08-02
AGX,,,Assets,,buildout,2024-07-31,Q3,2025-09-04T23:59:59+00:00,"filing date, end of day",726574000.0,624408000.0,102166000.0,same-quarter mean,measured,13,4374,3476153.846153846,98689846.15384616,0.1580534620854412,,,results/complex-quarterly/AGX/2024-07-31
AI,,,Assets,,compute_and_ai,2025-07-31,Q3,2025-09-09T23:59:59+00:00,"filing date, end of day",968739000.0,1025882000.0,-57143000.0,same-quarter mean,measured,4,1099,-8220000.0,-48923000.0,-0.04768872053511027,,,results/complex-quarterly/AI/2025-07-31
AVGO,,,Assets,,compute_and_ai,2025-08-03,Q3,2025-09-10T23:59:59+00:00,"filing date, end of day",165621000000.0,164630000000.0,991000000.0,same-quarter mean,measured,7,2190,-2188142857.142857,3179142857.142857,0.0193108355533187,,,results/complex-quarterly/AVGO/2025-08-03
ORCL,,,Assets,,hyperscaler,2025-08-31,Q3,2025-09-10T23:59:59+00:00,"filing date, end of day",180449000000.0,168361000000.0,12088000000.0,same-quarter mean,measured,16,5468,2175000000.0,9913000000.0,0.05887943169736459,,,results/complex-quarterly/ORCL/2025-08-31
MU,,,Assets,,compute_and_ai,2024-08-29,Q3,2025-10-03T23:59:59+00:00,"filing date, end of day",69416000000.0,66255000000.0,3161000000.0,same-quarter mean,measured,14,4728,1430714285.7142856,1730285714.2857144,0.02611554923078582,,,results/complex-quarterly/MU/2024-08-29
APLD,,,Assets,,compute_and_ai,2025-08-31,Q3,2025-10-09T23:59:59+00:00,"filing date, end of day",2398995000.0,1870090000.0,528905000.0,same-quarter mean,measured,3,728,95333666.66666667,433571333.3333333,0.23184516966206617,,,results/complex-quarterly/APLD/2025-08-31
GEV,,,Assets,,buildout,2025-09-30,Q3,2025-10-22T23:59:59+00:00,"filing date, end of day",54398000000.0,53078000000.0,1320000000.0,prior same-quarter,measured,1,0,2801000000.0,-1481000000.0,-0.027902332416443725,,,results/complex-quarterly/GEV/2025-09-30
VRT,,,Assets,,buildout,2025-09-30,Q3,2025-10-22T23:59:59+00:00,"filing date, end of day",10816300000.0,10406200000.0,410100000.0,same-quarter mean,measured,7,2180,131112289.71428572,278987710.28571427,0.02680975863290291,,,results/complex-quarterly/VRT/2025-09-30
FIX,,,Assets,,buildout,2025-09-30,Q3,2025-10-23T23:59:59+00:00,"filing date, end of day",5777851000.0,5063729000.0,714122000.0,same-quarter mean,measured,14,4735,53359285.71428572,660762714.2857143,0.1304893516785188,,,results/complex-quarterly/FIX/2025-09-30
PCG,,,Assets,,power,2025-09-30,Q3,2025-10-23T23:59:59+00:00,"filing date, end of day",138249000000.0,136384000000.0,1865000000.0,same-quarter mean,measured,16,5488,381875000.0,1483125000.0,0.010874626055842327,,,results/complex-quarterly/PCG/2025-09-30
AMT,,,Assets,,data_center_reit,2024-09-30,Q3,2025-10-28T23:59:59+00:00,"filing date, end of day",62816800000.0,65837800000.0,-3021000000.0,same-quarter mean,measured,15,5472,257239000.0,-3278239000.0,-0.04979265710579637,,,results/complex-quarterly/AMT/2024-09-30
AMT,,,Assets,,data_center_reit,2025-09-30,Q3,2025-10-28T23:59:59+00:00,"filing date, end of day",63888700000.0,63754500000.0,134200000.0,same-quarter mean,measured,15,5472,257239000.0,-123039000.0,-0.0019298873020727949,,,results/complex-quarterly/AMT/2025-09-30
EIX,,,Assets,,power,2025-09-30,Q3,2025-10-28T23:59:59+00:00,"filing date, end of day",90489000000.0,88813000000.0,1676000000.0,same-quarter mean,measured,16,5471,1229750000.0,446250000.0,0.005024602254174501,,,results/complex-quarterly/EIX/2025-09-30
NEE,,,Assets,,power,2025-09-30,Q3,2025-10-28T23:59:59+00:00,"filing date, end of day",204354000000.0,198830000000.0,5524000000.0,same-quarter mean,measured,16,5472,2659562500.0,2864437500.0,0.014406465322134486,,,results/complex-quarterly/NEE/2025-09-30
AEP,,,Assets,,power,2025-09-30,Q3,2025-10-29T23:59:59+00:00,"filing date, end of day",110253500000.0,107778500000.0,2475000000.0,same-quarter mean,measured,16,5486,402325000.0,2072675000.0,0.0192308762879424,,,results/complex-quarterly/AEP/2025-09-30
EQIX,,,Assets,,data_center_reit,2025-09-30,Q3,2025-10-29T23:59:59+00:00,"filing date, end of day",38060000000.0,38849000000.0,-789000000.0,same-quarter mean,measured,15,5115,236902466.66666666,-1025902466.6666666,-0.026407435626828662,,,results/complex-quarterly/EQIX/2025-09-30
MSFT,,,Assets,,hyperscaler,2025-09-30,Q3,2025-10-29T23:59:59+00:00,"filing date, end of day",636351000000.0,619003000000.0,17348000000.0,same-quarter mean,measured,16,5486,3376437500.0,13971562500.0,0.02257107396894684,,,results/complex-quarterly/MSFT/2025-09-30
EME,,,Assets,,buildout,2025-09-30,Q3,2025-10-30T23:59:59+00:00,"filing date, end of day",8640270000.0,8400480000.0,239790000.0,same-quarter mean,measured,15,5112,142904333.33333334,96885666.66666666,0.011533348888000049,,,results/complex-quarterly/EME/2025-09-30
FSLR,,,Assets,,fuel_and_nuclear,2025-09-30,Q3,2025-10-30T23:59:59+00:00,"filing date, end of day",13459309000.0,12858044000.0,601265000.0,same-quarter mean,measured,16,5111,272004812.5,329260187.5,0.0256073309050739,,,results/complex-quarterly/FSLR/2025-09-30
META,,,Assets,,hyperscaler,2025-09-30,Q3,2025-10-30T23:59:59+00:00,"filing date, end of day",303844000000.0,294744000000.0,9100000000.0,same-quarter mean,measured,13,4390,5802846153.846154,3297153846.153846,0.011186500305871691,,,results/complex-quarterly/META/2025-09-30
MTZ,,,Assets,,buildout,2025-09-30,Q3,2025-10-30T23:59:59+00:00,"filing date, end of day",9693450000.0,9132156000.0,561294000.0,same-quarter mean,measured,14,4746,109926857.14285715,451367142.85714287,0.04942613144772635,,,results/complex-quarterly/MTZ/2025-09-30
PWR,,,Assets,,buildout,2025-09-30,Q3,2025-10-30T23:59:59+00:00,"filing date, end of day",22743766000.0,19891264000.0,2852502000.0,same-quarter mean,measured,16,5470,546098437.5,2306403562.5,0.11595057822871387,,,results/complex-quarterly/PWR/2025-09-30
SO,,,Assets,,power,2025-09-30,Q3,2025-10-30T23:59:59+00:00,"filing date, end of day",153248000000.0,148853000000.0,4395000000.0,same-quarter mean,measured,16,5473,2151153000.0,2243847000.0,0.015074247747778009,,,results/complex-quarterly/SO/2025-09-30
AAPL,,,Assets,,hyperscaler,2024-09-28,Q3,2025-10-31T23:59:59+00:00,"filing date, end of day",364980000000.0,331612000000.0,33368000000.0,same-quarter mean,measured,17,4755,12971058823.529411,20396941176.47059,0.06150845318164176,,,results/complex-quarterly/AAPL/2024-09-28
AMZN,,,Assets,,hyperscaler,2025-09-30,Q3,2025-10-31T23:59:59+00:00,"filing date, end of day",727921000000.0,682170000000.0,45751000000.0,same-quarter mean,measured,16,5488,9928500000.0,35822500000.0,0.05251257018045355,,,results/complex-quarterly/AMZN/2025-09-30
D,,,Assets,,power,2025-09-30,Q3,2025-10-31T23:59:59+00:00,"filing date, end of day",111597000000.0,107441000000.0,4156000000.0,same-quarter mean,measured,16,5478,1104312500.0,3051687500.0,0.028403379529229996,,,results/complex-quarterly/D/2025-09-30
DLR,,,Assets,,data_center_reit,2025-09-30,Q3,2025-10-31T23:59:59+00:00,"filing date, end of day",48728634000.0,48714995000.0,13639000.0,same-quarter mean,measured,14,4743,1224641000.0,-1211002000.0,-0.024858916643633034,,,results/complex-quarterly/DLR/2025-09-30
ETR,,,Assets,,power,2025-09-30,Q3,2025-10-31T23:59:59+00:00,"filing date, end of day",69848407000.0,68383140000.0,1465267000.0,same-quarter mean,measured,16,5474,830430687.5,634836312.5,0.009283520945367527,,,results/complex-quarterly/ETR/2025-09-30
NVT,,,Assets,,buildout,2025-09-30,Q3,2025-10-31T23:59:59+00:00,"filing date, end of day",6765700000.0,6741700000.0,24000000.0,same-quarter mean,measured,7,2199,98385714.28571428,-74385714.28571428,-0.011033673151536598,,,results/complex-quarterly/NVT/2025-09-30
WY,,,Assets,,data_center_reit,2025-09-30,Q3,2025-10-31T23:59:59+00:00,"filing date, end of day",16668000000.0,16478000000.0,190000000.0,same-quarter mean,measured,16,5467,-264250000.0,454250000.0,0.027567059109115184,,,results/complex-quarterly/WY/2025-09-30
BWXT,,,Assets,,fuel_and_nuclear,2025-09-30,Q3,2025-11-03T23:59:59+00:00,"filing date, end of day",3781537000.0,3699072000.0,82465000.0,same-quarter mean,measured,14,4746,29973214.285714287,52491785.71428572,0.014190528249865294,,,results/complex-quarterly/BWXT/2025-09-30
CIFR,,,Assets,,compute_and_ai,2025-09-30,Q3,2025-11-03T23:59:59+00:00,"filing date, end of day",2840866000.0,1018759000.0,1822107000.0,same-quarter mean,measured,4,1084,69101057.0,1753005943.0,1.7207268284255648,,,results/complex-quarterly/CIFR/2025-09-30
ETN,,,Assets,,buildout,2025-09-30,Q3,2025-11-04T23:59:59+00:00,"filing date, end of day",40650000000.0,40507000000.0,143000000.0,same-quarter mean,measured,13,4369,-1599940280.9230769,1742940280.9230769,0.04302812553195934,,,results/complex-quarterly/ETN/2025-09-30
EXC,,,Assets,,power,2025-09-30,Q3,2025-11-04T23:59:59+00:00,"filing date, end of day",113539000000.0,111147000000.0,2392000000.0,same-quarter mean,measured,15,5122,1691333333.3333333,700666666.6666667,0.006303963819686242,,,results/complex-quarterly/EXC/2025-09-30
PRIM,,,Assets,,buildout,2025-09-30,Q3,2025-11-04T23:59:59+00:00,"filing date, end of day",4649952000.0,4536042000.0,113910000.0,same-quarter mean,measured,14,4746,116251500.0,-2341500.0,-0.0005161989240840362,,,results/complex-quarterly/PRIM/2025-09-30
STRL,,,Assets,,buildout,2025-09-30,Q3,2025-11-04T23:59:59+00:00,"filing date, end of day",2562267000.0,2160890000.0,401377000.0,same-quarter mean,measured,14,4748,38007142.85714286,363369857.14285713,0.1681574985968083,,,results/complex-quarterly/STRL/2025-09-30
AMD,,,Assets,,compute_and_ai,2025-09-27,Q3,2025-11-05T23:59:59+00:00,"filing date, end of day",76891000000.0,74820000000.0,2071000000.0,same-quarter mean,measured,17,5110,206352941.17647058,1864647058.8235295,0.024921773039608786,,,results/complex-quarterly/AMD/2025-09-27
ARM,,,Assets,,compute_and_ai,2025-09-30,Q3,2025-11-05T23:59:59+00:00,"filing date, end of day",9710000000.0,9395000000.0,315000000.0,same-quarter mean,measured,2,364,75000000.0,240000000.0,0.025545502927088876,,,results/complex-quarterly/ARM/2025-09-30
IRM,,,Assets,,data_center_reit,2024-09-30,Q3,2025-11-05T23:59:59+00:00,"filing date, end of day",18469629000.0,17966934000.0,502695000.0,same-quarter mean,measured,15,4742,19796066.666666668,482898933.3333333,0.02687709173603762,,,results/complex-quarterly/IRM/2024-09-30
IRM,,,Assets,,data_center_reit,2025-09-30,Q3,2025-11-05T23:59:59+00:00,"filing date, end of day",20632853000.0,20176789000.0,456064000.0,same-quarter mean,measured,15,4742,19796066.666666668,436267933.3333333,0.02162226771233685,,,results/complex-quarterly/IRM/2025-09-30
PPL,,,Assets,,power,2025-09-30,Q3,2025-11-05T23:59:59+00:00,"filing date, end of day",43939000000.0,42363000000.0,1576000000.0,same-quarter mean,measured,16,5481,169312500.0,1406687500.0,0.0332055685385832,,,results/complex-quarterly/PPL/2025-09-30
SRE,,,Assets,,power,2025-09-30,Q3,2025-11-05T23:59:59+00:00,"filing date, end of day",106919000000.0,99907000000.0,7012000000.0,same-quarter mean,measured,14,4752,1143500000.0,5868500000.0,0.05873962785390413,,,results/complex-quarterly/SRE/2025-09-30
TLN,,,Assets,,power,2025-09-30,Q3,2025-11-05T23:59:59+00:00,"filing date, end of day",6097000000.0,5827000000.0,270000000.0,same-quarter mean,measured,3,3293,-272000000.0,542000000.0,0.09301527372575939,,,results/complex-quarterly/TLN/2025-09-30
CCI,,,Assets,,data_center_reit,2025-09-30,Q3,2025-11-06T23:59:59+00:00,"filing date, end of day",31501000000.0,31636000000.0,-135000000.0,same-quarter mean,measured,16,5472,370741000.0,-505741000.0,-0.015986249841952207,,,results/complex-quarterly/CCI/2025-09-30
IREN,,,Assets,,compute_and_ai,2025-09-30,Q3,2025-11-06T23:59:59+00:00,"filing date, end of day",4267374000.0,2940323000.0,1327051000.0,,missing,0,,,,,,,results/complex-quarterly/IREN/2025-09-30
LEU,,,Assets,,fuel_and_nuclear,2025-09-30,Q3,2025-11-06T23:59:59+00:00,"filing date, end of day",2244900000.0,1314800000.0,930100000.0,same-quarter mean,measured,14,5109,-28400000.0,958500000.0,0.7290082141770612,,,results/complex-quarterly/LEU/2025-09-30
NRG,,,Assets,,power,2025-09-30,Q3,2025-11-06T23:59:59+00:00,"filing date, end of day",23971000000.0,24088000000.0,-117000000.0,same-quarter mean,measured,16,5485,-474812500.0,357812500.0,0.014854388077050813,,,results/complex-quarterly/NRG/2025-09-30
SBAC,,,Assets,,data_center_reit,2025-09-30,Q3,2025-11-06T23:59:59+00:00,"filing date, end of day",11260239000.0,10766387000.0,493852000.0,same-quarter mean,measured,15,5111,-22868600.0,516720600.0,0.047993872038967204,,,results/complex-quarterly/SBAC/2025-09-30
SMR,,,Assets,,fuel_and_nuclear,2025-09-30,Q3,2025-11-06T23:59:59+00:00,"filing date, end of day",883135000.0,606452000.0,276683000.0,same-quarter mean,measured,4,1053,4984621.0,271698379.0,0.44801299855553284,,,results/complex-quarterly/SMR/2025-09-30
CEG,,,Assets,,power,2025-09-30,Q3,2025-11-07T23:59:59+00:00,"filing date, end of day",56161000000.0,53038000000.0,3123000000.0,same-quarter mean,measured,3,727,1394333333.3333333,1728666666.6666667,0.03259298364694496,,,results/complex-quarterly/CEG/2025-09-30
DUK,,,Assets,,power,2025-09-30,Q3,2025-11-07T23:59:59+00:00,"filing date, end of day",192293000000.0,189713000000.0,2580000000.0,same-quarter mean,measured,16,5480,5228437500.0,-2648437500.0,-0.013960232034705054,,,results/complex-quarterly/DUK/2025-09-30
SMCI,,,Assets,,compute_and_ai,2025-09-30,Q3,2025-11-07T23:59:59+00:00,"filing date, end of day",14386037000.0,14018429000.0,367608000.0,same-quarter mean,measured,13,4859,132043846.15384616,235564153.84615386,0.016803891066977182,,,results/complex-quarterly/SMCI/2025-09-30
VST,,,Assets,,power,2025-09-30,Q3,2025-11-07T23:59:59+00:00,"filing date, end of day",38020000000.0,38146000000.0,-126000000.0,same-quarter mean,measured,8,2562,-50125000.0,-75875000.0,-0.001989068316468306,,,results/complex-quarterly/VST/2025-09-30
PLUG,,,Assets,,fuel_and_nuclear,2025-09-30,Q3,2025-11-10T23:59:59+00:00,"filing date, end of day",3104752000.0,3353780000.0,-249028000.0,same-quarter mean,measured,14,4752,36021042.64285714,-285049042.64285713,-0.08499336350114114,,,results/complex-quarterly/PLUG/2025-09-30
WULF,,,Assets,,compute_and_ai,2025-09-30,Q3,2025-11-10T23:59:59+00:00,"filing date, end of day",2454445000.0,869408000.0,1585037000.0,same-quarter mean,measured,14,4747,-4930563.857142857,1589967563.857143,1.8287933442723587,,,results/complex-quarterly/WULF/2025-09-30
OKLO,,,Assets,,fuel_and_nuclear,2025-09-30,Q3,2025-11-12T23:59:59+00:00,"filing date, end of day",1246219000.0,731084000.0,515135000.0,same-quarter mean,measured,4,1095,125900941.75,389234058.25,0.5324067525072358,,,results/complex-quarterly/OKLO/2025-09-30
ROK,,,Assets,,buildout,2023-09-30,Q3,2025-11-12T23:59:59+00:00,"filing date, end of day",11304000000.0,11743300000.0,-439300000.0,same-quarter mean,measured,14,4747,230735714.2857143,-670035714.2857143,-0.05705685065405076,,,results/complex-quarterly/ROK/2023-09-30
ROK,,,Assets,,buildout,2024-09-30,Q3,2025-11-12T23:59:59+00:00,"filing date, end of day",11232000000.0,11188600000.0,43400000.0,same-quarter mean,measured,14,4747,230735714.2857143,-187335714.2857143,-0.016743445496819467,,,results/complex-quarterly/ROK/2024-09-30
CRWV,,,Assets,,compute_and_ai,2025-09-30,Q3,2025-11-13T23:59:59+00:00,"filing date, end of day",32910498000.0,26241363000.0,6669135000.0,,missing,0,,,,,,,results/complex-quarterly/CRWV/2025-09-30
NVDA,,,Assets,,compute_and_ai,2025-10-26,Q4,2025-11-19T23:59:59+00:00,"filing date, end of day",161148000000.0,140740000000.0,20408000000.0,same-quarter mean,measured,16,5480,1344330562.5,19063669437.5,0.13545310101961064,,,results/complex-quarterly/NVDA/2025-10-26
DY,,,Assets,,buildout,2025-10-25,Q4,2025-11-20T23:59:59+00:00,"filing date, end of day",3324824000.0,3219924000.0,104900000.0,same-quarter mean,measured,14,4747,86990857.14285715,17909142.85714285,0.005561976884281384,,,results/complex-quarterly/DY/2025-10-25
J,,,Assets,,buildout,2024-09-27,Q3,2025-11-20T23:59:59+00:00,"filing date, end of day",11759005000.0,15048290000.0,-3289285000.0,same-quarter mean,measured,16,5597,-14161875.0,-3275123125.0,-0.21764088311695215,,,results/complex-quarterly/J/2024-09-27
MRVL,,,Assets,,compute_and_ai,2025-11-01,Q4,2025-12-03T23:59:59+00:00,"filing date, end of day",21579000000.0,20586300000.0,992700000.0,same-quarter mean,measured,4,1097,231677500.0,761022500.0,0.036967424937944166,,,results/complex-quarterly/MRVL/2025-11-01
AGX,,,Assets,,buildout,2024-10-31,Q4,2025-12-04T23:59:59+00:00,"filing date, end of day",768864000.0,726574000.0,42290000.0,same-quarter mean,measured,13,4374,19707846.153846152,22582153.846153848,0.03108032195778248,,,results/complex-quarterly/AGX/2024-10-31
AGX,,,Assets,,buildout,2025-10-31,Q4,2025-12-04T23:59:59+00:00,"filing date, end of day",1050869000.0,882704000.0,168165000.0,same-quarter mean,measured,13,4374,19707846.153846152,148457153.84615386,0.16818452600889297,,,results/complex-quarterly/AGX/2025-10-31
AI,,,Assets,,compute_and_ai,2025-10-31,Q4,2025-12-09T23:59:59+00:00,"filing date, end of day",961298000.0,968739000.0,-7441000.0,same-quarter mean,measured,4,1104,-23213500.0,15772500.0,0.01628147519610545,,,results/complex-quarterly/AI/2025-10-31
ORCL,,,Assets,,hyperscaler,2025-11-30,Q4,2025-12-11T23:59:59+00:00,"filing date, end of day",204984000000.0,180449000000.0,24535000000.0,same-quarter mean,measured,16,5467,-2036937500.0,26571937500.0,0.14725455668914764,,,results/complex-quarterly/ORCL/2025-11-30
AVGO,,,Assets,,compute_and_ai,2024-11-03,Q4,2025-12-18T23:59:59+00:00,"filing date, end of day",165645000000.0,167966000000.0,-2321000000.0,same-quarter mean,measured,6,1638,-501333333.3333333,-1819666666.6666667,-0.0108335417088379,,,results/complex-quarterly/AVGO/2024-11-03
MU,,,Assets,,compute_and_ai,2025-11-27,Q4,2025-12-18T23:59:59+00:00,"filing date, end of day",85971000000.0,82798000000.0,3173000000.0,same-quarter mean,measured,16,5455,633500000.0,2539500000.0,0.030671030701224667,,,results/complex-quarterly/MU/2025-11-27
NNE,,,Assets,,fuel_and_nuclear,2024-09-30,Q3,2025-12-18T23:59:59+00:00,"filing date, end of day",35096170.0,16427718.0,18668452.0,,missing,0,,,,,,,results/complex-quarterly/NNE/2024-09-30
APLD,,,Assets,,compute_and_ai,2025-11-30,Q4,2026-01-08T23:59:59+00:00,"filing date, end of day",5229344000.0,2398995000.0,2830349000.0,same-quarter mean,measured,3,735,252820333.33333334,2577528666.6666665,1.0744201912328564,,,results/complex-quarterly/APLD/2025-11-30
MSFT,,,Assets,,hyperscaler,2025-12-31,Q4,2026-01-28T23:59:59+00:00,"filing date, end of day",665302000000.0,636351000000.0,28951000000.0,same-quarter mean,measured,16,5480,6817375000.0,22133625000.0,0.03478210138744184,,,results/complex-quarterly/MSFT/2025-12-31
GEV,,,Assets,,buildout,2024-12-31,Q4,2026-01-29T23:59:59+00:00,"filing date, end of day",51485000000.0,50853000000.0,632000000.0,,missing,0,,,,,,,results/complex-quarterly/GEV/2024-12-31
META,,,Assets,,hyperscaler,2024-12-31,Q4,2026-01-29T23:59:59+00:00,"filing date, end of day",276054000000.0,256408000000.0,19646000000.0,same-quarter mean,measured,12,4017,6210500000.0,13435500000.0,0.05239891111041777,,,results/complex-quarterly/META/2024-12-31
AAPL,,,Assets,,hyperscaler,2025-12-27,Q4,2026-01-30T23:59:59+00:00,"filing date, end of day",379297000000.0,359241000000.0,20056000000.0,same-quarter mean,measured,16,5485,12306562500.0,7749437500.0,0.021571695602673413,,,results/complex-quarterly/AAPL/2025-12-27
J,,,Assets,,buildout,2025-12-26,Q4,2026-02-03T23:59:59+00:00,"filing date, end of day",11614495000.0,11252535000.0,361960000.0,same-quarter mean,measured,18,5187,385355833.3333333,-23395833.333333313,-0.0020791611253227218,,,results/complex-quarterly/J/2025-12-26
AMD,,,Assets,,compute_and_ai,2024-12-28,Q4,2026-02-04T23:59:59+00:00,"filing date, end of day",69226000000.0,69636000000.0,-410000000.0,same-quarter mean,measured,15,4837,179466666.66666666,-589466666.6666666,-0.008464970226128247,,,results/complex-quarterly/AMD/2024-12-28
ARM,,,Assets,,compute_and_ai,2025-12-31,Q4,2026-02-04T23:59:59+00:00,"filing date, end of day",10176000000.0,9710000000.0,466000000.0,same-quarter mean,measured,2,363,357500000.0,108500000.0,0.0111740473738414,,,results/complex-quarterly/ARM/2025-12-31
IREN,,,Assets,,compute_and_ai,2025-12-31,Q4,2026-02-05T23:59:59+00:00,"filing date, end of day",7027577000.0,4267374000.0,2760203000.0,,missing,0,,,,,,,results/complex-quarterly/IREN/2025-12-31
ROK,,,Assets,,buildout,2025-12-31,Q4,2026-02-05T23:59:59+00:00,"filing date, end of day",11230000000.0,11219000000.0,11000000.0,same-quarter mean,measured,16,5481,126262500.0,-115262500.0,-0.010273865763437027,,,results/complex-quarterly/ROK/2025-12-31
AMZN,,,Assets,,hyperscaler,2023-12-31,Q4,2026-02-06T23:59:59+00:00,"filing date, end of day",527854000000.0,486883000000.0,40971000000.0,same-quarter mean,measured,14,5124,17246000000.0,23725000000.0,0.04872833925193527,,,results/complex-quarterly/AMZN/2023-12-31
AMZN,,,Assets,,hyperscaler,2024-12-31,Q4,2026-02-06T23:59:59+00:00,"filing date, end of day",624894000000.0,584626000000.0,40268000000.0,same-quarter mean,measured,14,5124,17246000000.0,23022000000.0,0.039379021801972544,,,results/complex-quarterly/AMZN/2024-12-31
SMCI,,,Assets,,compute_and_ai,2025-12-31,Q4,2026-02-06T23:59:59+00:00,"filing date, end of day",28001610000.0,14386037000.0,13615573000.0,same-quarter mean,measured,13,4768,64723153.84615385,13550849846.153847,0.9419445985127,,,results/complex-quarterly/SMCI/2025-12-31
EQIX,,,Assets,,data_center_reit,2024-12-31,Q4,2026-02-11T23:59:59+00:00,"filing date, end of day",35085000000.0,35438000000.0,-353000000.0,same-quarter mean,measured,14,4737,491464000.0,-844464000.0,-0.023829335741294654,,,results/complex-quarterly/EQIX/2024-12-31
LEU,,,Assets,,fuel_and_nuclear,2024-12-31,Q4,2026-02-11T23:59:59+00:00,"filing date, end of day",1093400000.0,591000000.0,502400000.0,same-quarter mean,measured,14,4713,-61907142.85714286,564307142.8571428,0.9548344210780758,,,results/complex-quarterly/LEU/2024-12-31
AEP,,,Assets,,power,2024-12-31,Q4,2026-02-12T23:59:59+00:00,"filing date, end of day",103078000000.0,100119100000.0,2958900000.0,same-quarter mean,measured,15,5102,1327893333.3333333,1631006666.6666667,0.016290664485264717,,,results/complex-quarterly/AEP/2024-12-31
EXC,,,Assets,,power,2024-12-31,Q4,2026-02-12T23:59:59+00:00,"filing date, end of day",107784000000.0,106070000000.0,1714000000.0,same-quarter mean,measured,15,5116,762333333.3333334,951666666.6666666,0.008972062474466547,,,results/complex-quarterly/EXC/2024-12-31
IRM,,,Assets,,data_center_reit,2023-12-31,Q4,2026-02-12T23:59:59+00:00,"filing date, end of day",17473802000.0,16876918000.0,596884000.0,same-quarter mean,measured,14,4735,103457928.57142857,493426071.42857146,0.029236740465798997,,,results/complex-quarterly/IRM/2023-12-31
IRM,,,Assets,,data_center_reit,2024-12-31,Q4,2026-02-12T23:59:59+00:00,"filing date, end of day",18717115000.0,18469629000.0,247486000.0,same-quarter mean,measured,14,4735,103457928.57142857,144028071.42857143,0.007798103114500645,,,results/complex-quarterly/IRM/2024-12-31
PCG,,,Assets,,power,2024-12-31,Q4,2026-02-12T23:59:59+00:00,"filing date, end of day",133660000000.0,132319000000.0,1341000000.0,same-quarter mean,measured,15,5110,1255133333.3333333,85866666.66666675,0.0006489367866040912,,,results/complex-quarterly/PCG/2024-12-31
DLR,,,Assets,,data_center_reit,2024-12-31,Q4,2026-02-13T23:59:59+00:00,"filing date, end of day",45283616000.0,45295391000.0,-11775000.0,same-quarter mean,measured,14,4746,800469928.5714285,-812244928.5714285,-0.01793217611415317,,,results/complex-quarterly/DLR/2024-12-31
NEE,,,Assets,,power,2023-12-31,Q4,2026-02-13T23:59:59+00:00,"filing date, end of day",177489000000.0,171674000000.0,5815000000.0,same-quarter mean,measured,14,5100,2071571428.5714285,3743428571.4285717,0.02180544853285047,,,results/complex-quarterly/NEE/2023-12-31
NEE,,,Assets,,power,2024-12-31,Q4,2026-02-13T23:59:59+00:00,"filing date, end of day",190144000000.0,186013000000.0,4131000000.0,same-quarter mean,measured,14,5100,2071571428.5714285,2059428571.4285715,0.011071422811462487,,,results/complex-quarterly/NEE/2024-12-31
VRT,,,Assets,,buildout,2024-12-31,Q4,2026-02-13T23:59:59+00:00,"filing date, end of day",9132500000.0,8891400000.0,241100000.0,same-quarter mean,measured,6,1804,1131152138.3333333,-890052138.3333333,-0.10010258658179064,,,results/complex-quarterly/VRT/2024-12-31
WY,,,Assets,,data_center_reit,2024-12-31,Q4,2026-02-13T23:59:59+00:00,"filing date, end of day",16536000000.0,16668000000.0,-132000000.0,same-quarter mean,measured,15,4741,-385133333.3333333,253133333.3333333,0.015186785057195423,,,results/complex-quarterly/WY/2024-12-31
NNE,,,Assets,,fuel_and_nuclear,2025-12-31,Q4,2026-02-17T23:59:59+00:00,"filing date, end of day",606056161.0,228656866.0,377399295.0,prior same-quarter,measured,1,0,99046269.0,278353026.0,1.217339460954564,,,results/complex-quarterly/NNE/2025-12-31
NVT,,,Assets,,buildout,2024-12-31,Q4,2026-02-17T23:59:59+00:00,"filing date, end of day",6734900000.0,6918000000.0,-183100000.0,same-quarter mean,measured,7,1820,59728571.428571425,-242828571.42857143,-0.03510097881303432,,,results/complex-quarterly/NVT/2024-12-31
EIX,,,Assets,,power,2024-12-31,Q4,2026-02-18T23:59:59+00:00,"filing date, end of day",85579000000.0,84749000000.0,830000000.0,same-quarter mean,measured,15,4747,-29733333.333333332,859733333.3333334,0.01014446581473921,,,results/complex-quarterly/EIX/2024-12-31
ETR,,,Assets,,power,2023-12-31,Q4,2026-02-19T23:59:59+00:00,"filing date, end of day",59703396000.0,60552147000.0,-848751000.0,same-quarter mean,measured,14,4739,541786428.5714285,-1390537428.5714285,-0.0229642960235816,,,results/complex-quarterly/ETR/2023-12-31
ETR,,,Assets,,power,2024-12-31,Q4,2026-02-19T23:59:59+00:00,"filing date, end of day",64790032000.0,64462049000.0,327983000.0,same-quarter mean,measured,14,4739,541786428.5714285,-213803428.57142854,-0.0033167333630897853,,,results/complex-quarterly/ETR/2024-12-31
FIX,,,Assets,,buildout,2024-12-31,Q4,2026-02-19T23:59:59+00:00,"filing date, end of day",4711088000.0,4412765000.0,298323000.0,same-quarter mean,measured,13,4375,46102692.307692304,252220307.6923077,0.05715697701833379,,,results/complex-quarterly/FIX/2024-12-31
PWR,,,Assets,,buildout,2024-12-31,Q4,2026-02-19T23:59:59+00:00,"filing date, end of day",18683894000.0,18866300000.0,-182406000.0,same-quarter mean,measured,15,5105,234257400.0,-416663400.0,-0.02208506172381442,,,results/complex-quarterly/PWR/2024-12-31
SO,,,Assets,,power,2023-12-31,Q4,2026-02-19T23:59:59+00:00,"filing date, end of day",139331000000.0,138321000000.0,1010000000.0,same-quarter mean,measured,14,4745,1477500928.5714285,-467500928.57142854,-0.003379826118748625,,,results/complex-quarterly/SO/2023-12-31
SO,,,Assets,,power,2024-12-31,Q4,2026-02-19T23:59:59+00:00,"filing date, end of day",145180000000.0,143956000000.0,1224000000.0,same-quarter mean,measured,14,4745,1477500928.5714285,-253500928.57142854,-0.0017609611865530338,,,results/complex-quarterly/SO/2024-12-31
PPL,,,Assets,,power,2024-12-31,Q4,2026-02-20T23:59:59+00:00,"filing date, end of day",41069000000.0,40472000000.0,597000000.0,same-quarter mean,measured,15,5099,862800000.0,-265800000.0,-0.006567503459181657,,,results/complex-quarterly/PPL/2024-12-31
BWXT,,,Assets,,fuel_and_nuclear,2024-12-31,Q4,2026-02-23T23:59:59+00:00,"filing date, end of day",2869924000.0,2947460000.0,-77536000.0,same-quarter mean,measured,14,4379,36771785.71428572,-114307785.71428572,-0.03878179371875639,,,results/complex-quarterly/BWXT/2024-12-31
CCI,,,Assets,,data_center_reit,2024-12-31,Q4,2026-02-23T23:59:59+00:00,"filing date, end of day",32736000000.0,38043000000.0,-5307000000.0,same-quarter mean,measured,15,5139,731629333.3333334,-6038629333.333333,-0.15873168081732075,,,results/complex-quarterly/CCI/2024-12-31
D,,,Assets,,power,2024-12-31,Q4,2026-02-23T23:59:59+00:00,"filing date, end of day",102415000000.0,99820000000.0,2595000000.0,same-quarter mean,measured,15,5113,490000000.0,2105000000.0,0.021087958324984973,,,results/complex-quarterly/D/2024-12-31
AMT,,,Assets,,data_center_reit,2024-12-31,Q4,2026-02-24T23:59:59+00:00,"filing date, end of day",61077400000.0,62816800000.0,-1739400000.0,same-quarter mean,measured,15,5111,1795349933.3333333,-3534749933.333333,-0.056270773635927536,,,results/complex-quarterly/AMT/2024-12-31
CEG,,,Assets,,power,2024-12-31,Q4,2026-02-24T23:59:59+00:00,"filing date, end of day",52926000000.0,51834000000.0,1092000000.0,same-quarter mean,measured,2,357,1043000000.0,49000000.0,0.000945325462051935,,,results/complex-quarterly/CEG/2024-12-31
CIFR,,,Assets,,compute_and_ai,2024-12-31,Q4,2026-02-24T23:59:59+00:00,"filing date, end of day",855446000.0,775438000.0,80008000.0,same-quarter mean,measured,4,1131,76111629.75,3896370.25,0.005024734730565177,,,results/complex-quarterly/CIFR/2024-12-31
FSLR,,,Assets,,fuel_and_nuclear,2024-12-31,Q4,2026-02-24T23:59:59+00:00,"filing date, end of day",12124361000.0,11436638000.0,687723000.0,same-quarter mean,measured,15,4745,128991400.0,558731600.0,0.048854532249774804,,,results/complex-quarterly/FSLR/2024-12-31
NRG,,,Assets,,power,2024-12-31,Q4,2026-02-24T23:59:59+00:00,"filing date, end of day",24022000000.0,23724000000.0,298000000.0,same-quarter mean,measured,15,5118,-578866666.6666666,876866666.6666666,0.0369611645028944,,,results/complex-quarterly/NRG/2024-12-31
PRIM,,,Assets,,buildout,2024-12-31,Q4,2026-02-24T23:59:59+00:00,"filing date, end of day",4195900000.0,4240293000.0,-44393000.0,same-quarter mean,measured,13,4373,11558076.923076924,-55951076.92307693,-0.013195096877285822,,,results/complex-quarterly/PRIM/2024-12-31
NVDA,,,Assets,,compute_and_ai,2025-01-26,Q1,2026-02-25T23:59:59+00:00,"filing date, end of day",111601000000.0,96013000000.0,15588000000.0,same-quarter mean,measured,15,5096,1604843266.6666667,13983156733.333334,0.14563816080461328,,,results/complex-quarterly/NVDA/2025-01-26
DUK,,,Assets,,power,2023-12-31,Q4,2026-02-26T23:59:59+00:00,"filing date, end of day",176893000000.0,181160000000.0,-4267000000.0,same-quarter mean,measured,14,4748,1601928571.4285715,-5868928571.428572,-0.03239638204586317,,,results/complex-quarterly/DUK/2023-12-31
DUK,,,Assets,,power,2024-12-31,Q4,2026-02-26T23:59:59+00:00,"filing date, end of day",186343000000.0,183566000000.0,2777000000.0,same-quarter mean,measured,14,4748,1601928571.4285715,1175071428.5714285,0.006401356615993313,,,results/complex-quarterly/DUK/2024-12-31
EME,,,Assets,,buildout,2023-12-31,Q4,2026-02-26T23:59:59+00:00,"filing date, end of day",6609721000.0,6224193000.0,385528000.0,same-quarter mean,measured,13,4383,80020076.92307693,305507923.0769231,0.04908394117549425,,,results/complex-quarterly/EME/2023-12-31
EME,,,Assets,,buildout,2024-12-31,Q4,2026-02-26T23:59:59+00:00,"filing date, end of day",7716473000.0,7321952000.0,394521000.0,same-quarter mean,measured,13,4383,80020076.92307693,314500923.0769231,0.04295315280364076,,,results/complex-quarterly/EME/2024-12-31
ETN,,,Assets,,buildout,2023-12-31,Q4,2026-02-26T23:59:59+00:00,"filing date, end of day",38432000000.0,37289000000.0,1143000000.0,same-quarter mean,measured,12,4019,2967518637.6666665,-1824518637.6666665,-0.048929138289218445,,,results/complex-quarterly/ETN/2023-12-31
ETN,,,Assets,,buildout,2024-12-31,Q4,2026-02-26T23:59:59+00:00,"filing date, end of day",38381000000.0,39236000000.0,-855000000.0,same-quarter mean,measured,12,4019,2967518637.6666665,-3822518637.6666665,-0.09742375975294797,,,results/complex-quarterly/ETN/2024-12-31
MTZ,,,Assets,,buildout,2023-12-31,Q4,2026-02-26T23:59:59+00:00,"filing date, end of day",9373500000.0,9529727000.0,-156227000.0,same-quarter mean,measured,12,4019,217915333.33333334,-374142333.3333334,-0.03926055104551614,,,results/complex-quarterly/MTZ/2023-12-31
MTZ,,,Assets,,buildout,2024-12-31,Q4,2026-02-26T23:59:59+00:00,"filing date, end of day",8975275000.0,8762972000.0,212303000.0,same-quarter mean,measured,12,4019,217915333.33333334,-5612333.333333343,-0.0006404600326616749,,,results/complex-quarterly/MTZ/2024-12-31
SMR,,,Assets,,fuel_and_nuclear,2024-12-31,Q4,2026-02-26T23:59:59+00:00,"filing date, end of day",544673000.0,253284000.0,291389000.0,same-quarter mean,measured,4,1089,-4434089.75,295823089.75,1.1679501656243585,,,results/complex-quarterly/SMR/2024-12-31
SRE,,,Assets,,power,2024-12-31,Q4,2026-02-26T23:59:59+00:00,"filing date, end of day",96155000000.0,93748000000.0,2407000000.0,same-quarter mean,measured,14,4382,1007642857.1428572,1399357142.857143,0.014926794628761605,,,results/complex-quarterly/SRE/2024-12-31
STRL,,,Assets,,buildout,2024-12-31,Q4,2026-02-26T23:59:59+00:00,"filing date, end of day",2016774000.0,2023585000.0,-6811000.0,same-quarter mean,measured,13,4363,13777769.23076923,-20588769.230769232,-0.010174402968379995,,,results/complex-quarterly/STRL/2024-12-31
TLN,,,Assets,,power,2023-05-16,Q2,2026-02-26T23:59:59+00:00,"filing date, end of day",7800000000.0,12429000000.0,-4629000000.0,same-quarter mean,measured,4,3648,458250000.0,-5087250000.0,-0.4093048515568429,,,results/complex-quarterly/TLN/2023-05-16
TLN,,,Assets,,power,2023-05-17,Q2,2026-02-26T23:59:59+00:00,"filing date, end of day",7059000000.0,7800000000.0,-741000000.0,same-quarter mean,measured,4,3648,458250000.0,-1199250000.0,-0.15375,,,results/complex-quarterly/TLN/2023-05-17
TLN,,,Assets,,power,2024-12-31,Q4,2026-02-26T23:59:59+00:00,"filing date, end of day",6106000000.0,6848000000.0,-742000000.0,same-quarter mean,measured,2,3032,308500000.0,-1050500000.0,-0.15340245327102803,,,results/complex-quarterly/TLN/2024-12-31
SBAC,,,Assets,,data_center_reit,2024-12-31,Q4,2026-02-27T23:59:59+00:00,"filing date, end of day",11417336000.0,10201663000.0,1215673000.0,same-quarter mean,measured,14,4748,64413928.571428575,1151259071.4285715,0.11285013741667133,,,results/complex-quarterly/SBAC/2024-12-31
VST,,,Assets,,power,2024-12-31,Q4,2026-02-27T23:59:59+00:00,"filing date, end of day",37770000000.0,37878000000.0,-108000000.0,same-quarter mean,measured,7,2192,-285428571.4285714,177428571.4285714,0.004684211717318005,,,results/complex-quarterly/VST/2024-12-31
WULF,,,Assets,,compute_and_ai,2024-12-31,Q4,2026-02-27T23:59:59+00:00,"filing date, end of day",787511000.0,405905000.0,381606000.0,same-quarter mean,measured,13,4381,24952776.076923076,356653223.9230769,0.8786618147671916,,,results/complex-quarterly/WULF/2024-12-31
CORZ,,,Assets,,compute_and_ai,2023-12-31,Q4,2026-03-02T23:59:59+00:00,"filing date, end of day",712156000.0,705462000.0,6694000.0,same-quarter mean,measured,2,344,747738196.0,-741044196.0,-1.0504381469164887,,,results/complex-quarterly/CORZ/2023-12-31
CORZ,,,Assets,,compute_and_ai,2024-06-30,Q2,2026-03-02T23:59:59+00:00,"filing date, end of day",664195000.0,813968000.0,-149773000.0,same-quarter mean,measured,3,711,-289394509.3333333,139621509.3333333,0.17153193901152541,,,results/complex-quarterly/CORZ/2024-06-30
CORZ,,,Assets,,compute_and_ai,2024-09-30,Q3,2026-03-02T23:59:59+00:00,"filing date, end of day",824590000.0,664195000.0,160395000.0,same-quarter mean,measured,3,721,-162363496.0,322758496.0,0.4859393641927446,,,results/complex-quarterly/CORZ/2024-09-30
CORZ,,,Assets,,compute_and_ai,2024-12-31,Q4,2026-03-02T23:59:59+00:00,"filing date, end of day",1475946000.0,824590000.0,651356000.0,same-quarter mean,measured,2,344,747738196.0,-96382196.0,-0.11688499254174801,,,results/complex-quarterly/CORZ/2024-12-31
CORZ,,,Assets,,compute_and_ai,2025-03-31,Q1,2026-03-02T23:59:59+00:00,"filing date, end of day",1498060000.0,1475946000.0,22114000.0,same-quarter mean,measured,4,1080,166764156.0,-144650156.0,-0.09800504625507979,,,results/complex-quarterly/CORZ/2025-03-31
CORZ,,,Assets,,compute_and_ai,2025-06-30,Q2,2026-03-02T23:59:59+00:00,"filing date, end of day",1850741000.0,1498060000.0,352681000.0,same-quarter mean,measured,3,711,-289394509.3333333,642075509.3333333,0.42860466825983823,,,results/complex-quarterly/CORZ/2025-06-30
CORZ,,,Assets,,compute_and_ai,2025-09-30,Q3,2026-03-02T23:59:59+00:00,"filing date, end of day",2171302000.0,1850741000.0,320561000.0,same-quarter mean,measured,3,721,-162363496.0,482924496.0,0.260935752760651,,,results/complex-quarterly/CORZ/2025-09-30
PLUG,,,Assets,,fuel_and_nuclear,2024-12-31,Q4,2026-03-02T23:59:59+00:00,"filing date, end of day",3602846000.0,4724874000.0,-1122028000.0,same-quarter mean,measured,13,4354,55555929.84615385,-1177583929.8461537,-0.24923075829030653,,,results/complex-quarterly/PLUG/2024-12-31
DY,,,Assets,,buildout,2025-01-25,Q1,2026-03-09T23:59:59+00:00,"filing date, end of day",2945367000.0,3114695000.0,-169328000.0,same-quarter mean,measured,13,4746,-42411692.307692304,-126916307.6923077,-0.04074758770676028,,,results/complex-quarterly/DY/2025-01-25
AI,,,Assets,,compute_and_ai,2026-01-31,Q1,2026-03-11T23:59:59+00:00,"filing date, end of day",895776000.0,961298000.0,-65522000.0,same-quarter mean,measured,5,1466,179687600.0,-245209600.0,-0.2550817748502546,,,results/complex-quarterly/AI/2026-01-31
AVGO,,,Assets,,compute_and_ai,2026-02-01,Q1,2026-03-11T23:59:59+00:00,"filing date, end of day",169903000000.0,171092000000.0,-1189000000.0,same-quarter mean,measured,7,2189,19805857142.857143,-20994857142.857143,-0.12271092244439917,,,results/complex-quarterly/AVGO/2026-02-01
MRVL,,,Assets,,compute_and_ai,2025-02-01,Q1,2026-03-11T23:59:59+00:00,"filing date, end of day",20204500000.0,19715600000.0,488900000.0,same-quarter mean,measured,3,734,-132047333.33333333,620947333.3333334,0.031495228820494096,,,results/complex-quarterly/MRVL/2025-02-01
ORCL,,,Assets,,hyperscaler,2026-02-28,Q1,2026-03-11T23:59:59+00:00,"filing date, end of day",245240000000.0,204984000000.0,40256000000.0,same-quarter mean,measured,16,5461,1669625000.0,38586375000.0,0.1882409114857745,,,results/complex-quarterly/ORCL/2026-02-28
OKLO,,,Assets,,fuel_and_nuclear,2024-12-31,Q4,2026-03-17T23:59:59+00:00,"filing date, end of day",281736000.0,293793833.0,-12057833.0,same-quarter mean,measured,3,724,-167231558.33333334,155173725.33333334,0.5281721666817062,,,results/complex-quarterly/OKLO/2024-12-31
MU,,,Assets,,compute_and_ai,2026-02-26,Q1,2026-03-19T23:59:59+00:00,"filing date, end of day",101509000000.0,85971000000.0,15538000000.0,same-quarter mean,measured,15,5092,1242533333.3333333,14295466666.666666,0.16628242857087466,,,results/complex-quarterly/MU/2026-02-26
AGX,,,Assets,,buildout,2024-01-31,Q1,2026-03-26T23:59:59+00:00,"filing date, end of day",598229000.0,563652000.0,34577000.0,same-quarter mean,measured,12,3999,6896000.0,27681000.0,0.04911008920397692,,,results/complex-quarterly/AGX/2024-01-31
AGX,,,Assets,,buildout,2025-01-31,Q1,2026-03-26T23:59:59+00:00,"filing date, end of day",836227000.0,768864000.0,67363000.0,same-quarter mean,measured,12,3999,6896000.0,60467000.0,0.07864459774420443,,,results/complex-quarterly/AGX/2025-01-31
APLD,,,Assets,,compute_and_ai,2026-02-28,Q1,2026-04-08T23:59:59+00:00,"filing date, end of day",6246818000.0,5229344000.0,1017474000.0,same-quarter mean,measured,4,1067,103824500.0,913649500.0,0.1747158917064932,,,results/complex-quarterly/APLD/2026-02-28
GEV,,,Assets,,buildout,2026-03-31,Q1,2026-04-22T23:59:59+00:00,"filing date, end of day",75612000000.0,63016000000.0,12596000000.0,same-quarter mean,measured,2,358,912500000.0,11683500000.0,0.18540529389361432,,,results/complex-quarterly/GEV/2026-03-31
VRT,,,Assets,,buildout,2026-03-31,Q1,2026-04-22T23:59:59+00:00,"filing date, end of day",13400100000.0,12212400000.0,1187700000.0,same-quarter mean,measured,7,2177,15176948.0,1172523052.0,0.0960108620746127,,,results/complex-quarterly/VRT/2026-03-31
FIX,,,Assets,,buildout,2026-03-31,Q1,2026-04-23T23:59:59+00:00,"filing date, end of day",6938346000.0,6441169000.0,497177000.0,same-quarter mean,measured,14,4740,62704857.14285714,434472142.85714287,0.06745237438377147,,,results/complex-quarterly/FIX/2026-03-31
NEE,,,Assets,,power,2025-12-31,Q4,2026-04-23T23:59:59+00:00,"filing date, end of day",212721000000.0,204354000000.0,8367000000.0,same-quarter mean,measured,16,5464,2434250000.0,5932750000.0,0.02903172925413743,,,results/complex-quarterly/NEE/2025-12-31
NEE,,,Assets,,power,2026-03-31,Q1,2026-04-23T23:59:59+00:00,"filing date, end of day",221424000000.0,212721000000.0,8703000000.0,same-quarter mean,measured,16,5469,2193375000.0,6509625000.0,0.030601703639979126,,,results/complex-quarterly/NEE/2026-03-31
PCG,,,Assets,,power,2026-03-31,Q1,2026-04-23T23:59:59+00:00,"filing date, end of day",141953000000.0,141611000000.0,342000000.0,same-quarter mean,measured,16,5466,1099625000.0,-757625000.0,-0.0053500434288296815,,,results/complex-quarterly/PCG/2026-03-31
AMT,,,Assets,,data_center_reit,2025-03-31,Q1,2026-04-28T23:59:59+00:00,"filing date, end of day",62055600000.0,61077400000.0,978200000.0,same-quarter mean,measured,15,5472,829528066.6666666,148671933.33333337,0.002434156223633183,,,results/complex-quarterly/AMT/2025-03-31
AMT,,,Assets,,data_center_reit,2026-03-31,Q1,2026-04-28T23:59:59+00:00,"filing date, end of day",63234600000.0,63190400000.0,44200000.0,same-quarter mean,measured,15,5472,829528066.6666666,-785328066.6666666,-0.012427964796340372,,,results/complex-quarterly/AMT/2026-03-31
EIX,,,Assets,,power,2025-12-31,Q4,2026-04-28T23:59:59+00:00,"filing date, end of day",94026000000.0,90489000000.0,3537000000.0,same-quarter mean,measured,16,5103,24000000.0,3513000000.0,0.03882239830255611,,,results/complex-quarterly/EIX/2025-12-31
EIX,,,Assets,,power,2026-03-31,Q1,2026-04-28T23:59:59+00:00,"filing date, end of day",94475000000.0,94026000000.0,449000000.0,same-quarter mean,measured,16,5471,973437500.0,-524437500.0,-0.005577579605640993,,,results/complex-quarterly/EIX/2026-03-31
EME,,,Assets,,buildout,2026-03-31,Q1,2026-04-29T23:59:59+00:00,"filing date, end of day",9508107000.0,9291399000.0,216708000.0,same-quarter mean,measured,15,5116,1031533.3333333334,215676466.66666666,0.02321248572649465,,,results/complex-quarterly/EME/2026-03-31
EQIX,,,Assets,,data_center_reit,2026-03-31,Q1,2026-04-29T23:59:59+00:00,"filing date, end of day",40898000000.0,40141000000.0,757000000.0,same-quarter mean,measured,15,5115,964014400.0,-207014400.0,-0.005157180937196383,,,results/complex-quarterly/EQIX/2026-03-31
MSFT,,,Assets,,hyperscaler,2026-03-31,Q1,2026-04-29T23:59:59+00:00,"filing date, end of day",694228000000.0,665302000000.0,28926000000.0,same-quarter mean,measured,16,5487,5720187500.0,23205812500.0,0.03488011835226709,,,results/complex-quarterly/MSFT/2026-03-31
AMZN,,,Assets,,hyperscaler,2026-03-31,Q1,2026-04-30T23:59:59+00:00,"filing date, end of day",916630000000.0,818042000000.0,98588000000.0,same-quarter mean,measured,16,5488,-331500000.0,98919500000.0,0.12092227538439347,,,results/complex-quarterly/AMZN/2026-03-31
FSLR,,,Assets,,fuel_and_nuclear,2026-03-31,Q1,2026-04-30T23:59:59+00:00,"filing date, end of day",13351097000.0,13321310000.0,29787000.0,same-quarter mean,measured,16,5108,-10086125.0,39873125.0,0.002993183478201468,,,results/complex-quarterly/FSLR/2026-03-31
IRM,,,Assets,,data_center_reit,2025-03-31,Q1,2026-04-30T23:59:59+00:00,"filing date, end of day",19362087000.0,18717115000.0,644972000.0,same-quarter mean,measured,15,5470,291121000.0,353851000.0,0.01890521055194671,,,results/complex-quarterly/IRM/2025-03-31
IRM,,,Assets,,data_center_reit,2026-03-31,Q1,2026-04-30T23:59:59+00:00,"filing date, end of day",21486815000.0,21125019000.0,361796000.0,same-quarter mean,measured,15,5470,291121000.0,70675000.0,0.0033455591211539264,,,results/complex-quarterly/IRM/2026-03-31
META,,,Assets,,hyperscaler,2026-03-31,Q1,2026-04-30T23:59:59+00:00,"filing date, end of day",395250000000.0,366021000000.0,29229000000.0,same-quarter mean,measured,13,4382,2306384615.3846154,26922615384.615383,0.07355483806834959,,,results/complex-quarterly/META/2026-03-31
MTZ,,,Assets,,buildout,2026-03-31,Q1,2026-04-30T23:59:59+00:00,"filing date, end of day",10441515000.0,9923542000.0,517973000.0,same-quarter mean,measured,14,4746,-23075571.42857143,541048571.4285715,0.05452171930431407,,,results/complex-quarterly/MTZ/2026-03-31
NBIS,,,Assets,,compute_and_ai,2024-12-31,Q4,2026-04-30T23:59:59+00:00,"filing date, end of day",3548600000.0,8755100000.0,-5206500000.0,same-quarter mean,measured,12,4404,641391666.6666666,-5847891666.666667,-0.6679411619132468,,,results/complex-quarterly/NBIS/2024-12-31
NBIS,,,Assets,,compute_and_ai,2025-12-31,Q4,2026-04-30T23:59:59+00:00,"filing date, end of day",12430600000.0,3548600000.0,8882000000.0,same-quarter mean,measured,12,4404,641391666.6666666,8240608333.333333,2.322213924740273,,,results/complex-quarterly/NBIS/2025-12-31
PWR,,,Assets,,buildout,2026-03-31,Q1,2026-04-30T23:59:59+00:00,"filing date, end of day",25746618000.0,24926901000.0,819717000.0,same-quarter mean,measured,16,5470,92143437.5,727573562.5,0.029188287886247874,,,results/complex-quarterly/PWR/2026-03-31
SO,,,Assets,,power,2025-12-31,Q4,2026-04-30T23:59:59+00:00,"filing date, end of day",155720000000.0,153248000000.0,2472000000.0,same-quarter mean,measured,16,5109,1432438312.5,1039561687.5,0.006783525315175402,,,results/complex-quarterly/SO/2025-12-31
SO,,,Assets,,power,2026-03-31,Q1,2026-04-30T23:59:59+00:00,"filing date, end of day",157031000000.0,155720000000.0,1311000000.0,same-quarter mean,measured,16,5473,545377812.5,765622187.5,0.004916659308374005,,,results/complex-quarterly/SO/2026-03-31
AAPL,,,Assets,,hyperscaler,2026-03-28,Q1,2026-05-01T23:59:59+00:00,"filing date, end of day",371082000000.0,379297000000.0,-8215000000.0,same-quarter mean,measured,14,5490,-10950857142.857143,2735857142.8571434,0.00721296805104481,,,results/complex-quarterly/AAPL/2026-03-28
D,,,Assets,,power,2025-12-31,Q4,2026-05-01T23:59:59+00:00,"filing date, end of day",115857000000.0,111597000000.0,4260000000.0,same-quarter mean,measured,16,5474,621562500.0,3638437500.0,0.032603362993628864,,,results/complex-quarterly/D/2025-12-31
D,,,Assets,,power,2026-03-31,Q1,2026-05-01T23:59:59+00:00,"filing date, end of day",118578000000.0,115857000000.0,2721000000.0,same-quarter mean,measured,16,5481,1538187500.0,1182812500.0,0.010209245017564757,,,results/complex-quarterly/D/2026-03-31
DLR,,,Assets,,data_center_reit,2025-12-31,Q4,2026-05-01T23:59:59+00:00,"filing date, end of day",49410468000.0,48728634000.0,681834000.0,same-quarter mean,measured,15,5099,746320266.6666666,-64486266.66666663,-0.0013233752184940507,,,results/complex-quarterly/DLR/2025-12-31
DLR,,,Assets,,data_center_reit,2026-03-31,Q1,2026-05-01T23:59:59+00:00,"filing date, end of day",48859973000.0,49410468000.0,-550495000.0,same-quarter mean,measured,14,4742,645356785.7142857,-1195851785.7142859,-0.024202397469991296,,,results/complex-quarterly/DLR/2026-03-31
ETR,,,Assets,,power,2025-12-31,Q4,2026-05-01T23:59:59+00:00,"filing date, end of day",71890730000.0,69848407000.0,2042323000.0,same-quarter mean,measured,16,5105,441515125.0,1600807875.0,0.022918316161455194,,,results/complex-quarterly/ETR/2025-12-31
ETR,,,Assets,,power,2026-03-31,Q1,2026-05-01T23:59:59+00:00,"filing date, end of day",75804140000.0,71890730000.0,3913410000.0,same-quarter mean,measured,16,5473,582596187.5,3330813812.5,0.04633161761606816,,,results/complex-quarterly/ETR/2026-03-31
NVT,,,Assets,,buildout,2026-03-31,Q1,2026-05-01T23:59:59+00:00,"filing date, end of day",6961600000.0,6851900000.0,109700000.0,same-quarter mean,measured,8,2551,82862500.0,26837500.0,0.003916796800887345,,,results/complex-quarterly/NVT/2026-03-31
WY,,,Assets,,data_center_reit,2026-03-31,Q1,2026-05-01T23:59:59+00:00,"filing date, end of day",16401000000.0,16613000000.0,-212000000.0,same-quarter mean,measured,15,5467,-89933333.33333333,-122066666.66666667,-0.0073476594634723814,,,results/complex-quarterly/WY/2026-03-31
BWXT,,,Assets,,fuel_and_nuclear,2026-03-31,Q1,2026-05-04T23:59:59+00:00,"filing date, end of day",4324910000.0,4271495000.0,53415000.0,same-quarter mean,measured,14,4744,7731357.142857143,45683642.85714286,0.010695000897143238,,,results/complex-quarterly/BWXT/2026-03-31
AEP,,,Assets,,power,2025-12-31,Q4,2026-05-05T23:59:59+00:00,"filing date, end of day",114460000000.0,110253500000.0,4206500000.0,same-quarter mean,measured,16,5466,1429831250.0,2776668750.0,0.025184404576725456,,,results/complex-quarterly/AEP/2025-12-31
AEP,,,Assets,,power,2026-03-31,Q1,2026-05-05T23:59:59+00:00,"filing date, end of day",117776000000.0,114460000000.0,3316000000.0,same-quarter mean,measured,16,5485,939506250.0,2376493750.0,0.020762657260178227,,,results/complex-quarterly/AEP/2026-03-31
CIFR,,,Assets,,compute_and_ai,2026-03-31,Q1,2026-05-05T23:59:59+00:00,"filing date, end of day",6393585000.0,4291908000.0,2101677000.0,same-quarter mean,measured,6,1201,27777125.666666668,2073899874.3333333,0.48321163322544036,,,results/complex-quarterly/CIFR/2026-03-31
DUK,,,Assets,,power,2025-03-31,Q1,2026-05-05T23:59:59+00:00,"filing date, end of day",195736000000.0,186343000000.0,9393000000.0,same-quarter mean,measured,14,5111,1022571428.5714285,8370428571.428572,0.04491946878298928,,,results/complex-quarterly/DUK/2025-03-31
DUK,,,Assets,,power,2025-12-31,Q4,2026-05-05T23:59:59+00:00,"filing date, end of day",195736000000.0,192293000000.0,3443000000.0,same-quarter mean,measured,16,5112,1308562500.0,2134437500.0,0.011099923034119807,,,results/complex-quarterly/DUK/2025-12-31
DUK,,,Assets,,power,2026-03-31,Q1,2026-05-05T23:59:59+00:00,"filing date, end of day",198048000000.0,195736000000.0,2312000000.0,same-quarter mean,measured,14,5111,1022571428.5714285,1289428571.4285715,0.006587590281954119,,,results/complex-quarterly/DUK/2026-03-31
ETN,,,Assets,,buildout,2026-03-31,Q1,2026-05-05T23:59:59+00:00,"filing date, end of day",55085000000.0,41251000000.0,13834000000.0,same-quarter mean,measured,13,4382,178153846.15384614,13655846153.846153,0.3310427905710444,,,results/complex-quarterly/ETN/2026-03-31
J,,,Assets,,buildout,2026-03-27,Q1,2026-05-05T23:59:59+00:00,"filing date, end of day",11941714000.0,11614495000.0,327219000.0,same-quarter mean,measured,14,5577,40687285.71428572,286531714.28571427,0.024670182757469374,,,results/complex-quarterly/J/2026-03-27
ROK,,,Assets,,buildout,2026-03-31,Q1,2026-05-05T23:59:59+00:00,"filing date, end of day",11256000000.0,11230000000.0,26000000.0,same-quarter mean,measured,16,5481,48681250.0,-22681250.0,-0.0020197016918967053,,,results/complex-quarterly/ROK/2026-03-31
SBAC,,,Assets,,data_center_reit,2026-03-31,Q1,2026-05-05T23:59:59+00:00,"filing date, end of day",11720844000.0,11575012000.0,145832000.0,same-quarter mean,measured,15,5109,173200733.33333334,-27368733.333333343,-0.002364466951164573,,,results/complex-quarterly/SBAC/2026-03-31
STRL,,,Assets,,buildout,2026-03-31,Q1,2026-05-05T23:59:59+00:00,"filing date, end of day",2783672000.0,2633831000.0,149841000.0,same-quarter mean,measured,14,4745,4361928.571428572,145479071.42857143,0.05523477832426281,,,results/complex-quarterly/STRL/2026-03-31
TLN,,,Assets,,power,2026-03-31,Q1,2026-05-05T23:59:59+00:00,"filing date, end of day",10993000000.0,10905000000.0,88000000.0,same-quarter mean,measured,2,3285,-227500000.0,315500000.0,0.028931682714351214,,,results/complex-quarterly/TLN/2026-03-31
AMD,,,Assets,,compute_and_ai,2026-03-28,Q1,2026-05-06T23:59:59+00:00,"filing date, end of day",79642000000.0,76926000000.0,2716000000.0,same-quarter mean,measured,12,4746,4791416666.666667,-2075416666.666667,-0.026979391449791577,,,results/complex-quarterly/AMD/2026-03-28
CORZ,,,Assets,,compute_and_ai,2026-03-31,Q1,2026-05-06T23:59:59+00:00,"filing date, end of day",3069564000.0,2347644000.0,721920000.0,same-quarter mean,measured,5,1742,137834124.8,584085875.2,0.2487966127743389,,,results/complex-quarterly/CORZ/2026-03-31
EXC,,,Assets,,power,2025-12-31,Q4,2026-05-06T23:59:59+00:00,"filing date, end of day",116570000000.0,113539000000.0,3031000000.0,same-quarter mean,measured,16,5481,821812500.0,2209187500.0,0.01945752120416773,,,results/complex-quarterly/EXC/2025-12-31
EXC,,,Assets,,power,2026-03-31,Q1,2026-05-06T23:59:59+00:00,"filing date, end of day",117545000000.0,116570000000.0,975000000.0,same-quarter mean,measured,16,5487,1124125000.0,-149125000.0,-0.0012792742558119586,,,results/complex-quarterly/EXC/2026-03-31
LEU,,,Assets,,fuel_and_nuclear,2026-03-31,Q1,2026-05-06T23:59:59+00:00,"filing date, end of day",2433200000.0,2445900000.0,-12700000.0,same-quarter mean,measured,15,5118,-109226666.66666667,96526666.66666667,0.039464682393665594,,,results/complex-quarterly/LEU/2026-03-31
NRG,,,Assets,,power,2026-03-31,Q1,2026-05-06T23:59:59+00:00,"filing date, end of day",40053000000.0,29140000000.0,10913000000.0,same-quarter mean,measured,16,5481,745625000.0,10167375000.0,0.3489147220315717,,,results/complex-quarterly/NRG/2026-03-31
PRIM,,,Assets,,buildout,2026-03-31,Q1,2026-05-06T23:59:59+00:00,"filing date, end of day",4213600000.0,4407800000.0,-194200000.0,same-quarter mean,measured,14,4745,45253285.71428572,-239453285.71428573,-0.05432489807030395,,,results/complex-quarterly/PRIM/2026-03-31
CCI,,,Assets,,data_center_reit,2026-03-31,Q1,2026-05-07T23:59:59+00:00,"filing date, end of day",31391000000.0,31518000000.0,-127000000.0,same-quarter mean,measured,16,5478,326313125.0,-453313125.0,-0.014382674186179325,,,results/complex-quarterly/CCI/2026-03-31
SMR,,,Assets,,fuel_and_nuclear,2026-03-31,Q1,2026-05-07T23:59:59+00:00,"filing date, end of day",1148327000.0,1412512000.0,-264185000.0,same-quarter mean,measured,5,1452,34730822.8,-298915822.8,-0.2116200236174985,,,results/complex-quarterly/SMR/2026-03-31
SRE,,,Assets,,power,2025-12-31,Q4,2026-05-07T23:59:59+00:00,"filing date, end of day",110878000000.0,106919000000.0,3959000000.0,same-quarter mean,measured,15,4748,1100933333.3333333,2858066666.666667,0.026731139148950766,,,results/complex-quarterly/SRE/2025-12-31
SRE,,,Assets,,power,2026-03-31,Q1,2026-05-07T23:59:59+00:00,"filing date, end of day",113518000000.0,110878000000.0,2640000000.0,same-quarter mean,measured,15,5113,1893600000.0,746400000.0,0.0067317231551795665,,,results/complex-quarterly/SRE/2026-03-31
CRWV,,,Assets,,compute_and_ai,2026-03-31,Q1,2026-05-08T23:59:59+00:00,"filing date, end of day",55573000000.0,49302000000.0,6271000000.0,prior same-quarter,measured,1,0,4027383000.0,2243617000.0,0.04550762646545779,,,results/complex-quarterly/CRWV/2026-03-31
IREN,,,Assets,,compute_and_ai,2026-03-31,Q1,2026-05-08T23:59:59+00:00,"filing date, end of day",7264897000.0,7027577000.0,237320000.0,,missing,0,,,,,,,results/complex-quarterly/IREN/2026-03-31
PPL,,,Assets,,power,2025-12-31,Q4,2026-05-08T23:59:59+00:00,"filing date, end of day",45244000000.0,43939000000.0,1305000000.0,same-quarter mean,measured,16,5471,846187500.0,458812500.0,0.010442033273401761,,,results/complex-quarterly/PPL/2025-12-31
PPL,,,Assets,,power,2026-03-31,Q1,2026-05-08T23:59:59+00:00,"filing date, end of day",46304000000.0,45244000000.0,1060000000.0,same-quarter mean,measured,16,5473,678000000.0,382000000.0,0.008443108478472284,,,results/complex-quarterly/PPL/2026-03-31
VST,,,Assets,,power,2026-03-31,Q1,2026-05-08T23:59:59+00:00,"filing date, end of day",41308000000.0,41550000000.0,-242000000.0,same-quarter mean,measured,9,2912,794333333.3333334,-1036333333.3333334,-0.02494183714400321,,,results/complex-quarterly/VST/2026-03-31
WULF,,,Assets,,compute_and_ai,2026-03-31,Q1,2026-05-08T23:59:59+00:00,"filing date, end of day",7008786000.0,6558182000.0,450604000.0,same-quarter mean,measured,14,4743,6580476.714285715,444023523.28571427,0.06770527613989888,,,results/complex-quarterly/WULF/2026-03-31
CEG,,,Assets,,power,2026-03-31,Q1,2026-05-11T23:59:59+00:00,"filing date, end of day",96911000000.0,57249000000.0,39662000000.0,same-quarter mean,measured,4,1090,-352250000.0,40014250000.0,0.6989510733811944,,,results/complex-quarterly/CEG/2026-03-31
PLUG,,,Assets,,fuel_and_nuclear,2026-03-31,Q1,2026-05-11T23:59:59+00:00,"filing date, end of day",2368184000.0,2594568000.0,-226384000.0,same-quarter mean,measured,14,4745,232230820.42857143,-458614820.42857146,-0.1767596071594853,,,results/complex-quarterly/PLUG/2026-03-31
SMCI,,,Assets,,compute_and_ai,2026-03-31,Q1,2026-05-11T23:59:59+00:00,"filing date, end of day",23452029000.0,28001610000.0,-4549581000.0,same-quarter mean,measured,13,4753,407319769.2307692,-4956900769.230769,-0.17702199156515533,,,results/complex-quarterly/SMCI/2026-03-31
NNE,,,Assets,,fuel_and_nuclear,2026-03-31,Q1,2026-05-14T23:59:59+00:00,"filing date, end of day",603916533.0,606056161.0,-2139628.0,same-quarter mean,measured,2,329,3154837.5,-5294465.5,-0.008735932147383945,,,results/complex-quarterly/NNE/2026-03-31
NVDA,,,Assets,,compute_and_ai,2026-04-26,Q2,2026-05-20T23:59:59+00:00,"filing date, end of day",259474000000.0,206803000000.0,52671000000.0,same-quarter mean,measured,16,5486,2355243750.0,50315756250.0,0.24330283530703134,,,results/complex-quarterly/NVDA/2026-04-26
ARM,,,Assets,,compute_and_ai,2025-03-31,Q1,2026-05-26T23:59:59+00:00,"filing date, end of day",8932000000.0,8496000000.0,436000000.0,prior same-quarter,measured,1,0,812000000.0,-376000000.0,-0.044256120527306965,,,results/complex-quarterly/ARM/2025-03-31
DY,,,Assets,,buildout,2026-05-02,Q2,2026-05-28T23:59:59+00:00,"filing date, end of day",6180400000.0,5979182000.0,201218000.0,same-quarter mean,measured,14,4746,119116285.71428572,82101714.28571428,0.013731261949496483,,,results/complex-quarterly/DY/2026-05-02
MRVL,,,Assets,,compute_and_ai,2026-05-02,Q2,2026-05-28T23:59:59+00:00,"filing date, end of day",26944500000.0,22285300000.0,4659200000.0,same-quarter mean,measured,5,1451,1845582600.0,2813617400.0,0.12625440985761915,,,results/complex-quarterly/MRVL/2026-05-02
AGX,,,Assets,,buildout,2025-04-30,Q2,2026-06-04T23:59:59+00:00,"filing date, end of day",792155000.0,836227000.0,-44072000.0,same-quarter mean,measured,13,4380,5780384.615384615,-49852384.615384616,-0.05961585145586619,,,results/complex-quarterly/AGX/2025-04-30
AGX,,,Assets,,buildout,2026-04-30,Q2,2026-06-04T23:59:59+00:00,"filing date, end of day",1286438000.0,1186354000.0,100084000.0,same-quarter mean,measured,13,4380,5780384.615384615,94303615.38461539,0.07949028315714819,,,results/complex-quarterly/AGX/2026-04-30
AVGO,,,Assets,,compute_and_ai,2026-05-03,Q2,2026-06-09T23:59:59+00:00,"filing date, end of day",179158000000.0,169903000000.0,9255000000.0,same-quarter mean,measured,8,2554,-972875000.0,10227875000.0,0.06019831904086449,,,results/complex-quarterly/AVGO/2026-05-03
OKLO,,,Assets,,fuel_and_nuclear,2026-03-31,Q1,2026-06-17T23:59:59+00:00,"filing date, end of day",2703509000.0,1528457000.0,1175052000.0,same-quarter mean,measured,4,1093,79513233.25,1095538766.75,0.7167612610299144,,,results/complex-quarterly/OKLO/2026-03-31
ORCL,,,Assets,,hyperscaler,2025-05-31,Q2,2026-06-22T23:59:59+00:00,"filing date, end of day",168361000000.0,161378000000.0,6983000000.0,same-quarter mean,measured,15,5104,5669266666.666667,1313733333.333333,0.008140721370529645,,,results/complex-quarterly/ORCL/2025-05-31
AI,,,Assets,,compute_and_ai,2025-04-30,Q2,2026-06-24T23:59:59+00:00,"filing date, end of day",1025882000.0,1055141000.0,-29259000.0,same-quarter mean,measured,4,1096,-5667750.0,-23591250.0,-0.02235838622515853,,,results/complex-quarterly/AI/2025-04-30
MU,,,Assets,,compute_and_ai,2025-08-28,Q3,2026-06-25T23:59:59+00:00,"filing date, end of day",82798000000.0,78397000000.0,4401000000.0,same-quarter mean,measured,15,5092,1546066666.6666667,2854933333.333333,0.03641635946953752,,,results/complex-quarterly/MU/2025-08-28
MU,,,Assets,,compute_and_ai,2026-05-28,Q2,2026-06-25T23:59:59+00:00,"filing date, end of day",134112000000.0,101509000000.0,32603000000.0,same-quarter mean,measured,15,5098,998200000.0,31604800000.0,0.31134973253603127,,,results/complex-quarterly/MU/2026-05-28
GEV,,,Assets,,buildout,2025-12-31,Q4,2026-07-22T23:59:59+00:00,"filing date, end of day",63016000000.0,54398000000.0,8618000000.0,prior same-quarter,measured,1,0,632000000.0,7986000000.0,0.14680686789955513,,,results/complex-quarterly/GEV/2025-12-31
GEV,,,Assets,,buildout,2026-06-30,Q2,2026-07-22T23:59:59+00:00,"filing date, end of day",80800000000.0,75612000000.0,5188000000.0,same-quarter mean,measured,2,364,849500000.0,4338500000.0,0.057378458445749354,,,results/complex-quarterly/GEV/2026-06-30
FIX,,,Assets,,buildout,2025-12-31,Q4,2026-07-23T23:59:59+00:00,"filing date, end of day",6441169000.0,5777851000.0,663318000.0,same-quarter mean,measured,14,4739,64118428.571428575,599199571.4285715,0.10370630385390199,,,results/complex-quarterly/FIX/2025-12-31
FIX,,,Assets,,buildout,2026-06-30,Q2,2026-07-23T23:59:59+00:00,"filing date, end of day",8487806000.0,6938346000.0,1549460000.0,same-quarter mean,measured,15,5105,126743533.33333333,1422716466.6666667,0.20505124227974025,,,results/complex-quarterly/FIX/2026-06-30
PCG,,,Assets,,power,2025-12-31,Q4,2026-07-23T23:59:59+00:00,"filing date, end of day",141611000000.0,138249000000.0,3362000000.0,same-quarter mean,measured,16,5474,1260500000.0,2101500000.0,0.015200833279083392,,,results/complex-quarterly/PCG/2025-12-31
PCG,,,Assets,,power,2026-06-30,Q2,2026-07-23T23:59:59+00:00,"filing date, end of day",145076000000.0,141953000000.0,3123000000.0,same-quarter mean,measured,17,5839,3038352941.1764708,84647058.82352924,0.0005963034160851073,,,results/complex-quarterly/PCG/2026-06-30
AMT,,,Assets,,data_center_reit,2025-06-30,Q2,2026-07-28T23:59:59+00:00,"filing date, end of day",63754500000.0,62055600000.0,1698900000.0,same-quarter mean,measured,16,5836,899648750.0,799251250.0,0.012879599101450957,,,results/complex-quarterly/AMT/2025-06-30
AMT,,,Assets,,data_center_reit,2025-12-31,Q4,2026-07-28T23:59:59+00:00,"filing date, end of day",63190400000.0,63888700000.0,-698300000.0,same-quarter mean,measured,16,5475,1574428062.5,-2272728062.5,-0.03557324006436193,,,results/complex-quarterly/AMT/2025-12-31
AMT,,,Assets,,data_center_reit,2026-06-30,Q2,2026-07-28T23:59:59+00:00,"filing date, end of day",63300100000.0,63234600000.0,65500000.0,same-quarter mean,measured,16,5836,899648750.0,-834148750.0,-0.013191334332786164,,,results/complex-quarterly/AMT/2026-06-30
CORZ,,,Assets,,compute_and_ai,2025-12-31,Q4,2026-07-28T23:59:59+00:00,"filing date, end of day",2347644000.0,2171302000.0,176342000.0,same-quarter mean,measured,4,1063,538381598.0,-362039598.0,-0.16673848133516203,,,results/complex-quarterly/CORZ/2025-12-31
CORZ,,,Assets,,compute_and_ai,2026-06-30,Q2,2026-07-28T23:59:59+00:00,"filing date, end of day",5257493000.0,3069564000.0,2187929000.0,same-quarter mean,measured,5,1652,-133055105.6,2320984105.6,0.7561282662944965,,,results/complex-quarterly/CORZ/2026-06-30
APLD,,,Assets,,compute_and_ai,2025-05-31,Q2,2026-07-29T23:59:59+00:00,"filing date, end of day",1870090000.0,1707347000.0,162743000.0,same-quarter mean,measured,3,728,77511666.66666667,85231333.33333333,0.049920334491660646,,,results/complex-quarterly/APLD/2025-05-31
APLD,,,Assets,,compute_and_ai,2026-05-31,Q2,2026-07-29T23:59:59+00:00,"filing date, end of day",9929312000.0,6246818000.0,3682494000.0,same-quarter mean,measured,3,728,77511666.66666667,3604982333.3333335,0.5770909818940353,,,results/complex-quarterly/APLD/2026-05-31
ARM,,,Assets,,compute_and_ai,2026-03-31,Q1,2026-07-29T23:59:59+00:00,"filing date, end of day",10703000000.0,10176000000.0,527000000.0,same-quarter mean,measured,2,363,624000000.0,-97000000.0,-0.009532232704402515,,,results/complex-quarterly/ARM/2026-03-31
ARM,,,Assets,,compute_and_ai,2026-06-30,Q2,2026-07-29T23:59:59+00:00,"filing date, end of day",11196000000.0,10703000000.0,493000000.0,same-quarter mean,measured,2,363,208000000.0,285000000.0,0.026628048210782025,,,results/complex-quarterly/ARM/2026-06-30
EQIX,,,Assets,,data_center_reit,2025-12-31,Q4,2026-07-29T23:59:59+00:00,"filing date, end of day",40141000000.0,38060000000.0,2081000000.0,same-quarter mean,measured,15,5101,435166400.0,1645833600.0,0.04324313189700473,,,results/complex-quarterly/EQIX/2025-12-31
EQIX,,,Assets,,data_center_reit,2026-06-30,Q2,2026-07-29T23:59:59+00:00,"filing date, end of day",41076000000.0,40898000000.0,178000000.0,same-quarter mean,measured,16,5474,704350062.5,-526350062.5,-0.012869824013399188,,,results/complex-quarterly/EQIX/2026-06-30
MSFT,,,Assets,,hyperscaler,2025-06-30,Q2,2026-07-29T23:59:59+00:00,"filing date, end of day",619003000000.0,562624000000.0,56379000000.0,same-quarter mean,measured,15,5116,15340800000.0,41038200000.0,0.0729407206233648,,,results/complex-quarterly/MSFT/2025-06-30
MSFT,,,Assets,,hyperscaler,2026-06-30,Q2,2026-07-29T23:59:59+00:00,"filing date, end of day",758376000000.0,694228000000.0,64148000000.0,same-quarter mean,measured,15,5116,15340800000.0,48807200000.0,0.07030428043812696,,,results/complex-quarterly/MSFT/2026-06-30
VRT,,,Assets,,buildout,2025-12-31,Q4,2026-07-29T23:59:59+00:00,"filing date, end of day",12212400000.0,10816300000.0,1396100000.0,same-quarter mean,measured,7,2164,1004001832.8571428,392098167.1428572,0.03625067418089894,,,results/complex-quarterly/VRT/2025-12-31
VRT,,,Assets,,buildout,2026-06-30,Q2,2026-07-29T23:59:59+00:00,"filing date, end of day",15900900000.0,13400100000.0,2500800000.0,same-quarter mean,measured,8,2549,294267188.25,2206532811.75,0.1646653988962769,,,results/complex-quarterly/VRT/2026-06-30
EME,,,Assets,,buildout,2025-12-31,Q4,2026-07-30T23:59:59+00:00,"filing date, end of day",9291399000.0,8640270000.0,651129000.0,same-quarter mean,measured,15,4748,121354000.0,529775000.0,0.06131463484358706,,,results/complex-quarterly/EME/2025-12-31
EME,,,Assets,,buildout,2026-06-30,Q2,2026-07-30T23:59:59+00:00,"filing date, end of day",10157082000.0,9508107000.0,648975000.0,same-quarter mean,measured,16,5481,89952375.0,559022625.0,0.05879431363151466,,,results/complex-quarterly/EME/2026-06-30
FSLR,,,Assets,,fuel_and_nuclear,2025-12-31,Q4,2026-07-30T23:59:59+00:00,"filing date, end of day",13321310000.0,13459309000.0,-137999000.0,same-quarter mean,measured,16,5109,163912125.0,-301911125.0,-0.022431398595574262,,,results/complex-quarterly/FSLR/2025-12-31
FSLR,,,Assets,,fuel_and_nuclear,2026-06-30,Q2,2026-07-30T23:59:59+00:00,"filing date, end of day",13388598000.0,13351097000.0,37501000.0,same-quarter mean,measured,17,5477,231191117.6470588,-193690117.6470588,-0.01450743093597918,,,results/complex-quarterly/FSLR/2026-06-30
META,,,Assets,,hyperscaler,2025-12-31,Q4,2026-07-30T23:59:59+00:00,"filing date, end of day",366021000000.0,303844000000.0,62177000000.0,same-quarter mean,measured,13,4381,7244000000.0,54933000000.0,0.1807934334724398,,,results/complex-quarterly/META/2025-12-31
META,,,Assets,,hyperscaler,2026-06-30,Q2,2026-07-30T23:59:59+00:00,"filing date, end of day",449956000000.0,395250000000.0,54706000000.0,same-quarter mean,measured,14,4748,6344357142.857142,48361642857.14286,0.1223570976777808,,,results/complex-quarterly/META/2026-06-30
MTZ,,,Assets,,buildout,2025-12-31,Q4,2026-07-30T23:59:59+00:00,"filing date, end of day",9923542000.0,9693450000.0,230092000.0,same-quarter mean,measured,14,4382,190790000.0,39302000.0,0.004054490403313578,,,results/complex-quarterly/MTZ/2025-12-31
MTZ,,,Assets,,buildout,2026-06-30,Q2,2026-07-30T23:59:59+00:00,"filing date, end of day",10925494000.0,10441515000.0,483979000.0,same-quarter mean,measured,15,5111,239291866.66666666,244687133.33333334,0.023434064245785535,,,results/complex-quarterly/MTZ/2026-06-30
PWR,,,Assets,,buildout,2025-12-31,Q4,2026-07-30T23:59:59+00:00,"filing date, end of day",24926901000.0,22743766000.0,2183135000.0,same-quarter mean,measured,16,5469,208215937.5,1974919062.5,0.08683342338731413,,,results/complex-quarterly/PWR/2025-12-31
PWR,,,Assets,,buildout,2026-06-30,Q2,2026-07-30T23:59:59+00:00,"filing date, end of day",28291820000.0,25746618000.0,2545202000.0,same-quarter mean,measured,17,5834,164104705.88235295,2381097294.117647,0.09248194439043012,,,results/complex-quarterly/PWR/2026-06-30
AAPL,,,Assets,,hyperscaler,2025-09-27,Q3,2026-07-31T23:59:59+00:00,"filing date, end of day",359241000000.0,331495000000.0,27746000000.0,same-quarter mean,measured,18,5119,14104222222.222221,13641777777.777779,0.04115228820277162,,,results/complex-quarterly/AAPL/2025-09-27
AAPL,,,Assets,,hyperscaler,2026-06-27,Q2,2026-07-31T23:59:59+00:00,"filing date, end of day",383266000000.0,371082000000.0,12184000000.0,same-quarter mean,measured,17,5854,-126176470.58823529,12310176470.588236,0.033173736453366735,,,results/complex-quarterly/AAPL/2026-06-27
AMZN,,,Assets,,hyperscaler,2025-12-31,Q4,2026-07-31T23:59:59+00:00,"filing date, end of day",818042000000.0,727921000000.0,90121000000.0,same-quarter mean,measured,16,5488,20167687500.0,69953312500.0,0.09610014342215707,,,results/complex-quarterly/AMZN/2025-12-31
AMZN,,,Assets,,hyperscaler,2026-06-30,Q2,2026-07-31T23:59:59+00:00,"filing date, end of day",1095689000000.0,916630000000.0,179059000000.0,same-quarter mean,measured,17,5852,11624764705.882353,167434235294.11765,0.18266283592520172,,,results/complex-quarterly/AMZN/2026-06-30
ETN,,,Assets,,buildout,2025-12-31,Q4,2026-07-31T23:59:59+00:00,"filing date, end of day",41251000000.0,40650000000.0,601000000.0,same-quarter mean,measured,14,4383,2564158832.285714,-1963158832.2857141,-0.04829419021613073,,,results/complex-quarterly/ETN/2025-12-31
ETN,,,Assets,,buildout,2026-06-30,Q2,2026-07-31T23:59:59+00:00,"filing date, end of day",56181000000.0,55085000000.0,1096000000.0,same-quarter mean,measured,13,4351,449230769.2307692,646769230.7692308,0.01174129492183409,,,results/complex-quarterly/ETN/2026-06-30
NVT,,,Assets,,buildout,2025-12-31,Q4,2026-07-31T23:59:59+00:00,"filing date, end of day",6851900000.0,6765700000.0,86200000.0,same-quarter mean,measured,8,2184,29375000.0,56825000.0,0.00839898310596095,,,results/complex-quarterly/NVT/2025-12-31
NVT,,,Assets,,buildout,2026-06-30,Q2,2026-07-31T23:59:59+00:00,"filing date, end of day",7146300000.0,6961600000.0,184700000.0,same-quarter mean,measured,8,2563,82662500.0,102037500.0,0.014657190875660768,,,results/complex-quarterly/NVT/2026-06-30
WY,,,Assets,,data_center_reit,2025-12-31,Q4,2026-07-31T23:59:59+00:00,"filing date, end of day",16613000000.0,16668000000.0,-55000000.0,same-quarter mean,measured,16,5105,-369312500.0,314312500.0,0.018857241420686344,,,results/complex-quarterly/WY/2025-12-31
WY,,,Assets,,data_center_reit,2026-06-30,Q2,2026-07-31T23:59:59+00:00,"filing date, end of day",16513000000.0,16401000000.0,112000000.0,same-quarter mean,measured,17,5828,662882352.9411764,-550882352.9411764,-0.03358833930499216,,,results/complex-quarterly/WY/2026-06-30
CIFR,,,Assets,,compute_and_ai,2025-12-31,Q4,2026-08-04T23:59:59+00:00,"filing date, end of day",4291908000.0,2840866000.0,1451042000.0,same-quarter mean,measured,5,1495,76890903.8,1374151096.2,0.48370852275327314,,,results/complex-quarterly/CIFR/2025-12-31
CIFR,,,Assets,,compute_and_ai,2026-06-30,Q2,2026-08-04T23:59:59+00:00,"filing date, end of day",7501454000.0,6393585000.0,1107869000.0,same-quarter mean,measured,5,1294,38191215.0,1069677785.0,0.1673048508778721,,,results/complex-quarterly/CIFR/2026-06-30
J,,,Assets,,buildout,2025-09-26,Q3,2026-08-04T23:59:59+00:00,"filing date, end of day",11252535000.0,11412840000.0,-160305000.0,same-quarter mean,measured,17,5957,-206816176.47058824,46511176.47058824,0.00407533764344267,,,results/complex-quarterly/J/2025-09-26
J,,,Assets,,buildout,2026-06-26,Q2,2026-08-04T23:59:59+00:00,"filing date, end of day",11743702000.0,11941714000.0,-198012000.0,same-quarter mean,measured,17,5850,184967647.05882353,-382979647.0588235,-0.03207074353470729,,,results/complex-quarterly/J/2026-06-26
NRG,,,Assets,,power,2025-12-31,Q4,2026-08-04T23:59:59+00:00,"filing date, end of day",29140000000.0,23971000000.0,5169000000.0,same-quarter mean,measured,16,5481,-524062500.0,5693062500.0,0.23749791414626006,,,results/complex-quarterly/NRG/2025-12-31
NRG,,,Assets,,power,2026-06-30,Q2,2026-08-04T23:59:59+00:00,"filing date, end of day",39940000000.0,40053000000.0,-113000000.0,same-quarter mean,measured,17,5825,196000000.0,-309000000.0,-0.007714777919256985,,,results/complex-quarterly/NRG/2026-06-30
ROK,,,Assets,,buildout,2025-09-30,Q3,2026-08-04T23:59:59+00:00,"filing date, end of day",11219000000.0,11193000000.0,26000000.0,same-quarter mean,measured,16,5112,177150000.0,-151150000.0,-0.013503975699097651,,,results/complex-quarterly/ROK/2025-09-30
ROK,,,Assets,,buildout,2026-06-30,Q2,2026-08-04T23:59:59+00:00,"filing date, end of day",11091000000.0,11256000000.0,-165000000.0,same-quarter mean,measured,17,5846,56817647.058823526,-221817647.05882353,-0.019706613988879133,,,results/complex-quarterly/ROK/2026-06-30
STRL,,,Assets,,buildout,2025-12-31,Q4,2026-08-04T23:59:59+00:00,"filing date, end of day",2633831000.0,2562267000.0,71564000.0,same-quarter mean,measured,14,4728,12307142.857142856,59256857.14285714,0.023126730017932223,,,results/complex-quarterly/STRL/2025-12-31
STRL,,,Assets,,buildout,2026-06-30,Q2,2026-08-04T23:59:59+00:00,"filing date, end of day",3194240000.0,2783672000.0,410568000.0,same-quarter mean,measured,15,5111,68552800.0,342015200.0,0.12286476280251409,,,results/complex-quarterly/STRL/2026-06-30
AMD,,,Assets,,compute_and_ai,2025-12-27,Q4,2026-08-05T23:59:59+00:00,"filing date, end of day",76926000000.0,76891000000.0,35000000.0,same-quarter mean,measured,16,5201,142625000.0,-107625000.0,-0.0013997086785189424,,,results/complex-quarterly/AMD/2025-12-27
AMD,,,Assets,,compute_and_ai,2026-06-27,Q2,2026-08-05T23:59:59+00:00,"filing date, end of day",84464000000.0,79642000000.0,4822000000.0,same-quarter mean,measured,16,5481,153437500.0,4668562500.0,0.05861935285402175,,,results/complex-quarterly/AMD/2026-06-27
BWXT,,,Assets,,fuel_and_nuclear,2025-12-31,Q4,2026-08-05T23:59:59+00:00,"filing date, end of day",4271495000.0,3781537000.0,489958000.0,same-quarter mean,measured,15,4743,29151266.666666668,460806733.3333333,0.12185699447958154,,,results/complex-quarterly/BWXT/2025-12-31
BWXT,,,Assets,,fuel_and_nuclear,2026-06-30,Q2,2026-08-05T23:59:59+00:00,"filing date, end of day",4423130000.0,4324910000.0,98220000.0,same-quarter mean,measured,15,5110,8672000.0,89548000.0,0.020705170743437435,,,results/complex-quarterly/BWXT/2026-06-30
CCI,,,Assets,,data_center_reit,2025-12-31,Q4,2026-08-05T23:59:59+00:00,"filing date, end of day",31518000000.0,31501000000.0,17000000.0,same-quarter mean,measured,16,5485,354215000.0,-337215000.0,-0.010704898257198184,,,results/complex-quarterly/CCI/2025-12-31
CCI,,,Assets,,data_center_reit,2026-06-30,Q2,2026-08-05T23:59:59+00:00,"filing date, end of day",21512000000.0,31391000000.0,-9879000000.0,same-quarter mean,measured,17,5822,261998352.94117647,-10140998352.941177,-0.3230543261744187,,,results/complex-quarterly/CCI/2026-06-30
IRM,,,Assets,,data_center_reit,2025-06-30,Q2,2026-08-05T23:59:59+00:00,"filing date, end of day",20176789000.0,19362087000.0,814702000.0,same-quarter mean,measured,15,5112,319025600.0,495676400.0,0.025600360126467773,,,results/complex-quarterly/IRM/2025-06-30
IRM,,,Assets,,data_center_reit,2025-12-31,Q4,2026-08-05T23:59:59+00:00,"filing date, end of day",21125019000.0,20632853000.0,492166000.0,same-quarter mean,measured,16,5098,143298812.5,348867187.5,0.016908334853158697,,,results/complex-quarterly/IRM/2025-12-31
IRM,,,Assets,,data_center_reit,2026-06-30,Q2,2026-08-05T23:59:59+00:00,"filing date, end of day",21955442000.0,21486815000.0,468627000.0,same-quarter mean,measured,15,5112,319025600.0,149601400.0,0.00696247442908593,,,results/complex-quarterly/IRM/2026-06-30
PRIM,,,Assets,,buildout,2025-12-31,Q4,2026-08-05T23:59:59+00:00,"filing date, end of day",4407800000.0,4649952000.0,-242152000.0,same-quarter mean,measured,14,4737,7561571.428571428,-249713571.42857143,-0.05370239766530309,,,results/complex-quarterly/PRIM/2025-12-31
PRIM,,,Assets,,buildout,2026-06-30,Q2,2026-08-05T23:59:59+00:00,"filing date, end of day",4638800000.0,4213600000.0,425200000.0,same-quarter mean,measured,15,5114,97659800.0,327540200.0,0.07773405164230111,,,results/complex-quarterly/PRIM/2026-06-30
SMR,,,Assets,,fuel_and_nuclear,2025-12-31,Q4,2026-08-05T23:59:59+00:00,"filing date, end of day",1412512000.0,883135000.0,529377000.0,same-quarter mean,measured,5,1449,54730528.2,474646471.8,0.5374563026037922,,,results/complex-quarterly/SMR/2025-12-31
SMR,,,Assets,,fuel_and_nuclear,2026-06-30,Q2,2026-08-05T23:59:59+00:00,"filing date, end of day",2049193000.0,1148327000.0,900866000.0,same-quarter mean,measured,5,1455,27743831.2,873122168.8,0.7603428020067454,,,results/complex-quarterly/SMR/2026-06-30
TLN,,,Assets,,power,2025-12-31,Q4,2026-08-05T23:59:59+00:00,"filing date, end of day",10905000000.0,6097000000.0,4808000000.0,same-quarter mean,measured,3,3395,-41666666.666666664,4849666666.666667,0.7954185118364223,,,results/complex-quarterly/TLN/2025-12-31
TLN,,,Assets,,power,2026-06-30,Q2,2026-08-05T23:59:59+00:00,"filing date, end of day",15068000000.0,10993000000.0,4075000000.0,same-quarter mean,measured,6,3851,-589500000.0,4664500000.0,0.42431547348312565,,,results/complex-quarterly/TLN/2026-06-30
WULF,,,Assets,,compute_and_ai,2025-12-31,Q4,2026-08-05T23:59:59+00:00,"filing date, end of day",6558182000.0,2454445000.0,4103737000.0,same-quarter mean,measured,14,4742,50428006.35714286,4053308993.642857,1.6514156942375393,,,results/complex-quarterly/WULF/2025-12-31
WULF,,,Assets,,compute_and_ai,2026-06-30,Q2,2026-08-05T23:59:59+00:00,"filing date, end of day",8048395000.0,7008786000.0,1039609000.0,same-quarter mean,measured,15,5110,8478346.666666666,1031130653.3333334,0.14711972277842886,,,results/complex-quarterly/WULF/2026-06-30
CEG,,,Assets,,power,2025-12-31,Q4,2026-08-06T23:59:59+00:00,"filing date, end of day",57249000000.0,56161000000.0,1088000000.0,same-quarter mean,measured,3,728,1059333333.3333334,28666666.666666627,0.0005104372547972192,,,results/complex-quarterly/CEG/2025-12-31
CEG,,,Assets,,power,2026-06-30,Q2,2026-08-06T23:59:59+00:00,"filing date, end of day",98253000000.0,96911000000.0,1342000000.0,same-quarter mean,measured,4,1099,-250000000.0,1592000000.0,0.016427443737037074,,,results/complex-quarterly/CEG/2026-06-30
LEU,,,Assets,,fuel_and_nuclear,2025-12-31,Q4,2026-08-06T23:59:59+00:00,"filing date, end of day",2445900000.0,2244900000.0,201000000.0,same-quarter mean,measured,15,5082,-24286666.666666668,225286666.66666666,0.10035487846526199,,,results/complex-quarterly/LEU/2025-12-31
LEU,,,Assets,,fuel_and_nuclear,2026-06-30,Q2,2026-08-06T23:59:59+00:00,"filing date, end of day",2531000000.0,2433200000.0,97800000.0,same-quarter mean,measured,16,5480,11437500.0,86362500.0,0.0354933831990794,,,results/complex-quarterly/LEU/2026-06-30
SBAC,,,Assets,,data_center_reit,2025-12-31,Q4,2026-08-06T23:59:59+00:00,"filing date, end of day",11575012000.0,11260239000.0,314773000.0,same-quarter mean,measured,15,5114,141164533.33333334,173608466.66666666,0.015417831421399374,,,results/complex-quarterly/SBAC/2025-12-31
SBAC,,,Assets,,data_center_reit,2026-06-30,Q2,2026-08-06T23:59:59+00:00,"filing date, end of day",11742320000.0,11720844000.0,21476000.0,same-quarter mean,measured,16,5482,192518187.5,-171042187.5,-0.014592992407372711,,,results/complex-quarterly/SBAC/2026-06-30
OKLO,,,Assets,,fuel_and_nuclear,2025-12-31,Q4,2026-08-07T23:59:59+00:00,"filing date, end of day",1528457000.0,1246219000.0,282238000.0,same-quarter mean,measured,4,1082,-128438127.0,410676127.0,0.32953768719623117,,,results/complex-quarterly/OKLO/2025-12-31
OKLO,,,Assets,,fuel_and_nuclear,2026-06-30,Q2,2026-08-07T23:59:59+00:00,"filing date, end of day",3357882000.0,2703509000.0,654373000.0,same-quarter mean,measured,4,1095,105564452.0,548808548.0,0.20299860218700955,,,results/complex-quarterly/OKLO/2026-06-30
PLUG,,,Assets,,fuel_and_nuclear,2025-12-31,Q4,2026-08-10T23:59:59+00:00,"filing date, end of day",2594568000.0,3104752000.0,-510184000.0,same-quarter mean,measured,14,4718,-28557208.0,-481626792.0,-0.15512568862182874,,,results/complex-quarterly/PLUG/2025-12-31
PLUG,,,Assets,,fuel_and_nuclear,2026-06-30,Q2,2026-08-10T23:59:59+00:00,"filing date, end of day",2192566000.0,2368184000.0,-175618000.0,same-quarter mean,measured,15,5114,-4074806.4,-171543193.6,-0.0724365985075484,,,results/complex-quarterly/PLUG/2026-06-30
VST,,,Assets,,power,2025-12-31,Q4,2026-08-10T23:59:59+00:00,"filing date, end of day",41550000000.0,38020000000.0,3530000000.0,same-quarter mean,measured,8,2556,-263250000.0,3793250000.0,0.09976985796948974,,,results/complex-quarterly/VST/2025-12-31
VST,,,Assets,,power,2026-06-30,Q2,2026-08-10T23:59:59+00:00,"filing date, end of day",42603000000.0,41308000000.0,1295000000.0,same-quarter mean,measured,9,2926,2037444444.4444444,-742444444.4444444,-0.01797338153491925,,,results/complex-quarterly/VST/2026-06-30
CRWV,,,Assets,,compute_and_ai,2025-12-31,Q4,2026-08-12T23:59:59+00:00,"filing date, end of day",49302000000.0,32910498000.0,16391502000.0,,missing,0,,,,,,,results/complex-quarterly/CRWV/2025-12-31
CRWV,,,Assets,,compute_and_ai,2026-06-30,Q2,2026-08-12T23:59:59+00:00,"filing date, end of day",77070000000.0,55573000000.0,21497000000.0,prior same-quarter,measured,1,0,4380980000.0,17116020000.0,0.3079916506217048,,,results/complex-quarterly/CRWV/2026-06-30
NNE,,,Assets,,fuel_and_nuclear,2025-09-30,Q3,2026-08-12T23:59:59+00:00,"filing date, end of day",228656866.0,231532212.0,-2875346.0,prior same-quarter,measured,1,0,18668452.0,-21543798.0,-0.09304881516875069,,,results/complex-quarterly/NNE/2025-09-30
NNE,,,Assets,,fuel_and_nuclear,2026-06-30,Q2,2026-08-12T23:59:59+00:00,"filing date, end of day",628029542.0,603916533.0,24113009.0,same-quarter mean,measured,2,365,50137082.0,-26024073.0,-0.04309216850004668,,,results/complex-quarterly/NNE/2026-06-30
NVDA,,,Assets,,compute_and_ai,2026-01-25,Q1,2026-08-26T23:59:59+00:00,"filing date, end of day",206803000000.0,161148000000.0,45655000000.0,same-quarter mean,measured,16,5460,2478790562.5,43176209437.5,0.2679289189906173,,,results/complex-quarterly/NVDA/2026-01-25
NVDA,,,Assets,,compute_and_ai,2026-07-26,Q3,2026-08-26T23:59:59+00:00,"filing date, end of day",320272000000.0,259474000000.0,60798000000.0,same-quarter mean,measured,17,5851,2266790294.117647,58531209705.882355,0.22557639573091082,,,results/complex-quarterly/NVDA/2026-07-26
DY,,,Assets,,buildout,2026-01-31,Q1,2026-08-27T23:59:59+00:00,"filing date, end of day",5979182000.0,3324824000.0,2654358000.0,same-quarter mean,measured,14,5120,-51477142.85714286,2705835142.857143,0.813828083187905,,,results/complex-quarterly/DY/2026-01-31
DY,,,Assets,,buildout,2026-08-01,Q3,2026-08-27T23:59:59+00:00,"filing date, end of day",6540044000.0,6180400000.0,359644000.0,same-quarter mean,measured,14,4360,23596357.14285714,336047642.85714287,0.05437312194310123,,,results/complex-quarterly/DY/2026-08-01
IREN,,,Assets,,compute_and_ai,2025-06-30,Q2,2026-08-27T23:59:59+00:00,"filing date, end of day",2940323000.0,1152819000.0,1787504000.0,,missing,0,,,,,,,results/complex-quarterly/IREN/2025-06-30
IREN,,,Assets,,compute_and_ai,2026-06-30,Q2,2026-08-27T23:59:59+00:00,"filing date, end of day",15790039000.0,7264897000.0,8525142000.0,,missing,0,,,,,,,results/complex-quarterly/IREN/2026-06-30
MRVL,,,Assets,,compute_and_ai,2026-01-31,Q1,2026-08-28T23:59:59+00:00,"filing date, end of day",22285300000.0,21579000000.0,706300000.0,same-quarter mean,measured,4,1098,23189500.0,683110500.0,0.03165626303350479,,,results/complex-quarterly/MRVL/2026-01-31
MRVL,,,Assets,,compute_and_ai,2026-08-01,Q3,2026-08-28T23:59:59+00:00,"filing date, end of day",27554600000.0,26944500000.0,610100000.0,same-quarter mean,measured,5,1463,-85201000.0,695301000.0,0.025804932360964206,,,results/complex-quarterly/MRVL/2026-08-01
SMCI,,,Assets,,compute_and_ai,2025-06-30,Q2,2026-08-31T23:59:59+00:00,"filing date, end of day",14018429000.0,10738525000.0,3279904000.0,same-quarter mean,measured,13,4369,186213615.3846154,3093690384.6153846,0.28809267423741947,,,results/complex-quarterly/SMCI/2025-06-30
SMCI,,,Assets,,compute_and_ai,2026-06-30,Q2,2026-08-31T23:59:59+00:00,"filing date, end of day",29945467000.0,23452029000.0,6493438000.0,same-quarter mean,measured,13,4369,186213615.3846154,6307224384.615385,0.26894152248470204,,,results/complex-quarterly/SMCI/2026-06-30
AGX,,,Assets,,buildout,2025-07-31,Q3,2026-09-02T23:59:59+00:00,"filing date, end of day",882704000.0,792155000.0,90549000.0,same-quarter mean,measured,14,4738,10525428.57142857,80023571.42857143,0.1010200925684638,,,results/complex-quarterly/AGX/2025-07-31
AGX,,,Assets,,buildout,2026-01-31,Q1,2026-09-02T23:59:59+00:00,"filing date, end of day",1186354000.0,1050869000.0,135485000.0,same-quarter mean,measured,14,4363,13192285.714285715,122292714.28571428,0.11637293923953822,,,results/complex-quarterly/AGX/2026-01-31
AGX,,,Assets,,buildout,2026-07-31,Q3,2026-09-02T23:59:59+00:00,"filing date, end of day",1400970000.0,1286438000.0,114532000.0,same-quarter mean,measured,14,4738,10525428.57142857,104006571.42857143,0.08084849128257361,,,results/complex-quarterly/AGX/2026-07-31
AI,,,Assets,,compute_and_ai,2026-04-30,Q2,2026-09-09T23:59:59+00:00,"filing date, end of day",816273000.0,895776000.0,-79503000.0,same-quarter mean,measured,5,1462,-10386000.0,-69117000.0,-0.07715879862822848,,,results/complex-quarterly/AI/2026-04-30
AI,,,Assets,,compute_and_ai,2026-07-31,Q3,2026-09-09T23:59:59+00:00,"filing date, end of day",874804000.0,816273000.0,58531000.0,same-quarter mean,measured,5,1468,-18004600.0,76535600.0,0.09376225846009852,,,results/complex-quarterly/AI/2026-07-31
AVGO,,,Assets,,compute_and_ai,2025-11-02,Q4,2026-09-10T23:59:59+00:00,"filing date, end of day",171092000000.0,165621000000.0,5471000000.0,same-quarter mean,measured,7,2001,-761285714.2857143,6232285714.285714,0.03762980367396474,,,results/complex-quarterly/AVGO/2025-11-02
AVGO,,,Assets,,compute_and_ai,2026-08-02,Q3,2026-09-10T23:59:59+00:00,"filing date, end of day",188148000000.0,179158000000.0,8990000000.0,same-quarter mean,measured,8,2554,-1790750000.0,10780750000.0,0.06017453867535918,,,results/complex-quarterly/AVGO/2026-08-02
ORCL,,,Assets,,hyperscaler,2026-05-31,Q2,2026-09-11T23:59:59+00:00,"filing date, end of day",261759000000.0,245240000000.0,16519000000.0,same-quarter mean,measured,16,5473,5751375000.0,10767625000.0,0.043906479367150544,,,results/complex-quarterly/ORCL/2026-05-31
ORCL,,,Assets,,hyperscaler,2026-08-31,Q3,2026-09-11T23:59:59+00:00,"filing date, end of day",303259000000.0,261759000000.0,41500000000.0,same-quarter mean,measured,17,5833,2758117647.0588236,38741882352.94118,0.14800592282573352,,,results/complex-quarterly/ORCL/2026-08-31
