vintage,available_from,promised_year,capacity_mw,source_receipt
2015-07,2015-07-31,2015,12601.9,https://www.eia.gov/electricity/data/eia860m/archive/xls/july_generator2015.xlsx
2015-07,2015-07-31,2016,27776.2,https://www.eia.gov/electricity/data/eia860m/archive/xls/july_generator2015.xlsx
2015-07,2015-07-31,2017,17493.5,https://www.eia.gov/electricity/data/eia860m/archive/xls/july_generator2015.xlsx
2015-07,2015-07-31,2018,20225.8,https://www.eia.gov/electricity/data/eia860m/archive/xls/july_generator2015.xlsx
2015-07,2015-07-31,2019,10105.9,https://www.eia.gov/electricity/data/eia860m/archive/xls/july_generator2015.xlsx
2015-07,2015-07-31,2020,3626.7,https://www.eia.gov/electricity/data/eia860m/archive/xls/july_generator2015.xlsx
2015-07,2015-07-31,2021,1387.0,https://www.eia.gov/electricity/data/eia860m/archive/xls/july_generator2015.xlsx
2015-07,2015-07-31,2022,1415.0,https://www.eia.gov/electricity/data/eia860m/archive/xls/july_generator2015.xlsx
2015-07,2015-07-31,2023,1023.0,https://www.eia.gov/electricity/data/eia860m/archive/xls/july_generator2015.xlsx
2015-08,2015-08-31,2015,9848.9,https://www.eia.gov/electricity/data/eia860m/archive/xls/august_generator2015.xlsx
2015-08,2015-08-31,2016,27812.8,https://www.eia.gov/electricity/data/eia860m/archive/xls/august_generator2015.xlsx
2015-08,2015-08-31,2017,17493.5,https://www.eia.gov/electricity/data/eia860m/archive/xls/august_generator2015.xlsx
2015-08,2015-08-31,2018,20225.8,https://www.eia.gov/electricity/data/eia860m/archive/xls/august_generator2015.xlsx
2015-08,2015-08-31,2019,10105.9,https://www.eia.gov/electricity/data/eia860m/archive/xls/august_generator2015.xlsx
2015-08,2015-08-31,2020,3626.7,https://www.eia.gov/electricity/data/eia860m/archive/xls/august_generator2015.xlsx
2015-08,2015-08-31,2021,1387.0,https://www.eia.gov/electricity/data/eia860m/archive/xls/august_generator2015.xlsx
2015-08,2015-08-31,2022,1415.0,https://www.eia.gov/electricity/data/eia860m/archive/xls/august_generator2015.xlsx
2015-08,2015-08-31,2023,1023.0,https://www.eia.gov/electricity/data/eia860m/archive/xls/august_generator2015.xlsx
2015-09,2015-09-30,2015,8433.5,https://www.eia.gov/electricity/data/eia860m/archive/xls/september_generator2015.xlsx
2015-09,2015-09-30,2016,27843.0,https://www.eia.gov/electricity/data/eia860m/archive/xls/september_generator2015.xlsx
2015-09,2015-09-30,2017,17524.9,https://www.eia.gov/electricity/data/eia860m/archive/xls/september_generator2015.xlsx
2015-09,2015-09-30,2018,20225.8,https://www.eia.gov/electricity/data/eia860m/archive/xls/september_generator2015.xlsx
2015-09,2015-09-30,2019,10105.9,https://www.eia.gov/electricity/data/eia860m/archive/xls/september_generator2015.xlsx
2015-09,2015-09-30,2020,3626.7,https://www.eia.gov/electricity/data/eia860m/archive/xls/september_generator2015.xlsx
2015-09,2015-09-30,2021,1387.0,https://www.eia.gov/electricity/data/eia860m/archive/xls/september_generator2015.xlsx
2015-09,2015-09-30,2022,1415.0,https://www.eia.gov/electricity/data/eia860m/archive/xls/september_generator2015.xlsx
2015-09,2015-09-30,2023,1023.0,https://www.eia.gov/electricity/data/eia860m/archive/xls/september_generator2015.xlsx
2015-10,2015-10-31,2015,6751.6,https://www.eia.gov/electricity/data/eia860m/archive/xls/october_generator2015.xlsx
2015-10,2015-10-31,2016,27872.2,https://www.eia.gov/electricity/data/eia860m/archive/xls/october_generator2015.xlsx
2015-10,2015-10-31,2017,17874.7,https://www.eia.gov/electricity/data/eia860m/archive/xls/october_generator2015.xlsx
2015-10,2015-10-31,2018,20225.8,https://www.eia.gov/electricity/data/eia860m/archive/xls/october_generator2015.xlsx
2015-10,2015-10-31,2019,10105.9,https://www.eia.gov/electricity/data/eia860m/archive/xls/october_generator2015.xlsx
2015-10,2015-10-31,2020,3626.7,https://www.eia.gov/electricity/data/eia860m/archive/xls/october_generator2015.xlsx
2015-10,2015-10-31,2021,1387.0,https://www.eia.gov/electricity/data/eia860m/archive/xls/october_generator2015.xlsx
2015-10,2015-10-31,2022,1415.0,https://www.eia.gov/electricity/data/eia860m/archive/xls/october_generator2015.xlsx
2015-10,2015-10-31,2023,1023.0,https://www.eia.gov/electricity/data/eia860m/archive/xls/october_generator2015.xlsx
2015-11,2015-11-30,2015,4149.3,https://www.eia.gov/electricity/data/eia860m/archive/xls/november_generator2015.xlsx
2015-11,2015-11-30,2016,30512.3,https://www.eia.gov/electricity/data/eia860m/archive/xls/november_generator2015.xlsx
2015-11,2015-11-30,2017,17569.2,https://www.eia.gov/electricity/data/eia860m/archive/xls/november_generator2015.xlsx
2015-11,2015-11-30,2018,20940.4,https://www.eia.gov/electricity/data/eia860m/archive/xls/november_generator2015.xlsx
2015-11,2015-11-30,2019,10568.9,https://www.eia.gov/electricity/data/eia860m/archive/xls/november_generator2015.xlsx
2015-11,2015-11-30,2020,5804.9,https://www.eia.gov/electricity/data/eia860m/archive/xls/november_generator2015.xlsx
2015-11,2015-11-30,2021,1387.0,https://www.eia.gov/electricity/data/eia860m/archive/xls/november_generator2015.xlsx
2015-11,2015-11-30,2022,1415.0,https://www.eia.gov/electricity/data/eia860m/archive/xls/november_generator2015.xlsx
2015-11,2015-11-30,2023,1023.0,https://www.eia.gov/electricity/data/eia860m/archive/xls/november_generator2015.xlsx
2015-12,2015-12-31,2016,26083.3,https://www.eia.gov/electricity/data/eia860m/archive/xls/december_generator2015.xlsx
2015-12,2015-12-31,2017,22819.3,https://www.eia.gov/electricity/data/eia860m/archive/xls/december_generator2015.xlsx
2015-12,2015-12-31,2018,23388.6,https://www.eia.gov/electricity/data/eia860m/archive/xls/december_generator2015.xlsx
2015-12,2015-12-31,2019,10164.9,https://www.eia.gov/electricity/data/eia860m/archive/xls/december_generator2015.xlsx
2015-12,2015-12-31,2020,6142.3,https://www.eia.gov/electricity/data/eia860m/archive/xls/december_generator2015.xlsx
2015-12,2015-12-31,2021,1387.0,https://www.eia.gov/electricity/data/eia860m/archive/xls/december_generator2015.xlsx
2015-12,2015-12-31,2022,1415.0,https://www.eia.gov/electricity/data/eia860m/archive/xls/december_generator2015.xlsx
2015-12,2015-12-31,2023,1023.0,https://www.eia.gov/electricity/data/eia860m/archive/xls/december_generator2015.xlsx
2016-01,2016-01-31,2016,23327.8,https://www.eia.gov/electricity/data/eia860m/archive/xls/january_generator2016.xlsx
2016-01,2016-01-31,2017,22275.9,https://www.eia.gov/electricity/data/eia860m/archive/xls/january_generator2016.xlsx
2016-01,2016-01-31,2018,22029.0,https://www.eia.gov/electricity/data/eia860m/archive/xls/january_generator2016.xlsx
2016-01,2016-01-31,2019,12451.9,https://www.eia.gov/electricity/data/eia860m/archive/xls/january_generator2016.xlsx
2016-01,2016-01-31,2020,6599.3,https://www.eia.gov/electricity/data/eia860m/archive/xls/january_generator2016.xlsx
2016-01,2016-01-31,2021,1183.0,https://www.eia.gov/electricity/data/eia860m/archive/xls/january_generator2016.xlsx
2016-01,2016-01-31,2022,1415.0,https://www.eia.gov/electricity/data/eia860m/archive/xls/january_generator2016.xlsx
2016-01,2016-01-31,2023,1227.0,https://www.eia.gov/electricity/data/eia860m/archive/xls/january_generator2016.xlsx
2016-02,2016-02-29,2016,24310.6,https://www.eia.gov/electricity/data/eia860m/archive/xls/february_generator2016.xlsx
2016-02,2016-02-29,2017,21379.4,https://www.eia.gov/electricity/data/eia860m/archive/xls/february_generator2016.xlsx
2016-02,2016-02-29,2018,24752.7,https://www.eia.gov/electricity/data/eia860m/archive/xls/february_generator2016.xlsx
2016-02,2016-02-29,2019,12497.2,https://www.eia.gov/electricity/data/eia860m/archive/xls/february_generator2016.xlsx
2016-02,2016-02-29,2020,9607.8,https://www.eia.gov/electricity/data/eia860m/archive/xls/february_generator2016.xlsx
2016-02,2016-02-29,2021,1421.0,https://www.eia.gov/electricity/data/eia860m/archive/xls/february_generator2016.xlsx
2016-02,2016-02-29,2022,2243.2,https://www.eia.gov/electricity/data/eia860m/archive/xls/february_generator2016.xlsx
2016-02,2016-02-29,2023,1010.0,https://www.eia.gov/electricity/data/eia860m/archive/xls/february_generator2016.xlsx
2016-03,2016-03-31,2016,25073.5,https://www.eia.gov/electricity/data/eia860m/archive/xls/march_generator2016.xlsx
2016-03,2016-03-31,2017,23235.2,https://www.eia.gov/electricity/data/eia860m/archive/xls/march_generator2016.xlsx
2016-03,2016-03-31,2018,25227.1,https://www.eia.gov/electricity/data/eia860m/archive/xls/march_generator2016.xlsx
2016-03,2016-03-31,2019,13490.4,https://www.eia.gov/electricity/data/eia860m/archive/xls/march_generator2016.xlsx
2016-03,2016-03-31,2020,9861.8,https://www.eia.gov/electricity/data/eia860m/archive/xls/march_generator2016.xlsx
2016-03,2016-03-31,2021,1217.0,https://www.eia.gov/electricity/data/eia860m/archive/xls/march_generator2016.xlsx
2016-03,2016-03-31,2022,2243.2,https://www.eia.gov/electricity/data/eia860m/archive/xls/march_generator2016.xlsx
2016-03,2016-03-31,2023,1214.0,https://www.eia.gov/electricity/data/eia860m/archive/xls/march_generator2016.xlsx
2016-04,2016-04-30,2016,20739.4,https://www.eia.gov/electricity/data/eia860m/archive/xls/april_generator2016.xlsx
2016-04,2016-04-30,2017,24111.8,https://www.eia.gov/electricity/data/eia860m/archive/xls/april_generator2016.xlsx
2016-04,2016-04-30,2018,27866.3,https://www.eia.gov/electricity/data/eia860m/archive/xls/april_generator2016.xlsx
2016-04,2016-04-30,2019,16431.2,https://www.eia.gov/electricity/data/eia860m/archive/xls/april_generator2016.xlsx
2016-04,2016-04-30,2020,11321.8,https://www.eia.gov/electricity/data/eia860m/archive/xls/april_generator2016.xlsx
2016-04,2016-04-30,2021,1217.0,https://www.eia.gov/electricity/data/eia860m/archive/xls/april_generator2016.xlsx
2016-04,2016-04-30,2022,2243.2,https://www.eia.gov/electricity/data/eia860m/archive/xls/april_generator2016.xlsx
2016-04,2016-04-30,2023,1214.0,https://www.eia.gov/electricity/data/eia860m/archive/xls/april_generator2016.xlsx
2016-05,2016-05-31,2016,19902.2,https://www.eia.gov/electricity/data/eia860m/archive/xls/may_generator2016.xlsx
2016-05,2016-05-31,2017,24405.1,https://www.eia.gov/electricity/data/eia860m/archive/xls/may_generator2016.xlsx
2016-05,2016-05-31,2018,28040.3,https://www.eia.gov/electricity/data/eia860m/archive/xls/may_generator2016.xlsx
2016-05,2016-05-31,2019,16805.2,https://www.eia.gov/electricity/data/eia860m/archive/xls/may_generator2016.xlsx
2016-05,2016-05-31,2020,11323.9,https://www.eia.gov/electricity/data/eia860m/archive/xls/may_generator2016.xlsx
2016-05,2016-05-31,2021,1217.0,https://www.eia.gov/electricity/data/eia860m/archive/xls/may_generator2016.xlsx
2016-05,2016-05-31,2022,2243.2,https://www.eia.gov/electricity/data/eia860m/archive/xls/may_generator2016.xlsx
2016-05,2016-05-31,2023,1214.0,https://www.eia.gov/electricity/data/eia860m/archive/xls/may_generator2016.xlsx
2016-06,2016-06-30,2016,17846.5,https://www.eia.gov/electricity/data/eia860m/archive/xls/june_generator2016.xlsx
2016-06,2016-06-30,2017,24890.7,https://www.eia.gov/electricity/data/eia860m/archive/xls/june_generator2016.xlsx
2016-06,2016-06-30,2018,28604.3,https://www.eia.gov/electricity/data/eia860m/archive/xls/june_generator2016.xlsx
2016-06,2016-06-30,2019,16805.2,https://www.eia.gov/electricity/data/eia860m/archive/xls/june_generator2016.xlsx
2016-06,2016-06-30,2020,11323.9,https://www.eia.gov/electricity/data/eia860m/archive/xls/june_generator2016.xlsx
2016-06,2016-06-30,2021,1217.0,https://www.eia.gov/electricity/data/eia860m/archive/xls/june_generator2016.xlsx
2016-06,2016-06-30,2022,2243.2,https://www.eia.gov/electricity/data/eia860m/archive/xls/june_generator2016.xlsx
2016-06,2016-06-30,2023,1214.0,https://www.eia.gov/electricity/data/eia860m/archive/xls/june_generator2016.xlsx
2016-07,2016-07-31,2016,13322.5,https://www.eia.gov/electricity/data/eia860m/archive/xls/july_generator2016.xlsx
2016-07,2016-07-31,2017,24582.5,https://www.eia.gov/electricity/data/eia860m/archive/xls/july_generator2016.xlsx
2016-07,2016-07-31,2018,30890.6,https://www.eia.gov/electricity/data/eia860m/archive/xls/july_generator2016.xlsx
2016-07,2016-07-31,2019,16805.2,https://www.eia.gov/electricity/data/eia860m/archive/xls/july_generator2016.xlsx
2016-07,2016-07-31,2020,11323.9,https://www.eia.gov/electricity/data/eia860m/archive/xls/july_generator2016.xlsx
2016-07,2016-07-31,2021,1217.0,https://www.eia.gov/electricity/data/eia860m/archive/xls/july_generator2016.xlsx
2016-07,2016-07-31,2022,2243.2,https://www.eia.gov/electricity/data/eia860m/archive/xls/july_generator2016.xlsx
2016-07,2016-07-31,2023,1214.0,https://www.eia.gov/electricity/data/eia860m/archive/xls/july_generator2016.xlsx
2016-08,2016-08-31,2016,11633.3,https://www.eia.gov/electricity/data/eia860m/archive/xls/august_generator2016.xlsx
2016-08,2016-08-31,2017,25457.0,https://www.eia.gov/electricity/data/eia860m/archive/xls/august_generator2016.xlsx
2016-08,2016-08-31,2018,31004.1,https://www.eia.gov/electricity/data/eia860m/archive/xls/august_generator2016.xlsx
2016-08,2016-08-31,2019,17495.2,https://www.eia.gov/electricity/data/eia860m/archive/xls/august_generator2016.xlsx
2016-08,2016-08-31,2020,11323.9,https://www.eia.gov/electricity/data/eia860m/archive/xls/august_generator2016.xlsx
2016-08,2016-08-31,2021,1217.0,https://www.eia.gov/electricity/data/eia860m/archive/xls/august_generator2016.xlsx
2016-08,2016-08-31,2022,2243.2,https://www.eia.gov/electricity/data/eia860m/archive/xls/august_generator2016.xlsx
2016-08,2016-08-31,2023,1214.0,https://www.eia.gov/electricity/data/eia860m/archive/xls/august_generator2016.xlsx
2016-09,2016-09-30,2016,10337.9,https://www.eia.gov/electricity/data/eia860m/archive/xls/september_generator2016.xlsx
2016-09,2016-09-30,2017,25465.7,https://www.eia.gov/electricity/data/eia860m/archive/xls/september_generator2016.xlsx
2016-09,2016-09-30,2018,31202.1,https://www.eia.gov/electricity/data/eia860m/archive/xls/september_generator2016.xlsx
2016-09,2016-09-30,2019,17495.2,https://www.eia.gov/electricity/data/eia860m/archive/xls/september_generator2016.xlsx
2016-09,2016-09-30,2020,11323.9,https://www.eia.gov/electricity/data/eia860m/archive/xls/september_generator2016.xlsx
2016-09,2016-09-30,2021,1229.0,https://www.eia.gov/electricity/data/eia860m/archive/xls/september_generator2016.xlsx
2016-09,2016-09-30,2022,2243.2,https://www.eia.gov/electricity/data/eia860m/archive/xls/september_generator2016.xlsx
2016-09,2016-09-30,2023,1214.0,https://www.eia.gov/electricity/data/eia860m/archive/xls/september_generator2016.xlsx
2016-10,2016-10-31,2016,8588.9,https://www.eia.gov/electricity/data/eia860m/archive/xls/october_generator2016.xlsx
2016-10,2016-10-31,2017,25035.2,https://www.eia.gov/electricity/data/eia860m/archive/xls/october_generator2016.xlsx
2016-10,2016-10-31,2018,32086.2,https://www.eia.gov/electricity/data/eia860m/archive/xls/october_generator2016.xlsx
2016-10,2016-10-31,2019,17537.2,https://www.eia.gov/electricity/data/eia860m/archive/xls/october_generator2016.xlsx
2016-10,2016-10-31,2020,11323.9,https://www.eia.gov/electricity/data/eia860m/archive/xls/october_generator2016.xlsx
2016-10,2016-10-31,2021,1229.0,https://www.eia.gov/electricity/data/eia860m/archive/xls/october_generator2016.xlsx
2016-10,2016-10-31,2022,2243.2,https://www.eia.gov/electricity/data/eia860m/archive/xls/october_generator2016.xlsx
2016-10,2016-10-31,2023,1214.0,https://www.eia.gov/electricity/data/eia860m/archive/xls/october_generator2016.xlsx
2016-11,2016-11-30,2016,6270.3,https://www.eia.gov/electricity/data/eia860m/archive/xls/november_generator2016.xlsx
2016-11,2016-11-30,2017,24566.8,https://www.eia.gov/electricity/data/eia860m/archive/xls/november_generator2016.xlsx
2016-11,2016-11-30,2018,32166.1,https://www.eia.gov/electricity/data/eia860m/archive/xls/november_generator2016.xlsx
2016-11,2016-11-30,2019,17537.2,https://www.eia.gov/electricity/data/eia860m/archive/xls/november_generator2016.xlsx
2016-11,2016-11-30,2020,11323.9,https://www.eia.gov/electricity/data/eia860m/archive/xls/november_generator2016.xlsx
2016-11,2016-11-30,2021,1229.0,https://www.eia.gov/electricity/data/eia860m/archive/xls/november_generator2016.xlsx
2016-11,2016-11-30,2022,2243.2,https://www.eia.gov/electricity/data/eia860m/archive/xls/november_generator2016.xlsx
2016-11,2016-11-30,2023,1214.0,https://www.eia.gov/electricity/data/eia860m/archive/xls/november_generator2016.xlsx
2016-12,2016-12-31,2017,27396.6,https://www.eia.gov/electricity/data/eia860m/archive/xls/december_generator2016.xlsx
2016-12,2016-12-31,2018,36677.4,https://www.eia.gov/electricity/data/eia860m/archive/xls/december_generator2016.xlsx
2016-12,2016-12-31,2019,20693.8,https://www.eia.gov/electricity/data/eia860m/archive/xls/december_generator2016.xlsx
2016-12,2016-12-31,2020,15428.9,https://www.eia.gov/electricity/data/eia860m/archive/xls/december_generator2016.xlsx
2016-12,2016-12-31,2021,2229.0,https://www.eia.gov/electricity/data/eia860m/archive/xls/december_generator2016.xlsx
2016-12,2016-12-31,2022,2243.2,https://www.eia.gov/electricity/data/eia860m/archive/xls/december_generator2016.xlsx
2016-12,2016-12-31,2023,1214.0,https://www.eia.gov/electricity/data/eia860m/archive/xls/december_generator2016.xlsx
2016-12,2016-12-31,2027,9.6,https://www.eia.gov/electricity/data/eia860m/archive/xls/december_generator2016.xlsx
2017-01,2017-01-31,2017,24581.7,https://www.eia.gov/electricity/data/eia860m/archive/xls/january_generator2017.xlsx
2017-01,2017-01-31,2018,36308.9,https://www.eia.gov/electricity/data/eia860m/archive/xls/january_generator2017.xlsx
2017-01,2017-01-31,2019,22084.5,https://www.eia.gov/electricity/data/eia860m/archive/xls/january_generator2017.xlsx
2017-01,2017-01-31,2020,14565.1,https://www.eia.gov/electricity/data/eia860m/archive/xls/january_generator2017.xlsx
2017-01,2017-01-31,2021,2229.0,https://www.eia.gov/electricity/data/eia860m/archive/xls/january_generator2017.xlsx
2017-01,2017-01-31,2022,2243.2,https://www.eia.gov/electricity/data/eia860m/archive/xls/january_generator2017.xlsx
2017-01,2017-01-31,2023,1229.5,https://www.eia.gov/electricity/data/eia860m/archive/xls/january_generator2017.xlsx
2017-01,2017-01-31,2027,9.6,https://www.eia.gov/electricity/data/eia860m/archive/xls/january_generator2017.xlsx
2017-02,2017-02-28,2017,23688.7,https://www.eia.gov/electricity/data/eia860m/archive/xls/february_generator2017.xlsx
2017-02,2017-02-28,2018,42206.2,https://www.eia.gov/electricity/data/eia860m/archive/xls/february_generator2017.xlsx
2017-02,2017-02-28,2019,24541.0,https://www.eia.gov/electricity/data/eia860m/archive/xls/february_generator2017.xlsx
2017-02,2017-02-28,2020,17371.1,https://www.eia.gov/electricity/data/eia860m/archive/xls/february_generator2017.xlsx
2017-02,2017-02-28,2021,2229.0,https://www.eia.gov/electricity/data/eia860m/archive/xls/february_generator2017.xlsx
2017-02,2017-02-28,2022,2243.2,https://www.eia.gov/electricity/data/eia860m/archive/xls/february_generator2017.xlsx
2017-02,2017-02-28,2023,1229.5,https://www.eia.gov/electricity/data/eia860m/archive/xls/february_generator2017.xlsx
2017-02,2017-02-28,2026,380.0,https://www.eia.gov/electricity/data/eia860m/archive/xls/february_generator2017.xlsx
2017-02,2017-02-28,2027,199.6,https://www.eia.gov/electricity/data/eia860m/archive/xls/february_generator2017.xlsx
2017-03,2017-03-31,2017,21670.0,https://www.eia.gov/electricity/data/eia860m/archive/xls/march_generator2017.xlsx
2017-03,2017-03-31,2018,40035.8,https://www.eia.gov/electricity/data/eia860m/archive/xls/march_generator2017.xlsx
2017-03,2017-03-31,2019,23581.9,https://www.eia.gov/electricity/data/eia860m/archive/xls/march_generator2017.xlsx
2017-03,2017-03-31,2020,19702.6,https://www.eia.gov/electricity/data/eia860m/archive/xls/march_generator2017.xlsx
2017-03,2017-03-31,2021,4219.0,https://www.eia.gov/electricity/data/eia860m/archive/xls/march_generator2017.xlsx
2017-03,2017-03-31,2022,2201.2,https://www.eia.gov/electricity/data/eia860m/archive/xls/march_generator2017.xlsx
2017-03,2017-03-31,2023,1229.5,https://www.eia.gov/electricity/data/eia860m/archive/xls/march_generator2017.xlsx
2017-03,2017-03-31,2026,380.0,https://www.eia.gov/electricity/data/eia860m/archive/xls/march_generator2017.xlsx
2017-03,2017-03-31,2027,199.6,https://www.eia.gov/electricity/data/eia860m/archive/xls/march_generator2017.xlsx
2017-04,2017-04-30,2017,17540.3,https://www.eia.gov/electricity/data/eia860m/archive/xls/april_generator2017.xlsx
2017-04,2017-04-30,2018,41350.1,https://www.eia.gov/electricity/data/eia860m/archive/xls/april_generator2017.xlsx
2017-04,2017-04-30,2019,23911.4,https://www.eia.gov/electricity/data/eia860m/archive/xls/april_generator2017.xlsx
2017-04,2017-04-30,2020,20744.4,https://www.eia.gov/electricity/data/eia860m/archive/xls/april_generator2017.xlsx
2017-04,2017-04-30,2021,6144.7,https://www.eia.gov/electricity/data/eia860m/archive/xls/april_generator2017.xlsx
2017-04,2017-04-30,2022,3051.2,https://www.eia.gov/electricity/data/eia860m/archive/xls/april_generator2017.xlsx
2017-04,2017-04-30,2023,1229.5,https://www.eia.gov/electricity/data/eia860m/archive/xls/april_generator2017.xlsx
2017-04,2017-04-30,2026,380.0,https://www.eia.gov/electricity/data/eia860m/archive/xls/april_generator2017.xlsx
2017-04,2017-04-30,2027,199.6,https://www.eia.gov/electricity/data/eia860m/archive/xls/april_generator2017.xlsx
2017-05,2017-05-31,2017,17686.3,https://www.eia.gov/electricity/data/eia860m/archive/xls/may_generator2017.xlsx
2017-05,2017-05-31,2018,33185.9,https://www.eia.gov/electricity/data/eia860m/archive/xls/may_generator2017.xlsx
2017-05,2017-05-31,2019,23616.4,https://www.eia.gov/electricity/data/eia860m/archive/xls/may_generator2017.xlsx
2017-05,2017-05-31,2020,21829.4,https://www.eia.gov/electricity/data/eia860m/archive/xls/may_generator2017.xlsx
2017-05,2017-05-31,2021,7393.7,https://www.eia.gov/electricity/data/eia860m/archive/xls/may_generator2017.xlsx
2017-05,2017-05-31,2022,2940.2,https://www.eia.gov/electricity/data/eia860m/archive/xls/may_generator2017.xlsx
2017-05,2017-05-31,2023,815.5,https://www.eia.gov/electricity/data/eia860m/archive/xls/may_generator2017.xlsx
2017-05,2017-05-31,2026,380.0,https://www.eia.gov/electricity/data/eia860m/archive/xls/may_generator2017.xlsx
2017-05,2017-05-31,2027,199.6,https://www.eia.gov/electricity/data/eia860m/archive/xls/may_generator2017.xlsx
2017-06,2017-06-30,2017,14569.0,https://www.eia.gov/electricity/data/eia860m/archive/xls/june_generator2017.xlsx
2017-06,2017-06-30,2018,32697.5,https://www.eia.gov/electricity/data/eia860m/archive/xls/june_generator2017.xlsx
2017-06,2017-06-30,2019,24282.7,https://www.eia.gov/electricity/data/eia860m/archive/xls/june_generator2017.xlsx
2017-06,2017-06-30,2020,23053.4,https://www.eia.gov/electricity/data/eia860m/archive/xls/june_generator2017.xlsx
2017-06,2017-06-30,2021,7393.7,https://www.eia.gov/electricity/data/eia860m/archive/xls/june_generator2017.xlsx
2017-06,2017-06-30,2022,2940.2,https://www.eia.gov/electricity/data/eia860m/archive/xls/june_generator2017.xlsx
2017-06,2017-06-30,2023,815.5,https://www.eia.gov/electricity/data/eia860m/archive/xls/june_generator2017.xlsx
2017-06,2017-06-30,2026,380.0,https://www.eia.gov/electricity/data/eia860m/archive/xls/june_generator2017.xlsx
2017-06,2017-06-30,2027,199.6,https://www.eia.gov/electricity/data/eia860m/archive/xls/june_generator2017.xlsx
2017-07,2017-07-31,2017,12605.5,https://www.eia.gov/electricity/data/eia860m/archive/xls/july_generator2017.xlsx
2017-07,2017-07-31,2018,33134.9,https://www.eia.gov/electricity/data/eia860m/archive/xls/july_generator2017.xlsx
2017-07,2017-07-31,2019,25334.7,https://www.eia.gov/electricity/data/eia860m/archive/xls/july_generator2017.xlsx
2017-07,2017-07-31,2020,23206.9,https://www.eia.gov/electricity/data/eia860m/archive/xls/july_generator2017.xlsx
2017-07,2017-07-31,2021,7696.7,https://www.eia.gov/electricity/data/eia860m/archive/xls/july_generator2017.xlsx
2017-07,2017-07-31,2022,2940.2,https://www.eia.gov/electricity/data/eia860m/archive/xls/july_generator2017.xlsx
2017-07,2017-07-31,2023,815.5,https://www.eia.gov/electricity/data/eia860m/archive/xls/july_generator2017.xlsx
2017-07,2017-07-31,2026,380.0,https://www.eia.gov/electricity/data/eia860m/archive/xls/july_generator2017.xlsx
2017-07,2017-07-31,2027,199.6,https://www.eia.gov/electricity/data/eia860m/archive/xls/july_generator2017.xlsx
2017-08,2017-08-31,2017,11883.6,https://www.eia.gov/electricity/data/eia860m/archive/xls/august_generator2017.xlsx
2017-08,2017-08-31,2018,33300.1,https://www.eia.gov/electricity/data/eia860m/archive/xls/august_generator2017.xlsx
2017-08,2017-08-31,2019,25737.4,https://www.eia.gov/electricity/data/eia860m/archive/xls/august_generator2017.xlsx
2017-08,2017-08-31,2020,23437.9,https://www.eia.gov/electricity/data/eia860m/archive/xls/august_generator2017.xlsx
2017-08,2017-08-31,2021,7796.7,https://www.eia.gov/electricity/data/eia860m/archive/xls/august_generator2017.xlsx
2017-08,2017-08-31,2022,2943.4,https://www.eia.gov/electricity/data/eia860m/archive/xls/august_generator2017.xlsx
2017-08,2017-08-31,2023,815.5,https://www.eia.gov/electricity/data/eia860m/archive/xls/august_generator2017.xlsx
2017-08,2017-08-31,2026,380.0,https://www.eia.gov/electricity/data/eia860m/archive/xls/august_generator2017.xlsx
2017-08,2017-08-31,2027,199.6,https://www.eia.gov/electricity/data/eia860m/archive/xls/august_generator2017.xlsx
2017-09,2017-09-30,2017,11905.4,https://www.eia.gov/electricity/data/eia860m/archive/xls/september_generator2017.xlsx
2017-09,2017-09-30,2018,32988.0,https://www.eia.gov/electricity/data/eia860m/archive/xls/september_generator2017.xlsx
2017-09,2017-09-30,2019,24837.4,https://www.eia.gov/electricity/data/eia860m/archive/xls/september_generator2017.xlsx
2017-09,2017-09-30,2020,24537.9,https://www.eia.gov/electricity/data/eia860m/archive/xls/september_generator2017.xlsx
2017-09,2017-09-30,2021,7796.7,https://www.eia.gov/electricity/data/eia860m/archive/xls/september_generator2017.xlsx
2017-09,2017-09-30,2022,2943.4,https://www.eia.gov/electricity/data/eia860m/archive/xls/september_generator2017.xlsx
2017-09,2017-09-30,2023,815.5,https://www.eia.gov/electricity/data/eia860m/archive/xls/september_generator2017.xlsx
2017-09,2017-09-30,2026,380.0,https://www.eia.gov/electricity/data/eia860m/archive/xls/september_generator2017.xlsx
2017-09,2017-09-30,2027,199.6,https://www.eia.gov/electricity/data/eia860m/archive/xls/september_generator2017.xlsx
2017-10,2017-10-31,2017,10736.8,https://www.eia.gov/electricity/data/eia860m/archive/xls/october_generator2017.xlsx
2017-10,2017-10-31,2018,32811.9,https://www.eia.gov/electricity/data/eia860m/archive/xls/october_generator2017.xlsx
2017-10,2017-10-31,2019,25567.2,https://www.eia.gov/electricity/data/eia860m/archive/xls/october_generator2017.xlsx
2017-10,2017-10-31,2020,24537.9,https://www.eia.gov/electricity/data/eia860m/archive/xls/october_generator2017.xlsx
2017-10,2017-10-31,2021,7796.7,https://www.eia.gov/electricity/data/eia860m/archive/xls/october_generator2017.xlsx
2017-10,2017-10-31,2022,2943.4,https://www.eia.gov/electricity/data/eia860m/archive/xls/october_generator2017.xlsx
2017-10,2017-10-31,2023,815.5,https://www.eia.gov/electricity/data/eia860m/archive/xls/october_generator2017.xlsx
2017-10,2017-10-31,2026,380.0,https://www.eia.gov/electricity/data/eia860m/archive/xls/october_generator2017.xlsx
2017-10,2017-10-31,2027,199.6,https://www.eia.gov/electricity/data/eia860m/archive/xls/october_generator2017.xlsx
2017-11,2017-11-30,2017,7405.6,https://www.eia.gov/electricity/data/eia860m/archive/xls/november_generator2017.xlsx
2017-11,2017-11-30,2018,34306.3,https://www.eia.gov/electricity/data/eia860m/archive/xls/november_generator2017.xlsx
2017-11,2017-11-30,2019,25847.6,https://www.eia.gov/electricity/data/eia860m/archive/xls/november_generator2017.xlsx
2017-11,2017-11-30,2020,23847.8,https://www.eia.gov/electricity/data/eia860m/archive/xls/november_generator2017.xlsx
2017-11,2017-11-30,2021,9157.7,https://www.eia.gov/electricity/data/eia860m/archive/xls/november_generator2017.xlsx
2017-11,2017-11-30,2022,2943.4,https://www.eia.gov/electricity/data/eia860m/archive/xls/november_generator2017.xlsx
2017-11,2017-11-30,2023,815.5,https://www.eia.gov/electricity/data/eia860m/archive/xls/november_generator2017.xlsx
2017-11,2017-11-30,2026,380.0,https://www.eia.gov/electricity/data/eia860m/archive/xls/november_generator2017.xlsx
2017-11,2017-11-30,2027,199.6,https://www.eia.gov/electricity/data/eia860m/archive/xls/november_generator2017.xlsx
2017-12,2017-12-31,2018,34888.2,https://www.eia.gov/electricity/data/eia860m/archive/xls/december_generator2017.xlsx
2017-12,2017-12-31,2019,36154.8,https://www.eia.gov/electricity/data/eia860m/archive/xls/december_generator2017.xlsx
2017-12,2017-12-31,2020,23827.8,https://www.eia.gov/electricity/data/eia860m/archive/xls/december_generator2017.xlsx
2017-12,2017-12-31,2021,10655.6,https://www.eia.gov/electricity/data/eia860m/archive/xls/december_generator2017.xlsx
2017-12,2017-12-31,2022,3250.4,https://www.eia.gov/electricity/data/eia860m/archive/xls/december_generator2017.xlsx
2017-12,2017-12-31,2023,815.5,https://www.eia.gov/electricity/data/eia860m/archive/xls/december_generator2017.xlsx
2017-12,2017-12-31,2025,858.0,https://www.eia.gov/electricity/data/eia860m/archive/xls/december_generator2017.xlsx
2017-12,2017-12-31,2026,380.0,https://www.eia.gov/electricity/data/eia860m/archive/xls/december_generator2017.xlsx
2017-12,2017-12-31,2027,199.6,https://www.eia.gov/electricity/data/eia860m/archive/xls/december_generator2017.xlsx
2018-01,2018-01-31,2018,32725.8,https://www.eia.gov/electricity/data/eia860m/archive/xls/january_generator2018.xlsx
2018-01,2018-01-31,2019,24543.2,https://www.eia.gov/electricity/data/eia860m/archive/xls/january_generator2018.xlsx
2018-01,2018-01-31,2020,25451.7,https://www.eia.gov/electricity/data/eia860m/archive/xls/january_generator2018.xlsx
2018-01,2018-01-31,2021,11856.5,https://www.eia.gov/electricity/data/eia860m/archive/xls/january_generator2018.xlsx
2018-01,2018-01-31,2022,2900.4,https://www.eia.gov/electricity/data/eia860m/archive/xls/january_generator2018.xlsx
2018-01,2018-01-31,2023,815.5,https://www.eia.gov/electricity/data/eia860m/archive/xls/january_generator2018.xlsx
2018-01,2018-01-31,2025,858.0,https://www.eia.gov/electricity/data/eia860m/archive/xls/january_generator2018.xlsx
2018-01,2018-01-31,2026,380.0,https://www.eia.gov/electricity/data/eia860m/archive/xls/january_generator2018.xlsx
2018-01,2018-01-31,2027,199.6,https://www.eia.gov/electricity/data/eia860m/archive/xls/january_generator2018.xlsx
2018-02,2018-02-28,2018,30847.1,https://www.eia.gov/electricity/data/eia860m/archive/xls/february_generator2018.xlsx
2018-02,2018-02-28,2019,24278.6,https://www.eia.gov/electricity/data/eia860m/archive/xls/february_generator2018.xlsx
2018-02,2018-02-28,2020,23535.1,https://www.eia.gov/electricity/data/eia860m/archive/xls/february_generator2018.xlsx
2018-02,2018-02-28,2021,11830.1,https://www.eia.gov/electricity/data/eia860m/archive/xls/february_generator2018.xlsx
2018-02,2018-02-28,2022,2914.4,https://www.eia.gov/electricity/data/eia860m/archive/xls/february_generator2018.xlsx
2018-02,2018-02-28,2023,1026.0,https://www.eia.gov/electricity/data/eia860m/archive/xls/february_generator2018.xlsx
2018-02,2018-02-28,2024,1413.5,https://www.eia.gov/electricity/data/eia860m/archive/xls/february_generator2018.xlsx
2018-02,2018-02-28,2025,1536.0,https://www.eia.gov/electricity/data/eia860m/archive/xls/february_generator2018.xlsx
2018-02,2018-02-28,2026,380.0,https://www.eia.gov/electricity/data/eia860m/archive/xls/february_generator2018.xlsx
2018-02,2018-02-28,2027,199.6,https://www.eia.gov/electricity/data/eia860m/archive/xls/february_generator2018.xlsx
2018-03,2018-03-31,2018,29307.1,https://www.eia.gov/electricity/data/eia860m/archive/xls/march_generator2018.xlsx
2018-03,2018-03-31,2019,25424.1,https://www.eia.gov/electricity/data/eia860m/archive/xls/march_generator2018.xlsx
2018-03,2018-03-31,2020,24172.7,https://www.eia.gov/electricity/data/eia860m/archive/xls/march_generator2018.xlsx
2018-03,2018-03-31,2021,11260.1,https://www.eia.gov/electricity/data/eia860m/archive/xls/march_generator2018.xlsx
2018-03,2018-03-31,2022,4729.4,https://www.eia.gov/electricity/data/eia860m/archive/xls/march_generator2018.xlsx
2018-03,2018-03-31,2023,1026.0,https://www.eia.gov/electricity/data/eia860m/archive/xls/march_generator2018.xlsx
2018-03,2018-03-31,2024,1413.5,https://www.eia.gov/electricity/data/eia860m/archive/xls/march_generator2018.xlsx
2018-03,2018-03-31,2025,1536.0,https://www.eia.gov/electricity/data/eia860m/archive/xls/march_generator2018.xlsx
2018-03,2018-03-31,2026,380.0,https://www.eia.gov/electricity/data/eia860m/archive/xls/march_generator2018.xlsx
2018-03,2018-03-31,2027,199.6,https://www.eia.gov/electricity/data/eia860m/archive/xls/march_generator2018.xlsx
2018-04,2018-04-30,2018,25050.6,https://www.eia.gov/electricity/data/eia860m/archive/xls/april_generator2018.xlsx
2018-04,2018-04-30,2019,25581.1,https://www.eia.gov/electricity/data/eia860m/archive/xls/april_generator2018.xlsx
2018-04,2018-04-30,2020,24354.5,https://www.eia.gov/electricity/data/eia860m/archive/xls/april_generator2018.xlsx
2018-04,2018-04-30,2021,12517.2,https://www.eia.gov/electricity/data/eia860m/archive/xls/april_generator2018.xlsx
2018-04,2018-04-30,2022,5024.9,https://www.eia.gov/electricity/data/eia860m/archive/xls/april_generator2018.xlsx
2018-04,2018-04-30,2023,1076.0,https://www.eia.gov/electricity/data/eia860m/archive/xls/april_generator2018.xlsx
2018-04,2018-04-30,2024,1413.5,https://www.eia.gov/electricity/data/eia860m/archive/xls/april_generator2018.xlsx
2018-04,2018-04-30,2025,1536.0,https://www.eia.gov/electricity/data/eia860m/archive/xls/april_generator2018.xlsx
2018-04,2018-04-30,2026,380.0,https://www.eia.gov/electricity/data/eia860m/archive/xls/april_generator2018.xlsx
2018-04,2018-04-30,2027,199.6,https://www.eia.gov/electricity/data/eia860m/archive/xls/april_generator2018.xlsx
2018-05,2018-05-31,2018,22158.0,https://www.eia.gov/electricity/data/eia860m/archive/xls/may_generator2018.xlsx
2018-05,2018-05-31,2019,25216.7,https://www.eia.gov/electricity/data/eia860m/archive/xls/may_generator2018.xlsx
2018-05,2018-05-31,2020,23346.5,https://www.eia.gov/electricity/data/eia860m/archive/xls/may_generator2018.xlsx
2018-05,2018-05-31,2021,13825.2,https://www.eia.gov/electricity/data/eia860m/archive/xls/may_generator2018.xlsx
2018-05,2018-05-31,2022,5024.9,https://www.eia.gov/electricity/data/eia860m/archive/xls/may_generator2018.xlsx
2018-05,2018-05-31,2023,1026.0,https://www.eia.gov/electricity/data/eia860m/archive/xls/may_generator2018.xlsx
2018-05,2018-05-31,2024,1413.5,https://www.eia.gov/electricity/data/eia860m/archive/xls/may_generator2018.xlsx
2018-05,2018-05-31,2025,1536.0,https://www.eia.gov/electricity/data/eia860m/archive/xls/may_generator2018.xlsx
2018-05,2018-05-31,2026,380.0,https://www.eia.gov/electricity/data/eia860m/archive/xls/may_generator2018.xlsx
2018-05,2018-05-31,2027,199.6,https://www.eia.gov/electricity/data/eia860m/archive/xls/may_generator2018.xlsx
2018-06,2018-06-30,2018,20445.4,https://www.eia.gov/electricity/data/eia860m/archive/xls/june_generator2018.xlsx
2018-06,2018-06-30,2019,22558.0,https://www.eia.gov/electricity/data/eia860m/archive/xls/june_generator2018.xlsx
2018-06,2018-06-30,2020,23100.9,https://www.eia.gov/electricity/data/eia860m/archive/xls/june_generator2018.xlsx
2018-06,2018-06-30,2021,17358.7,https://www.eia.gov/electricity/data/eia860m/archive/xls/june_generator2018.xlsx
2018-06,2018-06-30,2022,5698.5,https://www.eia.gov/electricity/data/eia860m/archive/xls/june_generator2018.xlsx
2018-06,2018-06-30,2023,1026.0,https://www.eia.gov/electricity/data/eia860m/archive/xls/june_generator2018.xlsx
2018-06,2018-06-30,2024,1413.5,https://www.eia.gov/electricity/data/eia860m/archive/xls/june_generator2018.xlsx
2018-06,2018-06-30,2025,1536.0,https://www.eia.gov/electricity/data/eia860m/archive/xls/june_generator2018.xlsx
2018-06,2018-06-30,2026,380.0,https://www.eia.gov/electricity/data/eia860m/archive/xls/june_generator2018.xlsx
2018-06,2018-06-30,2027,199.6,https://www.eia.gov/electricity/data/eia860m/archive/xls/june_generator2018.xlsx
2018-07,2018-07-31,2018,18960.8,https://www.eia.gov/electricity/data/eia860m/archive/xls/july_generator2018.xlsx
2018-07,2018-07-31,2019,23405.7,https://www.eia.gov/electricity/data/eia860m/archive/xls/july_generator2018.xlsx
2018-07,2018-07-31,2020,23460.9,https://www.eia.gov/electricity/data/eia860m/archive/xls/july_generator2018.xlsx
2018-07,2018-07-31,2021,17718.7,https://www.eia.gov/electricity/data/eia860m/archive/xls/july_generator2018.xlsx
2018-07,2018-07-31,2022,5698.5,https://www.eia.gov/electricity/data/eia860m/archive/xls/july_generator2018.xlsx
2018-07,2018-07-31,2023,1026.0,https://www.eia.gov/electricity/data/eia860m/archive/xls/july_generator2018.xlsx
2018-07,2018-07-31,2024,1413.5,https://www.eia.gov/electricity/data/eia860m/archive/xls/july_generator2018.xlsx
2018-07,2018-07-31,2025,1536.0,https://www.eia.gov/electricity/data/eia860m/archive/xls/july_generator2018.xlsx
2018-07,2018-07-31,2026,380.0,https://www.eia.gov/electricity/data/eia860m/archive/xls/july_generator2018.xlsx
2018-07,2018-07-31,2027,199.6,https://www.eia.gov/electricity/data/eia860m/archive/xls/july_generator2018.xlsx
2018-08,2018-08-31,2018,19251.9,https://www.eia.gov/electricity/data/eia860m/archive/xls/august_generator2018.xlsx
2018-08,2018-08-31,2019,24555.8,https://www.eia.gov/electricity/data/eia860m/archive/xls/august_generator2018.xlsx
2018-08,2018-08-31,2020,25972.6,https://www.eia.gov/electricity/data/eia860m/archive/xls/august_generator2018.xlsx
2018-08,2018-08-31,2021,18549.2,https://www.eia.gov/electricity/data/eia860m/archive/xls/august_generator2018.xlsx
2018-08,2018-08-31,2022,7197.5,https://www.eia.gov/electricity/data/eia860m/archive/xls/august_generator2018.xlsx
2018-08,2018-08-31,2023,1041.0,https://www.eia.gov/electricity/data/eia860m/archive/xls/august_generator2018.xlsx
2018-08,2018-08-31,2024,1479.5,https://www.eia.gov/electricity/data/eia860m/archive/xls/august_generator2018.xlsx
2018-08,2018-08-31,2025,1623.0,https://www.eia.gov/electricity/data/eia860m/archive/xls/august_generator2018.xlsx
2018-08,2018-08-31,2026,400.0,https://www.eia.gov/electricity/data/eia860m/archive/xls/august_generator2018.xlsx
2018-08,2018-08-31,2027,209.6,https://www.eia.gov/electricity/data/eia860m/archive/xls/august_generator2018.xlsx
2018-09,2018-09-30,2018,18155.5,https://www.eia.gov/electricity/data/eia860m/archive/xls/september_generator2018.xlsx
2018-09,2018-09-30,2019,24308.8,https://www.eia.gov/electricity/data/eia860m/archive/xls/september_generator2018.xlsx
2018-09,2018-09-30,2020,27227.5,https://www.eia.gov/electricity/data/eia860m/archive/xls/september_generator2018.xlsx
2018-09,2018-09-30,2021,18549.2,https://www.eia.gov/electricity/data/eia860m/archive/xls/september_generator2018.xlsx
2018-09,2018-09-30,2022,7197.5,https://www.eia.gov/electricity/data/eia860m/archive/xls/september_generator2018.xlsx
2018-09,2018-09-30,2023,1041.0,https://www.eia.gov/electricity/data/eia860m/archive/xls/september_generator2018.xlsx
2018-09,2018-09-30,2024,1479.5,https://www.eia.gov/electricity/data/eia860m/archive/xls/september_generator2018.xlsx
2018-09,2018-09-30,2025,1623.0,https://www.eia.gov/electricity/data/eia860m/archive/xls/september_generator2018.xlsx
2018-09,2018-09-30,2026,400.0,https://www.eia.gov/electricity/data/eia860m/archive/xls/september_generator2018.xlsx
2018-09,2018-09-30,2027,209.6,https://www.eia.gov/electricity/data/eia860m/archive/xls/september_generator2018.xlsx
2018-10,2018-10-31,2018,14023.0,https://www.eia.gov/electricity/data/eia860m/archive/xls/october_generator2018.xlsx
2018-10,2018-10-31,2019,24334.5,https://www.eia.gov/electricity/data/eia860m/archive/xls/october_generator2018.xlsx
2018-10,2018-10-31,2020,29610.5,https://www.eia.gov/electricity/data/eia860m/archive/xls/october_generator2018.xlsx
2018-10,2018-10-31,2021,18629.2,https://www.eia.gov/electricity/data/eia860m/archive/xls/october_generator2018.xlsx
2018-10,2018-10-31,2022,7397.5,https://www.eia.gov/electricity/data/eia860m/archive/xls/october_generator2018.xlsx
2018-10,2018-10-31,2023,1041.0,https://www.eia.gov/electricity/data/eia860m/archive/xls/october_generator2018.xlsx
2018-10,2018-10-31,2024,1479.5,https://www.eia.gov/electricity/data/eia860m/archive/xls/october_generator2018.xlsx
2018-10,2018-10-31,2025,1623.0,https://www.eia.gov/electricity/data/eia860m/archive/xls/october_generator2018.xlsx
2018-10,2018-10-31,2026,400.0,https://www.eia.gov/electricity/data/eia860m/archive/xls/october_generator2018.xlsx
2018-10,2018-10-31,2027,209.6,https://www.eia.gov/electricity/data/eia860m/archive/xls/october_generator2018.xlsx
2018-11,2018-11-30,2018,10263.8,https://www.eia.gov/electricity/data/eia860m/archive/xls/november_generator2018.xlsx
2018-11,2018-11-30,2019,26415.5,https://www.eia.gov/electricity/data/eia860m/archive/xls/november_generator2018.xlsx
2018-11,2018-11-30,2020,30395.4,https://www.eia.gov/electricity/data/eia860m/archive/xls/november_generator2018.xlsx
2018-11,2018-11-30,2021,19177.8,https://www.eia.gov/electricity/data/eia860m/archive/xls/november_generator2018.xlsx
2018-11,2018-11-30,2022,8981.4,https://www.eia.gov/electricity/data/eia860m/archive/xls/november_generator2018.xlsx
2018-11,2018-11-30,2023,1041.0,https://www.eia.gov/electricity/data/eia860m/archive/xls/november_generator2018.xlsx
2018-11,2018-11-30,2024,1479.5,https://www.eia.gov/electricity/data/eia860m/archive/xls/november_generator2018.xlsx
2018-11,2018-11-30,2025,1623.0,https://www.eia.gov/electricity/data/eia860m/archive/xls/november_generator2018.xlsx
2018-11,2018-11-30,2026,400.0,https://www.eia.gov/electricity/data/eia860m/archive/xls/november_generator2018.xlsx
2018-11,2018-11-30,2027,209.6,https://www.eia.gov/electricity/data/eia860m/archive/xls/november_generator2018.xlsx
2018-12,2018-12-31,2019,24734.5,https://www.eia.gov/electricity/data/eia860m/archive/xls/december_generator2018.xlsx
2018-12,2018-12-31,2020,31591.4,https://www.eia.gov/electricity/data/eia860m/archive/xls/december_generator2018.xlsx
2018-12,2018-12-31,2021,19339.4,https://www.eia.gov/electricity/data/eia860m/archive/xls/december_generator2018.xlsx
2018-12,2018-12-31,2022,10517.1,https://www.eia.gov/electricity/data/eia860m/archive/xls/december_generator2018.xlsx
2018-12,2018-12-31,2023,1876.0,https://www.eia.gov/electricity/data/eia860m/archive/xls/december_generator2018.xlsx
2018-12,2018-12-31,2024,1782.7,https://www.eia.gov/electricity/data/eia860m/archive/xls/december_generator2018.xlsx
2018-12,2018-12-31,2025,1623.0,https://www.eia.gov/electricity/data/eia860m/archive/xls/december_generator2018.xlsx
2018-12,2018-12-31,2026,400.0,https://www.eia.gov/electricity/data/eia860m/archive/xls/december_generator2018.xlsx
2018-12,2018-12-31,2027,209.6,https://www.eia.gov/electricity/data/eia860m/archive/xls/december_generator2018.xlsx
2019-01,2019-01-31,2019,24868.3,https://www.eia.gov/electricity/data/eia860m/archive/xls/january_generator2019.xlsx
2019-01,2019-01-31,2020,28752.6,https://www.eia.gov/electricity/data/eia860m/archive/xls/january_generator2019.xlsx
2019-01,2019-01-31,2021,20528.6,https://www.eia.gov/electricity/data/eia860m/archive/xls/january_generator2019.xlsx
2019-01,2019-01-31,2022,11206.6,https://www.eia.gov/electricity/data/eia860m/archive/xls/january_generator2019.xlsx
2019-01,2019-01-31,2023,2164.0,https://www.eia.gov/electricity/data/eia860m/archive/xls/january_generator2019.xlsx
2019-01,2019-01-31,2024,2282.7,https://www.eia.gov/electricity/data/eia860m/archive/xls/january_generator2019.xlsx
2019-01,2019-01-31,2025,1623.0,https://www.eia.gov/electricity/data/eia860m/archive/xls/january_generator2019.xlsx
2019-01,2019-01-31,2026,400.0,https://www.eia.gov/electricity/data/eia860m/archive/xls/january_generator2019.xlsx
2019-01,2019-01-31,2027,209.6,https://www.eia.gov/electricity/data/eia860m/archive/xls/january_generator2019.xlsx
2019-02,2019-02-28,2019,25601.2,https://www.eia.gov/electricity/data/eia860m/archive/xls/february_generator2019.xlsx
2019-02,2019-02-28,2020,30930.7,https://www.eia.gov/electricity/data/eia860m/archive/xls/february_generator2019.xlsx
2019-02,2019-02-28,2021,21301.1,https://www.eia.gov/electricity/data/eia860m/archive/xls/february_generator2019.xlsx
2019-02,2019-02-28,2022,11296.6,https://www.eia.gov/electricity/data/eia860m/archive/xls/february_generator2019.xlsx
2019-02,2019-02-28,2023,2164.0,https://www.eia.gov/electricity/data/eia860m/archive/xls/february_generator2019.xlsx
2019-02,2019-02-28,2024,2282.7,https://www.eia.gov/electricity/data/eia860m/archive/xls/february_generator2019.xlsx
2019-02,2019-02-28,2025,1623.0,https://www.eia.gov/electricity/data/eia860m/archive/xls/february_generator2019.xlsx
2019-02,2019-02-28,2026,400.0,https://www.eia.gov/electricity/data/eia860m/archive/xls/february_generator2019.xlsx
2019-02,2019-02-28,2027,209.6,https://www.eia.gov/electricity/data/eia860m/archive/xls/february_generator2019.xlsx
2019-03,2019-03-31,2019,21951.2,https://www.eia.gov/electricity/data/eia860m/archive/xls/march_generator2019.xlsx
2019-03,2019-03-31,2020,30784.9,https://www.eia.gov/electricity/data/eia860m/archive/xls/march_generator2019.xlsx
2019-03,2019-03-31,2021,21010.3,https://www.eia.gov/electricity/data/eia860m/archive/xls/march_generator2019.xlsx
2019-03,2019-03-31,2022,11039.1,https://www.eia.gov/electricity/data/eia860m/archive/xls/march_generator2019.xlsx
2019-03,2019-03-31,2023,1914.0,https://www.eia.gov/electricity/data/eia860m/archive/xls/march_generator2019.xlsx
2019-03,2019-03-31,2024,2382.7,https://www.eia.gov/electricity/data/eia860m/archive/xls/march_generator2019.xlsx
2019-03,2019-03-31,2025,2373.0,https://www.eia.gov/electricity/data/eia860m/archive/xls/march_generator2019.xlsx
2019-03,2019-03-31,2026,1150.0,https://www.eia.gov/electricity/data/eia860m/archive/xls/march_generator2019.xlsx
2019-03,2019-03-31,2027,209.6,https://www.eia.gov/electricity/data/eia860m/archive/xls/march_generator2019.xlsx
2019-04,2019-04-30,2019,21272.2,https://www.eia.gov/electricity/data/eia860m/archive/xls/april_generator2019.xlsx
2019-04,2019-04-30,2020,32206.1,https://www.eia.gov/electricity/data/eia860m/archive/xls/april_generator2019.xlsx
2019-04,2019-04-30,2021,20946.8,https://www.eia.gov/electricity/data/eia860m/archive/xls/april_generator2019.xlsx
2019-04,2019-04-30,2022,11040.3,https://www.eia.gov/electricity/data/eia860m/archive/xls/april_generator2019.xlsx
2019-04,2019-04-30,2023,1914.0,https://www.eia.gov/electricity/data/eia860m/archive/xls/april_generator2019.xlsx
2019-04,2019-04-30,2024,2382.7,https://www.eia.gov/electricity/data/eia860m/archive/xls/april_generator2019.xlsx
2019-04,2019-04-30,2025,2373.0,https://www.eia.gov/electricity/data/eia860m/archive/xls/april_generator2019.xlsx
2019-04,2019-04-30,2026,1150.0,https://www.eia.gov/electricity/data/eia860m/archive/xls/april_generator2019.xlsx
2019-04,2019-04-30,2027,209.6,https://www.eia.gov/electricity/data/eia860m/archive/xls/april_generator2019.xlsx
2019-05,2019-05-31,2019,18386.5,https://www.eia.gov/electricity/data/eia860m/archive/xls/may_generator2019.xlsx
2019-05,2019-05-31,2020,34483.1,https://www.eia.gov/electricity/data/eia860m/archive/xls/may_generator2019.xlsx
2019-05,2019-05-31,2021,22056.3,https://www.eia.gov/electricity/data/eia860m/archive/xls/may_generator2019.xlsx
2019-05,2019-05-31,2022,11340.3,https://www.eia.gov/electricity/data/eia860m/archive/xls/may_generator2019.xlsx
2019-05,2019-05-31,2023,1864.0,https://www.eia.gov/electricity/data/eia860m/archive/xls/may_generator2019.xlsx
2019-05,2019-05-31,2024,2382.7,https://www.eia.gov/electricity/data/eia860m/archive/xls/may_generator2019.xlsx
2019-05,2019-05-31,2025,2373.0,https://www.eia.gov/electricity/data/eia860m/archive/xls/may_generator2019.xlsx
2019-05,2019-05-31,2026,1150.0,https://www.eia.gov/electricity/data/eia860m/archive/xls/may_generator2019.xlsx
2019-05,2019-05-31,2027,209.6,https://www.eia.gov/electricity/data/eia860m/archive/xls/may_generator2019.xlsx
2019-06,2019-06-30,2019,15566.4,https://www.eia.gov/electricity/data/eia860m/archive/xls/june_generator2019.xlsx
2019-06,2019-06-30,2020,36761.7,https://www.eia.gov/electricity/data/eia860m/archive/xls/june_generator2019.xlsx
2019-06,2019-06-30,2021,24374.3,https://www.eia.gov/electricity/data/eia860m/archive/xls/june_generator2019.xlsx
2019-06,2019-06-30,2022,13341.3,https://www.eia.gov/electricity/data/eia860m/archive/xls/june_generator2019.xlsx
2019-06,2019-06-30,2023,2614.0,https://www.eia.gov/electricity/data/eia860m/archive/xls/june_generator2019.xlsx
2019-06,2019-06-30,2024,2382.7,https://www.eia.gov/electricity/data/eia860m/archive/xls/june_generator2019.xlsx
2019-06,2019-06-30,2025,2373.0,https://www.eia.gov/electricity/data/eia860m/archive/xls/june_generator2019.xlsx
2019-06,2019-06-30,2026,1150.0,https://www.eia.gov/electricity/data/eia860m/archive/xls/june_generator2019.xlsx
2019-06,2019-06-30,2027,209.6,https://www.eia.gov/electricity/data/eia860m/archive/xls/june_generator2019.xlsx
2019-07,2019-07-31,2019,14539.9,https://www.eia.gov/electricity/data/eia860m/archive/xls/july_generator2019.xlsx
2019-07,2019-07-31,2020,38086.0,https://www.eia.gov/electricity/data/eia860m/archive/xls/july_generator2019.xlsx
2019-07,2019-07-31,2021,24804.8,https://www.eia.gov/electricity/data/eia860m/archive/xls/july_generator2019.xlsx
2019-07,2019-07-31,2022,14616.3,https://www.eia.gov/electricity/data/eia860m/archive/xls/july_generator2019.xlsx
2019-07,2019-07-31,2023,2614.0,https://www.eia.gov/electricity/data/eia860m/archive/xls/july_generator2019.xlsx
2019-07,2019-07-31,2024,2382.7,https://www.eia.gov/electricity/data/eia860m/archive/xls/july_generator2019.xlsx
2019-07,2019-07-31,2025,2373.0,https://www.eia.gov/electricity/data/eia860m/archive/xls/july_generator2019.xlsx
2019-07,2019-07-31,2026,1150.0,https://www.eia.gov/electricity/data/eia860m/archive/xls/july_generator2019.xlsx
2019-07,2019-07-31,2027,209.6,https://www.eia.gov/electricity/data/eia860m/archive/xls/july_generator2019.xlsx
2019-08,2019-08-31,2019,13839.9,https://www.eia.gov/electricity/data/eia860m/archive/xls/august_generator2019.xlsx
2019-08,2019-08-31,2020,40380.1,https://www.eia.gov/electricity/data/eia860m/archive/xls/august_generator2019.xlsx
2019-08,2019-08-31,2021,26314.0,https://www.eia.gov/electricity/data/eia860m/archive/xls/august_generator2019.xlsx
2019-08,2019-08-31,2022,17041.3,https://www.eia.gov/electricity/data/eia860m/archive/xls/august_generator2019.xlsx
2019-08,2019-08-31,2023,2614.0,https://www.eia.gov/electricity/data/eia860m/archive/xls/august_generator2019.xlsx
2019-08,2019-08-31,2024,2382.7,https://www.eia.gov/electricity/data/eia860m/archive/xls/august_generator2019.xlsx
2019-08,2019-08-31,2025,2373.0,https://www.eia.gov/electricity/data/eia860m/archive/xls/august_generator2019.xlsx
2019-08,2019-08-31,2026,1150.0,https://www.eia.gov/electricity/data/eia860m/archive/xls/august_generator2019.xlsx
2019-08,2019-08-31,2027,209.6,https://www.eia.gov/electricity/data/eia860m/archive/xls/august_generator2019.xlsx
2019-09,2019-09-30,2019,13153.3,https://www.eia.gov/electricity/data/eia860m/archive/xls/september_generator2019.xlsx
2019-09,2019-09-30,2020,42617.6,https://www.eia.gov/electricity/data/eia860m/archive/xls/september_generator2019.xlsx
2019-09,2019-09-30,2021,26987.5,https://www.eia.gov/electricity/data/eia860m/archive/xls/september_generator2019.xlsx
2019-09,2019-09-30,2022,19439.5,https://www.eia.gov/electricity/data/eia860m/archive/xls/september_generator2019.xlsx
2019-09,2019-09-30,2023,3056.0,https://www.eia.gov/electricity/data/eia860m/archive/xls/september_generator2019.xlsx
2019-09,2019-09-30,2024,2382.7,https://www.eia.gov/electricity/data/eia860m/archive/xls/september_generator2019.xlsx
2019-09,2019-09-30,2025,2373.0,https://www.eia.gov/electricity/data/eia860m/archive/xls/september_generator2019.xlsx
2019-09,2019-09-30,2026,1150.0,https://www.eia.gov/electricity/data/eia860m/archive/xls/september_generator2019.xlsx
2019-09,2019-09-30,2027,209.6,https://www.eia.gov/electricity/data/eia860m/archive/xls/september_generator2019.xlsx
2019-10,2019-10-31,2019,11403.8,https://www.eia.gov/electricity/data/eia860m/archive/xls/october_generator2019.xlsx
2019-10,2019-10-31,2020,43447.6,https://www.eia.gov/electricity/data/eia860m/archive/xls/october_generator2019.xlsx
2019-10,2019-10-31,2021,28651.0,https://www.eia.gov/electricity/data/eia860m/archive/xls/october_generator2019.xlsx
2019-10,2019-10-31,2022,20594.5,https://www.eia.gov/electricity/data/eia860m/archive/xls/october_generator2019.xlsx
2019-10,2019-10-31,2023,3056.0,https://www.eia.gov/electricity/data/eia860m/archive/xls/october_generator2019.xlsx
2019-10,2019-10-31,2024,2382.7,https://www.eia.gov/electricity/data/eia860m/archive/xls/october_generator2019.xlsx
2019-10,2019-10-31,2025,2373.0,https://www.eia.gov/electricity/data/eia860m/archive/xls/october_generator2019.xlsx
2019-10,2019-10-31,2026,1150.0,https://www.eia.gov/electricity/data/eia860m/archive/xls/october_generator2019.xlsx
2019-10,2019-10-31,2027,209.6,https://www.eia.gov/electricity/data/eia860m/archive/xls/october_generator2019.xlsx
2019-11,2019-11-30,2019,9744.7,https://www.eia.gov/electricity/data/eia860m/archive/xls/november_generator2019.xlsx
2019-11,2019-11-30,2020,44206.0,https://www.eia.gov/electricity/data/eia860m/archive/xls/november_generator2019.xlsx
2019-11,2019-11-30,2021,31153.0,https://www.eia.gov/electricity/data/eia860m/archive/xls/november_generator2019.xlsx
2019-11,2019-11-30,2022,21203.2,https://www.eia.gov/electricity/data/eia860m/archive/xls/november_generator2019.xlsx
2019-11,2019-11-30,2023,4669.9,https://www.eia.gov/electricity/data/eia860m/archive/xls/november_generator2019.xlsx
2019-11,2019-11-30,2024,2382.7,https://www.eia.gov/electricity/data/eia860m/archive/xls/november_generator2019.xlsx
2019-11,2019-11-30,2025,2373.0,https://www.eia.gov/electricity/data/eia860m/archive/xls/november_generator2019.xlsx
2019-11,2019-11-30,2026,1150.0,https://www.eia.gov/electricity/data/eia860m/archive/xls/november_generator2019.xlsx
2019-11,2019-11-30,2027,209.6,https://www.eia.gov/electricity/data/eia860m/archive/xls/november_generator2019.xlsx
2019-12,2019-12-31,2020,45795.7,https://www.eia.gov/electricity/data/eia860m/archive/xls/december_generator2019.xlsx
2019-12,2019-12-31,2021,32076.3,https://www.eia.gov/electricity/data/eia860m/archive/xls/december_generator2019.xlsx
2019-12,2019-12-31,2022,21918.7,https://www.eia.gov/electricity/data/eia860m/archive/xls/december_generator2019.xlsx
2019-12,2019-12-31,2023,4669.9,https://www.eia.gov/electricity/data/eia860m/archive/xls/december_generator2019.xlsx
2019-12,2019-12-31,2024,2702.7,https://www.eia.gov/electricity/data/eia860m/archive/xls/december_generator2019.xlsx
2019-12,2019-12-31,2025,2373.0,https://www.eia.gov/electricity/data/eia860m/archive/xls/december_generator2019.xlsx
2019-12,2019-12-31,2026,1150.0,https://www.eia.gov/electricity/data/eia860m/archive/xls/december_generator2019.xlsx
2019-12,2019-12-31,2027,209.6,https://www.eia.gov/electricity/data/eia860m/archive/xls/december_generator2019.xlsx
2020-01,2020-01-31,2020,42893.1,https://www.eia.gov/electricity/data/eia860m/archive/xls/january_generator2020.xlsx
2020-01,2020-01-31,2021,32170.6,https://www.eia.gov/electricity/data/eia860m/archive/xls/january_generator2020.xlsx
2020-01,2020-01-31,2022,22885.8,https://www.eia.gov/electricity/data/eia860m/archive/xls/january_generator2020.xlsx
2020-01,2020-01-31,2023,8099.7,https://www.eia.gov/electricity/data/eia860m/archive/xls/january_generator2020.xlsx
2020-01,2020-01-31,2024,2762.7,https://www.eia.gov/electricity/data/eia860m/archive/xls/january_generator2020.xlsx
2020-01,2020-01-31,2025,3900.0,https://www.eia.gov/electricity/data/eia860m/archive/xls/january_generator2020.xlsx
2020-01,2020-01-31,2026,1150.0,https://www.eia.gov/electricity/data/eia860m/archive/xls/january_generator2020.xlsx
2020-01,2020-01-31,2027,209.6,https://www.eia.gov/electricity/data/eia860m/archive/xls/january_generator2020.xlsx
2020-02,2020-02-29,2020,43026.4,https://www.eia.gov/electricity/data/eia860m/archive/xls/february_generator2020.xlsx
2020-02,2020-02-29,2021,30384.9,https://www.eia.gov/electricity/data/eia860m/archive/xls/february_generator2020.xlsx
2020-02,2020-02-29,2022,23006.8,https://www.eia.gov/electricity/data/eia860m/archive/xls/february_generator2020.xlsx
2020-02,2020-02-29,2023,8678.6,https://www.eia.gov/electricity/data/eia860m/archive/xls/february_generator2020.xlsx
2020-02,2020-02-29,2024,1912.7,https://www.eia.gov/electricity/data/eia860m/archive/xls/february_generator2020.xlsx
2020-02,2020-02-29,2025,4036.1,https://www.eia.gov/electricity/data/eia860m/archive/xls/february_generator2020.xlsx
2020-02,2020-02-29,2026,1150.0,https://www.eia.gov/electricity/data/eia860m/archive/xls/february_generator2020.xlsx
2020-02,2020-02-29,2027,209.6,https://www.eia.gov/electricity/data/eia860m/archive/xls/february_generator2020.xlsx
2020-03,2020-03-31,2020,39648.3,https://www.eia.gov/electricity/data/eia860m/archive/xls/march_generator2020.xlsx
2020-03,2020-03-31,2021,29118.9,https://www.eia.gov/electricity/data/eia860m/archive/xls/march_generator2020.xlsx
2020-03,2020-03-31,2022,23332.0,https://www.eia.gov/electricity/data/eia860m/archive/xls/march_generator2020.xlsx
2020-03,2020-03-31,2023,10034.7,https://www.eia.gov/electricity/data/eia860m/archive/xls/march_generator2020.xlsx
2020-03,2020-03-31,2024,1912.7,https://www.eia.gov/electricity/data/eia860m/archive/xls/march_generator2020.xlsx
2020-03,2020-03-31,2025,4036.1,https://www.eia.gov/electricity/data/eia860m/archive/xls/march_generator2020.xlsx
2020-03,2020-03-31,2026,1150.0,https://www.eia.gov/electricity/data/eia860m/archive/xls/march_generator2020.xlsx
2020-03,2020-03-31,2027,209.6,https://www.eia.gov/electricity/data/eia860m/archive/xls/march_generator2020.xlsx
2020-04,2020-04-30,2020,35963.0,https://www.eia.gov/electricity/data/eia860m/archive/xls/april_generator2020.xlsx
2020-04,2020-04-30,2021,30446.5,https://www.eia.gov/electricity/data/eia860m/archive/xls/april_generator2020.xlsx
2020-04,2020-04-30,2022,25171.3,https://www.eia.gov/electricity/data/eia860m/archive/xls/april_generator2020.xlsx
2020-04,2020-04-30,2023,11105.7,https://www.eia.gov/electricity/data/eia860m/archive/xls/april_generator2020.xlsx
2020-04,2020-04-30,2024,2389.1,https://www.eia.gov/electricity/data/eia860m/archive/xls/april_generator2020.xlsx
2020-04,2020-04-30,2025,4036.1,https://www.eia.gov/electricity/data/eia860m/archive/xls/april_generator2020.xlsx
2020-04,2020-04-30,2026,1150.0,https://www.eia.gov/electricity/data/eia860m/archive/xls/april_generator2020.xlsx
2020-04,2020-04-30,2027,209.6,https://www.eia.gov/electricity/data/eia860m/archive/xls/april_generator2020.xlsx
2020-05,2020-05-31,2020,32655.8,https://www.eia.gov/electricity/data/eia860m/archive/xls/may_generator2020.xlsx
2020-05,2020-05-31,2021,32064.2,https://www.eia.gov/electricity/data/eia860m/archive/xls/may_generator2020.xlsx
2020-05,2020-05-31,2022,26639.8,https://www.eia.gov/electricity/data/eia860m/archive/xls/may_generator2020.xlsx
2020-05,2020-05-31,2023,12038.7,https://www.eia.gov/electricity/data/eia860m/archive/xls/may_generator2020.xlsx
2020-05,2020-05-31,2024,3249.1,https://www.eia.gov/electricity/data/eia860m/archive/xls/may_generator2020.xlsx
2020-05,2020-05-31,2025,4036.1,https://www.eia.gov/electricity/data/eia860m/archive/xls/may_generator2020.xlsx
2020-05,2020-05-31,2026,1150.0,https://www.eia.gov/electricity/data/eia860m/archive/xls/may_generator2020.xlsx
2020-05,2020-05-31,2027,209.6,https://www.eia.gov/electricity/data/eia860m/archive/xls/may_generator2020.xlsx
2020-06,2020-06-30,2020,30663.1,https://www.eia.gov/electricity/data/eia860m/archive/xls/june_generator2020.xlsx
2020-06,2020-06-30,2021,30900.3,https://www.eia.gov/electricity/data/eia860m/archive/xls/june_generator2020.xlsx
2020-06,2020-06-30,2022,27808.2,https://www.eia.gov/electricity/data/eia860m/archive/xls/june_generator2020.xlsx
2020-06,2020-06-30,2023,15007.6,https://www.eia.gov/electricity/data/eia860m/archive/xls/june_generator2020.xlsx
2020-06,2020-06-30,2024,4251.4,https://www.eia.gov/electricity/data/eia860m/archive/xls/june_generator2020.xlsx
2020-06,2020-06-30,2025,4154.6,https://www.eia.gov/electricity/data/eia860m/archive/xls/june_generator2020.xlsx
2020-06,2020-06-30,2026,1150.0,https://www.eia.gov/electricity/data/eia860m/archive/xls/june_generator2020.xlsx
2020-06,2020-06-30,2027,209.6,https://www.eia.gov/electricity/data/eia860m/archive/xls/june_generator2020.xlsx
2020-07,2020-07-31,2020,29927.7,https://www.eia.gov/electricity/data/eia860m/archive/xls/july_generator2020.xlsx
2020-07,2020-07-31,2021,31662.0,https://www.eia.gov/electricity/data/eia860m/archive/xls/july_generator2020.xlsx
2020-07,2020-07-31,2022,28278.2,https://www.eia.gov/electricity/data/eia860m/archive/xls/july_generator2020.xlsx
2020-07,2020-07-31,2023,16557.6,https://www.eia.gov/electricity/data/eia860m/archive/xls/july_generator2020.xlsx
2020-07,2020-07-31,2024,5251.4,https://www.eia.gov/electricity/data/eia860m/archive/xls/july_generator2020.xlsx
2020-07,2020-07-31,2025,4704.6,https://www.eia.gov/electricity/data/eia860m/archive/xls/july_generator2020.xlsx
2020-07,2020-07-31,2026,1150.0,https://www.eia.gov/electricity/data/eia860m/archive/xls/july_generator2020.xlsx
2020-07,2020-07-31,2027,209.6,https://www.eia.gov/electricity/data/eia860m/archive/xls/july_generator2020.xlsx
2020-08,2020-08-31,2020,27582.9,https://www.eia.gov/electricity/data/eia860m/archive/xls/august_generator2020.xlsx
2020-08,2020-08-31,2021,33663.5,https://www.eia.gov/electricity/data/eia860m/archive/xls/august_generator2020.xlsx
2020-08,2020-08-31,2022,28718.2,https://www.eia.gov/electricity/data/eia860m/archive/xls/august_generator2020.xlsx
2020-08,2020-08-31,2023,16844.1,https://www.eia.gov/electricity/data/eia860m/archive/xls/august_generator2020.xlsx
2020-08,2020-08-31,2024,5251.4,https://www.eia.gov/electricity/data/eia860m/archive/xls/august_generator2020.xlsx
2020-08,2020-08-31,2025,4704.6,https://www.eia.gov/electricity/data/eia860m/archive/xls/august_generator2020.xlsx
2020-08,2020-08-31,2026,1150.0,https://www.eia.gov/electricity/data/eia860m/archive/xls/august_generator2020.xlsx
2020-08,2020-08-31,2027,209.6,https://www.eia.gov/electricity/data/eia860m/archive/xls/august_generator2020.xlsx
2020-09,2020-09-30,2020,26169.0,https://www.eia.gov/electricity/data/eia860m/archive/xls/september_generator2020.xlsx
2020-09,2020-09-30,2021,35796.8,https://www.eia.gov/electricity/data/eia860m/archive/xls/september_generator2020.xlsx
2020-09,2020-09-30,2022,29306.4,https://www.eia.gov/electricity/data/eia860m/archive/xls/september_generator2020.xlsx
2020-09,2020-09-30,2023,17082.7,https://www.eia.gov/electricity/data/eia860m/archive/xls/september_generator2020.xlsx
2020-09,2020-09-30,2024,6351.4,https://www.eia.gov/electricity/data/eia860m/archive/xls/september_generator2020.xlsx
2020-09,2020-09-30,2025,4704.6,https://www.eia.gov/electricity/data/eia860m/archive/xls/september_generator2020.xlsx
2020-09,2020-09-30,2026,1150.0,https://www.eia.gov/electricity/data/eia860m/archive/xls/september_generator2020.xlsx
2020-09,2020-09-30,2027,209.6,https://www.eia.gov/electricity/data/eia860m/archive/xls/september_generator2020.xlsx
2020-10,2020-10-31,2020,21749.8,https://www.eia.gov/electricity/data/eia860m/archive/xls/october_generator2020.xlsx
2020-10,2020-10-31,2021,40491.7,https://www.eia.gov/electricity/data/eia860m/archive/xls/october_generator2020.xlsx
2020-10,2020-10-31,2022,32294.3,https://www.eia.gov/electricity/data/eia860m/archive/xls/october_generator2020.xlsx
2020-10,2020-10-31,2023,18593.7,https://www.eia.gov/electricity/data/eia860m/archive/xls/october_generator2020.xlsx
2020-10,2020-10-31,2024,6451.6,https://www.eia.gov/electricity/data/eia860m/archive/xls/october_generator2020.xlsx
2020-10,2020-10-31,2025,4734.6,https://www.eia.gov/electricity/data/eia860m/archive/xls/october_generator2020.xlsx
2020-10,2020-10-31,2026,1150.0,https://www.eia.gov/electricity/data/eia860m/archive/xls/october_generator2020.xlsx
2020-10,2020-10-31,2027,209.6,https://www.eia.gov/electricity/data/eia860m/archive/xls/october_generator2020.xlsx
2020-11,2020-11-30,2020,15239.2,https://www.eia.gov/electricity/data/eia860m/archive/xls/november_generator2020.xlsx
2020-11,2020-11-30,2021,43987.7,https://www.eia.gov/electricity/data/eia860m/archive/xls/november_generator2020.xlsx
2020-11,2020-11-30,2022,35170.3,https://www.eia.gov/electricity/data/eia860m/archive/xls/november_generator2020.xlsx
2020-11,2020-11-30,2023,25216.7,https://www.eia.gov/electricity/data/eia860m/archive/xls/november_generator2020.xlsx
2020-11,2020-11-30,2024,6451.6,https://www.eia.gov/electricity/data/eia860m/archive/xls/november_generator2020.xlsx
2020-11,2020-11-30,2025,4994.6,https://www.eia.gov/electricity/data/eia860m/archive/xls/november_generator2020.xlsx
2020-11,2020-11-30,2026,1150.0,https://www.eia.gov/electricity/data/eia860m/archive/xls/november_generator2020.xlsx
2020-11,2020-11-30,2027,209.6,https://www.eia.gov/electricity/data/eia860m/archive/xls/november_generator2020.xlsx
2020-12,2020-12-31,2021,45592.8,https://www.eia.gov/electricity/data/eia860m/archive/xls/december_generator2020.xlsx
2020-12,2020-12-31,2022,36750.6,https://www.eia.gov/electricity/data/eia860m/archive/xls/december_generator2020.xlsx
2020-12,2020-12-31,2023,25266.8,https://www.eia.gov/electricity/data/eia860m/archive/xls/december_generator2020.xlsx
2020-12,2020-12-31,2024,9763.1,https://www.eia.gov/electricity/data/eia860m/archive/xls/december_generator2020.xlsx
2020-12,2020-12-31,2025,5591.4,https://www.eia.gov/electricity/data/eia860m/archive/xls/december_generator2020.xlsx
2020-12,2020-12-31,2026,1150.0,https://www.eia.gov/electricity/data/eia860m/archive/xls/december_generator2020.xlsx
2020-12,2020-12-31,2027,889.6,https://www.eia.gov/electricity/data/eia860m/archive/xls/december_generator2020.xlsx
2021-01,2021-01-31,2021,42259.4,https://www.eia.gov/electricity/data/eia860m/archive/xls/january_generator2021.xlsx
2021-01,2021-01-31,2022,36663.6,https://www.eia.gov/electricity/data/eia860m/archive/xls/january_generator2021.xlsx
2021-01,2021-01-31,2023,24423.7,https://www.eia.gov/electricity/data/eia860m/archive/xls/january_generator2021.xlsx
2021-01,2021-01-31,2024,10527.8,https://www.eia.gov/electricity/data/eia860m/archive/xls/january_generator2021.xlsx
2021-01,2021-01-31,2025,8409.6,https://www.eia.gov/electricity/data/eia860m/archive/xls/january_generator2021.xlsx
2021-01,2021-01-31,2026,1270.0,https://www.eia.gov/electricity/data/eia860m/archive/xls/january_generator2021.xlsx
2021-01,2021-01-31,2027,889.6,https://www.eia.gov/electricity/data/eia860m/archive/xls/january_generator2021.xlsx
2021-02,2021-02-28,2021,40100.2,https://www.eia.gov/electricity/data/eia860m/archive/xls/february_generator2021.xlsx
2021-02,2021-02-28,2022,37348.3,https://www.eia.gov/electricity/data/eia860m/archive/xls/february_generator2021.xlsx
2021-02,2021-02-28,2023,24425.9,https://www.eia.gov/electricity/data/eia860m/archive/xls/february_generator2021.xlsx
2021-02,2021-02-28,2024,10526.7,https://www.eia.gov/electricity/data/eia860m/archive/xls/february_generator2021.xlsx
2021-02,2021-02-28,2025,8833.1,https://www.eia.gov/electricity/data/eia860m/archive/xls/february_generator2021.xlsx
2021-02,2021-02-28,2026,2020.0,https://www.eia.gov/electricity/data/eia860m/archive/xls/february_generator2021.xlsx
2021-02,2021-02-28,2027,889.6,https://www.eia.gov/electricity/data/eia860m/archive/xls/february_generator2021.xlsx
2021-03,2021-03-31,2021,37023.0,https://www.eia.gov/electricity/data/eia860m/archive/xls/march_generator2021.xlsx
2021-03,2021-03-31,2022,38426.6,https://www.eia.gov/electricity/data/eia860m/archive/xls/march_generator2021.xlsx
2021-03,2021-03-31,2023,25595.0,https://www.eia.gov/electricity/data/eia860m/archive/xls/march_generator2021.xlsx
2021-03,2021-03-31,2024,10606.7,https://www.eia.gov/electricity/data/eia860m/archive/xls/march_generator2021.xlsx
2021-03,2021-03-31,2025,8833.1,https://www.eia.gov/electricity/data/eia860m/archive/xls/march_generator2021.xlsx
2021-03,2021-03-31,2026,2020.0,https://www.eia.gov/electricity/data/eia860m/archive/xls/march_generator2021.xlsx
2021-03,2021-03-31,2027,3529.6,https://www.eia.gov/electricity/data/eia860m/archive/xls/march_generator2021.xlsx
2021-04,2021-04-30,2021,37073.9,https://www.eia.gov/electricity/data/eia860m/archive/xls/april_generator2021.xlsx
2021-04,2021-04-30,2022,40133.9,https://www.eia.gov/electricity/data/eia860m/archive/xls/april_generator2021.xlsx
2021-04,2021-04-30,2023,26461.7,https://www.eia.gov/electricity/data/eia860m/archive/xls/april_generator2021.xlsx
2021-04,2021-04-30,2024,12130.7,https://www.eia.gov/electricity/data/eia860m/archive/xls/april_generator2021.xlsx
2021-04,2021-04-30,2025,9163.1,https://www.eia.gov/electricity/data/eia860m/archive/xls/april_generator2021.xlsx
2021-04,2021-04-30,2026,2020.0,https://www.eia.gov/electricity/data/eia860m/archive/xls/april_generator2021.xlsx
2021-04,2021-04-30,2027,3529.6,https://www.eia.gov/electricity/data/eia860m/archive/xls/april_generator2021.xlsx
2021-05,2021-05-31,2021,35517.8,https://www.eia.gov/electricity/data/eia860m/archive/xls/may_generator2021.xlsx
2021-05,2021-05-31,2022,40123.1,https://www.eia.gov/electricity/data/eia860m/archive/xls/may_generator2021.xlsx
2021-05,2021-05-31,2023,26772.1,https://www.eia.gov/electricity/data/eia860m/archive/xls/may_generator2021.xlsx
2021-05,2021-05-31,2024,12130.7,https://www.eia.gov/electricity/data/eia860m/archive/xls/may_generator2021.xlsx
2021-05,2021-05-31,2025,9163.1,https://www.eia.gov/electricity/data/eia860m/archive/xls/may_generator2021.xlsx
2021-05,2021-05-31,2026,2020.0,https://www.eia.gov/electricity/data/eia860m/archive/xls/may_generator2021.xlsx
2021-05,2021-05-31,2027,3529.6,https://www.eia.gov/electricity/data/eia860m/archive/xls/may_generator2021.xlsx
2021-06,2021-06-30,2021,31546.3,https://www.eia.gov/electricity/data/eia860m/archive/xls/june_generator2021.xlsx
2021-06,2021-06-30,2022,39936.6,https://www.eia.gov/electricity/data/eia860m/archive/xls/june_generator2021.xlsx
2021-06,2021-06-30,2023,26559.0,https://www.eia.gov/electricity/data/eia860m/archive/xls/june_generator2021.xlsx
2021-06,2021-06-30,2024,12873.7,https://www.eia.gov/electricity/data/eia860m/archive/xls/june_generator2021.xlsx
2021-06,2021-06-30,2025,10436.0,https://www.eia.gov/electricity/data/eia860m/archive/xls/june_generator2021.xlsx
2021-06,2021-06-30,2026,3072.8,https://www.eia.gov/electricity/data/eia860m/archive/xls/june_generator2021.xlsx
2021-06,2021-06-30,2027,3529.6,https://www.eia.gov/electricity/data/eia860m/archive/xls/june_generator2021.xlsx
2021-06,2021-06-30,2030,222.8,https://www.eia.gov/electricity/data/eia860m/archive/xls/june_generator2021.xlsx
2021-07,2021-07-31,2021,27412.4,https://www.eia.gov/electricity/data/eia860m/archive/xls/july_generator2021.xlsx
2021-07,2021-07-31,2022,42366.4,https://www.eia.gov/electricity/data/eia860m/archive/xls/july_generator2021.xlsx
2021-07,2021-07-31,2023,27612.0,https://www.eia.gov/electricity/data/eia860m/archive/xls/july_generator2021.xlsx
2021-07,2021-07-31,2024,14343.7,https://www.eia.gov/electricity/data/eia860m/archive/xls/july_generator2021.xlsx
2021-07,2021-07-31,2025,10436.0,https://www.eia.gov/electricity/data/eia860m/archive/xls/july_generator2021.xlsx
2021-07,2021-07-31,2026,3072.8,https://www.eia.gov/electricity/data/eia860m/archive/xls/july_generator2021.xlsx
2021-07,2021-07-31,2027,3529.6,https://www.eia.gov/electricity/data/eia860m/archive/xls/july_generator2021.xlsx
2021-07,2021-07-31,2030,222.8,https://www.eia.gov/electricity/data/eia860m/archive/xls/july_generator2021.xlsx
2021-08,2021-08-31,2021,24568.7,https://www.eia.gov/electricity/data/eia860m/archive/xls/august_generator2021.xlsx
2021-08,2021-08-31,2022,42615.5,https://www.eia.gov/electricity/data/eia860m/archive/xls/august_generator2021.xlsx
2021-08,2021-08-31,2023,27862.0,https://www.eia.gov/electricity/data/eia860m/archive/xls/august_generator2021.xlsx
2021-08,2021-08-31,2024,14363.7,https://www.eia.gov/electricity/data/eia860m/archive/xls/august_generator2021.xlsx
2021-08,2021-08-31,2025,9432.0,https://www.eia.gov/electricity/data/eia860m/archive/xls/august_generator2021.xlsx
2021-08,2021-08-31,2026,3072.8,https://www.eia.gov/electricity/data/eia860m/archive/xls/august_generator2021.xlsx
2021-08,2021-08-31,2027,3529.6,https://www.eia.gov/electricity/data/eia860m/archive/xls/august_generator2021.xlsx
2021-08,2021-08-31,2030,222.8,https://www.eia.gov/electricity/data/eia860m/archive/xls/august_generator2021.xlsx
2021-09,2021-09-30,2021,23571.8,https://www.eia.gov/electricity/data/eia860m/archive/xls/september_generator2021.xlsx
2021-09,2021-09-30,2022,45829.7,https://www.eia.gov/electricity/data/eia860m/archive/xls/september_generator2021.xlsx
2021-09,2021-09-30,2023,31847.7,https://www.eia.gov/electricity/data/eia860m/archive/xls/september_generator2021.xlsx
2021-09,2021-09-30,2024,14813.7,https://www.eia.gov/electricity/data/eia860m/archive/xls/september_generator2021.xlsx
2021-09,2021-09-30,2025,9432.0,https://www.eia.gov/electricity/data/eia860m/archive/xls/september_generator2021.xlsx
2021-09,2021-09-30,2026,3072.8,https://www.eia.gov/electricity/data/eia860m/archive/xls/september_generator2021.xlsx
2021-09,2021-09-30,2027,3529.6,https://www.eia.gov/electricity/data/eia860m/archive/xls/september_generator2021.xlsx
2021-09,2021-09-30,2030,222.8,https://www.eia.gov/electricity/data/eia860m/archive/xls/september_generator2021.xlsx
2021-10,2021-10-31,2021,17899.8,https://www.eia.gov/electricity/data/eia860m/archive/xls/october_generator2021.xlsx
2021-10,2021-10-31,2022,47408.6,https://www.eia.gov/electricity/data/eia860m/archive/xls/october_generator2021.xlsx
2021-10,2021-10-31,2023,33437.5,https://www.eia.gov/electricity/data/eia860m/archive/xls/october_generator2021.xlsx
2021-10,2021-10-31,2024,14927.2,https://www.eia.gov/electricity/data/eia860m/archive/xls/october_generator2021.xlsx
2021-10,2021-10-31,2025,9512.0,https://www.eia.gov/electricity/data/eia860m/archive/xls/october_generator2021.xlsx
2021-10,2021-10-31,2026,3072.8,https://www.eia.gov/electricity/data/eia860m/archive/xls/october_generator2021.xlsx
2021-10,2021-10-31,2027,3529.6,https://www.eia.gov/electricity/data/eia860m/archive/xls/october_generator2021.xlsx
2021-10,2021-10-31,2030,222.8,https://www.eia.gov/electricity/data/eia860m/archive/xls/october_generator2021.xlsx
2021-11,2021-11-30,2021,11800.1,https://www.eia.gov/electricity/data/eia860m/archive/xls/november_generator2021.xlsx
2021-11,2021-11-30,2022,47503.3,https://www.eia.gov/electricity/data/eia860m/archive/xls/november_generator2021.xlsx
2021-11,2021-11-30,2023,35509.0,https://www.eia.gov/electricity/data/eia860m/archive/xls/november_generator2021.xlsx
2021-11,2021-11-30,2024,15263.3,https://www.eia.gov/electricity/data/eia860m/archive/xls/november_generator2021.xlsx
2021-11,2021-11-30,2025,10980.5,https://www.eia.gov/electricity/data/eia860m/archive/xls/november_generator2021.xlsx
2021-11,2021-11-30,2026,3074.3,https://www.eia.gov/electricity/data/eia860m/archive/xls/november_generator2021.xlsx
2021-11,2021-11-30,2027,3529.6,https://www.eia.gov/electricity/data/eia860m/archive/xls/november_generator2021.xlsx
2021-11,2021-11-30,2030,222.8,https://www.eia.gov/electricity/data/eia860m/archive/xls/november_generator2021.xlsx
2021-12,2021-12-31,2022,49767.8,https://www.eia.gov/electricity/data/eia860m/archive/xls/december_generator2021.xlsx
2021-12,2021-12-31,2023,37149.1,https://www.eia.gov/electricity/data/eia860m/archive/xls/december_generator2021.xlsx
2021-12,2021-12-31,2024,19261.6,https://www.eia.gov/electricity/data/eia860m/archive/xls/december_generator2021.xlsx
2021-12,2021-12-31,2025,9922.6,https://www.eia.gov/electricity/data/eia860m/archive/xls/december_generator2021.xlsx
2021-12,2021-12-31,2026,4585.7,https://www.eia.gov/electricity/data/eia860m/archive/xls/december_generator2021.xlsx
2021-12,2021-12-31,2027,3529.6,https://www.eia.gov/electricity/data/eia860m/archive/xls/december_generator2021.xlsx
2021-12,2021-12-31,2030,222.8,https://www.eia.gov/electricity/data/eia860m/archive/xls/december_generator2021.xlsx
2022-01,2022-01-31,2022,46038.2,https://www.eia.gov/electricity/data/eia860m/archive/xls/january_generator2022.xlsx
2022-01,2022-01-31,2023,36595.8,https://www.eia.gov/electricity/data/eia860m/archive/xls/january_generator2022.xlsx
2022-01,2022-01-31,2024,21207.9,https://www.eia.gov/electricity/data/eia860m/archive/xls/january_generator2022.xlsx
2022-01,2022-01-31,2025,12948.5,https://www.eia.gov/electricity/data/eia860m/archive/xls/january_generator2022.xlsx
2022-01,2022-01-31,2026,5816.4,https://www.eia.gov/electricity/data/eia860m/archive/xls/january_generator2022.xlsx
2022-01,2022-01-31,2027,2650.1,https://www.eia.gov/electricity/data/eia860m/archive/xls/january_generator2022.xlsx
2022-01,2022-01-31,2028,735.0,https://www.eia.gov/electricity/data/eia860m/archive/xls/january_generator2022.xlsx
2022-01,2022-01-31,2029,1225.0,https://www.eia.gov/electricity/data/eia860m/archive/xls/january_generator2022.xlsx
2022-01,2022-01-31,2030,607.8,https://www.eia.gov/electricity/data/eia860m/archive/xls/january_generator2022.xlsx
2022-02,2022-02-28,2022,44737.5,https://www.eia.gov/electricity/data/eia860m/archive/xls/february_generator2022.xlsx
2022-02,2022-02-28,2023,40519.1,https://www.eia.gov/electricity/data/eia860m/archive/xls/february_generator2022.xlsx
2022-02,2022-02-28,2024,22092.6,https://www.eia.gov/electricity/data/eia860m/archive/xls/february_generator2022.xlsx
2022-02,2022-02-28,2025,12342.2,https://www.eia.gov/electricity/data/eia860m/archive/xls/february_generator2022.xlsx
2022-02,2022-02-28,2026,5768.4,https://www.eia.gov/electricity/data/eia860m/archive/xls/february_generator2022.xlsx
2022-02,2022-02-28,2027,2850.1,https://www.eia.gov/electricity/data/eia860m/archive/xls/february_generator2022.xlsx
2022-02,2022-02-28,2028,735.0,https://www.eia.gov/electricity/data/eia860m/archive/xls/february_generator2022.xlsx
2022-02,2022-02-28,2029,1225.0,https://www.eia.gov/electricity/data/eia860m/archive/xls/february_generator2022.xlsx
2022-02,2022-02-28,2030,607.8,https://www.eia.gov/electricity/data/eia860m/archive/xls/february_generator2022.xlsx
2022-03,2022-03-31,2022,41538.3,https://www.eia.gov/electricity/data/eia860m/archive/xls/march_generator2022.xlsx
2022-03,2022-03-31,2023,42756.5,https://www.eia.gov/electricity/data/eia860m/archive/xls/march_generator2022.xlsx
2022-03,2022-03-31,2024,22403.7,https://www.eia.gov/electricity/data/eia860m/archive/xls/march_generator2022.xlsx
2022-03,2022-03-31,2025,12486.2,https://www.eia.gov/electricity/data/eia860m/archive/xls/march_generator2022.xlsx
2022-03,2022-03-31,2026,5779.9,https://www.eia.gov/electricity/data/eia860m/archive/xls/march_generator2022.xlsx
2022-03,2022-03-31,2027,2850.1,https://www.eia.gov/electricity/data/eia860m/archive/xls/march_generator2022.xlsx
2022-03,2022-03-31,2028,735.0,https://www.eia.gov/electricity/data/eia860m/archive/xls/march_generator2022.xlsx
2022-03,2022-03-31,2029,1225.0,https://www.eia.gov/electricity/data/eia860m/archive/xls/march_generator2022.xlsx
2022-03,2022-03-31,2030,607.8,https://www.eia.gov/electricity/data/eia860m/archive/xls/march_generator2022.xlsx
2022-04,2022-04-30,2022,38544.9,https://www.eia.gov/electricity/data/eia860m/archive/xls/april_generator2022.xlsx
2022-04,2022-04-30,2023,43898.0,https://www.eia.gov/electricity/data/eia860m/archive/xls/april_generator2022.xlsx
2022-04,2022-04-30,2024,24002.7,https://www.eia.gov/electricity/data/eia860m/archive/xls/april_generator2022.xlsx
2022-04,2022-04-30,2025,13263.3,https://www.eia.gov/electricity/data/eia860m/archive/xls/april_generator2022.xlsx
2022-04,2022-04-30,2026,6323.8,https://www.eia.gov/electricity/data/eia860m/archive/xls/april_generator2022.xlsx
2022-04,2022-04-30,2027,2850.1,https://www.eia.gov/electricity/data/eia860m/archive/xls/april_generator2022.xlsx
2022-04,2022-04-30,2028,735.0,https://www.eia.gov/electricity/data/eia860m/archive/xls/april_generator2022.xlsx
2022-04,2022-04-30,2029,1225.0,https://www.eia.gov/electricity/data/eia860m/archive/xls/april_generator2022.xlsx
2022-04,2022-04-30,2030,607.8,https://www.eia.gov/electricity/data/eia860m/archive/xls/april_generator2022.xlsx
2022-05,2022-05-31,2022,35165.9,https://www.eia.gov/electricity/data/eia860m/archive/xls/may_generator2022.xlsx
2022-05,2022-05-31,2023,44521.8,https://www.eia.gov/electricity/data/eia860m/archive/xls/may_generator2022.xlsx
2022-05,2022-05-31,2024,24148.9,https://www.eia.gov/electricity/data/eia860m/archive/xls/may_generator2022.xlsx
2022-05,2022-05-31,2025,14289.3,https://www.eia.gov/electricity/data/eia860m/archive/xls/may_generator2022.xlsx
2022-05,2022-05-31,2026,6323.8,https://www.eia.gov/electricity/data/eia860m/archive/xls/may_generator2022.xlsx
2022-05,2022-05-31,2027,2850.1,https://www.eia.gov/electricity/data/eia860m/archive/xls/may_generator2022.xlsx
2022-05,2022-05-31,2028,735.0,https://www.eia.gov/electricity/data/eia860m/archive/xls/may_generator2022.xlsx
2022-05,2022-05-31,2029,1225.0,https://www.eia.gov/electricity/data/eia860m/archive/xls/may_generator2022.xlsx
2022-05,2022-05-31,2030,607.8,https://www.eia.gov/electricity/data/eia860m/archive/xls/may_generator2022.xlsx
2022-06,2022-06-30,2022,29938.5,https://www.eia.gov/electricity/data/eia860m/archive/xls/june_generator2022.xlsx
2022-06,2022-06-30,2023,44638.4,https://www.eia.gov/electricity/data/eia860m/archive/xls/june_generator2022.xlsx
2022-06,2022-06-30,2024,24848.7,https://www.eia.gov/electricity/data/eia860m/archive/xls/june_generator2022.xlsx
2022-06,2022-06-30,2025,14789.3,https://www.eia.gov/electricity/data/eia860m/archive/xls/june_generator2022.xlsx
2022-06,2022-06-30,2026,6562.3,https://www.eia.gov/electricity/data/eia860m/archive/xls/june_generator2022.xlsx
2022-06,2022-06-30,2027,2925.1,https://www.eia.gov/electricity/data/eia860m/archive/xls/june_generator2022.xlsx
2022-06,2022-06-30,2028,735.0,https://www.eia.gov/electricity/data/eia860m/archive/xls/june_generator2022.xlsx
2022-06,2022-06-30,2029,1225.0,https://www.eia.gov/electricity/data/eia860m/archive/xls/june_generator2022.xlsx
2022-06,2022-06-30,2030,607.8,https://www.eia.gov/electricity/data/eia860m/archive/xls/june_generator2022.xlsx
2022-07,2022-07-31,2022,28307.0,https://www.eia.gov/electricity/data/eia860m/archive/xls/july_generator2022.xlsx
2022-07,2022-07-31,2023,46852.4,https://www.eia.gov/electricity/data/eia860m/archive/xls/july_generator2022.xlsx
2022-07,2022-07-31,2024,25741.7,https://www.eia.gov/electricity/data/eia860m/archive/xls/july_generator2022.xlsx
2022-07,2022-07-31,2025,14178.6,https://www.eia.gov/electricity/data/eia860m/archive/xls/july_generator2022.xlsx
2022-07,2022-07-31,2026,7839.1,https://www.eia.gov/electricity/data/eia860m/archive/xls/july_generator2022.xlsx
2022-07,2022-07-31,2027,2925.1,https://www.eia.gov/electricity/data/eia860m/archive/xls/july_generator2022.xlsx
2022-07,2022-07-31,2028,735.0,https://www.eia.gov/electricity/data/eia860m/archive/xls/july_generator2022.xlsx
2022-07,2022-07-31,2029,1225.0,https://www.eia.gov/electricity/data/eia860m/archive/xls/july_generator2022.xlsx
2022-07,2022-07-31,2030,607.8,https://www.eia.gov/electricity/data/eia860m/archive/xls/july_generator2022.xlsx
2022-08,2022-08-31,2022,25468.8,https://www.eia.gov/electricity/data/eia860m/archive/xls/august_generator2022.xlsx
2022-08,2022-08-31,2023,50195.5,https://www.eia.gov/electricity/data/eia860m/archive/xls/august_generator2022.xlsx
2022-08,2022-08-31,2024,41200.5,https://www.eia.gov/electricity/data/eia860m/archive/xls/august_generator2022.xlsx
2022-08,2022-08-31,2025,18912.9,https://www.eia.gov/electricity/data/eia860m/archive/xls/august_generator2022.xlsx
2022-08,2022-08-31,2026,8572.6,https://www.eia.gov/electricity/data/eia860m/archive/xls/august_generator2022.xlsx
2022-08,2022-08-31,2027,5175.1,https://www.eia.gov/electricity/data/eia860m/archive/xls/august_generator2022.xlsx
2022-08,2022-08-31,2028,735.0,https://www.eia.gov/electricity/data/eia860m/archive/xls/august_generator2022.xlsx
2022-08,2022-08-31,2029,1225.0,https://www.eia.gov/electricity/data/eia860m/archive/xls/august_generator2022.xlsx
2022-08,2022-08-31,2030,607.8,https://www.eia.gov/electricity/data/eia860m/archive/xls/august_generator2022.xlsx
2022-09,2022-09-30,2022,19786.4,https://www.eia.gov/electricity/data/eia860m/archive/xls/september_generator2022.xlsx
2022-09,2022-09-30,2023,53449.1,https://www.eia.gov/electricity/data/eia860m/archive/xls/september_generator2022.xlsx
2022-09,2022-09-30,2024,41436.5,https://www.eia.gov/electricity/data/eia860m/archive/xls/september_generator2022.xlsx
2022-09,2022-09-30,2025,18912.9,https://www.eia.gov/electricity/data/eia860m/archive/xls/september_generator2022.xlsx
2022-09,2022-09-30,2026,8572.6,https://www.eia.gov/electricity/data/eia860m/archive/xls/september_generator2022.xlsx
2022-09,2022-09-30,2027,5175.1,https://www.eia.gov/electricity/data/eia860m/archive/xls/september_generator2022.xlsx
2022-09,2022-09-30,2028,755.0,https://www.eia.gov/electricity/data/eia860m/archive/xls/september_generator2022.xlsx
2022-09,2022-09-30,2029,1225.0,https://www.eia.gov/electricity/data/eia860m/archive/xls/september_generator2022.xlsx
2022-09,2022-09-30,2030,607.8,https://www.eia.gov/electricity/data/eia860m/archive/xls/september_generator2022.xlsx
2022-10,2022-10-31,2022,16484.4,https://www.eia.gov/electricity/data/eia860m/archive/xls/october_generator2022.xlsx
2022-10,2022-10-31,2023,56044.0,https://www.eia.gov/electricity/data/eia860m/archive/xls/october_generator2022.xlsx
2022-10,2022-10-31,2024,42599.5,https://www.eia.gov/electricity/data/eia860m/archive/xls/october_generator2022.xlsx
2022-10,2022-10-31,2025,20178.9,https://www.eia.gov/electricity/data/eia860m/archive/xls/october_generator2022.xlsx
2022-10,2022-10-31,2026,8772.6,https://www.eia.gov/electricity/data/eia860m/archive/xls/october_generator2022.xlsx
2022-10,2022-10-31,2027,5175.1,https://www.eia.gov/electricity/data/eia860m/archive/xls/october_generator2022.xlsx
2022-10,2022-10-31,2028,755.0,https://www.eia.gov/electricity/data/eia860m/archive/xls/october_generator2022.xlsx
2022-10,2022-10-31,2029,1225.0,https://www.eia.gov/electricity/data/eia860m/archive/xls/october_generator2022.xlsx
2022-10,2022-10-31,2030,607.8,https://www.eia.gov/electricity/data/eia860m/archive/xls/october_generator2022.xlsx
2022-11,2022-11-30,2022,7997.7,https://www.eia.gov/electricity/data/eia860m/archive/xls/november_generator2022.xlsx
2022-11,2022-11-30,2023,59770.0,https://www.eia.gov/electricity/data/eia860m/archive/xls/november_generator2022.xlsx
2022-11,2022-11-30,2024,46262.0,https://www.eia.gov/electricity/data/eia860m/archive/xls/november_generator2022.xlsx
2022-11,2022-11-30,2025,20667.9,https://www.eia.gov/electricity/data/eia860m/archive/xls/november_generator2022.xlsx
2022-11,2022-11-30,2026,9063.3,https://www.eia.gov/electricity/data/eia860m/archive/xls/november_generator2022.xlsx
2022-11,2022-11-30,2027,5175.1,https://www.eia.gov/electricity/data/eia860m/archive/xls/november_generator2022.xlsx
2022-11,2022-11-30,2028,755.0,https://www.eia.gov/electricity/data/eia860m/archive/xls/november_generator2022.xlsx
2022-11,2022-11-30,2029,1225.0,https://www.eia.gov/electricity/data/eia860m/archive/xls/november_generator2022.xlsx
2022-11,2022-11-30,2030,607.8,https://www.eia.gov/electricity/data/eia860m/archive/xls/november_generator2022.xlsx
2022-12,2022-12-31,2022,1667.1,https://www.eia.gov/electricity/data/eia860m/archive/xls/december_generator2022.xlsx
2022-12,2022-12-31,2023,55522.1,https://www.eia.gov/electricity/data/eia860m/archive/xls/december_generator2022.xlsx
2022-12,2022-12-31,2024,49568.8,https://www.eia.gov/electricity/data/eia860m/archive/xls/december_generator2022.xlsx
2022-12,2022-12-31,2025,23406.9,https://www.eia.gov/electricity/data/eia860m/archive/xls/december_generator2022.xlsx
2022-12,2022-12-31,2026,11143.0,https://www.eia.gov/electricity/data/eia860m/archive/xls/december_generator2022.xlsx
2022-12,2022-12-31,2027,5225.1,https://www.eia.gov/electricity/data/eia860m/archive/xls/december_generator2022.xlsx
2022-12,2022-12-31,2028,826.4,https://www.eia.gov/electricity/data/eia860m/archive/xls/december_generator2022.xlsx
2022-12,2022-12-31,2029,1225.0,https://www.eia.gov/electricity/data/eia860m/archive/xls/december_generator2022.xlsx
2022-12,2022-12-31,2030,607.8,https://www.eia.gov/electricity/data/eia860m/archive/xls/december_generator2022.xlsx
2023-01,2023-01-31,2023,52045.7,https://www.eia.gov/electricity/data/eia860m/archive/xls/january_generator2023.xlsx
2023-01,2023-01-31,2024,50692.0,https://www.eia.gov/electricity/data/eia860m/archive/xls/january_generator2023.xlsx
2023-01,2023-01-31,2025,26345.9,https://www.eia.gov/electricity/data/eia860m/archive/xls/january_generator2023.xlsx
2023-01,2023-01-31,2026,10833.6,https://www.eia.gov/electricity/data/eia860m/archive/xls/january_generator2023.xlsx
2023-01,2023-01-31,2027,6312.1,https://www.eia.gov/electricity/data/eia860m/archive/xls/january_generator2023.xlsx
2023-01,2023-01-31,2028,829.9,https://www.eia.gov/electricity/data/eia860m/archive/xls/january_generator2023.xlsx
2023-01,2023-01-31,2029,1325.0,https://www.eia.gov/electricity/data/eia860m/archive/xls/january_generator2023.xlsx
2023-01,2023-01-31,2030,607.8,https://www.eia.gov/electricity/data/eia860m/archive/xls/january_generator2023.xlsx
2023-02,2023-02-28,2023,49141.5,https://www.eia.gov/electricity/data/eia860m/archive/xls/february_generator2023.xlsx
2023-02,2023-02-28,2024,51156.7,https://www.eia.gov/electricity/data/eia860m/archive/xls/february_generator2023.xlsx
2023-02,2023-02-28,2025,27342.3,https://www.eia.gov/electricity/data/eia860m/archive/xls/february_generator2023.xlsx
2023-02,2023-02-28,2026,10490.8,https://www.eia.gov/electricity/data/eia860m/archive/xls/february_generator2023.xlsx
2023-02,2023-02-28,2027,9746.7,https://www.eia.gov/electricity/data/eia860m/archive/xls/february_generator2023.xlsx
2023-02,2023-02-28,2028,1026.4,https://www.eia.gov/electricity/data/eia860m/archive/xls/february_generator2023.xlsx
2023-02,2023-02-28,2029,2075.0,https://www.eia.gov/electricity/data/eia860m/archive/xls/february_generator2023.xlsx
2023-02,2023-02-28,2030,607.8,https://www.eia.gov/electricity/data/eia860m/archive/xls/february_generator2023.xlsx
2023-03,2023-03-31,2023,47421.7,https://www.eia.gov/electricity/data/eia860m/archive/xls/march_generator2023.xlsx
2023-03,2023-03-31,2024,52463.9,https://www.eia.gov/electricity/data/eia860m/archive/xls/march_generator2023.xlsx
2023-03,2023-03-31,2025,31161.1,https://www.eia.gov/electricity/data/eia860m/archive/xls/march_generator2023.xlsx
2023-03,2023-03-31,2026,11674.6,https://www.eia.gov/electricity/data/eia860m/archive/xls/march_generator2023.xlsx
2023-03,2023-03-31,2027,9911.7,https://www.eia.gov/electricity/data/eia860m/archive/xls/march_generator2023.xlsx
2023-03,2023-03-31,2028,1026.4,https://www.eia.gov/electricity/data/eia860m/archive/xls/march_generator2023.xlsx
2023-03,2023-03-31,2029,2075.0,https://www.eia.gov/electricity/data/eia860m/archive/xls/march_generator2023.xlsx
2023-03,2023-03-31,2030,607.8,https://www.eia.gov/electricity/data/eia860m/archive/xls/march_generator2023.xlsx
2023-04,2023-04-30,2023,42751.0,https://www.eia.gov/electricity/data/eia860m/archive/xls/april_generator2023.xlsx
2023-04,2023-04-30,2024,54997.5,https://www.eia.gov/electricity/data/eia860m/archive/xls/april_generator2023.xlsx
2023-04,2023-04-30,2025,31543.7,https://www.eia.gov/electricity/data/eia860m/archive/xls/april_generator2023.xlsx
2023-04,2023-04-30,2026,13374.1,https://www.eia.gov/electricity/data/eia860m/archive/xls/april_generator2023.xlsx
2023-04,2023-04-30,2027,9961.7,https://www.eia.gov/electricity/data/eia860m/archive/xls/april_generator2023.xlsx
2023-04,2023-04-30,2028,1526.4,https://www.eia.gov/electricity/data/eia860m/archive/xls/april_generator2023.xlsx
2023-04,2023-04-30,2029,2075.0,https://www.eia.gov/electricity/data/eia860m/archive/xls/april_generator2023.xlsx
2023-04,2023-04-30,2030,607.8,https://www.eia.gov/electricity/data/eia860m/archive/xls/april_generator2023.xlsx
2023-05,2023-05-31,2023,41095.7,https://www.eia.gov/electricity/data/eia860m/archive/xls/may_generator2023.xlsx
2023-05,2023-05-31,2024,51897.7,https://www.eia.gov/electricity/data/eia860m/archive/xls/may_generator2023.xlsx
2023-05,2023-05-31,2025,35529.9,https://www.eia.gov/electricity/data/eia860m/archive/xls/may_generator2023.xlsx
2023-05,2023-05-31,2026,14920.1,https://www.eia.gov/electricity/data/eia860m/archive/xls/may_generator2023.xlsx
2023-05,2023-05-31,2027,9961.7,https://www.eia.gov/electricity/data/eia860m/archive/xls/may_generator2023.xlsx
2023-05,2023-05-31,2028,1526.4,https://www.eia.gov/electricity/data/eia860m/archive/xls/may_generator2023.xlsx
2023-05,2023-05-31,2029,2075.0,https://www.eia.gov/electricity/data/eia860m/archive/xls/may_generator2023.xlsx
2023-05,2023-05-31,2030,607.8,https://www.eia.gov/electricity/data/eia860m/archive/xls/may_generator2023.xlsx
2023-06,2023-06-30,2023,35765.7,https://www.eia.gov/electricity/data/eia860m/archive/xls/june_generator2023.xlsx
2023-06,2023-06-30,2024,52938.7,https://www.eia.gov/electricity/data/eia860m/archive/xls/june_generator2023.xlsx
2023-06,2023-06-30,2025,38285.4,https://www.eia.gov/electricity/data/eia860m/archive/xls/june_generator2023.xlsx
2023-06,2023-06-30,2026,17357.5,https://www.eia.gov/electricity/data/eia860m/archive/xls/june_generator2023.xlsx
2023-06,2023-06-30,2027,11670.7,https://www.eia.gov/electricity/data/eia860m/archive/xls/june_generator2023.xlsx
2023-06,2023-06-30,2028,3654.4,https://www.eia.gov/electricity/data/eia860m/archive/xls/june_generator2023.xlsx
2023-06,2023-06-30,2029,2075.0,https://www.eia.gov/electricity/data/eia860m/archive/xls/june_generator2023.xlsx
2023-06,2023-06-30,2030,607.8,https://www.eia.gov/electricity/data/eia860m/archive/xls/june_generator2023.xlsx
2023-07,2023-07-31,2023,31078.6,https://www.eia.gov/electricity/data/eia860m/archive/xls/july_generator2023.xlsx
2023-07,2023-07-31,2024,55609.2,https://www.eia.gov/electricity/data/eia860m/archive/xls/july_generator2023.xlsx
2023-07,2023-07-31,2025,40444.8,https://www.eia.gov/electricity/data/eia860m/archive/xls/july_generator2023.xlsx
2023-07,2023-07-31,2026,17978.0,https://www.eia.gov/electricity/data/eia860m/archive/xls/july_generator2023.xlsx
2023-07,2023-07-31,2027,12070.7,https://www.eia.gov/electricity/data/eia860m/archive/xls/july_generator2023.xlsx
2023-07,2023-07-31,2028,3654.4,https://www.eia.gov/electricity/data/eia860m/archive/xls/july_generator2023.xlsx
2023-07,2023-07-31,2029,2075.0,https://www.eia.gov/electricity/data/eia860m/archive/xls/july_generator2023.xlsx
2023-07,2023-07-31,2030,607.8,https://www.eia.gov/electricity/data/eia860m/archive/xls/july_generator2023.xlsx
2023-08,2023-08-31,2023,28516.6,https://www.eia.gov/electricity/data/eia860m/archive/xls/august_generator2023.xlsx
2023-08,2023-08-31,2024,60324.8,https://www.eia.gov/electricity/data/eia860m/archive/xls/august_generator2023.xlsx
2023-08,2023-08-31,2025,42269.3,https://www.eia.gov/electricity/data/eia860m/archive/xls/august_generator2023.xlsx
2023-08,2023-08-31,2026,23233.9,https://www.eia.gov/electricity/data/eia860m/archive/xls/august_generator2023.xlsx
2023-08,2023-08-31,2027,14916.6,https://www.eia.gov/electricity/data/eia860m/archive/xls/august_generator2023.xlsx
2023-08,2023-08-31,2028,3954.4,https://www.eia.gov/electricity/data/eia860m/archive/xls/august_generator2023.xlsx
2023-08,2023-08-31,2029,2075.0,https://www.eia.gov/electricity/data/eia860m/archive/xls/august_generator2023.xlsx
2023-08,2023-08-31,2030,607.8,https://www.eia.gov/electricity/data/eia860m/archive/xls/august_generator2023.xlsx
2023-09,2023-09-30,2023,24853.6,https://www.eia.gov/electricity/data/eia860m/archive/xls/september_generator2023.xlsx
2023-09,2023-09-30,2024,62309.1,https://www.eia.gov/electricity/data/eia860m/archive/xls/september_generator2023.xlsx
2023-09,2023-09-30,2025,42592.3,https://www.eia.gov/electricity/data/eia860m/archive/xls/september_generator2023.xlsx
2023-09,2023-09-30,2026,23428.9,https://www.eia.gov/electricity/data/eia860m/archive/xls/september_generator2023.xlsx
2023-09,2023-09-30,2027,14916.6,https://www.eia.gov/electricity/data/eia860m/archive/xls/september_generator2023.xlsx
2023-09,2023-09-30,2028,3954.4,https://www.eia.gov/electricity/data/eia860m/archive/xls/september_generator2023.xlsx
2023-09,2023-09-30,2029,2075.0,https://www.eia.gov/electricity/data/eia860m/archive/xls/september_generator2023.xlsx
2023-09,2023-09-30,2030,607.8,https://www.eia.gov/electricity/data/eia860m/archive/xls/september_generator2023.xlsx
2023-10,2023-10-31,2023,20731.3,https://www.eia.gov/electricity/data/eia860m/archive/xls/october_generator2023.xlsx
2023-10,2023-10-31,2024,63036.1,https://www.eia.gov/electricity/data/eia860m/archive/xls/october_generator2023.xlsx
2023-10,2023-10-31,2025,44091.1,https://www.eia.gov/electricity/data/eia860m/archive/xls/october_generator2023.xlsx
2023-10,2023-10-31,2026,23629.9,https://www.eia.gov/electricity/data/eia860m/archive/xls/october_generator2023.xlsx
2023-10,2023-10-31,2027,15286.6,https://www.eia.gov/electricity/data/eia860m/archive/xls/october_generator2023.xlsx
2023-10,2023-10-31,2028,3954.4,https://www.eia.gov/electricity/data/eia860m/archive/xls/october_generator2023.xlsx
2023-10,2023-10-31,2029,2075.0,https://www.eia.gov/electricity/data/eia860m/archive/xls/october_generator2023.xlsx
2023-10,2023-10-31,2030,607.8,https://www.eia.gov/electricity/data/eia860m/archive/xls/october_generator2023.xlsx
2023-11,2023-11-30,2023,14567.9,https://www.eia.gov/electricity/data/eia860m/archive/xls/november_generator2023.xlsx
2023-11,2023-11-30,2024,63699.6,https://www.eia.gov/electricity/data/eia860m/archive/xls/november_generator2023.xlsx
2023-11,2023-11-30,2025,46442.1,https://www.eia.gov/electricity/data/eia860m/archive/xls/november_generator2023.xlsx
2023-11,2023-11-30,2026,25458.4,https://www.eia.gov/electricity/data/eia860m/archive/xls/november_generator2023.xlsx
2023-11,2023-11-30,2027,15329.9,https://www.eia.gov/electricity/data/eia860m/archive/xls/november_generator2023.xlsx
2023-11,2023-11-30,2028,4030.4,https://www.eia.gov/electricity/data/eia860m/archive/xls/november_generator2023.xlsx
2023-11,2023-11-30,2029,2075.0,https://www.eia.gov/electricity/data/eia860m/archive/xls/november_generator2023.xlsx
2023-11,2023-11-30,2030,607.8,https://www.eia.gov/electricity/data/eia860m/archive/xls/november_generator2023.xlsx
2023-12,2023-12-31,2023,1153.9,https://www.eia.gov/electricity/data/eia860m/archive/xls/december_generator2023.xlsx
2023-12,2023-12-31,2024,63032.2,https://www.eia.gov/electricity/data/eia860m/archive/xls/december_generator2023.xlsx
2023-12,2023-12-31,2025,51549.1,https://www.eia.gov/electricity/data/eia860m/archive/xls/december_generator2023.xlsx
2023-12,2023-12-31,2026,27986.6,https://www.eia.gov/electricity/data/eia860m/archive/xls/december_generator2023.xlsx
2023-12,2023-12-31,2027,15482.7,https://www.eia.gov/electricity/data/eia860m/archive/xls/december_generator2023.xlsx
2023-12,2023-12-31,2028,4230.4,https://www.eia.gov/electricity/data/eia860m/archive/xls/december_generator2023.xlsx
2023-12,2023-12-31,2029,1998.0,https://www.eia.gov/electricity/data/eia860m/archive/xls/december_generator2023.xlsx
2023-12,2023-12-31,2030,222.8,https://www.eia.gov/electricity/data/eia860m/archive/xls/december_generator2023.xlsx
2024-01,2024-01-31,2024,58454.8,https://www.eia.gov/electricity/data/eia860m/archive/xls/january_generator2024.xlsx
2024-01,2024-01-31,2025,51756.3,https://www.eia.gov/electricity/data/eia860m/archive/xls/january_generator2024.xlsx
2024-01,2024-01-31,2026,28182.5,https://www.eia.gov/electricity/data/eia860m/archive/xls/january_generator2024.xlsx
2024-01,2024-01-31,2027,14967.8,https://www.eia.gov/electricity/data/eia860m/archive/xls/january_generator2024.xlsx
2024-01,2024-01-31,2028,5087.3,https://www.eia.gov/electricity/data/eia860m/archive/xls/january_generator2024.xlsx
2024-01,2024-01-31,2029,850.0,https://www.eia.gov/electricity/data/eia860m/archive/xls/january_generator2024.xlsx
2024-01,2024-01-31,2030,222.8,https://www.eia.gov/electricity/data/eia860m/archive/xls/january_generator2024.xlsx
2024-02,2024-02-29,2024,57592.5,https://www.eia.gov/electricity/data/eia860m/archive/xls/february_generator2024.xlsx
2024-02,2024-02-29,2025,49753.3,https://www.eia.gov/electricity/data/eia860m/archive/xls/february_generator2024.xlsx
2024-02,2024-02-29,2026,29832.0,https://www.eia.gov/electricity/data/eia860m/archive/xls/february_generator2024.xlsx
2024-02,2024-02-29,2027,17379.2,https://www.eia.gov/electricity/data/eia860m/archive/xls/february_generator2024.xlsx
2024-02,2024-02-29,2028,7031.7,https://www.eia.gov/electricity/data/eia860m/archive/xls/february_generator2024.xlsx
2024-02,2024-02-29,2029,850.0,https://www.eia.gov/electricity/data/eia860m/archive/xls/february_generator2024.xlsx
2024-02,2024-02-29,2030,504.8,https://www.eia.gov/electricity/data/eia860m/archive/xls/february_generator2024.xlsx
2024-03,2024-03-31,2024,54436.7,https://www.eia.gov/electricity/data/eia860m/archive/xls/march_generator2024.xlsx
2024-03,2024-03-31,2025,48535.9,https://www.eia.gov/electricity/data/eia860m/archive/xls/march_generator2024.xlsx
2024-03,2024-03-31,2026,31113.5,https://www.eia.gov/electricity/data/eia860m/archive/xls/march_generator2024.xlsx
2024-03,2024-03-31,2027,19702.1,https://www.eia.gov/electricity/data/eia860m/archive/xls/march_generator2024.xlsx
2024-03,2024-03-31,2028,7138.9,https://www.eia.gov/electricity/data/eia860m/archive/xls/march_generator2024.xlsx
2024-03,2024-03-31,2029,1197.0,https://www.eia.gov/electricity/data/eia860m/archive/xls/march_generator2024.xlsx
2024-03,2024-03-31,2030,504.8,https://www.eia.gov/electricity/data/eia860m/archive/xls/march_generator2024.xlsx
2024-04,2024-04-30,2024,51145.5,https://www.eia.gov/electricity/data/eia860m/archive/xls/april_generator2024.xlsx
2024-04,2024-04-30,2025,50217.1,https://www.eia.gov/electricity/data/eia860m/archive/xls/april_generator2024.xlsx
2024-04,2024-04-30,2026,33719.9,https://www.eia.gov/electricity/data/eia860m/archive/xls/april_generator2024.xlsx
2024-04,2024-04-30,2027,20037.8,https://www.eia.gov/electricity/data/eia860m/archive/xls/april_generator2024.xlsx
2024-04,2024-04-30,2028,6865.1,https://www.eia.gov/electricity/data/eia860m/archive/xls/april_generator2024.xlsx
2024-04,2024-04-30,2029,2225.4,https://www.eia.gov/electricity/data/eia860m/archive/xls/april_generator2024.xlsx
2024-04,2024-04-30,2030,1484.9,https://www.eia.gov/electricity/data/eia860m/archive/xls/april_generator2024.xlsx
2024-04,2024-04-30,2031,792.0,https://www.eia.gov/electricity/data/eia860m/archive/xls/april_generator2024.xlsx
2024-05,2024-05-31,2024,47009.7,https://www.eia.gov/electricity/data/eia860m/archive/xls/may_generator2024.xlsx
2024-05,2024-05-31,2025,49965.4,https://www.eia.gov/electricity/data/eia860m/archive/xls/may_generator2024.xlsx
2024-05,2024-05-31,2026,35786.3,https://www.eia.gov/electricity/data/eia860m/archive/xls/may_generator2024.xlsx
2024-05,2024-05-31,2027,23961.2,https://www.eia.gov/electricity/data/eia860m/archive/xls/may_generator2024.xlsx
2024-05,2024-05-31,2028,8745.9,https://www.eia.gov/electricity/data/eia860m/archive/xls/may_generator2024.xlsx
2024-05,2024-05-31,2029,2125.4,https://www.eia.gov/electricity/data/eia860m/archive/xls/may_generator2024.xlsx
2024-05,2024-05-31,2030,1484.9,https://www.eia.gov/electricity/data/eia860m/archive/xls/may_generator2024.xlsx
2024-05,2024-05-31,2031,792.0,https://www.eia.gov/electricity/data/eia860m/archive/xls/may_generator2024.xlsx
2024-06,2024-06-30,2024,43037.1,https://www.eia.gov/electricity/data/eia860m/archive/xls/june_generator2024.xlsx
2024-06,2024-06-30,2025,50778.8,https://www.eia.gov/electricity/data/eia860m/archive/xls/june_generator2024.xlsx
2024-06,2024-06-30,2026,36877.4,https://www.eia.gov/electricity/data/eia860m/archive/xls/june_generator2024.xlsx
2024-06,2024-06-30,2027,26179.6,https://www.eia.gov/electricity/data/eia860m/archive/xls/june_generator2024.xlsx
2024-06,2024-06-30,2028,8752.4,https://www.eia.gov/electricity/data/eia860m/archive/xls/june_generator2024.xlsx
2024-06,2024-06-30,2029,2125.4,https://www.eia.gov/electricity/data/eia860m/archive/xls/june_generator2024.xlsx
2024-06,2024-06-30,2030,1484.9,https://www.eia.gov/electricity/data/eia860m/archive/xls/june_generator2024.xlsx
2024-06,2024-06-30,2031,792.0,https://www.eia.gov/electricity/data/eia860m/archive/xls/june_generator2024.xlsx
2024-06,2024-06-30,2039,21.0,https://www.eia.gov/electricity/data/eia860m/archive/xls/june_generator2024.xlsx
2024-07,2024-07-31,2024,39709.9,https://www.eia.gov/electricity/data/eia860m/archive/xls/july_generator2024.xlsx
2024-07,2024-07-31,2025,51134.0,https://www.eia.gov/electricity/data/eia860m/archive/xls/july_generator2024.xlsx
2024-07,2024-07-31,2026,41439.4,https://www.eia.gov/electricity/data/eia860m/archive/xls/july_generator2024.xlsx
2024-07,2024-07-31,2027,29412.4,https://www.eia.gov/electricity/data/eia860m/archive/xls/july_generator2024.xlsx
2024-07,2024-07-31,2028,9378.0,https://www.eia.gov/electricity/data/eia860m/archive/xls/july_generator2024.xlsx
2024-07,2024-07-31,2029,4425.4,https://www.eia.gov/electricity/data/eia860m/archive/xls/july_generator2024.xlsx
2024-07,2024-07-31,2030,1884.9,https://www.eia.gov/electricity/data/eia860m/archive/xls/july_generator2024.xlsx
2024-07,2024-07-31,2031,792.0,https://www.eia.gov/electricity/data/eia860m/archive/xls/july_generator2024.xlsx
2024-07,2024-07-31,2039,21.0,https://www.eia.gov/electricity/data/eia860m/archive/xls/july_generator2024.xlsx
2024-08,2024-08-31,2024,38031.7,https://www.eia.gov/electricity/data/eia860m/archive/xls/august_generator2024.xlsx
2024-08,2024-08-31,2025,48886.8,https://www.eia.gov/electricity/data/eia860m/archive/xls/august_generator2024.xlsx
2024-08,2024-08-31,2026,42343.3,https://www.eia.gov/electricity/data/eia860m/archive/xls/august_generator2024.xlsx
2024-08,2024-08-31,2027,32716.3,https://www.eia.gov/electricity/data/eia860m/archive/xls/august_generator2024.xlsx
2024-08,2024-08-31,2028,10652.0,https://www.eia.gov/electricity/data/eia860m/archive/xls/august_generator2024.xlsx
2024-08,2024-08-31,2029,4674.4,https://www.eia.gov/electricity/data/eia860m/archive/xls/august_generator2024.xlsx
2024-08,2024-08-31,2030,2684.9,https://www.eia.gov/electricity/data/eia860m/archive/xls/august_generator2024.xlsx
2024-08,2024-08-31,2031,792.0,https://www.eia.gov/electricity/data/eia860m/archive/xls/august_generator2024.xlsx
2024-08,2024-08-31,2039,21.0,https://www.eia.gov/electricity/data/eia860m/archive/xls/august_generator2024.xlsx
2024-09,2024-09-30,2024,33103.7,https://www.eia.gov/electricity/data/eia860m/archive/xls/september_generator2024.xlsx
2024-09,2024-09-30,2025,50645.4,https://www.eia.gov/electricity/data/eia860m/archive/xls/september_generator2024.xlsx
2024-09,2024-09-30,2026,44822.0,https://www.eia.gov/electricity/data/eia860m/archive/xls/september_generator2024.xlsx
2024-09,2024-09-30,2027,34737.1,https://www.eia.gov/electricity/data/eia860m/archive/xls/september_generator2024.xlsx
2024-09,2024-09-30,2028,13222.0,https://www.eia.gov/electricity/data/eia860m/archive/xls/september_generator2024.xlsx
2024-09,2024-09-30,2029,4674.4,https://www.eia.gov/electricity/data/eia860m/archive/xls/september_generator2024.xlsx
2024-09,2024-09-30,2030,2684.9,https://www.eia.gov/electricity/data/eia860m/archive/xls/september_generator2024.xlsx
2024-09,2024-09-30,2031,892.0,https://www.eia.gov/electricity/data/eia860m/archive/xls/september_generator2024.xlsx
2024-09,2024-09-30,2039,21.0,https://www.eia.gov/electricity/data/eia860m/archive/xls/september_generator2024.xlsx
