event_id,source,source_receipt,entity_key,vintage,observed_at,available_at,usable_at,unit,evidence_status,expectation_kind,prior_value,current_value,missingness_reason,in_sealed_window
eia-capacity:2016-07:2016,eia:860m,https://www.eia.gov/electricity/data/eia860m/archive/xls/july_generator2016.xlsx,grid:planned-capacity,2016-07,2016-07-31T23:59:59+00:00,2016-07-31T23:59:59+00:00,2016-07-31T23:59:59+00:00,MW,downloaded,public_plan,27776.2,13322.5,,False
eia-capacity:2016-07:2017,eia:860m,https://www.eia.gov/electricity/data/eia860m/archive/xls/july_generator2016.xlsx,grid:planned-capacity,2016-07,2016-07-31T23:59:59+00:00,2016-07-31T23:59:59+00:00,2016-07-31T23:59:59+00:00,MW,downloaded,public_plan,17493.5,24582.5,,False
eia-capacity:2016-07:2018,eia:860m,https://www.eia.gov/electricity/data/eia860m/archive/xls/july_generator2016.xlsx,grid:planned-capacity,2016-07,2016-07-31T23:59:59+00:00,2016-07-31T23:59:59+00:00,2016-07-31T23:59:59+00:00,MW,downloaded,public_plan,20225.8,30890.6,,False
eia-capacity:2016-07:2019,eia:860m,https://www.eia.gov/electricity/data/eia860m/archive/xls/july_generator2016.xlsx,grid:planned-capacity,2016-07,2016-07-31T23:59:59+00:00,2016-07-31T23:59:59+00:00,2016-07-31T23:59:59+00:00,MW,downloaded,public_plan,10105.9,16805.2,,False
eia-capacity:2016-07:2020,eia:860m,https://www.eia.gov/electricity/data/eia860m/archive/xls/july_generator2016.xlsx,grid:planned-capacity,2016-07,2016-07-31T23:59:59+00:00,2016-07-31T23:59:59+00:00,2016-07-31T23:59:59+00:00,MW,downloaded,public_plan,3626.7,11323.9,,False
eia-capacity:2016-07:2021,eia:860m,https://www.eia.gov/electricity/data/eia860m/archive/xls/july_generator2016.xlsx,grid:planned-capacity,2016-07,2016-07-31T23:59:59+00:00,2016-07-31T23:59:59+00:00,2016-07-31T23:59:59+00:00,MW,downloaded,public_plan,1387.0,1217.0,,False
eia-capacity:2016-07:2022,eia:860m,https://www.eia.gov/electricity/data/eia860m/archive/xls/july_generator2016.xlsx,grid:planned-capacity,2016-07,2016-07-31T23:59:59+00:00,2016-07-31T23:59:59+00:00,2016-07-31T23:59:59+00:00,MW,downloaded,public_plan,1415.0,2243.2,,False
eia-capacity:2016-07:2023,eia:860m,https://www.eia.gov/electricity/data/eia860m/archive/xls/july_generator2016.xlsx,grid:planned-capacity,2016-07,2016-07-31T23:59:59+00:00,2016-07-31T23:59:59+00:00,2016-07-31T23:59:59+00:00,MW,downloaded,public_plan,1023.0,1214.0,,False
eia-capacity:2016-08:2016,eia:860m,https://www.eia.gov/electricity/data/eia860m/archive/xls/august_generator2016.xlsx,grid:planned-capacity,2016-08,2016-08-31T23:59:59+00:00,2016-08-31T23:59:59+00:00,2016-08-31T23:59:59+00:00,MW,downloaded,public_plan,27812.8,11633.3,,False
eia-capacity:2016-08:2017,eia:860m,https://www.eia.gov/electricity/data/eia860m/archive/xls/august_generator2016.xlsx,grid:planned-capacity,2016-08,2016-08-31T23:59:59+00:00,2016-08-31T23:59:59+00:00,2016-08-31T23:59:59+00:00,MW,downloaded,public_plan,17493.5,25457.0,,False
eia-capacity:2016-08:2018,eia:860m,https://www.eia.gov/electricity/data/eia860m/archive/xls/august_generator2016.xlsx,grid:planned-capacity,2016-08,2016-08-31T23:59:59+00:00,2016-08-31T23:59:59+00:00,2016-08-31T23:59:59+00:00,MW,downloaded,public_plan,20225.8,31004.1,,False
eia-capacity:2016-08:2019,eia:860m,https://www.eia.gov/electricity/data/eia860m/archive/xls/august_generator2016.xlsx,grid:planned-capacity,2016-08,2016-08-31T23:59:59+00:00,2016-08-31T23:59:59+00:00,2016-08-31T23:59:59+00:00,MW,downloaded,public_plan,10105.9,17495.2,,False
eia-capacity:2016-08:2020,eia:860m,https://www.eia.gov/electricity/data/eia860m/archive/xls/august_generator2016.xlsx,grid:planned-capacity,2016-08,2016-08-31T23:59:59+00:00,2016-08-31T23:59:59+00:00,2016-08-31T23:59:59+00:00,MW,downloaded,public_plan,3626.7,11323.9,,False
eia-capacity:2016-08:2021,eia:860m,https://www.eia.gov/electricity/data/eia860m/archive/xls/august_generator2016.xlsx,grid:planned-capacity,2016-08,2016-08-31T23:59:59+00:00,2016-08-31T23:59:59+00:00,2016-08-31T23:59:59+00:00,MW,downloaded,public_plan,1387.0,1217.0,,False
eia-capacity:2016-08:2022,eia:860m,https://www.eia.gov/electricity/data/eia860m/archive/xls/august_generator2016.xlsx,grid:planned-capacity,2016-08,2016-08-31T23:59:59+00:00,2016-08-31T23:59:59+00:00,2016-08-31T23:59:59+00:00,MW,downloaded,public_plan,1415.0,2243.2,,False
eia-capacity:2016-08:2023,eia:860m,https://www.eia.gov/electricity/data/eia860m/archive/xls/august_generator2016.xlsx,grid:planned-capacity,2016-08,2016-08-31T23:59:59+00:00,2016-08-31T23:59:59+00:00,2016-08-31T23:59:59+00:00,MW,downloaded,public_plan,1023.0,1214.0,,False
eia-capacity:2016-09:2016,eia:860m,https://www.eia.gov/electricity/data/eia860m/archive/xls/september_generator2016.xlsx,grid:planned-capacity,2016-09,2016-09-30T23:59:59+00:00,2016-09-30T23:59:59+00:00,2016-09-30T23:59:59+00:00,MW,downloaded,public_plan,27843.0,10337.9,,False
eia-capacity:2016-09:2017,eia:860m,https://www.eia.gov/electricity/data/eia860m/archive/xls/september_generator2016.xlsx,grid:planned-capacity,2016-09,2016-09-30T23:59:59+00:00,2016-09-30T23:59:59+00:00,2016-09-30T23:59:59+00:00,MW,downloaded,public_plan,17524.9,25465.7,,False
eia-capacity:2016-09:2018,eia:860m,https://www.eia.gov/electricity/data/eia860m/archive/xls/september_generator2016.xlsx,grid:planned-capacity,2016-09,2016-09-30T23:59:59+00:00,2016-09-30T23:59:59+00:00,2016-09-30T23:59:59+00:00,MW,downloaded,public_plan,20225.8,31202.1,,False
eia-capacity:2016-09:2019,eia:860m,https://www.eia.gov/electricity/data/eia860m/archive/xls/september_generator2016.xlsx,grid:planned-capacity,2016-09,2016-09-30T23:59:59+00:00,2016-09-30T23:59:59+00:00,2016-09-30T23:59:59+00:00,MW,downloaded,public_plan,10105.9,17495.2,,False
eia-capacity:2016-09:2020,eia:860m,https://www.eia.gov/electricity/data/eia860m/archive/xls/september_generator2016.xlsx,grid:planned-capacity,2016-09,2016-09-30T23:59:59+00:00,2016-09-30T23:59:59+00:00,2016-09-30T23:59:59+00:00,MW,downloaded,public_plan,3626.7,11323.9,,False
eia-capacity:2016-09:2021,eia:860m,https://www.eia.gov/electricity/data/eia860m/archive/xls/september_generator2016.xlsx,grid:planned-capacity,2016-09,2016-09-30T23:59:59+00:00,2016-09-30T23:59:59+00:00,2016-09-30T23:59:59+00:00,MW,downloaded,public_plan,1387.0,1229.0,,False
eia-capacity:2016-09:2022,eia:860m,https://www.eia.gov/electricity/data/eia860m/archive/xls/september_generator2016.xlsx,grid:planned-capacity,2016-09,2016-09-30T23:59:59+00:00,2016-09-30T23:59:59+00:00,2016-09-30T23:59:59+00:00,MW,downloaded,public_plan,1415.0,2243.2,,False
eia-capacity:2016-09:2023,eia:860m,https://www.eia.gov/electricity/data/eia860m/archive/xls/september_generator2016.xlsx,grid:planned-capacity,2016-09,2016-09-30T23:59:59+00:00,2016-09-30T23:59:59+00:00,2016-09-30T23:59:59+00:00,MW,downloaded,public_plan,1023.0,1214.0,,False
eia-capacity:2016-10:2016,eia:860m,https://www.eia.gov/electricity/data/eia860m/archive/xls/october_generator2016.xlsx,grid:planned-capacity,2016-10,2016-10-31T23:59:59+00:00,2016-10-31T23:59:59+00:00,2016-10-31T23:59:59+00:00,MW,downloaded,public_plan,27872.2,8588.9,,False
eia-capacity:2016-10:2017,eia:860m,https://www.eia.gov/electricity/data/eia860m/archive/xls/october_generator2016.xlsx,grid:planned-capacity,2016-10,2016-10-31T23:59:59+00:00,2016-10-31T23:59:59+00:00,2016-10-31T23:59:59+00:00,MW,downloaded,public_plan,17874.7,25035.2,,False
eia-capacity:2016-10:2018,eia:860m,https://www.eia.gov/electricity/data/eia860m/archive/xls/october_generator2016.xlsx,grid:planned-capacity,2016-10,2016-10-31T23:59:59+00:00,2016-10-31T23:59:59+00:00,2016-10-31T23:59:59+00:00,MW,downloaded,public_plan,20225.8,32086.2,,False
eia-capacity:2016-10:2019,eia:860m,https://www.eia.gov/electricity/data/eia860m/archive/xls/october_generator2016.xlsx,grid:planned-capacity,2016-10,2016-10-31T23:59:59+00:00,2016-10-31T23:59:59+00:00,2016-10-31T23:59:59+00:00,MW,downloaded,public_plan,10105.9,17537.2,,False
eia-capacity:2016-10:2020,eia:860m,https://www.eia.gov/electricity/data/eia860m/archive/xls/october_generator2016.xlsx,grid:planned-capacity,2016-10,2016-10-31T23:59:59+00:00,2016-10-31T23:59:59+00:00,2016-10-31T23:59:59+00:00,MW,downloaded,public_plan,3626.7,11323.9,,False
eia-capacity:2016-10:2021,eia:860m,https://www.eia.gov/electricity/data/eia860m/archive/xls/october_generator2016.xlsx,grid:planned-capacity,2016-10,2016-10-31T23:59:59+00:00,2016-10-31T23:59:59+00:00,2016-10-31T23:59:59+00:00,MW,downloaded,public_plan,1387.0,1229.0,,False
eia-capacity:2016-10:2022,eia:860m,https://www.eia.gov/electricity/data/eia860m/archive/xls/october_generator2016.xlsx,grid:planned-capacity,2016-10,2016-10-31T23:59:59+00:00,2016-10-31T23:59:59+00:00,2016-10-31T23:59:59+00:00,MW,downloaded,public_plan,1415.0,2243.2,,False
eia-capacity:2016-10:2023,eia:860m,https://www.eia.gov/electricity/data/eia860m/archive/xls/october_generator2016.xlsx,grid:planned-capacity,2016-10,2016-10-31T23:59:59+00:00,2016-10-31T23:59:59+00:00,2016-10-31T23:59:59+00:00,MW,downloaded,public_plan,1023.0,1214.0,,False
eia-capacity:2016-11:2016,eia:860m,https://www.eia.gov/electricity/data/eia860m/archive/xls/november_generator2016.xlsx,grid:planned-capacity,2016-11,2016-11-30T23:59:59+00:00,2016-11-30T23:59:59+00:00,2016-11-30T23:59:59+00:00,MW,downloaded,public_plan,30512.3,6270.3,,False
eia-capacity:2016-11:2017,eia:860m,https://www.eia.gov/electricity/data/eia860m/archive/xls/november_generator2016.xlsx,grid:planned-capacity,2016-11,2016-11-30T23:59:59+00:00,2016-11-30T23:59:59+00:00,2016-11-30T23:59:59+00:00,MW,downloaded,public_plan,17569.2,24566.8,,False
eia-capacity:2016-11:2018,eia:860m,https://www.eia.gov/electricity/data/eia860m/archive/xls/november_generator2016.xlsx,grid:planned-capacity,2016-11,2016-11-30T23:59:59+00:00,2016-11-30T23:59:59+00:00,2016-11-30T23:59:59+00:00,MW,downloaded,public_plan,20940.4,32166.1,,False
eia-capacity:2016-11:2019,eia:860m,https://www.eia.gov/electricity/data/eia860m/archive/xls/november_generator2016.xlsx,grid:planned-capacity,2016-11,2016-11-30T23:59:59+00:00,2016-11-30T23:59:59+00:00,2016-11-30T23:59:59+00:00,MW,downloaded,public_plan,10568.9,17537.2,,False
eia-capacity:2016-11:2020,eia:860m,https://www.eia.gov/electricity/data/eia860m/archive/xls/november_generator2016.xlsx,grid:planned-capacity,2016-11,2016-11-30T23:59:59+00:00,2016-11-30T23:59:59+00:00,2016-11-30T23:59:59+00:00,MW,downloaded,public_plan,5804.9,11323.9,,False
eia-capacity:2016-11:2021,eia:860m,https://www.eia.gov/electricity/data/eia860m/archive/xls/november_generator2016.xlsx,grid:planned-capacity,2016-11,2016-11-30T23:59:59+00:00,2016-11-30T23:59:59+00:00,2016-11-30T23:59:59+00:00,MW,downloaded,public_plan,1387.0,1229.0,,False
eia-capacity:2016-11:2022,eia:860m,https://www.eia.gov/electricity/data/eia860m/archive/xls/november_generator2016.xlsx,grid:planned-capacity,2016-11,2016-11-30T23:59:59+00:00,2016-11-30T23:59:59+00:00,2016-11-30T23:59:59+00:00,MW,downloaded,public_plan,1415.0,2243.2,,False
eia-capacity:2016-11:2023,eia:860m,https://www.eia.gov/electricity/data/eia860m/archive/xls/november_generator2016.xlsx,grid:planned-capacity,2016-11,2016-11-30T23:59:59+00:00,2016-11-30T23:59:59+00:00,2016-11-30T23:59:59+00:00,MW,downloaded,public_plan,1023.0,1214.0,,False
eia-capacity:2016-12:2017,eia:860m,https://www.eia.gov/electricity/data/eia860m/archive/xls/december_generator2016.xlsx,grid:planned-capacity,2016-12,2016-12-31T23:59:59+00:00,2016-12-31T23:59:59+00:00,2016-12-31T23:59:59+00:00,MW,downloaded,public_plan,22819.3,27396.6,,False
eia-capacity:2016-12:2018,eia:860m,https://www.eia.gov/electricity/data/eia860m/archive/xls/december_generator2016.xlsx,grid:planned-capacity,2016-12,2016-12-31T23:59:59+00:00,2016-12-31T23:59:59+00:00,2016-12-31T23:59:59+00:00,MW,downloaded,public_plan,23388.6,36677.4,,False
eia-capacity:2016-12:2019,eia:860m,https://www.eia.gov/electricity/data/eia860m/archive/xls/december_generator2016.xlsx,grid:planned-capacity,2016-12,2016-12-31T23:59:59+00:00,2016-12-31T23:59:59+00:00,2016-12-31T23:59:59+00:00,MW,downloaded,public_plan,10164.9,20693.8,,False
eia-capacity:2016-12:2020,eia:860m,https://www.eia.gov/electricity/data/eia860m/archive/xls/december_generator2016.xlsx,grid:planned-capacity,2016-12,2016-12-31T23:59:59+00:00,2016-12-31T23:59:59+00:00,2016-12-31T23:59:59+00:00,MW,downloaded,public_plan,6142.3,15428.9,,False
eia-capacity:2016-12:2021,eia:860m,https://www.eia.gov/electricity/data/eia860m/archive/xls/december_generator2016.xlsx,grid:planned-capacity,2016-12,2016-12-31T23:59:59+00:00,2016-12-31T23:59:59+00:00,2016-12-31T23:59:59+00:00,MW,downloaded,public_plan,1387.0,2229.0,,False
eia-capacity:2016-12:2022,eia:860m,https://www.eia.gov/electricity/data/eia860m/archive/xls/december_generator2016.xlsx,grid:planned-capacity,2016-12,2016-12-31T23:59:59+00:00,2016-12-31T23:59:59+00:00,2016-12-31T23:59:59+00:00,MW,downloaded,public_plan,1415.0,2243.2,,False
eia-capacity:2016-12:2023,eia:860m,https://www.eia.gov/electricity/data/eia860m/archive/xls/december_generator2016.xlsx,grid:planned-capacity,2016-12,2016-12-31T23:59:59+00:00,2016-12-31T23:59:59+00:00,2016-12-31T23:59:59+00:00,MW,downloaded,public_plan,1023.0,1214.0,,False
eia-capacity:2017-01:2017,eia:860m,https://www.eia.gov/electricity/data/eia860m/archive/xls/january_generator2017.xlsx,grid:planned-capacity,2017-01,2017-01-31T23:59:59+00:00,2017-01-31T23:59:59+00:00,2017-01-31T23:59:59+00:00,MW,downloaded,public_plan,22275.9,24581.7,,False
eia-capacity:2017-01:2018,eia:860m,https://www.eia.gov/electricity/data/eia860m/archive/xls/january_generator2017.xlsx,grid:planned-capacity,2017-01,2017-01-31T23:59:59+00:00,2017-01-31T23:59:59+00:00,2017-01-31T23:59:59+00:00,MW,downloaded,public_plan,22029.0,36308.9,,False
eia-capacity:2017-01:2019,eia:860m,https://www.eia.gov/electricity/data/eia860m/archive/xls/january_generator2017.xlsx,grid:planned-capacity,2017-01,2017-01-31T23:59:59+00:00,2017-01-31T23:59:59+00:00,2017-01-31T23:59:59+00:00,MW,downloaded,public_plan,12451.9,22084.5,,False
eia-capacity:2017-01:2020,eia:860m,https://www.eia.gov/electricity/data/eia860m/archive/xls/january_generator2017.xlsx,grid:planned-capacity,2017-01,2017-01-31T23:59:59+00:00,2017-01-31T23:59:59+00:00,2017-01-31T23:59:59+00:00,MW,downloaded,public_plan,6599.3,14565.1,,False
eia-capacity:2017-01:2021,eia:860m,https://www.eia.gov/electricity/data/eia860m/archive/xls/january_generator2017.xlsx,grid:planned-capacity,2017-01,2017-01-31T23:59:59+00:00,2017-01-31T23:59:59+00:00,2017-01-31T23:59:59+00:00,MW,downloaded,public_plan,1183.0,2229.0,,False
eia-capacity:2017-01:2022,eia:860m,https://www.eia.gov/electricity/data/eia860m/archive/xls/january_generator2017.xlsx,grid:planned-capacity,2017-01,2017-01-31T23:59:59+00:00,2017-01-31T23:59:59+00:00,2017-01-31T23:59:59+00:00,MW,downloaded,public_plan,1415.0,2243.2,,False
eia-capacity:2017-01:2023,eia:860m,https://www.eia.gov/electricity/data/eia860m/archive/xls/january_generator2017.xlsx,grid:planned-capacity,2017-01,2017-01-31T23:59:59+00:00,2017-01-31T23:59:59+00:00,2017-01-31T23:59:59+00:00,MW,downloaded,public_plan,1227.0,1229.5,,False
eia-capacity:2017-02:2017,eia:860m,https://www.eia.gov/electricity/data/eia860m/archive/xls/february_generator2017.xlsx,grid:planned-capacity,2017-02,2017-02-28T23:59:59+00:00,2017-02-28T23:59:59+00:00,2017-02-28T23:59:59+00:00,MW,downloaded,public_plan,21379.4,23688.7,,False
eia-capacity:2017-02:2018,eia:860m,https://www.eia.gov/electricity/data/eia860m/archive/xls/february_generator2017.xlsx,grid:planned-capacity,2017-02,2017-02-28T23:59:59+00:00,2017-02-28T23:59:59+00:00,2017-02-28T23:59:59+00:00,MW,downloaded,public_plan,24752.7,42206.2,,False
eia-capacity:2017-02:2019,eia:860m,https://www.eia.gov/electricity/data/eia860m/archive/xls/february_generator2017.xlsx,grid:planned-capacity,2017-02,2017-02-28T23:59:59+00:00,2017-02-28T23:59:59+00:00,2017-02-28T23:59:59+00:00,MW,downloaded,public_plan,12497.2,24541.0,,False
eia-capacity:2017-02:2020,eia:860m,https://www.eia.gov/electricity/data/eia860m/archive/xls/february_generator2017.xlsx,grid:planned-capacity,2017-02,2017-02-28T23:59:59+00:00,2017-02-28T23:59:59+00:00,2017-02-28T23:59:59+00:00,MW,downloaded,public_plan,9607.8,17371.1,,False
eia-capacity:2017-02:2021,eia:860m,https://www.eia.gov/electricity/data/eia860m/archive/xls/february_generator2017.xlsx,grid:planned-capacity,2017-02,2017-02-28T23:59:59+00:00,2017-02-28T23:59:59+00:00,2017-02-28T23:59:59+00:00,MW,downloaded,public_plan,1421.0,2229.0,,False
eia-capacity:2017-02:2022,eia:860m,https://www.eia.gov/electricity/data/eia860m/archive/xls/february_generator2017.xlsx,grid:planned-capacity,2017-02,2017-02-28T23:59:59+00:00,2017-02-28T23:59:59+00:00,2017-02-28T23:59:59+00:00,MW,downloaded,public_plan,2243.2,2243.2,,False
eia-capacity:2017-02:2023,eia:860m,https://www.eia.gov/electricity/data/eia860m/archive/xls/february_generator2017.xlsx,grid:planned-capacity,2017-02,2017-02-28T23:59:59+00:00,2017-02-28T23:59:59+00:00,2017-02-28T23:59:59+00:00,MW,downloaded,public_plan,1010.0,1229.5,,False
eia-capacity:2017-03:2017,eia:860m,https://www.eia.gov/electricity/data/eia860m/archive/xls/march_generator2017.xlsx,grid:planned-capacity,2017-03,2017-03-31T23:59:59+00:00,2017-03-31T23:59:59+00:00,2017-03-31T23:59:59+00:00,MW,downloaded,public_plan,23235.2,21670.0,,False
eia-capacity:2017-03:2018,eia:860m,https://www.eia.gov/electricity/data/eia860m/archive/xls/march_generator2017.xlsx,grid:planned-capacity,2017-03,2017-03-31T23:59:59+00:00,2017-03-31T23:59:59+00:00,2017-03-31T23:59:59+00:00,MW,downloaded,public_plan,25227.1,40035.8,,False
eia-capacity:2017-03:2019,eia:860m,https://www.eia.gov/electricity/data/eia860m/archive/xls/march_generator2017.xlsx,grid:planned-capacity,2017-03,2017-03-31T23:59:59+00:00,2017-03-31T23:59:59+00:00,2017-03-31T23:59:59+00:00,MW,downloaded,public_plan,13490.4,23581.9,,False
eia-capacity:2017-03:2020,eia:860m,https://www.eia.gov/electricity/data/eia860m/archive/xls/march_generator2017.xlsx,grid:planned-capacity,2017-03,2017-03-31T23:59:59+00:00,2017-03-31T23:59:59+00:00,2017-03-31T23:59:59+00:00,MW,downloaded,public_plan,9861.8,19702.6,,False
eia-capacity:2017-03:2021,eia:860m,https://www.eia.gov/electricity/data/eia860m/archive/xls/march_generator2017.xlsx,grid:planned-capacity,2017-03,2017-03-31T23:59:59+00:00,2017-03-31T23:59:59+00:00,2017-03-31T23:59:59+00:00,MW,downloaded,public_plan,1217.0,4219.0,,False
eia-capacity:2017-03:2022,eia:860m,https://www.eia.gov/electricity/data/eia860m/archive/xls/march_generator2017.xlsx,grid:planned-capacity,2017-03,2017-03-31T23:59:59+00:00,2017-03-31T23:59:59+00:00,2017-03-31T23:59:59+00:00,MW,downloaded,public_plan,2243.2,2201.2,,False
eia-capacity:2017-03:2023,eia:860m,https://www.eia.gov/electricity/data/eia860m/archive/xls/march_generator2017.xlsx,grid:planned-capacity,2017-03,2017-03-31T23:59:59+00:00,2017-03-31T23:59:59+00:00,2017-03-31T23:59:59+00:00,MW,downloaded,public_plan,1214.0,1229.5,,False
eia-capacity:2017-04:2017,eia:860m,https://www.eia.gov/electricity/data/eia860m/archive/xls/april_generator2017.xlsx,grid:planned-capacity,2017-04,2017-04-30T23:59:59+00:00,2017-04-30T23:59:59+00:00,2017-04-30T23:59:59+00:00,MW,downloaded,public_plan,24111.8,17540.3,,False
eia-capacity:2017-04:2018,eia:860m,https://www.eia.gov/electricity/data/eia860m/archive/xls/april_generator2017.xlsx,grid:planned-capacity,2017-04,2017-04-30T23:59:59+00:00,2017-04-30T23:59:59+00:00,2017-04-30T23:59:59+00:00,MW,downloaded,public_plan,27866.3,41350.1,,False
eia-capacity:2017-04:2019,eia:860m,https://www.eia.gov/electricity/data/eia860m/archive/xls/april_generator2017.xlsx,grid:planned-capacity,2017-04,2017-04-30T23:59:59+00:00,2017-04-30T23:59:59+00:00,2017-04-30T23:59:59+00:00,MW,downloaded,public_plan,16431.2,23911.4,,False
eia-capacity:2017-04:2020,eia:860m,https://www.eia.gov/electricity/data/eia860m/archive/xls/april_generator2017.xlsx,grid:planned-capacity,2017-04,2017-04-30T23:59:59+00:00,2017-04-30T23:59:59+00:00,2017-04-30T23:59:59+00:00,MW,downloaded,public_plan,11321.8,20744.4,,False
eia-capacity:2017-04:2021,eia:860m,https://www.eia.gov/electricity/data/eia860m/archive/xls/april_generator2017.xlsx,grid:planned-capacity,2017-04,2017-04-30T23:59:59+00:00,2017-04-30T23:59:59+00:00,2017-04-30T23:59:59+00:00,MW,downloaded,public_plan,1217.0,6144.7,,False
eia-capacity:2017-04:2022,eia:860m,https://www.eia.gov/electricity/data/eia860m/archive/xls/april_generator2017.xlsx,grid:planned-capacity,2017-04,2017-04-30T23:59:59+00:00,2017-04-30T23:59:59+00:00,2017-04-30T23:59:59+00:00,MW,downloaded,public_plan,2243.2,3051.2,,False
eia-capacity:2017-04:2023,eia:860m,https://www.eia.gov/electricity/data/eia860m/archive/xls/april_generator2017.xlsx,grid:planned-capacity,2017-04,2017-04-30T23:59:59+00:00,2017-04-30T23:59:59+00:00,2017-04-30T23:59:59+00:00,MW,downloaded,public_plan,1214.0,1229.5,,False
eia-capacity:2017-05:2017,eia:860m,https://www.eia.gov/electricity/data/eia860m/archive/xls/may_generator2017.xlsx,grid:planned-capacity,2017-05,2017-05-31T23:59:59+00:00,2017-05-31T23:59:59+00:00,2017-05-31T23:59:59+00:00,MW,downloaded,public_plan,24405.1,17686.3,,False
eia-capacity:2017-05:2018,eia:860m,https://www.eia.gov/electricity/data/eia860m/archive/xls/may_generator2017.xlsx,grid:planned-capacity,2017-05,2017-05-31T23:59:59+00:00,2017-05-31T23:59:59+00:00,2017-05-31T23:59:59+00:00,MW,downloaded,public_plan,28040.3,33185.9,,False
eia-capacity:2017-05:2019,eia:860m,https://www.eia.gov/electricity/data/eia860m/archive/xls/may_generator2017.xlsx,grid:planned-capacity,2017-05,2017-05-31T23:59:59+00:00,2017-05-31T23:59:59+00:00,2017-05-31T23:59:59+00:00,MW,downloaded,public_plan,16805.2,23616.4,,False
eia-capacity:2017-05:2020,eia:860m,https://www.eia.gov/electricity/data/eia860m/archive/xls/may_generator2017.xlsx,grid:planned-capacity,2017-05,2017-05-31T23:59:59+00:00,2017-05-31T23:59:59+00:00,2017-05-31T23:59:59+00:00,MW,downloaded,public_plan,11323.9,21829.4,,False
eia-capacity:2017-05:2021,eia:860m,https://www.eia.gov/electricity/data/eia860m/archive/xls/may_generator2017.xlsx,grid:planned-capacity,2017-05,2017-05-31T23:59:59+00:00,2017-05-31T23:59:59+00:00,2017-05-31T23:59:59+00:00,MW,downloaded,public_plan,1217.0,7393.7,,False
eia-capacity:2017-05:2022,eia:860m,https://www.eia.gov/electricity/data/eia860m/archive/xls/may_generator2017.xlsx,grid:planned-capacity,2017-05,2017-05-31T23:59:59+00:00,2017-05-31T23:59:59+00:00,2017-05-31T23:59:59+00:00,MW,downloaded,public_plan,2243.2,2940.2,,False
eia-capacity:2017-05:2023,eia:860m,https://www.eia.gov/electricity/data/eia860m/archive/xls/may_generator2017.xlsx,grid:planned-capacity,2017-05,2017-05-31T23:59:59+00:00,2017-05-31T23:59:59+00:00,2017-05-31T23:59:59+00:00,MW,downloaded,public_plan,1214.0,815.5,,False
eia-capacity:2017-06:2017,eia:860m,https://www.eia.gov/electricity/data/eia860m/archive/xls/june_generator2017.xlsx,grid:planned-capacity,2017-06,2017-06-30T23:59:59+00:00,2017-06-30T23:59:59+00:00,2017-06-30T23:59:59+00:00,MW,downloaded,public_plan,24890.7,14569.0,,False
eia-capacity:2017-06:2018,eia:860m,https://www.eia.gov/electricity/data/eia860m/archive/xls/june_generator2017.xlsx,grid:planned-capacity,2017-06,2017-06-30T23:59:59+00:00,2017-06-30T23:59:59+00:00,2017-06-30T23:59:59+00:00,MW,downloaded,public_plan,28604.3,32697.5,,False
eia-capacity:2017-06:2019,eia:860m,https://www.eia.gov/electricity/data/eia860m/archive/xls/june_generator2017.xlsx,grid:planned-capacity,2017-06,2017-06-30T23:59:59+00:00,2017-06-30T23:59:59+00:00,2017-06-30T23:59:59+00:00,MW,downloaded,public_plan,16805.2,24282.7,,False
eia-capacity:2017-06:2020,eia:860m,https://www.eia.gov/electricity/data/eia860m/archive/xls/june_generator2017.xlsx,grid:planned-capacity,2017-06,2017-06-30T23:59:59+00:00,2017-06-30T23:59:59+00:00,2017-06-30T23:59:59+00:00,MW,downloaded,public_plan,11323.9,23053.4,,False
eia-capacity:2017-06:2021,eia:860m,https://www.eia.gov/electricity/data/eia860m/archive/xls/june_generator2017.xlsx,grid:planned-capacity,2017-06,2017-06-30T23:59:59+00:00,2017-06-30T23:59:59+00:00,2017-06-30T23:59:59+00:00,MW,downloaded,public_plan,1217.0,7393.7,,False
eia-capacity:2017-06:2022,eia:860m,https://www.eia.gov/electricity/data/eia860m/archive/xls/june_generator2017.xlsx,grid:planned-capacity,2017-06,2017-06-30T23:59:59+00:00,2017-06-30T23:59:59+00:00,2017-06-30T23:59:59+00:00,MW,downloaded,public_plan,2243.2,2940.2,,False
eia-capacity:2017-06:2023,eia:860m,https://www.eia.gov/electricity/data/eia860m/archive/xls/june_generator2017.xlsx,grid:planned-capacity,2017-06,2017-06-30T23:59:59+00:00,2017-06-30T23:59:59+00:00,2017-06-30T23:59:59+00:00,MW,downloaded,public_plan,1214.0,815.5,,False
eia-capacity:2017-07:2017,eia:860m,https://www.eia.gov/electricity/data/eia860m/archive/xls/july_generator2017.xlsx,grid:planned-capacity,2017-07,2017-07-31T23:59:59+00:00,2017-07-31T23:59:59+00:00,2017-07-31T23:59:59+00:00,MW,downloaded,public_plan,24582.5,12605.5,,False
eia-capacity:2017-07:2018,eia:860m,https://www.eia.gov/electricity/data/eia860m/archive/xls/july_generator2017.xlsx,grid:planned-capacity,2017-07,2017-07-31T23:59:59+00:00,2017-07-31T23:59:59+00:00,2017-07-31T23:59:59+00:00,MW,downloaded,public_plan,30890.6,33134.9,,False
eia-capacity:2017-07:2019,eia:860m,https://www.eia.gov/electricity/data/eia860m/archive/xls/july_generator2017.xlsx,grid:planned-capacity,2017-07,2017-07-31T23:59:59+00:00,2017-07-31T23:59:59+00:00,2017-07-31T23:59:59+00:00,MW,downloaded,public_plan,16805.2,25334.7,,False
eia-capacity:2017-07:2020,eia:860m,https://www.eia.gov/electricity/data/eia860m/archive/xls/july_generator2017.xlsx,grid:planned-capacity,2017-07,2017-07-31T23:59:59+00:00,2017-07-31T23:59:59+00:00,2017-07-31T23:59:59+00:00,MW,downloaded,public_plan,11323.9,23206.9,,False
eia-capacity:2017-07:2021,eia:860m,https://www.eia.gov/electricity/data/eia860m/archive/xls/july_generator2017.xlsx,grid:planned-capacity,2017-07,2017-07-31T23:59:59+00:00,2017-07-31T23:59:59+00:00,2017-07-31T23:59:59+00:00,MW,downloaded,public_plan,1217.0,7696.7,,False
eia-capacity:2017-07:2022,eia:860m,https://www.eia.gov/electricity/data/eia860m/archive/xls/july_generator2017.xlsx,grid:planned-capacity,2017-07,2017-07-31T23:59:59+00:00,2017-07-31T23:59:59+00:00,2017-07-31T23:59:59+00:00,MW,downloaded,public_plan,2243.2,2940.2,,False
eia-capacity:2017-07:2023,eia:860m,https://www.eia.gov/electricity/data/eia860m/archive/xls/july_generator2017.xlsx,grid:planned-capacity,2017-07,2017-07-31T23:59:59+00:00,2017-07-31T23:59:59+00:00,2017-07-31T23:59:59+00:00,MW,downloaded,public_plan,1214.0,815.5,,False
eia-capacity:2017-08:2017,eia:860m,https://www.eia.gov/electricity/data/eia860m/archive/xls/august_generator2017.xlsx,grid:planned-capacity,2017-08,2017-08-31T23:59:59+00:00,2017-08-31T23:59:59+00:00,2017-08-31T23:59:59+00:00,MW,downloaded,public_plan,25457.0,11883.6,,False
eia-capacity:2017-08:2018,eia:860m,https://www.eia.gov/electricity/data/eia860m/archive/xls/august_generator2017.xlsx,grid:planned-capacity,2017-08,2017-08-31T23:59:59+00:00,2017-08-31T23:59:59+00:00,2017-08-31T23:59:59+00:00,MW,downloaded,public_plan,31004.1,33300.1,,False
eia-capacity:2017-08:2019,eia:860m,https://www.eia.gov/electricity/data/eia860m/archive/xls/august_generator2017.xlsx,grid:planned-capacity,2017-08,2017-08-31T23:59:59+00:00,2017-08-31T23:59:59+00:00,2017-08-31T23:59:59+00:00,MW,downloaded,public_plan,17495.2,25737.4,,False
eia-capacity:2017-08:2020,eia:860m,https://www.eia.gov/electricity/data/eia860m/archive/xls/august_generator2017.xlsx,grid:planned-capacity,2017-08,2017-08-31T23:59:59+00:00,2017-08-31T23:59:59+00:00,2017-08-31T23:59:59+00:00,MW,downloaded,public_plan,11323.9,23437.9,,False
eia-capacity:2017-08:2021,eia:860m,https://www.eia.gov/electricity/data/eia860m/archive/xls/august_generator2017.xlsx,grid:planned-capacity,2017-08,2017-08-31T23:59:59+00:00,2017-08-31T23:59:59+00:00,2017-08-31T23:59:59+00:00,MW,downloaded,public_plan,1217.0,7796.7,,False
eia-capacity:2017-08:2022,eia:860m,https://www.eia.gov/electricity/data/eia860m/archive/xls/august_generator2017.xlsx,grid:planned-capacity,2017-08,2017-08-31T23:59:59+00:00,2017-08-31T23:59:59+00:00,2017-08-31T23:59:59+00:00,MW,downloaded,public_plan,2243.2,2943.4,,False
eia-capacity:2017-08:2023,eia:860m,https://www.eia.gov/electricity/data/eia860m/archive/xls/august_generator2017.xlsx,grid:planned-capacity,2017-08,2017-08-31T23:59:59+00:00,2017-08-31T23:59:59+00:00,2017-08-31T23:59:59+00:00,MW,downloaded,public_plan,1214.0,815.5,,False
eia-capacity:2017-09:2017,eia:860m,https://www.eia.gov/electricity/data/eia860m/archive/xls/september_generator2017.xlsx,grid:planned-capacity,2017-09,2017-09-30T23:59:59+00:00,2017-09-30T23:59:59+00:00,2017-09-30T23:59:59+00:00,MW,downloaded,public_plan,25465.7,11905.4,,False
eia-capacity:2017-09:2018,eia:860m,https://www.eia.gov/electricity/data/eia860m/archive/xls/september_generator2017.xlsx,grid:planned-capacity,2017-09,2017-09-30T23:59:59+00:00,2017-09-30T23:59:59+00:00,2017-09-30T23:59:59+00:00,MW,downloaded,public_plan,31202.1,32988.0,,False
eia-capacity:2017-09:2019,eia:860m,https://www.eia.gov/electricity/data/eia860m/archive/xls/september_generator2017.xlsx,grid:planned-capacity,2017-09,2017-09-30T23:59:59+00:00,2017-09-30T23:59:59+00:00,2017-09-30T23:59:59+00:00,MW,downloaded,public_plan,17495.2,24837.4,,False
eia-capacity:2017-09:2020,eia:860m,https://www.eia.gov/electricity/data/eia860m/archive/xls/september_generator2017.xlsx,grid:planned-capacity,2017-09,2017-09-30T23:59:59+00:00,2017-09-30T23:59:59+00:00,2017-09-30T23:59:59+00:00,MW,downloaded,public_plan,11323.9,24537.9,,False
eia-capacity:2017-09:2021,eia:860m,https://www.eia.gov/electricity/data/eia860m/archive/xls/september_generator2017.xlsx,grid:planned-capacity,2017-09,2017-09-30T23:59:59+00:00,2017-09-30T23:59:59+00:00,2017-09-30T23:59:59+00:00,MW,downloaded,public_plan,1229.0,7796.7,,False
eia-capacity:2017-09:2022,eia:860m,https://www.eia.gov/electricity/data/eia860m/archive/xls/september_generator2017.xlsx,grid:planned-capacity,2017-09,2017-09-30T23:59:59+00:00,2017-09-30T23:59:59+00:00,2017-09-30T23:59:59+00:00,MW,downloaded,public_plan,2243.2,2943.4,,False
eia-capacity:2017-09:2023,eia:860m,https://www.eia.gov/electricity/data/eia860m/archive/xls/september_generator2017.xlsx,grid:planned-capacity,2017-09,2017-09-30T23:59:59+00:00,2017-09-30T23:59:59+00:00,2017-09-30T23:59:59+00:00,MW,downloaded,public_plan,1214.0,815.5,,False
eia-capacity:2017-10:2017,eia:860m,https://www.eia.gov/electricity/data/eia860m/archive/xls/october_generator2017.xlsx,grid:planned-capacity,2017-10,2017-10-31T23:59:59+00:00,2017-10-31T23:59:59+00:00,2017-10-31T23:59:59+00:00,MW,downloaded,public_plan,25035.2,10736.8,,False
eia-capacity:2017-10:2018,eia:860m,https://www.eia.gov/electricity/data/eia860m/archive/xls/october_generator2017.xlsx,grid:planned-capacity,2017-10,2017-10-31T23:59:59+00:00,2017-10-31T23:59:59+00:00,2017-10-31T23:59:59+00:00,MW,downloaded,public_plan,32086.2,32811.9,,False
eia-capacity:2017-10:2019,eia:860m,https://www.eia.gov/electricity/data/eia860m/archive/xls/october_generator2017.xlsx,grid:planned-capacity,2017-10,2017-10-31T23:59:59+00:00,2017-10-31T23:59:59+00:00,2017-10-31T23:59:59+00:00,MW,downloaded,public_plan,17537.2,25567.2,,False
eia-capacity:2017-10:2020,eia:860m,https://www.eia.gov/electricity/data/eia860m/archive/xls/october_generator2017.xlsx,grid:planned-capacity,2017-10,2017-10-31T23:59:59+00:00,2017-10-31T23:59:59+00:00,2017-10-31T23:59:59+00:00,MW,downloaded,public_plan,11323.9,24537.9,,False
eia-capacity:2017-10:2021,eia:860m,https://www.eia.gov/electricity/data/eia860m/archive/xls/october_generator2017.xlsx,grid:planned-capacity,2017-10,2017-10-31T23:59:59+00:00,2017-10-31T23:59:59+00:00,2017-10-31T23:59:59+00:00,MW,downloaded,public_plan,1229.0,7796.7,,False
eia-capacity:2017-10:2022,eia:860m,https://www.eia.gov/electricity/data/eia860m/archive/xls/october_generator2017.xlsx,grid:planned-capacity,2017-10,2017-10-31T23:59:59+00:00,2017-10-31T23:59:59+00:00,2017-10-31T23:59:59+00:00,MW,downloaded,public_plan,2243.2,2943.4,,False
eia-capacity:2017-10:2023,eia:860m,https://www.eia.gov/electricity/data/eia860m/archive/xls/october_generator2017.xlsx,grid:planned-capacity,2017-10,2017-10-31T23:59:59+00:00,2017-10-31T23:59:59+00:00,2017-10-31T23:59:59+00:00,MW,downloaded,public_plan,1214.0,815.5,,False
eia-capacity:2017-11:2017,eia:860m,https://www.eia.gov/electricity/data/eia860m/archive/xls/november_generator2017.xlsx,grid:planned-capacity,2017-11,2017-11-30T23:59:59+00:00,2017-11-30T23:59:59+00:00,2017-11-30T23:59:59+00:00,MW,downloaded,public_plan,24566.8,7405.6,,False
eia-capacity:2017-11:2018,eia:860m,https://www.eia.gov/electricity/data/eia860m/archive/xls/november_generator2017.xlsx,grid:planned-capacity,2017-11,2017-11-30T23:59:59+00:00,2017-11-30T23:59:59+00:00,2017-11-30T23:59:59+00:00,MW,downloaded,public_plan,32166.1,34306.3,,False
eia-capacity:2017-11:2019,eia:860m,https://www.eia.gov/electricity/data/eia860m/archive/xls/november_generator2017.xlsx,grid:planned-capacity,2017-11,2017-11-30T23:59:59+00:00,2017-11-30T23:59:59+00:00,2017-11-30T23:59:59+00:00,MW,downloaded,public_plan,17537.2,25847.6,,False
eia-capacity:2017-11:2020,eia:860m,https://www.eia.gov/electricity/data/eia860m/archive/xls/november_generator2017.xlsx,grid:planned-capacity,2017-11,2017-11-30T23:59:59+00:00,2017-11-30T23:59:59+00:00,2017-11-30T23:59:59+00:00,MW,downloaded,public_plan,11323.9,23847.8,,False
eia-capacity:2017-11:2021,eia:860m,https://www.eia.gov/electricity/data/eia860m/archive/xls/november_generator2017.xlsx,grid:planned-capacity,2017-11,2017-11-30T23:59:59+00:00,2017-11-30T23:59:59+00:00,2017-11-30T23:59:59+00:00,MW,downloaded,public_plan,1229.0,9157.7,,False
eia-capacity:2017-11:2022,eia:860m,https://www.eia.gov/electricity/data/eia860m/archive/xls/november_generator2017.xlsx,grid:planned-capacity,2017-11,2017-11-30T23:59:59+00:00,2017-11-30T23:59:59+00:00,2017-11-30T23:59:59+00:00,MW,downloaded,public_plan,2243.2,2943.4,,False
eia-capacity:2017-11:2023,eia:860m,https://www.eia.gov/electricity/data/eia860m/archive/xls/november_generator2017.xlsx,grid:planned-capacity,2017-11,2017-11-30T23:59:59+00:00,2017-11-30T23:59:59+00:00,2017-11-30T23:59:59+00:00,MW,downloaded,public_plan,1214.0,815.5,,False
eia-capacity:2017-12:2018,eia:860m,https://www.eia.gov/electricity/data/eia860m/archive/xls/december_generator2017.xlsx,grid:planned-capacity,2017-12,2017-12-31T23:59:59+00:00,2017-12-31T23:59:59+00:00,2017-12-31T23:59:59+00:00,MW,downloaded,public_plan,36677.4,34888.2,,False
eia-capacity:2017-12:2019,eia:860m,https://www.eia.gov/electricity/data/eia860m/archive/xls/december_generator2017.xlsx,grid:planned-capacity,2017-12,2017-12-31T23:59:59+00:00,2017-12-31T23:59:59+00:00,2017-12-31T23:59:59+00:00,MW,downloaded,public_plan,20693.8,36154.8,,False
eia-capacity:2017-12:2020,eia:860m,https://www.eia.gov/electricity/data/eia860m/archive/xls/december_generator2017.xlsx,grid:planned-capacity,2017-12,2017-12-31T23:59:59+00:00,2017-12-31T23:59:59+00:00,2017-12-31T23:59:59+00:00,MW,downloaded,public_plan,15428.9,23827.8,,False
eia-capacity:2017-12:2021,eia:860m,https://www.eia.gov/electricity/data/eia860m/archive/xls/december_generator2017.xlsx,grid:planned-capacity,2017-12,2017-12-31T23:59:59+00:00,2017-12-31T23:59:59+00:00,2017-12-31T23:59:59+00:00,MW,downloaded,public_plan,2229.0,10655.6,,False
eia-capacity:2017-12:2022,eia:860m,https://www.eia.gov/electricity/data/eia860m/archive/xls/december_generator2017.xlsx,grid:planned-capacity,2017-12,2017-12-31T23:59:59+00:00,2017-12-31T23:59:59+00:00,2017-12-31T23:59:59+00:00,MW,downloaded,public_plan,2243.2,3250.4,,False
eia-capacity:2017-12:2023,eia:860m,https://www.eia.gov/electricity/data/eia860m/archive/xls/december_generator2017.xlsx,grid:planned-capacity,2017-12,2017-12-31T23:59:59+00:00,2017-12-31T23:59:59+00:00,2017-12-31T23:59:59+00:00,MW,downloaded,public_plan,1214.0,815.5,,False
eia-capacity:2017-12:2027,eia:860m,https://www.eia.gov/electricity/data/eia860m/archive/xls/december_generator2017.xlsx,grid:planned-capacity,2017-12,2017-12-31T23:59:59+00:00,2017-12-31T23:59:59+00:00,2017-12-31T23:59:59+00:00,MW,downloaded,public_plan,9.6,199.6,,False
eia-capacity:2018-01:2018,eia:860m,https://www.eia.gov/electricity/data/eia860m/archive/xls/january_generator2018.xlsx,grid:planned-capacity,2018-01,2018-01-31T23:59:59+00:00,2018-01-31T23:59:59+00:00,2018-01-31T23:59:59+00:00,MW,downloaded,public_plan,36308.9,32725.8,,False
eia-capacity:2018-01:2019,eia:860m,https://www.eia.gov/electricity/data/eia860m/archive/xls/january_generator2018.xlsx,grid:planned-capacity,2018-01,2018-01-31T23:59:59+00:00,2018-01-31T23:59:59+00:00,2018-01-31T23:59:59+00:00,MW,downloaded,public_plan,22084.5,24543.2,,False
eia-capacity:2018-01:2020,eia:860m,https://www.eia.gov/electricity/data/eia860m/archive/xls/january_generator2018.xlsx,grid:planned-capacity,2018-01,2018-01-31T23:59:59+00:00,2018-01-31T23:59:59+00:00,2018-01-31T23:59:59+00:00,MW,downloaded,public_plan,14565.1,25451.7,,False
eia-capacity:2018-01:2021,eia:860m,https://www.eia.gov/electricity/data/eia860m/archive/xls/january_generator2018.xlsx,grid:planned-capacity,2018-01,2018-01-31T23:59:59+00:00,2018-01-31T23:59:59+00:00,2018-01-31T23:59:59+00:00,MW,downloaded,public_plan,2229.0,11856.5,,False
eia-capacity:2018-01:2022,eia:860m,https://www.eia.gov/electricity/data/eia860m/archive/xls/january_generator2018.xlsx,grid:planned-capacity,2018-01,2018-01-31T23:59:59+00:00,2018-01-31T23:59:59+00:00,2018-01-31T23:59:59+00:00,MW,downloaded,public_plan,2243.2,2900.4,,False
eia-capacity:2018-01:2023,eia:860m,https://www.eia.gov/electricity/data/eia860m/archive/xls/january_generator2018.xlsx,grid:planned-capacity,2018-01,2018-01-31T23:59:59+00:00,2018-01-31T23:59:59+00:00,2018-01-31T23:59:59+00:00,MW,downloaded,public_plan,1229.5,815.5,,False
eia-capacity:2018-01:2027,eia:860m,https://www.eia.gov/electricity/data/eia860m/archive/xls/january_generator2018.xlsx,grid:planned-capacity,2018-01,2018-01-31T23:59:59+00:00,2018-01-31T23:59:59+00:00,2018-01-31T23:59:59+00:00,MW,downloaded,public_plan,9.6,199.6,,False
eia-capacity:2018-02:2018,eia:860m,https://www.eia.gov/electricity/data/eia860m/archive/xls/february_generator2018.xlsx,grid:planned-capacity,2018-02,2018-02-28T23:59:59+00:00,2018-02-28T23:59:59+00:00,2018-02-28T23:59:59+00:00,MW,downloaded,public_plan,42206.2,30847.1,,False
eia-capacity:2018-02:2019,eia:860m,https://www.eia.gov/electricity/data/eia860m/archive/xls/february_generator2018.xlsx,grid:planned-capacity,2018-02,2018-02-28T23:59:59+00:00,2018-02-28T23:59:59+00:00,2018-02-28T23:59:59+00:00,MW,downloaded,public_plan,24541.0,24278.6,,False
eia-capacity:2018-02:2020,eia:860m,https://www.eia.gov/electricity/data/eia860m/archive/xls/february_generator2018.xlsx,grid:planned-capacity,2018-02,2018-02-28T23:59:59+00:00,2018-02-28T23:59:59+00:00,2018-02-28T23:59:59+00:00,MW,downloaded,public_plan,17371.1,23535.1,,False
eia-capacity:2018-02:2021,eia:860m,https://www.eia.gov/electricity/data/eia860m/archive/xls/february_generator2018.xlsx,grid:planned-capacity,2018-02,2018-02-28T23:59:59+00:00,2018-02-28T23:59:59+00:00,2018-02-28T23:59:59+00:00,MW,downloaded,public_plan,2229.0,11830.1,,False
eia-capacity:2018-02:2022,eia:860m,https://www.eia.gov/electricity/data/eia860m/archive/xls/february_generator2018.xlsx,grid:planned-capacity,2018-02,2018-02-28T23:59:59+00:00,2018-02-28T23:59:59+00:00,2018-02-28T23:59:59+00:00,MW,downloaded,public_plan,2243.2,2914.4,,False
eia-capacity:2018-02:2023,eia:860m,https://www.eia.gov/electricity/data/eia860m/archive/xls/february_generator2018.xlsx,grid:planned-capacity,2018-02,2018-02-28T23:59:59+00:00,2018-02-28T23:59:59+00:00,2018-02-28T23:59:59+00:00,MW,downloaded,public_plan,1229.5,1026.0,,False
eia-capacity:2018-02:2026,eia:860m,https://www.eia.gov/electricity/data/eia860m/archive/xls/february_generator2018.xlsx,grid:planned-capacity,2018-02,2018-02-28T23:59:59+00:00,2018-02-28T23:59:59+00:00,2018-02-28T23:59:59+00:00,MW,downloaded,public_plan,380.0,380.0,,False
eia-capacity:2018-02:2027,eia:860m,https://www.eia.gov/electricity/data/eia860m/archive/xls/february_generator2018.xlsx,grid:planned-capacity,2018-02,2018-02-28T23:59:59+00:00,2018-02-28T23:59:59+00:00,2018-02-28T23:59:59+00:00,MW,downloaded,public_plan,199.6,199.6,,False
eia-capacity:2018-03:2018,eia:860m,https://www.eia.gov/electricity/data/eia860m/archive/xls/march_generator2018.xlsx,grid:planned-capacity,2018-03,2018-03-31T23:59:59+00:00,2018-03-31T23:59:59+00:00,2018-03-31T23:59:59+00:00,MW,downloaded,public_plan,40035.8,29307.1,,False
eia-capacity:2018-03:2019,eia:860m,https://www.eia.gov/electricity/data/eia860m/archive/xls/march_generator2018.xlsx,grid:planned-capacity,2018-03,2018-03-31T23:59:59+00:00,2018-03-31T23:59:59+00:00,2018-03-31T23:59:59+00:00,MW,downloaded,public_plan,23581.9,25424.1,,False
eia-capacity:2018-03:2020,eia:860m,https://www.eia.gov/electricity/data/eia860m/archive/xls/march_generator2018.xlsx,grid:planned-capacity,2018-03,2018-03-31T23:59:59+00:00,2018-03-31T23:59:59+00:00,2018-03-31T23:59:59+00:00,MW,downloaded,public_plan,19702.6,24172.7,,False
eia-capacity:2018-03:2021,eia:860m,https://www.eia.gov/electricity/data/eia860m/archive/xls/march_generator2018.xlsx,grid:planned-capacity,2018-03,2018-03-31T23:59:59+00:00,2018-03-31T23:59:59+00:00,2018-03-31T23:59:59+00:00,MW,downloaded,public_plan,4219.0,11260.1,,False
eia-capacity:2018-03:2022,eia:860m,https://www.eia.gov/electricity/data/eia860m/archive/xls/march_generator2018.xlsx,grid:planned-capacity,2018-03,2018-03-31T23:59:59+00:00,2018-03-31T23:59:59+00:00,2018-03-31T23:59:59+00:00,MW,downloaded,public_plan,2201.2,4729.4,,False
eia-capacity:2018-03:2023,eia:860m,https://www.eia.gov/electricity/data/eia860m/archive/xls/march_generator2018.xlsx,grid:planned-capacity,2018-03,2018-03-31T23:59:59+00:00,2018-03-31T23:59:59+00:00,2018-03-31T23:59:59+00:00,MW,downloaded,public_plan,1229.5,1026.0,,False
eia-capacity:2018-03:2026,eia:860m,https://www.eia.gov/electricity/data/eia860m/archive/xls/march_generator2018.xlsx,grid:planned-capacity,2018-03,2018-03-31T23:59:59+00:00,2018-03-31T23:59:59+00:00,2018-03-31T23:59:59+00:00,MW,downloaded,public_plan,380.0,380.0,,False
eia-capacity:2018-03:2027,eia:860m,https://www.eia.gov/electricity/data/eia860m/archive/xls/march_generator2018.xlsx,grid:planned-capacity,2018-03,2018-03-31T23:59:59+00:00,2018-03-31T23:59:59+00:00,2018-03-31T23:59:59+00:00,MW,downloaded,public_plan,199.6,199.6,,False
eia-capacity:2018-04:2018,eia:860m,https://www.eia.gov/electricity/data/eia860m/archive/xls/april_generator2018.xlsx,grid:planned-capacity,2018-04,2018-04-30T23:59:59+00:00,2018-04-30T23:59:59+00:00,2018-04-30T23:59:59+00:00,MW,downloaded,public_plan,41350.1,25050.6,,False
eia-capacity:2018-04:2019,eia:860m,https://www.eia.gov/electricity/data/eia860m/archive/xls/april_generator2018.xlsx,grid:planned-capacity,2018-04,2018-04-30T23:59:59+00:00,2018-04-30T23:59:59+00:00,2018-04-30T23:59:59+00:00,MW,downloaded,public_plan,23911.4,25581.1,,False
eia-capacity:2018-04:2020,eia:860m,https://www.eia.gov/electricity/data/eia860m/archive/xls/april_generator2018.xlsx,grid:planned-capacity,2018-04,2018-04-30T23:59:59+00:00,2018-04-30T23:59:59+00:00,2018-04-30T23:59:59+00:00,MW,downloaded,public_plan,20744.4,24354.5,,False
eia-capacity:2018-04:2021,eia:860m,https://www.eia.gov/electricity/data/eia860m/archive/xls/april_generator2018.xlsx,grid:planned-capacity,2018-04,2018-04-30T23:59:59+00:00,2018-04-30T23:59:59+00:00,2018-04-30T23:59:59+00:00,MW,downloaded,public_plan,6144.7,12517.2,,False
eia-capacity:2018-04:2022,eia:860m,https://www.eia.gov/electricity/data/eia860m/archive/xls/april_generator2018.xlsx,grid:planned-capacity,2018-04,2018-04-30T23:59:59+00:00,2018-04-30T23:59:59+00:00,2018-04-30T23:59:59+00:00,MW,downloaded,public_plan,3051.2,5024.9,,False
eia-capacity:2018-04:2023,eia:860m,https://www.eia.gov/electricity/data/eia860m/archive/xls/april_generator2018.xlsx,grid:planned-capacity,2018-04,2018-04-30T23:59:59+00:00,2018-04-30T23:59:59+00:00,2018-04-30T23:59:59+00:00,MW,downloaded,public_plan,1229.5,1076.0,,False
eia-capacity:2018-04:2026,eia:860m,https://www.eia.gov/electricity/data/eia860m/archive/xls/april_generator2018.xlsx,grid:planned-capacity,2018-04,2018-04-30T23:59:59+00:00,2018-04-30T23:59:59+00:00,2018-04-30T23:59:59+00:00,MW,downloaded,public_plan,380.0,380.0,,False
eia-capacity:2018-04:2027,eia:860m,https://www.eia.gov/electricity/data/eia860m/archive/xls/april_generator2018.xlsx,grid:planned-capacity,2018-04,2018-04-30T23:59:59+00:00,2018-04-30T23:59:59+00:00,2018-04-30T23:59:59+00:00,MW,downloaded,public_plan,199.6,199.6,,False
eia-capacity:2018-05:2018,eia:860m,https://www.eia.gov/electricity/data/eia860m/archive/xls/may_generator2018.xlsx,grid:planned-capacity,2018-05,2018-05-31T23:59:59+00:00,2018-05-31T23:59:59+00:00,2018-05-31T23:59:59+00:00,MW,downloaded,public_plan,33185.9,22158.0,,False
eia-capacity:2018-05:2019,eia:860m,https://www.eia.gov/electricity/data/eia860m/archive/xls/may_generator2018.xlsx,grid:planned-capacity,2018-05,2018-05-31T23:59:59+00:00,2018-05-31T23:59:59+00:00,2018-05-31T23:59:59+00:00,MW,downloaded,public_plan,23616.4,25216.7,,False
eia-capacity:2018-05:2020,eia:860m,https://www.eia.gov/electricity/data/eia860m/archive/xls/may_generator2018.xlsx,grid:planned-capacity,2018-05,2018-05-31T23:59:59+00:00,2018-05-31T23:59:59+00:00,2018-05-31T23:59:59+00:00,MW,downloaded,public_plan,21829.4,23346.5,,False
eia-capacity:2018-05:2021,eia:860m,https://www.eia.gov/electricity/data/eia860m/archive/xls/may_generator2018.xlsx,grid:planned-capacity,2018-05,2018-05-31T23:59:59+00:00,2018-05-31T23:59:59+00:00,2018-05-31T23:59:59+00:00,MW,downloaded,public_plan,7393.7,13825.2,,False
eia-capacity:2018-05:2022,eia:860m,https://www.eia.gov/electricity/data/eia860m/archive/xls/may_generator2018.xlsx,grid:planned-capacity,2018-05,2018-05-31T23:59:59+00:00,2018-05-31T23:59:59+00:00,2018-05-31T23:59:59+00:00,MW,downloaded,public_plan,2940.2,5024.9,,False
eia-capacity:2018-05:2023,eia:860m,https://www.eia.gov/electricity/data/eia860m/archive/xls/may_generator2018.xlsx,grid:planned-capacity,2018-05,2018-05-31T23:59:59+00:00,2018-05-31T23:59:59+00:00,2018-05-31T23:59:59+00:00,MW,downloaded,public_plan,815.5,1026.0,,False
eia-capacity:2018-05:2026,eia:860m,https://www.eia.gov/electricity/data/eia860m/archive/xls/may_generator2018.xlsx,grid:planned-capacity,2018-05,2018-05-31T23:59:59+00:00,2018-05-31T23:59:59+00:00,2018-05-31T23:59:59+00:00,MW,downloaded,public_plan,380.0,380.0,,False
eia-capacity:2018-05:2027,eia:860m,https://www.eia.gov/electricity/data/eia860m/archive/xls/may_generator2018.xlsx,grid:planned-capacity,2018-05,2018-05-31T23:59:59+00:00,2018-05-31T23:59:59+00:00,2018-05-31T23:59:59+00:00,MW,downloaded,public_plan,199.6,199.6,,False
eia-capacity:2018-06:2018,eia:860m,https://www.eia.gov/electricity/data/eia860m/archive/xls/june_generator2018.xlsx,grid:planned-capacity,2018-06,2018-06-30T23:59:59+00:00,2018-06-30T23:59:59+00:00,2018-06-30T23:59:59+00:00,MW,downloaded,public_plan,32697.5,20445.4,,False
eia-capacity:2018-06:2019,eia:860m,https://www.eia.gov/electricity/data/eia860m/archive/xls/june_generator2018.xlsx,grid:planned-capacity,2018-06,2018-06-30T23:59:59+00:00,2018-06-30T23:59:59+00:00,2018-06-30T23:59:59+00:00,MW,downloaded,public_plan,24282.7,22558.0,,False
eia-capacity:2018-06:2020,eia:860m,https://www.eia.gov/electricity/data/eia860m/archive/xls/june_generator2018.xlsx,grid:planned-capacity,2018-06,2018-06-30T23:59:59+00:00,2018-06-30T23:59:59+00:00,2018-06-30T23:59:59+00:00,MW,downloaded,public_plan,23053.4,23100.9,,False
eia-capacity:2018-06:2021,eia:860m,https://www.eia.gov/electricity/data/eia860m/archive/xls/june_generator2018.xlsx,grid:planned-capacity,2018-06,2018-06-30T23:59:59+00:00,2018-06-30T23:59:59+00:00,2018-06-30T23:59:59+00:00,MW,downloaded,public_plan,7393.7,17358.7,,False
eia-capacity:2018-06:2022,eia:860m,https://www.eia.gov/electricity/data/eia860m/archive/xls/june_generator2018.xlsx,grid:planned-capacity,2018-06,2018-06-30T23:59:59+00:00,2018-06-30T23:59:59+00:00,2018-06-30T23:59:59+00:00,MW,downloaded,public_plan,2940.2,5698.5,,False
eia-capacity:2018-06:2023,eia:860m,https://www.eia.gov/electricity/data/eia860m/archive/xls/june_generator2018.xlsx,grid:planned-capacity,2018-06,2018-06-30T23:59:59+00:00,2018-06-30T23:59:59+00:00,2018-06-30T23:59:59+00:00,MW,downloaded,public_plan,815.5,1026.0,,False
eia-capacity:2018-06:2026,eia:860m,https://www.eia.gov/electricity/data/eia860m/archive/xls/june_generator2018.xlsx,grid:planned-capacity,2018-06,2018-06-30T23:59:59+00:00,2018-06-30T23:59:59+00:00,2018-06-30T23:59:59+00:00,MW,downloaded,public_plan,380.0,380.0,,False
eia-capacity:2018-06:2027,eia:860m,https://www.eia.gov/electricity/data/eia860m/archive/xls/june_generator2018.xlsx,grid:planned-capacity,2018-06,2018-06-30T23:59:59+00:00,2018-06-30T23:59:59+00:00,2018-06-30T23:59:59+00:00,MW,downloaded,public_plan,199.6,199.6,,False
eia-capacity:2018-07:2018,eia:860m,https://www.eia.gov/electricity/data/eia860m/archive/xls/july_generator2018.xlsx,grid:planned-capacity,2018-07,2018-07-31T23:59:59+00:00,2018-07-31T23:59:59+00:00,2018-07-31T23:59:59+00:00,MW,downloaded,public_plan,33134.9,18960.8,,False
eia-capacity:2018-07:2019,eia:860m,https://www.eia.gov/electricity/data/eia860m/archive/xls/july_generator2018.xlsx,grid:planned-capacity,2018-07,2018-07-31T23:59:59+00:00,2018-07-31T23:59:59+00:00,2018-07-31T23:59:59+00:00,MW,downloaded,public_plan,25334.7,23405.7,,False
eia-capacity:2018-07:2020,eia:860m,https://www.eia.gov/electricity/data/eia860m/archive/xls/july_generator2018.xlsx,grid:planned-capacity,2018-07,2018-07-31T23:59:59+00:00,2018-07-31T23:59:59+00:00,2018-07-31T23:59:59+00:00,MW,downloaded,public_plan,23206.9,23460.9,,False
eia-capacity:2018-07:2021,eia:860m,https://www.eia.gov/electricity/data/eia860m/archive/xls/july_generator2018.xlsx,grid:planned-capacity,2018-07,2018-07-31T23:59:59+00:00,2018-07-31T23:59:59+00:00,2018-07-31T23:59:59+00:00,MW,downloaded,public_plan,7696.7,17718.7,,False
eia-capacity:2018-07:2022,eia:860m,https://www.eia.gov/electricity/data/eia860m/archive/xls/july_generator2018.xlsx,grid:planned-capacity,2018-07,2018-07-31T23:59:59+00:00,2018-07-31T23:59:59+00:00,2018-07-31T23:59:59+00:00,MW,downloaded,public_plan,2940.2,5698.5,,False
eia-capacity:2018-07:2023,eia:860m,https://www.eia.gov/electricity/data/eia860m/archive/xls/july_generator2018.xlsx,grid:planned-capacity,2018-07,2018-07-31T23:59:59+00:00,2018-07-31T23:59:59+00:00,2018-07-31T23:59:59+00:00,MW,downloaded,public_plan,815.5,1026.0,,False
eia-capacity:2018-07:2026,eia:860m,https://www.eia.gov/electricity/data/eia860m/archive/xls/july_generator2018.xlsx,grid:planned-capacity,2018-07,2018-07-31T23:59:59+00:00,2018-07-31T23:59:59+00:00,2018-07-31T23:59:59+00:00,MW,downloaded,public_plan,380.0,380.0,,False
eia-capacity:2018-07:2027,eia:860m,https://www.eia.gov/electricity/data/eia860m/archive/xls/july_generator2018.xlsx,grid:planned-capacity,2018-07,2018-07-31T23:59:59+00:00,2018-07-31T23:59:59+00:00,2018-07-31T23:59:59+00:00,MW,downloaded,public_plan,199.6,199.6,,False
eia-capacity:2018-08:2018,eia:860m,https://www.eia.gov/electricity/data/eia860m/archive/xls/august_generator2018.xlsx,grid:planned-capacity,2018-08,2018-08-31T23:59:59+00:00,2018-08-31T23:59:59+00:00,2018-08-31T23:59:59+00:00,MW,downloaded,public_plan,33300.1,19251.9,,False
eia-capacity:2018-08:2019,eia:860m,https://www.eia.gov/electricity/data/eia860m/archive/xls/august_generator2018.xlsx,grid:planned-capacity,2018-08,2018-08-31T23:59:59+00:00,2018-08-31T23:59:59+00:00,2018-08-31T23:59:59+00:00,MW,downloaded,public_plan,25737.4,24555.8,,False
eia-capacity:2018-08:2020,eia:860m,https://www.eia.gov/electricity/data/eia860m/archive/xls/august_generator2018.xlsx,grid:planned-capacity,2018-08,2018-08-31T23:59:59+00:00,2018-08-31T23:59:59+00:00,2018-08-31T23:59:59+00:00,MW,downloaded,public_plan,23437.9,25972.6,,False
eia-capacity:2018-08:2021,eia:860m,https://www.eia.gov/electricity/data/eia860m/archive/xls/august_generator2018.xlsx,grid:planned-capacity,2018-08,2018-08-31T23:59:59+00:00,2018-08-31T23:59:59+00:00,2018-08-31T23:59:59+00:00,MW,downloaded,public_plan,7796.7,18549.2,,False
eia-capacity:2018-08:2022,eia:860m,https://www.eia.gov/electricity/data/eia860m/archive/xls/august_generator2018.xlsx,grid:planned-capacity,2018-08,2018-08-31T23:59:59+00:00,2018-08-31T23:59:59+00:00,2018-08-31T23:59:59+00:00,MW,downloaded,public_plan,2943.4,7197.5,,False
eia-capacity:2018-08:2023,eia:860m,https://www.eia.gov/electricity/data/eia860m/archive/xls/august_generator2018.xlsx,grid:planned-capacity,2018-08,2018-08-31T23:59:59+00:00,2018-08-31T23:59:59+00:00,2018-08-31T23:59:59+00:00,MW,downloaded,public_plan,815.5,1041.0,,False
eia-capacity:2018-08:2026,eia:860m,https://www.eia.gov/electricity/data/eia860m/archive/xls/august_generator2018.xlsx,grid:planned-capacity,2018-08,2018-08-31T23:59:59+00:00,2018-08-31T23:59:59+00:00,2018-08-31T23:59:59+00:00,MW,downloaded,public_plan,380.0,400.0,,False
eia-capacity:2018-08:2027,eia:860m,https://www.eia.gov/electricity/data/eia860m/archive/xls/august_generator2018.xlsx,grid:planned-capacity,2018-08,2018-08-31T23:59:59+00:00,2018-08-31T23:59:59+00:00,2018-08-31T23:59:59+00:00,MW,downloaded,public_plan,199.6,209.6,,False
eia-capacity:2018-09:2018,eia:860m,https://www.eia.gov/electricity/data/eia860m/archive/xls/september_generator2018.xlsx,grid:planned-capacity,2018-09,2018-09-30T23:59:59+00:00,2018-09-30T23:59:59+00:00,2018-09-30T23:59:59+00:00,MW,downloaded,public_plan,32988.0,18155.5,,False
eia-capacity:2018-09:2019,eia:860m,https://www.eia.gov/electricity/data/eia860m/archive/xls/september_generator2018.xlsx,grid:planned-capacity,2018-09,2018-09-30T23:59:59+00:00,2018-09-30T23:59:59+00:00,2018-09-30T23:59:59+00:00,MW,downloaded,public_plan,24837.4,24308.8,,False
eia-capacity:2018-09:2020,eia:860m,https://www.eia.gov/electricity/data/eia860m/archive/xls/september_generator2018.xlsx,grid:planned-capacity,2018-09,2018-09-30T23:59:59+00:00,2018-09-30T23:59:59+00:00,2018-09-30T23:59:59+00:00,MW,downloaded,public_plan,24537.9,27227.5,,False
eia-capacity:2018-09:2021,eia:860m,https://www.eia.gov/electricity/data/eia860m/archive/xls/september_generator2018.xlsx,grid:planned-capacity,2018-09,2018-09-30T23:59:59+00:00,2018-09-30T23:59:59+00:00,2018-09-30T23:59:59+00:00,MW,downloaded,public_plan,7796.7,18549.2,,False
eia-capacity:2018-09:2022,eia:860m,https://www.eia.gov/electricity/data/eia860m/archive/xls/september_generator2018.xlsx,grid:planned-capacity,2018-09,2018-09-30T23:59:59+00:00,2018-09-30T23:59:59+00:00,2018-09-30T23:59:59+00:00,MW,downloaded,public_plan,2943.4,7197.5,,False
eia-capacity:2018-09:2023,eia:860m,https://www.eia.gov/electricity/data/eia860m/archive/xls/september_generator2018.xlsx,grid:planned-capacity,2018-09,2018-09-30T23:59:59+00:00,2018-09-30T23:59:59+00:00,2018-09-30T23:59:59+00:00,MW,downloaded,public_plan,815.5,1041.0,,False
eia-capacity:2018-09:2026,eia:860m,https://www.eia.gov/electricity/data/eia860m/archive/xls/september_generator2018.xlsx,grid:planned-capacity,2018-09,2018-09-30T23:59:59+00:00,2018-09-30T23:59:59+00:00,2018-09-30T23:59:59+00:00,MW,downloaded,public_plan,380.0,400.0,,False
eia-capacity:2018-09:2027,eia:860m,https://www.eia.gov/electricity/data/eia860m/archive/xls/september_generator2018.xlsx,grid:planned-capacity,2018-09,2018-09-30T23:59:59+00:00,2018-09-30T23:59:59+00:00,2018-09-30T23:59:59+00:00,MW,downloaded,public_plan,199.6,209.6,,False
eia-capacity:2018-10:2018,eia:860m,https://www.eia.gov/electricity/data/eia860m/archive/xls/october_generator2018.xlsx,grid:planned-capacity,2018-10,2018-10-31T23:59:59+00:00,2018-10-31T23:59:59+00:00,2018-10-31T23:59:59+00:00,MW,downloaded,public_plan,32811.9,14023.0,,False
eia-capacity:2018-10:2019,eia:860m,https://www.eia.gov/electricity/data/eia860m/archive/xls/october_generator2018.xlsx,grid:planned-capacity,2018-10,2018-10-31T23:59:59+00:00,2018-10-31T23:59:59+00:00,2018-10-31T23:59:59+00:00,MW,downloaded,public_plan,25567.2,24334.5,,False
eia-capacity:2018-10:2020,eia:860m,https://www.eia.gov/electricity/data/eia860m/archive/xls/october_generator2018.xlsx,grid:planned-capacity,2018-10,2018-10-31T23:59:59+00:00,2018-10-31T23:59:59+00:00,2018-10-31T23:59:59+00:00,MW,downloaded,public_plan,24537.9,29610.5,,False
eia-capacity:2018-10:2021,eia:860m,https://www.eia.gov/electricity/data/eia860m/archive/xls/october_generator2018.xlsx,grid:planned-capacity,2018-10,2018-10-31T23:59:59+00:00,2018-10-31T23:59:59+00:00,2018-10-31T23:59:59+00:00,MW,downloaded,public_plan,7796.7,18629.2,,False
eia-capacity:2018-10:2022,eia:860m,https://www.eia.gov/electricity/data/eia860m/archive/xls/october_generator2018.xlsx,grid:planned-capacity,2018-10,2018-10-31T23:59:59+00:00,2018-10-31T23:59:59+00:00,2018-10-31T23:59:59+00:00,MW,downloaded,public_plan,2943.4,7397.5,,False
eia-capacity:2018-10:2023,eia:860m,https://www.eia.gov/electricity/data/eia860m/archive/xls/october_generator2018.xlsx,grid:planned-capacity,2018-10,2018-10-31T23:59:59+00:00,2018-10-31T23:59:59+00:00,2018-10-31T23:59:59+00:00,MW,downloaded,public_plan,815.5,1041.0,,False
eia-capacity:2018-10:2026,eia:860m,https://www.eia.gov/electricity/data/eia860m/archive/xls/october_generator2018.xlsx,grid:planned-capacity,2018-10,2018-10-31T23:59:59+00:00,2018-10-31T23:59:59+00:00,2018-10-31T23:59:59+00:00,MW,downloaded,public_plan,380.0,400.0,,False
eia-capacity:2018-10:2027,eia:860m,https://www.eia.gov/electricity/data/eia860m/archive/xls/october_generator2018.xlsx,grid:planned-capacity,2018-10,2018-10-31T23:59:59+00:00,2018-10-31T23:59:59+00:00,2018-10-31T23:59:59+00:00,MW,downloaded,public_plan,199.6,209.6,,False
eia-capacity:2018-11:2018,eia:860m,https://www.eia.gov/electricity/data/eia860m/archive/xls/november_generator2018.xlsx,grid:planned-capacity,2018-11,2018-11-30T23:59:59+00:00,2018-11-30T23:59:59+00:00,2018-11-30T23:59:59+00:00,MW,downloaded,public_plan,34306.3,10263.8,,False
eia-capacity:2018-11:2019,eia:860m,https://www.eia.gov/electricity/data/eia860m/archive/xls/november_generator2018.xlsx,grid:planned-capacity,2018-11,2018-11-30T23:59:59+00:00,2018-11-30T23:59:59+00:00,2018-11-30T23:59:59+00:00,MW,downloaded,public_plan,25847.6,26415.5,,False
eia-capacity:2018-11:2020,eia:860m,https://www.eia.gov/electricity/data/eia860m/archive/xls/november_generator2018.xlsx,grid:planned-capacity,2018-11,2018-11-30T23:59:59+00:00,2018-11-30T23:59:59+00:00,2018-11-30T23:59:59+00:00,MW,downloaded,public_plan,23847.8,30395.4,,False
eia-capacity:2018-11:2021,eia:860m,https://www.eia.gov/electricity/data/eia860m/archive/xls/november_generator2018.xlsx,grid:planned-capacity,2018-11,2018-11-30T23:59:59+00:00,2018-11-30T23:59:59+00:00,2018-11-30T23:59:59+00:00,MW,downloaded,public_plan,9157.7,19177.8,,False
eia-capacity:2018-11:2022,eia:860m,https://www.eia.gov/electricity/data/eia860m/archive/xls/november_generator2018.xlsx,grid:planned-capacity,2018-11,2018-11-30T23:59:59+00:00,2018-11-30T23:59:59+00:00,2018-11-30T23:59:59+00:00,MW,downloaded,public_plan,2943.4,8981.4,,False
eia-capacity:2018-11:2023,eia:860m,https://www.eia.gov/electricity/data/eia860m/archive/xls/november_generator2018.xlsx,grid:planned-capacity,2018-11,2018-11-30T23:59:59+00:00,2018-11-30T23:59:59+00:00,2018-11-30T23:59:59+00:00,MW,downloaded,public_plan,815.5,1041.0,,False
eia-capacity:2018-11:2026,eia:860m,https://www.eia.gov/electricity/data/eia860m/archive/xls/november_generator2018.xlsx,grid:planned-capacity,2018-11,2018-11-30T23:59:59+00:00,2018-11-30T23:59:59+00:00,2018-11-30T23:59:59+00:00,MW,downloaded,public_plan,380.0,400.0,,False
eia-capacity:2018-11:2027,eia:860m,https://www.eia.gov/electricity/data/eia860m/archive/xls/november_generator2018.xlsx,grid:planned-capacity,2018-11,2018-11-30T23:59:59+00:00,2018-11-30T23:59:59+00:00,2018-11-30T23:59:59+00:00,MW,downloaded,public_plan,199.6,209.6,,False
eia-capacity:2018-12:2019,eia:860m,https://www.eia.gov/electricity/data/eia860m/archive/xls/december_generator2018.xlsx,grid:planned-capacity,2018-12,2018-12-31T23:59:59+00:00,2018-12-31T23:59:59+00:00,2018-12-31T23:59:59+00:00,MW,downloaded,public_plan,36154.8,24734.5,,False
eia-capacity:2018-12:2020,eia:860m,https://www.eia.gov/electricity/data/eia860m/archive/xls/december_generator2018.xlsx,grid:planned-capacity,2018-12,2018-12-31T23:59:59+00:00,2018-12-31T23:59:59+00:00,2018-12-31T23:59:59+00:00,MW,downloaded,public_plan,23827.8,31591.4,,False
eia-capacity:2018-12:2021,eia:860m,https://www.eia.gov/electricity/data/eia860m/archive/xls/december_generator2018.xlsx,grid:planned-capacity,2018-12,2018-12-31T23:59:59+00:00,2018-12-31T23:59:59+00:00,2018-12-31T23:59:59+00:00,MW,downloaded,public_plan,10655.6,19339.4,,False
eia-capacity:2018-12:2022,eia:860m,https://www.eia.gov/electricity/data/eia860m/archive/xls/december_generator2018.xlsx,grid:planned-capacity,2018-12,2018-12-31T23:59:59+00:00,2018-12-31T23:59:59+00:00,2018-12-31T23:59:59+00:00,MW,downloaded,public_plan,3250.4,10517.1,,False
eia-capacity:2018-12:2023,eia:860m,https://www.eia.gov/electricity/data/eia860m/archive/xls/december_generator2018.xlsx,grid:planned-capacity,2018-12,2018-12-31T23:59:59+00:00,2018-12-31T23:59:59+00:00,2018-12-31T23:59:59+00:00,MW,downloaded,public_plan,815.5,1876.0,,False
eia-capacity:2018-12:2025,eia:860m,https://www.eia.gov/electricity/data/eia860m/archive/xls/december_generator2018.xlsx,grid:planned-capacity,2018-12,2018-12-31T23:59:59+00:00,2018-12-31T23:59:59+00:00,2018-12-31T23:59:59+00:00,MW,downloaded,public_plan,858.0,1623.0,,False
eia-capacity:2018-12:2026,eia:860m,https://www.eia.gov/electricity/data/eia860m/archive/xls/december_generator2018.xlsx,grid:planned-capacity,2018-12,2018-12-31T23:59:59+00:00,2018-12-31T23:59:59+00:00,2018-12-31T23:59:59+00:00,MW,downloaded,public_plan,380.0,400.0,,False
eia-capacity:2018-12:2027,eia:860m,https://www.eia.gov/electricity/data/eia860m/archive/xls/december_generator2018.xlsx,grid:planned-capacity,2018-12,2018-12-31T23:59:59+00:00,2018-12-31T23:59:59+00:00,2018-12-31T23:59:59+00:00,MW,downloaded,public_plan,199.6,209.6,,False
eia-capacity:2019-01:2019,eia:860m,https://www.eia.gov/electricity/data/eia860m/archive/xls/january_generator2019.xlsx,grid:planned-capacity,2019-01,2019-01-31T23:59:59+00:00,2019-01-31T23:59:59+00:00,2019-01-31T23:59:59+00:00,MW,downloaded,public_plan,24543.2,24868.3,,False
eia-capacity:2019-01:2020,eia:860m,https://www.eia.gov/electricity/data/eia860m/archive/xls/january_generator2019.xlsx,grid:planned-capacity,2019-01,2019-01-31T23:59:59+00:00,2019-01-31T23:59:59+00:00,2019-01-31T23:59:59+00:00,MW,downloaded,public_plan,25451.7,28752.6,,False
eia-capacity:2019-01:2021,eia:860m,https://www.eia.gov/electricity/data/eia860m/archive/xls/january_generator2019.xlsx,grid:planned-capacity,2019-01,2019-01-31T23:59:59+00:00,2019-01-31T23:59:59+00:00,2019-01-31T23:59:59+00:00,MW,downloaded,public_plan,11856.5,20528.6,,False
eia-capacity:2019-01:2022,eia:860m,https://www.eia.gov/electricity/data/eia860m/archive/xls/january_generator2019.xlsx,grid:planned-capacity,2019-01,2019-01-31T23:59:59+00:00,2019-01-31T23:59:59+00:00,2019-01-31T23:59:59+00:00,MW,downloaded,public_plan,2900.4,11206.6,,False
eia-capacity:2019-01:2023,eia:860m,https://www.eia.gov/electricity/data/eia860m/archive/xls/january_generator2019.xlsx,grid:planned-capacity,2019-01,2019-01-31T23:59:59+00:00,2019-01-31T23:59:59+00:00,2019-01-31T23:59:59+00:00,MW,downloaded,public_plan,815.5,2164.0,,False
eia-capacity:2019-01:2025,eia:860m,https://www.eia.gov/electricity/data/eia860m/archive/xls/january_generator2019.xlsx,grid:planned-capacity,2019-01,2019-01-31T23:59:59+00:00,2019-01-31T23:59:59+00:00,2019-01-31T23:59:59+00:00,MW,downloaded,public_plan,858.0,1623.0,,False
eia-capacity:2019-01:2026,eia:860m,https://www.eia.gov/electricity/data/eia860m/archive/xls/january_generator2019.xlsx,grid:planned-capacity,2019-01,2019-01-31T23:59:59+00:00,2019-01-31T23:59:59+00:00,2019-01-31T23:59:59+00:00,MW,downloaded,public_plan,380.0,400.0,,False
eia-capacity:2019-01:2027,eia:860m,https://www.eia.gov/electricity/data/eia860m/archive/xls/january_generator2019.xlsx,grid:planned-capacity,2019-01,2019-01-31T23:59:59+00:00,2019-01-31T23:59:59+00:00,2019-01-31T23:59:59+00:00,MW,downloaded,public_plan,199.6,209.6,,False
eia-capacity:2019-02:2019,eia:860m,https://www.eia.gov/electricity/data/eia860m/archive/xls/february_generator2019.xlsx,grid:planned-capacity,2019-02,2019-02-28T23:59:59+00:00,2019-02-28T23:59:59+00:00,2019-02-28T23:59:59+00:00,MW,downloaded,public_plan,24278.6,25601.2,,False
eia-capacity:2019-02:2020,eia:860m,https://www.eia.gov/electricity/data/eia860m/archive/xls/february_generator2019.xlsx,grid:planned-capacity,2019-02,2019-02-28T23:59:59+00:00,2019-02-28T23:59:59+00:00,2019-02-28T23:59:59+00:00,MW,downloaded,public_plan,23535.1,30930.7,,False
eia-capacity:2019-02:2021,eia:860m,https://www.eia.gov/electricity/data/eia860m/archive/xls/february_generator2019.xlsx,grid:planned-capacity,2019-02,2019-02-28T23:59:59+00:00,2019-02-28T23:59:59+00:00,2019-02-28T23:59:59+00:00,MW,downloaded,public_plan,11830.1,21301.1,,False
eia-capacity:2019-02:2022,eia:860m,https://www.eia.gov/electricity/data/eia860m/archive/xls/february_generator2019.xlsx,grid:planned-capacity,2019-02,2019-02-28T23:59:59+00:00,2019-02-28T23:59:59+00:00,2019-02-28T23:59:59+00:00,MW,downloaded,public_plan,2914.4,11296.6,,False
eia-capacity:2019-02:2023,eia:860m,https://www.eia.gov/electricity/data/eia860m/archive/xls/february_generator2019.xlsx,grid:planned-capacity,2019-02,2019-02-28T23:59:59+00:00,2019-02-28T23:59:59+00:00,2019-02-28T23:59:59+00:00,MW,downloaded,public_plan,1026.0,2164.0,,False
eia-capacity:2019-02:2024,eia:860m,https://www.eia.gov/electricity/data/eia860m/archive/xls/february_generator2019.xlsx,grid:planned-capacity,2019-02,2019-02-28T23:59:59+00:00,2019-02-28T23:59:59+00:00,2019-02-28T23:59:59+00:00,MW,downloaded,public_plan,1413.5,2282.7,,False
eia-capacity:2019-02:2025,eia:860m,https://www.eia.gov/electricity/data/eia860m/archive/xls/february_generator2019.xlsx,grid:planned-capacity,2019-02,2019-02-28T23:59:59+00:00,2019-02-28T23:59:59+00:00,2019-02-28T23:59:59+00:00,MW,downloaded,public_plan,1536.0,1623.0,,False
eia-capacity:2019-02:2026,eia:860m,https://www.eia.gov/electricity/data/eia860m/archive/xls/february_generator2019.xlsx,grid:planned-capacity,2019-02,2019-02-28T23:59:59+00:00,2019-02-28T23:59:59+00:00,2019-02-28T23:59:59+00:00,MW,downloaded,public_plan,380.0,400.0,,False
eia-capacity:2019-02:2027,eia:860m,https://www.eia.gov/electricity/data/eia860m/archive/xls/february_generator2019.xlsx,grid:planned-capacity,2019-02,2019-02-28T23:59:59+00:00,2019-02-28T23:59:59+00:00,2019-02-28T23:59:59+00:00,MW,downloaded,public_plan,199.6,209.6,,False
eia-capacity:2019-03:2019,eia:860m,https://www.eia.gov/electricity/data/eia860m/archive/xls/march_generator2019.xlsx,grid:planned-capacity,2019-03,2019-03-31T23:59:59+00:00,2019-03-31T23:59:59+00:00,2019-03-31T23:59:59+00:00,MW,downloaded,public_plan,25424.1,21951.2,,False
eia-capacity:2019-03:2020,eia:860m,https://www.eia.gov/electricity/data/eia860m/archive/xls/march_generator2019.xlsx,grid:planned-capacity,2019-03,2019-03-31T23:59:59+00:00,2019-03-31T23:59:59+00:00,2019-03-31T23:59:59+00:00,MW,downloaded,public_plan,24172.7,30784.9,,False
eia-capacity:2019-03:2021,eia:860m,https://www.eia.gov/electricity/data/eia860m/archive/xls/march_generator2019.xlsx,grid:planned-capacity,2019-03,2019-03-31T23:59:59+00:00,2019-03-31T23:59:59+00:00,2019-03-31T23:59:59+00:00,MW,downloaded,public_plan,11260.1,21010.3,,False
eia-capacity:2019-03:2022,eia:860m,https://www.eia.gov/electricity/data/eia860m/archive/xls/march_generator2019.xlsx,grid:planned-capacity,2019-03,2019-03-31T23:59:59+00:00,2019-03-31T23:59:59+00:00,2019-03-31T23:59:59+00:00,MW,downloaded,public_plan,4729.4,11039.1,,False
eia-capacity:2019-03:2023,eia:860m,https://www.eia.gov/electricity/data/eia860m/archive/xls/march_generator2019.xlsx,grid:planned-capacity,2019-03,2019-03-31T23:59:59+00:00,2019-03-31T23:59:59+00:00,2019-03-31T23:59:59+00:00,MW,downloaded,public_plan,1026.0,1914.0,,False
eia-capacity:2019-03:2024,eia:860m,https://www.eia.gov/electricity/data/eia860m/archive/xls/march_generator2019.xlsx,grid:planned-capacity,2019-03,2019-03-31T23:59:59+00:00,2019-03-31T23:59:59+00:00,2019-03-31T23:59:59+00:00,MW,downloaded,public_plan,1413.5,2382.7,,False
eia-capacity:2019-03:2025,eia:860m,https://www.eia.gov/electricity/data/eia860m/archive/xls/march_generator2019.xlsx,grid:planned-capacity,2019-03,2019-03-31T23:59:59+00:00,2019-03-31T23:59:59+00:00,2019-03-31T23:59:59+00:00,MW,downloaded,public_plan,1536.0,2373.0,,False
eia-capacity:2019-03:2026,eia:860m,https://www.eia.gov/electricity/data/eia860m/archive/xls/march_generator2019.xlsx,grid:planned-capacity,2019-03,2019-03-31T23:59:59+00:00,2019-03-31T23:59:59+00:00,2019-03-31T23:59:59+00:00,MW,downloaded,public_plan,380.0,1150.0,,False
eia-capacity:2019-03:2027,eia:860m,https://www.eia.gov/electricity/data/eia860m/archive/xls/march_generator2019.xlsx,grid:planned-capacity,2019-03,2019-03-31T23:59:59+00:00,2019-03-31T23:59:59+00:00,2019-03-31T23:59:59+00:00,MW,downloaded,public_plan,199.6,209.6,,False
eia-capacity:2019-04:2019,eia:860m,https://www.eia.gov/electricity/data/eia860m/archive/xls/april_generator2019.xlsx,grid:planned-capacity,2019-04,2019-04-30T23:59:59+00:00,2019-04-30T23:59:59+00:00,2019-04-30T23:59:59+00:00,MW,downloaded,public_plan,25581.1,21272.2,,False
eia-capacity:2019-04:2020,eia:860m,https://www.eia.gov/electricity/data/eia860m/archive/xls/april_generator2019.xlsx,grid:planned-capacity,2019-04,2019-04-30T23:59:59+00:00,2019-04-30T23:59:59+00:00,2019-04-30T23:59:59+00:00,MW,downloaded,public_plan,24354.5,32206.1,,False
eia-capacity:2019-04:2021,eia:860m,https://www.eia.gov/electricity/data/eia860m/archive/xls/april_generator2019.xlsx,grid:planned-capacity,2019-04,2019-04-30T23:59:59+00:00,2019-04-30T23:59:59+00:00,2019-04-30T23:59:59+00:00,MW,downloaded,public_plan,12517.2,20946.8,,False
eia-capacity:2019-04:2022,eia:860m,https://www.eia.gov/electricity/data/eia860m/archive/xls/april_generator2019.xlsx,grid:planned-capacity,2019-04,2019-04-30T23:59:59+00:00,2019-04-30T23:59:59+00:00,2019-04-30T23:59:59+00:00,MW,downloaded,public_plan,5024.9,11040.3,,False
eia-capacity:2019-04:2023,eia:860m,https://www.eia.gov/electricity/data/eia860m/archive/xls/april_generator2019.xlsx,grid:planned-capacity,2019-04,2019-04-30T23:59:59+00:00,2019-04-30T23:59:59+00:00,2019-04-30T23:59:59+00:00,MW,downloaded,public_plan,1076.0,1914.0,,False
eia-capacity:2019-04:2024,eia:860m,https://www.eia.gov/electricity/data/eia860m/archive/xls/april_generator2019.xlsx,grid:planned-capacity,2019-04,2019-04-30T23:59:59+00:00,2019-04-30T23:59:59+00:00,2019-04-30T23:59:59+00:00,MW,downloaded,public_plan,1413.5,2382.7,,False
eia-capacity:2019-04:2025,eia:860m,https://www.eia.gov/electricity/data/eia860m/archive/xls/april_generator2019.xlsx,grid:planned-capacity,2019-04,2019-04-30T23:59:59+00:00,2019-04-30T23:59:59+00:00,2019-04-30T23:59:59+00:00,MW,downloaded,public_plan,1536.0,2373.0,,False
eia-capacity:2019-04:2026,eia:860m,https://www.eia.gov/electricity/data/eia860m/archive/xls/april_generator2019.xlsx,grid:planned-capacity,2019-04,2019-04-30T23:59:59+00:00,2019-04-30T23:59:59+00:00,2019-04-30T23:59:59+00:00,MW,downloaded,public_plan,380.0,1150.0,,False
eia-capacity:2019-04:2027,eia:860m,https://www.eia.gov/electricity/data/eia860m/archive/xls/april_generator2019.xlsx,grid:planned-capacity,2019-04,2019-04-30T23:59:59+00:00,2019-04-30T23:59:59+00:00,2019-04-30T23:59:59+00:00,MW,downloaded,public_plan,199.6,209.6,,False
eia-capacity:2019-05:2019,eia:860m,https://www.eia.gov/electricity/data/eia860m/archive/xls/may_generator2019.xlsx,grid:planned-capacity,2019-05,2019-05-31T23:59:59+00:00,2019-05-31T23:59:59+00:00,2019-05-31T23:59:59+00:00,MW,downloaded,public_plan,25216.7,18386.5,,False
eia-capacity:2019-05:2020,eia:860m,https://www.eia.gov/electricity/data/eia860m/archive/xls/may_generator2019.xlsx,grid:planned-capacity,2019-05,2019-05-31T23:59:59+00:00,2019-05-31T23:59:59+00:00,2019-05-31T23:59:59+00:00,MW,downloaded,public_plan,23346.5,34483.1,,False
eia-capacity:2019-05:2021,eia:860m,https://www.eia.gov/electricity/data/eia860m/archive/xls/may_generator2019.xlsx,grid:planned-capacity,2019-05,2019-05-31T23:59:59+00:00,2019-05-31T23:59:59+00:00,2019-05-31T23:59:59+00:00,MW,downloaded,public_plan,13825.2,22056.3,,False
eia-capacity:2019-05:2022,eia:860m,https://www.eia.gov/electricity/data/eia860m/archive/xls/may_generator2019.xlsx,grid:planned-capacity,2019-05,2019-05-31T23:59:59+00:00,2019-05-31T23:59:59+00:00,2019-05-31T23:59:59+00:00,MW,downloaded,public_plan,5024.9,11340.3,,False
eia-capacity:2019-05:2023,eia:860m,https://www.eia.gov/electricity/data/eia860m/archive/xls/may_generator2019.xlsx,grid:planned-capacity,2019-05,2019-05-31T23:59:59+00:00,2019-05-31T23:59:59+00:00,2019-05-31T23:59:59+00:00,MW,downloaded,public_plan,1026.0,1864.0,,False
eia-capacity:2019-05:2024,eia:860m,https://www.eia.gov/electricity/data/eia860m/archive/xls/may_generator2019.xlsx,grid:planned-capacity,2019-05,2019-05-31T23:59:59+00:00,2019-05-31T23:59:59+00:00,2019-05-31T23:59:59+00:00,MW,downloaded,public_plan,1413.5,2382.7,,False
eia-capacity:2019-05:2025,eia:860m,https://www.eia.gov/electricity/data/eia860m/archive/xls/may_generator2019.xlsx,grid:planned-capacity,2019-05,2019-05-31T23:59:59+00:00,2019-05-31T23:59:59+00:00,2019-05-31T23:59:59+00:00,MW,downloaded,public_plan,1536.0,2373.0,,False
eia-capacity:2019-05:2026,eia:860m,https://www.eia.gov/electricity/data/eia860m/archive/xls/may_generator2019.xlsx,grid:planned-capacity,2019-05,2019-05-31T23:59:59+00:00,2019-05-31T23:59:59+00:00,2019-05-31T23:59:59+00:00,MW,downloaded,public_plan,380.0,1150.0,,False
eia-capacity:2019-05:2027,eia:860m,https://www.eia.gov/electricity/data/eia860m/archive/xls/may_generator2019.xlsx,grid:planned-capacity,2019-05,2019-05-31T23:59:59+00:00,2019-05-31T23:59:59+00:00,2019-05-31T23:59:59+00:00,MW,downloaded,public_plan,199.6,209.6,,False
eia-capacity:2019-06:2019,eia:860m,https://www.eia.gov/electricity/data/eia860m/archive/xls/june_generator2019.xlsx,grid:planned-capacity,2019-06,2019-06-30T23:59:59+00:00,2019-06-30T23:59:59+00:00,2019-06-30T23:59:59+00:00,MW,downloaded,public_plan,22558.0,15566.4,,False
eia-capacity:2019-06:2020,eia:860m,https://www.eia.gov/electricity/data/eia860m/archive/xls/june_generator2019.xlsx,grid:planned-capacity,2019-06,2019-06-30T23:59:59+00:00,2019-06-30T23:59:59+00:00,2019-06-30T23:59:59+00:00,MW,downloaded,public_plan,23100.9,36761.7,,False
eia-capacity:2019-06:2021,eia:860m,https://www.eia.gov/electricity/data/eia860m/archive/xls/june_generator2019.xlsx,grid:planned-capacity,2019-06,2019-06-30T23:59:59+00:00,2019-06-30T23:59:59+00:00,2019-06-30T23:59:59+00:00,MW,downloaded,public_plan,17358.7,24374.3,,False
eia-capacity:2019-06:2022,eia:860m,https://www.eia.gov/electricity/data/eia860m/archive/xls/june_generator2019.xlsx,grid:planned-capacity,2019-06,2019-06-30T23:59:59+00:00,2019-06-30T23:59:59+00:00,2019-06-30T23:59:59+00:00,MW,downloaded,public_plan,5698.5,13341.3,,False
eia-capacity:2019-06:2023,eia:860m,https://www.eia.gov/electricity/data/eia860m/archive/xls/june_generator2019.xlsx,grid:planned-capacity,2019-06,2019-06-30T23:59:59+00:00,2019-06-30T23:59:59+00:00,2019-06-30T23:59:59+00:00,MW,downloaded,public_plan,1026.0,2614.0,,False
eia-capacity:2019-06:2024,eia:860m,https://www.eia.gov/electricity/data/eia860m/archive/xls/june_generator2019.xlsx,grid:planned-capacity,2019-06,2019-06-30T23:59:59+00:00,2019-06-30T23:59:59+00:00,2019-06-30T23:59:59+00:00,MW,downloaded,public_plan,1413.5,2382.7,,False
eia-capacity:2019-06:2025,eia:860m,https://www.eia.gov/electricity/data/eia860m/archive/xls/june_generator2019.xlsx,grid:planned-capacity,2019-06,2019-06-30T23:59:59+00:00,2019-06-30T23:59:59+00:00,2019-06-30T23:59:59+00:00,MW,downloaded,public_plan,1536.0,2373.0,,False
eia-capacity:2019-06:2026,eia:860m,https://www.eia.gov/electricity/data/eia860m/archive/xls/june_generator2019.xlsx,grid:planned-capacity,2019-06,2019-06-30T23:59:59+00:00,2019-06-30T23:59:59+00:00,2019-06-30T23:59:59+00:00,MW,downloaded,public_plan,380.0,1150.0,,False
eia-capacity:2019-06:2027,eia:860m,https://www.eia.gov/electricity/data/eia860m/archive/xls/june_generator2019.xlsx,grid:planned-capacity,2019-06,2019-06-30T23:59:59+00:00,2019-06-30T23:59:59+00:00,2019-06-30T23:59:59+00:00,MW,downloaded,public_plan,199.6,209.6,,False
eia-capacity:2019-07:2019,eia:860m,https://www.eia.gov/electricity/data/eia860m/archive/xls/july_generator2019.xlsx,grid:planned-capacity,2019-07,2019-07-31T23:59:59+00:00,2019-07-31T23:59:59+00:00,2019-07-31T23:59:59+00:00,MW,downloaded,public_plan,23405.7,14539.9,,False
eia-capacity:2019-07:2020,eia:860m,https://www.eia.gov/electricity/data/eia860m/archive/xls/july_generator2019.xlsx,grid:planned-capacity,2019-07,2019-07-31T23:59:59+00:00,2019-07-31T23:59:59+00:00,2019-07-31T23:59:59+00:00,MW,downloaded,public_plan,23460.9,38086.0,,False
eia-capacity:2019-07:2021,eia:860m,https://www.eia.gov/electricity/data/eia860m/archive/xls/july_generator2019.xlsx,grid:planned-capacity,2019-07,2019-07-31T23:59:59+00:00,2019-07-31T23:59:59+00:00,2019-07-31T23:59:59+00:00,MW,downloaded,public_plan,17718.7,24804.8,,False
eia-capacity:2019-07:2022,eia:860m,https://www.eia.gov/electricity/data/eia860m/archive/xls/july_generator2019.xlsx,grid:planned-capacity,2019-07,2019-07-31T23:59:59+00:00,2019-07-31T23:59:59+00:00,2019-07-31T23:59:59+00:00,MW,downloaded,public_plan,5698.5,14616.3,,False
eia-capacity:2019-07:2023,eia:860m,https://www.eia.gov/electricity/data/eia860m/archive/xls/july_generator2019.xlsx,grid:planned-capacity,2019-07,2019-07-31T23:59:59+00:00,2019-07-31T23:59:59+00:00,2019-07-31T23:59:59+00:00,MW,downloaded,public_plan,1026.0,2614.0,,False
eia-capacity:2019-07:2024,eia:860m,https://www.eia.gov/electricity/data/eia860m/archive/xls/july_generator2019.xlsx,grid:planned-capacity,2019-07,2019-07-31T23:59:59+00:00,2019-07-31T23:59:59+00:00,2019-07-31T23:59:59+00:00,MW,downloaded,public_plan,1413.5,2382.7,,False
eia-capacity:2019-07:2025,eia:860m,https://www.eia.gov/electricity/data/eia860m/archive/xls/july_generator2019.xlsx,grid:planned-capacity,2019-07,2019-07-31T23:59:59+00:00,2019-07-31T23:59:59+00:00,2019-07-31T23:59:59+00:00,MW,downloaded,public_plan,1536.0,2373.0,,False
eia-capacity:2019-07:2026,eia:860m,https://www.eia.gov/electricity/data/eia860m/archive/xls/july_generator2019.xlsx,grid:planned-capacity,2019-07,2019-07-31T23:59:59+00:00,2019-07-31T23:59:59+00:00,2019-07-31T23:59:59+00:00,MW,downloaded,public_plan,380.0,1150.0,,False
eia-capacity:2019-07:2027,eia:860m,https://www.eia.gov/electricity/data/eia860m/archive/xls/july_generator2019.xlsx,grid:planned-capacity,2019-07,2019-07-31T23:59:59+00:00,2019-07-31T23:59:59+00:00,2019-07-31T23:59:59+00:00,MW,downloaded,public_plan,199.6,209.6,,False
eia-capacity:2019-08:2019,eia:860m,https://www.eia.gov/electricity/data/eia860m/archive/xls/august_generator2019.xlsx,grid:planned-capacity,2019-08,2019-08-31T23:59:59+00:00,2019-08-31T23:59:59+00:00,2019-08-31T23:59:59+00:00,MW,downloaded,public_plan,24555.8,13839.9,,False
eia-capacity:2019-08:2020,eia:860m,https://www.eia.gov/electricity/data/eia860m/archive/xls/august_generator2019.xlsx,grid:planned-capacity,2019-08,2019-08-31T23:59:59+00:00,2019-08-31T23:59:59+00:00,2019-08-31T23:59:59+00:00,MW,downloaded,public_plan,25972.6,40380.1,,False
eia-capacity:2019-08:2021,eia:860m,https://www.eia.gov/electricity/data/eia860m/archive/xls/august_generator2019.xlsx,grid:planned-capacity,2019-08,2019-08-31T23:59:59+00:00,2019-08-31T23:59:59+00:00,2019-08-31T23:59:59+00:00,MW,downloaded,public_plan,18549.2,26314.0,,False
eia-capacity:2019-08:2022,eia:860m,https://www.eia.gov/electricity/data/eia860m/archive/xls/august_generator2019.xlsx,grid:planned-capacity,2019-08,2019-08-31T23:59:59+00:00,2019-08-31T23:59:59+00:00,2019-08-31T23:59:59+00:00,MW,downloaded,public_plan,7197.5,17041.3,,False
eia-capacity:2019-08:2023,eia:860m,https://www.eia.gov/electricity/data/eia860m/archive/xls/august_generator2019.xlsx,grid:planned-capacity,2019-08,2019-08-31T23:59:59+00:00,2019-08-31T23:59:59+00:00,2019-08-31T23:59:59+00:00,MW,downloaded,public_plan,1041.0,2614.0,,False
eia-capacity:2019-08:2024,eia:860m,https://www.eia.gov/electricity/data/eia860m/archive/xls/august_generator2019.xlsx,grid:planned-capacity,2019-08,2019-08-31T23:59:59+00:00,2019-08-31T23:59:59+00:00,2019-08-31T23:59:59+00:00,MW,downloaded,public_plan,1479.5,2382.7,,False
eia-capacity:2019-08:2025,eia:860m,https://www.eia.gov/electricity/data/eia860m/archive/xls/august_generator2019.xlsx,grid:planned-capacity,2019-08,2019-08-31T23:59:59+00:00,2019-08-31T23:59:59+00:00,2019-08-31T23:59:59+00:00,MW,downloaded,public_plan,1623.0,2373.0,,False
eia-capacity:2019-08:2026,eia:860m,https://www.eia.gov/electricity/data/eia860m/archive/xls/august_generator2019.xlsx,grid:planned-capacity,2019-08,2019-08-31T23:59:59+00:00,2019-08-31T23:59:59+00:00,2019-08-31T23:59:59+00:00,MW,downloaded,public_plan,400.0,1150.0,,False
eia-capacity:2019-08:2027,eia:860m,https://www.eia.gov/electricity/data/eia860m/archive/xls/august_generator2019.xlsx,grid:planned-capacity,2019-08,2019-08-31T23:59:59+00:00,2019-08-31T23:59:59+00:00,2019-08-31T23:59:59+00:00,MW,downloaded,public_plan,209.6,209.6,,False
eia-capacity:2019-09:2019,eia:860m,https://www.eia.gov/electricity/data/eia860m/archive/xls/september_generator2019.xlsx,grid:planned-capacity,2019-09,2019-09-30T23:59:59+00:00,2019-09-30T23:59:59+00:00,2019-09-30T23:59:59+00:00,MW,downloaded,public_plan,24308.8,13153.3,,False
eia-capacity:2019-09:2020,eia:860m,https://www.eia.gov/electricity/data/eia860m/archive/xls/september_generator2019.xlsx,grid:planned-capacity,2019-09,2019-09-30T23:59:59+00:00,2019-09-30T23:59:59+00:00,2019-09-30T23:59:59+00:00,MW,downloaded,public_plan,27227.5,42617.6,,False
eia-capacity:2019-09:2021,eia:860m,https://www.eia.gov/electricity/data/eia860m/archive/xls/september_generator2019.xlsx,grid:planned-capacity,2019-09,2019-09-30T23:59:59+00:00,2019-09-30T23:59:59+00:00,2019-09-30T23:59:59+00:00,MW,downloaded,public_plan,18549.2,26987.5,,False
eia-capacity:2019-09:2022,eia:860m,https://www.eia.gov/electricity/data/eia860m/archive/xls/september_generator2019.xlsx,grid:planned-capacity,2019-09,2019-09-30T23:59:59+00:00,2019-09-30T23:59:59+00:00,2019-09-30T23:59:59+00:00,MW,downloaded,public_plan,7197.5,19439.5,,False
eia-capacity:2019-09:2023,eia:860m,https://www.eia.gov/electricity/data/eia860m/archive/xls/september_generator2019.xlsx,grid:planned-capacity,2019-09,2019-09-30T23:59:59+00:00,2019-09-30T23:59:59+00:00,2019-09-30T23:59:59+00:00,MW,downloaded,public_plan,1041.0,3056.0,,False
eia-capacity:2019-09:2024,eia:860m,https://www.eia.gov/electricity/data/eia860m/archive/xls/september_generator2019.xlsx,grid:planned-capacity,2019-09,2019-09-30T23:59:59+00:00,2019-09-30T23:59:59+00:00,2019-09-30T23:59:59+00:00,MW,downloaded,public_plan,1479.5,2382.7,,False
eia-capacity:2019-09:2025,eia:860m,https://www.eia.gov/electricity/data/eia860m/archive/xls/september_generator2019.xlsx,grid:planned-capacity,2019-09,2019-09-30T23:59:59+00:00,2019-09-30T23:59:59+00:00,2019-09-30T23:59:59+00:00,MW,downloaded,public_plan,1623.0,2373.0,,False
eia-capacity:2019-09:2026,eia:860m,https://www.eia.gov/electricity/data/eia860m/archive/xls/september_generator2019.xlsx,grid:planned-capacity,2019-09,2019-09-30T23:59:59+00:00,2019-09-30T23:59:59+00:00,2019-09-30T23:59:59+00:00,MW,downloaded,public_plan,400.0,1150.0,,False
eia-capacity:2019-09:2027,eia:860m,https://www.eia.gov/electricity/data/eia860m/archive/xls/september_generator2019.xlsx,grid:planned-capacity,2019-09,2019-09-30T23:59:59+00:00,2019-09-30T23:59:59+00:00,2019-09-30T23:59:59+00:00,MW,downloaded,public_plan,209.6,209.6,,False
eia-capacity:2019-10:2019,eia:860m,https://www.eia.gov/electricity/data/eia860m/archive/xls/october_generator2019.xlsx,grid:planned-capacity,2019-10,2019-10-31T23:59:59+00:00,2019-10-31T23:59:59+00:00,2019-10-31T23:59:59+00:00,MW,downloaded,public_plan,24334.5,11403.8,,False
eia-capacity:2019-10:2020,eia:860m,https://www.eia.gov/electricity/data/eia860m/archive/xls/october_generator2019.xlsx,grid:planned-capacity,2019-10,2019-10-31T23:59:59+00:00,2019-10-31T23:59:59+00:00,2019-10-31T23:59:59+00:00,MW,downloaded,public_plan,29610.5,43447.6,,False
eia-capacity:2019-10:2021,eia:860m,https://www.eia.gov/electricity/data/eia860m/archive/xls/october_generator2019.xlsx,grid:planned-capacity,2019-10,2019-10-31T23:59:59+00:00,2019-10-31T23:59:59+00:00,2019-10-31T23:59:59+00:00,MW,downloaded,public_plan,18629.2,28651.0,,False
eia-capacity:2019-10:2022,eia:860m,https://www.eia.gov/electricity/data/eia860m/archive/xls/october_generator2019.xlsx,grid:planned-capacity,2019-10,2019-10-31T23:59:59+00:00,2019-10-31T23:59:59+00:00,2019-10-31T23:59:59+00:00,MW,downloaded,public_plan,7397.5,20594.5,,False
eia-capacity:2019-10:2023,eia:860m,https://www.eia.gov/electricity/data/eia860m/archive/xls/october_generator2019.xlsx,grid:planned-capacity,2019-10,2019-10-31T23:59:59+00:00,2019-10-31T23:59:59+00:00,2019-10-31T23:59:59+00:00,MW,downloaded,public_plan,1041.0,3056.0,,False
eia-capacity:2019-10:2024,eia:860m,https://www.eia.gov/electricity/data/eia860m/archive/xls/october_generator2019.xlsx,grid:planned-capacity,2019-10,2019-10-31T23:59:59+00:00,2019-10-31T23:59:59+00:00,2019-10-31T23:59:59+00:00,MW,downloaded,public_plan,1479.5,2382.7,,False
eia-capacity:2019-10:2025,eia:860m,https://www.eia.gov/electricity/data/eia860m/archive/xls/october_generator2019.xlsx,grid:planned-capacity,2019-10,2019-10-31T23:59:59+00:00,2019-10-31T23:59:59+00:00,2019-10-31T23:59:59+00:00,MW,downloaded,public_plan,1623.0,2373.0,,False
eia-capacity:2019-10:2026,eia:860m,https://www.eia.gov/electricity/data/eia860m/archive/xls/october_generator2019.xlsx,grid:planned-capacity,2019-10,2019-10-31T23:59:59+00:00,2019-10-31T23:59:59+00:00,2019-10-31T23:59:59+00:00,MW,downloaded,public_plan,400.0,1150.0,,False
eia-capacity:2019-10:2027,eia:860m,https://www.eia.gov/electricity/data/eia860m/archive/xls/october_generator2019.xlsx,grid:planned-capacity,2019-10,2019-10-31T23:59:59+00:00,2019-10-31T23:59:59+00:00,2019-10-31T23:59:59+00:00,MW,downloaded,public_plan,209.6,209.6,,False
eia-capacity:2019-11:2019,eia:860m,https://www.eia.gov/electricity/data/eia860m/archive/xls/november_generator2019.xlsx,grid:planned-capacity,2019-11,2019-11-30T23:59:59+00:00,2019-11-30T23:59:59+00:00,2019-11-30T23:59:59+00:00,MW,downloaded,public_plan,26415.5,9744.7,,False
eia-capacity:2019-11:2020,eia:860m,https://www.eia.gov/electricity/data/eia860m/archive/xls/november_generator2019.xlsx,grid:planned-capacity,2019-11,2019-11-30T23:59:59+00:00,2019-11-30T23:59:59+00:00,2019-11-30T23:59:59+00:00,MW,downloaded,public_plan,30395.4,44206.0,,False
eia-capacity:2019-11:2021,eia:860m,https://www.eia.gov/electricity/data/eia860m/archive/xls/november_generator2019.xlsx,grid:planned-capacity,2019-11,2019-11-30T23:59:59+00:00,2019-11-30T23:59:59+00:00,2019-11-30T23:59:59+00:00,MW,downloaded,public_plan,19177.8,31153.0,,False
eia-capacity:2019-11:2022,eia:860m,https://www.eia.gov/electricity/data/eia860m/archive/xls/november_generator2019.xlsx,grid:planned-capacity,2019-11,2019-11-30T23:59:59+00:00,2019-11-30T23:59:59+00:00,2019-11-30T23:59:59+00:00,MW,downloaded,public_plan,8981.4,21203.2,,False
eia-capacity:2019-11:2023,eia:860m,https://www.eia.gov/electricity/data/eia860m/archive/xls/november_generator2019.xlsx,grid:planned-capacity,2019-11,2019-11-30T23:59:59+00:00,2019-11-30T23:59:59+00:00,2019-11-30T23:59:59+00:00,MW,downloaded,public_plan,1041.0,4669.9,,False
eia-capacity:2019-11:2024,eia:860m,https://www.eia.gov/electricity/data/eia860m/archive/xls/november_generator2019.xlsx,grid:planned-capacity,2019-11,2019-11-30T23:59:59+00:00,2019-11-30T23:59:59+00:00,2019-11-30T23:59:59+00:00,MW,downloaded,public_plan,1479.5,2382.7,,False
eia-capacity:2019-11:2025,eia:860m,https://www.eia.gov/electricity/data/eia860m/archive/xls/november_generator2019.xlsx,grid:planned-capacity,2019-11,2019-11-30T23:59:59+00:00,2019-11-30T23:59:59+00:00,2019-11-30T23:59:59+00:00,MW,downloaded,public_plan,1623.0,2373.0,,False
eia-capacity:2019-11:2026,eia:860m,https://www.eia.gov/electricity/data/eia860m/archive/xls/november_generator2019.xlsx,grid:planned-capacity,2019-11,2019-11-30T23:59:59+00:00,2019-11-30T23:59:59+00:00,2019-11-30T23:59:59+00:00,MW,downloaded,public_plan,400.0,1150.0,,False
eia-capacity:2019-11:2027,eia:860m,https://www.eia.gov/electricity/data/eia860m/archive/xls/november_generator2019.xlsx,grid:planned-capacity,2019-11,2019-11-30T23:59:59+00:00,2019-11-30T23:59:59+00:00,2019-11-30T23:59:59+00:00,MW,downloaded,public_plan,209.6,209.6,,False
eia-capacity:2019-12:2020,eia:860m,https://www.eia.gov/electricity/data/eia860m/archive/xls/december_generator2019.xlsx,grid:planned-capacity,2019-12,2019-12-31T23:59:59+00:00,2019-12-31T23:59:59+00:00,2019-12-31T23:59:59+00:00,MW,downloaded,public_plan,31591.4,45795.7,,False
eia-capacity:2019-12:2021,eia:860m,https://www.eia.gov/electricity/data/eia860m/archive/xls/december_generator2019.xlsx,grid:planned-capacity,2019-12,2019-12-31T23:59:59+00:00,2019-12-31T23:59:59+00:00,2019-12-31T23:59:59+00:00,MW,downloaded,public_plan,19339.4,32076.3,,False
eia-capacity:2019-12:2022,eia:860m,https://www.eia.gov/electricity/data/eia860m/archive/xls/december_generator2019.xlsx,grid:planned-capacity,2019-12,2019-12-31T23:59:59+00:00,2019-12-31T23:59:59+00:00,2019-12-31T23:59:59+00:00,MW,downloaded,public_plan,10517.1,21918.7,,False
eia-capacity:2019-12:2023,eia:860m,https://www.eia.gov/electricity/data/eia860m/archive/xls/december_generator2019.xlsx,grid:planned-capacity,2019-12,2019-12-31T23:59:59+00:00,2019-12-31T23:59:59+00:00,2019-12-31T23:59:59+00:00,MW,downloaded,public_plan,1876.0,4669.9,,False
eia-capacity:2019-12:2024,eia:860m,https://www.eia.gov/electricity/data/eia860m/archive/xls/december_generator2019.xlsx,grid:planned-capacity,2019-12,2019-12-31T23:59:59+00:00,2019-12-31T23:59:59+00:00,2019-12-31T23:59:59+00:00,MW,downloaded,public_plan,1782.7,2702.7,,False
eia-capacity:2019-12:2025,eia:860m,https://www.eia.gov/electricity/data/eia860m/archive/xls/december_generator2019.xlsx,grid:planned-capacity,2019-12,2019-12-31T23:59:59+00:00,2019-12-31T23:59:59+00:00,2019-12-31T23:59:59+00:00,MW,downloaded,public_plan,1623.0,2373.0,,False
eia-capacity:2019-12:2026,eia:860m,https://www.eia.gov/electricity/data/eia860m/archive/xls/december_generator2019.xlsx,grid:planned-capacity,2019-12,2019-12-31T23:59:59+00:00,2019-12-31T23:59:59+00:00,2019-12-31T23:59:59+00:00,MW,downloaded,public_plan,400.0,1150.0,,False
eia-capacity:2019-12:2027,eia:860m,https://www.eia.gov/electricity/data/eia860m/archive/xls/december_generator2019.xlsx,grid:planned-capacity,2019-12,2019-12-31T23:59:59+00:00,2019-12-31T23:59:59+00:00,2019-12-31T23:59:59+00:00,MW,downloaded,public_plan,209.6,209.6,,False
eia-capacity:2020-01:2020,eia:860m,https://www.eia.gov/electricity/data/eia860m/archive/xls/january_generator2020.xlsx,grid:planned-capacity,2020-01,2020-01-31T23:59:59+00:00,2020-01-31T23:59:59+00:00,2020-01-31T23:59:59+00:00,MW,downloaded,public_plan,28752.6,42893.1,,False
eia-capacity:2020-01:2021,eia:860m,https://www.eia.gov/electricity/data/eia860m/archive/xls/january_generator2020.xlsx,grid:planned-capacity,2020-01,2020-01-31T23:59:59+00:00,2020-01-31T23:59:59+00:00,2020-01-31T23:59:59+00:00,MW,downloaded,public_plan,20528.6,32170.6,,False
eia-capacity:2020-01:2022,eia:860m,https://www.eia.gov/electricity/data/eia860m/archive/xls/january_generator2020.xlsx,grid:planned-capacity,2020-01,2020-01-31T23:59:59+00:00,2020-01-31T23:59:59+00:00,2020-01-31T23:59:59+00:00,MW,downloaded,public_plan,11206.6,22885.8,,False
eia-capacity:2020-01:2023,eia:860m,https://www.eia.gov/electricity/data/eia860m/archive/xls/january_generator2020.xlsx,grid:planned-capacity,2020-01,2020-01-31T23:59:59+00:00,2020-01-31T23:59:59+00:00,2020-01-31T23:59:59+00:00,MW,downloaded,public_plan,2164.0,8099.7,,False
eia-capacity:2020-01:2024,eia:860m,https://www.eia.gov/electricity/data/eia860m/archive/xls/january_generator2020.xlsx,grid:planned-capacity,2020-01,2020-01-31T23:59:59+00:00,2020-01-31T23:59:59+00:00,2020-01-31T23:59:59+00:00,MW,downloaded,public_plan,2282.7,2762.7,,False
eia-capacity:2020-01:2025,eia:860m,https://www.eia.gov/electricity/data/eia860m/archive/xls/january_generator2020.xlsx,grid:planned-capacity,2020-01,2020-01-31T23:59:59+00:00,2020-01-31T23:59:59+00:00,2020-01-31T23:59:59+00:00,MW,downloaded,public_plan,1623.0,3900.0,,False
eia-capacity:2020-01:2026,eia:860m,https://www.eia.gov/electricity/data/eia860m/archive/xls/january_generator2020.xlsx,grid:planned-capacity,2020-01,2020-01-31T23:59:59+00:00,2020-01-31T23:59:59+00:00,2020-01-31T23:59:59+00:00,MW,downloaded,public_plan,400.0,1150.0,,False
eia-capacity:2020-01:2027,eia:860m,https://www.eia.gov/electricity/data/eia860m/archive/xls/january_generator2020.xlsx,grid:planned-capacity,2020-01,2020-01-31T23:59:59+00:00,2020-01-31T23:59:59+00:00,2020-01-31T23:59:59+00:00,MW,downloaded,public_plan,209.6,209.6,,False
eia-capacity:2020-02:2020,eia:860m,https://www.eia.gov/electricity/data/eia860m/archive/xls/february_generator2020.xlsx,grid:planned-capacity,2020-02,2020-02-29T23:59:59+00:00,2020-02-29T23:59:59+00:00,2020-02-29T23:59:59+00:00,MW,downloaded,public_plan,30930.7,43026.4,,False
eia-capacity:2020-02:2021,eia:860m,https://www.eia.gov/electricity/data/eia860m/archive/xls/february_generator2020.xlsx,grid:planned-capacity,2020-02,2020-02-29T23:59:59+00:00,2020-02-29T23:59:59+00:00,2020-02-29T23:59:59+00:00,MW,downloaded,public_plan,21301.1,30384.9,,False
eia-capacity:2020-02:2022,eia:860m,https://www.eia.gov/electricity/data/eia860m/archive/xls/february_generator2020.xlsx,grid:planned-capacity,2020-02,2020-02-29T23:59:59+00:00,2020-02-29T23:59:59+00:00,2020-02-29T23:59:59+00:00,MW,downloaded,public_plan,11296.6,23006.8,,False
eia-capacity:2020-02:2023,eia:860m,https://www.eia.gov/electricity/data/eia860m/archive/xls/february_generator2020.xlsx,grid:planned-capacity,2020-02,2020-02-29T23:59:59+00:00,2020-02-29T23:59:59+00:00,2020-02-29T23:59:59+00:00,MW,downloaded,public_plan,2164.0,8678.6,,False
eia-capacity:2020-02:2024,eia:860m,https://www.eia.gov/electricity/data/eia860m/archive/xls/february_generator2020.xlsx,grid:planned-capacity,2020-02,2020-02-29T23:59:59+00:00,2020-02-29T23:59:59+00:00,2020-02-29T23:59:59+00:00,MW,downloaded,public_plan,2282.7,1912.7,,False
eia-capacity:2020-02:2025,eia:860m,https://www.eia.gov/electricity/data/eia860m/archive/xls/february_generator2020.xlsx,grid:planned-capacity,2020-02,2020-02-29T23:59:59+00:00,2020-02-29T23:59:59+00:00,2020-02-29T23:59:59+00:00,MW,downloaded,public_plan,1623.0,4036.1,,False
eia-capacity:2020-02:2026,eia:860m,https://www.eia.gov/electricity/data/eia860m/archive/xls/february_generator2020.xlsx,grid:planned-capacity,2020-02,2020-02-29T23:59:59+00:00,2020-02-29T23:59:59+00:00,2020-02-29T23:59:59+00:00,MW,downloaded,public_plan,400.0,1150.0,,False
eia-capacity:2020-02:2027,eia:860m,https://www.eia.gov/electricity/data/eia860m/archive/xls/february_generator2020.xlsx,grid:planned-capacity,2020-02,2020-02-29T23:59:59+00:00,2020-02-29T23:59:59+00:00,2020-02-29T23:59:59+00:00,MW,downloaded,public_plan,209.6,209.6,,False
eia-capacity:2020-03:2020,eia:860m,https://www.eia.gov/electricity/data/eia860m/archive/xls/march_generator2020.xlsx,grid:planned-capacity,2020-03,2020-03-31T23:59:59+00:00,2020-03-31T23:59:59+00:00,2020-03-31T23:59:59+00:00,MW,downloaded,public_plan,30784.9,39648.3,,False
eia-capacity:2020-03:2021,eia:860m,https://www.eia.gov/electricity/data/eia860m/archive/xls/march_generator2020.xlsx,grid:planned-capacity,2020-03,2020-03-31T23:59:59+00:00,2020-03-31T23:59:59+00:00,2020-03-31T23:59:59+00:00,MW,downloaded,public_plan,21010.3,29118.9,,False
eia-capacity:2020-03:2022,eia:860m,https://www.eia.gov/electricity/data/eia860m/archive/xls/march_generator2020.xlsx,grid:planned-capacity,2020-03,2020-03-31T23:59:59+00:00,2020-03-31T23:59:59+00:00,2020-03-31T23:59:59+00:00,MW,downloaded,public_plan,11039.1,23332.0,,False
eia-capacity:2020-03:2023,eia:860m,https://www.eia.gov/electricity/data/eia860m/archive/xls/march_generator2020.xlsx,grid:planned-capacity,2020-03,2020-03-31T23:59:59+00:00,2020-03-31T23:59:59+00:00,2020-03-31T23:59:59+00:00,MW,downloaded,public_plan,1914.0,10034.7,,False
eia-capacity:2020-03:2024,eia:860m,https://www.eia.gov/electricity/data/eia860m/archive/xls/march_generator2020.xlsx,grid:planned-capacity,2020-03,2020-03-31T23:59:59+00:00,2020-03-31T23:59:59+00:00,2020-03-31T23:59:59+00:00,MW,downloaded,public_plan,2382.7,1912.7,,False
eia-capacity:2020-03:2025,eia:860m,https://www.eia.gov/electricity/data/eia860m/archive/xls/march_generator2020.xlsx,grid:planned-capacity,2020-03,2020-03-31T23:59:59+00:00,2020-03-31T23:59:59+00:00,2020-03-31T23:59:59+00:00,MW,downloaded,public_plan,2373.0,4036.1,,False
eia-capacity:2020-03:2026,eia:860m,https://www.eia.gov/electricity/data/eia860m/archive/xls/march_generator2020.xlsx,grid:planned-capacity,2020-03,2020-03-31T23:59:59+00:00,2020-03-31T23:59:59+00:00,2020-03-31T23:59:59+00:00,MW,downloaded,public_plan,1150.0,1150.0,,False
eia-capacity:2020-03:2027,eia:860m,https://www.eia.gov/electricity/data/eia860m/archive/xls/march_generator2020.xlsx,grid:planned-capacity,2020-03,2020-03-31T23:59:59+00:00,2020-03-31T23:59:59+00:00,2020-03-31T23:59:59+00:00,MW,downloaded,public_plan,209.6,209.6,,False
eia-capacity:2020-04:2020,eia:860m,https://www.eia.gov/electricity/data/eia860m/archive/xls/april_generator2020.xlsx,grid:planned-capacity,2020-04,2020-04-30T23:59:59+00:00,2020-04-30T23:59:59+00:00,2020-04-30T23:59:59+00:00,MW,downloaded,public_plan,32206.1,35963.0,,False
eia-capacity:2020-04:2021,eia:860m,https://www.eia.gov/electricity/data/eia860m/archive/xls/april_generator2020.xlsx,grid:planned-capacity,2020-04,2020-04-30T23:59:59+00:00,2020-04-30T23:59:59+00:00,2020-04-30T23:59:59+00:00,MW,downloaded,public_plan,20946.8,30446.5,,False
eia-capacity:2020-04:2022,eia:860m,https://www.eia.gov/electricity/data/eia860m/archive/xls/april_generator2020.xlsx,grid:planned-capacity,2020-04,2020-04-30T23:59:59+00:00,2020-04-30T23:59:59+00:00,2020-04-30T23:59:59+00:00,MW,downloaded,public_plan,11040.3,25171.3,,False
eia-capacity:2020-04:2023,eia:860m,https://www.eia.gov/electricity/data/eia860m/archive/xls/april_generator2020.xlsx,grid:planned-capacity,2020-04,2020-04-30T23:59:59+00:00,2020-04-30T23:59:59+00:00,2020-04-30T23:59:59+00:00,MW,downloaded,public_plan,1914.0,11105.7,,False
eia-capacity:2020-04:2024,eia:860m,https://www.eia.gov/electricity/data/eia860m/archive/xls/april_generator2020.xlsx,grid:planned-capacity,2020-04,2020-04-30T23:59:59+00:00,2020-04-30T23:59:59+00:00,2020-04-30T23:59:59+00:00,MW,downloaded,public_plan,2382.7,2389.1,,False
eia-capacity:2020-04:2025,eia:860m,https://www.eia.gov/electricity/data/eia860m/archive/xls/april_generator2020.xlsx,grid:planned-capacity,2020-04,2020-04-30T23:59:59+00:00,2020-04-30T23:59:59+00:00,2020-04-30T23:59:59+00:00,MW,downloaded,public_plan,2373.0,4036.1,,False
eia-capacity:2020-04:2026,eia:860m,https://www.eia.gov/electricity/data/eia860m/archive/xls/april_generator2020.xlsx,grid:planned-capacity,2020-04,2020-04-30T23:59:59+00:00,2020-04-30T23:59:59+00:00,2020-04-30T23:59:59+00:00,MW,downloaded,public_plan,1150.0,1150.0,,False
eia-capacity:2020-04:2027,eia:860m,https://www.eia.gov/electricity/data/eia860m/archive/xls/april_generator2020.xlsx,grid:planned-capacity,2020-04,2020-04-30T23:59:59+00:00,2020-04-30T23:59:59+00:00,2020-04-30T23:59:59+00:00,MW,downloaded,public_plan,209.6,209.6,,False
eia-capacity:2020-05:2020,eia:860m,https://www.eia.gov/electricity/data/eia860m/archive/xls/may_generator2020.xlsx,grid:planned-capacity,2020-05,2020-05-31T23:59:59+00:00,2020-05-31T23:59:59+00:00,2020-05-31T23:59:59+00:00,MW,downloaded,public_plan,34483.1,32655.8,,False
eia-capacity:2020-05:2021,eia:860m,https://www.eia.gov/electricity/data/eia860m/archive/xls/may_generator2020.xlsx,grid:planned-capacity,2020-05,2020-05-31T23:59:59+00:00,2020-05-31T23:59:59+00:00,2020-05-31T23:59:59+00:00,MW,downloaded,public_plan,22056.3,32064.2,,False
eia-capacity:2020-05:2022,eia:860m,https://www.eia.gov/electricity/data/eia860m/archive/xls/may_generator2020.xlsx,grid:planned-capacity,2020-05,2020-05-31T23:59:59+00:00,2020-05-31T23:59:59+00:00,2020-05-31T23:59:59+00:00,MW,downloaded,public_plan,11340.3,26639.8,,False
eia-capacity:2020-05:2023,eia:860m,https://www.eia.gov/electricity/data/eia860m/archive/xls/may_generator2020.xlsx,grid:planned-capacity,2020-05,2020-05-31T23:59:59+00:00,2020-05-31T23:59:59+00:00,2020-05-31T23:59:59+00:00,MW,downloaded,public_plan,1864.0,12038.7,,False
eia-capacity:2020-05:2024,eia:860m,https://www.eia.gov/electricity/data/eia860m/archive/xls/may_generator2020.xlsx,grid:planned-capacity,2020-05,2020-05-31T23:59:59+00:00,2020-05-31T23:59:59+00:00,2020-05-31T23:59:59+00:00,MW,downloaded,public_plan,2382.7,3249.1,,False
eia-capacity:2020-05:2025,eia:860m,https://www.eia.gov/electricity/data/eia860m/archive/xls/may_generator2020.xlsx,grid:planned-capacity,2020-05,2020-05-31T23:59:59+00:00,2020-05-31T23:59:59+00:00,2020-05-31T23:59:59+00:00,MW,downloaded,public_plan,2373.0,4036.1,,False
eia-capacity:2020-05:2026,eia:860m,https://www.eia.gov/electricity/data/eia860m/archive/xls/may_generator2020.xlsx,grid:planned-capacity,2020-05,2020-05-31T23:59:59+00:00,2020-05-31T23:59:59+00:00,2020-05-31T23:59:59+00:00,MW,downloaded,public_plan,1150.0,1150.0,,False
eia-capacity:2020-05:2027,eia:860m,https://www.eia.gov/electricity/data/eia860m/archive/xls/may_generator2020.xlsx,grid:planned-capacity,2020-05,2020-05-31T23:59:59+00:00,2020-05-31T23:59:59+00:00,2020-05-31T23:59:59+00:00,MW,downloaded,public_plan,209.6,209.6,,False
eia-capacity:2020-06:2020,eia:860m,https://www.eia.gov/electricity/data/eia860m/archive/xls/june_generator2020.xlsx,grid:planned-capacity,2020-06,2020-06-30T23:59:59+00:00,2020-06-30T23:59:59+00:00,2020-06-30T23:59:59+00:00,MW,downloaded,public_plan,36761.7,30663.1,,False
eia-capacity:2020-06:2021,eia:860m,https://www.eia.gov/electricity/data/eia860m/archive/xls/june_generator2020.xlsx,grid:planned-capacity,2020-06,2020-06-30T23:59:59+00:00,2020-06-30T23:59:59+00:00,2020-06-30T23:59:59+00:00,MW,downloaded,public_plan,24374.3,30900.3,,False
eia-capacity:2020-06:2022,eia:860m,https://www.eia.gov/electricity/data/eia860m/archive/xls/june_generator2020.xlsx,grid:planned-capacity,2020-06,2020-06-30T23:59:59+00:00,2020-06-30T23:59:59+00:00,2020-06-30T23:59:59+00:00,MW,downloaded,public_plan,13341.3,27808.2,,False
eia-capacity:2020-06:2023,eia:860m,https://www.eia.gov/electricity/data/eia860m/archive/xls/june_generator2020.xlsx,grid:planned-capacity,2020-06,2020-06-30T23:59:59+00:00,2020-06-30T23:59:59+00:00,2020-06-30T23:59:59+00:00,MW,downloaded,public_plan,2614.0,15007.6,,False
eia-capacity:2020-06:2024,eia:860m,https://www.eia.gov/electricity/data/eia860m/archive/xls/june_generator2020.xlsx,grid:planned-capacity,2020-06,2020-06-30T23:59:59+00:00,2020-06-30T23:59:59+00:00,2020-06-30T23:59:59+00:00,MW,downloaded,public_plan,2382.7,4251.4,,False
eia-capacity:2020-06:2025,eia:860m,https://www.eia.gov/electricity/data/eia860m/archive/xls/june_generator2020.xlsx,grid:planned-capacity,2020-06,2020-06-30T23:59:59+00:00,2020-06-30T23:59:59+00:00,2020-06-30T23:59:59+00:00,MW,downloaded,public_plan,2373.0,4154.6,,False
eia-capacity:2020-06:2026,eia:860m,https://www.eia.gov/electricity/data/eia860m/archive/xls/june_generator2020.xlsx,grid:planned-capacity,2020-06,2020-06-30T23:59:59+00:00,2020-06-30T23:59:59+00:00,2020-06-30T23:59:59+00:00,MW,downloaded,public_plan,1150.0,1150.0,,False
eia-capacity:2020-06:2027,eia:860m,https://www.eia.gov/electricity/data/eia860m/archive/xls/june_generator2020.xlsx,grid:planned-capacity,2020-06,2020-06-30T23:59:59+00:00,2020-06-30T23:59:59+00:00,2020-06-30T23:59:59+00:00,MW,downloaded,public_plan,209.6,209.6,,False
eia-capacity:2020-07:2020,eia:860m,https://www.eia.gov/electricity/data/eia860m/archive/xls/july_generator2020.xlsx,grid:planned-capacity,2020-07,2020-07-31T23:59:59+00:00,2020-07-31T23:59:59+00:00,2020-07-31T23:59:59+00:00,MW,downloaded,public_plan,38086.0,29927.7,,False
eia-capacity:2020-07:2021,eia:860m,https://www.eia.gov/electricity/data/eia860m/archive/xls/july_generator2020.xlsx,grid:planned-capacity,2020-07,2020-07-31T23:59:59+00:00,2020-07-31T23:59:59+00:00,2020-07-31T23:59:59+00:00,MW,downloaded,public_plan,24804.8,31662.0,,False
eia-capacity:2020-07:2022,eia:860m,https://www.eia.gov/electricity/data/eia860m/archive/xls/july_generator2020.xlsx,grid:planned-capacity,2020-07,2020-07-31T23:59:59+00:00,2020-07-31T23:59:59+00:00,2020-07-31T23:59:59+00:00,MW,downloaded,public_plan,14616.3,28278.2,,False
eia-capacity:2020-07:2023,eia:860m,https://www.eia.gov/electricity/data/eia860m/archive/xls/july_generator2020.xlsx,grid:planned-capacity,2020-07,2020-07-31T23:59:59+00:00,2020-07-31T23:59:59+00:00,2020-07-31T23:59:59+00:00,MW,downloaded,public_plan,2614.0,16557.6,,False
eia-capacity:2020-07:2024,eia:860m,https://www.eia.gov/electricity/data/eia860m/archive/xls/july_generator2020.xlsx,grid:planned-capacity,2020-07,2020-07-31T23:59:59+00:00,2020-07-31T23:59:59+00:00,2020-07-31T23:59:59+00:00,MW,downloaded,public_plan,2382.7,5251.4,,False
eia-capacity:2020-07:2025,eia:860m,https://www.eia.gov/electricity/data/eia860m/archive/xls/july_generator2020.xlsx,grid:planned-capacity,2020-07,2020-07-31T23:59:59+00:00,2020-07-31T23:59:59+00:00,2020-07-31T23:59:59+00:00,MW,downloaded,public_plan,2373.0,4704.6,,False
eia-capacity:2020-07:2026,eia:860m,https://www.eia.gov/electricity/data/eia860m/archive/xls/july_generator2020.xlsx,grid:planned-capacity,2020-07,2020-07-31T23:59:59+00:00,2020-07-31T23:59:59+00:00,2020-07-31T23:59:59+00:00,MW,downloaded,public_plan,1150.0,1150.0,,False
eia-capacity:2020-07:2027,eia:860m,https://www.eia.gov/electricity/data/eia860m/archive/xls/july_generator2020.xlsx,grid:planned-capacity,2020-07,2020-07-31T23:59:59+00:00,2020-07-31T23:59:59+00:00,2020-07-31T23:59:59+00:00,MW,downloaded,public_plan,209.6,209.6,,False
eia-capacity:2020-08:2020,eia:860m,https://www.eia.gov/electricity/data/eia860m/archive/xls/august_generator2020.xlsx,grid:planned-capacity,2020-08,2020-08-31T23:59:59+00:00,2020-08-31T23:59:59+00:00,2020-08-31T23:59:59+00:00,MW,downloaded,public_plan,40380.1,27582.9,,False
eia-capacity:2020-08:2021,eia:860m,https://www.eia.gov/electricity/data/eia860m/archive/xls/august_generator2020.xlsx,grid:planned-capacity,2020-08,2020-08-31T23:59:59+00:00,2020-08-31T23:59:59+00:00,2020-08-31T23:59:59+00:00,MW,downloaded,public_plan,26314.0,33663.5,,False
eia-capacity:2020-08:2022,eia:860m,https://www.eia.gov/electricity/data/eia860m/archive/xls/august_generator2020.xlsx,grid:planned-capacity,2020-08,2020-08-31T23:59:59+00:00,2020-08-31T23:59:59+00:00,2020-08-31T23:59:59+00:00,MW,downloaded,public_plan,17041.3,28718.2,,False
eia-capacity:2020-08:2023,eia:860m,https://www.eia.gov/electricity/data/eia860m/archive/xls/august_generator2020.xlsx,grid:planned-capacity,2020-08,2020-08-31T23:59:59+00:00,2020-08-31T23:59:59+00:00,2020-08-31T23:59:59+00:00,MW,downloaded,public_plan,2614.0,16844.1,,False
eia-capacity:2020-08:2024,eia:860m,https://www.eia.gov/electricity/data/eia860m/archive/xls/august_generator2020.xlsx,grid:planned-capacity,2020-08,2020-08-31T23:59:59+00:00,2020-08-31T23:59:59+00:00,2020-08-31T23:59:59+00:00,MW,downloaded,public_plan,2382.7,5251.4,,False
eia-capacity:2020-08:2025,eia:860m,https://www.eia.gov/electricity/data/eia860m/archive/xls/august_generator2020.xlsx,grid:planned-capacity,2020-08,2020-08-31T23:59:59+00:00,2020-08-31T23:59:59+00:00,2020-08-31T23:59:59+00:00,MW,downloaded,public_plan,2373.0,4704.6,,False
eia-capacity:2020-08:2026,eia:860m,https://www.eia.gov/electricity/data/eia860m/archive/xls/august_generator2020.xlsx,grid:planned-capacity,2020-08,2020-08-31T23:59:59+00:00,2020-08-31T23:59:59+00:00,2020-08-31T23:59:59+00:00,MW,downloaded,public_plan,1150.0,1150.0,,False
eia-capacity:2020-08:2027,eia:860m,https://www.eia.gov/electricity/data/eia860m/archive/xls/august_generator2020.xlsx,grid:planned-capacity,2020-08,2020-08-31T23:59:59+00:00,2020-08-31T23:59:59+00:00,2020-08-31T23:59:59+00:00,MW,downloaded,public_plan,209.6,209.6,,False
eia-capacity:2020-09:2020,eia:860m,https://www.eia.gov/electricity/data/eia860m/archive/xls/september_generator2020.xlsx,grid:planned-capacity,2020-09,2020-09-30T23:59:59+00:00,2020-09-30T23:59:59+00:00,2020-09-30T23:59:59+00:00,MW,downloaded,public_plan,42617.6,26169.0,,False
eia-capacity:2020-09:2021,eia:860m,https://www.eia.gov/electricity/data/eia860m/archive/xls/september_generator2020.xlsx,grid:planned-capacity,2020-09,2020-09-30T23:59:59+00:00,2020-09-30T23:59:59+00:00,2020-09-30T23:59:59+00:00,MW,downloaded,public_plan,26987.5,35796.8,,False
eia-capacity:2020-09:2022,eia:860m,https://www.eia.gov/electricity/data/eia860m/archive/xls/september_generator2020.xlsx,grid:planned-capacity,2020-09,2020-09-30T23:59:59+00:00,2020-09-30T23:59:59+00:00,2020-09-30T23:59:59+00:00,MW,downloaded,public_plan,19439.5,29306.4,,False
eia-capacity:2020-09:2023,eia:860m,https://www.eia.gov/electricity/data/eia860m/archive/xls/september_generator2020.xlsx,grid:planned-capacity,2020-09,2020-09-30T23:59:59+00:00,2020-09-30T23:59:59+00:00,2020-09-30T23:59:59+00:00,MW,downloaded,public_plan,3056.0,17082.7,,False
eia-capacity:2020-09:2024,eia:860m,https://www.eia.gov/electricity/data/eia860m/archive/xls/september_generator2020.xlsx,grid:planned-capacity,2020-09,2020-09-30T23:59:59+00:00,2020-09-30T23:59:59+00:00,2020-09-30T23:59:59+00:00,MW,downloaded,public_plan,2382.7,6351.4,,False
eia-capacity:2020-09:2025,eia:860m,https://www.eia.gov/electricity/data/eia860m/archive/xls/september_generator2020.xlsx,grid:planned-capacity,2020-09,2020-09-30T23:59:59+00:00,2020-09-30T23:59:59+00:00,2020-09-30T23:59:59+00:00,MW,downloaded,public_plan,2373.0,4704.6,,False
eia-capacity:2020-09:2026,eia:860m,https://www.eia.gov/electricity/data/eia860m/archive/xls/september_generator2020.xlsx,grid:planned-capacity,2020-09,2020-09-30T23:59:59+00:00,2020-09-30T23:59:59+00:00,2020-09-30T23:59:59+00:00,MW,downloaded,public_plan,1150.0,1150.0,,False
eia-capacity:2020-09:2027,eia:860m,https://www.eia.gov/electricity/data/eia860m/archive/xls/september_generator2020.xlsx,grid:planned-capacity,2020-09,2020-09-30T23:59:59+00:00,2020-09-30T23:59:59+00:00,2020-09-30T23:59:59+00:00,MW,downloaded,public_plan,209.6,209.6,,False
eia-capacity:2020-10:2020,eia:860m,https://www.eia.gov/electricity/data/eia860m/archive/xls/october_generator2020.xlsx,grid:planned-capacity,2020-10,2020-10-31T23:59:59+00:00,2020-10-31T23:59:59+00:00,2020-10-31T23:59:59+00:00,MW,downloaded,public_plan,43447.6,21749.8,,False
eia-capacity:2020-10:2021,eia:860m,https://www.eia.gov/electricity/data/eia860m/archive/xls/october_generator2020.xlsx,grid:planned-capacity,2020-10,2020-10-31T23:59:59+00:00,2020-10-31T23:59:59+00:00,2020-10-31T23:59:59+00:00,MW,downloaded,public_plan,28651.0,40491.7,,False
eia-capacity:2020-10:2022,eia:860m,https://www.eia.gov/electricity/data/eia860m/archive/xls/october_generator2020.xlsx,grid:planned-capacity,2020-10,2020-10-31T23:59:59+00:00,2020-10-31T23:59:59+00:00,2020-10-31T23:59:59+00:00,MW,downloaded,public_plan,20594.5,32294.3,,False
eia-capacity:2020-10:2023,eia:860m,https://www.eia.gov/electricity/data/eia860m/archive/xls/october_generator2020.xlsx,grid:planned-capacity,2020-10,2020-10-31T23:59:59+00:00,2020-10-31T23:59:59+00:00,2020-10-31T23:59:59+00:00,MW,downloaded,public_plan,3056.0,18593.7,,False
eia-capacity:2020-10:2024,eia:860m,https://www.eia.gov/electricity/data/eia860m/archive/xls/october_generator2020.xlsx,grid:planned-capacity,2020-10,2020-10-31T23:59:59+00:00,2020-10-31T23:59:59+00:00,2020-10-31T23:59:59+00:00,MW,downloaded,public_plan,2382.7,6451.6,,False
eia-capacity:2020-10:2025,eia:860m,https://www.eia.gov/electricity/data/eia860m/archive/xls/october_generator2020.xlsx,grid:planned-capacity,2020-10,2020-10-31T23:59:59+00:00,2020-10-31T23:59:59+00:00,2020-10-31T23:59:59+00:00,MW,downloaded,public_plan,2373.0,4734.6,,False
eia-capacity:2020-10:2026,eia:860m,https://www.eia.gov/electricity/data/eia860m/archive/xls/october_generator2020.xlsx,grid:planned-capacity,2020-10,2020-10-31T23:59:59+00:00,2020-10-31T23:59:59+00:00,2020-10-31T23:59:59+00:00,MW,downloaded,public_plan,1150.0,1150.0,,False
eia-capacity:2020-10:2027,eia:860m,https://www.eia.gov/electricity/data/eia860m/archive/xls/october_generator2020.xlsx,grid:planned-capacity,2020-10,2020-10-31T23:59:59+00:00,2020-10-31T23:59:59+00:00,2020-10-31T23:59:59+00:00,MW,downloaded,public_plan,209.6,209.6,,False
eia-capacity:2020-11:2020,eia:860m,https://www.eia.gov/electricity/data/eia860m/archive/xls/november_generator2020.xlsx,grid:planned-capacity,2020-11,2020-11-30T23:59:59+00:00,2020-11-30T23:59:59+00:00,2020-11-30T23:59:59+00:00,MW,downloaded,public_plan,44206.0,15239.2,,False
eia-capacity:2020-11:2021,eia:860m,https://www.eia.gov/electricity/data/eia860m/archive/xls/november_generator2020.xlsx,grid:planned-capacity,2020-11,2020-11-30T23:59:59+00:00,2020-11-30T23:59:59+00:00,2020-11-30T23:59:59+00:00,MW,downloaded,public_plan,31153.0,43987.7,,False
eia-capacity:2020-11:2022,eia:860m,https://www.eia.gov/electricity/data/eia860m/archive/xls/november_generator2020.xlsx,grid:planned-capacity,2020-11,2020-11-30T23:59:59+00:00,2020-11-30T23:59:59+00:00,2020-11-30T23:59:59+00:00,MW,downloaded,public_plan,21203.2,35170.3,,False
eia-capacity:2020-11:2023,eia:860m,https://www.eia.gov/electricity/data/eia860m/archive/xls/november_generator2020.xlsx,grid:planned-capacity,2020-11,2020-11-30T23:59:59+00:00,2020-11-30T23:59:59+00:00,2020-11-30T23:59:59+00:00,MW,downloaded,public_plan,4669.9,25216.7,,False
eia-capacity:2020-11:2024,eia:860m,https://www.eia.gov/electricity/data/eia860m/archive/xls/november_generator2020.xlsx,grid:planned-capacity,2020-11,2020-11-30T23:59:59+00:00,2020-11-30T23:59:59+00:00,2020-11-30T23:59:59+00:00,MW,downloaded,public_plan,2382.7,6451.6,,False
eia-capacity:2020-11:2025,eia:860m,https://www.eia.gov/electricity/data/eia860m/archive/xls/november_generator2020.xlsx,grid:planned-capacity,2020-11,2020-11-30T23:59:59+00:00,2020-11-30T23:59:59+00:00,2020-11-30T23:59:59+00:00,MW,downloaded,public_plan,2373.0,4994.6,,False
eia-capacity:2020-11:2026,eia:860m,https://www.eia.gov/electricity/data/eia860m/archive/xls/november_generator2020.xlsx,grid:planned-capacity,2020-11,2020-11-30T23:59:59+00:00,2020-11-30T23:59:59+00:00,2020-11-30T23:59:59+00:00,MW,downloaded,public_plan,1150.0,1150.0,,False
eia-capacity:2020-11:2027,eia:860m,https://www.eia.gov/electricity/data/eia860m/archive/xls/november_generator2020.xlsx,grid:planned-capacity,2020-11,2020-11-30T23:59:59+00:00,2020-11-30T23:59:59+00:00,2020-11-30T23:59:59+00:00,MW,downloaded,public_plan,209.6,209.6,,False
eia-capacity:2020-12:2021,eia:860m,https://www.eia.gov/electricity/data/eia860m/archive/xls/december_generator2020.xlsx,grid:planned-capacity,2020-12,2020-12-31T23:59:59+00:00,2020-12-31T23:59:59+00:00,2020-12-31T23:59:59+00:00,MW,downloaded,public_plan,32076.3,45592.8,,False
eia-capacity:2020-12:2022,eia:860m,https://www.eia.gov/electricity/data/eia860m/archive/xls/december_generator2020.xlsx,grid:planned-capacity,2020-12,2020-12-31T23:59:59+00:00,2020-12-31T23:59:59+00:00,2020-12-31T23:59:59+00:00,MW,downloaded,public_plan,21918.7,36750.6,,False
eia-capacity:2020-12:2023,eia:860m,https://www.eia.gov/electricity/data/eia860m/archive/xls/december_generator2020.xlsx,grid:planned-capacity,2020-12,2020-12-31T23:59:59+00:00,2020-12-31T23:59:59+00:00,2020-12-31T23:59:59+00:00,MW,downloaded,public_plan,4669.9,25266.8,,False
eia-capacity:2020-12:2024,eia:860m,https://www.eia.gov/electricity/data/eia860m/archive/xls/december_generator2020.xlsx,grid:planned-capacity,2020-12,2020-12-31T23:59:59+00:00,2020-12-31T23:59:59+00:00,2020-12-31T23:59:59+00:00,MW,downloaded,public_plan,2702.7,9763.1,,False
eia-capacity:2020-12:2025,eia:860m,https://www.eia.gov/electricity/data/eia860m/archive/xls/december_generator2020.xlsx,grid:planned-capacity,2020-12,2020-12-31T23:59:59+00:00,2020-12-31T23:59:59+00:00,2020-12-31T23:59:59+00:00,MW,downloaded,public_plan,2373.0,5591.4,,False
eia-capacity:2020-12:2026,eia:860m,https://www.eia.gov/electricity/data/eia860m/archive/xls/december_generator2020.xlsx,grid:planned-capacity,2020-12,2020-12-31T23:59:59+00:00,2020-12-31T23:59:59+00:00,2020-12-31T23:59:59+00:00,MW,downloaded,public_plan,1150.0,1150.0,,False
eia-capacity:2020-12:2027,eia:860m,https://www.eia.gov/electricity/data/eia860m/archive/xls/december_generator2020.xlsx,grid:planned-capacity,2020-12,2020-12-31T23:59:59+00:00,2020-12-31T23:59:59+00:00,2020-12-31T23:59:59+00:00,MW,downloaded,public_plan,209.6,889.6,,False
eia-capacity:2021-01:2021,eia:860m,https://www.eia.gov/electricity/data/eia860m/archive/xls/january_generator2021.xlsx,grid:planned-capacity,2021-01,2021-01-31T23:59:59+00:00,2021-01-31T23:59:59+00:00,2021-01-31T23:59:59+00:00,MW,downloaded,public_plan,32170.6,42259.4,,False
eia-capacity:2021-01:2022,eia:860m,https://www.eia.gov/electricity/data/eia860m/archive/xls/january_generator2021.xlsx,grid:planned-capacity,2021-01,2021-01-31T23:59:59+00:00,2021-01-31T23:59:59+00:00,2021-01-31T23:59:59+00:00,MW,downloaded,public_plan,22885.8,36663.6,,False
eia-capacity:2021-01:2023,eia:860m,https://www.eia.gov/electricity/data/eia860m/archive/xls/january_generator2021.xlsx,grid:planned-capacity,2021-01,2021-01-31T23:59:59+00:00,2021-01-31T23:59:59+00:00,2021-01-31T23:59:59+00:00,MW,downloaded,public_plan,8099.7,24423.7,,False
eia-capacity:2021-01:2024,eia:860m,https://www.eia.gov/electricity/data/eia860m/archive/xls/january_generator2021.xlsx,grid:planned-capacity,2021-01,2021-01-31T23:59:59+00:00,2021-01-31T23:59:59+00:00,2021-01-31T23:59:59+00:00,MW,downloaded,public_plan,2762.7,10527.8,,False
eia-capacity:2021-01:2025,eia:860m,https://www.eia.gov/electricity/data/eia860m/archive/xls/january_generator2021.xlsx,grid:planned-capacity,2021-01,2021-01-31T23:59:59+00:00,2021-01-31T23:59:59+00:00,2021-01-31T23:59:59+00:00,MW,downloaded,public_plan,3900.0,8409.6,,False
eia-capacity:2021-01:2026,eia:860m,https://www.eia.gov/electricity/data/eia860m/archive/xls/january_generator2021.xlsx,grid:planned-capacity,2021-01,2021-01-31T23:59:59+00:00,2021-01-31T23:59:59+00:00,2021-01-31T23:59:59+00:00,MW,downloaded,public_plan,1150.0,1270.0,,False
eia-capacity:2021-01:2027,eia:860m,https://www.eia.gov/electricity/data/eia860m/archive/xls/january_generator2021.xlsx,grid:planned-capacity,2021-01,2021-01-31T23:59:59+00:00,2021-01-31T23:59:59+00:00,2021-01-31T23:59:59+00:00,MW,downloaded,public_plan,209.6,889.6,,False
eia-capacity:2021-02:2021,eia:860m,https://www.eia.gov/electricity/data/eia860m/archive/xls/february_generator2021.xlsx,grid:planned-capacity,2021-02,2021-02-28T23:59:59+00:00,2021-02-28T23:59:59+00:00,2021-02-28T23:59:59+00:00,MW,downloaded,public_plan,30384.9,40100.2,,False
eia-capacity:2021-02:2022,eia:860m,https://www.eia.gov/electricity/data/eia860m/archive/xls/february_generator2021.xlsx,grid:planned-capacity,2021-02,2021-02-28T23:59:59+00:00,2021-02-28T23:59:59+00:00,2021-02-28T23:59:59+00:00,MW,downloaded,public_plan,23006.8,37348.3,,False
eia-capacity:2021-02:2023,eia:860m,https://www.eia.gov/electricity/data/eia860m/archive/xls/february_generator2021.xlsx,grid:planned-capacity,2021-02,2021-02-28T23:59:59+00:00,2021-02-28T23:59:59+00:00,2021-02-28T23:59:59+00:00,MW,downloaded,public_plan,8678.6,24425.9,,False
eia-capacity:2021-02:2024,eia:860m,https://www.eia.gov/electricity/data/eia860m/archive/xls/february_generator2021.xlsx,grid:planned-capacity,2021-02,2021-02-28T23:59:59+00:00,2021-02-28T23:59:59+00:00,2021-02-28T23:59:59+00:00,MW,downloaded,public_plan,1912.7,10526.7,,False
eia-capacity:2021-02:2025,eia:860m,https://www.eia.gov/electricity/data/eia860m/archive/xls/february_generator2021.xlsx,grid:planned-capacity,2021-02,2021-02-28T23:59:59+00:00,2021-02-28T23:59:59+00:00,2021-02-28T23:59:59+00:00,MW,downloaded,public_plan,4036.1,8833.1,,False
eia-capacity:2021-02:2026,eia:860m,https://www.eia.gov/electricity/data/eia860m/archive/xls/february_generator2021.xlsx,grid:planned-capacity,2021-02,2021-02-28T23:59:59+00:00,2021-02-28T23:59:59+00:00,2021-02-28T23:59:59+00:00,MW,downloaded,public_plan,1150.0,2020.0,,False
eia-capacity:2021-02:2027,eia:860m,https://www.eia.gov/electricity/data/eia860m/archive/xls/february_generator2021.xlsx,grid:planned-capacity,2021-02,2021-02-28T23:59:59+00:00,2021-02-28T23:59:59+00:00,2021-02-28T23:59:59+00:00,MW,downloaded,public_plan,209.6,889.6,,False
eia-capacity:2021-03:2021,eia:860m,https://www.eia.gov/electricity/data/eia860m/archive/xls/march_generator2021.xlsx,grid:planned-capacity,2021-03,2021-03-31T23:59:59+00:00,2021-03-31T23:59:59+00:00,2021-03-31T23:59:59+00:00,MW,downloaded,public_plan,29118.9,37023.0,,False
eia-capacity:2021-03:2022,eia:860m,https://www.eia.gov/electricity/data/eia860m/archive/xls/march_generator2021.xlsx,grid:planned-capacity,2021-03,2021-03-31T23:59:59+00:00,2021-03-31T23:59:59+00:00,2021-03-31T23:59:59+00:00,MW,downloaded,public_plan,23332.0,38426.6,,False
eia-capacity:2021-03:2023,eia:860m,https://www.eia.gov/electricity/data/eia860m/archive/xls/march_generator2021.xlsx,grid:planned-capacity,2021-03,2021-03-31T23:59:59+00:00,2021-03-31T23:59:59+00:00,2021-03-31T23:59:59+00:00,MW,downloaded,public_plan,10034.7,25595.0,,False
eia-capacity:2021-03:2024,eia:860m,https://www.eia.gov/electricity/data/eia860m/archive/xls/march_generator2021.xlsx,grid:planned-capacity,2021-03,2021-03-31T23:59:59+00:00,2021-03-31T23:59:59+00:00,2021-03-31T23:59:59+00:00,MW,downloaded,public_plan,1912.7,10606.7,,False
eia-capacity:2021-03:2025,eia:860m,https://www.eia.gov/electricity/data/eia860m/archive/xls/march_generator2021.xlsx,grid:planned-capacity,2021-03,2021-03-31T23:59:59+00:00,2021-03-31T23:59:59+00:00,2021-03-31T23:59:59+00:00,MW,downloaded,public_plan,4036.1,8833.1,,False
eia-capacity:2021-03:2026,eia:860m,https://www.eia.gov/electricity/data/eia860m/archive/xls/march_generator2021.xlsx,grid:planned-capacity,2021-03,2021-03-31T23:59:59+00:00,2021-03-31T23:59:59+00:00,2021-03-31T23:59:59+00:00,MW,downloaded,public_plan,1150.0,2020.0,,False
eia-capacity:2021-03:2027,eia:860m,https://www.eia.gov/electricity/data/eia860m/archive/xls/march_generator2021.xlsx,grid:planned-capacity,2021-03,2021-03-31T23:59:59+00:00,2021-03-31T23:59:59+00:00,2021-03-31T23:59:59+00:00,MW,downloaded,public_plan,209.6,3529.6,,False
eia-capacity:2021-04:2021,eia:860m,https://www.eia.gov/electricity/data/eia860m/archive/xls/april_generator2021.xlsx,grid:planned-capacity,2021-04,2021-04-30T23:59:59+00:00,2021-04-30T23:59:59+00:00,2021-04-30T23:59:59+00:00,MW,downloaded,public_plan,30446.5,37073.9,,False
eia-capacity:2021-04:2022,eia:860m,https://www.eia.gov/electricity/data/eia860m/archive/xls/april_generator2021.xlsx,grid:planned-capacity,2021-04,2021-04-30T23:59:59+00:00,2021-04-30T23:59:59+00:00,2021-04-30T23:59:59+00:00,MW,downloaded,public_plan,25171.3,40133.9,,False
eia-capacity:2021-04:2023,eia:860m,https://www.eia.gov/electricity/data/eia860m/archive/xls/april_generator2021.xlsx,grid:planned-capacity,2021-04,2021-04-30T23:59:59+00:00,2021-04-30T23:59:59+00:00,2021-04-30T23:59:59+00:00,MW,downloaded,public_plan,11105.7,26461.7,,False
eia-capacity:2021-04:2024,eia:860m,https://www.eia.gov/electricity/data/eia860m/archive/xls/april_generator2021.xlsx,grid:planned-capacity,2021-04,2021-04-30T23:59:59+00:00,2021-04-30T23:59:59+00:00,2021-04-30T23:59:59+00:00,MW,downloaded,public_plan,2389.1,12130.7,,False
eia-capacity:2021-04:2025,eia:860m,https://www.eia.gov/electricity/data/eia860m/archive/xls/april_generator2021.xlsx,grid:planned-capacity,2021-04,2021-04-30T23:59:59+00:00,2021-04-30T23:59:59+00:00,2021-04-30T23:59:59+00:00,MW,downloaded,public_plan,4036.1,9163.1,,False
eia-capacity:2021-04:2026,eia:860m,https://www.eia.gov/electricity/data/eia860m/archive/xls/april_generator2021.xlsx,grid:planned-capacity,2021-04,2021-04-30T23:59:59+00:00,2021-04-30T23:59:59+00:00,2021-04-30T23:59:59+00:00,MW,downloaded,public_plan,1150.0,2020.0,,False
eia-capacity:2021-04:2027,eia:860m,https://www.eia.gov/electricity/data/eia860m/archive/xls/april_generator2021.xlsx,grid:planned-capacity,2021-04,2021-04-30T23:59:59+00:00,2021-04-30T23:59:59+00:00,2021-04-30T23:59:59+00:00,MW,downloaded,public_plan,209.6,3529.6,,False
eia-capacity:2021-05:2021,eia:860m,https://www.eia.gov/electricity/data/eia860m/archive/xls/may_generator2021.xlsx,grid:planned-capacity,2021-05,2021-05-31T23:59:59+00:00,2021-05-31T23:59:59+00:00,2021-05-31T23:59:59+00:00,MW,downloaded,public_plan,32064.2,35517.8,,False
eia-capacity:2021-05:2022,eia:860m,https://www.eia.gov/electricity/data/eia860m/archive/xls/may_generator2021.xlsx,grid:planned-capacity,2021-05,2021-05-31T23:59:59+00:00,2021-05-31T23:59:59+00:00,2021-05-31T23:59:59+00:00,MW,downloaded,public_plan,26639.8,40123.1,,False
eia-capacity:2021-05:2023,eia:860m,https://www.eia.gov/electricity/data/eia860m/archive/xls/may_generator2021.xlsx,grid:planned-capacity,2021-05,2021-05-31T23:59:59+00:00,2021-05-31T23:59:59+00:00,2021-05-31T23:59:59+00:00,MW,downloaded,public_plan,12038.7,26772.1,,False
eia-capacity:2021-05:2024,eia:860m,https://www.eia.gov/electricity/data/eia860m/archive/xls/may_generator2021.xlsx,grid:planned-capacity,2021-05,2021-05-31T23:59:59+00:00,2021-05-31T23:59:59+00:00,2021-05-31T23:59:59+00:00,MW,downloaded,public_plan,3249.1,12130.7,,False
eia-capacity:2021-05:2025,eia:860m,https://www.eia.gov/electricity/data/eia860m/archive/xls/may_generator2021.xlsx,grid:planned-capacity,2021-05,2021-05-31T23:59:59+00:00,2021-05-31T23:59:59+00:00,2021-05-31T23:59:59+00:00,MW,downloaded,public_plan,4036.1,9163.1,,False
eia-capacity:2021-05:2026,eia:860m,https://www.eia.gov/electricity/data/eia860m/archive/xls/may_generator2021.xlsx,grid:planned-capacity,2021-05,2021-05-31T23:59:59+00:00,2021-05-31T23:59:59+00:00,2021-05-31T23:59:59+00:00,MW,downloaded,public_plan,1150.0,2020.0,,False
eia-capacity:2021-05:2027,eia:860m,https://www.eia.gov/electricity/data/eia860m/archive/xls/may_generator2021.xlsx,grid:planned-capacity,2021-05,2021-05-31T23:59:59+00:00,2021-05-31T23:59:59+00:00,2021-05-31T23:59:59+00:00,MW,downloaded,public_plan,209.6,3529.6,,False
eia-capacity:2021-06:2021,eia:860m,https://www.eia.gov/electricity/data/eia860m/archive/xls/june_generator2021.xlsx,grid:planned-capacity,2021-06,2021-06-30T23:59:59+00:00,2021-06-30T23:59:59+00:00,2021-06-30T23:59:59+00:00,MW,downloaded,public_plan,30900.3,31546.3,,False
eia-capacity:2021-06:2022,eia:860m,https://www.eia.gov/electricity/data/eia860m/archive/xls/june_generator2021.xlsx,grid:planned-capacity,2021-06,2021-06-30T23:59:59+00:00,2021-06-30T23:59:59+00:00,2021-06-30T23:59:59+00:00,MW,downloaded,public_plan,27808.2,39936.6,,False
eia-capacity:2021-06:2023,eia:860m,https://www.eia.gov/electricity/data/eia860m/archive/xls/june_generator2021.xlsx,grid:planned-capacity,2021-06,2021-06-30T23:59:59+00:00,2021-06-30T23:59:59+00:00,2021-06-30T23:59:59+00:00,MW,downloaded,public_plan,15007.6,26559.0,,False
eia-capacity:2021-06:2024,eia:860m,https://www.eia.gov/electricity/data/eia860m/archive/xls/june_generator2021.xlsx,grid:planned-capacity,2021-06,2021-06-30T23:59:59+00:00,2021-06-30T23:59:59+00:00,2021-06-30T23:59:59+00:00,MW,downloaded,public_plan,4251.4,12873.7,,False
eia-capacity:2021-06:2025,eia:860m,https://www.eia.gov/electricity/data/eia860m/archive/xls/june_generator2021.xlsx,grid:planned-capacity,2021-06,2021-06-30T23:59:59+00:00,2021-06-30T23:59:59+00:00,2021-06-30T23:59:59+00:00,MW,downloaded,public_plan,4154.6,10436.0,,False
eia-capacity:2021-06:2026,eia:860m,https://www.eia.gov/electricity/data/eia860m/archive/xls/june_generator2021.xlsx,grid:planned-capacity,2021-06,2021-06-30T23:59:59+00:00,2021-06-30T23:59:59+00:00,2021-06-30T23:59:59+00:00,MW,downloaded,public_plan,1150.0,3072.8,,False
eia-capacity:2021-06:2027,eia:860m,https://www.eia.gov/electricity/data/eia860m/archive/xls/june_generator2021.xlsx,grid:planned-capacity,2021-06,2021-06-30T23:59:59+00:00,2021-06-30T23:59:59+00:00,2021-06-30T23:59:59+00:00,MW,downloaded,public_plan,209.6,3529.6,,False
eia-capacity:2021-07:2021,eia:860m,https://www.eia.gov/electricity/data/eia860m/archive/xls/july_generator2021.xlsx,grid:planned-capacity,2021-07,2021-07-31T23:59:59+00:00,2021-07-31T23:59:59+00:00,2021-07-31T23:59:59+00:00,MW,downloaded,public_plan,31662.0,27412.4,,False
eia-capacity:2021-07:2022,eia:860m,https://www.eia.gov/electricity/data/eia860m/archive/xls/july_generator2021.xlsx,grid:planned-capacity,2021-07,2021-07-31T23:59:59+00:00,2021-07-31T23:59:59+00:00,2021-07-31T23:59:59+00:00,MW,downloaded,public_plan,28278.2,42366.4,,False
eia-capacity:2021-07:2023,eia:860m,https://www.eia.gov/electricity/data/eia860m/archive/xls/july_generator2021.xlsx,grid:planned-capacity,2021-07,2021-07-31T23:59:59+00:00,2021-07-31T23:59:59+00:00,2021-07-31T23:59:59+00:00,MW,downloaded,public_plan,16557.6,27612.0,,False
eia-capacity:2021-07:2024,eia:860m,https://www.eia.gov/electricity/data/eia860m/archive/xls/july_generator2021.xlsx,grid:planned-capacity,2021-07,2021-07-31T23:59:59+00:00,2021-07-31T23:59:59+00:00,2021-07-31T23:59:59+00:00,MW,downloaded,public_plan,5251.4,14343.7,,False
eia-capacity:2021-07:2025,eia:860m,https://www.eia.gov/electricity/data/eia860m/archive/xls/july_generator2021.xlsx,grid:planned-capacity,2021-07,2021-07-31T23:59:59+00:00,2021-07-31T23:59:59+00:00,2021-07-31T23:59:59+00:00,MW,downloaded,public_plan,4704.6,10436.0,,False
eia-capacity:2021-07:2026,eia:860m,https://www.eia.gov/electricity/data/eia860m/archive/xls/july_generator2021.xlsx,grid:planned-capacity,2021-07,2021-07-31T23:59:59+00:00,2021-07-31T23:59:59+00:00,2021-07-31T23:59:59+00:00,MW,downloaded,public_plan,1150.0,3072.8,,False
eia-capacity:2021-07:2027,eia:860m,https://www.eia.gov/electricity/data/eia860m/archive/xls/july_generator2021.xlsx,grid:planned-capacity,2021-07,2021-07-31T23:59:59+00:00,2021-07-31T23:59:59+00:00,2021-07-31T23:59:59+00:00,MW,downloaded,public_plan,209.6,3529.6,,False
eia-capacity:2021-08:2021,eia:860m,https://www.eia.gov/electricity/data/eia860m/archive/xls/august_generator2021.xlsx,grid:planned-capacity,2021-08,2021-08-31T23:59:59+00:00,2021-08-31T23:59:59+00:00,2021-08-31T23:59:59+00:00,MW,downloaded,public_plan,33663.5,24568.7,,False
eia-capacity:2021-08:2022,eia:860m,https://www.eia.gov/electricity/data/eia860m/archive/xls/august_generator2021.xlsx,grid:planned-capacity,2021-08,2021-08-31T23:59:59+00:00,2021-08-31T23:59:59+00:00,2021-08-31T23:59:59+00:00,MW,downloaded,public_plan,28718.2,42615.5,,False
eia-capacity:2021-08:2023,eia:860m,https://www.eia.gov/electricity/data/eia860m/archive/xls/august_generator2021.xlsx,grid:planned-capacity,2021-08,2021-08-31T23:59:59+00:00,2021-08-31T23:59:59+00:00,2021-08-31T23:59:59+00:00,MW,downloaded,public_plan,16844.1,27862.0,,False
eia-capacity:2021-08:2024,eia:860m,https://www.eia.gov/electricity/data/eia860m/archive/xls/august_generator2021.xlsx,grid:planned-capacity,2021-08,2021-08-31T23:59:59+00:00,2021-08-31T23:59:59+00:00,2021-08-31T23:59:59+00:00,MW,downloaded,public_plan,5251.4,14363.7,,False
eia-capacity:2021-08:2025,eia:860m,https://www.eia.gov/electricity/data/eia860m/archive/xls/august_generator2021.xlsx,grid:planned-capacity,2021-08,2021-08-31T23:59:59+00:00,2021-08-31T23:59:59+00:00,2021-08-31T23:59:59+00:00,MW,downloaded,public_plan,4704.6,9432.0,,False
eia-capacity:2021-08:2026,eia:860m,https://www.eia.gov/electricity/data/eia860m/archive/xls/august_generator2021.xlsx,grid:planned-capacity,2021-08,2021-08-31T23:59:59+00:00,2021-08-31T23:59:59+00:00,2021-08-31T23:59:59+00:00,MW,downloaded,public_plan,1150.0,3072.8,,False
eia-capacity:2021-08:2027,eia:860m,https://www.eia.gov/electricity/data/eia860m/archive/xls/august_generator2021.xlsx,grid:planned-capacity,2021-08,2021-08-31T23:59:59+00:00,2021-08-31T23:59:59+00:00,2021-08-31T23:59:59+00:00,MW,downloaded,public_plan,209.6,3529.6,,False
eia-capacity:2021-09:2021,eia:860m,https://www.eia.gov/electricity/data/eia860m/archive/xls/september_generator2021.xlsx,grid:planned-capacity,2021-09,2021-09-30T23:59:59+00:00,2021-09-30T23:59:59+00:00,2021-09-30T23:59:59+00:00,MW,downloaded,public_plan,35796.8,23571.8,,False
eia-capacity:2021-09:2022,eia:860m,https://www.eia.gov/electricity/data/eia860m/archive/xls/september_generator2021.xlsx,grid:planned-capacity,2021-09,2021-09-30T23:59:59+00:00,2021-09-30T23:59:59+00:00,2021-09-30T23:59:59+00:00,MW,downloaded,public_plan,29306.4,45829.7,,False
eia-capacity:2021-09:2023,eia:860m,https://www.eia.gov/electricity/data/eia860m/archive/xls/september_generator2021.xlsx,grid:planned-capacity,2021-09,2021-09-30T23:59:59+00:00,2021-09-30T23:59:59+00:00,2021-09-30T23:59:59+00:00,MW,downloaded,public_plan,17082.7,31847.7,,False
eia-capacity:2021-09:2024,eia:860m,https://www.eia.gov/electricity/data/eia860m/archive/xls/september_generator2021.xlsx,grid:planned-capacity,2021-09,2021-09-30T23:59:59+00:00,2021-09-30T23:59:59+00:00,2021-09-30T23:59:59+00:00,MW,downloaded,public_plan,6351.4,14813.7,,False
eia-capacity:2021-09:2025,eia:860m,https://www.eia.gov/electricity/data/eia860m/archive/xls/september_generator2021.xlsx,grid:planned-capacity,2021-09,2021-09-30T23:59:59+00:00,2021-09-30T23:59:59+00:00,2021-09-30T23:59:59+00:00,MW,downloaded,public_plan,4704.6,9432.0,,False
eia-capacity:2021-09:2026,eia:860m,https://www.eia.gov/electricity/data/eia860m/archive/xls/september_generator2021.xlsx,grid:planned-capacity,2021-09,2021-09-30T23:59:59+00:00,2021-09-30T23:59:59+00:00,2021-09-30T23:59:59+00:00,MW,downloaded,public_plan,1150.0,3072.8,,False
eia-capacity:2021-09:2027,eia:860m,https://www.eia.gov/electricity/data/eia860m/archive/xls/september_generator2021.xlsx,grid:planned-capacity,2021-09,2021-09-30T23:59:59+00:00,2021-09-30T23:59:59+00:00,2021-09-30T23:59:59+00:00,MW,downloaded,public_plan,209.6,3529.6,,False
eia-capacity:2021-10:2021,eia:860m,https://www.eia.gov/electricity/data/eia860m/archive/xls/october_generator2021.xlsx,grid:planned-capacity,2021-10,2021-10-31T23:59:59+00:00,2021-10-31T23:59:59+00:00,2021-10-31T23:59:59+00:00,MW,downloaded,public_plan,40491.7,17899.8,,False
eia-capacity:2021-10:2022,eia:860m,https://www.eia.gov/electricity/data/eia860m/archive/xls/october_generator2021.xlsx,grid:planned-capacity,2021-10,2021-10-31T23:59:59+00:00,2021-10-31T23:59:59+00:00,2021-10-31T23:59:59+00:00,MW,downloaded,public_plan,32294.3,47408.6,,False
eia-capacity:2021-10:2023,eia:860m,https://www.eia.gov/electricity/data/eia860m/archive/xls/october_generator2021.xlsx,grid:planned-capacity,2021-10,2021-10-31T23:59:59+00:00,2021-10-31T23:59:59+00:00,2021-10-31T23:59:59+00:00,MW,downloaded,public_plan,18593.7,33437.5,,False
eia-capacity:2021-10:2024,eia:860m,https://www.eia.gov/electricity/data/eia860m/archive/xls/october_generator2021.xlsx,grid:planned-capacity,2021-10,2021-10-31T23:59:59+00:00,2021-10-31T23:59:59+00:00,2021-10-31T23:59:59+00:00,MW,downloaded,public_plan,6451.6,14927.2,,False
eia-capacity:2021-10:2025,eia:860m,https://www.eia.gov/electricity/data/eia860m/archive/xls/october_generator2021.xlsx,grid:planned-capacity,2021-10,2021-10-31T23:59:59+00:00,2021-10-31T23:59:59+00:00,2021-10-31T23:59:59+00:00,MW,downloaded,public_plan,4734.6,9512.0,,False
eia-capacity:2021-10:2026,eia:860m,https://www.eia.gov/electricity/data/eia860m/archive/xls/october_generator2021.xlsx,grid:planned-capacity,2021-10,2021-10-31T23:59:59+00:00,2021-10-31T23:59:59+00:00,2021-10-31T23:59:59+00:00,MW,downloaded,public_plan,1150.0,3072.8,,False
eia-capacity:2021-10:2027,eia:860m,https://www.eia.gov/electricity/data/eia860m/archive/xls/october_generator2021.xlsx,grid:planned-capacity,2021-10,2021-10-31T23:59:59+00:00,2021-10-31T23:59:59+00:00,2021-10-31T23:59:59+00:00,MW,downloaded,public_plan,209.6,3529.6,,False
eia-capacity:2021-11:2021,eia:860m,https://www.eia.gov/electricity/data/eia860m/archive/xls/november_generator2021.xlsx,grid:planned-capacity,2021-11,2021-11-30T23:59:59+00:00,2021-11-30T23:59:59+00:00,2021-11-30T23:59:59+00:00,MW,downloaded,public_plan,43987.7,11800.1,,False
eia-capacity:2021-11:2022,eia:860m,https://www.eia.gov/electricity/data/eia860m/archive/xls/november_generator2021.xlsx,grid:planned-capacity,2021-11,2021-11-30T23:59:59+00:00,2021-11-30T23:59:59+00:00,2021-11-30T23:59:59+00:00,MW,downloaded,public_plan,35170.3,47503.3,,False
eia-capacity:2021-11:2023,eia:860m,https://www.eia.gov/electricity/data/eia860m/archive/xls/november_generator2021.xlsx,grid:planned-capacity,2021-11,2021-11-30T23:59:59+00:00,2021-11-30T23:59:59+00:00,2021-11-30T23:59:59+00:00,MW,downloaded,public_plan,25216.7,35509.0,,False
eia-capacity:2021-11:2024,eia:860m,https://www.eia.gov/electricity/data/eia860m/archive/xls/november_generator2021.xlsx,grid:planned-capacity,2021-11,2021-11-30T23:59:59+00:00,2021-11-30T23:59:59+00:00,2021-11-30T23:59:59+00:00,MW,downloaded,public_plan,6451.6,15263.3,,False
eia-capacity:2021-11:2025,eia:860m,https://www.eia.gov/electricity/data/eia860m/archive/xls/november_generator2021.xlsx,grid:planned-capacity,2021-11,2021-11-30T23:59:59+00:00,2021-11-30T23:59:59+00:00,2021-11-30T23:59:59+00:00,MW,downloaded,public_plan,4994.6,10980.5,,False
eia-capacity:2021-11:2026,eia:860m,https://www.eia.gov/electricity/data/eia860m/archive/xls/november_generator2021.xlsx,grid:planned-capacity,2021-11,2021-11-30T23:59:59+00:00,2021-11-30T23:59:59+00:00,2021-11-30T23:59:59+00:00,MW,downloaded,public_plan,1150.0,3074.3,,False
eia-capacity:2021-11:2027,eia:860m,https://www.eia.gov/electricity/data/eia860m/archive/xls/november_generator2021.xlsx,grid:planned-capacity,2021-11,2021-11-30T23:59:59+00:00,2021-11-30T23:59:59+00:00,2021-11-30T23:59:59+00:00,MW,downloaded,public_plan,209.6,3529.6,,False
eia-capacity:2021-12:2022,eia:860m,https://www.eia.gov/electricity/data/eia860m/archive/xls/december_generator2021.xlsx,grid:planned-capacity,2021-12,2021-12-31T23:59:59+00:00,2021-12-31T23:59:59+00:00,2021-12-31T23:59:59+00:00,MW,downloaded,public_plan,36750.6,49767.8,,False
eia-capacity:2021-12:2023,eia:860m,https://www.eia.gov/electricity/data/eia860m/archive/xls/december_generator2021.xlsx,grid:planned-capacity,2021-12,2021-12-31T23:59:59+00:00,2021-12-31T23:59:59+00:00,2021-12-31T23:59:59+00:00,MW,downloaded,public_plan,25266.8,37149.1,,False
eia-capacity:2021-12:2024,eia:860m,https://www.eia.gov/electricity/data/eia860m/archive/xls/december_generator2021.xlsx,grid:planned-capacity,2021-12,2021-12-31T23:59:59+00:00,2021-12-31T23:59:59+00:00,2021-12-31T23:59:59+00:00,MW,downloaded,public_plan,9763.1,19261.6,,False
eia-capacity:2021-12:2025,eia:860m,https://www.eia.gov/electricity/data/eia860m/archive/xls/december_generator2021.xlsx,grid:planned-capacity,2021-12,2021-12-31T23:59:59+00:00,2021-12-31T23:59:59+00:00,2021-12-31T23:59:59+00:00,MW,downloaded,public_plan,5591.4,9922.6,,False
eia-capacity:2021-12:2026,eia:860m,https://www.eia.gov/electricity/data/eia860m/archive/xls/december_generator2021.xlsx,grid:planned-capacity,2021-12,2021-12-31T23:59:59+00:00,2021-12-31T23:59:59+00:00,2021-12-31T23:59:59+00:00,MW,downloaded,public_plan,1150.0,4585.7,,False
eia-capacity:2021-12:2027,eia:860m,https://www.eia.gov/electricity/data/eia860m/archive/xls/december_generator2021.xlsx,grid:planned-capacity,2021-12,2021-12-31T23:59:59+00:00,2021-12-31T23:59:59+00:00,2021-12-31T23:59:59+00:00,MW,downloaded,public_plan,889.6,3529.6,,False
eia-capacity:2022-01:2022,eia:860m,https://www.eia.gov/electricity/data/eia860m/archive/xls/january_generator2022.xlsx,grid:planned-capacity,2022-01,2022-01-31T23:59:59+00:00,2022-01-31T23:59:59+00:00,2022-01-31T23:59:59+00:00,MW,downloaded,public_plan,36663.6,46038.2,,False
eia-capacity:2022-01:2023,eia:860m,https://www.eia.gov/electricity/data/eia860m/archive/xls/january_generator2022.xlsx,grid:planned-capacity,2022-01,2022-01-31T23:59:59+00:00,2022-01-31T23:59:59+00:00,2022-01-31T23:59:59+00:00,MW,downloaded,public_plan,24423.7,36595.8,,False
eia-capacity:2022-01:2024,eia:860m,https://www.eia.gov/electricity/data/eia860m/archive/xls/january_generator2022.xlsx,grid:planned-capacity,2022-01,2022-01-31T23:59:59+00:00,2022-01-31T23:59:59+00:00,2022-01-31T23:59:59+00:00,MW,downloaded,public_plan,10527.8,21207.9,,False
eia-capacity:2022-01:2025,eia:860m,https://www.eia.gov/electricity/data/eia860m/archive/xls/january_generator2022.xlsx,grid:planned-capacity,2022-01,2022-01-31T23:59:59+00:00,2022-01-31T23:59:59+00:00,2022-01-31T23:59:59+00:00,MW,downloaded,public_plan,8409.6,12948.5,,False
eia-capacity:2022-01:2026,eia:860m,https://www.eia.gov/electricity/data/eia860m/archive/xls/january_generator2022.xlsx,grid:planned-capacity,2022-01,2022-01-31T23:59:59+00:00,2022-01-31T23:59:59+00:00,2022-01-31T23:59:59+00:00,MW,downloaded,public_plan,1270.0,5816.4,,False
eia-capacity:2022-01:2027,eia:860m,https://www.eia.gov/electricity/data/eia860m/archive/xls/january_generator2022.xlsx,grid:planned-capacity,2022-01,2022-01-31T23:59:59+00:00,2022-01-31T23:59:59+00:00,2022-01-31T23:59:59+00:00,MW,downloaded,public_plan,889.6,2650.1,,False
eia-capacity:2022-02:2022,eia:860m,https://www.eia.gov/electricity/data/eia860m/archive/xls/february_generator2022.xlsx,grid:planned-capacity,2022-02,2022-02-28T23:59:59+00:00,2022-02-28T23:59:59+00:00,2022-02-28T23:59:59+00:00,MW,downloaded,public_plan,37348.3,44737.5,,False
eia-capacity:2022-02:2023,eia:860m,https://www.eia.gov/electricity/data/eia860m/archive/xls/february_generator2022.xlsx,grid:planned-capacity,2022-02,2022-02-28T23:59:59+00:00,2022-02-28T23:59:59+00:00,2022-02-28T23:59:59+00:00,MW,downloaded,public_plan,24425.9,40519.1,,False
eia-capacity:2022-02:2024,eia:860m,https://www.eia.gov/electricity/data/eia860m/archive/xls/february_generator2022.xlsx,grid:planned-capacity,2022-02,2022-02-28T23:59:59+00:00,2022-02-28T23:59:59+00:00,2022-02-28T23:59:59+00:00,MW,downloaded,public_plan,10526.7,22092.6,,False
eia-capacity:2022-02:2025,eia:860m,https://www.eia.gov/electricity/data/eia860m/archive/xls/february_generator2022.xlsx,grid:planned-capacity,2022-02,2022-02-28T23:59:59+00:00,2022-02-28T23:59:59+00:00,2022-02-28T23:59:59+00:00,MW,downloaded,public_plan,8833.1,12342.2,,False
eia-capacity:2022-02:2026,eia:860m,https://www.eia.gov/electricity/data/eia860m/archive/xls/february_generator2022.xlsx,grid:planned-capacity,2022-02,2022-02-28T23:59:59+00:00,2022-02-28T23:59:59+00:00,2022-02-28T23:59:59+00:00,MW,downloaded,public_plan,2020.0,5768.4,,False
eia-capacity:2022-02:2027,eia:860m,https://www.eia.gov/electricity/data/eia860m/archive/xls/february_generator2022.xlsx,grid:planned-capacity,2022-02,2022-02-28T23:59:59+00:00,2022-02-28T23:59:59+00:00,2022-02-28T23:59:59+00:00,MW,downloaded,public_plan,889.6,2850.1,,False
eia-capacity:2022-03:2022,eia:860m,https://www.eia.gov/electricity/data/eia860m/archive/xls/march_generator2022.xlsx,grid:planned-capacity,2022-03,2022-03-31T23:59:59+00:00,2022-03-31T23:59:59+00:00,2022-03-31T23:59:59+00:00,MW,downloaded,public_plan,38426.6,41538.3,,False
eia-capacity:2022-03:2023,eia:860m,https://www.eia.gov/electricity/data/eia860m/archive/xls/march_generator2022.xlsx,grid:planned-capacity,2022-03,2022-03-31T23:59:59+00:00,2022-03-31T23:59:59+00:00,2022-03-31T23:59:59+00:00,MW,downloaded,public_plan,25595.0,42756.5,,False
eia-capacity:2022-03:2024,eia:860m,https://www.eia.gov/electricity/data/eia860m/archive/xls/march_generator2022.xlsx,grid:planned-capacity,2022-03,2022-03-31T23:59:59+00:00,2022-03-31T23:59:59+00:00,2022-03-31T23:59:59+00:00,MW,downloaded,public_plan,10606.7,22403.7,,False
eia-capacity:2022-03:2025,eia:860m,https://www.eia.gov/electricity/data/eia860m/archive/xls/march_generator2022.xlsx,grid:planned-capacity,2022-03,2022-03-31T23:59:59+00:00,2022-03-31T23:59:59+00:00,2022-03-31T23:59:59+00:00,MW,downloaded,public_plan,8833.1,12486.2,,False
eia-capacity:2022-03:2026,eia:860m,https://www.eia.gov/electricity/data/eia860m/archive/xls/march_generator2022.xlsx,grid:planned-capacity,2022-03,2022-03-31T23:59:59+00:00,2022-03-31T23:59:59+00:00,2022-03-31T23:59:59+00:00,MW,downloaded,public_plan,2020.0,5779.9,,False
eia-capacity:2022-03:2027,eia:860m,https://www.eia.gov/electricity/data/eia860m/archive/xls/march_generator2022.xlsx,grid:planned-capacity,2022-03,2022-03-31T23:59:59+00:00,2022-03-31T23:59:59+00:00,2022-03-31T23:59:59+00:00,MW,downloaded,public_plan,3529.6,2850.1,,False
eia-capacity:2022-04:2022,eia:860m,https://www.eia.gov/electricity/data/eia860m/archive/xls/april_generator2022.xlsx,grid:planned-capacity,2022-04,2022-04-30T23:59:59+00:00,2022-04-30T23:59:59+00:00,2022-04-30T23:59:59+00:00,MW,downloaded,public_plan,40133.9,38544.9,,False
eia-capacity:2022-04:2023,eia:860m,https://www.eia.gov/electricity/data/eia860m/archive/xls/april_generator2022.xlsx,grid:planned-capacity,2022-04,2022-04-30T23:59:59+00:00,2022-04-30T23:59:59+00:00,2022-04-30T23:59:59+00:00,MW,downloaded,public_plan,26461.7,43898.0,,False
eia-capacity:2022-04:2024,eia:860m,https://www.eia.gov/electricity/data/eia860m/archive/xls/april_generator2022.xlsx,grid:planned-capacity,2022-04,2022-04-30T23:59:59+00:00,2022-04-30T23:59:59+00:00,2022-04-30T23:59:59+00:00,MW,downloaded,public_plan,12130.7,24002.7,,False
eia-capacity:2022-04:2025,eia:860m,https://www.eia.gov/electricity/data/eia860m/archive/xls/april_generator2022.xlsx,grid:planned-capacity,2022-04,2022-04-30T23:59:59+00:00,2022-04-30T23:59:59+00:00,2022-04-30T23:59:59+00:00,MW,downloaded,public_plan,9163.1,13263.3,,False
eia-capacity:2022-04:2026,eia:860m,https://www.eia.gov/electricity/data/eia860m/archive/xls/april_generator2022.xlsx,grid:planned-capacity,2022-04,2022-04-30T23:59:59+00:00,2022-04-30T23:59:59+00:00,2022-04-30T23:59:59+00:00,MW,downloaded,public_plan,2020.0,6323.8,,False
eia-capacity:2022-04:2027,eia:860m,https://www.eia.gov/electricity/data/eia860m/archive/xls/april_generator2022.xlsx,grid:planned-capacity,2022-04,2022-04-30T23:59:59+00:00,2022-04-30T23:59:59+00:00,2022-04-30T23:59:59+00:00,MW,downloaded,public_plan,3529.6,2850.1,,False
eia-capacity:2022-05:2022,eia:860m,https://www.eia.gov/electricity/data/eia860m/archive/xls/may_generator2022.xlsx,grid:planned-capacity,2022-05,2022-05-31T23:59:59+00:00,2022-05-31T23:59:59+00:00,2022-05-31T23:59:59+00:00,MW,downloaded,public_plan,40123.1,35165.9,,False
eia-capacity:2022-05:2023,eia:860m,https://www.eia.gov/electricity/data/eia860m/archive/xls/may_generator2022.xlsx,grid:planned-capacity,2022-05,2022-05-31T23:59:59+00:00,2022-05-31T23:59:59+00:00,2022-05-31T23:59:59+00:00,MW,downloaded,public_plan,26772.1,44521.8,,False
eia-capacity:2022-05:2024,eia:860m,https://www.eia.gov/electricity/data/eia860m/archive/xls/may_generator2022.xlsx,grid:planned-capacity,2022-05,2022-05-31T23:59:59+00:00,2022-05-31T23:59:59+00:00,2022-05-31T23:59:59+00:00,MW,downloaded,public_plan,12130.7,24148.9,,False
eia-capacity:2022-05:2025,eia:860m,https://www.eia.gov/electricity/data/eia860m/archive/xls/may_generator2022.xlsx,grid:planned-capacity,2022-05,2022-05-31T23:59:59+00:00,2022-05-31T23:59:59+00:00,2022-05-31T23:59:59+00:00,MW,downloaded,public_plan,9163.1,14289.3,,False
eia-capacity:2022-05:2026,eia:860m,https://www.eia.gov/electricity/data/eia860m/archive/xls/may_generator2022.xlsx,grid:planned-capacity,2022-05,2022-05-31T23:59:59+00:00,2022-05-31T23:59:59+00:00,2022-05-31T23:59:59+00:00,MW,downloaded,public_plan,2020.0,6323.8,,False
eia-capacity:2022-05:2027,eia:860m,https://www.eia.gov/electricity/data/eia860m/archive/xls/may_generator2022.xlsx,grid:planned-capacity,2022-05,2022-05-31T23:59:59+00:00,2022-05-31T23:59:59+00:00,2022-05-31T23:59:59+00:00,MW,downloaded,public_plan,3529.6,2850.1,,False
eia-capacity:2022-06:2022,eia:860m,https://www.eia.gov/electricity/data/eia860m/archive/xls/june_generator2022.xlsx,grid:planned-capacity,2022-06,2022-06-30T23:59:59+00:00,2022-06-30T23:59:59+00:00,2022-06-30T23:59:59+00:00,MW,downloaded,public_plan,39936.6,29938.5,,False
eia-capacity:2022-06:2023,eia:860m,https://www.eia.gov/electricity/data/eia860m/archive/xls/june_generator2022.xlsx,grid:planned-capacity,2022-06,2022-06-30T23:59:59+00:00,2022-06-30T23:59:59+00:00,2022-06-30T23:59:59+00:00,MW,downloaded,public_plan,26559.0,44638.4,,False
eia-capacity:2022-06:2024,eia:860m,https://www.eia.gov/electricity/data/eia860m/archive/xls/june_generator2022.xlsx,grid:planned-capacity,2022-06,2022-06-30T23:59:59+00:00,2022-06-30T23:59:59+00:00,2022-06-30T23:59:59+00:00,MW,downloaded,public_plan,12873.7,24848.7,,False
eia-capacity:2022-06:2025,eia:860m,https://www.eia.gov/electricity/data/eia860m/archive/xls/june_generator2022.xlsx,grid:planned-capacity,2022-06,2022-06-30T23:59:59+00:00,2022-06-30T23:59:59+00:00,2022-06-30T23:59:59+00:00,MW,downloaded,public_plan,10436.0,14789.3,,False
eia-capacity:2022-06:2026,eia:860m,https://www.eia.gov/electricity/data/eia860m/archive/xls/june_generator2022.xlsx,grid:planned-capacity,2022-06,2022-06-30T23:59:59+00:00,2022-06-30T23:59:59+00:00,2022-06-30T23:59:59+00:00,MW,downloaded,public_plan,3072.8,6562.3,,False
eia-capacity:2022-06:2027,eia:860m,https://www.eia.gov/electricity/data/eia860m/archive/xls/june_generator2022.xlsx,grid:planned-capacity,2022-06,2022-06-30T23:59:59+00:00,2022-06-30T23:59:59+00:00,2022-06-30T23:59:59+00:00,MW,downloaded,public_plan,3529.6,2925.1,,False
eia-capacity:2022-06:2030,eia:860m,https://www.eia.gov/electricity/data/eia860m/archive/xls/june_generator2022.xlsx,grid:planned-capacity,2022-06,2022-06-30T23:59:59+00:00,2022-06-30T23:59:59+00:00,2022-06-30T23:59:59+00:00,MW,downloaded,public_plan,222.8,607.8,,False
eia-capacity:2022-07:2022,eia:860m,https://www.eia.gov/electricity/data/eia860m/archive/xls/july_generator2022.xlsx,grid:planned-capacity,2022-07,2022-07-31T23:59:59+00:00,2022-07-31T23:59:59+00:00,2022-07-31T23:59:59+00:00,MW,downloaded,public_plan,42366.4,28307.0,,False
eia-capacity:2022-07:2023,eia:860m,https://www.eia.gov/electricity/data/eia860m/archive/xls/july_generator2022.xlsx,grid:planned-capacity,2022-07,2022-07-31T23:59:59+00:00,2022-07-31T23:59:59+00:00,2022-07-31T23:59:59+00:00,MW,downloaded,public_plan,27612.0,46852.4,,False
eia-capacity:2022-07:2024,eia:860m,https://www.eia.gov/electricity/data/eia860m/archive/xls/july_generator2022.xlsx,grid:planned-capacity,2022-07,2022-07-31T23:59:59+00:00,2022-07-31T23:59:59+00:00,2022-07-31T23:59:59+00:00,MW,downloaded,public_plan,14343.7,25741.7,,False
eia-capacity:2022-07:2025,eia:860m,https://www.eia.gov/electricity/data/eia860m/archive/xls/july_generator2022.xlsx,grid:planned-capacity,2022-07,2022-07-31T23:59:59+00:00,2022-07-31T23:59:59+00:00,2022-07-31T23:59:59+00:00,MW,downloaded,public_plan,10436.0,14178.6,,False
eia-capacity:2022-07:2026,eia:860m,https://www.eia.gov/electricity/data/eia860m/archive/xls/july_generator2022.xlsx,grid:planned-capacity,2022-07,2022-07-31T23:59:59+00:00,2022-07-31T23:59:59+00:00,2022-07-31T23:59:59+00:00,MW,downloaded,public_plan,3072.8,7839.1,,False
eia-capacity:2022-07:2027,eia:860m,https://www.eia.gov/electricity/data/eia860m/archive/xls/july_generator2022.xlsx,grid:planned-capacity,2022-07,2022-07-31T23:59:59+00:00,2022-07-31T23:59:59+00:00,2022-07-31T23:59:59+00:00,MW,downloaded,public_plan,3529.6,2925.1,,False
eia-capacity:2022-07:2030,eia:860m,https://www.eia.gov/electricity/data/eia860m/archive/xls/july_generator2022.xlsx,grid:planned-capacity,2022-07,2022-07-31T23:59:59+00:00,2022-07-31T23:59:59+00:00,2022-07-31T23:59:59+00:00,MW,downloaded,public_plan,222.8,607.8,,False
eia-capacity:2022-08:2022,eia:860m,https://www.eia.gov/electricity/data/eia860m/archive/xls/august_generator2022.xlsx,grid:planned-capacity,2022-08,2022-08-31T23:59:59+00:00,2022-08-31T23:59:59+00:00,2022-08-31T23:59:59+00:00,MW,downloaded,public_plan,42615.5,25468.8,,False
eia-capacity:2022-08:2023,eia:860m,https://www.eia.gov/electricity/data/eia860m/archive/xls/august_generator2022.xlsx,grid:planned-capacity,2022-08,2022-08-31T23:59:59+00:00,2022-08-31T23:59:59+00:00,2022-08-31T23:59:59+00:00,MW,downloaded,public_plan,27862.0,50195.5,,False
eia-capacity:2022-08:2024,eia:860m,https://www.eia.gov/electricity/data/eia860m/archive/xls/august_generator2022.xlsx,grid:planned-capacity,2022-08,2022-08-31T23:59:59+00:00,2022-08-31T23:59:59+00:00,2022-08-31T23:59:59+00:00,MW,downloaded,public_plan,14363.7,41200.5,,False
eia-capacity:2022-08:2025,eia:860m,https://www.eia.gov/electricity/data/eia860m/archive/xls/august_generator2022.xlsx,grid:planned-capacity,2022-08,2022-08-31T23:59:59+00:00,2022-08-31T23:59:59+00:00,2022-08-31T23:59:59+00:00,MW,downloaded,public_plan,9432.0,18912.9,,False
eia-capacity:2022-08:2026,eia:860m,https://www.eia.gov/electricity/data/eia860m/archive/xls/august_generator2022.xlsx,grid:planned-capacity,2022-08,2022-08-31T23:59:59+00:00,2022-08-31T23:59:59+00:00,2022-08-31T23:59:59+00:00,MW,downloaded,public_plan,3072.8,8572.6,,False
eia-capacity:2022-08:2027,eia:860m,https://www.eia.gov/electricity/data/eia860m/archive/xls/august_generator2022.xlsx,grid:planned-capacity,2022-08,2022-08-31T23:59:59+00:00,2022-08-31T23:59:59+00:00,2022-08-31T23:59:59+00:00,MW,downloaded,public_plan,3529.6,5175.1,,False
eia-capacity:2022-08:2030,eia:860m,https://www.eia.gov/electricity/data/eia860m/archive/xls/august_generator2022.xlsx,grid:planned-capacity,2022-08,2022-08-31T23:59:59+00:00,2022-08-31T23:59:59+00:00,2022-08-31T23:59:59+00:00,MW,downloaded,public_plan,222.8,607.8,,False
eia-capacity:2022-09:2022,eia:860m,https://www.eia.gov/electricity/data/eia860m/archive/xls/september_generator2022.xlsx,grid:planned-capacity,2022-09,2022-09-30T23:59:59+00:00,2022-09-30T23:59:59+00:00,2022-09-30T23:59:59+00:00,MW,downloaded,public_plan,45829.7,19786.4,,False
eia-capacity:2022-09:2023,eia:860m,https://www.eia.gov/electricity/data/eia860m/archive/xls/september_generator2022.xlsx,grid:planned-capacity,2022-09,2022-09-30T23:59:59+00:00,2022-09-30T23:59:59+00:00,2022-09-30T23:59:59+00:00,MW,downloaded,public_plan,31847.7,53449.1,,False
eia-capacity:2022-09:2024,eia:860m,https://www.eia.gov/electricity/data/eia860m/archive/xls/september_generator2022.xlsx,grid:planned-capacity,2022-09,2022-09-30T23:59:59+00:00,2022-09-30T23:59:59+00:00,2022-09-30T23:59:59+00:00,MW,downloaded,public_plan,14813.7,41436.5,,False
eia-capacity:2022-09:2025,eia:860m,https://www.eia.gov/electricity/data/eia860m/archive/xls/september_generator2022.xlsx,grid:planned-capacity,2022-09,2022-09-30T23:59:59+00:00,2022-09-30T23:59:59+00:00,2022-09-30T23:59:59+00:00,MW,downloaded,public_plan,9432.0,18912.9,,False
eia-capacity:2022-09:2026,eia:860m,https://www.eia.gov/electricity/data/eia860m/archive/xls/september_generator2022.xlsx,grid:planned-capacity,2022-09,2022-09-30T23:59:59+00:00,2022-09-30T23:59:59+00:00,2022-09-30T23:59:59+00:00,MW,downloaded,public_plan,3072.8,8572.6,,False
eia-capacity:2022-09:2027,eia:860m,https://www.eia.gov/electricity/data/eia860m/archive/xls/september_generator2022.xlsx,grid:planned-capacity,2022-09,2022-09-30T23:59:59+00:00,2022-09-30T23:59:59+00:00,2022-09-30T23:59:59+00:00,MW,downloaded,public_plan,3529.6,5175.1,,False
eia-capacity:2022-09:2030,eia:860m,https://www.eia.gov/electricity/data/eia860m/archive/xls/september_generator2022.xlsx,grid:planned-capacity,2022-09,2022-09-30T23:59:59+00:00,2022-09-30T23:59:59+00:00,2022-09-30T23:59:59+00:00,MW,downloaded,public_plan,222.8,607.8,,False
eia-capacity:2022-10:2022,eia:860m,https://www.eia.gov/electricity/data/eia860m/archive/xls/october_generator2022.xlsx,grid:planned-capacity,2022-10,2022-10-31T23:59:59+00:00,2022-10-31T23:59:59+00:00,2022-10-31T23:59:59+00:00,MW,downloaded,public_plan,47408.6,16484.4,,False
eia-capacity:2022-10:2023,eia:860m,https://www.eia.gov/electricity/data/eia860m/archive/xls/october_generator2022.xlsx,grid:planned-capacity,2022-10,2022-10-31T23:59:59+00:00,2022-10-31T23:59:59+00:00,2022-10-31T23:59:59+00:00,MW,downloaded,public_plan,33437.5,56044.0,,False
eia-capacity:2022-10:2024,eia:860m,https://www.eia.gov/electricity/data/eia860m/archive/xls/october_generator2022.xlsx,grid:planned-capacity,2022-10,2022-10-31T23:59:59+00:00,2022-10-31T23:59:59+00:00,2022-10-31T23:59:59+00:00,MW,downloaded,public_plan,14927.2,42599.5,,False
eia-capacity:2022-10:2025,eia:860m,https://www.eia.gov/electricity/data/eia860m/archive/xls/october_generator2022.xlsx,grid:planned-capacity,2022-10,2022-10-31T23:59:59+00:00,2022-10-31T23:59:59+00:00,2022-10-31T23:59:59+00:00,MW,downloaded,public_plan,9512.0,20178.9,,False
eia-capacity:2022-10:2026,eia:860m,https://www.eia.gov/electricity/data/eia860m/archive/xls/october_generator2022.xlsx,grid:planned-capacity,2022-10,2022-10-31T23:59:59+00:00,2022-10-31T23:59:59+00:00,2022-10-31T23:59:59+00:00,MW,downloaded,public_plan,3072.8,8772.6,,False
eia-capacity:2022-10:2027,eia:860m,https://www.eia.gov/electricity/data/eia860m/archive/xls/october_generator2022.xlsx,grid:planned-capacity,2022-10,2022-10-31T23:59:59+00:00,2022-10-31T23:59:59+00:00,2022-10-31T23:59:59+00:00,MW,downloaded,public_plan,3529.6,5175.1,,False
eia-capacity:2022-10:2030,eia:860m,https://www.eia.gov/electricity/data/eia860m/archive/xls/october_generator2022.xlsx,grid:planned-capacity,2022-10,2022-10-31T23:59:59+00:00,2022-10-31T23:59:59+00:00,2022-10-31T23:59:59+00:00,MW,downloaded,public_plan,222.8,607.8,,False
eia-capacity:2022-11:2022,eia:860m,https://www.eia.gov/electricity/data/eia860m/archive/xls/november_generator2022.xlsx,grid:planned-capacity,2022-11,2022-11-30T23:59:59+00:00,2022-11-30T23:59:59+00:00,2022-11-30T23:59:59+00:00,MW,downloaded,public_plan,47503.3,7997.7,,False
eia-capacity:2022-11:2023,eia:860m,https://www.eia.gov/electricity/data/eia860m/archive/xls/november_generator2022.xlsx,grid:planned-capacity,2022-11,2022-11-30T23:59:59+00:00,2022-11-30T23:59:59+00:00,2022-11-30T23:59:59+00:00,MW,downloaded,public_plan,35509.0,59770.0,,False
eia-capacity:2022-11:2024,eia:860m,https://www.eia.gov/electricity/data/eia860m/archive/xls/november_generator2022.xlsx,grid:planned-capacity,2022-11,2022-11-30T23:59:59+00:00,2022-11-30T23:59:59+00:00,2022-11-30T23:59:59+00:00,MW,downloaded,public_plan,15263.3,46262.0,,False
eia-capacity:2022-11:2025,eia:860m,https://www.eia.gov/electricity/data/eia860m/archive/xls/november_generator2022.xlsx,grid:planned-capacity,2022-11,2022-11-30T23:59:59+00:00,2022-11-30T23:59:59+00:00,2022-11-30T23:59:59+00:00,MW,downloaded,public_plan,10980.5,20667.9,,False
eia-capacity:2022-11:2026,eia:860m,https://www.eia.gov/electricity/data/eia860m/archive/xls/november_generator2022.xlsx,grid:planned-capacity,2022-11,2022-11-30T23:59:59+00:00,2022-11-30T23:59:59+00:00,2022-11-30T23:59:59+00:00,MW,downloaded,public_plan,3074.3,9063.3,,False
eia-capacity:2022-11:2027,eia:860m,https://www.eia.gov/electricity/data/eia860m/archive/xls/november_generator2022.xlsx,grid:planned-capacity,2022-11,2022-11-30T23:59:59+00:00,2022-11-30T23:59:59+00:00,2022-11-30T23:59:59+00:00,MW,downloaded,public_plan,3529.6,5175.1,,False
eia-capacity:2022-11:2030,eia:860m,https://www.eia.gov/electricity/data/eia860m/archive/xls/november_generator2022.xlsx,grid:planned-capacity,2022-11,2022-11-30T23:59:59+00:00,2022-11-30T23:59:59+00:00,2022-11-30T23:59:59+00:00,MW,downloaded,public_plan,222.8,607.8,,False
eia-capacity:2022-12:2022,eia:860m,https://www.eia.gov/electricity/data/eia860m/archive/xls/december_generator2022.xlsx,grid:planned-capacity,2022-12,2022-12-31T23:59:59+00:00,2022-12-31T23:59:59+00:00,2022-12-31T23:59:59+00:00,MW,downloaded,public_plan,49767.8,1667.1,,False
eia-capacity:2022-12:2023,eia:860m,https://www.eia.gov/electricity/data/eia860m/archive/xls/december_generator2022.xlsx,grid:planned-capacity,2022-12,2022-12-31T23:59:59+00:00,2022-12-31T23:59:59+00:00,2022-12-31T23:59:59+00:00,MW,downloaded,public_plan,37149.1,55522.1,,False
eia-capacity:2022-12:2024,eia:860m,https://www.eia.gov/electricity/data/eia860m/archive/xls/december_generator2022.xlsx,grid:planned-capacity,2022-12,2022-12-31T23:59:59+00:00,2022-12-31T23:59:59+00:00,2022-12-31T23:59:59+00:00,MW,downloaded,public_plan,19261.6,49568.8,,False
eia-capacity:2022-12:2025,eia:860m,https://www.eia.gov/electricity/data/eia860m/archive/xls/december_generator2022.xlsx,grid:planned-capacity,2022-12,2022-12-31T23:59:59+00:00,2022-12-31T23:59:59+00:00,2022-12-31T23:59:59+00:00,MW,downloaded,public_plan,9922.6,23406.9,,False
eia-capacity:2022-12:2026,eia:860m,https://www.eia.gov/electricity/data/eia860m/archive/xls/december_generator2022.xlsx,grid:planned-capacity,2022-12,2022-12-31T23:59:59+00:00,2022-12-31T23:59:59+00:00,2022-12-31T23:59:59+00:00,MW,downloaded,public_plan,4585.7,11143.0,,False
eia-capacity:2022-12:2027,eia:860m,https://www.eia.gov/electricity/data/eia860m/archive/xls/december_generator2022.xlsx,grid:planned-capacity,2022-12,2022-12-31T23:59:59+00:00,2022-12-31T23:59:59+00:00,2022-12-31T23:59:59+00:00,MW,downloaded,public_plan,3529.6,5225.1,,False
eia-capacity:2022-12:2030,eia:860m,https://www.eia.gov/electricity/data/eia860m/archive/xls/december_generator2022.xlsx,grid:planned-capacity,2022-12,2022-12-31T23:59:59+00:00,2022-12-31T23:59:59+00:00,2022-12-31T23:59:59+00:00,MW,downloaded,public_plan,222.8,607.8,,False
eia-capacity:2023-01:2023,eia:860m,https://www.eia.gov/electricity/data/eia860m/archive/xls/january_generator2023.xlsx,grid:planned-capacity,2023-01,2023-01-31T23:59:59+00:00,2023-01-31T23:59:59+00:00,2023-01-31T23:59:59+00:00,MW,downloaded,public_plan,36595.8,52045.7,,False
eia-capacity:2023-01:2024,eia:860m,https://www.eia.gov/electricity/data/eia860m/archive/xls/january_generator2023.xlsx,grid:planned-capacity,2023-01,2023-01-31T23:59:59+00:00,2023-01-31T23:59:59+00:00,2023-01-31T23:59:59+00:00,MW,downloaded,public_plan,21207.9,50692.0,,False
eia-capacity:2023-01:2025,eia:860m,https://www.eia.gov/electricity/data/eia860m/archive/xls/january_generator2023.xlsx,grid:planned-capacity,2023-01,2023-01-31T23:59:59+00:00,2023-01-31T23:59:59+00:00,2023-01-31T23:59:59+00:00,MW,downloaded,public_plan,12948.5,26345.9,,False
eia-capacity:2023-01:2026,eia:860m,https://www.eia.gov/electricity/data/eia860m/archive/xls/january_generator2023.xlsx,grid:planned-capacity,2023-01,2023-01-31T23:59:59+00:00,2023-01-31T23:59:59+00:00,2023-01-31T23:59:59+00:00,MW,downloaded,public_plan,5816.4,10833.6,,False
eia-capacity:2023-01:2027,eia:860m,https://www.eia.gov/electricity/data/eia860m/archive/xls/january_generator2023.xlsx,grid:planned-capacity,2023-01,2023-01-31T23:59:59+00:00,2023-01-31T23:59:59+00:00,2023-01-31T23:59:59+00:00,MW,downloaded,public_plan,2650.1,6312.1,,False
eia-capacity:2023-01:2028,eia:860m,https://www.eia.gov/electricity/data/eia860m/archive/xls/january_generator2023.xlsx,grid:planned-capacity,2023-01,2023-01-31T23:59:59+00:00,2023-01-31T23:59:59+00:00,2023-01-31T23:59:59+00:00,MW,downloaded,public_plan,735.0,829.9,,False
eia-capacity:2023-01:2029,eia:860m,https://www.eia.gov/electricity/data/eia860m/archive/xls/january_generator2023.xlsx,grid:planned-capacity,2023-01,2023-01-31T23:59:59+00:00,2023-01-31T23:59:59+00:00,2023-01-31T23:59:59+00:00,MW,downloaded,public_plan,1225.0,1325.0,,False
eia-capacity:2023-01:2030,eia:860m,https://www.eia.gov/electricity/data/eia860m/archive/xls/january_generator2023.xlsx,grid:planned-capacity,2023-01,2023-01-31T23:59:59+00:00,2023-01-31T23:59:59+00:00,2023-01-31T23:59:59+00:00,MW,downloaded,public_plan,607.8,607.8,,False
eia-capacity:2023-02:2023,eia:860m,https://www.eia.gov/electricity/data/eia860m/archive/xls/february_generator2023.xlsx,grid:planned-capacity,2023-02,2023-02-28T23:59:59+00:00,2023-02-28T23:59:59+00:00,2023-02-28T23:59:59+00:00,MW,downloaded,public_plan,40519.1,49141.5,,False
eia-capacity:2023-02:2024,eia:860m,https://www.eia.gov/electricity/data/eia860m/archive/xls/february_generator2023.xlsx,grid:planned-capacity,2023-02,2023-02-28T23:59:59+00:00,2023-02-28T23:59:59+00:00,2023-02-28T23:59:59+00:00,MW,downloaded,public_plan,22092.6,51156.7,,False
eia-capacity:2023-02:2025,eia:860m,https://www.eia.gov/electricity/data/eia860m/archive/xls/february_generator2023.xlsx,grid:planned-capacity,2023-02,2023-02-28T23:59:59+00:00,2023-02-28T23:59:59+00:00,2023-02-28T23:59:59+00:00,MW,downloaded,public_plan,12342.2,27342.3,,False
eia-capacity:2023-02:2026,eia:860m,https://www.eia.gov/electricity/data/eia860m/archive/xls/february_generator2023.xlsx,grid:planned-capacity,2023-02,2023-02-28T23:59:59+00:00,2023-02-28T23:59:59+00:00,2023-02-28T23:59:59+00:00,MW,downloaded,public_plan,5768.4,10490.8,,False
eia-capacity:2023-02:2027,eia:860m,https://www.eia.gov/electricity/data/eia860m/archive/xls/february_generator2023.xlsx,grid:planned-capacity,2023-02,2023-02-28T23:59:59+00:00,2023-02-28T23:59:59+00:00,2023-02-28T23:59:59+00:00,MW,downloaded,public_plan,2850.1,9746.7,,False
eia-capacity:2023-02:2028,eia:860m,https://www.eia.gov/electricity/data/eia860m/archive/xls/february_generator2023.xlsx,grid:planned-capacity,2023-02,2023-02-28T23:59:59+00:00,2023-02-28T23:59:59+00:00,2023-02-28T23:59:59+00:00,MW,downloaded,public_plan,735.0,1026.4,,False
eia-capacity:2023-02:2029,eia:860m,https://www.eia.gov/electricity/data/eia860m/archive/xls/february_generator2023.xlsx,grid:planned-capacity,2023-02,2023-02-28T23:59:59+00:00,2023-02-28T23:59:59+00:00,2023-02-28T23:59:59+00:00,MW,downloaded,public_plan,1225.0,2075.0,,False
eia-capacity:2023-02:2030,eia:860m,https://www.eia.gov/electricity/data/eia860m/archive/xls/february_generator2023.xlsx,grid:planned-capacity,2023-02,2023-02-28T23:59:59+00:00,2023-02-28T23:59:59+00:00,2023-02-28T23:59:59+00:00,MW,downloaded,public_plan,607.8,607.8,,False
eia-capacity:2023-03:2023,eia:860m,https://www.eia.gov/electricity/data/eia860m/archive/xls/march_generator2023.xlsx,grid:planned-capacity,2023-03,2023-03-31T23:59:59+00:00,2023-03-31T23:59:59+00:00,2023-03-31T23:59:59+00:00,MW,downloaded,public_plan,42756.5,47421.7,,False
eia-capacity:2023-03:2024,eia:860m,https://www.eia.gov/electricity/data/eia860m/archive/xls/march_generator2023.xlsx,grid:planned-capacity,2023-03,2023-03-31T23:59:59+00:00,2023-03-31T23:59:59+00:00,2023-03-31T23:59:59+00:00,MW,downloaded,public_plan,22403.7,52463.9,,False
eia-capacity:2023-03:2025,eia:860m,https://www.eia.gov/electricity/data/eia860m/archive/xls/march_generator2023.xlsx,grid:planned-capacity,2023-03,2023-03-31T23:59:59+00:00,2023-03-31T23:59:59+00:00,2023-03-31T23:59:59+00:00,MW,downloaded,public_plan,12486.2,31161.1,,False
eia-capacity:2023-03:2026,eia:860m,https://www.eia.gov/electricity/data/eia860m/archive/xls/march_generator2023.xlsx,grid:planned-capacity,2023-03,2023-03-31T23:59:59+00:00,2023-03-31T23:59:59+00:00,2023-03-31T23:59:59+00:00,MW,downloaded,public_plan,5779.9,11674.6,,False
eia-capacity:2023-03:2027,eia:860m,https://www.eia.gov/electricity/data/eia860m/archive/xls/march_generator2023.xlsx,grid:planned-capacity,2023-03,2023-03-31T23:59:59+00:00,2023-03-31T23:59:59+00:00,2023-03-31T23:59:59+00:00,MW,downloaded,public_plan,2850.1,9911.7,,False
eia-capacity:2023-03:2028,eia:860m,https://www.eia.gov/electricity/data/eia860m/archive/xls/march_generator2023.xlsx,grid:planned-capacity,2023-03,2023-03-31T23:59:59+00:00,2023-03-31T23:59:59+00:00,2023-03-31T23:59:59+00:00,MW,downloaded,public_plan,735.0,1026.4,,False
eia-capacity:2023-03:2029,eia:860m,https://www.eia.gov/electricity/data/eia860m/archive/xls/march_generator2023.xlsx,grid:planned-capacity,2023-03,2023-03-31T23:59:59+00:00,2023-03-31T23:59:59+00:00,2023-03-31T23:59:59+00:00,MW,downloaded,public_plan,1225.0,2075.0,,False
eia-capacity:2023-03:2030,eia:860m,https://www.eia.gov/electricity/data/eia860m/archive/xls/march_generator2023.xlsx,grid:planned-capacity,2023-03,2023-03-31T23:59:59+00:00,2023-03-31T23:59:59+00:00,2023-03-31T23:59:59+00:00,MW,downloaded,public_plan,607.8,607.8,,False
eia-capacity:2023-04:2023,eia:860m,https://www.eia.gov/electricity/data/eia860m/archive/xls/april_generator2023.xlsx,grid:planned-capacity,2023-04,2023-04-30T23:59:59+00:00,2023-04-30T23:59:59+00:00,2023-04-30T23:59:59+00:00,MW,downloaded,public_plan,43898.0,42751.0,,False
eia-capacity:2023-04:2024,eia:860m,https://www.eia.gov/electricity/data/eia860m/archive/xls/april_generator2023.xlsx,grid:planned-capacity,2023-04,2023-04-30T23:59:59+00:00,2023-04-30T23:59:59+00:00,2023-04-30T23:59:59+00:00,MW,downloaded,public_plan,24002.7,54997.5,,False
eia-capacity:2023-04:2025,eia:860m,https://www.eia.gov/electricity/data/eia860m/archive/xls/april_generator2023.xlsx,grid:planned-capacity,2023-04,2023-04-30T23:59:59+00:00,2023-04-30T23:59:59+00:00,2023-04-30T23:59:59+00:00,MW,downloaded,public_plan,13263.3,31543.7,,False
eia-capacity:2023-04:2026,eia:860m,https://www.eia.gov/electricity/data/eia860m/archive/xls/april_generator2023.xlsx,grid:planned-capacity,2023-04,2023-04-30T23:59:59+00:00,2023-04-30T23:59:59+00:00,2023-04-30T23:59:59+00:00,MW,downloaded,public_plan,6323.8,13374.1,,False
eia-capacity:2023-04:2027,eia:860m,https://www.eia.gov/electricity/data/eia860m/archive/xls/april_generator2023.xlsx,grid:planned-capacity,2023-04,2023-04-30T23:59:59+00:00,2023-04-30T23:59:59+00:00,2023-04-30T23:59:59+00:00,MW,downloaded,public_plan,2850.1,9961.7,,False
eia-capacity:2023-04:2028,eia:860m,https://www.eia.gov/electricity/data/eia860m/archive/xls/april_generator2023.xlsx,grid:planned-capacity,2023-04,2023-04-30T23:59:59+00:00,2023-04-30T23:59:59+00:00,2023-04-30T23:59:59+00:00,MW,downloaded,public_plan,735.0,1526.4,,False
eia-capacity:2023-04:2029,eia:860m,https://www.eia.gov/electricity/data/eia860m/archive/xls/april_generator2023.xlsx,grid:planned-capacity,2023-04,2023-04-30T23:59:59+00:00,2023-04-30T23:59:59+00:00,2023-04-30T23:59:59+00:00,MW,downloaded,public_plan,1225.0,2075.0,,False
eia-capacity:2023-04:2030,eia:860m,https://www.eia.gov/electricity/data/eia860m/archive/xls/april_generator2023.xlsx,grid:planned-capacity,2023-04,2023-04-30T23:59:59+00:00,2023-04-30T23:59:59+00:00,2023-04-30T23:59:59+00:00,MW,downloaded,public_plan,607.8,607.8,,False
eia-capacity:2023-05:2023,eia:860m,https://www.eia.gov/electricity/data/eia860m/archive/xls/may_generator2023.xlsx,grid:planned-capacity,2023-05,2023-05-31T23:59:59+00:00,2023-05-31T23:59:59+00:00,2023-05-31T23:59:59+00:00,MW,downloaded,public_plan,44521.8,41095.7,,False
eia-capacity:2023-05:2024,eia:860m,https://www.eia.gov/electricity/data/eia860m/archive/xls/may_generator2023.xlsx,grid:planned-capacity,2023-05,2023-05-31T23:59:59+00:00,2023-05-31T23:59:59+00:00,2023-05-31T23:59:59+00:00,MW,downloaded,public_plan,24148.9,51897.7,,False
eia-capacity:2023-05:2025,eia:860m,https://www.eia.gov/electricity/data/eia860m/archive/xls/may_generator2023.xlsx,grid:planned-capacity,2023-05,2023-05-31T23:59:59+00:00,2023-05-31T23:59:59+00:00,2023-05-31T23:59:59+00:00,MW,downloaded,public_plan,14289.3,35529.9,,False
eia-capacity:2023-05:2026,eia:860m,https://www.eia.gov/electricity/data/eia860m/archive/xls/may_generator2023.xlsx,grid:planned-capacity,2023-05,2023-05-31T23:59:59+00:00,2023-05-31T23:59:59+00:00,2023-05-31T23:59:59+00:00,MW,downloaded,public_plan,6323.8,14920.1,,False
eia-capacity:2023-05:2027,eia:860m,https://www.eia.gov/electricity/data/eia860m/archive/xls/may_generator2023.xlsx,grid:planned-capacity,2023-05,2023-05-31T23:59:59+00:00,2023-05-31T23:59:59+00:00,2023-05-31T23:59:59+00:00,MW,downloaded,public_plan,2850.1,9961.7,,False
eia-capacity:2023-05:2028,eia:860m,https://www.eia.gov/electricity/data/eia860m/archive/xls/may_generator2023.xlsx,grid:planned-capacity,2023-05,2023-05-31T23:59:59+00:00,2023-05-31T23:59:59+00:00,2023-05-31T23:59:59+00:00,MW,downloaded,public_plan,735.0,1526.4,,False
eia-capacity:2023-05:2029,eia:860m,https://www.eia.gov/electricity/data/eia860m/archive/xls/may_generator2023.xlsx,grid:planned-capacity,2023-05,2023-05-31T23:59:59+00:00,2023-05-31T23:59:59+00:00,2023-05-31T23:59:59+00:00,MW,downloaded,public_plan,1225.0,2075.0,,False
eia-capacity:2023-05:2030,eia:860m,https://www.eia.gov/electricity/data/eia860m/archive/xls/may_generator2023.xlsx,grid:planned-capacity,2023-05,2023-05-31T23:59:59+00:00,2023-05-31T23:59:59+00:00,2023-05-31T23:59:59+00:00,MW,downloaded,public_plan,607.8,607.8,,False
eia-capacity:2023-06:2023,eia:860m,https://www.eia.gov/electricity/data/eia860m/archive/xls/june_generator2023.xlsx,grid:planned-capacity,2023-06,2023-06-30T23:59:59+00:00,2023-06-30T23:59:59+00:00,2023-06-30T23:59:59+00:00,MW,downloaded,public_plan,44638.4,35765.7,,False
eia-capacity:2023-06:2024,eia:860m,https://www.eia.gov/electricity/data/eia860m/archive/xls/june_generator2023.xlsx,grid:planned-capacity,2023-06,2023-06-30T23:59:59+00:00,2023-06-30T23:59:59+00:00,2023-06-30T23:59:59+00:00,MW,downloaded,public_plan,24848.7,52938.7,,False
eia-capacity:2023-06:2025,eia:860m,https://www.eia.gov/electricity/data/eia860m/archive/xls/june_generator2023.xlsx,grid:planned-capacity,2023-06,2023-06-30T23:59:59+00:00,2023-06-30T23:59:59+00:00,2023-06-30T23:59:59+00:00,MW,downloaded,public_plan,14789.3,38285.4,,False
eia-capacity:2023-06:2026,eia:860m,https://www.eia.gov/electricity/data/eia860m/archive/xls/june_generator2023.xlsx,grid:planned-capacity,2023-06,2023-06-30T23:59:59+00:00,2023-06-30T23:59:59+00:00,2023-06-30T23:59:59+00:00,MW,downloaded,public_plan,6562.3,17357.5,,False
eia-capacity:2023-06:2027,eia:860m,https://www.eia.gov/electricity/data/eia860m/archive/xls/june_generator2023.xlsx,grid:planned-capacity,2023-06,2023-06-30T23:59:59+00:00,2023-06-30T23:59:59+00:00,2023-06-30T23:59:59+00:00,MW,downloaded,public_plan,2925.1,11670.7,,False
eia-capacity:2023-06:2028,eia:860m,https://www.eia.gov/electricity/data/eia860m/archive/xls/june_generator2023.xlsx,grid:planned-capacity,2023-06,2023-06-30T23:59:59+00:00,2023-06-30T23:59:59+00:00,2023-06-30T23:59:59+00:00,MW,downloaded,public_plan,735.0,3654.4,,False
eia-capacity:2023-06:2029,eia:860m,https://www.eia.gov/electricity/data/eia860m/archive/xls/june_generator2023.xlsx,grid:planned-capacity,2023-06,2023-06-30T23:59:59+00:00,2023-06-30T23:59:59+00:00,2023-06-30T23:59:59+00:00,MW,downloaded,public_plan,1225.0,2075.0,,False
eia-capacity:2023-06:2030,eia:860m,https://www.eia.gov/electricity/data/eia860m/archive/xls/june_generator2023.xlsx,grid:planned-capacity,2023-06,2023-06-30T23:59:59+00:00,2023-06-30T23:59:59+00:00,2023-06-30T23:59:59+00:00,MW,downloaded,public_plan,607.8,607.8,,False
eia-capacity:2023-07:2023,eia:860m,https://www.eia.gov/electricity/data/eia860m/archive/xls/july_generator2023.xlsx,grid:planned-capacity,2023-07,2023-07-31T23:59:59+00:00,2023-07-31T23:59:59+00:00,2023-07-31T23:59:59+00:00,MW,downloaded,public_plan,46852.4,31078.6,,False
eia-capacity:2023-07:2024,eia:860m,https://www.eia.gov/electricity/data/eia860m/archive/xls/july_generator2023.xlsx,grid:planned-capacity,2023-07,2023-07-31T23:59:59+00:00,2023-07-31T23:59:59+00:00,2023-07-31T23:59:59+00:00,MW,downloaded,public_plan,25741.7,55609.2,,False
eia-capacity:2023-07:2025,eia:860m,https://www.eia.gov/electricity/data/eia860m/archive/xls/july_generator2023.xlsx,grid:planned-capacity,2023-07,2023-07-31T23:59:59+00:00,2023-07-31T23:59:59+00:00,2023-07-31T23:59:59+00:00,MW,downloaded,public_plan,14178.6,40444.8,,False
eia-capacity:2023-07:2026,eia:860m,https://www.eia.gov/electricity/data/eia860m/archive/xls/july_generator2023.xlsx,grid:planned-capacity,2023-07,2023-07-31T23:59:59+00:00,2023-07-31T23:59:59+00:00,2023-07-31T23:59:59+00:00,MW,downloaded,public_plan,7839.1,17978.0,,False
eia-capacity:2023-07:2027,eia:860m,https://www.eia.gov/electricity/data/eia860m/archive/xls/july_generator2023.xlsx,grid:planned-capacity,2023-07,2023-07-31T23:59:59+00:00,2023-07-31T23:59:59+00:00,2023-07-31T23:59:59+00:00,MW,downloaded,public_plan,2925.1,12070.7,,False
eia-capacity:2023-07:2028,eia:860m,https://www.eia.gov/electricity/data/eia860m/archive/xls/july_generator2023.xlsx,grid:planned-capacity,2023-07,2023-07-31T23:59:59+00:00,2023-07-31T23:59:59+00:00,2023-07-31T23:59:59+00:00,MW,downloaded,public_plan,735.0,3654.4,,False
eia-capacity:2023-07:2029,eia:860m,https://www.eia.gov/electricity/data/eia860m/archive/xls/july_generator2023.xlsx,grid:planned-capacity,2023-07,2023-07-31T23:59:59+00:00,2023-07-31T23:59:59+00:00,2023-07-31T23:59:59+00:00,MW,downloaded,public_plan,1225.0,2075.0,,False
eia-capacity:2023-07:2030,eia:860m,https://www.eia.gov/electricity/data/eia860m/archive/xls/july_generator2023.xlsx,grid:planned-capacity,2023-07,2023-07-31T23:59:59+00:00,2023-07-31T23:59:59+00:00,2023-07-31T23:59:59+00:00,MW,downloaded,public_plan,607.8,607.8,,False
eia-capacity:2023-08:2023,eia:860m,https://www.eia.gov/electricity/data/eia860m/archive/xls/august_generator2023.xlsx,grid:planned-capacity,2023-08,2023-08-31T23:59:59+00:00,2023-08-31T23:59:59+00:00,2023-08-31T23:59:59+00:00,MW,downloaded,public_plan,50195.5,28516.6,,False
eia-capacity:2023-08:2024,eia:860m,https://www.eia.gov/electricity/data/eia860m/archive/xls/august_generator2023.xlsx,grid:planned-capacity,2023-08,2023-08-31T23:59:59+00:00,2023-08-31T23:59:59+00:00,2023-08-31T23:59:59+00:00,MW,downloaded,public_plan,41200.5,60324.8,,False
eia-capacity:2023-08:2025,eia:860m,https://www.eia.gov/electricity/data/eia860m/archive/xls/august_generator2023.xlsx,grid:planned-capacity,2023-08,2023-08-31T23:59:59+00:00,2023-08-31T23:59:59+00:00,2023-08-31T23:59:59+00:00,MW,downloaded,public_plan,18912.9,42269.3,,False
eia-capacity:2023-08:2026,eia:860m,https://www.eia.gov/electricity/data/eia860m/archive/xls/august_generator2023.xlsx,grid:planned-capacity,2023-08,2023-08-31T23:59:59+00:00,2023-08-31T23:59:59+00:00,2023-08-31T23:59:59+00:00,MW,downloaded,public_plan,8572.6,23233.9,,False
eia-capacity:2023-08:2027,eia:860m,https://www.eia.gov/electricity/data/eia860m/archive/xls/august_generator2023.xlsx,grid:planned-capacity,2023-08,2023-08-31T23:59:59+00:00,2023-08-31T23:59:59+00:00,2023-08-31T23:59:59+00:00,MW,downloaded,public_plan,5175.1,14916.6,,False
eia-capacity:2023-08:2028,eia:860m,https://www.eia.gov/electricity/data/eia860m/archive/xls/august_generator2023.xlsx,grid:planned-capacity,2023-08,2023-08-31T23:59:59+00:00,2023-08-31T23:59:59+00:00,2023-08-31T23:59:59+00:00,MW,downloaded,public_plan,735.0,3954.4,,False
eia-capacity:2023-08:2029,eia:860m,https://www.eia.gov/electricity/data/eia860m/archive/xls/august_generator2023.xlsx,grid:planned-capacity,2023-08,2023-08-31T23:59:59+00:00,2023-08-31T23:59:59+00:00,2023-08-31T23:59:59+00:00,MW,downloaded,public_plan,1225.0,2075.0,,False
eia-capacity:2023-08:2030,eia:860m,https://www.eia.gov/electricity/data/eia860m/archive/xls/august_generator2023.xlsx,grid:planned-capacity,2023-08,2023-08-31T23:59:59+00:00,2023-08-31T23:59:59+00:00,2023-08-31T23:59:59+00:00,MW,downloaded,public_plan,607.8,607.8,,False
eia-capacity:2023-09:2023,eia:860m,https://www.eia.gov/electricity/data/eia860m/archive/xls/september_generator2023.xlsx,grid:planned-capacity,2023-09,2023-09-30T23:59:59+00:00,2023-09-30T23:59:59+00:00,2023-09-30T23:59:59+00:00,MW,downloaded,public_plan,53449.1,24853.6,,False
eia-capacity:2023-09:2024,eia:860m,https://www.eia.gov/electricity/data/eia860m/archive/xls/september_generator2023.xlsx,grid:planned-capacity,2023-09,2023-09-30T23:59:59+00:00,2023-09-30T23:59:59+00:00,2023-09-30T23:59:59+00:00,MW,downloaded,public_plan,41436.5,62309.1,,False
eia-capacity:2023-09:2025,eia:860m,https://www.eia.gov/electricity/data/eia860m/archive/xls/september_generator2023.xlsx,grid:planned-capacity,2023-09,2023-09-30T23:59:59+00:00,2023-09-30T23:59:59+00:00,2023-09-30T23:59:59+00:00,MW,downloaded,public_plan,18912.9,42592.3,,False
eia-capacity:2023-09:2026,eia:860m,https://www.eia.gov/electricity/data/eia860m/archive/xls/september_generator2023.xlsx,grid:planned-capacity,2023-09,2023-09-30T23:59:59+00:00,2023-09-30T23:59:59+00:00,2023-09-30T23:59:59+00:00,MW,downloaded,public_plan,8572.6,23428.9,,False
eia-capacity:2023-09:2027,eia:860m,https://www.eia.gov/electricity/data/eia860m/archive/xls/september_generator2023.xlsx,grid:planned-capacity,2023-09,2023-09-30T23:59:59+00:00,2023-09-30T23:59:59+00:00,2023-09-30T23:59:59+00:00,MW,downloaded,public_plan,5175.1,14916.6,,False
eia-capacity:2023-09:2028,eia:860m,https://www.eia.gov/electricity/data/eia860m/archive/xls/september_generator2023.xlsx,grid:planned-capacity,2023-09,2023-09-30T23:59:59+00:00,2023-09-30T23:59:59+00:00,2023-09-30T23:59:59+00:00,MW,downloaded,public_plan,755.0,3954.4,,False
eia-capacity:2023-09:2029,eia:860m,https://www.eia.gov/electricity/data/eia860m/archive/xls/september_generator2023.xlsx,grid:planned-capacity,2023-09,2023-09-30T23:59:59+00:00,2023-09-30T23:59:59+00:00,2023-09-30T23:59:59+00:00,MW,downloaded,public_plan,1225.0,2075.0,,False
eia-capacity:2023-09:2030,eia:860m,https://www.eia.gov/electricity/data/eia860m/archive/xls/september_generator2023.xlsx,grid:planned-capacity,2023-09,2023-09-30T23:59:59+00:00,2023-09-30T23:59:59+00:00,2023-09-30T23:59:59+00:00,MW,downloaded,public_plan,607.8,607.8,,False
eia-capacity:2023-10:2023,eia:860m,https://www.eia.gov/electricity/data/eia860m/archive/xls/october_generator2023.xlsx,grid:planned-capacity,2023-10,2023-10-31T23:59:59+00:00,2023-10-31T23:59:59+00:00,2023-10-31T23:59:59+00:00,MW,downloaded,public_plan,56044.0,20731.3,,False
eia-capacity:2023-10:2024,eia:860m,https://www.eia.gov/electricity/data/eia860m/archive/xls/october_generator2023.xlsx,grid:planned-capacity,2023-10,2023-10-31T23:59:59+00:00,2023-10-31T23:59:59+00:00,2023-10-31T23:59:59+00:00,MW,downloaded,public_plan,42599.5,63036.1,,False
eia-capacity:2023-10:2025,eia:860m,https://www.eia.gov/electricity/data/eia860m/archive/xls/october_generator2023.xlsx,grid:planned-capacity,2023-10,2023-10-31T23:59:59+00:00,2023-10-31T23:59:59+00:00,2023-10-31T23:59:59+00:00,MW,downloaded,public_plan,20178.9,44091.1,,False
eia-capacity:2023-10:2026,eia:860m,https://www.eia.gov/electricity/data/eia860m/archive/xls/october_generator2023.xlsx,grid:planned-capacity,2023-10,2023-10-31T23:59:59+00:00,2023-10-31T23:59:59+00:00,2023-10-31T23:59:59+00:00,MW,downloaded,public_plan,8772.6,23629.9,,False
eia-capacity:2023-10:2027,eia:860m,https://www.eia.gov/electricity/data/eia860m/archive/xls/october_generator2023.xlsx,grid:planned-capacity,2023-10,2023-10-31T23:59:59+00:00,2023-10-31T23:59:59+00:00,2023-10-31T23:59:59+00:00,MW,downloaded,public_plan,5175.1,15286.6,,False
eia-capacity:2023-10:2028,eia:860m,https://www.eia.gov/electricity/data/eia860m/archive/xls/october_generator2023.xlsx,grid:planned-capacity,2023-10,2023-10-31T23:59:59+00:00,2023-10-31T23:59:59+00:00,2023-10-31T23:59:59+00:00,MW,downloaded,public_plan,755.0,3954.4,,False
eia-capacity:2023-10:2029,eia:860m,https://www.eia.gov/electricity/data/eia860m/archive/xls/october_generator2023.xlsx,grid:planned-capacity,2023-10,2023-10-31T23:59:59+00:00,2023-10-31T23:59:59+00:00,2023-10-31T23:59:59+00:00,MW,downloaded,public_plan,1225.0,2075.0,,False
eia-capacity:2023-10:2030,eia:860m,https://www.eia.gov/electricity/data/eia860m/archive/xls/october_generator2023.xlsx,grid:planned-capacity,2023-10,2023-10-31T23:59:59+00:00,2023-10-31T23:59:59+00:00,2023-10-31T23:59:59+00:00,MW,downloaded,public_plan,607.8,607.8,,False
eia-capacity:2023-11:2023,eia:860m,https://www.eia.gov/electricity/data/eia860m/archive/xls/november_generator2023.xlsx,grid:planned-capacity,2023-11,2023-11-30T23:59:59+00:00,2023-11-30T23:59:59+00:00,2023-11-30T23:59:59+00:00,MW,downloaded,public_plan,59770.0,14567.9,,False
eia-capacity:2023-11:2024,eia:860m,https://www.eia.gov/electricity/data/eia860m/archive/xls/november_generator2023.xlsx,grid:planned-capacity,2023-11,2023-11-30T23:59:59+00:00,2023-11-30T23:59:59+00:00,2023-11-30T23:59:59+00:00,MW,downloaded,public_plan,46262.0,63699.6,,False
eia-capacity:2023-11:2025,eia:860m,https://www.eia.gov/electricity/data/eia860m/archive/xls/november_generator2023.xlsx,grid:planned-capacity,2023-11,2023-11-30T23:59:59+00:00,2023-11-30T23:59:59+00:00,2023-11-30T23:59:59+00:00,MW,downloaded,public_plan,20667.9,46442.1,,False
eia-capacity:2023-11:2026,eia:860m,https://www.eia.gov/electricity/data/eia860m/archive/xls/november_generator2023.xlsx,grid:planned-capacity,2023-11,2023-11-30T23:59:59+00:00,2023-11-30T23:59:59+00:00,2023-11-30T23:59:59+00:00,MW,downloaded,public_plan,9063.3,25458.4,,False
eia-capacity:2023-11:2027,eia:860m,https://www.eia.gov/electricity/data/eia860m/archive/xls/november_generator2023.xlsx,grid:planned-capacity,2023-11,2023-11-30T23:59:59+00:00,2023-11-30T23:59:59+00:00,2023-11-30T23:59:59+00:00,MW,downloaded,public_plan,5175.1,15329.9,,False
eia-capacity:2023-11:2028,eia:860m,https://www.eia.gov/electricity/data/eia860m/archive/xls/november_generator2023.xlsx,grid:planned-capacity,2023-11,2023-11-30T23:59:59+00:00,2023-11-30T23:59:59+00:00,2023-11-30T23:59:59+00:00,MW,downloaded,public_plan,755.0,4030.4,,False
eia-capacity:2023-11:2029,eia:860m,https://www.eia.gov/electricity/data/eia860m/archive/xls/november_generator2023.xlsx,grid:planned-capacity,2023-11,2023-11-30T23:59:59+00:00,2023-11-30T23:59:59+00:00,2023-11-30T23:59:59+00:00,MW,downloaded,public_plan,1225.0,2075.0,,False
eia-capacity:2023-11:2030,eia:860m,https://www.eia.gov/electricity/data/eia860m/archive/xls/november_generator2023.xlsx,grid:planned-capacity,2023-11,2023-11-30T23:59:59+00:00,2023-11-30T23:59:59+00:00,2023-11-30T23:59:59+00:00,MW,downloaded,public_plan,607.8,607.8,,False
eia-capacity:2023-12:2023,eia:860m,https://www.eia.gov/electricity/data/eia860m/archive/xls/december_generator2023.xlsx,grid:planned-capacity,2023-12,2023-12-31T23:59:59+00:00,2023-12-31T23:59:59+00:00,2023-12-31T23:59:59+00:00,MW,downloaded,public_plan,55522.1,1153.9,,False
eia-capacity:2023-12:2024,eia:860m,https://www.eia.gov/electricity/data/eia860m/archive/xls/december_generator2023.xlsx,grid:planned-capacity,2023-12,2023-12-31T23:59:59+00:00,2023-12-31T23:59:59+00:00,2023-12-31T23:59:59+00:00,MW,downloaded,public_plan,49568.8,63032.2,,False
eia-capacity:2023-12:2025,eia:860m,https://www.eia.gov/electricity/data/eia860m/archive/xls/december_generator2023.xlsx,grid:planned-capacity,2023-12,2023-12-31T23:59:59+00:00,2023-12-31T23:59:59+00:00,2023-12-31T23:59:59+00:00,MW,downloaded,public_plan,23406.9,51549.1,,False
eia-capacity:2023-12:2026,eia:860m,https://www.eia.gov/electricity/data/eia860m/archive/xls/december_generator2023.xlsx,grid:planned-capacity,2023-12,2023-12-31T23:59:59+00:00,2023-12-31T23:59:59+00:00,2023-12-31T23:59:59+00:00,MW,downloaded,public_plan,11143.0,27986.6,,False
eia-capacity:2023-12:2027,eia:860m,https://www.eia.gov/electricity/data/eia860m/archive/xls/december_generator2023.xlsx,grid:planned-capacity,2023-12,2023-12-31T23:59:59+00:00,2023-12-31T23:59:59+00:00,2023-12-31T23:59:59+00:00,MW,downloaded,public_plan,5225.1,15482.7,,False
eia-capacity:2023-12:2028,eia:860m,https://www.eia.gov/electricity/data/eia860m/archive/xls/december_generator2023.xlsx,grid:planned-capacity,2023-12,2023-12-31T23:59:59+00:00,2023-12-31T23:59:59+00:00,2023-12-31T23:59:59+00:00,MW,downloaded,public_plan,826.4,4230.4,,False
eia-capacity:2023-12:2029,eia:860m,https://www.eia.gov/electricity/data/eia860m/archive/xls/december_generator2023.xlsx,grid:planned-capacity,2023-12,2023-12-31T23:59:59+00:00,2023-12-31T23:59:59+00:00,2023-12-31T23:59:59+00:00,MW,downloaded,public_plan,1225.0,1998.0,,False
eia-capacity:2023-12:2030,eia:860m,https://www.eia.gov/electricity/data/eia860m/archive/xls/december_generator2023.xlsx,grid:planned-capacity,2023-12,2023-12-31T23:59:59+00:00,2023-12-31T23:59:59+00:00,2023-12-31T23:59:59+00:00,MW,downloaded,public_plan,607.8,222.8,,False
eia-capacity:2024-01:2024,eia:860m,https://www.eia.gov/electricity/data/eia860m/archive/xls/january_generator2024.xlsx,grid:planned-capacity,2024-01,2024-01-31T23:59:59+00:00,2024-01-31T23:59:59+00:00,2024-01-31T23:59:59+00:00,MW,downloaded,public_plan,50692.0,58454.8,,False
eia-capacity:2024-01:2025,eia:860m,https://www.eia.gov/electricity/data/eia860m/archive/xls/january_generator2024.xlsx,grid:planned-capacity,2024-01,2024-01-31T23:59:59+00:00,2024-01-31T23:59:59+00:00,2024-01-31T23:59:59+00:00,MW,downloaded,public_plan,26345.9,51756.3,,False
eia-capacity:2024-01:2026,eia:860m,https://www.eia.gov/electricity/data/eia860m/archive/xls/january_generator2024.xlsx,grid:planned-capacity,2024-01,2024-01-31T23:59:59+00:00,2024-01-31T23:59:59+00:00,2024-01-31T23:59:59+00:00,MW,downloaded,public_plan,10833.6,28182.5,,False
eia-capacity:2024-01:2027,eia:860m,https://www.eia.gov/electricity/data/eia860m/archive/xls/january_generator2024.xlsx,grid:planned-capacity,2024-01,2024-01-31T23:59:59+00:00,2024-01-31T23:59:59+00:00,2024-01-31T23:59:59+00:00,MW,downloaded,public_plan,6312.1,14967.8,,False
eia-capacity:2024-01:2028,eia:860m,https://www.eia.gov/electricity/data/eia860m/archive/xls/january_generator2024.xlsx,grid:planned-capacity,2024-01,2024-01-31T23:59:59+00:00,2024-01-31T23:59:59+00:00,2024-01-31T23:59:59+00:00,MW,downloaded,public_plan,829.9,5087.3,,False
eia-capacity:2024-01:2029,eia:860m,https://www.eia.gov/electricity/data/eia860m/archive/xls/january_generator2024.xlsx,grid:planned-capacity,2024-01,2024-01-31T23:59:59+00:00,2024-01-31T23:59:59+00:00,2024-01-31T23:59:59+00:00,MW,downloaded,public_plan,1325.0,850.0,,False
eia-capacity:2024-01:2030,eia:860m,https://www.eia.gov/electricity/data/eia860m/archive/xls/january_generator2024.xlsx,grid:planned-capacity,2024-01,2024-01-31T23:59:59+00:00,2024-01-31T23:59:59+00:00,2024-01-31T23:59:59+00:00,MW,downloaded,public_plan,607.8,222.8,,False
eia-capacity:2024-02:2024,eia:860m,https://www.eia.gov/electricity/data/eia860m/archive/xls/february_generator2024.xlsx,grid:planned-capacity,2024-02,2024-02-29T23:59:59+00:00,2024-02-29T23:59:59+00:00,2024-02-29T23:59:59+00:00,MW,downloaded,public_plan,51156.7,57592.5,,False
eia-capacity:2024-02:2025,eia:860m,https://www.eia.gov/electricity/data/eia860m/archive/xls/february_generator2024.xlsx,grid:planned-capacity,2024-02,2024-02-29T23:59:59+00:00,2024-02-29T23:59:59+00:00,2024-02-29T23:59:59+00:00,MW,downloaded,public_plan,27342.3,49753.3,,False
eia-capacity:2024-02:2026,eia:860m,https://www.eia.gov/electricity/data/eia860m/archive/xls/february_generator2024.xlsx,grid:planned-capacity,2024-02,2024-02-29T23:59:59+00:00,2024-02-29T23:59:59+00:00,2024-02-29T23:59:59+00:00,MW,downloaded,public_plan,10490.8,29832.0,,False
eia-capacity:2024-02:2027,eia:860m,https://www.eia.gov/electricity/data/eia860m/archive/xls/february_generator2024.xlsx,grid:planned-capacity,2024-02,2024-02-29T23:59:59+00:00,2024-02-29T23:59:59+00:00,2024-02-29T23:59:59+00:00,MW,downloaded,public_plan,9746.7,17379.2,,False
eia-capacity:2024-02:2028,eia:860m,https://www.eia.gov/electricity/data/eia860m/archive/xls/february_generator2024.xlsx,grid:planned-capacity,2024-02,2024-02-29T23:59:59+00:00,2024-02-29T23:59:59+00:00,2024-02-29T23:59:59+00:00,MW,downloaded,public_plan,1026.4,7031.7,,False
eia-capacity:2024-02:2029,eia:860m,https://www.eia.gov/electricity/data/eia860m/archive/xls/february_generator2024.xlsx,grid:planned-capacity,2024-02,2024-02-29T23:59:59+00:00,2024-02-29T23:59:59+00:00,2024-02-29T23:59:59+00:00,MW,downloaded,public_plan,2075.0,850.0,,False
eia-capacity:2024-02:2030,eia:860m,https://www.eia.gov/electricity/data/eia860m/archive/xls/february_generator2024.xlsx,grid:planned-capacity,2024-02,2024-02-29T23:59:59+00:00,2024-02-29T23:59:59+00:00,2024-02-29T23:59:59+00:00,MW,downloaded,public_plan,607.8,504.8,,False
eia-capacity:2024-03:2024,eia:860m,https://www.eia.gov/electricity/data/eia860m/archive/xls/march_generator2024.xlsx,grid:planned-capacity,2024-03,2024-03-31T23:59:59+00:00,2024-03-31T23:59:59+00:00,2024-03-31T23:59:59+00:00,MW,downloaded,public_plan,52463.9,54436.7,,False
eia-capacity:2024-03:2025,eia:860m,https://www.eia.gov/electricity/data/eia860m/archive/xls/march_generator2024.xlsx,grid:planned-capacity,2024-03,2024-03-31T23:59:59+00:00,2024-03-31T23:59:59+00:00,2024-03-31T23:59:59+00:00,MW,downloaded,public_plan,31161.1,48535.9,,False
eia-capacity:2024-03:2026,eia:860m,https://www.eia.gov/electricity/data/eia860m/archive/xls/march_generator2024.xlsx,grid:planned-capacity,2024-03,2024-03-31T23:59:59+00:00,2024-03-31T23:59:59+00:00,2024-03-31T23:59:59+00:00,MW,downloaded,public_plan,11674.6,31113.5,,False
eia-capacity:2024-03:2027,eia:860m,https://www.eia.gov/electricity/data/eia860m/archive/xls/march_generator2024.xlsx,grid:planned-capacity,2024-03,2024-03-31T23:59:59+00:00,2024-03-31T23:59:59+00:00,2024-03-31T23:59:59+00:00,MW,downloaded,public_plan,9911.7,19702.1,,False
eia-capacity:2024-03:2028,eia:860m,https://www.eia.gov/electricity/data/eia860m/archive/xls/march_generator2024.xlsx,grid:planned-capacity,2024-03,2024-03-31T23:59:59+00:00,2024-03-31T23:59:59+00:00,2024-03-31T23:59:59+00:00,MW,downloaded,public_plan,1026.4,7138.9,,False
eia-capacity:2024-03:2029,eia:860m,https://www.eia.gov/electricity/data/eia860m/archive/xls/march_generator2024.xlsx,grid:planned-capacity,2024-03,2024-03-31T23:59:59+00:00,2024-03-31T23:59:59+00:00,2024-03-31T23:59:59+00:00,MW,downloaded,public_plan,2075.0,1197.0,,False
eia-capacity:2024-03:2030,eia:860m,https://www.eia.gov/electricity/data/eia860m/archive/xls/march_generator2024.xlsx,grid:planned-capacity,2024-03,2024-03-31T23:59:59+00:00,2024-03-31T23:59:59+00:00,2024-03-31T23:59:59+00:00,MW,downloaded,public_plan,607.8,504.8,,False
eia-capacity:2024-04:2024,eia:860m,https://www.eia.gov/electricity/data/eia860m/archive/xls/april_generator2024.xlsx,grid:planned-capacity,2024-04,2024-04-30T23:59:59+00:00,2024-04-30T23:59:59+00:00,2024-04-30T23:59:59+00:00,MW,downloaded,public_plan,54997.5,51145.5,,False
eia-capacity:2024-04:2025,eia:860m,https://www.eia.gov/electricity/data/eia860m/archive/xls/april_generator2024.xlsx,grid:planned-capacity,2024-04,2024-04-30T23:59:59+00:00,2024-04-30T23:59:59+00:00,2024-04-30T23:59:59+00:00,MW,downloaded,public_plan,31543.7,50217.1,,False
eia-capacity:2024-04:2026,eia:860m,https://www.eia.gov/electricity/data/eia860m/archive/xls/april_generator2024.xlsx,grid:planned-capacity,2024-04,2024-04-30T23:59:59+00:00,2024-04-30T23:59:59+00:00,2024-04-30T23:59:59+00:00,MW,downloaded,public_plan,13374.1,33719.9,,False
eia-capacity:2024-04:2027,eia:860m,https://www.eia.gov/electricity/data/eia860m/archive/xls/april_generator2024.xlsx,grid:planned-capacity,2024-04,2024-04-30T23:59:59+00:00,2024-04-30T23:59:59+00:00,2024-04-30T23:59:59+00:00,MW,downloaded,public_plan,9961.7,20037.8,,False
eia-capacity:2024-04:2028,eia:860m,https://www.eia.gov/electricity/data/eia860m/archive/xls/april_generator2024.xlsx,grid:planned-capacity,2024-04,2024-04-30T23:59:59+00:00,2024-04-30T23:59:59+00:00,2024-04-30T23:59:59+00:00,MW,downloaded,public_plan,1526.4,6865.1,,False
eia-capacity:2024-04:2029,eia:860m,https://www.eia.gov/electricity/data/eia860m/archive/xls/april_generator2024.xlsx,grid:planned-capacity,2024-04,2024-04-30T23:59:59+00:00,2024-04-30T23:59:59+00:00,2024-04-30T23:59:59+00:00,MW,downloaded,public_plan,2075.0,2225.4,,False
eia-capacity:2024-04:2030,eia:860m,https://www.eia.gov/electricity/data/eia860m/archive/xls/april_generator2024.xlsx,grid:planned-capacity,2024-04,2024-04-30T23:59:59+00:00,2024-04-30T23:59:59+00:00,2024-04-30T23:59:59+00:00,MW,downloaded,public_plan,607.8,1484.9,,False
eia-capacity:2024-05:2024,eia:860m,https://www.eia.gov/electricity/data/eia860m/archive/xls/may_generator2024.xlsx,grid:planned-capacity,2024-05,2024-05-31T23:59:59+00:00,2024-05-31T23:59:59+00:00,2024-05-31T23:59:59+00:00,MW,downloaded,public_plan,51897.7,47009.7,,False
eia-capacity:2024-05:2025,eia:860m,https://www.eia.gov/electricity/data/eia860m/archive/xls/may_generator2024.xlsx,grid:planned-capacity,2024-05,2024-05-31T23:59:59+00:00,2024-05-31T23:59:59+00:00,2024-05-31T23:59:59+00:00,MW,downloaded,public_plan,35529.9,49965.4,,False
eia-capacity:2024-05:2026,eia:860m,https://www.eia.gov/electricity/data/eia860m/archive/xls/may_generator2024.xlsx,grid:planned-capacity,2024-05,2024-05-31T23:59:59+00:00,2024-05-31T23:59:59+00:00,2024-05-31T23:59:59+00:00,MW,downloaded,public_plan,14920.1,35786.3,,False
eia-capacity:2024-05:2027,eia:860m,https://www.eia.gov/electricity/data/eia860m/archive/xls/may_generator2024.xlsx,grid:planned-capacity,2024-05,2024-05-31T23:59:59+00:00,2024-05-31T23:59:59+00:00,2024-05-31T23:59:59+00:00,MW,downloaded,public_plan,9961.7,23961.2,,False
eia-capacity:2024-05:2028,eia:860m,https://www.eia.gov/electricity/data/eia860m/archive/xls/may_generator2024.xlsx,grid:planned-capacity,2024-05,2024-05-31T23:59:59+00:00,2024-05-31T23:59:59+00:00,2024-05-31T23:59:59+00:00,MW,downloaded,public_plan,1526.4,8745.9,,False
eia-capacity:2024-05:2029,eia:860m,https://www.eia.gov/electricity/data/eia860m/archive/xls/may_generator2024.xlsx,grid:planned-capacity,2024-05,2024-05-31T23:59:59+00:00,2024-05-31T23:59:59+00:00,2024-05-31T23:59:59+00:00,MW,downloaded,public_plan,2075.0,2125.4,,False
eia-capacity:2024-05:2030,eia:860m,https://www.eia.gov/electricity/data/eia860m/archive/xls/may_generator2024.xlsx,grid:planned-capacity,2024-05,2024-05-31T23:59:59+00:00,2024-05-31T23:59:59+00:00,2024-05-31T23:59:59+00:00,MW,downloaded,public_plan,607.8,1484.9,,False
eia-capacity:2024-06:2024,eia:860m,https://www.eia.gov/electricity/data/eia860m/archive/xls/june_generator2024.xlsx,grid:planned-capacity,2024-06,2024-06-30T23:59:59+00:00,2024-06-30T23:59:59+00:00,2024-06-30T23:59:59+00:00,MW,downloaded,public_plan,52938.7,43037.1,,False
eia-capacity:2024-06:2025,eia:860m,https://www.eia.gov/electricity/data/eia860m/archive/xls/june_generator2024.xlsx,grid:planned-capacity,2024-06,2024-06-30T23:59:59+00:00,2024-06-30T23:59:59+00:00,2024-06-30T23:59:59+00:00,MW,downloaded,public_plan,38285.4,50778.8,,False
eia-capacity:2024-06:2026,eia:860m,https://www.eia.gov/electricity/data/eia860m/archive/xls/june_generator2024.xlsx,grid:planned-capacity,2024-06,2024-06-30T23:59:59+00:00,2024-06-30T23:59:59+00:00,2024-06-30T23:59:59+00:00,MW,downloaded,public_plan,17357.5,36877.4,,False
eia-capacity:2024-06:2027,eia:860m,https://www.eia.gov/electricity/data/eia860m/archive/xls/june_generator2024.xlsx,grid:planned-capacity,2024-06,2024-06-30T23:59:59+00:00,2024-06-30T23:59:59+00:00,2024-06-30T23:59:59+00:00,MW,downloaded,public_plan,11670.7,26179.6,,False
eia-capacity:2024-06:2028,eia:860m,https://www.eia.gov/electricity/data/eia860m/archive/xls/june_generator2024.xlsx,grid:planned-capacity,2024-06,2024-06-30T23:59:59+00:00,2024-06-30T23:59:59+00:00,2024-06-30T23:59:59+00:00,MW,downloaded,public_plan,3654.4,8752.4,,False
eia-capacity:2024-06:2029,eia:860m,https://www.eia.gov/electricity/data/eia860m/archive/xls/june_generator2024.xlsx,grid:planned-capacity,2024-06,2024-06-30T23:59:59+00:00,2024-06-30T23:59:59+00:00,2024-06-30T23:59:59+00:00,MW,downloaded,public_plan,2075.0,2125.4,,False
eia-capacity:2024-06:2030,eia:860m,https://www.eia.gov/electricity/data/eia860m/archive/xls/june_generator2024.xlsx,grid:planned-capacity,2024-06,2024-06-30T23:59:59+00:00,2024-06-30T23:59:59+00:00,2024-06-30T23:59:59+00:00,MW,downloaded,public_plan,607.8,1484.9,,False
eia-capacity:2024-07:2024,eia:860m,https://www.eia.gov/electricity/data/eia860m/archive/xls/july_generator2024.xlsx,grid:planned-capacity,2024-07,2024-07-31T23:59:59+00:00,2024-07-31T23:59:59+00:00,2024-07-31T23:59:59+00:00,MW,downloaded,public_plan,55609.2,39709.9,,False
eia-capacity:2024-07:2025,eia:860m,https://www.eia.gov/electricity/data/eia860m/archive/xls/july_generator2024.xlsx,grid:planned-capacity,2024-07,2024-07-31T23:59:59+00:00,2024-07-31T23:59:59+00:00,2024-07-31T23:59:59+00:00,MW,downloaded,public_plan,40444.8,51134.0,,False
eia-capacity:2024-07:2026,eia:860m,https://www.eia.gov/electricity/data/eia860m/archive/xls/july_generator2024.xlsx,grid:planned-capacity,2024-07,2024-07-31T23:59:59+00:00,2024-07-31T23:59:59+00:00,2024-07-31T23:59:59+00:00,MW,downloaded,public_plan,17978.0,41439.4,,False
eia-capacity:2024-07:2027,eia:860m,https://www.eia.gov/electricity/data/eia860m/archive/xls/july_generator2024.xlsx,grid:planned-capacity,2024-07,2024-07-31T23:59:59+00:00,2024-07-31T23:59:59+00:00,2024-07-31T23:59:59+00:00,MW,downloaded,public_plan,12070.7,29412.4,,False
eia-capacity:2024-07:2028,eia:860m,https://www.eia.gov/electricity/data/eia860m/archive/xls/july_generator2024.xlsx,grid:planned-capacity,2024-07,2024-07-31T23:59:59+00:00,2024-07-31T23:59:59+00:00,2024-07-31T23:59:59+00:00,MW,downloaded,public_plan,3654.4,9378.0,,False
eia-capacity:2024-07:2029,eia:860m,https://www.eia.gov/electricity/data/eia860m/archive/xls/july_generator2024.xlsx,grid:planned-capacity,2024-07,2024-07-31T23:59:59+00:00,2024-07-31T23:59:59+00:00,2024-07-31T23:59:59+00:00,MW,downloaded,public_plan,2075.0,4425.4,,False
eia-capacity:2024-07:2030,eia:860m,https://www.eia.gov/electricity/data/eia860m/archive/xls/july_generator2024.xlsx,grid:planned-capacity,2024-07,2024-07-31T23:59:59+00:00,2024-07-31T23:59:59+00:00,2024-07-31T23:59:59+00:00,MW,downloaded,public_plan,607.8,1884.9,,False
eia-capacity:2024-08:2024,eia:860m,https://www.eia.gov/electricity/data/eia860m/archive/xls/august_generator2024.xlsx,grid:planned-capacity,2024-08,2024-08-31T23:59:59+00:00,2024-08-31T23:59:59+00:00,2024-08-31T23:59:59+00:00,MW,downloaded,public_plan,60324.8,38031.7,,False
eia-capacity:2024-08:2025,eia:860m,https://www.eia.gov/electricity/data/eia860m/archive/xls/august_generator2024.xlsx,grid:planned-capacity,2024-08,2024-08-31T23:59:59+00:00,2024-08-31T23:59:59+00:00,2024-08-31T23:59:59+00:00,MW,downloaded,public_plan,42269.3,48886.8,,False
eia-capacity:2024-08:2026,eia:860m,https://www.eia.gov/electricity/data/eia860m/archive/xls/august_generator2024.xlsx,grid:planned-capacity,2024-08,2024-08-31T23:59:59+00:00,2024-08-31T23:59:59+00:00,2024-08-31T23:59:59+00:00,MW,downloaded,public_plan,23233.9,42343.3,,False
eia-capacity:2024-08:2027,eia:860m,https://www.eia.gov/electricity/data/eia860m/archive/xls/august_generator2024.xlsx,grid:planned-capacity,2024-08,2024-08-31T23:59:59+00:00,2024-08-31T23:59:59+00:00,2024-08-31T23:59:59+00:00,MW,downloaded,public_plan,14916.6,32716.3,,False
eia-capacity:2024-08:2028,eia:860m,https://www.eia.gov/electricity/data/eia860m/archive/xls/august_generator2024.xlsx,grid:planned-capacity,2024-08,2024-08-31T23:59:59+00:00,2024-08-31T23:59:59+00:00,2024-08-31T23:59:59+00:00,MW,downloaded,public_plan,3954.4,10652.0,,False
eia-capacity:2024-08:2029,eia:860m,https://www.eia.gov/electricity/data/eia860m/archive/xls/august_generator2024.xlsx,grid:planned-capacity,2024-08,2024-08-31T23:59:59+00:00,2024-08-31T23:59:59+00:00,2024-08-31T23:59:59+00:00,MW,downloaded,public_plan,2075.0,4674.4,,False
eia-capacity:2024-08:2030,eia:860m,https://www.eia.gov/electricity/data/eia860m/archive/xls/august_generator2024.xlsx,grid:planned-capacity,2024-08,2024-08-31T23:59:59+00:00,2024-08-31T23:59:59+00:00,2024-08-31T23:59:59+00:00,MW,downloaded,public_plan,607.8,2684.9,,False
eia-capacity:2024-09:2024,eia:860m,https://www.eia.gov/electricity/data/eia860m/archive/xls/september_generator2024.xlsx,grid:planned-capacity,2024-09,2024-09-30T23:59:59+00:00,2024-09-30T23:59:59+00:00,2024-09-30T23:59:59+00:00,MW,downloaded,public_plan,62309.1,33103.7,,False
eia-capacity:2024-09:2025,eia:860m,https://www.eia.gov/electricity/data/eia860m/archive/xls/september_generator2024.xlsx,grid:planned-capacity,2024-09,2024-09-30T23:59:59+00:00,2024-09-30T23:59:59+00:00,2024-09-30T23:59:59+00:00,MW,downloaded,public_plan,42592.3,50645.4,,False
eia-capacity:2024-09:2026,eia:860m,https://www.eia.gov/electricity/data/eia860m/archive/xls/september_generator2024.xlsx,grid:planned-capacity,2024-09,2024-09-30T23:59:59+00:00,2024-09-30T23:59:59+00:00,2024-09-30T23:59:59+00:00,MW,downloaded,public_plan,23428.9,44822.0,,False
eia-capacity:2024-09:2027,eia:860m,https://www.eia.gov/electricity/data/eia860m/archive/xls/september_generator2024.xlsx,grid:planned-capacity,2024-09,2024-09-30T23:59:59+00:00,2024-09-30T23:59:59+00:00,2024-09-30T23:59:59+00:00,MW,downloaded,public_plan,14916.6,34737.1,,False
eia-capacity:2024-09:2028,eia:860m,https://www.eia.gov/electricity/data/eia860m/archive/xls/september_generator2024.xlsx,grid:planned-capacity,2024-09,2024-09-30T23:59:59+00:00,2024-09-30T23:59:59+00:00,2024-09-30T23:59:59+00:00,MW,downloaded,public_plan,3954.4,13222.0,,False
eia-capacity:2024-09:2029,eia:860m,https://www.eia.gov/electricity/data/eia860m/archive/xls/september_generator2024.xlsx,grid:planned-capacity,2024-09,2024-09-30T23:59:59+00:00,2024-09-30T23:59:59+00:00,2024-09-30T23:59:59+00:00,MW,downloaded,public_plan,2075.0,4674.4,,False
eia-capacity:2024-09:2030,eia:860m,https://www.eia.gov/electricity/data/eia860m/archive/xls/september_generator2024.xlsx,grid:planned-capacity,2024-09,2024-09-30T23:59:59+00:00,2024-09-30T23:59:59+00:00,2024-09-30T23:59:59+00:00,MW,downloaded,public_plan,607.8,2684.9,,False
