ticker,cik,name,concept,sic,group,period_end,quarter,availability,availability_resolution,value,previous_value,change,expectation_kind,expectation_status,history_count,history_span_days,expected_change_pit,surprise_pit,relative_surprise_pit,in_sealed_window,accession,source_receipt
AMZN,,,PaymentsToAcquirePropertyPlantAndEquipment,,hyperscaler,2009-06-30,Q2,2009-07-24T23:59:59+00:00,"filing date, end of day",78000000.0,55000000.0,23000000.0,,missing,0,,,,,,,results/complex-quarterly/AMZN/2009-06-30
PWR,,,PaymentsToAcquirePropertyPlantAndEquipment,,buildout,2009-06-30,Q2,2009-08-10T23:59:59+00:00,"filing date, end of day",43575000.0,41265000.0,2310000.0,,missing,0,,,,,,,results/complex-quarterly/PWR/2009-06-30
AMZN,,,PaymentsToAcquirePropertyPlantAndEquipment,,hyperscaler,2008-09-30,Q3,2009-10-23T23:59:59+00:00,"filing date, end of day",102000000.0,69000000.0,33000000.0,,missing,0,,,,,,,results/complex-quarterly/AMZN/2008-09-30
AMZN,,,PaymentsToAcquirePropertyPlantAndEquipment,,hyperscaler,2009-09-30,Q3,2009-10-23T23:59:59+00:00,"filing date, end of day",103000000.0,78000000.0,25000000.0,,missing,0,,,,,,,results/complex-quarterly/AMZN/2009-09-30
MSFT,,,PaymentsToAcquirePropertyPlantAndEquipment,,hyperscaler,2009-09-30,Q3,2009-10-23T23:59:59+00:00,"filing date, end of day",435000000.0,632000000.0,-197000000.0,,missing,0,,,,,,,results/complex-quarterly/MSFT/2009-09-30
PWR,,,PaymentsToAcquirePropertyPlantAndEquipment,,buildout,2008-09-30,Q3,2009-11-09T23:59:59+00:00,"filing date, end of day",51776000.0,59983000.0,-8207000.0,,missing,0,,,,,,,results/complex-quarterly/PWR/2008-09-30
PWR,,,PaymentsToAcquirePropertyPlantAndEquipment,,buildout,2009-09-30,Q3,2009-11-09T23:59:59+00:00,"filing date, end of day",36012000.0,43575000.0,-7563000.0,,missing,0,,,,,,,results/complex-quarterly/PWR/2009-09-30
MU,,,PaymentsToAcquirePropertyPlantAndEquipment,,compute_and_ai,2009-12-03,Q4,2010-01-12T23:59:59+00:00,"filing date, end of day",62000000.0,270000000.0,-208000000.0,,missing,0,,,,,,,results/complex-quarterly/MU/2009-12-03
AAPL,,,PaymentsToAcquireProductiveAssets,,hyperscaler,2009-12-26,Q4,2010-01-25T23:59:59+00:00,"filing date, end of day",376000000.0,339000000.0,37000000.0,,missing,0,,,,,,,results/complex-quarterly/AAPL/2009-12-26
J,,,PaymentsToAcquirePropertyPlantAndEquipment,,buildout,2010-01-01,Q1,2010-01-28T23:59:59+00:00,"filing date, end of day",7741000.0,19998000.0,-12257000.0,,missing,0,,,,,,,results/complex-quarterly/J/2010-01-01
MSFT,,,PaymentsToAcquirePropertyPlantAndEquipment,,hyperscaler,2008-12-31,Q4,2010-01-28T23:59:59+00:00,"filing date, end of day",842000000.0,778000000.0,64000000.0,,missing,0,,,,,,,results/complex-quarterly/MSFT/2008-12-31
MSFT,,,PaymentsToAcquirePropertyPlantAndEquipment,,hyperscaler,2009-12-31,Q4,2010-01-28T23:59:59+00:00,"filing date, end of day",376000000.0,435000000.0,-59000000.0,,missing,0,,,,,,,results/complex-quarterly/MSFT/2009-12-31
ROK,,,PaymentsToAcquirePropertyPlantAndEquipment,,buildout,2009-12-31,Q4,2010-02-08T23:59:59+00:00,"filing date, end of day",13500000.0,27400000.0,-13900000.0,,missing,0,,,,,,,results/complex-quarterly/ROK/2009-12-31
MSFT,,,PaymentsToAcquirePropertyPlantAndEquipment,,hyperscaler,2009-03-31,Q1,2010-04-22T23:59:59+00:00,"filing date, end of day",632000000.0,842000000.0,-210000000.0,,missing,0,,,,,,,results/complex-quarterly/MSFT/2009-03-31
MSFT,,,PaymentsToAcquirePropertyPlantAndEquipment,,hyperscaler,2010-03-31,Q1,2010-04-22T23:59:59+00:00,"filing date, end of day",408000000.0,376000000.0,32000000.0,,missing,0,,,,,,,results/complex-quarterly/MSFT/2010-03-31
AMZN,,,PaymentsToAcquirePropertyPlantAndEquipment,,hyperscaler,2009-03-31,Q1,2010-04-23T23:59:59+00:00,"filing date, end of day",55000000.0,102000000.0,-47000000.0,,missing,0,,,,,,,results/complex-quarterly/AMZN/2009-03-31
AMZN,,,PaymentsToAcquirePropertyPlantAndEquipment,,hyperscaler,2010-03-31,Q1,2010-04-23T23:59:59+00:00,"filing date, end of day",140000000.0,103000000.0,37000000.0,,missing,0,,,,,,,results/complex-quarterly/AMZN/2010-03-31
D,,,PaymentsToAcquirePropertyPlantAndEquipment,,power,2010-03-31,Q1,2010-04-29T23:59:59+00:00,"filing date, end of day",877000000.0,796000000.0,81000000.0,,missing,0,,,,,,,results/complex-quarterly/D/2010-03-31
FSLR,,,PaymentsToAcquirePropertyPlantAndEquipment,,fuel_and_nuclear,2010-03-27,Q1,2010-04-29T23:59:59+00:00,"filing date, end of day",105976000.0,86404000.0,19572000.0,,missing,0,,,,,,,results/complex-quarterly/FSLR/2010-03-27
AMT,,,PaymentsToAcquireProductiveAssets,,data_center_reit,2010-03-31,Q1,2010-05-06T23:59:59+00:00,"filing date, end of day",55057000.0,49627000.0,5430000.0,,missing,0,,,,,,,results/complex-quarterly/AMT/2010-03-31
PPL,,,PaymentsToAcquirePropertyPlantAndEquipment,,power,2010-03-31,Q1,2010-05-06T23:59:59+00:00,"filing date, end of day",283000000.0,270000000.0,13000000.0,,missing,0,,,,,,,results/complex-quarterly/PPL/2010-03-31
EIX,,,PaymentsToAcquirePropertyPlantAndEquipment,,power,2010-03-31,Q1,2010-05-07T23:59:59+00:00,"filing date, end of day",951000000.0,785000000.0,166000000.0,,missing,0,,,,,,,results/complex-quarterly/EIX/2010-03-31
SO,,,PaymentsToAcquirePropertyPlantAndEquipment,,power,2010-03-31,Q1,2010-05-07T23:59:59+00:00,"filing date, end of day",1054040000.0,1136212000.0,-82172000.0,,missing,0,,,,,,,results/complex-quarterly/SO/2010-03-31
WY,,,PaymentsToAcquirePropertyPlantAndEquipment,,data_center_reit,2010-03-31,Q1,2010-05-07T23:59:59+00:00,"filing date, end of day",46000000.0,56000000.0,-10000000.0,,missing,0,,,,,,,results/complex-quarterly/WY/2010-03-31
CCI,,,PaymentsToAcquireProductiveAssets,,data_center_reit,2010-03-31,Q1,2010-05-10T23:59:59+00:00,"filing date, end of day",36863000.0,32389000.0,4474000.0,,missing,0,,,,,,,results/complex-quarterly/CCI/2010-03-31
IRM,,,PaymentsToAcquirePropertyPlantAndEquipment,,data_center_reit,2010-03-31,Q1,2010-05-10T23:59:59+00:00,"filing date, end of day",81948000.0,82137000.0,-189000.0,,missing,0,,,,,,,results/complex-quarterly/IRM/2010-03-31
NRG,,,PaymentsToAcquirePropertyPlantAndEquipment,,power,2010-03-31,Q1,2010-05-10T23:59:59+00:00,"filing date, end of day",185000000.0,233000000.0,-48000000.0,,missing,0,,,,,,,results/complex-quarterly/NRG/2010-03-31
PWR,,,PaymentsToAcquirePropertyPlantAndEquipment,,buildout,2009-03-31,Q1,2010-05-10T23:59:59+00:00,"filing date, end of day",41265000.0,51776000.0,-10511000.0,,missing,0,,,,,,,results/complex-quarterly/PWR/2009-03-31
PWR,,,PaymentsToAcquirePropertyPlantAndEquipment,,buildout,2010-03-31,Q1,2010-05-10T23:59:59+00:00,"filing date, end of day",43799000.0,36012000.0,7787000.0,,missing,0,,,,,,,results/complex-quarterly/PWR/2010-03-31
AMZN,,,PaymentsToAcquirePropertyPlantAndEquipment,,hyperscaler,2010-06-30,Q2,2010-07-23T23:59:59+00:00,"filing date, end of day",196000000.0,140000000.0,56000000.0,prior same-quarter,measured,1,0,23000000.0,33000000.0,0.2357142857142857,,,results/complex-quarterly/AMZN/2010-06-30
IRM,,,PaymentsToAcquirePropertyPlantAndEquipment,,data_center_reit,2009-06-30,Q2,2010-08-05T23:59:59+00:00,"filing date, end of day",61955000.0,71921000.0,-9966000.0,,missing,0,,,,,,,results/complex-quarterly/IRM/2009-06-30
IRM,,,PaymentsToAcquirePropertyPlantAndEquipment,,data_center_reit,2010-06-30,Q2,2010-08-05T23:59:59+00:00,"filing date, end of day",56060000.0,81948000.0,-25888000.0,,missing,0,,,,,,,results/complex-quarterly/IRM/2010-06-30
PWR,,,PaymentsToAcquirePropertyPlantAndEquipment,,buildout,2010-06-30,Q2,2010-08-09T23:59:59+00:00,"filing date, end of day",37361000.0,43799000.0,-6438000.0,prior same-quarter,measured,1,0,2310000.0,-8748000.0,-0.19973058745633462,,,results/complex-quarterly/PWR/2010-06-30
CCI,,,PaymentsToAcquireProductiveAssets,,data_center_reit,2009-06-30,Q2,2010-08-26T23:59:59+00:00,"filing date, end of day",39624000.0,39284000.0,340000.0,,missing,0,,,,,,,results/complex-quarterly/CCI/2009-06-30
CCI,,,PaymentsToAcquireProductiveAssets,,data_center_reit,2010-06-30,Q2,2010-08-26T23:59:59+00:00,"filing date, end of day",54902000.0,36863000.0,18039000.0,,missing,0,,,,,,,results/complex-quarterly/CCI/2010-06-30
AMZN,,,PaymentsToAcquirePropertyPlantAndEquipment,,hyperscaler,2010-09-30,Q3,2010-10-22T23:59:59+00:00,"filing date, end of day",315000000.0,196000000.0,119000000.0,same-quarter mean,measured,2,0,29000000.0,90000000.0,0.45918367346938777,,,results/complex-quarterly/AMZN/2010-09-30
MSFT,,,PaymentsToAcquirePropertyPlantAndEquipment,,hyperscaler,2010-09-30,Q3,2010-10-28T23:59:59+00:00,"filing date, end of day",564000000.0,408000000.0,156000000.0,prior same-quarter,measured,1,0,-197000000.0,353000000.0,0.8651960784313726,,,results/complex-quarterly/MSFT/2010-09-30
CCI,,,PaymentsToAcquireProductiveAssets,,data_center_reit,2009-09-30,Q3,2010-11-05T23:59:59+00:00,"filing date, end of day",32389000.0,39624000.0,-7235000.0,,missing,0,,,,,,,results/complex-quarterly/CCI/2009-09-30
CCI,,,PaymentsToAcquireProductiveAssets,,data_center_reit,2010-09-30,Q3,2010-11-05T23:59:59+00:00,"filing date, end of day",56509000.0,54902000.0,1607000.0,,missing,0,,,,,,,results/complex-quarterly/CCI/2010-09-30
IRM,,,PaymentsToAcquirePropertyPlantAndEquipment,,data_center_reit,2009-09-30,Q3,2010-11-08T23:59:59+00:00,"filing date, end of day",82137000.0,61955000.0,20182000.0,,missing,0,,,,,,,results/complex-quarterly/IRM/2009-09-30
IRM,,,PaymentsToAcquirePropertyPlantAndEquipment,,data_center_reit,2010-09-30,Q3,2010-11-08T23:59:59+00:00,"filing date, end of day",63821000.0,56060000.0,7761000.0,,missing,0,,,,,,,results/complex-quarterly/IRM/2010-09-30
PWR,,,PaymentsToAcquirePropertyPlantAndEquipment,,buildout,2010-09-30,Q3,2010-11-09T23:59:59+00:00,"filing date, end of day",31674000.0,37361000.0,-5687000.0,same-quarter mean,measured,2,0,-7885000.0,2198000.0,0.05883140172907578,,,results/complex-quarterly/PWR/2010-09-30
MU,,,PaymentsToAcquirePropertyPlantAndEquipment,,compute_and_ai,2010-12-02,Q4,2011-01-11T23:59:59+00:00,"filing date, end of day",465000000.0,62000000.0,403000000.0,prior same-quarter,measured,1,0,-208000000.0,611000000.0,9.85483870967742,,,results/complex-quarterly/MU/2010-12-02
AAPL,,,PaymentsToAcquireProductiveAssets,,hyperscaler,2010-12-25,Q4,2011-01-19T23:59:59+00:00,"filing date, end of day",1214000000.0,376000000.0,838000000.0,prior same-quarter,measured,1,0,37000000.0,801000000.0,2.13031914893617,,,results/complex-quarterly/AAPL/2010-12-25
J,,,PaymentsToAcquirePropertyPlantAndEquipment,,buildout,2010-12-31,Q4,2011-01-26T23:59:59+00:00,"filing date, end of day",6664000.0,7741000.0,-1077000.0,,missing,0,,,,,,,results/complex-quarterly/J/2010-12-31
MSFT,,,PaymentsToAcquirePropertyPlantAndEquipment,,hyperscaler,2010-12-31,Q4,2011-01-27T23:59:59+00:00,"filing date, end of day",491000000.0,564000000.0,-73000000.0,same-quarter mean,measured,2,0,2500000.0,-75500000.0,-0.13386524822695037,,,results/complex-quarterly/MSFT/2010-12-31
ROK,,,PaymentsToAcquirePropertyPlantAndEquipment,,buildout,2010-12-31,Q4,2011-02-03T23:59:59+00:00,"filing date, end of day",20300000.0,13500000.0,6800000.0,prior same-quarter,measured,1,0,-13900000.0,20700000.0,1.5333333333333334,,,results/complex-quarterly/ROK/2010-12-31
AMZN,,,PaymentsToAcquirePropertyPlantAndEquipment,,hyperscaler,2011-03-31,Q1,2011-04-27T23:59:59+00:00,"filing date, end of day",298000000.0,315000000.0,-17000000.0,same-quarter mean,measured,2,0,-5000000.0,-12000000.0,-0.0380952380952381,,,results/complex-quarterly/AMZN/2011-03-31
EXC,,,PaymentsToAcquirePropertyPlantAndEquipment,,power,2010-03-31,Q1,2011-04-27T23:59:59+00:00,"filing date, end of day",878000000.0,712000000.0,166000000.0,,missing,0,,,,,,,results/complex-quarterly/EXC/2010-03-31
EXC,,,PaymentsToAcquirePropertyPlantAndEquipment,,power,2011-03-31,Q1,2011-04-27T23:59:59+00:00,"filing date, end of day",1150000000.0,878000000.0,272000000.0,,missing,0,,,,,,,results/complex-quarterly/EXC/2011-03-31
EME,,,PaymentsToAcquireProductiveAssets,,buildout,2011-03-31,Q1,2011-04-28T23:59:59+00:00,"filing date, end of day",4517000.0,3489000.0,1028000.0,,missing,0,,,,,,,results/complex-quarterly/EME/2011-03-31
MSFT,,,PaymentsToAcquirePropertyPlantAndEquipment,,hyperscaler,2011-03-31,Q1,2011-04-28T23:59:59+00:00,"filing date, end of day",658000000.0,491000000.0,167000000.0,same-quarter mean,measured,2,0,-89000000.0,256000000.0,0.5213849287169042,,,results/complex-quarterly/MSFT/2011-03-31
D,,,PaymentsToAcquirePropertyPlantAndEquipment,,power,2011-03-31,Q1,2011-04-29T23:59:59+00:00,"filing date, end of day",806000000.0,877000000.0,-71000000.0,prior same-quarter,measured,1,0,81000000.0,-152000000.0,-0.1733181299885975,,,results/complex-quarterly/D/2011-03-31
EIX,,,PaymentsToAcquirePropertyPlantAndEquipment,,power,2011-03-31,Q1,2011-05-02T23:59:59+00:00,"filing date, end of day",1133000000.0,951000000.0,182000000.0,prior same-quarter,measured,1,0,166000000.0,16000000.0,0.016824395373291272,,,results/complex-quarterly/EIX/2011-03-31
PCG,,,PaymentsToAcquirePropertyPlantAndEquipment,,power,2010-03-31,Q1,2011-05-04T23:59:59+00:00,"filing date, end of day",855000000.0,1079000000.0,-224000000.0,,missing,0,,,,,,,results/complex-quarterly/PCG/2010-03-31
PCG,,,PaymentsToAcquirePropertyPlantAndEquipment,,power,2011-03-31,Q1,2011-05-04T23:59:59+00:00,"filing date, end of day",945000000.0,855000000.0,90000000.0,,missing,0,,,,,,,results/complex-quarterly/PCG/2011-03-31
AMT,,,PaymentsToAcquireProductiveAssets,,data_center_reit,2011-03-31,Q1,2011-05-05T23:59:59+00:00,"filing date, end of day",97901000.0,55057000.0,42844000.0,prior same-quarter,measured,1,0,5430000.0,37414000.0,0.6795502842508673,,,results/complex-quarterly/AMT/2011-03-31
FSLR,,,PaymentsToAcquirePropertyPlantAndEquipment,,fuel_and_nuclear,2011-03-31,Q1,2011-05-05T23:59:59+00:00,"filing date, end of day",168990000.0,105976000.0,63014000.0,prior same-quarter,measured,1,0,19572000.0,43442000.0,0.409923001434287,,,results/complex-quarterly/FSLR/2011-03-31
IRM,,,PaymentsToAcquirePropertyPlantAndEquipment,,data_center_reit,2011-03-31,Q1,2011-05-05T23:59:59+00:00,"filing date, end of day",61507000.0,63821000.0,-2314000.0,prior same-quarter,measured,1,0,-189000.0,-2125000.0,-0.03329625045047868,,,results/complex-quarterly/IRM/2011-03-31
NRG,,,PaymentsToAcquirePropertyPlantAndEquipment,,power,2011-03-31,Q1,2011-05-05T23:59:59+00:00,"filing date, end of day",219000000.0,185000000.0,34000000.0,prior same-quarter,measured,1,0,-48000000.0,82000000.0,0.44324324324324327,,,results/complex-quarterly/NRG/2011-03-31
CCI,,,PaymentsToAcquireProductiveAssets,,data_center_reit,2011-03-31,Q1,2011-05-06T23:59:59+00:00,"filing date, end of day",52650000.0,56509000.0,-3859000.0,prior same-quarter,measured,1,0,4474000.0,-8333000.0,-0.14746323594471678,,,results/complex-quarterly/CCI/2011-03-31
PPL,,,PaymentsToAcquirePropertyPlantAndEquipment,,power,2011-03-31,Q1,2011-05-06T23:59:59+00:00,"filing date, end of day",428000000.0,283000000.0,145000000.0,prior same-quarter,measured,1,0,13000000.0,132000000.0,0.4664310954063604,,,results/complex-quarterly/PPL/2011-03-31
PWR,,,PaymentsToAcquirePropertyPlantAndEquipment,,buildout,2011-03-31,Q1,2011-05-06T23:59:59+00:00,"filing date, end of day",37488000.0,31674000.0,5814000.0,same-quarter mean,measured,2,0,-1362000.0,7176000.0,0.22655806023868158,,,results/complex-quarterly/PWR/2011-03-31
SBAC,,,PaymentsToAcquirePropertyPlantAndEquipment,,data_center_reit,2011-03-31,Q1,2011-05-06T23:59:59+00:00,"filing date, end of day",20155000.0,12161000.0,7994000.0,,missing,0,,,,,,,results/complex-quarterly/SBAC/2011-03-31
SO,,,PaymentsToAcquirePropertyPlantAndEquipment,,power,2011-03-31,Q1,2011-05-06T23:59:59+00:00,"filing date, end of day",1086000000.0,1054040000.0,31960000.0,prior same-quarter,measured,1,0,-82172000.0,114132000.0,0.10828052066335243,,,results/complex-quarterly/SO/2011-03-31
WY,,,PaymentsToAcquirePropertyPlantAndEquipment,,data_center_reit,2011-03-31,Q1,2011-05-06T23:59:59+00:00,"filing date, end of day",35000000.0,46000000.0,-11000000.0,prior same-quarter,measured,1,0,-10000000.0,-1000000.0,-0.021739130434782608,,,results/complex-quarterly/WY/2011-03-31
DUK,,,PaymentsToAcquirePropertyPlantAndEquipment,,power,2011-03-31,Q1,2011-05-09T23:59:59+00:00,"filing date, end of day",1006000000.0,1179000000.0,-173000000.0,,missing,0,,,,,,,results/complex-quarterly/DUK/2011-03-31
SRE,,,PaymentsToAcquireProductiveAssets,,power,2011-03-31,Q1,2011-05-09T23:59:59+00:00,"filing date, end of day",607000000.0,446000000.0,161000000.0,,missing,0,,,,,,,results/complex-quarterly/SRE/2011-03-31
AMD,,,PaymentsToAcquirePropertyPlantAndEquipment,,compute_and_ai,2011-04-02,Q2,2011-05-10T23:59:59+00:00,"filing date, end of day",38000000.0,48000000.0,-10000000.0,,missing,0,,,,,,,results/complex-quarterly/AMD/2011-04-02
AMZN,,,PaymentsToAcquirePropertyPlantAndEquipment,,hyperscaler,2011-06-30,Q2,2011-07-27T23:59:59+00:00,"filing date, end of day",433000000.0,298000000.0,135000000.0,same-quarter mean,measured,2,364,39500000.0,95500000.0,0.32046979865771813,,,results/complex-quarterly/AMZN/2011-06-30
FIX,,,PaymentsToAcquirePropertyPlantAndEquipment,,buildout,2011-06-30,Q2,2011-08-02T23:59:59+00:00,"filing date, end of day",1544000.0,2360000.0,-816000.0,,missing,0,,,,,,,results/complex-quarterly/FIX/2011-06-30
CCI,,,PaymentsToAcquireProductiveAssets,,data_center_reit,2011-06-30,Q2,2011-08-05T23:59:59+00:00,"filing date, end of day",64040000.0,52650000.0,11390000.0,same-quarter mean,measured,2,0,9189500.0,2200500.0,0.0417948717948718,,,results/complex-quarterly/CCI/2011-06-30
PWR,,,PaymentsToAcquirePropertyPlantAndEquipment,,buildout,2011-06-30,Q2,2011-08-05T23:59:59+00:00,"filing date, end of day",52204000.0,37488000.0,14716000.0,same-quarter mean,measured,2,364,-2064000.0,16780000.0,0.44760990183525395,,,results/complex-quarterly/PWR/2011-06-30
IRM,,,PaymentsToAcquirePropertyPlantAndEquipment,,data_center_reit,2011-06-30,Q2,2011-08-08T23:59:59+00:00,"filing date, end of day",47039000.0,61507000.0,-14468000.0,same-quarter mean,measured,2,0,-17927000.0,3459000.0,0.0562375014226023,,,results/complex-quarterly/IRM/2011-06-30
ORCL,,,PaymentsToAcquirePropertyPlantAndEquipment,,hyperscaler,2011-08-31,Q3,2011-09-23T23:59:59+00:00,"filing date, end of day",160000000.0,118000000.0,42000000.0,,missing,0,,,,,,,results/complex-quarterly/ORCL/2011-08-31
MSFT,,,PaymentsToAcquirePropertyPlantAndEquipment,,hyperscaler,2011-09-30,Q3,2011-10-20T23:59:59+00:00,"filing date, end of day",436000000.0,658000000.0,-222000000.0,same-quarter mean,measured,2,370,-20500000.0,-201500000.0,-0.30623100303951367,,,results/complex-quarterly/MSFT/2011-09-30
AMZN,,,PaymentsToAcquirePropertyPlantAndEquipment,,hyperscaler,2011-09-30,Q3,2011-10-26T23:59:59+00:00,"filing date, end of day",529000000.0,433000000.0,96000000.0,same-quarter mean,measured,3,364,59000000.0,37000000.0,0.08545034642032333,,,results/complex-quarterly/AMZN/2011-09-30
CCI,,,PaymentsToAcquireProductiveAssets,,data_center_reit,2011-09-30,Q3,2011-11-03T23:59:59+00:00,"filing date, end of day",148425000.0,64040000.0,84385000.0,same-quarter mean,measured,2,0,-2814000.0,87199000.0,1.361633354153654,,,results/complex-quarterly/CCI/2011-09-30
FIX,,,PaymentsToAcquirePropertyPlantAndEquipment,,buildout,2010-09-30,Q3,2011-11-07T23:59:59+00:00,"filing date, end of day",2021000.0,860000.0,1161000.0,,missing,0,,,,,,,results/complex-quarterly/FIX/2010-09-30
FIX,,,PaymentsToAcquirePropertyPlantAndEquipment,,buildout,2011-09-30,Q3,2011-11-07T23:59:59+00:00,"filing date, end of day",2548000.0,1544000.0,1004000.0,,missing,0,,,,,,,results/complex-quarterly/FIX/2011-09-30
SMCI,,,PaymentsToAcquirePropertyPlantAndEquipment,,compute_and_ai,2011-09-30,Q3,2011-11-07T23:59:59+00:00,"filing date, end of day",8045000.0,7250000.0,795000.0,,missing,0,,,,,,,results/complex-quarterly/SMCI/2011-09-30
IRM,,,PaymentsToAcquirePropertyPlantAndEquipment,,data_center_reit,2011-09-30,Q3,2011-11-08T23:59:59+00:00,"filing date, end of day",48939000.0,47039000.0,1900000.0,same-quarter mean,measured,2,0,13971500.0,-12071500.0,-0.25662747932566593,,,results/complex-quarterly/IRM/2011-09-30
PWR,,,PaymentsToAcquirePropertyPlantAndEquipment,,buildout,2011-09-30,Q3,2011-11-08T23:59:59+00:00,"filing date, end of day",43077000.0,52204000.0,-9127000.0,same-quarter mean,measured,3,365,-7152333.333333333,-1974666.666666667,-0.03782596480474038,,,results/complex-quarterly/PWR/2011-09-30
DY,,,PaymentsToAcquirePropertyPlantAndEquipment,,buildout,2011-10-29,Q4,2011-11-23T23:59:59+00:00,"filing date, end of day",20857000.0,13449000.0,7408000.0,,missing,0,,,,,,,results/complex-quarterly/DY/2011-10-29
MU,,,PaymentsToAcquirePropertyPlantAndEquipment,,compute_and_ai,2011-12-01,Q4,2012-01-10T23:59:59+00:00,"filing date, end of day",697000000.0,465000000.0,232000000.0,same-quarter mean,measured,2,364,97500000.0,134500000.0,0.289247311827957,,,results/complex-quarterly/MU/2011-12-01
AAPL,,,PaymentsToAcquireProductiveAssets,,hyperscaler,2011-12-31,Q4,2012-01-25T23:59:59+00:00,"filing date, end of day",1321000000.0,1214000000.0,107000000.0,same-quarter mean,measured,2,359,437500000.0,-330500000.0,-0.27224052718286657,,,results/complex-quarterly/AAPL/2011-12-31
MSFT,,,PaymentsToAcquirePropertyPlantAndEquipment,,hyperscaler,2011-12-31,Q4,2012-01-27T23:59:59+00:00,"filing date, end of day",498000000.0,436000000.0,62000000.0,same-quarter mean,measured,3,364,-22666666.666666668,84666666.66666667,0.1941896024464832,,,results/complex-quarterly/MSFT/2011-12-31
ROK,,,PaymentsToAcquirePropertyPlantAndEquipment,,buildout,2011-12-31,Q4,2012-02-08T23:59:59+00:00,"filing date, end of day",31600000.0,20300000.0,11300000.0,same-quarter mean,measured,2,360,-3550000.0,14850000.0,0.7315270935960592,,,results/complex-quarterly/ROK/2011-12-31
MSFT,,,PaymentsToAcquirePropertyPlantAndEquipment,,hyperscaler,2012-03-31,Q1,2012-04-19T23:59:59+00:00,"filing date, end of day",749000000.0,498000000.0,251000000.0,same-quarter mean,measured,3,371,-3666666.6666666665,254666666.66666666,0.5113788487282463,,,results/complex-quarterly/MSFT/2012-03-31
D,,,PaymentsToAcquirePropertyPlantAndEquipment,,power,2012-03-31,Q1,2012-04-26T23:59:59+00:00,"filing date, end of day",981000000.0,806000000.0,175000000.0,same-quarter mean,measured,2,365,5000000.0,170000000.0,0.2109181141439206,,,results/complex-quarterly/D/2012-03-31
EME,,,PaymentsToAcquireProductiveAssets,,buildout,2012-03-31,Q1,2012-04-26T23:59:59+00:00,"filing date, end of day",7826000.0,4517000.0,3309000.0,prior same-quarter,measured,1,0,1028000.0,2281000.0,0.5049811822005756,,,results/complex-quarterly/EME/2012-03-31
AEP,,,PaymentsToAcquirePropertyPlantAndEquipment,,power,2012-03-31,Q1,2012-04-27T23:59:59+00:00,"filing date, end of day",85000000.0,2000000.0,83000000.0,,missing,0,,,,,,,results/complex-quarterly/AEP/2012-03-31
AMZN,,,PaymentsToAcquirePropertyPlantAndEquipment,,hyperscaler,2012-03-31,Q1,2012-04-27T23:59:59+00:00,"filing date, end of day",386000000.0,529000000.0,-143000000.0,same-quarter mean,measured,3,369,-9000000.0,-134000000.0,-0.2533081285444234,,,results/complex-quarterly/AMZN/2012-03-31
EQIX,,,PaymentsToAcquirePropertyPlantAndEquipment,,data_center_reit,2012-03-31,Q1,2012-04-27T23:59:59+00:00,"filing date, end of day",145490000.0,14951000.0,130539000.0,,missing,0,,,,,,,results/complex-quarterly/EQIX/2012-03-31
EIX,,,PaymentsToAcquirePropertyPlantAndEquipment,,power,2012-03-31,Q1,2012-05-02T23:59:59+00:00,"filing date, end of day",1276000000.0,1133000000.0,143000000.0,same-quarter mean,measured,2,360,174000000.0,-31000000.0,-0.02736098852603707,,,results/complex-quarterly/EIX/2012-03-31
FIX,,,PaymentsToAcquirePropertyPlantAndEquipment,,buildout,2011-03-31,Q1,2012-05-02T23:59:59+00:00,"filing date, end of day",2360000.0,2021000.0,339000.0,,missing,0,,,,,,,results/complex-quarterly/FIX/2011-03-31
FIX,,,PaymentsToAcquirePropertyPlantAndEquipment,,buildout,2012-03-31,Q1,2012-05-02T23:59:59+00:00,"filing date, end of day",2094000.0,2548000.0,-454000.0,,missing,0,,,,,,,results/complex-quarterly/FIX/2012-03-31
PCG,,,PaymentsToAcquirePropertyPlantAndEquipment,,power,2012-03-31,Q1,2012-05-02T23:59:59+00:00,"filing date, end of day",1094000000.0,945000000.0,149000000.0,same-quarter mean,measured,2,0,-67000000.0,216000000.0,0.22857142857142856,,,results/complex-quarterly/PCG/2012-03-31
AMT,,,PaymentsToAcquireProductiveAssets,,data_center_reit,2012-03-31,Q1,2012-05-03T23:59:59+00:00,"filing date, end of day",121032000.0,97901000.0,23131000.0,same-quarter mean,measured,2,364,24137000.0,-1006000.0,-0.010275686663057578,,,results/complex-quarterly/AMT/2012-03-31
CCI,,,PaymentsToAcquireProductiveAssets,,data_center_reit,2012-03-31,Q1,2012-05-03T23:59:59+00:00,"filing date, end of day",65052000.0,148425000.0,-83373000.0,same-quarter mean,measured,2,361,307500.0,-83680500.0,-0.5637897928246589,,,results/complex-quarterly/CCI/2012-03-31
MTZ,,,PaymentsToAcquirePropertyPlantAndEquipment,,buildout,2012-03-31,Q1,2012-05-03T23:59:59+00:00,"filing date, end of day",14097000.0,14620000.0,-523000.0,,missing,0,,,,,,,results/complex-quarterly/MTZ/2012-03-31
NRG,,,PaymentsToAcquirePropertyPlantAndEquipment,,power,2012-03-31,Q1,2012-05-03T23:59:59+00:00,"filing date, end of day",639000000.0,219000000.0,420000000.0,same-quarter mean,measured,2,360,-7000000.0,427000000.0,1.9497716894977168,,,results/complex-quarterly/NRG/2012-03-31
FSLR,,,PaymentsToAcquirePropertyPlantAndEquipment,,fuel_and_nuclear,2012-03-31,Q1,2012-05-04T23:59:59+00:00,"filing date, end of day",124490000.0,168990000.0,-44500000.0,same-quarter mean,measured,2,371,41293000.0,-85793000.0,-0.5076809278655542,,,results/complex-quarterly/FSLR/2012-03-31
SRE,,,PaymentsToAcquireProductiveAssets,,power,2012-03-31,Q1,2012-05-04T23:59:59+00:00,"filing date, end of day",811000000.0,607000000.0,204000000.0,prior same-quarter,measured,1,0,161000000.0,43000000.0,0.07084019769357495,,,results/complex-quarterly/SRE/2012-03-31
WY,,,PaymentsToAcquirePropertyPlantAndEquipment,,data_center_reit,2012-03-31,Q1,2012-05-04T23:59:59+00:00,"filing date, end of day",54000000.0,35000000.0,19000000.0,same-quarter mean,measured,2,364,-10500000.0,29500000.0,0.8428571428571429,,,results/complex-quarterly/WY/2012-03-31
PPL,,,PaymentsToAcquirePropertyPlantAndEquipment,,power,2012-03-31,Q1,2012-05-07T23:59:59+00:00,"filing date, end of day",682000000.0,428000000.0,254000000.0,same-quarter mean,measured,2,365,79000000.0,175000000.0,0.4088785046728972,,,results/complex-quarterly/PPL/2012-03-31
SBAC,,,PaymentsToAcquirePropertyPlantAndEquipment,,data_center_reit,2012-03-31,Q1,2012-05-07T23:59:59+00:00,"filing date, end of day",24852000.0,20155000.0,4697000.0,prior same-quarter,measured,1,0,7994000.0,-3297000.0,-0.16358223765814933,,,results/complex-quarterly/SBAC/2012-03-31
SO,,,PaymentsToAcquirePropertyPlantAndEquipment,,power,2012-03-31,Q1,2012-05-07T23:59:59+00:00,"filing date, end of day",1231000000.0,1086000000.0,145000000.0,same-quarter mean,measured,2,364,-25106000.0,170106000.0,0.1566353591160221,,,results/complex-quarterly/SO/2012-03-31
AMD,,,PaymentsToAcquirePropertyPlantAndEquipment,,compute_and_ai,2012-03-31,Q1,2012-05-09T23:59:59+00:00,"filing date, end of day",40000000.0,38000000.0,2000000.0,,missing,0,,,,,,,results/complex-quarterly/AMD/2012-03-31
BWXT,,,PaymentsToAcquirePropertyPlantAndEquipment,,fuel_and_nuclear,2012-03-31,Q1,2012-05-09T23:59:59+00:00,"filing date, end of day",21441000.0,20753000.0,688000.0,,missing,0,,,,,,,results/complex-quarterly/BWXT/2012-03-31
DUK,,,PaymentsToAcquirePropertyPlantAndEquipment,,power,2012-03-31,Q1,2012-05-09T23:59:59+00:00,"filing date, end of day",988000000.0,1006000000.0,-18000000.0,prior same-quarter,measured,1,0,-173000000.0,155000000.0,0.1540755467196819,,,results/complex-quarterly/DUK/2012-03-31
PRIM,,,PaymentsToAcquirePropertyPlantAndEquipment,,buildout,2012-03-31,Q1,2012-05-09T23:59:59+00:00,"filing date, end of day",5188000.0,4080000.0,1108000.0,,missing,0,,,,,,,results/complex-quarterly/PRIM/2012-03-31
PWR,,,PaymentsToAcquirePropertyPlantAndEquipment,,buildout,2012-03-31,Q1,2012-05-09T23:59:59+00:00,"filing date, end of day",35344000.0,43077000.0,-7733000.0,same-quarter mean,measured,3,361,1030000.0,-8763000.0,-0.20342642245281706,,,results/complex-quarterly/PWR/2012-03-31
STRL,,,PaymentsToAcquirePropertyPlantAndEquipment,,buildout,2012-03-31,Q1,2012-05-09T23:59:59+00:00,"filing date, end of day",5910000.0,8433000.0,-2523000.0,,missing,0,,,,,,,results/complex-quarterly/STRL/2012-03-31
EXC,,,PaymentsToAcquirePropertyPlantAndEquipment,,power,2012-03-31,Q1,2012-05-10T23:59:59+00:00,"filing date, end of day",1496000000.0,1150000000.0,346000000.0,same-quarter mean,measured,2,0,219000000.0,127000000.0,0.11043478260869566,,,results/complex-quarterly/EXC/2012-03-31
IRM,,,PaymentsToAcquirePropertyPlantAndEquipment,,data_center_reit,2012-03-31,Q1,2012-05-10T23:59:59+00:00,"filing date, end of day",55916000.0,48939000.0,6977000.0,same-quarter mean,measured,2,360,-1251500.0,8228500.0,0.16813788593963913,,,results/complex-quarterly/IRM/2012-03-31
WULF,,,PaymentsToAcquirePropertyPlantAndEquipment,,compute_and_ai,2012-03-31,Q1,2012-05-14T23:59:59+00:00,"filing date, end of day",229897.0,66743.0,163154.0,,missing,0,,,,,,,results/complex-quarterly/WULF/2012-03-31
NVDA,,,PaymentsToAcquirePropertyPlantAndEquipment,,compute_and_ai,2012-04-29,Q2,2012-05-23T23:59:59+00:00,"filing date, end of day",28923000.0,31195000.0,-2272000.0,,missing,0,,,,,,,results/complex-quarterly/NVDA/2012-04-29
AGX,,,PaymentsToAcquirePropertyPlantAndEquipment,,buildout,2012-04-30,Q2,2012-06-12T23:59:59+00:00,"filing date, end of day",1164000.0,76000.0,1088000.0,,missing,0,,,,,,,results/complex-quarterly/AGX/2012-04-30
AMZN,,,PaymentsToAcquirePropertyPlantAndEquipment,,hyperscaler,2012-06-30,Q2,2012-07-27T23:59:59+00:00,"filing date, end of day",657000000.0,386000000.0,271000000.0,same-quarter mean,measured,3,733,71333333.33333333,199666666.6666667,0.5172711571675302,,,results/complex-quarterly/AMZN/2012-06-30
FIX,,,PaymentsToAcquirePropertyPlantAndEquipment,,buildout,2012-06-30,Q2,2012-08-01T23:59:59+00:00,"filing date, end of day",4494000.0,2094000.0,2400000.0,prior same-quarter,measured,1,0,-816000.0,3216000.0,1.5358166189111748,,,results/complex-quarterly/FIX/2012-06-30
IRM,,,PaymentsToAcquirePropertyPlantAndEquipment,,data_center_reit,2012-06-30,Q2,2012-08-01T23:59:59+00:00,"filing date, end of day",51445000.0,55916000.0,-4471000.0,same-quarter mean,measured,3,368,-16774000.0,12303000.0,0.22002646827383934,,,results/complex-quarterly/IRM/2012-06-30
CCI,,,PaymentsToAcquireProductiveAssets,,data_center_reit,2012-06-30,Q2,2012-08-06T23:59:59+00:00,"filing date, end of day",94645000.0,65052000.0,29593000.0,same-quarter mean,measured,3,344,9923000.0,19670000.0,0.30237348582672324,,,results/complex-quarterly/CCI/2012-06-30
PWR,,,PaymentsToAcquirePropertyPlantAndEquipment,,buildout,2012-06-30,Q2,2012-08-08T23:59:59+00:00,"filing date, end of day",49975000.0,35344000.0,14631000.0,same-quarter mean,measured,3,725,3529333.3333333335,11101666.666666666,0.3141032895729591,,,results/complex-quarterly/PWR/2012-06-30
AGX,,,PaymentsToAcquirePropertyPlantAndEquipment,,buildout,2011-07-31,Q3,2012-09-14T23:59:59+00:00,"filing date, end of day",50000.0,9000.0,41000.0,,missing,0,,,,,,,results/complex-quarterly/AGX/2011-07-31
AGX,,,PaymentsToAcquirePropertyPlantAndEquipment,,buildout,2012-07-31,Q3,2012-09-14T23:59:59+00:00,"filing date, end of day",2627000.0,1164000.0,1463000.0,,missing,0,,,,,,,results/complex-quarterly/AGX/2012-07-31
ORCL,,,PaymentsToAcquirePropertyPlantAndEquipment,,hyperscaler,2012-08-31,Q3,2012-09-24T23:59:59+00:00,"filing date, end of day",139000000.0,160000000.0,-21000000.0,prior same-quarter,measured,1,0,42000000.0,-63000000.0,-0.39375,,,results/complex-quarterly/ORCL/2012-08-31
MSFT,,,PaymentsToAcquirePropertyPlantAndEquipment,,hyperscaler,2012-09-30,Q3,2012-10-18T23:59:59+00:00,"filing date, end of day",603000000.0,749000000.0,-146000000.0,same-quarter mean,measured,3,727,-87666666.66666667,-58333333.33333333,-0.0778816199376947,,,results/complex-quarterly/MSFT/2012-09-30
AMZN,,,PaymentsToAcquirePropertyPlantAndEquipment,,hyperscaler,2012-09-30,Q3,2012-10-26T23:59:59+00:00,"filing date, end of day",716000000.0,657000000.0,59000000.0,same-quarter mean,measured,4,733,68250000.0,-9250000.0,-0.014079147640791476,,,results/complex-quarterly/AMZN/2012-09-30
FIX,,,PaymentsToAcquirePropertyPlantAndEquipment,,buildout,2012-09-30,Q3,2012-11-01T23:59:59+00:00,"filing date, end of day",2817000.0,4494000.0,-1677000.0,same-quarter mean,measured,2,0,1082500.0,-2759500.0,-0.6140409434801958,,,results/complex-quarterly/FIX/2012-09-30
CCI,,,PaymentsToAcquireProductiveAssets,,data_center_reit,2012-09-30,Q3,2012-11-02T23:59:59+00:00,"filing date, end of day",123690000.0,94645000.0,29045000.0,same-quarter mean,measured,3,363,26252333.333333332,2792666.666666668,0.029506753306214464,,,results/complex-quarterly/CCI/2012-09-30
IRM,,,PaymentsToAcquirePropertyPlantAndEquipment,,data_center_reit,2012-09-30,Q3,2012-11-02T23:59:59+00:00,"filing date, end of day",58101000.0,51445000.0,6656000.0,same-quarter mean,measured,3,365,9947666.666666666,-3291666.666666666,-0.06398419023552661,,,results/complex-quarterly/IRM/2012-09-30
PWR,,,PaymentsToAcquirePropertyPlantAndEquipment,,buildout,2012-09-30,Q3,2012-11-07T23:59:59+00:00,"filing date, end of day",71056000.0,49975000.0,21081000.0,same-quarter mean,measured,4,729,-7646000.0,28727000.0,0.5748274137068534,,,results/complex-quarterly/PWR/2012-09-30
SMCI,,,PaymentsToAcquirePropertyPlantAndEquipment,,compute_and_ai,2012-09-30,Q3,2012-11-07T23:59:59+00:00,"filing date, end of day",919000.0,8045000.0,-7126000.0,prior same-quarter,measured,1,0,795000.0,-7921000.0,-0.9845866998135487,,,results/complex-quarterly/SMCI/2012-09-30
DY,,,PaymentsToAcquirePropertyPlantAndEquipment,,buildout,2012-10-27,Q4,2012-11-21T23:59:59+00:00,"filing date, end of day",12523000.0,20857000.0,-8334000.0,prior same-quarter,measured,1,0,7408000.0,-15742000.0,-0.7547585942369468,,,results/complex-quarterly/DY/2012-10-27
AGX,,,PaymentsToAcquirePropertyPlantAndEquipment,,buildout,2011-10-31,Q4,2012-12-14T23:59:59+00:00,"filing date, end of day",76000.0,50000.0,26000.0,,missing,0,,,,,,,results/complex-quarterly/AGX/2011-10-31
AGX,,,PaymentsToAcquirePropertyPlantAndEquipment,,buildout,2012-10-31,Q4,2012-12-14T23:59:59+00:00,"filing date, end of day",2139000.0,2627000.0,-488000.0,,missing,0,,,,,,,results/complex-quarterly/AGX/2012-10-31
MU,,,PaymentsToAcquirePropertyPlantAndEquipment,,compute_and_ai,2012-11-29,Q4,2013-01-07T23:59:59+00:00,"filing date, end of day",434000000.0,697000000.0,-263000000.0,same-quarter mean,measured,3,728,142333333.33333334,-405333333.3333334,-0.5815399330463893,,,results/complex-quarterly/MU/2012-11-29
AAPL,,,PaymentsToAcquireProductiveAssets,,hyperscaler,2012-12-29,Q4,2013-01-24T23:59:59+00:00,"filing date, end of day",2317000000.0,1321000000.0,996000000.0,same-quarter mean,measured,3,730,327333333.3333333,668666666.6666667,0.5061821852132223,,,results/complex-quarterly/AAPL/2012-12-29
J,,,PaymentsToAcquirePropertyPlantAndEquipment,,buildout,2011-12-30,Q4,2013-01-24T23:59:59+00:00,"filing date, end of day",20102000.0,6664000.0,13438000.0,prior same-quarter,measured,1,0,-1077000.0,14515000.0,2.1781212484993997,,,results/complex-quarterly/J/2011-12-30
J,,,PaymentsToAcquirePropertyPlantAndEquipment,,buildout,2012-12-28,Q4,2013-01-24T23:59:59+00:00,"filing date, end of day",25174000.0,20102000.0,5072000.0,prior same-quarter,measured,1,0,-1077000.0,6149000.0,0.30588996119789075,,,results/complex-quarterly/J/2012-12-28
MSFT,,,PaymentsToAcquirePropertyPlantAndEquipment,,hyperscaler,2012-12-31,Q4,2013-01-24T23:59:59+00:00,"filing date, end of day",930000000.0,603000000.0,327000000.0,same-quarter mean,measured,4,729,-1500000.0,328500000.0,0.5447761194029851,,,results/complex-quarterly/MSFT/2012-12-31
ROK,,,PaymentsToAcquirePropertyPlantAndEquipment,,buildout,2012-12-31,Q4,2013-02-06T23:59:59+00:00,"filing date, end of day",21600000.0,31600000.0,-10000000.0,same-quarter mean,measured,3,730,1400000.0,-11400000.0,-0.36075949367088606,,,results/complex-quarterly/ROK/2012-12-31
MSFT,,,PaymentsToAcquirePropertyPlantAndEquipment,,hyperscaler,2013-03-31,Q1,2013-04-18T23:59:59+00:00,"filing date, end of day",930000000.0,930000000.0,0.0,same-quarter mean,measured,4,728,60000000.0,-60000000.0,-0.06451612903225806,,,results/complex-quarterly/MSFT/2013-03-31
D,,,PaymentsToAcquirePropertyPlantAndEquipment,,power,2013-03-31,Q1,2013-04-25T23:59:59+00:00,"filing date, end of day",904000000.0,981000000.0,-77000000.0,same-quarter mean,measured,3,728,61666666.666666664,-138666666.66666666,-0.14135236153584776,,,results/complex-quarterly/D/2013-03-31
EME,,,PaymentsToAcquireProductiveAssets,,buildout,2013-03-31,Q1,2013-04-25T23:59:59+00:00,"filing date, end of day",7005000.0,7826000.0,-821000.0,same-quarter mean,measured,2,364,2168500.0,-2989500.0,-0.3819959110656785,,,results/complex-quarterly/EME/2013-03-31
AEP,,,PaymentsToAcquirePropertyPlantAndEquipment,,power,2013-03-31,Q1,2013-04-26T23:59:59+00:00,"filing date, end of day",2000000.0,85000000.0,-83000000.0,prior same-quarter,measured,1,0,83000000.0,-166000000.0,-1.9529411764705882,,,results/complex-quarterly/AEP/2013-03-31
AMZN,,,PaymentsToAcquirePropertyPlantAndEquipment,,hyperscaler,2013-03-31,Q1,2013-04-26T23:59:59+00:00,"filing date, end of day",670000000.0,716000000.0,-46000000.0,same-quarter mean,measured,4,735,-42500000.0,-3500000.0,-0.004888268156424581,,,results/complex-quarterly/AMZN/2013-03-31
EQIX,,,PaymentsToAcquirePropertyPlantAndEquipment,,data_center_reit,2013-03-31,Q1,2013-04-26T23:59:59+00:00,"filing date, end of day",75667000.0,485152000.0,-409485000.0,prior same-quarter,measured,1,0,130539000.0,-540024000.0,-1.1131026977112328,,,results/complex-quarterly/EQIX/2013-03-31
EIX,,,PaymentsToAcquirePropertyPlantAndEquipment,,power,2013-03-31,Q1,2013-04-30T23:59:59+00:00,"filing date, end of day",979000000.0,1276000000.0,-297000000.0,same-quarter mean,measured,3,726,163666666.66666666,-460666666.6666666,-0.3610240334378265,,,results/complex-quarterly/EIX/2013-03-31
WY,,,PaymentsToAcquirePropertyPlantAndEquipment,,data_center_reit,2013-03-31,Q1,2013-04-30T23:59:59+00:00,"filing date, end of day",35000000.0,54000000.0,-19000000.0,same-quarter mean,measured,3,728,-666666.6666666666,-18333333.333333332,-0.3395061728395061,,,results/complex-quarterly/WY/2013-03-31
AMT,,,PaymentsToAcquireProductiveAssets,,data_center_reit,2013-03-31,Q1,2013-05-01T23:59:59+00:00,"filing date, end of day",123905000.0,121032000.0,2873000.0,same-quarter mean,measured,3,728,23801666.666666668,-20928666.666666668,-0.1729184568268447,,,results/complex-quarterly/AMT/2013-03-31
FIX,,,PaymentsToAcquirePropertyPlantAndEquipment,,buildout,2013-03-31,Q1,2013-05-01T23:59:59+00:00,"filing date, end of day",3208000.0,2817000.0,391000.0,same-quarter mean,measured,2,0,-57500.0,448500.0,0.1592119275825346,,,results/complex-quarterly/FIX/2013-03-31
IRM,,,PaymentsToAcquirePropertyPlantAndEquipment,,data_center_reit,2013-03-31,Q1,2013-05-02T23:59:59+00:00,"filing date, end of day",95418000.0,58101000.0,37317000.0,same-quarter mean,measured,3,731,1491333.3333333333,35825666.666666664,0.6166101558779825,,,results/complex-quarterly/IRM/2013-03-31
META,,,PaymentsToAcquirePropertyPlantAndEquipment,,hyperscaler,2013-03-31,Q1,2013-05-02T23:59:59+00:00,"filing date, end of day",327000000.0,453000000.0,-126000000.0,,missing,0,,,,,,,results/complex-quarterly/META/2013-03-31
MTZ,,,PaymentsToAcquireProductiveAssets,,buildout,2013-03-31,Q1,2013-05-02T23:59:59+00:00,"filing date, end of day",25851000.0,14097000.0,11754000.0,,missing,0,,,,,,,results/complex-quarterly/MTZ/2013-03-31
PCG,,,PaymentsToAcquirePropertyPlantAndEquipment,,power,2013-03-31,Q1,2013-05-02T23:59:59+00:00,"filing date, end of day",1249000000.0,1094000000.0,155000000.0,same-quarter mean,measured,3,364,5000000.0,150000000.0,0.13711151736745886,,,results/complex-quarterly/PCG/2013-03-31
SRE,,,PaymentsToAcquireProductiveAssets,,power,2013-03-31,Q1,2013-05-02T23:59:59+00:00,"filing date, end of day",531000000.0,811000000.0,-280000000.0,same-quarter mean,measured,2,361,182500000.0,-462500000.0,-0.5702836004932182,,,results/complex-quarterly/SRE/2013-03-31
CCI,,,PaymentsToAcquireProductiveAssets,,data_center_reit,2013-03-31,Q1,2013-05-03T23:59:59+00:00,"filing date, end of day",116353000.0,123690000.0,-7337000.0,same-quarter mean,measured,3,724,-27586000.0,20249000.0,0.1637076562373676,,,results/complex-quarterly/CCI/2013-03-31
ETN,,,PaymentsToAcquirePropertyPlantAndEquipment,,buildout,2013-03-31,Q1,2013-05-03T23:59:59+00:00,"filing date, end of day",122000000.0,105000000.0,17000000.0,,missing,0,,,,,,,results/complex-quarterly/ETN/2013-03-31
PPL,,,PaymentsToAcquirePropertyPlantAndEquipment,,power,2013-03-31,Q1,2013-05-03T23:59:59+00:00,"filing date, end of day",828000000.0,682000000.0,146000000.0,same-quarter mean,measured,3,732,137333333.33333334,8666666.666666657,0.012707722385141725,,,results/complex-quarterly/PPL/2013-03-31
AMD,,,PaymentsToAcquirePropertyPlantAndEquipment,,compute_and_ai,2013-03-30,Q1,2013-05-06T23:59:59+00:00,"filing date, end of day",20000000.0,40000000.0,-20000000.0,prior same-quarter,measured,1,0,2000000.0,-22000000.0,-0.55,,,results/complex-quarterly/AMD/2013-03-30
BWXT,,,PaymentsToAcquirePropertyPlantAndEquipment,,fuel_and_nuclear,2013-03-31,Q1,2013-05-07T23:59:59+00:00,"filing date, end of day",18799000.0,21441000.0,-2642000.0,prior same-quarter,measured,1,0,688000.0,-3330000.0,-0.15530992024625717,,,results/complex-quarterly/BWXT/2013-03-31
FSLR,,,PaymentsToAcquirePropertyPlantAndEquipment,,fuel_and_nuclear,2013-03-31,Q1,2013-05-07T23:59:59+00:00,"filing date, end of day",71667000.0,124490000.0,-52823000.0,same-quarter mean,measured,3,736,12695333.333333334,-65518333.333333336,-0.5262939459662088,,,results/complex-quarterly/FSLR/2013-03-31
NRG,,,PaymentsToAcquirePropertyPlantAndEquipment,,power,2013-03-31,Q1,2013-05-07T23:59:59+00:00,"filing date, end of day",813000000.0,639000000.0,174000000.0,same-quarter mean,measured,3,724,135333333.33333334,38666666.66666666,0.06051121544079289,,,results/complex-quarterly/NRG/2013-03-31
PRIM,,,PaymentsToAcquirePropertyPlantAndEquipment,,buildout,2013-03-31,Q1,2013-05-07T23:59:59+00:00,"filing date, end of day",19550000.0,5188000.0,14362000.0,prior same-quarter,measured,1,0,1108000.0,13254000.0,2.5547417116422513,,,results/complex-quarterly/PRIM/2013-03-31
PWR,,,PaymentsToAcquirePropertyPlantAndEquipment,,buildout,2013-03-31,Q1,2013-05-08T23:59:59+00:00,"filing date, end of day",57637000.0,71056000.0,-13419000.0,same-quarter mean,measured,4,730,-1160750.0,-12258250.0,-0.17251534001351046,,,results/complex-quarterly/PWR/2013-03-31
DUK,,,PaymentsToAcquirePropertyPlantAndEquipment,,power,2013-03-31,Q1,2013-05-09T23:59:59+00:00,"filing date, end of day",1375000000.0,988000000.0,387000000.0,same-quarter mean,measured,2,366,-95500000.0,482500000.0,0.4883603238866397,,,results/complex-quarterly/DUK/2013-03-31
EXC,,,PaymentsToAcquirePropertyPlantAndEquipment,,power,2013-03-31,Q1,2013-05-10T23:59:59+00:00,"filing date, end of day",1447000000.0,1496000000.0,-49000000.0,same-quarter mean,measured,3,379,261333333.33333334,-310333333.3333334,-0.2074420677361854,,,results/complex-quarterly/EXC/2013-03-31
SBAC,,,PaymentsToAcquirePropertyPlantAndEquipment,,data_center_reit,2013-03-31,Q1,2013-05-10T23:59:59+00:00,"filing date, end of day",36423000.0,24852000.0,11571000.0,same-quarter mean,measured,2,367,6345500.0,5225500.0,0.210264767423145,,,results/complex-quarterly/SBAC/2013-03-31
SO,,,PaymentsToAcquirePropertyPlantAndEquipment,,power,2013-03-31,Q1,2013-05-10T23:59:59+00:00,"filing date, end of day",1197000000.0,1231000000.0,-34000000.0,same-quarter mean,measured,3,731,31596000.0,-65596000.0,-0.05328675873273761,,,results/complex-quarterly/SO/2013-03-31
STRL,,,PaymentsToAcquirePropertyPlantAndEquipment,,buildout,2013-03-31,Q1,2013-05-10T23:59:59+00:00,"filing date, end of day",4898000.0,5910000.0,-1012000.0,prior same-quarter,measured,1,0,-2523000.0,1511000.0,0.255668358714044,,,results/complex-quarterly/STRL/2013-03-31
WULF,,,PaymentsToAcquirePropertyPlantAndEquipment,,compute_and_ai,2013-03-31,Q1,2013-05-14T23:59:59+00:00,"filing date, end of day",207453.0,229897.0,-22444.0,prior same-quarter,measured,1,0,163154.0,-185598.0,-0.8073093602787336,,,results/complex-quarterly/WULF/2013-03-31
PLUG,,,PaymentsToAcquirePropertyPlantAndEquipment,,fuel_and_nuclear,2013-03-31,Q1,2013-05-15T23:59:59+00:00,"filing date, end of day",1909.0,966875.0,-964966.0,,missing,0,,,,,,,results/complex-quarterly/PLUG/2013-03-31
NVDA,,,PaymentsToAcquirePropertyPlantAndEquipment,,compute_and_ai,2013-04-28,Q2,2013-05-22T23:59:59+00:00,"filing date, end of day",65667000.0,28923000.0,36744000.0,prior same-quarter,measured,1,0,-2272000.0,39016000.0,1.3489610344708363,,,results/complex-quarterly/NVDA/2013-04-28
AGX,,,PaymentsToAcquirePropertyPlantAndEquipment,,buildout,2013-04-30,Q2,2013-06-07T23:59:59+00:00,"filing date, end of day",684000.0,2139000.0,-1455000.0,prior same-quarter,measured,1,0,1088000.0,-2543000.0,-1.1888733052828424,,,results/complex-quarterly/AGX/2013-04-30
AMZN,,,PaymentsToAcquirePropertyPlantAndEquipment,,hyperscaler,2013-06-30,Q2,2013-07-26T23:59:59+00:00,"filing date, end of day",855000000.0,670000000.0,185000000.0,same-quarter mean,measured,4,1099,121250000.0,63750000.0,0.09514925373134328,,,results/complex-quarterly/AMZN/2013-06-30
EQIX,,,PaymentsToAcquireProductiveAssets,,data_center_reit,2012-06-30,Q2,2013-07-26T23:59:59+00:00,"filing date, end of day",196484000.0,145490000.0,50994000.0,,missing,0,,,,,,,results/complex-quarterly/EQIX/2012-06-30
EQIX,,,PaymentsToAcquireProductiveAssets,,data_center_reit,2013-06-30,Q2,2013-07-26T23:59:59+00:00,"filing date, end of day",125823000.0,75667000.0,50156000.0,,missing,0,,,,,,,results/complex-quarterly/EQIX/2013-06-30
FIX,,,PaymentsToAcquirePropertyPlantAndEquipment,,buildout,2013-06-30,Q2,2013-07-31T23:59:59+00:00,"filing date, end of day",4029000.0,3208000.0,821000.0,same-quarter mean,measured,2,365,792000.0,29000.0,0.00903990024937656,,,results/complex-quarterly/FIX/2013-06-30
IRM,,,PaymentsToAcquirePropertyPlantAndEquipment,,data_center_reit,2013-06-30,Q2,2013-08-01T23:59:59+00:00,"filing date, end of day",62822000.0,95418000.0,-32596000.0,same-quarter mean,measured,4,727,-13698250.0,-18897750.0,-0.19805225429164308,,,results/complex-quarterly/IRM/2013-06-30
CCI,,,PaymentsToAcquireProductiveAssets,,data_center_reit,2013-06-30,Q2,2013-08-06T23:59:59+00:00,"filing date, end of day",138467000.0,116353000.0,22114000.0,same-quarter mean,measured,4,711,14840500.0,7273500.0,0.06251235464491676,,,results/complex-quarterly/CCI/2013-06-30
PWR,,,PaymentsToAcquirePropertyPlantAndEquipment,,buildout,2013-06-30,Q2,2013-08-09T23:59:59+00:00,"filing date, end of day",81743000.0,57637000.0,24106000.0,same-quarter mean,measured,4,1094,6304750.0,17801250.0,0.3088510852403838,,,results/complex-quarterly/PWR/2013-06-30
AGX,,,PaymentsToAcquirePropertyPlantAndEquipment,,buildout,2013-07-31,Q3,2013-09-06T23:59:59+00:00,"filing date, end of day",174000.0,684000.0,-510000.0,same-quarter mean,measured,2,0,752000.0,-1262000.0,-1.845029239766082,,,results/complex-quarterly/AGX/2013-07-31
ORCL,,,PaymentsToAcquirePropertyPlantAndEquipment,,hyperscaler,2013-08-31,Q3,2013-09-20T23:59:59+00:00,"filing date, end of day",153000000.0,139000000.0,14000000.0,same-quarter mean,measured,2,367,10500000.0,3500000.0,0.025179856115107913,,,results/complex-quarterly/ORCL/2013-08-31
MSFT,,,PaymentsToAcquirePropertyPlantAndEquipment,,hyperscaler,2013-09-30,Q3,2013-10-24T23:59:59+00:00,"filing date, end of day",1231000000.0,930000000.0,301000000.0,same-quarter mean,measured,4,1091,-102250000.0,403250000.0,0.4336021505376344,,,results/complex-quarterly/MSFT/2013-09-30
AMZN,,,PaymentsToAcquirePropertyPlantAndEquipment,,hyperscaler,2013-09-30,Q3,2013-10-25T23:59:59+00:00,"filing date, end of day",1038000000.0,855000000.0,183000000.0,same-quarter mean,measured,5,1099,66400000.0,116600000.0,0.13637426900584795,,,results/complex-quarterly/AMZN/2013-09-30
FIX,,,PaymentsToAcquirePropertyPlantAndEquipment,,buildout,2013-09-30,Q3,2013-10-30T23:59:59+00:00,"filing date, end of day",5234000.0,4029000.0,1205000.0,same-quarter mean,measured,3,360,162666.66666666666,1042333.3333333334,0.2587077024902788,,,results/complex-quarterly/FIX/2013-09-30
IRM,,,PaymentsToAcquirePropertyPlantAndEquipment,,data_center_reit,2013-09-30,Q3,2013-10-31T23:59:59+00:00,"filing date, end of day",46632000.0,62822000.0,-16190000.0,same-quarter mean,measured,4,725,9124750.0,-25314750.0,-0.4029599503358696,,,results/complex-quarterly/IRM/2013-09-30
SMCI,,,PaymentsToAcquirePropertyPlantAndEquipment,,compute_and_ai,2013-09-30,Q3,2013-11-07T23:59:59+00:00,"filing date, end of day",1948000.0,919000.0,1029000.0,same-quarter mean,measured,2,366,-3165500.0,4194500.0,4.564200217627857,,,results/complex-quarterly/SMCI/2013-09-30
CCI,,,PaymentsToAcquireProductiveAssets,,data_center_reit,2013-09-30,Q3,2013-11-08T23:59:59+00:00,"filing date, end of day",130663000.0,138467000.0,-7804000.0,same-quarter mean,measured,4,728,26950500.0,-34754500.0,-0.2509948218709151,,,results/complex-quarterly/CCI/2013-09-30
PWR,,,PaymentsToAcquirePropertyPlantAndEquipment,,buildout,2013-09-30,Q3,2013-11-08T23:59:59+00:00,"filing date, end of day",51074000.0,81743000.0,-30669000.0,same-quarter mean,measured,5,1094,-1900600.0,-28768400.0,-0.3519371689318963,,,results/complex-quarterly/PWR/2013-09-30
EQIX,,,PaymentsToAcquireProductiveAssets,,data_center_reit,2012-09-30,Q3,2013-11-12T23:59:59+00:00,"filing date, end of day",485152000.0,196484000.0,288668000.0,,missing,0,,,,,,,results/complex-quarterly/EQIX/2012-09-30
EQIX,,,PaymentsToAcquireProductiveAssets,,data_center_reit,2013-09-30,Q3,2013-11-12T23:59:59+00:00,"filing date, end of day",243005000.0,125823000.0,117182000.0,,missing,0,,,,,,,results/complex-quarterly/EQIX/2013-09-30
DY,,,PaymentsToAcquirePropertyPlantAndEquipment,,buildout,2013-10-26,Q4,2013-11-29T23:59:59+00:00,"filing date, end of day",30288000.0,12523000.0,17765000.0,same-quarter mean,measured,2,364,-463000.0,18228000.0,1.455561766349916,,,results/complex-quarterly/DY/2013-10-26
AGX,,,PaymentsToAcquirePropertyPlantAndEquipment,,buildout,2013-10-31,Q4,2013-12-09T23:59:59+00:00,"filing date, end of day",84000.0,174000.0,-90000.0,same-quarter mean,measured,2,0,-231000.0,141000.0,0.8103448275862069,,,results/complex-quarterly/AGX/2013-10-31
MU,,,PaymentsToAcquirePropertyPlantAndEquipment,,compute_and_ai,2013-11-28,Q4,2014-01-07T23:59:59+00:00,"filing date, end of day",526000000.0,434000000.0,92000000.0,same-quarter mean,measured,4,1091,41000000.0,51000000.0,0.1175115207373272,,,results/complex-quarterly/MU/2013-11-28
MSFT,,,PaymentsToAcquirePropertyPlantAndEquipment,,hyperscaler,2013-12-31,Q4,2014-01-23T23:59:59+00:00,"filing date, end of day",1732000000.0,1231000000.0,501000000.0,same-quarter mean,measured,5,1092,64200000.0,436800000.0,0.35483346872461413,,,results/complex-quarterly/MSFT/2013-12-31
J,,,PaymentsToAcquirePropertyPlantAndEquipment,,buildout,2013-12-27,Q4,2014-01-24T23:59:59+00:00,"filing date, end of day",37948000.0,25174000.0,12774000.0,same-quarter mean,measured,3,729,5811000.0,6963000.0,0.27659489949948357,,,results/complex-quarterly/J/2013-12-27
ROK,,,PaymentsToAcquirePropertyPlantAndEquipment,,buildout,2013-12-31,Q4,2014-02-06T23:59:59+00:00,"filing date, end of day",35600000.0,21600000.0,14000000.0,same-quarter mean,measured,4,1094,-1450000.0,15450000.0,0.7152777777777778,,,results/complex-quarterly/ROK/2013-12-31
MSFT,,,PaymentsToAcquirePropertyPlantAndEquipment,,hyperscaler,2014-03-31,Q1,2014-04-24T23:59:59+00:00,"filing date, end of day",1192000000.0,1732000000.0,-540000000.0,same-quarter mean,measured,5,1092,48000000.0,-588000000.0,-0.3394919168591224,,,results/complex-quarterly/MSFT/2014-03-31
AEP,,,PaymentsToAcquirePropertyPlantAndEquipment,,power,2014-03-31,Q1,2014-04-25T23:59:59+00:00,"filing date, end of day",43000000.0,2000000.0,41000000.0,same-quarter mean,measured,2,364,0.0,41000000.0,20.5,,,results/complex-quarterly/AEP/2014-03-31
AMZN,,,PaymentsToAcquirePropertyPlantAndEquipment,,hyperscaler,2014-03-31,Q1,2014-04-25T23:59:59+00:00,"filing date, end of day",1080000000.0,1038000000.0,42000000.0,same-quarter mean,measured,5,1099,-43200000.0,85200000.0,0.08208092485549133,,,results/complex-quarterly/AMZN/2014-03-31
META,,,PaymentsToAcquirePropertyPlantAndEquipment,,hyperscaler,2014-03-31,Q1,2014-04-25T23:59:59+00:00,"filing date, end of day",363000000.0,327000000.0,36000000.0,prior same-quarter,measured,1,0,-126000000.0,162000000.0,0.4954128440366973,,,results/complex-quarterly/META/2014-03-31
EIX,,,PaymentsToAcquirePropertyPlantAndEquipment,,power,2014-03-31,Q1,2014-04-29T23:59:59+00:00,"filing date, end of day",940000000.0,979000000.0,-39000000.0,same-quarter mean,measured,4,1089,48500000.0,-87500000.0,-0.08937691521961184,,,results/complex-quarterly/EIX/2014-03-31
EME,,,PaymentsToAcquireProductiveAssets,,buildout,2014-03-31,Q1,2014-04-29T23:59:59+00:00,"filing date, end of day",8073000.0,7005000.0,1068000.0,same-quarter mean,measured,3,728,1172000.0,-104000.0,-0.014846538187009279,,,results/complex-quarterly/EME/2014-03-31
D,,,PaymentsToAcquirePropertyPlantAndEquipment,,power,2014-03-31,Q1,2014-04-30T23:59:59+00:00,"filing date, end of day",1120000000.0,904000000.0,216000000.0,same-quarter mean,measured,4,1092,27000000.0,189000000.0,0.20907079646017698,,,results/complex-quarterly/D/2014-03-31
EXC,,,PaymentsToAcquirePropertyPlantAndEquipment,,power,2014-03-31,Q1,2014-04-30T23:59:59+00:00,"filing date, end of day",1217000000.0,1447000000.0,-230000000.0,same-quarter mean,measured,4,744,183750000.0,-413750000.0,-0.2859364201796821,,,results/complex-quarterly/EXC/2014-03-31
FIX,,,PaymentsToAcquirePropertyPlantAndEquipment,,buildout,2014-03-31,Q1,2014-04-30T23:59:59+00:00,"filing date, end of day",3882000.0,5234000.0,-1352000.0,same-quarter mean,measured,3,364,92000.0,-1444000.0,-0.2758884218570883,,,results/complex-quarterly/FIX/2014-03-31
WY,,,PaymentsToAcquirePropertyPlantAndEquipment,,data_center_reit,2014-03-31,Q1,2014-04-30T23:59:59+00:00,"filing date, end of day",51000000.0,35000000.0,16000000.0,same-quarter mean,measured,4,1089,-5250000.0,21250000.0,0.6071428571428571,,,results/complex-quarterly/WY/2014-03-31
AMD,,,PaymentsToAcquirePropertyPlantAndEquipment,,compute_and_ai,2014-03-29,Q1,2014-05-01T23:59:59+00:00,"filing date, end of day",21000000.0,20000000.0,1000000.0,same-quarter mean,measured,2,362,-9000000.0,10000000.0,0.5,,,results/complex-quarterly/AMD/2014-03-29
AMT,,,PaymentsToAcquireProductiveAssets,,data_center_reit,2014-03-31,Q1,2014-05-01T23:59:59+00:00,"filing date, end of day",213891000.0,123905000.0,89986000.0,same-quarter mean,measured,4,1091,18569500.0,71416500.0,0.5763810984221783,,,results/complex-quarterly/AMT/2014-03-31
IRM,,,PaymentsToAcquirePropertyPlantAndEquipment,,data_center_reit,2014-03-31,Q1,2014-05-01T23:59:59+00:00,"filing date, end of day",107856000.0,46632000.0,61224000.0,same-quarter mean,measured,4,1088,10447750.0,50776250.0,1.0888713758792246,,,results/complex-quarterly/IRM/2014-03-31
MTZ,,,PaymentsToAcquireProductiveAssets,,buildout,2014-03-31,Q1,2014-05-01T23:59:59+00:00,"filing date, end of day",35554000.0,25851000.0,9703000.0,prior same-quarter,measured,1,0,11754000.0,-2051000.0,-0.07933929054968861,,,results/complex-quarterly/MTZ/2014-03-31
PCG,,,PaymentsToAcquirePropertyPlantAndEquipment,,power,2014-03-31,Q1,2014-05-01T23:59:59+00:00,"filing date, end of day",1197000000.0,1249000000.0,-52000000.0,same-quarter mean,measured,4,729,42500000.0,-94500000.0,-0.0756605284227382,,,results/complex-quarterly/PCG/2014-03-31
EQIX,,,PaymentsToAcquirePropertyPlantAndEquipment,,data_center_reit,2014-03-31,Q1,2014-05-02T23:59:59+00:00,"filing date, end of day",105907000.0,243005000.0,-137098000.0,same-quarter mean,measured,2,364,-139473000.0,2375000.0,0.009773461451410465,,,results/complex-quarterly/EQIX/2014-03-31
PPL,,,PaymentsToAcquirePropertyPlantAndEquipment,,power,2014-03-31,Q1,2014-05-02T23:59:59+00:00,"filing date, end of day",892000000.0,828000000.0,64000000.0,same-quarter mean,measured,4,1093,139500000.0,-75500000.0,-0.09118357487922706,,,results/complex-quarterly/PPL/2014-03-31
SRE,,,PaymentsToAcquireProductiveAssets,,power,2014-03-31,Q1,2014-05-02T23:59:59+00:00,"filing date, end of day",801000000.0,531000000.0,270000000.0,same-quarter mean,measured,3,724,28333333.333333332,241666666.66666666,0.45511613308223475,,,results/complex-quarterly/SRE/2014-03-31
ETN,,,PaymentsToAcquirePropertyPlantAndEquipment,,buildout,2014-03-31,Q1,2014-05-05T23:59:59+00:00,"filing date, end of day",110000000.0,122000000.0,-12000000.0,prior same-quarter,measured,1,0,17000000.0,-29000000.0,-0.23770491803278687,,,results/complex-quarterly/ETN/2014-03-31
CCI,,,PaymentsToAcquireProductiveAssets,,data_center_reit,2014-03-31,Q1,2014-05-06T23:59:59+00:00,"filing date, end of day",142943000.0,130663000.0,12280000.0,same-quarter mean,measured,4,1089,-22523750.0,34803750.0,0.26636270405547097,,,results/complex-quarterly/CCI/2014-03-31
NRG,,,PaymentsToAcquirePropertyPlantAndEquipment,,power,2014-03-31,Q1,2014-05-06T23:59:59+00:00,"filing date, end of day",237000000.0,813000000.0,-576000000.0,same-quarter mean,measured,4,1093,145000000.0,-721000000.0,-0.8868388683886839,,,results/complex-quarterly/NRG/2014-03-31
PRIM,,,PaymentsToAcquirePropertyPlantAndEquipment,,buildout,2014-03-31,Q1,2014-05-06T23:59:59+00:00,"filing date, end of day",15067000.0,19550000.0,-4483000.0,same-quarter mean,measured,2,363,7735000.0,-12218000.0,-0.6249616368286445,,,results/complex-quarterly/PRIM/2014-03-31
FSLR,,,PaymentsToAcquirePropertyPlantAndEquipment,,fuel_and_nuclear,2014-03-31,Q1,2014-05-07T23:59:59+00:00,"filing date, end of day",50813000.0,71667000.0,-20854000.0,same-quarter mean,measured,4,1104,-3684250.0,-17169750.0,-0.23957679266608062,,,results/complex-quarterly/FSLR/2014-03-31
PWR,,,PaymentsToAcquirePropertyPlantAndEquipment,,buildout,2014-03-31,Q1,2014-05-08T23:59:59+00:00,"filing date, end of day",71418000.0,51074000.0,20344000.0,same-quarter mean,measured,5,1094,-3612400.0,23956400.0,0.4690527469945569,,,results/complex-quarterly/PWR/2014-03-31
SO,,,PaymentsToAcquirePropertyPlantAndEquipment,,power,2014-03-31,Q1,2014-05-08T23:59:59+00:00,"filing date, end of day",1180000000.0,1197000000.0,-17000000.0,same-quarter mean,measured,4,1099,15197000.0,-32197000.0,-0.026898078529657476,,,results/complex-quarterly/SO/2014-03-31
DUK,,,PaymentsToAcquirePropertyPlantAndEquipment,,power,2014-03-31,Q1,2014-05-09T23:59:59+00:00,"filing date, end of day",1232000000.0,1375000000.0,-143000000.0,same-quarter mean,measured,3,731,65333333.333333336,-208333333.33333334,-0.15151515151515152,,,results/complex-quarterly/DUK/2014-03-31
SBAC,,,PaymentsToAcquirePropertyPlantAndEquipment,,data_center_reit,2014-03-31,Q1,2014-05-09T23:59:59+00:00,"filing date, end of day",32238000.0,125366000.0,-93128000.0,same-quarter mean,measured,3,735,8087333.333333333,-101215333.33333333,-0.8073587203335301,,,results/complex-quarterly/SBAC/2014-03-31
BWXT,,,PaymentsToAcquirePropertyPlantAndEquipment,,fuel_and_nuclear,2014-03-31,Q1,2014-05-12T23:59:59+00:00,"filing date, end of day",21214000.0,18799000.0,2415000.0,same-quarter mean,measured,2,363,-977000.0,3392000.0,0.1804351295281664,,,results/complex-quarterly/BWXT/2014-03-31
STRL,,,PaymentsToAcquirePropertyPlantAndEquipment,,buildout,2014-03-31,Q1,2014-05-12T23:59:59+00:00,"filing date, end of day",2283000.0,4898000.0,-2615000.0,same-quarter mean,measured,2,366,-1767500.0,-847500.0,-0.17302980808493262,,,results/complex-quarterly/STRL/2014-03-31
WULF,,,PaymentsToAcquirePropertyPlantAndEquipment,,compute_and_ai,2014-03-31,Q1,2014-05-14T23:59:59+00:00,"filing date, end of day",123852.0,207453.0,-83601.0,same-quarter mean,measured,2,365,70355.0,-153956.0,-0.7421247222262392,,,results/complex-quarterly/WULF/2014-03-31
NVDA,,,PaymentsToAcquirePropertyPlantAndEquipment,,compute_and_ai,2014-04-27,Q2,2014-05-21T23:59:59+00:00,"filing date, end of day",29068000.0,65667000.0,-36599000.0,same-quarter mean,measured,2,364,17236000.0,-53835000.0,-0.8198181735118096,,,results/complex-quarterly/NVDA/2014-04-27
AGX,,,PaymentsToAcquirePropertyPlantAndEquipment,,buildout,2014-04-30,Q2,2014-06-09T23:59:59+00:00,"filing date, end of day",46000.0,84000.0,-38000.0,same-quarter mean,measured,2,360,-183500.0,145500.0,1.7321428571428572,,,results/complex-quarterly/AGX/2014-04-30
AMZN,,,PaymentsToAcquirePropertyPlantAndEquipment,,hyperscaler,2014-06-30,Q2,2014-07-25T23:59:59+00:00,"filing date, end of day",1290000000.0,1080000000.0,210000000.0,same-quarter mean,measured,5,1463,134000000.0,76000000.0,0.07037037037037037,,,results/complex-quarterly/AMZN/2014-06-30
FIX,,,PaymentsToAcquirePropertyPlantAndEquipment,,buildout,2014-06-30,Q2,2014-07-30T23:59:59+00:00,"filing date, end of day",4452000.0,3882000.0,570000.0,same-quarter mean,measured,3,729,801666.6666666666,-231666.66666666663,-0.05967714236647775,,,results/complex-quarterly/FIX/2014-06-30
IRM,,,PaymentsToAcquirePropertyPlantAndEquipment,,data_center_reit,2014-06-30,Q2,2014-07-31T23:59:59+00:00,"filing date, end of day",80889000.0,107856000.0,-26967000.0,same-quarter mean,measured,5,1092,-17477800.0,-9489200.0,-0.08798026998961578,,,results/complex-quarterly/IRM/2014-06-30
SBAC,,,PaymentsToAcquireProductiveAssets,,data_center_reit,2013-06-30,Q2,2014-08-05T23:59:59+00:00,"filing date, end of day",80301000.0,36423000.0,43878000.0,,missing,0,,,,,,,results/complex-quarterly/SBAC/2013-06-30
SBAC,,,PaymentsToAcquireProductiveAssets,,data_center_reit,2014-06-30,Q2,2014-08-05T23:59:59+00:00,"filing date, end of day",79907000.0,32238000.0,47669000.0,,missing,0,,,,,,,results/complex-quarterly/SBAC/2014-06-30
CCI,,,PaymentsToAcquireProductiveAssets,,data_center_reit,2014-06-30,Q2,2014-08-08T23:59:59+00:00,"filing date, end of day",166797000.0,142943000.0,23854000.0,same-quarter mean,measured,5,1076,16295200.0,7558800.0,0.052879819228643585,,,results/complex-quarterly/CCI/2014-06-30
EQIX,,,PaymentsToAcquireProductiveAssets,,data_center_reit,2014-06-30,Q2,2014-08-08T23:59:59+00:00,"filing date, end of day",159816000.0,105907000.0,53909000.0,same-quarter mean,measured,2,0,50575000.0,3334000.0,0.031480449828623226,,,results/complex-quarterly/EQIX/2014-06-30
PWR,,,PaymentsToAcquirePropertyPlantAndEquipment,,buildout,2014-06-30,Q2,2014-08-08T23:59:59+00:00,"filing date, end of day",75404000.0,71418000.0,3986000.0,same-quarter mean,measured,5,1460,9865000.0,-5879000.0,-0.08231818309109748,,,results/complex-quarterly/PWR/2014-06-30
ORCL,,,PaymentsToAcquirePropertyPlantAndEquipment,,hyperscaler,2014-08-31,Q3,2014-09-23T23:59:59+00:00,"filing date, end of day",201000000.0,153000000.0,48000000.0,same-quarter mean,measured,3,728,11666666.666666666,36333333.333333336,0.23747276688453162,,,results/complex-quarterly/ORCL/2014-08-31
MSFT,,,PaymentsToAcquirePropertyPlantAndEquipment,,hyperscaler,2014-09-30,Q3,2014-10-23T23:59:59+00:00,"filing date, end of day",1282000000.0,1192000000.0,90000000.0,same-quarter mean,measured,5,1462,-21600000.0,111600000.0,0.0936241610738255,,,results/complex-quarterly/MSFT/2014-09-30
AMZN,,,PaymentsToAcquirePropertyPlantAndEquipment,,hyperscaler,2014-09-30,Q3,2014-10-24T23:59:59+00:00,"filing date, end of day",1378000000.0,1290000000.0,88000000.0,same-quarter mean,measured,6,1463,85833333.33333333,2166666.6666666716,0.0016795865633074975,,,results/complex-quarterly/AMZN/2014-09-30
FIX,,,PaymentsToAcquirePropertyPlantAndEquipment,,buildout,2014-09-30,Q3,2014-10-29T23:59:59+00:00,"filing date, end of day",7033000.0,4452000.0,2581000.0,same-quarter mean,measured,4,723,423250.0,2157750.0,0.4846698113207547,,,results/complex-quarterly/FIX/2014-09-30
IRM,,,PaymentsToAcquirePropertyPlantAndEquipment,,data_center_reit,2014-09-30,Q3,2014-10-31T23:59:59+00:00,"filing date, end of day",88641000.0,80889000.0,7752000.0,same-quarter mean,measured,5,1088,4061800.0,3690200.0,0.045620541730025096,,,results/complex-quarterly/IRM/2014-09-30
PWR,,,PaymentsToAcquirePropertyPlantAndEquipment,,buildout,2014-09-30,Q3,2014-11-06T23:59:59+00:00,"filing date, end of day",79857000.0,75404000.0,4453000.0,same-quarter mean,measured,6,1460,-6695333.333333333,11148333.333333332,0.14784803635527732,,,results/complex-quarterly/PWR/2014-09-30
SMCI,,,PaymentsToAcquirePropertyPlantAndEquipment,,compute_and_ai,2014-09-30,Q3,2014-11-06T23:59:59+00:00,"filing date, end of day",2766000.0,1948000.0,818000.0,same-quarter mean,measured,3,731,-1767333.3333333333,2585333.333333333,1.3271731690622859,,,results/complex-quarterly/SMCI/2014-09-30
CCI,,,PaymentsToAcquireProductiveAssets,,data_center_reit,2014-09-30,Q3,2014-11-07T23:59:59+00:00,"filing date, end of day",203812000.0,166797000.0,37015000.0,same-quarter mean,measured,5,1099,19999600.0,17015400.0,0.10201262612636917,,,results/complex-quarterly/CCI/2014-09-30
EQIX,,,PaymentsToAcquireProductiveAssets,,data_center_reit,2014-09-30,Q3,2014-11-07T23:59:59+00:00,"filing date, end of day",156003000.0,159816000.0,-3813000.0,same-quarter mean,measured,2,0,202925000.0,-206738000.0,-1.2936001401611854,,,results/complex-quarterly/EQIX/2014-09-30
SBAC,,,PaymentsToAcquireProductiveAssets,,data_center_reit,2013-09-30,Q3,2014-11-07T23:59:59+00:00,"filing date, end of day",125366000.0,80301000.0,45065000.0,,missing,0,,,,,,,results/complex-quarterly/SBAC/2013-09-30
SBAC,,,PaymentsToAcquireProductiveAssets,,data_center_reit,2014-09-30,Q3,2014-11-07T23:59:59+00:00,"filing date, end of day",140813000.0,79907000.0,60906000.0,,missing,0,,,,,,,results/complex-quarterly/SBAC/2014-09-30
DY,,,PaymentsToAcquirePropertyPlantAndEquipment,,buildout,2014-10-25,Q4,2014-11-26T23:59:59+00:00,"filing date, end of day",18028000.0,30288000.0,-12260000.0,same-quarter mean,measured,3,737,5613000.0,-17873000.0,-0.5901016904384575,,,results/complex-quarterly/DY/2014-10-25
MU,,,PaymentsToAcquirePropertyPlantAndEquipment,,compute_and_ai,2014-12-04,Q4,2015-01-09T23:59:59+00:00,"filing date, end of day",669000000.0,526000000.0,143000000.0,same-quarter mean,measured,5,1456,51200000.0,91800000.0,0.17452471482889734,,,results/complex-quarterly/MU/2014-12-04
MSFT,,,PaymentsToAcquirePropertyPlantAndEquipment,,hyperscaler,2014-12-31,Q4,2015-01-26T23:59:59+00:00,"filing date, end of day",1490000000.0,1282000000.0,208000000.0,same-quarter mean,measured,6,1456,137000000.0,71000000.0,0.05538221528861154,,,results/complex-quarterly/MSFT/2014-12-31
AAPL,,,PaymentsToAcquirePropertyPlantAndEquipment,,hyperscaler,2013-12-28,Q4,2015-01-28T23:59:59+00:00,"filing date, end of day",1985000000.0,2317000000.0,-332000000.0,,missing,0,,,,,,,results/complex-quarterly/AAPL/2013-12-28
AAPL,,,PaymentsToAcquirePropertyPlantAndEquipment,,hyperscaler,2014-12-27,Q4,2015-01-28T23:59:59+00:00,"filing date, end of day",3217000000.0,1985000000.0,1232000000.0,,missing,0,,,,,,,results/complex-quarterly/AAPL/2014-12-27
J,,,PaymentsToAcquirePropertyPlantAndEquipment,,buildout,2014-12-26,Q4,2015-02-02T23:59:59+00:00,"filing date, end of day",33775000.0,37948000.0,-4173000.0,same-quarter mean,measured,4,1094,7551750.0,-11724750.0,-0.30896885211341835,,,results/complex-quarterly/J/2014-12-26
ROK,,,PaymentsToAcquirePropertyPlantAndEquipment,,buildout,2014-12-31,Q4,2015-02-05T23:59:59+00:00,"filing date, end of day",40000000.0,35600000.0,4400000.0,same-quarter mean,measured,5,1459,1640000.0,2760000.0,0.07752808988764046,,,results/complex-quarterly/ROK/2014-12-31
AEP,,,PaymentsToAcquirePropertyPlantAndEquipment,,power,2015-03-31,Q1,2015-04-23T23:59:59+00:00,"filing date, end of day",2000000.0,43000000.0,-41000000.0,same-quarter mean,measured,3,728,13666666.666666666,-54666666.666666664,-1.2713178294573644,,,results/complex-quarterly/AEP/2015-03-31
META,,,PaymentsToAcquirePropertyPlantAndEquipment,,hyperscaler,2015-03-31,Q1,2015-04-23T23:59:59+00:00,"filing date, end of day",502000000.0,363000000.0,139000000.0,same-quarter mean,measured,2,358,-45000000.0,184000000.0,0.5068870523415978,,,results/complex-quarterly/META/2015-03-31
MSFT,,,PaymentsToAcquirePropertyPlantAndEquipment,,hyperscaler,2015-03-31,Q1,2015-04-23T23:59:59+00:00,"filing date, end of day",1391000000.0,1490000000.0,-99000000.0,same-quarter mean,measured,6,1463,-50000000.0,-49000000.0,-0.032885906040268455,,,results/complex-quarterly/MSFT/2015-03-31
AMZN,,,PaymentsToAcquirePropertyPlantAndEquipment,,hyperscaler,2015-03-31,Q1,2015-04-24T23:59:59+00:00,"filing date, end of day",871000000.0,1378000000.0,-507000000.0,same-quarter mean,measured,6,1463,-29000000.0,-478000000.0,-0.3468795355587808,,,results/complex-quarterly/AMZN/2015-03-31
EIX,,,PaymentsToAcquirePropertyPlantAndEquipment,,power,2015-03-31,Q1,2015-04-28T23:59:59+00:00,"filing date, end of day",1268000000.0,940000000.0,328000000.0,same-quarter mean,measured,5,1453,31000000.0,297000000.0,0.3159574468085106,,,results/complex-quarterly/EIX/2015-03-31
AMD,,,PaymentsToAcquirePropertyPlantAndEquipment,,compute_and_ai,2015-03-28,Q1,2015-04-29T23:59:59+00:00,"filing date, end of day",22000000.0,21000000.0,1000000.0,same-quarter mean,measured,3,722,-5666666.666666667,6666666.666666667,0.3174603174603175,,,results/complex-quarterly/AMD/2015-03-28
ETN,,,PaymentsToAcquirePropertyPlantAndEquipment,,buildout,2015-03-31,Q1,2015-04-29T23:59:59+00:00,"filing date, end of day",105000000.0,110000000.0,-5000000.0,same-quarter mean,measured,2,367,2500000.0,-7500000.0,-0.06818181818181818,,,results/complex-quarterly/ETN/2015-03-31
EXC,,,PaymentsToAcquirePropertyPlantAndEquipment,,power,2015-03-31,Q1,2015-04-29T23:59:59+00:00,"filing date, end of day",1784000000.0,1217000000.0,567000000.0,same-quarter mean,measured,5,1099,101000000.0,466000000.0,0.3829087921117502,,,results/complex-quarterly/EXC/2015-03-31
FIX,,,PaymentsToAcquirePropertyPlantAndEquipment,,buildout,2015-03-31,Q1,2015-04-29T23:59:59+00:00,"filing date, end of day",3623000.0,7033000.0,-3410000.0,same-quarter mean,measured,4,728,-269000.0,-3141000.0,-0.44660884402104367,,,results/complex-quarterly/FIX/2015-03-31
PCG,,,PaymentsToAcquirePropertyPlantAndEquipment,,power,2015-03-31,Q1,2015-04-29T23:59:59+00:00,"filing date, end of day",1191000000.0,1197000000.0,-6000000.0,same-quarter mean,measured,5,1093,23600000.0,-29600000.0,-0.024728487886382624,,,results/complex-quarterly/PCG/2015-03-31
AMT,,,PaymentsToAcquireProductiveAssets,,data_center_reit,2015-03-31,Q1,2015-04-30T23:59:59+00:00,"filing date, end of day",159184000.0,213891000.0,-54707000.0,same-quarter mean,measured,5,1456,32852800.0,-87559800.0,-0.40936645300643787,,,results/complex-quarterly/AMT/2015-03-31
EME,,,PaymentsToAcquireProductiveAssets,,buildout,2015-03-31,Q1,2015-04-30T23:59:59+00:00,"filing date, end of day",6936000.0,8073000.0,-1137000.0,same-quarter mean,measured,4,1097,1146000.0,-2283000.0,-0.28279450018580454,,,results/complex-quarterly/EME/2015-03-31
IRM,,,PaymentsToAcquirePropertyPlantAndEquipment,,data_center_reit,2015-03-31,Q1,2015-04-30T23:59:59+00:00,"filing date, end of day",74776000.0,88641000.0,-13865000.0,same-quarter mean,measured,5,1452,20603000.0,-34468000.0,-0.3888494037747769,,,results/complex-quarterly/IRM/2015-03-31
EQIX,,,PaymentsToAcquireProductiveAssets,,data_center_reit,2015-03-31,Q1,2015-05-01T23:59:59+00:00,"filing date, end of day",198649000.0,156003000.0,42646000.0,,missing,0,,,,,,,results/complex-quarterly/EQIX/2015-03-31
FSLR,,,PaymentsToAcquirePropertyPlantAndEquipment,,fuel_and_nuclear,2015-03-31,Q1,2015-05-01T23:59:59+00:00,"filing date, end of day",55342000.0,50813000.0,4529000.0,same-quarter mean,measured,5,1469,-7118200.0,11647200.0,0.22921693267470922,,,results/complex-quarterly/FSLR/2015-03-31
WY,,,PaymentsToAcquirePropertyPlantAndEquipment,,data_center_reit,2015-03-31,Q1,2015-05-01T23:59:59+00:00,"filing date, end of day",71000000.0,51000000.0,20000000.0,same-quarter mean,measured,5,1454,-1000000.0,21000000.0,0.4117647058823529,,,results/complex-quarterly/WY/2015-03-31
D,,,PaymentsToAcquirePropertyPlantAndEquipment,,power,2015-03-31,Q1,2015-05-05T23:59:59+00:00,"filing date, end of day",1014000000.0,1120000000.0,-106000000.0,same-quarter mean,measured,5,1462,64800000.0,-170800000.0,-0.1525,,,results/complex-quarterly/D/2015-03-31
BWXT,,,PaymentsToAcquirePropertyPlantAndEquipment,,fuel_and_nuclear,2015-03-31,Q1,2015-05-06T23:59:59+00:00,"filing date, end of day",21349000.0,21214000.0,135000.0,same-quarter mean,measured,3,733,153666.66666666666,-18666.666666666657,-0.0008799220640457555,,,results/complex-quarterly/BWXT/2015-03-31
PRIM,,,PaymentsToAcquirePropertyPlantAndEquipment,,buildout,2015-03-31,Q1,2015-05-06T23:59:59+00:00,"filing date, end of day",16581000.0,15067000.0,1514000.0,same-quarter mean,measured,3,727,3662333.3333333335,-2148333.3333333335,-0.14258534103227805,,,results/complex-quarterly/PRIM/2015-03-31
PPL,,,PaymentsToAcquirePropertyPlantAndEquipment,,power,2015-03-31,Q1,2015-05-07T23:59:59+00:00,"filing date, end of day",942000000.0,892000000.0,50000000.0,same-quarter mean,measured,5,1457,124400000.0,-74400000.0,-0.08340807174887892,,,results/complex-quarterly/PPL/2015-03-31
CCI,,,PaymentsToAcquireProductiveAssets,,data_center_reit,2015-03-31,Q1,2015-05-08T23:59:59+00:00,"filing date, end of day",204753000.0,203812000.0,941000.0,same-quarter mean,measured,5,1457,-15563000.0,16504000.0,0.08097658626577434,,,results/complex-quarterly/CCI/2015-03-31
DUK,,,PaymentsToAcquirePropertyPlantAndEquipment,,power,2015-03-31,Q1,2015-05-08T23:59:59+00:00,"filing date, end of day",1411000000.0,1232000000.0,179000000.0,same-quarter mean,measured,4,1096,13250000.0,165750000.0,0.13453733766233766,,,results/complex-quarterly/DUK/2015-03-31
NRG,,,PaymentsToAcquirePropertyPlantAndEquipment,,power,2015-03-31,Q1,2015-05-08T23:59:59+00:00,"filing date, end of day",252000000.0,237000000.0,15000000.0,same-quarter mean,measured,5,1457,800000.0,14200000.0,0.059915611814345994,,,results/complex-quarterly/NRG/2015-03-31
PWR,,,PaymentsToAcquirePropertyPlantAndEquipment,,buildout,2015-03-31,Q1,2015-05-08T23:59:59+00:00,"filing date, end of day",66168000.0,79857000.0,-13689000.0,same-quarter mean,measured,6,1459,380333.3333333333,-14069333.333333334,-0.1761815912610458,,,results/complex-quarterly/PWR/2015-03-31
SBAC,,,PaymentsToAcquirePropertyPlantAndEquipment,,data_center_reit,2015-03-31,Q1,2015-05-08T23:59:59+00:00,"filing date, end of day",68100000.0,140813000.0,-72713000.0,same-quarter mean,measured,4,1099,-17216500.0,-55496500.0,-0.39411488996044397,,,results/complex-quarterly/SBAC/2015-03-31
PLUG,,,PaymentsToAcquirePropertyPlantAndEquipment,,fuel_and_nuclear,2015-03-31,Q1,2015-05-11T23:59:59+00:00,"filing date, end of day",229459.0,1909.0,227550.0,prior same-quarter,measured,1,0,-964966.0,1192516.0,624.6809848088004,,,results/complex-quarterly/PLUG/2015-03-31
STRL,,,PaymentsToAcquirePropertyPlantAndEquipment,,buildout,2015-03-31,Q1,2015-05-11T23:59:59+00:00,"filing date, end of day",1161000.0,2283000.0,-1122000.0,same-quarter mean,measured,3,733,-2050000.0,928000.0,0.40648269820411737,,,results/complex-quarterly/STRL/2015-03-31
WULF,,,PaymentsToAcquirePropertyPlantAndEquipment,,compute_and_ai,2015-03-31,Q1,2015-05-14T23:59:59+00:00,"filing date, end of day",376067.0,123852.0,252215.0,same-quarter mean,measured,3,730,19036.333333333332,233178.66666666666,1.8827202359805788,,,results/complex-quarterly/WULF/2015-03-31
NVDA,,,PaymentsToAcquirePropertyPlantAndEquipment,,compute_and_ai,2015-04-26,Q2,2015-05-20T23:59:59+00:00,"filing date, end of day",30000000.0,29068000.0,932000.0,same-quarter mean,measured,3,728,-709000.0,1641000.0,0.056453832393009495,,,results/complex-quarterly/NVDA/2015-04-26
AGX,,,PaymentsToAcquirePropertyPlantAndEquipment,,buildout,2015-04-30,Q2,2015-06-09T23:59:59+00:00,"filing date, end of day",1207000.0,46000.0,1161000.0,same-quarter mean,measured,3,727,-135000.0,1296000.0,28.17391304347826,,,results/complex-quarterly/AGX/2015-04-30
AMZN,,,PaymentsToAcquirePropertyPlantAndEquipment,,hyperscaler,2015-06-30,Q2,2015-07-24T23:59:59+00:00,"filing date, end of day",1213000000.0,871000000.0,342000000.0,same-quarter mean,measured,6,1827,146666666.66666666,195333333.33333334,0.22426329889016458,,,results/complex-quarterly/AMZN/2015-06-30
FIX,,,PaymentsToAcquirePropertyPlantAndEquipment,,buildout,2015-06-30,Q2,2015-07-30T23:59:59+00:00,"filing date, end of day",5685000.0,3623000.0,2062000.0,same-quarter mean,measured,4,1093,743750.0,1318250.0,0.3638559205078664,,,results/complex-quarterly/FIX/2015-06-30
IRM,,,PaymentsToAcquirePropertyPlantAndEquipment,,data_center_reit,2015-06-30,Q2,2015-07-30T23:59:59+00:00,"filing date, end of day",64580000.0,74776000.0,-10196000.0,same-quarter mean,measured,6,1456,-19059333.333333332,8863333.333333332,0.11853179273207087,,,results/complex-quarterly/IRM/2015-06-30
EQIX,,,PaymentsToAcquireProductiveAssets,,data_center_reit,2015-06-30,Q2,2015-07-31T23:59:59+00:00,"filing date, end of day",221342000.0,198649000.0,22693000.0,same-quarter mean,measured,3,378,51686333.333333336,-28993333.333333336,-0.1459525763197063,,,results/complex-quarterly/EQIX/2015-06-30
SBAC,,,PaymentsToAcquireProductiveAssets,,data_center_reit,2015-06-30,Q2,2015-08-06T23:59:59+00:00,"filing date, end of day",320607000.0,68100000.0,252507000.0,same-quarter mean,measured,2,0,45773500.0,206733500.0,3.035734214390602,,,results/complex-quarterly/SBAC/2015-06-30
MTZ,,,PaymentsToAcquireProductiveAssets,,buildout,2015-03-31,Q1,2015-08-07T23:59:59+00:00,"filing date, end of day",19660000.0,35554000.0,-15894000.0,same-quarter mean,measured,2,364,10728500.0,-26622500.0,-0.7487905720875289,,,results/complex-quarterly/MTZ/2015-03-31
PWR,,,PaymentsToAcquirePropertyPlantAndEquipment,,buildout,2015-06-30,Q2,2015-08-10T23:59:59+00:00,"filing date, end of day",62493000.0,66168000.0,-3675000.0,same-quarter mean,measured,6,1824,8885166.666666666,-12560166.666666666,-0.18982237133760527,,,results/complex-quarterly/PWR/2015-06-30
ORCL,,,PaymentsToAcquirePropertyPlantAndEquipment,,hyperscaler,2015-08-31,Q3,2015-09-18T23:59:59+00:00,"filing date, end of day",446000000.0,201000000.0,245000000.0,same-quarter mean,measured,4,1096,20750000.0,224250000.0,1.1156716417910448,,,results/complex-quarterly/ORCL/2015-08-31
MSFT,,,PaymentsToAcquirePropertyPlantAndEquipment,,hyperscaler,2015-09-30,Q3,2015-10-22T23:59:59+00:00,"filing date, end of day",1356000000.0,1391000000.0,-35000000.0,same-quarter mean,measured,6,1826,-3000000.0,-32000000.0,-0.023005032350826744,,,results/complex-quarterly/MSFT/2015-09-30
AMZN,,,PaymentsToAcquirePropertyPlantAndEquipment,,hyperscaler,2015-09-30,Q3,2015-10-23T23:59:59+00:00,"filing date, end of day",1195000000.0,1213000000.0,-18000000.0,same-quarter mean,measured,7,1827,86142857.14285715,-104142857.14285715,-0.08585561182428454,,,results/complex-quarterly/AMZN/2015-09-30
IRM,,,PaymentsToAcquirePropertyPlantAndEquipment,,data_center_reit,2015-09-30,Q3,2015-10-30T23:59:59+00:00,"filing date, end of day",63225000.0,64580000.0,-1355000.0,same-quarter mean,measured,6,1453,4676833.333333333,-6031833.333333333,-0.09340094972643749,,,results/complex-quarterly/IRM/2015-09-30
PWR,,,PaymentsToAcquirePropertyPlantAndEquipment,,buildout,2015-09-30,Q3,2015-11-06T23:59:59+00:00,"filing date, end of day",47970000.0,62493000.0,-14523000.0,same-quarter mean,measured,7,1823,-5102714.285714285,-9420285.714285715,-0.15074145447147225,,,results/complex-quarterly/PWR/2015-09-30
SBAC,,,PaymentsToAcquireProductiveAssets,,data_center_reit,2015-09-30,Q3,2015-11-09T23:59:59+00:00,"filing date, end of day",130199000.0,320607000.0,-190408000.0,same-quarter mean,measured,2,0,52985500.0,-243393500.0,-0.7591646470601079,,,results/complex-quarterly/SBAC/2015-09-30
SMCI,,,PaymentsToAcquirePropertyPlantAndEquipment,,compute_and_ai,2015-09-30,Q3,2015-11-16T23:59:59+00:00,"filing date, end of day",7662000.0,2766000.0,4896000.0,same-quarter mean,measured,4,1095,-1121000.0,6017000.0,2.1753434562545193,,,results/complex-quarterly/SMCI/2015-09-30
DY,,,PaymentsToAcquirePropertyPlantAndEquipment,,buildout,2015-10-24,Q4,2015-11-25T23:59:59+00:00,"filing date, end of day",40758000.0,18028000.0,22730000.0,same-quarter mean,measured,4,1099,1144750.0,21585250.0,1.19731806079432,,,results/complex-quarterly/DY/2015-10-24
MU,,,PaymentsToAcquirePropertyPlantAndEquipment,,compute_and_ai,2015-12-03,Q4,2016-01-08T23:59:59+00:00,"filing date, end of day",990000000.0,669000000.0,321000000.0,same-quarter mean,measured,6,1823,66500000.0,254500000.0,0.3804185351270553,,,results/complex-quarterly/MU/2015-12-03
AAPL,,,PaymentsToAcquirePropertyPlantAndEquipment,,hyperscaler,2015-12-26,Q4,2016-01-27T23:59:59+00:00,"filing date, end of day",3612000000.0,3217000000.0,395000000.0,same-quarter mean,measured,2,0,450000000.0,-55000000.0,-0.017096673919801058,,,results/complex-quarterly/AAPL/2015-12-26
MSFT,,,PaymentsToAcquirePropertyPlantAndEquipment,,hyperscaler,2015-12-31,Q4,2016-01-28T23:59:59+00:00,"filing date, end of day",2024000000.0,1356000000.0,668000000.0,same-quarter mean,measured,7,1824,147142857.14285713,520857142.85714287,0.38411293721028233,,,results/complex-quarterly/MSFT/2015-12-31
ROK,,,PaymentsToAcquirePropertyPlantAndEquipment,,buildout,2015-12-31,Q4,2016-02-03T23:59:59+00:00,"filing date, end of day",40200000.0,40000000.0,200000.0,same-quarter mean,measured,6,1823,2100000.0,-1900000.0,-0.0475,,,results/complex-quarterly/ROK/2015-12-31
MSFT,,,PaymentsToAcquirePropertyPlantAndEquipment,,hyperscaler,2016-03-31,Q1,2016-04-21T23:59:59+00:00,"filing date, end of day",2308000000.0,2024000000.0,284000000.0,same-quarter mean,measured,7,1827,-57000000.0,341000000.0,0.16847826086956522,,,results/complex-quarterly/MSFT/2016-03-31
FIX,,,PaymentsToAcquirePropertyPlantAndEquipment,,buildout,2016-03-31,Q1,2016-04-27T23:59:59+00:00,"filing date, end of day",3765000.0,5685000.0,-1920000.0,same-quarter mean,measured,5,1092,-897200.0,-1022800.0,-0.17991204925241863,,,results/complex-quarterly/FIX/2016-03-31
AMD,,,PaymentsToAcquirePropertyPlantAndEquipment,,compute_and_ai,2016-03-26,Q1,2016-04-28T23:59:59+00:00,"filing date, end of day",26000000.0,22000000.0,4000000.0,same-quarter mean,measured,4,1085,-4000000.0,8000000.0,0.36363636363636365,,,results/complex-quarterly/AMD/2016-03-26
EME,,,PaymentsToAcquireProductiveAssets,,buildout,2016-03-31,Q1,2016-04-28T23:59:59+00:00,"filing date, end of day",9016000.0,6936000.0,2080000.0,same-quarter mean,measured,5,1463,689400.0,1390600.0,0.20049019607843138,,,results/complex-quarterly/EME/2016-03-31
FSLR,,,PaymentsToAcquirePropertyPlantAndEquipment,,fuel_and_nuclear,2016-03-31,Q1,2016-04-28T23:59:59+00:00,"filing date, end of day",51754000.0,55342000.0,-3588000.0,same-quarter mean,measured,6,1828,-5177000.0,1589000.0,0.028712370351631673,,,results/complex-quarterly/FSLR/2016-03-31
IRM,,,PaymentsToAcquirePropertyPlantAndEquipment,,data_center_reit,2016-03-31,Q1,2016-04-28T23:59:59+00:00,"filing date, end of day",80852000.0,63225000.0,17627000.0,same-quarter mean,measured,6,1816,14858333.333333334,2768666.666666666,0.04379069460919994,,,results/complex-quarterly/IRM/2016-03-31
META,,,PaymentsToAcquirePropertyPlantAndEquipment,,hyperscaler,2016-03-31,Q1,2016-04-28T23:59:59+00:00,"filing date, end of day",1132000000.0,502000000.0,630000000.0,same-quarter mean,measured,3,721,16333333.333333334,613666666.6666666,1.2224435590969456,,,results/complex-quarterly/META/2016-03-31
AMT,,,PaymentsToAcquireProductiveAssets,,data_center_reit,2016-03-31,Q1,2016-04-29T23:59:59+00:00,"filing date, end of day",154222000.0,159184000.0,-4962000.0,same-quarter mean,measured,6,1820,18259500.0,-23221500.0,-0.14587835460850337,,,results/complex-quarterly/AMT/2016-03-31
AMZN,,,PaymentsToAcquirePropertyPlantAndEquipment,,hyperscaler,2016-03-31,Q1,2016-04-29T23:59:59+00:00,"filing date, end of day",1179000000.0,1195000000.0,-16000000.0,same-quarter mean,measured,7,1827,-97285714.28571428,81285714.28571428,0.06802151823072325,,,results/complex-quarterly/AMZN/2016-03-31
ETN,,,PaymentsToAcquirePropertyPlantAndEquipment,,buildout,2016-03-31,Q1,2016-04-29T23:59:59+00:00,"filing date, end of day",111000000.0,105000000.0,6000000.0,same-quarter mean,measured,3,726,0.0,6000000.0,0.05714285714285714,,,results/complex-quarterly/ETN/2016-03-31
PPL,,,PaymentsToAcquirePropertyPlantAndEquipment,,power,2016-03-31,Q1,2016-04-29T23:59:59+00:00,"filing date, end of day",656000000.0,942000000.0,-286000000.0,same-quarter mean,measured,6,1827,112000000.0,-398000000.0,-0.42250530785562634,,,results/complex-quarterly/PPL/2016-03-31
BWXT,,,PaymentsToAcquirePropertyPlantAndEquipment,,fuel_and_nuclear,2016-03-31,Q1,2016-05-02T23:59:59+00:00,"filing date, end of day",10082000.0,21349000.0,-11267000.0,same-quarter mean,measured,4,1092,149000.0,-11416000.0,-0.5347323059628085,,,results/complex-quarterly/BWXT/2016-03-31
EIX,,,PaymentsToAcquirePropertyPlantAndEquipment,,power,2016-03-31,Q1,2016-05-02T23:59:59+00:00,"filing date, end of day",951000000.0,1268000000.0,-317000000.0,same-quarter mean,measured,6,1817,80500000.0,-397500000.0,-0.3134858044164038,,,results/complex-quarterly/EIX/2016-03-31
STRL,,,PaymentsToAcquirePropertyPlantAndEquipment,,buildout,2016-03-31,Q1,2016-05-02T23:59:59+00:00,"filing date, end of day",2818000.0,1161000.0,1657000.0,same-quarter mean,measured,4,1097,-1818000.0,3475000.0,2.9931093884582256,,,results/complex-quarterly/STRL/2016-03-31
PCG,,,PaymentsToAcquirePropertyPlantAndEquipment,,power,2016-03-31,Q1,2016-05-04T23:59:59+00:00,"filing date, end of day",1229000000.0,1191000000.0,38000000.0,same-quarter mean,measured,6,1456,18666666.666666668,19333333.333333332,0.01623285754268122,,,results/complex-quarterly/PCG/2016-03-31
SRE,,,PaymentsToAcquirePropertyPlantAndEquipment,,power,2015-03-31,Q1,2016-05-04T23:59:59+00:00,"filing date, end of day",780000000.0,801000000.0,-21000000.0,,missing,0,,,,,,,results/complex-quarterly/SRE/2015-03-31
SRE,,,PaymentsToAcquirePropertyPlantAndEquipment,,power,2016-03-31,Q1,2016-05-04T23:59:59+00:00,"filing date, end of day",971000000.0,780000000.0,191000000.0,,missing,0,,,,,,,results/complex-quarterly/SRE/2016-03-31
D,,,PaymentsToAcquirePropertyPlantAndEquipment,,power,2016-03-31,Q1,2016-05-05T23:59:59+00:00,"filing date, end of day",1497000000.0,1014000000.0,483000000.0,same-quarter mean,measured,6,1832,36333333.333333336,446666666.6666667,0.44049967126890205,,,results/complex-quarterly/D/2016-03-31
DUK,,,PaymentsToAcquirePropertyPlantAndEquipment,,power,2016-03-31,Q1,2016-05-05T23:59:59+00:00,"filing date, end of day",1645000000.0,1411000000.0,234000000.0,same-quarter mean,measured,5,1460,46400000.0,187600000.0,0.1329553508150248,,,results/complex-quarterly/DUK/2016-03-31
MTZ,,,PaymentsToAcquireProductiveAssets,,buildout,2016-03-31,Q1,2016-05-05T23:59:59+00:00,"filing date, end of day",13343000.0,19660000.0,-6317000.0,same-quarter mean,measured,3,827,1854333.3333333333,-8171333.333333333,-0.41563241776873516,,,results/complex-quarterly/MTZ/2016-03-31
NRG,,,PaymentsToAcquirePropertyPlantAndEquipment,,power,2016-03-31,Q1,2016-05-05T23:59:59+00:00,"filing date, end of day",279000000.0,252000000.0,27000000.0,same-quarter mean,measured,6,1824,3166666.6666666665,23833333.333333332,0.09457671957671958,,,results/complex-quarterly/NRG/2016-03-31
SO,,,PaymentsToAcquirePropertyPlantAndEquipment,,power,2015-03-31,Q1,2016-05-05T23:59:59+00:00,"filing date, end of day",1091000000.0,1180000000.0,-89000000.0,same-quarter mean,measured,5,1462,8757600.0,-97757600.0,-0.08284542372881355,,,results/complex-quarterly/SO/2015-03-31
SO,,,PaymentsToAcquirePropertyPlantAndEquipment,,power,2016-03-31,Q1,2016-05-05T23:59:59+00:00,"filing date, end of day",1872000000.0,1091000000.0,781000000.0,same-quarter mean,measured,5,1462,8757600.0,772242400.0,0.707829880843263,,,results/complex-quarterly/SO/2016-03-31
PRIM,,,PaymentsToAcquirePropertyPlantAndEquipment,,buildout,2016-03-31,Q1,2016-05-06T23:59:59+00:00,"filing date, end of day",12255000.0,16581000.0,-4326000.0,same-quarter mean,measured,4,1092,3125250.0,-7451250.0,-0.4493848380676678,,,results/complex-quarterly/PRIM/2016-03-31
WY,,,PaymentsToAcquirePropertyPlantAndEquipment,,data_center_reit,2016-03-31,Q1,2016-05-06T23:59:59+00:00,"filing date, end of day",57000000.0,71000000.0,-14000000.0,same-quarter mean,measured,6,1820,2500000.0,-16500000.0,-0.2323943661971831,,,results/complex-quarterly/WY/2016-03-31
CCI,,,PaymentsToAcquireProductiveAssets,,data_center_reit,2016-03-31,Q1,2016-05-09T23:59:59+00:00,"filing date, end of day",193489000.0,204753000.0,-11264000.0,same-quarter mean,measured,6,1824,-12812333.333333334,1548333.333333334,0.007561956764166259,,,results/complex-quarterly/CCI/2016-03-31
EXC,,,PaymentsToAcquirePropertyPlantAndEquipment,,power,2016-03-31,Q1,2016-05-10T23:59:59+00:00,"filing date, end of day",2202000000.0,1784000000.0,418000000.0,same-quarter mean,measured,6,1463,178666666.66666666,239333333.33333334,0.13415545590433484,,,results/complex-quarterly/EXC/2016-03-31
PLUG,,,PaymentsToAcquirePropertyPlantAndEquipment,,fuel_and_nuclear,2016-03-31,Q1,2016-05-10T23:59:59+00:00,"filing date, end of day",1889000.0,229459.0,1659541.0,same-quarter mean,measured,2,726,-368708.0,2028249.0,8.839265402533785,,,results/complex-quarterly/PLUG/2016-03-31
PWR,,,PaymentsToAcquirePropertyPlantAndEquipment,,buildout,2016-03-31,Q1,2016-05-10T23:59:59+00:00,"filing date, end of day",47695000.0,47970000.0,-275000.0,same-quarter mean,measured,7,1824,-1629571.4285714286,1354571.4285714286,0.028237886774472143,,,results/complex-quarterly/PWR/2016-03-31
SBAC,,,PaymentsToAcquirePropertyPlantAndEquipment,,data_center_reit,2016-03-31,Q1,2016-05-10T23:59:59+00:00,"filing date, end of day",36060000.0,130199000.0,-94139000.0,same-quarter mean,measured,5,1463,-28315800.0,-65823200.0,-0.5055584144271461,,,results/complex-quarterly/SBAC/2016-03-31
TLN,,,PaymentsToAcquirePropertyPlantAndEquipment,,power,2016-03-31,Q1,2016-05-10T23:59:59+00:00,"filing date, end of day",99000000.0,109000000.0,-10000000.0,,missing,0,,,,,,,results/complex-quarterly/TLN/2016-03-31
WULF,,,PaymentsToAcquirePropertyPlantAndEquipment,,compute_and_ai,2016-03-31,Q1,2016-05-12T23:59:59+00:00,"filing date, end of day",1017857.0,376067.0,641790.0,same-quarter mean,measured,4,1095,77331.0,564459.0,1.500953287579075,,,results/complex-quarterly/WULF/2016-03-31
NVDA,,,PaymentsToAcquirePropertyPlantAndEquipment,,compute_and_ai,2016-05-01,Q2,2016-05-25T23:59:59+00:00,"filing date, end of day",55000000.0,30000000.0,25000000.0,same-quarter mean,measured,4,1092,-298750.0,25298750.0,0.8432916666666667,,,results/complex-quarterly/NVDA/2016-05-01
AGX,,,PaymentsToAcquirePropertyPlantAndEquipment,,buildout,2016-04-30,Q2,2016-06-08T23:59:59+00:00,"filing date, end of day",245000.0,1207000.0,-962000.0,same-quarter mean,measured,4,1092,189000.0,-1151000.0,-0.9536039768019884,,,results/complex-quarterly/AGX/2016-04-30
AMZN,,,PaymentsToAcquirePropertyPlantAndEquipment,,hyperscaler,2016-06-30,Q2,2016-07-29T23:59:59+00:00,"filing date, end of day",1711000000.0,1179000000.0,532000000.0,same-quarter mean,measured,7,2191,174571428.57142857,357428571.42857146,0.3031624863685933,,,results/complex-quarterly/AMZN/2016-06-30
IRM,,,PaymentsToAcquirePropertyPlantAndEquipment,,data_center_reit,2016-06-30,Q2,2016-08-04T23:59:59+00:00,"filing date, end of day",82813000.0,80852000.0,1961000.0,same-quarter mean,measured,7,1820,-17793142.85714286,19754142.85714286,0.24432472736781846,,,results/complex-quarterly/IRM/2016-06-30
PWR,,,PaymentsToAcquirePropertyPlantAndEquipment,,buildout,2016-06-30,Q2,2016-08-08T23:59:59+00:00,"filing date, end of day",60855000.0,47695000.0,13160000.0,same-quarter mean,measured,7,2191,7090857.142857143,6069142.857142857,0.12724903778473334,,,results/complex-quarterly/PWR/2016-06-30
SBAC,,,PaymentsToAcquireProductiveAssets,,data_center_reit,2016-06-30,Q2,2016-08-09T23:59:59+00:00,"filing date, end of day",92273000.0,36060000.0,56213000.0,same-quarter mean,measured,3,366,114684666.66666667,-58471666.66666667,-1.6215104455537068,,,results/complex-quarterly/SBAC/2016-06-30
ORCL,,,PaymentsToAcquirePropertyPlantAndEquipment,,hyperscaler,2016-08-31,Q3,2016-09-19T23:59:59+00:00,"filing date, end of day",299000000.0,446000000.0,-147000000.0,same-quarter mean,measured,5,1456,65600000.0,-212600000.0,-0.4766816143497758,,,results/complex-quarterly/ORCL/2016-08-31
MSFT,,,PaymentsToAcquirePropertyPlantAndEquipment,,hyperscaler,2016-09-30,Q3,2016-10-20T23:59:59+00:00,"filing date, end of day",2163000000.0,2308000000.0,-145000000.0,same-quarter mean,measured,7,2190,-7571428.571428572,-137428571.42857143,-0.05954444169348849,,,results/complex-quarterly/MSFT/2016-09-30
AMZN,,,PaymentsToAcquirePropertyPlantAndEquipment,,hyperscaler,2016-09-30,Q3,2016-10-28T23:59:59+00:00,"filing date, end of day",1841000000.0,1711000000.0,130000000.0,same-quarter mean,measured,8,2191,73125000.0,56875000.0,0.033240794856808885,,,results/complex-quarterly/AMZN/2016-09-30
IRM,,,PaymentsToAcquirePropertyPlantAndEquipment,,data_center_reit,2016-09-30,Q3,2016-11-01T23:59:59+00:00,"filing date, end of day",82364000.0,82813000.0,-449000.0,same-quarter mean,measured,7,1817,3815142.8571428573,-4264142.857142857,-0.051491225497722067,,,results/complex-quarterly/IRM/2016-09-30
EQIX,,,PaymentsToAcquirePropertyPlantAndEquipment,,data_center_reit,2015-09-30,Q3,2016-11-04T23:59:59+00:00,"filing date, end of day",216046000.0,221342000.0,-5296000.0,,missing,0,,,,,,,results/complex-quarterly/EQIX/2015-09-30
EQIX,,,PaymentsToAcquirePropertyPlantAndEquipment,,data_center_reit,2016-09-30,Q3,2016-11-04T23:59:59+00:00,"filing date, end of day",279477000.0,249867000.0,29610000.0,,missing,0,,,,,,,results/complex-quarterly/EQIX/2016-09-30
SMCI,,,PaymentsToAcquirePropertyPlantAndEquipment,,compute_and_ai,2016-09-30,Q3,2016-11-07T23:59:59+00:00,"filing date, end of day",11646000.0,7662000.0,3984000.0,same-quarter mean,measured,5,1470,82400.0,3901600.0,0.5092143043591751,,,results/complex-quarterly/SMCI/2016-09-30
PWR,,,PaymentsToAcquirePropertyPlantAndEquipment,,buildout,2016-09-30,Q3,2016-11-08T23:59:59+00:00,"filing date, end of day",35874000.0,60855000.0,-24981000.0,same-quarter mean,measured,8,2188,-6280250.0,-18700750.0,-0.30730013967627967,,,results/complex-quarterly/PWR/2016-09-30
SBAC,,,PaymentsToAcquireProductiveAssets,,data_center_reit,2016-09-30,Q3,2016-11-09T23:59:59+00:00,"filing date, end of day",76670000.0,92273000.0,-15603000.0,same-quarter mean,measured,3,367,-28145666.666666668,12542666.666666668,0.13592997590483313,,,results/complex-quarterly/SBAC/2016-09-30
DY,,,PaymentsToAcquirePropertyPlantAndEquipment,,buildout,2016-10-29,Q4,2016-11-23T23:59:59+00:00,"filing date, end of day",40080000.0,40758000.0,-678000.0,same-quarter mean,measured,5,1463,5461800.0,-6139800.0,-0.15064036508170175,,,results/complex-quarterly/DY/2016-10-29
MU,,,PaymentsToAcquirePropertyPlantAndEquipment,,compute_and_ai,2016-12-01,Q4,2017-01-09T23:59:59+00:00,"filing date, end of day",1264000000.0,990000000.0,274000000.0,same-quarter mean,measured,7,2187,102857142.85714285,171142857.14285713,0.17287157287157287,,,results/complex-quarterly/MU/2016-12-01
MSFT,,,PaymentsToAcquirePropertyPlantAndEquipment,,hyperscaler,2016-12-31,Q4,2017-01-26T23:59:59+00:00,"filing date, end of day",1988000000.0,2163000000.0,-175000000.0,same-quarter mean,measured,8,2191,212250000.0,-387250000.0,-0.17903374942209893,,,results/complex-quarterly/MSFT/2016-12-31
AAPL,,,PaymentsToAcquirePropertyPlantAndEquipment,,hyperscaler,2016-12-31,Q4,2017-02-01T23:59:59+00:00,"filing date, end of day",3334000000.0,3612000000.0,-278000000.0,same-quarter mean,measured,3,364,431666666.6666667,-709666666.6666667,-0.1964747139165744,,,results/complex-quarterly/AAPL/2016-12-31
ROK,,,PaymentsToAcquirePropertyPlantAndEquipment,,buildout,2016-12-31,Q4,2017-02-02T23:59:59+00:00,"filing date, end of day",39400000.0,40200000.0,-800000.0,same-quarter mean,measured,7,2186,1828571.4285714286,-2628571.4285714286,-0.06538734896943853,,,results/complex-quarterly/ROK/2016-12-31
J,,,PaymentsToAcquirePropertyPlantAndEquipment,,buildout,2016-01-01,Q1,2017-02-08T23:59:59+00:00,"filing date, end of day",15987000.0,33775000.0,-17788000.0,prior same-quarter,measured,1,0,-12257000.0,-5531000.0,-0.163760177646188,,,results/complex-quarterly/J/2016-01-01
J,,,PaymentsToAcquirePropertyPlantAndEquipment,,buildout,2016-12-30,Q4,2017-02-08T23:59:59+00:00,"filing date, end of day",21054000.0,15987000.0,5067000.0,same-quarter mean,measured,5,1468,5206800.0,-139800.0,-0.00874460499155564,,,results/complex-quarterly/J/2016-12-30
FIX,,,PaymentsToAcquirePropertyPlantAndEquipment,,buildout,2017-03-31,Q1,2017-04-26T23:59:59+00:00,"filing date, end of day",5077000.0,3765000.0,1312000.0,same-quarter mean,measured,6,1456,-1067666.6666666667,2379666.666666667,0.6320495794599381,,,results/complex-quarterly/FIX/2017-03-31
AMT,,,PaymentsToAcquireProductiveAssets,,data_center_reit,2017-03-31,Q1,2017-04-27T23:59:59+00:00,"filing date, end of day",168138000.0,154222000.0,13916000.0,same-quarter mean,measured,7,2185,14942142.857142856,-1026142.8571428563,-0.006653673646709654,,,results/complex-quarterly/AMT/2017-03-31
EME,,,PaymentsToAcquireProductiveAssets,,buildout,2017-03-31,Q1,2017-04-27T23:59:59+00:00,"filing date, end of day",10575000.0,9016000.0,1559000.0,same-quarter mean,measured,6,1827,921166.6666666666,637833.3333333334,0.07074460218870157,,,results/complex-quarterly/EME/2017-03-31
IRM,,,PaymentsToAcquirePropertyPlantAndEquipment,,data_center_reit,2017-03-31,Q1,2017-04-27T23:59:59+00:00,"filing date, end of day",73202000.0,82364000.0,-9162000.0,same-quarter mean,measured,7,2180,15253857.142857144,-24415857.14285714,-0.2964384578560675,,,results/complex-quarterly/IRM/2017-03-31
MSFT,,,PaymentsToAcquirePropertyPlantAndEquipment,,hyperscaler,2017-03-31,Q1,2017-04-27T23:59:59+00:00,"filing date, end of day",1695000000.0,1988000000.0,-293000000.0,same-quarter mean,measured,8,2191,-14375000.0,-278625000.0,-0.14015342052313884,,,results/complex-quarterly/MSFT/2017-03-31
AMZN,,,PaymentsToAcquirePropertyPlantAndEquipment,,hyperscaler,2017-03-31,Q1,2017-04-28T23:59:59+00:00,"filing date, end of day",1861000000.0,1841000000.0,20000000.0,same-quarter mean,measured,8,2198,-87125000.0,107125000.0,0.058188484519283,,,results/complex-quarterly/AMZN/2017-03-31
WY,,,PaymentsToAcquirePropertyPlantAndEquipment,,data_center_reit,2017-03-31,Q1,2017-04-28T23:59:59+00:00,"filing date, end of day",52000000.0,57000000.0,-5000000.0,same-quarter mean,measured,7,2191,142857.14285714287,-5142857.142857143,-0.09022556390977443,,,results/complex-quarterly/WY/2017-03-31
BWXT,,,PaymentsToAcquirePropertyPlantAndEquipment,,fuel_and_nuclear,2017-03-31,Q1,2017-05-01T23:59:59+00:00,"filing date, end of day",13713000.0,10082000.0,3631000.0,same-quarter mean,measured,5,1454,-2134200.0,5765200.0,0.571830985915493,,,results/complex-quarterly/BWXT/2017-03-31
EIX,,,PaymentsToAcquirePropertyPlantAndEquipment,,power,2017-03-31,Q1,2017-05-01T23:59:59+00:00,"filing date, end of day",939000000.0,951000000.0,-12000000.0,same-quarter mean,measured,7,2187,23714285.714285713,-35714285.71428572,-0.03755445395823945,,,results/complex-quarterly/EIX/2017-03-31
ETN,,,PaymentsToAcquirePropertyPlantAndEquipment,,buildout,2017-03-31,Q1,2017-05-02T23:59:59+00:00,"filing date, end of day",116000000.0,111000000.0,5000000.0,same-quarter mean,measured,4,1092,1500000.0,3500000.0,0.03153153153153153,,,results/complex-quarterly/ETN/2017-03-31
NRG,,,PaymentsToAcquirePropertyPlantAndEquipment,,power,2017-03-31,Q1,2017-05-02T23:59:59+00:00,"filing date, end of day",268000000.0,279000000.0,-11000000.0,same-quarter mean,measured,7,2187,6571428.571428572,-17571428.57142857,-0.0629800307219662,,,results/complex-quarterly/NRG/2017-03-31
PCG,,,PaymentsToAcquirePropertyPlantAndEquipment,,power,2017-03-31,Q1,2017-05-02T23:59:59+00:00,"filing date, end of day",1216000000.0,1229000000.0,-13000000.0,same-quarter mean,measured,7,1827,21428571.42857143,-34428571.42857143,-0.02801348366848774,,,results/complex-quarterly/PCG/2017-03-31
EXC,,,PaymentsToAcquirePropertyPlantAndEquipment,,power,2017-03-31,Q1,2017-05-03T23:59:59+00:00,"filing date, end of day",2114000000.0,2202000000.0,-88000000.0,same-quarter mean,measured,7,1840,212857142.85714287,-300857142.85714287,-0.1366290385363955,,,results/complex-quarterly/EXC/2017-03-31
SO,,,PaymentsToAcquirePropertyPlantAndEquipment,,power,2017-03-31,Q1,2017-05-03T23:59:59+00:00,"filing date, end of day",1488000000.0,1872000000.0,-384000000.0,same-quarter mean,measured,7,2190,105112571.42857143,-489112571.42857146,-0.26127808302808303,,,results/complex-quarterly/SO/2017-03-31
STRL,,,PaymentsToAcquirePropertyPlantAndEquipment,,buildout,2017-03-31,Q1,2017-05-03T23:59:59+00:00,"filing date, end of day",1825000.0,2818000.0,-993000.0,same-quarter mean,measured,5,1454,-1123000.0,130000.0,0.046132008516678494,,,results/complex-quarterly/STRL/2017-03-31
CCI,,,PaymentsToAcquireProductiveAssets,,data_center_reit,2017-03-31,Q1,2017-05-04T23:59:59+00:00,"filing date, end of day",262415000.0,193489000.0,68926000.0,same-quarter mean,measured,7,2191,-12591142.857142856,81517142.85714285,0.4213011740054621,,,results/complex-quarterly/CCI/2017-03-31
D,,,PaymentsToAcquirePropertyPlantAndEquipment,,power,2017-03-31,Q1,2017-05-04T23:59:59+00:00,"filing date, end of day",1435000000.0,1497000000.0,-62000000.0,same-quarter mean,measured,7,2198,100142857.14285715,-162142857.14285713,-0.10831186181887584,,,results/complex-quarterly/D/2017-03-31
META,,,PaymentsToAcquirePropertyPlantAndEquipment,,hyperscaler,2017-03-31,Q1,2017-05-04T23:59:59+00:00,"filing date, end of day",1271000000.0,1132000000.0,139000000.0,same-quarter mean,measured,4,1092,169750000.0,-30750000.0,-0.027164310954063603,,,results/complex-quarterly/META/2017-03-31
MTZ,,,PaymentsToAcquireProductiveAssets,,buildout,2017-03-31,Q1,2017-05-04T23:59:59+00:00,"filing date, end of day",28901000.0,13343000.0,15558000.0,same-quarter mean,measured,4,1099,-188500.0,15746500.0,1.1801319043693321,,,results/complex-quarterly/MTZ/2017-03-31
PPL,,,PaymentsToAcquirePropertyPlantAndEquipment,,power,2017-03-31,Q1,2017-05-04T23:59:59+00:00,"filing date, end of day",677000000.0,656000000.0,21000000.0,same-quarter mean,measured,7,2185,55142857.14285714,-34142857.14285714,-0.05204703832752613,,,results/complex-quarterly/PPL/2017-03-31
EQIX,,,PaymentsToAcquirePropertyPlantAndEquipment,,data_center_reit,2016-03-31,Q1,2017-05-05T23:59:59+00:00,"filing date, end of day",197700000.0,216046000.0,-18346000.0,same-quarter mean,measured,3,735,-138681333.33333334,120335333.33333334,0.5569894065769945,,,results/complex-quarterly/EQIX/2016-03-31
EQIX,,,PaymentsToAcquirePropertyPlantAndEquipment,,data_center_reit,2017-03-31,Q1,2017-05-05T23:59:59+00:00,"filing date, end of day",277242000.0,279477000.0,-2235000.0,same-quarter mean,measured,3,735,-138681333.33333334,136446333.33333334,0.48822025903145283,,,results/complex-quarterly/EQIX/2017-03-31
FSLR,,,PaymentsToAcquirePropertyPlantAndEquipment,,fuel_and_nuclear,2017-03-31,Q1,2017-05-05T23:59:59+00:00,"filing date, end of day",112993000.0,51754000.0,61239000.0,same-quarter mean,measured,7,2191,-4950000.0,66189000.0,1.2789156393708698,,,results/complex-quarterly/FSLR/2017-03-31
AMD,,,PaymentsToAcquirePropertyPlantAndEquipment,,compute_and_ai,2017-04-01,Q2,2017-05-08T23:59:59+00:00,"filing date, end of day",23000000.0,26000000.0,-3000000.0,prior same-quarter,measured,1,0,-10000000.0,7000000.0,0.2692307692307692,,,results/complex-quarterly/AMD/2017-04-01
PRIM,,,PaymentsToAcquirePropertyPlantAndEquipment,,buildout,2017-03-31,Q1,2017-05-08T23:59:59+00:00,"filing date, end of day",19222000.0,12255000.0,6967000.0,same-quarter mean,measured,5,1458,1635000.0,5332000.0,0.43508771929824563,,,results/complex-quarterly/PRIM/2017-03-31
SBAC,,,PaymentsToAcquirePropertyPlantAndEquipment,,data_center_reit,2017-03-31,Q1,2017-05-08T23:59:59+00:00,"filing date, end of day",35747000.0,76670000.0,-40923000.0,same-quarter mean,measured,6,1831,-39286333.333333336,-1636666.6666666642,-0.021346897960958188,,,results/complex-quarterly/SBAC/2017-03-31
DUK,,,PaymentsToAcquirePropertyPlantAndEquipment,,power,2017-03-31,Q1,2017-05-09T23:59:59+00:00,"filing date, end of day",2160000000.0,1645000000.0,515000000.0,same-quarter mean,measured,6,1823,77666666.66666667,437333333.3333333,0.26585612968591693,,,results/complex-quarterly/DUK/2017-03-31
PLUG,,,PaymentsToAcquirePropertyPlantAndEquipment,,fuel_and_nuclear,2017-03-31,Q1,2017-05-09T23:59:59+00:00,"filing date, end of day",303000.0,1889000.0,-1586000.0,same-quarter mean,measured,3,1091,307375.0,-1893375.0,-1.0023160402329274,,,results/complex-quarterly/PLUG/2017-03-31
PWR,,,PaymentsToAcquirePropertyPlantAndEquipment,,buildout,2017-03-31,Q1,2017-05-09T23:59:59+00:00,"filing date, end of day",47024000.0,35874000.0,11150000.0,same-quarter mean,measured,8,2192,-1460250.0,12610250.0,0.3515150248090539,,,results/complex-quarterly/PWR/2017-03-31
SRE,,,PaymentsToAcquirePropertyPlantAndEquipment,,power,2017-03-31,Q1,2017-05-09T23:59:59+00:00,"filing date, end of day",992000000.0,971000000.0,21000000.0,same-quarter mean,measured,2,0,85000000.0,-64000000.0,-0.06591143151390319,,,results/complex-quarterly/SRE/2017-03-31
WULF,,,PaymentsToAcquirePropertyPlantAndEquipment,,compute_and_ai,2017-03-31,Q1,2017-05-10T23:59:59+00:00,"filing date, end of day",60417.0,1017857.0,-957440.0,same-quarter mean,measured,5,1459,190222.8,-1147662.8,-1.127528523161898,,,results/complex-quarterly/WULF/2017-03-31
NVDA,,,PaymentsToAcquirePropertyPlantAndEquipment,,compute_and_ai,2017-04-30,Q2,2017-05-23T23:59:59+00:00,"filing date, end of day",54000000.0,55000000.0,-1000000.0,same-quarter mean,measured,5,1463,4761000.0,-5761000.0,-0.10474545454545454,,,results/complex-quarterly/NVDA/2017-04-30
AGX,,,PaymentsToAcquirePropertyPlantAndEquipment,,buildout,2017-04-30,Q2,2017-06-07T23:59:59+00:00,"filing date, end of day",1863000.0,245000.0,1618000.0,same-quarter mean,measured,5,1457,-41200.0,1659200.0,6.772244897959184,,,results/complex-quarterly/AGX/2017-04-30
IRM,,,PaymentsToAcquirePropertyPlantAndEquipment,,data_center_reit,2017-06-30,Q2,2017-07-28T23:59:59+00:00,"filing date, end of day",92005000.0,73202000.0,18803000.0,same-quarter mean,measured,8,2191,-15323875.0,34126875.0,0.46620140160104917,,,results/complex-quarterly/IRM/2017-06-30
EQIX,,,PaymentsToAcquirePropertyPlantAndEquipment,,data_center_reit,2016-06-30,Q2,2017-08-04T23:59:59+00:00,"filing date, end of day",249867000.0,197700000.0,52167000.0,,missing,0,,,,,,,results/complex-quarterly/EQIX/2016-06-30
EQIX,,,PaymentsToAcquirePropertyPlantAndEquipment,,data_center_reit,2017-06-30,Q2,2017-08-04T23:59:59+00:00,"filing date, end of day",348572000.0,277242000.0,71330000.0,,missing,0,,,,,,,results/complex-quarterly/EQIX/2017-06-30
SBAC,,,PaymentsToAcquireProductiveAssets,,data_center_reit,2017-06-30,Q2,2017-08-04T23:59:59+00:00,"filing date, end of day",73218000.0,35747000.0,37471000.0,same-quarter mean,measured,4,735,100066750.0,-62595750.0,-1.7510770134556746,,,results/complex-quarterly/SBAC/2017-06-30
PWR,,,PaymentsToAcquirePropertyPlantAndEquipment,,buildout,2017-06-30,Q2,2017-08-08T23:59:59+00:00,"filing date, end of day",58257000.0,47024000.0,11233000.0,same-quarter mean,measured,8,2555,7849500.0,3383500.0,0.07195261993875468,,,results/complex-quarterly/PWR/2017-06-30
ORCL,,,PaymentsToAcquirePropertyPlantAndEquipment,,hyperscaler,2017-08-31,Q3,2017-09-18T23:59:59+00:00,"filing date, end of day",473000000.0,299000000.0,174000000.0,same-quarter mean,measured,6,1823,30166666.666666668,143833333.33333334,0.48104793756967673,,,results/complex-quarterly/ORCL/2017-08-31
IRM,,,PaymentsToAcquirePropertyPlantAndEquipment,,data_center_reit,2017-09-30,Q3,2017-10-26T23:59:59+00:00,"filing date, end of day",78539000.0,92005000.0,-13466000.0,same-quarter mean,measured,8,2185,3282125.0,-16748125.0,-0.1820349437530569,,,results/complex-quarterly/IRM/2017-09-30
MSFT,,,PaymentsToAcquirePropertyPlantAndEquipment,,hyperscaler,2017-09-30,Q3,2017-10-26T23:59:59+00:00,"filing date, end of day",2132000000.0,1695000000.0,437000000.0,same-quarter mean,measured,8,2554,-24750000.0,461750000.0,0.2724188790560472,,,results/complex-quarterly/MSFT/2017-09-30
EQIX,,,PaymentsToAcquirePropertyPlantAndEquipment,,data_center_reit,2017-09-30,Q3,2017-11-03T23:59:59+00:00,"filing date, end of day",320234000.0,348572000.0,-28338000.0,same-quarter mean,measured,2,0,12157000.0,-40495000.0,-0.11617398987870511,,,results/complex-quarterly/EQIX/2017-09-30
SBAC,,,PaymentsToAcquireProductiveAssets,,data_center_reit,2017-09-30,Q3,2017-11-07T23:59:59+00:00,"filing date, end of day",115955000.0,73218000.0,42737000.0,same-quarter mean,measured,4,733,-25010000.0,67747000.0,0.9252779371192876,,,results/complex-quarterly/SBAC/2017-09-30
PWR,,,PaymentsToAcquirePropertyPlantAndEquipment,,buildout,2017-09-30,Q3,2017-11-09T23:59:59+00:00,"filing date, end of day",62997000.0,58257000.0,4740000.0,same-quarter mean,measured,9,2556,-8358111.111111111,13098111.111111112,0.22483325799665468,,,results/complex-quarterly/PWR/2017-09-30
DY,,,PaymentsToAcquirePropertyPlantAndEquipment,,buildout,2017-10-28,Q4,2017-11-22T23:59:59+00:00,"filing date, end of day",56023000.0,58312000.0,-2289000.0,same-quarter mean,measured,6,1827,4438500.0,-6727500.0,-0.11537076416518041,,,results/complex-quarterly/DY/2017-10-28
MU,,,PaymentsToAcquirePropertyPlantAndEquipment,,compute_and_ai,2017-11-30,Q4,2017-12-20T23:59:59+00:00,"filing date, end of day",1956000000.0,1264000000.0,692000000.0,same-quarter mean,measured,8,2554,124250000.0,567750000.0,0.44916930379746833,,,results/complex-quarterly/MU/2017-11-30
MSFT,,,PaymentsToAcquirePropertyPlantAndEquipment,,hyperscaler,2017-12-31,Q4,2018-01-31T23:59:59+00:00,"filing date, end of day",2586000000.0,2132000000.0,454000000.0,same-quarter mean,measured,9,2555,169222222.2222222,284777777.7777778,0.13357306649989578,,,results/complex-quarterly/MSFT/2017-12-31
ROK,,,PaymentsToAcquirePropertyPlantAndEquipment,,buildout,2017-12-31,Q4,2018-01-31T23:59:59+00:00,"filing date, end of day",34100000.0,39400000.0,-5300000.0,same-quarter mean,measured,8,2551,1500000.0,-6800000.0,-0.17258883248730963,,,results/complex-quarterly/ROK/2017-12-31
AAPL,,,PaymentsToAcquirePropertyPlantAndEquipment,,hyperscaler,2017-12-30,Q4,2018-02-02T23:59:59+00:00,"filing date, end of day",2810000000.0,3334000000.0,-524000000.0,same-quarter mean,measured,4,735,254250000.0,-778250000.0,-0.23342831433713257,,,results/complex-quarterly/AAPL/2017-12-30
J,,,PaymentsToAcquirePropertyPlantAndEquipment,,buildout,2017-12-29,Q4,2018-02-07T23:59:59+00:00,"filing date, end of day",22450000.0,21054000.0,1396000.0,same-quarter mean,measured,6,2205,5183500.0,-3787500.0,-0.1798945568538045,,,results/complex-quarterly/J/2017-12-29
EME,,,PaymentsToAcquireProductiveAssets,,buildout,2018-03-31,Q1,2018-04-26T23:59:59+00:00,"filing date, end of day",6588000.0,10575000.0,-3987000.0,same-quarter mean,measured,7,2191,1012285.7142857143,-4999285.714285715,-0.4727456940222898,,,results/complex-quarterly/EME/2018-03-31
FIX,,,PaymentsToAcquirePropertyPlantAndEquipment,,buildout,2018-03-31,Q1,2018-04-26T23:59:59+00:00,"filing date, end of day",5588000.0,5077000.0,511000.0,same-quarter mean,measured,7,1820,-727714.2857142857,1238714.2857142857,0.2439854807394693,,,results/complex-quarterly/FIX/2018-03-31
IRM,,,PaymentsToAcquirePropertyPlantAndEquipment,,data_center_reit,2018-03-31,Q1,2018-04-26T23:59:59+00:00,"filing date, end of day",95605000.0,78539000.0,17066000.0,same-quarter mean,measured,8,2544,12201875.0,4864125.0,0.06193260673041419,,,results/complex-quarterly/IRM/2018-03-31
META,,,PaymentsToAcquirePropertyPlantAndEquipment,,hyperscaler,2018-03-31,Q1,2018-04-26T23:59:59+00:00,"filing date, end of day",2812000000.0,1271000000.0,1541000000.0,same-quarter mean,measured,5,1463,163600000.0,1377400000.0,1.0837136113296617,,,results/complex-quarterly/META/2018-03-31
MSFT,,,PaymentsToAcquirePropertyPlantAndEquipment,,hyperscaler,2018-03-31,Q1,2018-04-26T23:59:59+00:00,"filing date, end of day",2934000000.0,2586000000.0,348000000.0,same-quarter mean,measured,9,2562,-45333333.333333336,393333333.3333333,0.15210105697344675,,,results/complex-quarterly/MSFT/2018-03-31
FSLR,,,PaymentsToAcquirePropertyPlantAndEquipment,,fuel_and_nuclear,2018-03-31,Q1,2018-04-27T23:59:59+00:00,"filing date, end of day",177725000.0,112993000.0,64732000.0,same-quarter mean,measured,8,2563,3323625.0,61408375.0,0.5434706132238281,,,results/complex-quarterly/FSLR/2018-03-31
WY,,,PaymentsToAcquirePropertyPlantAndEquipment,,data_center_reit,2018-03-31,Q1,2018-04-27T23:59:59+00:00,"filing date, end of day",61000000.0,52000000.0,9000000.0,same-quarter mean,measured,8,2548,-500000.0,9500000.0,0.18269230769230768,,,results/complex-quarterly/WY/2018-03-31
MTZ,,,PaymentsToAcquireProductiveAssets,,buildout,2018-03-31,Q1,2018-04-30T23:59:59+00:00,"filing date, end of day",22545000.0,28901000.0,-6356000.0,same-quarter mean,measured,5,1463,2960800.0,-9316800.0,-0.32236946818449186,,,results/complex-quarterly/MTZ/2018-03-31
EIX,,,PaymentsToAcquirePropertyPlantAndEquipment,,power,2018-03-31,Q1,2018-05-01T23:59:59+00:00,"filing date, end of day",1137000000.0,939000000.0,198000000.0,same-quarter mean,measured,8,2551,19250000.0,178750000.0,0.19036208732694357,,,results/complex-quarterly/EIX/2018-03-31
ETN,,,PaymentsToAcquirePropertyPlantAndEquipment,,buildout,2018-03-31,Q1,2018-05-01T23:59:59+00:00,"filing date, end of day",131000000.0,116000000.0,15000000.0,same-quarter mean,measured,5,1460,2200000.0,12800000.0,0.1103448275862069,,,results/complex-quarterly/ETN/2018-03-31
AMT,,,PaymentsToAcquireProductiveAssets,,data_center_reit,2018-03-31,Q1,2018-05-02T23:59:59+00:00,"filing date, end of day",198500000.0,168138000.0,30362000.0,same-quarter mean,measured,8,2548,14813875.0,15548125.0,0.09247240362083527,,,results/complex-quarterly/AMT/2018-03-31
EXC,,,PaymentsToAcquirePropertyPlantAndEquipment,,power,2018-03-31,Q1,2018-05-02T23:59:59+00:00,"filing date, end of day",1880000000.0,2114000000.0,-234000000.0,same-quarter mean,measured,8,2198,175250000.0,-409250000.0,-0.19359035004730368,,,results/complex-quarterly/EXC/2018-03-31
SO,,,PaymentsToAcquirePropertyPlantAndEquipment,,power,2018-03-31,Q1,2018-05-02T23:59:59+00:00,"filing date, end of day",1781000000.0,1488000000.0,293000000.0,same-quarter mean,measured,8,2553,43973500.0,249026500.0,0.16735651881720431,,,results/complex-quarterly/SO/2018-03-31
AMD,,,PaymentsToAcquirePropertyPlantAndEquipment,,compute_and_ai,2018-03-31,Q1,2018-05-03T23:59:59+00:00,"filing date, end of day",46000000.0,23000000.0,23000000.0,same-quarter mean,measured,5,1450,-2400000.0,25400000.0,1.1043478260869566,,,results/complex-quarterly/AMD/2018-03-31
NRG,,,PaymentsToAcquirePropertyPlantAndEquipment,,power,2018-03-31,Q1,2018-05-03T23:59:59+00:00,"filing date, end of day",358000000.0,268000000.0,90000000.0,same-quarter mean,measured,8,2549,4375000.0,85625000.0,0.31949626865671643,,,results/complex-quarterly/NRG/2018-03-31
PCG,,,PaymentsToAcquirePropertyPlantAndEquipment,,power,2018-03-31,Q1,2018-05-03T23:59:59+00:00,"filing date, end of day",1470000000.0,1216000000.0,254000000.0,same-quarter mean,measured,8,2190,17125000.0,236875000.0,0.19479851973684212,,,results/complex-quarterly/PCG/2018-03-31
PPL,,,PaymentsToAcquirePropertyPlantAndEquipment,,power,2018-03-31,Q1,2018-05-03T23:59:59+00:00,"filing date, end of day",750000000.0,677000000.0,73000000.0,same-quarter mean,measured,8,2555,50875000.0,22125000.0,0.03268094534711965,,,results/complex-quarterly/PPL/2018-03-31
BWXT,,,PaymentsToAcquirePropertyPlantAndEquipment,,fuel_and_nuclear,2018-03-31,Q1,2018-05-04T23:59:59+00:00,"filing date, end of day",17634000.0,13713000.0,3921000.0,same-quarter mean,measured,6,1818,-1173333.3333333333,5094333.333333333,0.3714966333649335,,,results/complex-quarterly/BWXT/2018-03-31
CCI,,,PaymentsToAcquireProductiveAssets,,data_center_reit,2018-03-31,Q1,2018-05-04T23:59:59+00:00,"filing date, end of day",370000000.0,262415000.0,107585000.0,same-quarter mean,measured,8,2551,-2401500.0,109986500.0,0.41913190938018025,,,results/complex-quarterly/CCI/2018-03-31
D,,,PaymentsToAcquirePropertyPlantAndEquipment,,power,2018-03-31,Q1,2018-05-04T23:59:59+00:00,"filing date, end of day",1103000000.0,1435000000.0,-332000000.0,same-quarter mean,measured,8,2562,79875000.0,-411875000.0,-0.28702090592334495,,,results/complex-quarterly/D/2018-03-31
EQIX,,,PaymentsToAcquirePropertyPlantAndEquipment,,data_center_reit,2018-03-31,Q1,2018-05-04T23:59:59+00:00,"filing date, end of day",349729000.0,320234000.0,29495000.0,same-quarter mean,measured,5,1834,-87325000.0,116820000.0,0.36479574311284874,,,results/complex-quarterly/EQIX/2018-03-31
VST,,,PaymentsToAcquirePropertyPlantAndEquipment,,power,2017-03-31,Q1,2018-05-04T23:59:59+00:00,"filing date, end of day",31000000.0,48000000.0,-17000000.0,,missing,0,,,,,,,results/complex-quarterly/VST/2017-03-31
VST,,,PaymentsToAcquirePropertyPlantAndEquipment,,power,2018-03-31,Q1,2018-05-04T23:59:59+00:00,"filing date, end of day",39000000.0,31000000.0,8000000.0,,missing,0,,,,,,,results/complex-quarterly/VST/2018-03-31
SBAC,,,PaymentsToAcquirePropertyPlantAndEquipment,,data_center_reit,2018-03-31,Q1,2018-05-07T23:59:59+00:00,"filing date, end of day",31096000.0,115955000.0,-84859000.0,same-quarter mean,measured,7,2194,-39520142.85714286,-45338857.14285714,-0.3910038992959091,,,results/complex-quarterly/SBAC/2018-03-31
SRE,,,PaymentsToAcquirePropertyPlantAndEquipment,,power,2018-03-31,Q1,2018-05-07T23:59:59+00:00,"filing date, end of day",1035000000.0,992000000.0,43000000.0,same-quarter mean,measured,3,370,63666666.666666664,-20666666.666666664,-0.020833333333333332,,,results/complex-quarterly/SRE/2018-03-31
NVT,,,PaymentsToAcquirePropertyPlantAndEquipment,,buildout,2018-03-31,Q1,2018-05-08T23:59:59+00:00,"filing date, end of day",5400000.0,11300000.0,-5900000.0,,missing,0,,,,,,,results/complex-quarterly/NVT/2018-03-31
PRIM,,,PaymentsToAcquirePropertyPlantAndEquipment,,buildout,2018-03-31,Q1,2018-05-08T23:59:59+00:00,"filing date, end of day",19125000.0,19222000.0,-97000.0,same-quarter mean,measured,6,1825,2523666.6666666665,-2620666.6666666665,-0.13633683626400303,,,results/complex-quarterly/PRIM/2018-03-31
STRL,,,PaymentsToAcquirePropertyPlantAndEquipment,,buildout,2018-03-31,Q1,2018-05-08T23:59:59+00:00,"filing date, end of day",1897000.0,1825000.0,72000.0,same-quarter mean,measured,6,1820,-1101333.3333333333,1173333.3333333333,0.6429223744292237,,,results/complex-quarterly/STRL/2018-03-31
PWR,,,PaymentsToAcquirePropertyPlantAndEquipment,,buildout,2018-03-31,Q1,2018-05-09T23:59:59+00:00,"filing date, end of day",66807000.0,62997000.0,3810000.0,same-quarter mean,measured,9,2556,-59111.11111111111,3869111.111111111,0.06141738671859154,,,results/complex-quarterly/PWR/2018-03-31
DUK,,,PaymentsToAcquirePropertyPlantAndEquipment,,power,2018-03-31,Q1,2018-05-10T23:59:59+00:00,"filing date, end of day",2087000000.0,2160000000.0,-73000000.0,same-quarter mean,measured,7,2192,140142857.14285713,-213142857.14285713,-0.09867724867724867,,,results/complex-quarterly/DUK/2018-03-31
LEU,,,PaymentsToAcquirePropertyPlantAndEquipment,,fuel_and_nuclear,2018-03-31,Q1,2018-05-10T23:59:59+00:00,"filing date, end of day",100000.0,2900000.0,-2800000.0,,missing,0,,,,,,,results/complex-quarterly/LEU/2018-03-31
PLUG,,,PaymentsToAcquirePropertyPlantAndEquipment,,fuel_and_nuclear,2018-03-31,Q1,2018-05-10T23:59:59+00:00,"filing date, end of day",1026000.0,303000.0,723000.0,same-quarter mean,measured,4,1455,-165968.75,888968.75,2.933890264026403,,,results/complex-quarterly/PLUG/2018-03-31
WULF,,,PaymentsToAcquirePropertyPlantAndEquipment,,compute_and_ai,2018-03-31,Q1,2018-05-14T23:59:59+00:00,"filing date, end of day",49004.0,60417.0,-11413.0,same-quarter mean,measured,6,1822,-1054.3333333333333,-10358.666666666666,-0.17145284715670533,,,results/complex-quarterly/WULF/2018-03-31
NVDA,,,PaymentsToAcquirePropertyPlantAndEquipment,,compute_and_ai,2018-04-29,Q2,2018-05-22T23:59:59+00:00,"filing date, end of day",118000000.0,54000000.0,64000000.0,same-quarter mean,measured,6,1826,3800833.3333333335,60199166.666666664,1.1147993827160494,,,results/complex-quarterly/NVDA/2018-04-29
DY,,,PaymentsToAcquirePropertyPlantAndEquipment,,buildout,2017-04-29,Q2,2018-05-24T23:59:59+00:00,"filing date, end of day",58312000.0,40080000.0,18232000.0,,missing,0,,,,,,,results/complex-quarterly/DY/2017-04-29
DY,,,PaymentsToAcquirePropertyPlantAndEquipment,,buildout,2018-04-28,Q2,2018-05-24T23:59:59+00:00,"filing date, end of day",34497000.0,56023000.0,-21526000.0,,missing,0,,,,,,,results/complex-quarterly/DY/2018-04-28
AGX,,,PaymentsToAcquirePropertyPlantAndEquipment,,buildout,2018-04-30,Q2,2018-06-11T23:59:59+00:00,"filing date, end of day",3691000.0,1863000.0,1828000.0,same-quarter mean,measured,6,1821,235333.33333333334,1592666.6666666667,0.8548935408838791,,,results/complex-quarterly/AGX/2018-04-30
IRM,,,PaymentsToAcquirePropertyPlantAndEquipment,,data_center_reit,2018-06-30,Q2,2018-07-27T23:59:59+00:00,"filing date, end of day",121996000.0,95605000.0,26391000.0,same-quarter mean,measured,9,2549,-11532000.0,37923000.0,0.39666335442706974,,,results/complex-quarterly/IRM/2018-06-30
SBAC,,,PaymentsToAcquireProductiveAssets,,data_center_reit,2018-06-30,Q2,2018-08-06T23:59:59+00:00,"filing date, end of day",205904000.0,31096000.0,174808000.0,same-quarter mean,measured,5,1095,87547600.0,87260400.0,2.80616156418832,,,results/complex-quarterly/SBAC/2018-06-30
PWR,,,PaymentsToAcquirePropertyPlantAndEquipment,,buildout,2018-06-30,Q2,2018-08-07T23:59:59+00:00,"filing date, end of day",81784000.0,66807000.0,14977000.0,same-quarter mean,measured,9,2920,8225444.444444444,6751555.555555556,0.10106060076871519,,,results/complex-quarterly/PWR/2018-06-30
EQIX,,,PaymentsToAcquirePropertyPlantAndEquipment,,data_center_reit,2018-06-30,Q2,2018-08-08T23:59:59+00:00,"filing date, end of day",520239000.0,349729000.0,170510000.0,same-quarter mean,measured,2,0,61748500.0,108761500.0,0.3109879363735921,,,results/complex-quarterly/EQIX/2018-06-30
ORCL,,,PaymentsToAcquirePropertyPlantAndEquipment,,hyperscaler,2018-08-31,Q3,2018-09-19T23:59:59+00:00,"filing date, end of day",383000000.0,473000000.0,-90000000.0,same-quarter mean,measured,7,2187,50714285.71428572,-140714285.71428573,-0.2974932044699487,,,results/complex-quarterly/ORCL/2018-08-31
MSFT,,,PaymentsToAcquirePropertyPlantAndEquipment,,hyperscaler,2018-09-30,Q3,2018-10-24T23:59:59+00:00,"filing date, end of day",3602000000.0,2934000000.0,668000000.0,same-quarter mean,measured,9,2925,26555555.555555556,641444444.4444444,0.218624555025373,,,results/complex-quarterly/MSFT/2018-09-30
IRM,,,PaymentsToAcquirePropertyPlantAndEquipment,,data_center_reit,2018-09-30,Q3,2018-10-25T23:59:59+00:00,"filing date, end of day",112352000.0,121996000.0,-9644000.0,same-quarter mean,measured,9,2544,1421222.2222222222,-11065222.222222222,-0.0907015166253174,,,results/complex-quarterly/IRM/2018-09-30
AMZN,,,PaymentsToAcquireProductiveAssets,,hyperscaler,2017-09-30,Q3,2018-10-26T23:59:59+00:00,"filing date, end of day",3074000000.0,1861000000.0,1213000000.0,,missing,0,,,,,,,results/complex-quarterly/AMZN/2017-09-30
AMZN,,,PaymentsToAcquireProductiveAssets,,hyperscaler,2018-09-30,Q3,2018-10-26T23:59:59+00:00,"filing date, end of day",3352000000.0,3243000000.0,109000000.0,,missing,0,,,,,,,results/complex-quarterly/AMZN/2018-09-30
EQIX,,,PaymentsToAcquirePropertyPlantAndEquipment,,data_center_reit,2018-09-30,Q3,2018-11-02T23:59:59+00:00,"filing date, end of day",545541000.0,520239000.0,25302000.0,same-quarter mean,measured,3,364,-1341333.3333333333,26643333.333333332,0.05121364090991512,,,results/complex-quarterly/EQIX/2018-09-30
PWR,,,PaymentsToAcquirePropertyPlantAndEquipment,,buildout,2018-09-30,Q3,2018-11-07T23:59:59+00:00,"filing date, end of day",74144000.0,81784000.0,-7640000.0,same-quarter mean,measured,10,2922,-7048300.0,-591700.0,-0.007234911474126969,,,results/complex-quarterly/PWR/2018-09-30
SBAC,,,PaymentsToAcquireProductiveAssets,,data_center_reit,2018-09-30,Q3,2018-11-08T23:59:59+00:00,"filing date, end of day",155061000.0,205904000.0,-50843000.0,same-quarter mean,measured,5,1096,-11460600.0,-39382400.0,-0.19126583262102728,,,results/complex-quarterly/SBAC/2018-09-30
MU,,,PaymentsToAcquirePropertyPlantAndEquipment,,compute_and_ai,2018-11-29,Q4,2018-12-19T23:59:59+00:00,"filing date, end of day",2700000000.0,1956000000.0,744000000.0,same-quarter mean,measured,9,2899,187333333.33333334,556666666.6666666,0.2845944103612815,,,results/complex-quarterly/MU/2018-11-29
AAPL,,,PaymentsToAcquirePropertyPlantAndEquipment,,hyperscaler,2018-12-29,Q4,2019-01-30T23:59:59+00:00,"filing date, end of day",3355000000.0,2810000000.0,545000000.0,same-quarter mean,measured,5,1101,98600000.0,446400000.0,0.1588612099644128,,,results/complex-quarterly/AAPL/2018-12-29
MSFT,,,PaymentsToAcquirePropertyPlantAndEquipment,,hyperscaler,2018-12-31,Q4,2019-01-30T23:59:59+00:00,"filing date, end of day",3707000000.0,3602000000.0,105000000.0,same-quarter mean,measured,10,2925,197700000.0,-92700000.0,-0.025735702387562464,,,results/complex-quarterly/MSFT/2018-12-31
ROK,,,PaymentsToAcquirePropertyPlantAndEquipment,,buildout,2018-12-31,Q4,2019-01-31T23:59:59+00:00,"filing date, end of day",42000000.0,34100000.0,7900000.0,same-quarter mean,measured,9,2914,744444.4444444445,7155555.555555556,0.20984033887259695,,,results/complex-quarterly/ROK/2018-12-31
J,,,PaymentsToAcquirePropertyPlantAndEquipment,,buildout,2018-12-28,Q4,2019-02-06T23:59:59+00:00,"filing date, end of day",20721000.0,22450000.0,-1729000.0,same-quarter mean,measured,7,2569,4642428.571428572,-6371428.571428572,-0.2838052815781101,,,results/complex-quarterly/J/2018-12-28
AVGO,,,PaymentsToAcquirePropertyPlantAndEquipment,,compute_and_ai,2019-02-03,Q1,2019-03-15T23:59:59+00:00,"filing date, end of day",99000000.0,220000000.0,-121000000.0,,missing,0,,,,,,,results/complex-quarterly/AVGO/2019-02-03
MSFT,,,PaymentsToAcquirePropertyPlantAndEquipment,,hyperscaler,2019-03-31,Q1,2019-04-24T23:59:59+00:00,"filing date, end of day",2565000000.0,3707000000.0,-1142000000.0,same-quarter mean,measured,10,2926,-6000000.0,-1136000000.0,-0.30644726193687616,,,results/complex-quarterly/MSFT/2019-03-31
FIX,,,PaymentsToAcquirePropertyPlantAndEquipment,,buildout,2019-03-31,Q1,2019-04-25T23:59:59+00:00,"filing date, end of day",8844000.0,5588000.0,3256000.0,same-quarter mean,measured,8,2185,-572875.0,3828875.0,0.685195955619184,,,results/complex-quarterly/FIX/2019-03-31
IRM,,,PaymentsToAcquirePropertyPlantAndEquipment,,data_center_reit,2019-03-31,Q1,2019-04-25T23:59:59+00:00,"filing date, end of day",184765000.0,112352000.0,72413000.0,same-quarter mean,measured,9,2908,12742333.333333334,59670666.666666664,0.5311046235640368,,,results/complex-quarterly/IRM/2019-03-31
META,,,PaymentsToAcquirePropertyPlantAndEquipment,,hyperscaler,2019-03-31,Q1,2019-04-25T23:59:59+00:00,"filing date, end of day",3837000000.0,2812000000.0,1025000000.0,same-quarter mean,measured,6,1820,393166666.6666667,631833333.3333333,0.22469179706021808,,,results/complex-quarterly/META/2019-03-31
NVT,,,PaymentsToAcquirePropertyPlantAndEquipment,,buildout,2019-03-31,Q1,2019-04-25T23:59:59+00:00,"filing date, end of day",9200000.0,5400000.0,3800000.0,prior same-quarter,measured,1,0,-5900000.0,9700000.0,1.7962962962962963,,,results/complex-quarterly/NVT/2019-03-31
AMZN,,,PaymentsToAcquireProductiveAssets,,hyperscaler,2018-03-31,Q1,2019-04-26T23:59:59+00:00,"filing date, end of day",3098000000.0,3074000000.0,24000000.0,,missing,0,,,,,,,results/complex-quarterly/AMZN/2018-03-31
AMZN,,,PaymentsToAcquireProductiveAssets,,hyperscaler,2019-03-31,Q1,2019-04-26T23:59:59+00:00,"filing date, end of day",3290000000.0,3352000000.0,-62000000.0,,missing,0,,,,,,,results/complex-quarterly/AMZN/2019-03-31
WY,,,PaymentsToAcquirePropertyPlantAndEquipment,,data_center_reit,2019-03-31,Q1,2019-04-26T23:59:59+00:00,"filing date, end of day",41000000.0,61000000.0,-20000000.0,same-quarter mean,measured,9,2912,555555.5555555555,-20555555.555555556,-0.33697632058287796,,,results/complex-quarterly/WY/2019-03-31
EIX,,,PaymentsToAcquirePropertyPlantAndEquipment,,power,2019-03-31,Q1,2019-04-30T23:59:59+00:00,"filing date, end of day",1074000000.0,1137000000.0,-63000000.0,same-quarter mean,measured,9,2916,39111111.11111111,-102111111.1111111,-0.0898074855858497,,,results/complex-quarterly/EIX/2019-03-31
EME,,,PaymentsToAcquireProductiveAssets,,buildout,2019-03-31,Q1,2019-04-30T23:59:59+00:00,"filing date, end of day",13113000.0,6588000.0,6525000.0,same-quarter mean,measured,8,2555,387375.0,6137625.0,0.9316370673952641,,,results/complex-quarterly/EME/2019-03-31
ETN,,,PaymentsToAcquirePropertyPlantAndEquipment,,buildout,2019-03-31,Q1,2019-04-30T23:59:59+00:00,"filing date, end of day",149000000.0,131000000.0,18000000.0,same-quarter mean,measured,6,1824,4333333.333333333,13666666.666666668,0.10432569974554708,,,results/complex-quarterly/ETN/2019-03-31
AMD,,,PaymentsToAcquirePropertyPlantAndEquipment,,compute_and_ai,2019-03-30,Q1,2019-05-01T23:59:59+00:00,"filing date, end of day",62000000.0,46000000.0,16000000.0,same-quarter mean,measured,6,2185,1833333.3333333333,14166666.666666666,0.3079710144927536,,,results/complex-quarterly/AMD/2019-03-30
BWXT,,,PaymentsToAcquirePropertyPlantAndEquipment,,fuel_and_nuclear,2019-03-31,Q1,2019-05-01T23:59:59+00:00,"filing date, end of day",44519000.0,17634000.0,26885000.0,same-quarter mean,measured,7,2186,-445571.4285714286,27330571.42857143,1.5498792916281858,,,results/complex-quarterly/BWXT/2019-03-31
SO,,,PaymentsToAcquirePropertyPlantAndEquipment,,power,2019-03-31,Q1,2019-05-01T23:59:59+00:00,"filing date, end of day",1678000000.0,1781000000.0,-103000000.0,same-quarter mean,measured,9,2917,71643111.1111111,-174643111.1111111,-0.09805901802982095,,,results/complex-quarterly/SO/2019-03-31
EXC,,,PaymentsToAcquirePropertyPlantAndEquipment,,power,2019-03-31,Q1,2019-05-02T23:59:59+00:00,"filing date, end of day",1873000000.0,1690000000.0,183000000.0,same-quarter mean,measured,9,2562,129777777.77777778,53222222.222222224,0.031492439184746875,,,results/complex-quarterly/EXC/2019-03-31
MTZ,,,PaymentsToAcquireProductiveAssets,,buildout,2019-03-31,Q1,2019-05-02T23:59:59+00:00,"filing date, end of day",34396000.0,22545000.0,11851000.0,same-quarter mean,measured,6,1824,1408000.0,10443000.0,0.46320691949434467,,,results/complex-quarterly/MTZ/2019-03-31
NRG,,,PaymentsToAcquirePropertyPlantAndEquipment,,power,2019-03-31,Q1,2019-05-02T23:59:59+00:00,"filing date, end of day",49000000.0,358000000.0,-309000000.0,same-quarter mean,measured,9,2915,13888888.888888888,-322888888.8888889,-0.9019242706393544,,,results/complex-quarterly/NRG/2019-03-31
PCG,,,PaymentsToAcquirePropertyPlantAndEquipment,,power,2019-03-31,Q1,2019-05-02T23:59:59+00:00,"filing date, end of day",1224000000.0,1470000000.0,-246000000.0,same-quarter mean,measured,9,2556,43444444.44444445,-289444444.4444444,-0.1969009826152683,,,results/complex-quarterly/PCG/2019-03-31
PPL,,,PaymentsToAcquirePropertyPlantAndEquipment,,power,2019-03-31,Q1,2019-05-02T23:59:59+00:00,"filing date, end of day",729000000.0,750000000.0,-21000000.0,same-quarter mean,measured,9,2919,53333333.333333336,-74333333.33333334,-0.09911111111111112,,,results/complex-quarterly/PPL/2019-03-31
AMT,,,PaymentsToAcquireProductiveAssets,,data_center_reit,2019-03-31,Q1,2019-05-03T23:59:59+00:00,"filing date, end of day",220800000.0,198500000.0,22300000.0,same-quarter mean,measured,9,2918,16541444.444444444,5758555.555555556,0.029010355443604818,,,results/complex-quarterly/AMT/2019-03-31
CCI,,,PaymentsToAcquireProductiveAssets,,data_center_reit,2019-03-31,Q1,2019-05-03T23:59:59+00:00,"filing date, end of day",480000000.0,370000000.0,110000000.0,same-quarter mean,measured,9,2916,9819222.222222222,100180777.77777778,0.27075885885885886,,,results/complex-quarterly/CCI/2019-03-31
D,,,PaymentsToAcquirePropertyPlantAndEquipment,,power,2019-03-31,Q1,2019-05-03T23:59:59+00:00,"filing date, end of day",1002000000.0,1103000000.0,-101000000.0,same-quarter mean,measured,9,2927,34111111.11111111,-135111111.1111111,-0.1224942077163292,,,results/complex-quarterly/D/2019-03-31
EQIX,,,PaymentsToAcquireProductiveAssets,,data_center_reit,2019-03-31,Q1,2019-05-03T23:59:59+00:00,"filing date, end of day",363967000.0,545541000.0,-181574000.0,prior same-quarter,measured,1,0,42646000.0,-224220000.0,-0.4110048557303667,,,results/complex-quarterly/EQIX/2019-03-31
FSLR,,,PaymentsToAcquirePropertyPlantAndEquipment,,fuel_and_nuclear,2019-03-31,Q1,2019-05-03T23:59:59+00:00,"filing date, end of day",149168000.0,177725000.0,-28557000.0,same-quarter mean,measured,9,2920,10146777.777777778,-38703777.777777776,-0.21777340147856394,,,results/complex-quarterly/FSLR/2019-03-31
VST,,,PaymentsToAcquirePropertyPlantAndEquipment,,power,2019-03-31,Q1,2019-05-03T23:59:59+00:00,"filing date, end of day",118000000.0,39000000.0,79000000.0,same-quarter mean,measured,2,0,-4500000.0,83500000.0,2.141025641025641,,,results/complex-quarterly/VST/2019-03-31
PWR,,,PaymentsToAcquirePropertyPlantAndEquipment,,buildout,2019-03-31,Q1,2019-05-06T23:59:59+00:00,"filing date, end of day",68626000.0,74144000.0,-5518000.0,same-quarter mean,measured,10,2921,327800.0,-5845800.0,-0.07884387138541217,,,results/complex-quarterly/PWR/2019-03-31
PRIM,,,PaymentsToAcquirePropertyPlantAndEquipment,,buildout,2019-03-31,Q1,2019-05-07T23:59:59+00:00,"filing date, end of day",14377000.0,19125000.0,-4748000.0,same-quarter mean,measured,7,2190,2149285.714285714,-6897285.714285715,-0.3606423902894491,,,results/complex-quarterly/PRIM/2019-03-31
SRE,,,PaymentsToAcquirePropertyPlantAndEquipment,,power,2019-03-31,Q1,2019-05-07T23:59:59+00:00,"filing date, end of day",783000000.0,1035000000.0,-252000000.0,same-quarter mean,measured,4,733,58500000.0,-310500000.0,-0.3,,,results/complex-quarterly/SRE/2019-03-31
STRL,,,PaymentsToAcquirePropertyPlantAndEquipment,,buildout,2019-03-31,Q1,2019-05-07T23:59:59+00:00,"filing date, end of day",3814000.0,1897000.0,1917000.0,same-quarter mean,measured,7,2190,-933714.2857142857,2850714.2857142854,1.5027487009563971,,,results/complex-quarterly/STRL/2019-03-31
PLUG,,,PaymentsToAcquirePropertyPlantAndEquipment,,fuel_and_nuclear,2019-03-31,Q1,2019-05-08T23:59:59+00:00,"filing date, end of day",1468000.0,1026000.0,442000.0,same-quarter mean,measured,5,1821,11825.0,430175.0,0.4192738791423002,,,results/complex-quarterly/PLUG/2019-03-31
DUK,,,PaymentsToAcquirePropertyPlantAndEquipment,,power,2019-03-31,Q1,2019-05-09T23:59:59+00:00,"filing date, end of day",2536000000.0,2087000000.0,449000000.0,same-quarter mean,measured,8,2558,113500000.0,335500000.0,0.16075706756109248,,,results/complex-quarterly/DUK/2019-03-31
SBAC,,,PaymentsToAcquirePropertyPlantAndEquipment,,data_center_reit,2019-03-31,Q1,2019-05-09T23:59:59+00:00,"filing date, end of day",36374000.0,155061000.0,-118687000.0,same-quarter mean,measured,8,2558,-45187500.0,-73499500.0,-0.4740037791578798,,,results/complex-quarterly/SBAC/2019-03-31
WULF,,,PaymentsToAcquirePropertyPlantAndEquipment,,compute_and_ai,2019-03-31,Q1,2019-05-13T23:59:59+00:00,"filing date, end of day",117075.0,49004.0,68071.0,same-quarter mean,measured,7,2191,-2534.1428571428573,70605.14285714286,1.4408036661730237,,,results/complex-quarterly/WULF/2019-03-31
NVDA,,,PaymentsToAcquirePropertyPlantAndEquipment,,compute_and_ai,2019-04-28,Q2,2019-05-16T23:59:59+00:00,"filing date, end of day",128000000.0,118000000.0,10000000.0,same-quarter mean,measured,7,2190,12400714.285714285,-2400714.2857142854,-0.02034503631961259,,,results/complex-quarterly/NVDA/2019-04-28
DY,,,PaymentsToAcquirePropertyPlantAndEquipment,,buildout,2019-04-27,Q2,2019-05-23T23:59:59+00:00,"filing date, end of day",45768000.0,34497000.0,11271000.0,same-quarter mean,measured,2,0,-1647000.0,12918000.0,0.37446734498652057,,,results/complex-quarterly/DY/2019-04-27
AGX,,,PaymentsToAcquirePropertyPlantAndEquipment,,buildout,2019-04-30,Q2,2019-06-10T23:59:59+00:00,"filing date, end of day",1985000.0,3691000.0,-1706000.0,same-quarter mean,measured,7,2190,462857.14285714284,-2168857.1428571427,-0.5876069203080853,,,results/complex-quarterly/AGX/2019-04-30
AMZN,,,PaymentsToAcquireProductiveAssets,,hyperscaler,2018-06-30,Q2,2019-07-26T23:59:59+00:00,"filing date, end of day",3243000000.0,3098000000.0,145000000.0,,missing,0,,,,,,,results/complex-quarterly/AMZN/2018-06-30
AMZN,,,PaymentsToAcquireProductiveAssets,,hyperscaler,2019-06-30,Q2,2019-07-26T23:59:59+00:00,"filing date, end of day",3562000000.0,3290000000.0,272000000.0,,missing,0,,,,,,,results/complex-quarterly/AMZN/2019-06-30
EXC,,,PaymentsToAcquirePropertyPlantAndEquipment,,power,2018-06-30,Q2,2019-08-01T23:59:59+00:00,"filing date, end of day",1927000000.0,1880000000.0,47000000.0,,missing,0,,,,,,,results/complex-quarterly/EXC/2018-06-30
EXC,,,PaymentsToAcquirePropertyPlantAndEquipment,,power,2019-06-30,Q2,2019-08-01T23:59:59+00:00,"filing date, end of day",1702000000.0,1873000000.0,-171000000.0,,missing,0,,,,,,,results/complex-quarterly/EXC/2019-06-30
IRM,,,PaymentsToAcquirePropertyPlantAndEquipment,,data_center_reit,2019-06-30,Q2,2019-08-01T23:59:59+00:00,"filing date, end of day",182366000.0,184765000.0,-2399000.0,same-quarter mean,measured,10,2913,-7739700.0,5340700.0,0.028905366276080428,,,results/complex-quarterly/IRM/2019-06-30
EQIX,,,PaymentsToAcquireProductiveAssets,,data_center_reit,2019-06-30,Q2,2019-08-02T23:59:59+00:00,"filing date, end of day",444171000.0,363967000.0,80204000.0,same-quarter mean,measured,4,735,44438000.0,35766000.0,0.09826715059332303,,,results/complex-quarterly/EQIX/2019-06-30
PWR,,,PaymentsToAcquirePropertyPlantAndEquipment,,buildout,2019-06-30,Q2,2019-08-02T23:59:59+00:00,"filing date, end of day",72775000.0,68626000.0,4149000.0,same-quarter mean,measured,10,3284,8900600.0,-4751600.0,-0.06923906391163699,,,results/complex-quarterly/PWR/2019-06-30
SBAC,,,PaymentsToAcquireProductiveAssets,,data_center_reit,2019-06-30,Q2,2019-08-06T23:59:59+00:00,"filing date, end of day",133118000.0,36374000.0,96744000.0,same-quarter mean,measured,6,1462,102091000.0,-5347000.0,-0.14700060482762412,,,results/complex-quarterly/SBAC/2019-06-30
ORCL,,,PaymentsToAcquirePropertyPlantAndEquipment,,hyperscaler,2019-08-31,Q3,2019-09-13T23:59:59+00:00,"filing date, end of day",386000000.0,383000000.0,3000000.0,same-quarter mean,measured,8,2553,33125000.0,-30125000.0,-0.07865535248041776,,,results/complex-quarterly/ORCL/2019-08-31
MSFT,,,PaymentsToAcquirePropertyPlantAndEquipment,,hyperscaler,2019-09-30,Q3,2019-10-23T23:59:59+00:00,"filing date, end of day",3385000000.0,2565000000.0,820000000.0,same-quarter mean,measured,10,3288,90700000.0,729300000.0,0.284327485380117,,,results/complex-quarterly/MSFT/2019-09-30
AMZN,,,PaymentsToAcquireProductiveAssets,,hyperscaler,2019-09-30,Q3,2019-10-25T23:59:59+00:00,"filing date, end of day",4697000000.0,3562000000.0,1135000000.0,same-quarter mean,measured,2,0,661000000.0,474000000.0,0.13307130825379002,,,results/complex-quarterly/AMZN/2019-09-30
EXC,,,PaymentsToAcquirePropertyPlantAndEquipment,,power,2018-09-30,Q3,2019-10-31T23:59:59+00:00,"filing date, end of day",1690000000.0,1927000000.0,-237000000.0,,missing,0,,,,,,,results/complex-quarterly/EXC/2018-09-30
EXC,,,PaymentsToAcquirePropertyPlantAndEquipment,,power,2019-09-30,Q3,2019-10-31T23:59:59+00:00,"filing date, end of day",1687000000.0,1702000000.0,-15000000.0,,missing,0,,,,,,,results/complex-quarterly/EXC/2019-09-30
IRM,,,PaymentsToAcquirePropertyPlantAndEquipment,,data_center_reit,2019-09-30,Q3,2019-10-31T23:59:59+00:00,"filing date, end of day",166483000.0,182366000.0,-15883000.0,same-quarter mean,measured,10,2908,314700.0,-16197700.0,-0.08881973613502517,,,results/complex-quarterly/IRM/2019-09-30
EQIX,,,PaymentsToAcquireProductiveAssets,,data_center_reit,2019-09-30,Q3,2019-11-01T23:59:59+00:00,"filing date, end of day",556822000.0,444171000.0,112651000.0,same-quarter mean,measured,3,360,134012333.33333333,-21361333.33333333,-0.04809258896536093,,,results/complex-quarterly/EQIX/2019-09-30
PWR,,,PaymentsToAcquirePropertyPlantAndEquipment,,buildout,2019-09-30,Q3,2019-11-01T23:59:59+00:00,"filing date, end of day",66244000.0,72775000.0,-6531000.0,same-quarter mean,measured,11,3285,-7102090.909090909,571090.9090909092,0.007847350176446707,,,results/complex-quarterly/PWR/2019-09-30
SBAC,,,PaymentsToAcquireProductiveAssets,,data_center_reit,2019-09-30,Q3,2019-11-07T23:59:59+00:00,"filing date, end of day",171144000.0,133118000.0,38026000.0,same-quarter mean,measured,6,1462,-18024333.333333332,56050333.33333333,0.42105750787521845,,,results/complex-quarterly/SBAC/2019-09-30
SMCI,,,PaymentsToAcquirePropertyPlantAndEquipment,,compute_and_ai,2017-09-30,Q3,2019-12-19T23:59:59+00:00,"filing date, end of day",4956000.0,11646000.0,-6690000.0,same-quarter mean,measured,6,1827,732666.6666666666,-7422666.666666667,-0.6373576049001088,,,results/complex-quarterly/SMCI/2017-09-30
SMCI,,,PaymentsToAcquirePropertyPlantAndEquipment,,compute_and_ai,2018-09-30,Q3,2019-12-19T23:59:59+00:00,"filing date, end of day",3171000.0,4956000.0,-1785000.0,same-quarter mean,measured,6,1827,732666.6666666666,-2517666.6666666665,-0.5080037664783427,,,results/complex-quarterly/SMCI/2018-09-30
MU,,,PaymentsToAcquirePropertyPlantAndEquipment,,compute_and_ai,2019-11-28,Q4,2019-12-20T23:59:59+00:00,"filing date, end of day",1943000000.0,2700000000.0,-757000000.0,same-quarter mean,measured,10,3263,243000000.0,-1000000000.0,-0.37037037037037035,,,results/complex-quarterly/MU/2019-11-28
SMCI,,,PaymentsToAcquirePropertyPlantAndEquipment,,compute_and_ai,2019-09-30,Q3,2019-12-20T23:59:59+00:00,"filing date, end of day",13325000.0,3171000.0,10154000.0,same-quarter mean,measured,8,2964,-509875.0,10663875.0,3.362937559129612,,,results/complex-quarterly/SMCI/2019-09-30
AAPL,,,PaymentsToAcquirePropertyPlantAndEquipment,,hyperscaler,2019-12-28,Q4,2020-01-29T23:59:59+00:00,"filing date, end of day",2107000000.0,3355000000.0,-1248000000.0,same-quarter mean,measured,6,1463,173000000.0,-1421000000.0,-0.42354694485842026,,,results/complex-quarterly/AAPL/2019-12-28
MSFT,,,PaymentsToAcquirePropertyPlantAndEquipment,,hyperscaler,2019-12-31,Q4,2020-01-29T23:59:59+00:00,"filing date, end of day",3545000000.0,3385000000.0,160000000.0,same-quarter mean,measured,11,3289,189272727.27272728,-29272727.27272728,-0.008647777628575267,,,results/complex-quarterly/MSFT/2019-12-31
ROK,,,PaymentsToAcquirePropertyPlantAndEquipment,,buildout,2019-12-31,Q4,2020-01-29T23:59:59+00:00,"filing date, end of day",37000000.0,42000000.0,-5000000.0,same-quarter mean,measured,10,3279,1460000.0,-6460000.0,-0.1538095238095238,,,results/complex-quarterly/ROK/2019-12-31
J,,,PaymentsToAcquirePropertyPlantAndEquipment,,buildout,2019-12-27,Q4,2020-02-04T23:59:59+00:00,"filing date, end of day",22260000.0,20721000.0,1539000.0,same-quarter mean,measured,8,2933,3846000.0,-2307000.0,-0.11133632546691762,,,results/complex-quarterly/J/2019-12-27
AVGO,,,PaymentsToAcquirePropertyPlantAndEquipment,,compute_and_ai,2020-02-02,Q1,2020-03-13T23:59:59+00:00,"filing date, end of day",108000000.0,99000000.0,9000000.0,prior same-quarter,measured,1,0,-121000000.0,130000000.0,1.3131313131313131,,,results/complex-quarterly/AVGO/2020-02-02
FIX,,,PaymentsToAcquirePropertyPlantAndEquipment,,buildout,2020-03-31,Q1,2020-04-27T23:59:59+00:00,"filing date, end of day",7497000.0,8844000.0,-1347000.0,same-quarter mean,measured,9,2549,-147444.44444444444,-1199555.5555555555,-0.1356349565304789,,,results/complex-quarterly/FIX/2020-03-31
AMD,,,PaymentsToAcquirePropertyPlantAndEquipment,,compute_and_ai,2020-03-28,Q1,2020-04-29T23:59:59+00:00,"filing date, end of day",55000000.0,62000000.0,-7000000.0,same-quarter mean,measured,7,2548,3857142.8571428573,-10857142.857142858,-0.1751152073732719,,,results/complex-quarterly/AMD/2020-03-28
MSFT,,,PaymentsToAcquirePropertyPlantAndEquipment,,hyperscaler,2020-03-31,Q1,2020-04-29T23:59:59+00:00,"filing date, end of day",3767000000.0,3545000000.0,222000000.0,same-quarter mean,measured,11,3289,-109272727.27272727,331272727.27272725,0.09344787793306833,,,results/complex-quarterly/MSFT/2020-03-31
NVT,,,PaymentsToAcquirePropertyPlantAndEquipment,,buildout,2020-03-31,Q1,2020-04-29T23:59:59+00:00,"filing date, end of day",10200000.0,9200000.0,1000000.0,same-quarter mean,measured,2,352,-1050000.0,2050000.0,0.22282608695652173,,,results/complex-quarterly/NVT/2020-03-31
EIX,,,PaymentsToAcquirePropertyPlantAndEquipment,,power,2020-03-31,Q1,2020-04-30T23:59:59+00:00,"filing date, end of day",1268000000.0,1074000000.0,194000000.0,same-quarter mean,measured,10,3280,28900000.0,165100000.0,0.1537243947858473,,,results/complex-quarterly/EIX/2020-03-31
EME,,,PaymentsToAcquireProductiveAssets,,buildout,2020-03-31,Q1,2020-04-30T23:59:59+00:00,"filing date, end of day",12035000.0,13113000.0,-1078000.0,same-quarter mean,measured,9,2924,1069333.3333333333,-2147333.333333333,-0.16375606904090087,,,results/complex-quarterly/EME/2020-03-31
ETN,,,PaymentsToAcquirePropertyPlantAndEquipment,,buildout,2020-03-31,Q1,2020-04-30T23:59:59+00:00,"filing date, end of day",112000000.0,149000000.0,-37000000.0,same-quarter mean,measured,7,2188,6285714.285714285,-43285714.28571428,-0.29050814956855225,,,results/complex-quarterly/ETN/2020-03-31
META,,,PaymentsToAcquirePropertyPlantAndEquipment,,hyperscaler,2020-03-31,Q1,2020-04-30T23:59:59+00:00,"filing date, end of day",3558000000.0,3837000000.0,-279000000.0,same-quarter mean,measured,7,2184,483428571.4285714,-762428571.4285715,-0.1987043449123199,,,results/complex-quarterly/META/2020-03-31
MTZ,,,PaymentsToAcquireProductiveAssets,,buildout,2020-03-31,Q1,2020-04-30T23:59:59+00:00,"filing date, end of day",60594000.0,34396000.0,26198000.0,same-quarter mean,measured,7,2191,2899857.1428571427,23298142.85714286,0.6773503563537289,,,results/complex-quarterly/MTZ/2020-03-31
SO,,,PaymentsToAcquirePropertyPlantAndEquipment,,power,2020-03-31,Q1,2020-04-30T23:59:59+00:00,"filing date, end of day",1560000000.0,1678000000.0,-118000000.0,same-quarter mean,measured,10,3281,54178800.0,-172178800.0,-0.10260953516090585,,,results/complex-quarterly/SO/2020-03-31
AMZN,,,PaymentsToAcquireProductiveAssets,,hyperscaler,2020-03-31,Q1,2020-05-01T23:59:59+00:00,"filing date, end of day",6795000000.0,4697000000.0,2098000000.0,same-quarter mean,measured,2,0,-19000000.0,2117000000.0,0.4507132212050245,,,results/complex-quarterly/AMZN/2020-03-31
PCG,,,PaymentsToAcquirePropertyPlantAndEquipment,,power,2020-03-31,Q1,2020-05-01T23:59:59+00:00,"filing date, end of day",1641000000.0,1224000000.0,417000000.0,same-quarter mean,measured,10,2920,14500000.0,402500000.0,0.32883986928104575,,,results/complex-quarterly/PCG/2020-03-31
BWXT,,,PaymentsToAcquirePropertyPlantAndEquipment,,fuel_and_nuclear,2020-03-31,Q1,2020-05-04T23:59:59+00:00,"filing date, end of day",64768000.0,44519000.0,20249000.0,same-quarter mean,measured,8,2548,2970750.0,17278250.0,0.38810957119432155,,,results/complex-quarterly/BWXT/2020-03-31
SRE,,,PaymentsToAcquirePropertyPlantAndEquipment,,power,2020-03-31,Q1,2020-05-04T23:59:59+00:00,"filing date, end of day",1010000000.0,783000000.0,227000000.0,same-quarter mean,measured,5,1098,-3600000.0,230600000.0,0.2945083014048531,,,results/complex-quarterly/SRE/2020-03-31
D,,,PaymentsToAcquirePropertyPlantAndEquipment,,power,2020-03-31,Q1,2020-05-05T23:59:59+00:00,"filing date, end of day",1462000000.0,1002000000.0,460000000.0,same-quarter mean,measured,10,3291,20600000.0,439400000.0,0.43852295409181635,,,results/complex-quarterly/D/2020-03-31
PRIM,,,PaymentsToAcquirePropertyPlantAndEquipment,,buildout,2020-03-31,Q1,2020-05-05T23:59:59+00:00,"filing date, end of day",9311000.0,14377000.0,-5066000.0,same-quarter mean,measured,8,2554,1287125.0,-6353125.0,-0.44189504068999097,,,results/complex-quarterly/PRIM/2020-03-31
STRL,,,PaymentsToAcquirePropertyPlantAndEquipment,,buildout,2020-03-31,Q1,2020-05-05T23:59:59+00:00,"filing date, end of day",7354000.0,3814000.0,3540000.0,same-quarter mean,measured,8,2554,-577375.0,4117375.0,1.0795424750917673,,,results/complex-quarterly/STRL/2020-03-31
VST,,,PaymentsToAcquirePropertyPlantAndEquipment,,power,2020-03-31,Q1,2020-05-05T23:59:59+00:00,"filing date, end of day",261000000.0,118000000.0,143000000.0,same-quarter mean,measured,3,364,23333333.333333332,119666666.66666667,1.0141242937853108,,,results/complex-quarterly/VST/2020-03-31
SBAC,,,PaymentsToAcquirePropertyPlantAndEquipment,,data_center_reit,2020-03-31,Q1,2020-05-06T23:59:59+00:00,"filing date, end of day",39291000.0,171144000.0,-131853000.0,same-quarter mean,measured,9,2925,-53354111.11111111,-78498888.8888889,-0.4586715800079985,,,results/complex-quarterly/SBAC/2020-03-31
EQIX,,,PaymentsToAcquireProductiveAssets,,data_center_reit,2020-03-31,Q1,2020-05-07T23:59:59+00:00,"filing date, end of day",400941000.0,556822000.0,-155881000.0,same-quarter mean,measured,2,1463,-69464000.0,-86417000.0,-0.15519681334430033,,,results/complex-quarterly/EQIX/2020-03-31
IRM,,,PaymentsToAcquirePropertyPlantAndEquipment,,data_center_reit,2020-03-31,Q1,2020-05-07T23:59:59+00:00,"filing date, end of day",97144000.0,166483000.0,-69339000.0,same-quarter mean,measured,10,3272,18709400.0,-88048400.0,-0.5288732182865518,,,results/complex-quarterly/IRM/2020-03-31
NRG,,,PaymentsToAcquirePropertyPlantAndEquipment,,power,2020-03-31,Q1,2020-05-07T23:59:59+00:00,"filing date, end of day",66000000.0,49000000.0,17000000.0,same-quarter mean,measured,10,3279,-18400000.0,35400000.0,0.7224489795918367,,,results/complex-quarterly/NRG/2020-03-31
VRT,,,PaymentsToAcquirePropertyPlantAndEquipment,,buildout,2020-03-31,Q1,2020-05-07T23:59:59+00:00,"filing date, end of day",6700000.0,10700000.0,-4000000.0,,missing,0,,,,,,,results/complex-quarterly/VRT/2020-03-31
EXC,,,PaymentsToAcquirePropertyPlantAndEquipment,,power,2020-03-31,Q1,2020-05-08T23:59:59+00:00,"filing date, end of day",2016000000.0,1687000000.0,329000000.0,same-quarter mean,measured,10,2927,135100000.0,193900000.0,0.11493775933609958,,,results/complex-quarterly/EXC/2020-03-31
FSLR,,,PaymentsToAcquirePropertyPlantAndEquipment,,fuel_and_nuclear,2020-03-31,Q1,2020-05-08T23:59:59+00:00,"filing date, end of day",112546000.0,149168000.0,-36622000.0,same-quarter mean,measured,10,3291,6276400.0,-42898400.0,-0.28758446851871716,,,results/complex-quarterly/FSLR/2020-03-31
PLUG,,,PaymentsToAcquirePropertyPlantAndEquipment,,fuel_and_nuclear,2020-03-31,Q1,2020-05-08T23:59:59+00:00,"filing date, end of day",2507000.0,1468000.0,1039000.0,same-quarter mean,measured,6,2184,83520.83333333333,955479.1666666666,0.6508713669391462,,,results/complex-quarterly/PLUG/2020-03-31
PPL,,,PaymentsToAcquirePropertyPlantAndEquipment,,power,2020-03-31,Q1,2020-05-08T23:59:59+00:00,"filing date, end of day",826000000.0,729000000.0,97000000.0,same-quarter mean,measured,10,3283,45900000.0,51100000.0,0.0700960219478738,,,results/complex-quarterly/PPL/2020-03-31
PWR,,,PaymentsToAcquirePropertyPlantAndEquipment,,buildout,2020-03-31,Q1,2020-05-08T23:59:59+00:00,"filing date, end of day",68109000.0,66244000.0,1865000.0,same-quarter mean,measured,11,3283,-203636.36363636365,2068636.3636363638,0.031227527981951025,,,results/complex-quarterly/PWR/2020-03-31
DUK,,,PaymentsToAcquirePropertyPlantAndEquipment,,power,2020-03-31,Q1,2020-05-12T23:59:59+00:00,"filing date, end of day",2832000000.0,2536000000.0,296000000.0,same-quarter mean,measured,9,2922,150777777.7777778,145222222.2222222,0.057264283210655444,,,results/complex-quarterly/DUK/2020-03-31
WULF,,,PaymentsToAcquirePropertyPlantAndEquipment,,compute_and_ai,2020-03-31,Q1,2020-05-13T23:59:59+00:00,"filing date, end of day",135125.0,117075.0,18050.0,same-quarter mean,measured,8,2555,6291.5,11758.5,0.10043561819346573,,,results/complex-quarterly/WULF/2020-03-31
DY,,,PaymentsToAcquirePropertyPlantAndEquipment,,buildout,2020-04-25,Q2,2020-05-21T23:59:59+00:00,"filing date, end of day",20701000.0,45768000.0,-25067000.0,same-quarter mean,measured,3,364,2659000.0,-27726000.0,-0.6057944415312009,,,results/complex-quarterly/DY/2020-04-25
NVDA,,,PaymentsToAcquirePropertyPlantAndEquipment,,compute_and_ai,2020-04-26,Q2,2020-05-21T23:59:59+00:00,"filing date, end of day",155000000.0,128000000.0,27000000.0,same-quarter mean,measured,8,2549,12100625.0,14899375.0,0.1164013671875,,,results/complex-quarterly/NVDA/2020-04-26
AGX,,,PaymentsToAcquirePropertyPlantAndEquipment,,buildout,2020-04-30,Q2,2020-06-09T23:59:59+00:00,"filing date, end of day",684000.0,1985000.0,-1301000.0,same-quarter mean,measured,8,2554,191750.0,-1492750.0,-0.7520151133501259,,,results/complex-quarterly/AGX/2020-04-30
AMZN,,,PaymentsToAcquireProductiveAssets,,hyperscaler,2020-06-30,Q2,2020-07-31T23:59:59+00:00,"filing date, end of day",7459000000.0,6795000000.0,664000000.0,same-quarter mean,measured,2,0,208500000.0,455500000.0,0.0670345842531273,,,results/complex-quarterly/AMZN/2020-06-30
EQIX,,,PaymentsToAcquireProductiveAssets,,data_center_reit,2020-06-30,Q2,2020-07-31T23:59:59+00:00,"filing date, end of day",481948000.0,400941000.0,81007000.0,same-quarter mean,measured,5,2198,51591200.0,29415800.0,0.07336690435749899,,,results/complex-quarterly/EQIX/2020-06-30
EXC,,,PaymentsToAcquirePropertyPlantAndEquipment,,power,2020-06-30,Q2,2020-08-04T23:59:59+00:00,"filing date, end of day",1757000000.0,2016000000.0,-259000000.0,same-quarter mean,measured,2,0,-62000000.0,-197000000.0,-0.09771825396825397,,,results/complex-quarterly/EXC/2020-06-30
IRM,,,PaymentsToAcquirePropertyPlantAndEquipment,,data_center_reit,2020-06-30,Q2,2020-08-06T23:59:59+00:00,"filing date, end of day",103014000.0,97144000.0,5870000.0,same-quarter mean,measured,11,3283,-7254181.818181818,13124181.818181818,0.13510028224266882,,,results/complex-quarterly/IRM/2020-06-30
SBAC,,,PaymentsToAcquireProductiveAssets,,data_center_reit,2020-06-30,Q2,2020-08-06T23:59:59+00:00,"filing date, end of day",57192000.0,39291000.0,17901000.0,same-quarter mean,measured,7,1827,101327142.85714285,-83426142.85714285,-2.123288866588859,,,results/complex-quarterly/SBAC/2020-06-30
PWR,,,PaymentsToAcquirePropertyPlantAndEquipment,,buildout,2020-06-30,Q2,2020-08-07T23:59:59+00:00,"filing date, end of day",48148000.0,68109000.0,-19961000.0,same-quarter mean,measured,11,3644,8468636.363636363,-28429636.363636363,-0.4174137979361959,,,results/complex-quarterly/PWR/2020-06-30
ORCL,,,PaymentsToAcquirePropertyPlantAndEquipment,,hyperscaler,2020-08-31,Q3,2020-09-15T23:59:59+00:00,"filing date, end of day",436000000.0,386000000.0,50000000.0,same-quarter mean,measured,9,2912,29777777.777777776,20222222.222222224,0.05238917674150835,,,results/complex-quarterly/ORCL/2020-08-31
MSFT,,,PaymentsToAcquirePropertyPlantAndEquipment,,hyperscaler,2020-09-30,Q3,2020-10-27T23:59:59+00:00,"filing date, end of day",4907000000.0,3767000000.0,1140000000.0,same-quarter mean,measured,11,3652,157000000.0,983000000.0,0.260950358375365,,,results/complex-quarterly/MSFT/2020-09-30
AMZN,,,PaymentsToAcquireProductiveAssets,,hyperscaler,2020-09-30,Q3,2020-10-30T23:59:59+00:00,"filing date, end of day",11063000000.0,7459000000.0,3604000000.0,same-quarter mean,measured,3,364,819000000.0,2785000000.0,0.37337444697680655,,,results/complex-quarterly/AMZN/2020-09-30
EQIX,,,PaymentsToAcquireProductiveAssets,,data_center_reit,2020-09-30,Q3,2020-10-30T23:59:59+00:00,"filing date, end of day",565285000.0,481948000.0,83337000.0,same-quarter mean,measured,4,2180,128672000.0,-45335000.0,-0.09406616481446131,,,results/complex-quarterly/EQIX/2020-09-30
PWR,,,PaymentsToAcquirePropertyPlantAndEquipment,,buildout,2020-09-30,Q3,2020-11-02T23:59:59+00:00,"filing date, end of day",50780000.0,48148000.0,2632000.0,same-quarter mean,measured,12,3644,-7054500.0,9686500.0,0.20118177286699343,,,results/complex-quarterly/PWR/2020-09-30
EXC,,,PaymentsToAcquirePropertyPlantAndEquipment,,power,2020-09-30,Q3,2020-11-03T23:59:59+00:00,"filing date, end of day",1833000000.0,1757000000.0,76000000.0,same-quarter mean,measured,2,0,-126000000.0,202000000.0,0.11496869664200342,,,results/complex-quarterly/EXC/2020-09-30
SBAC,,,PaymentsToAcquireProductiveAssets,,data_center_reit,2020-09-30,Q3,2020-11-05T23:59:59+00:00,"filing date, end of day",109256000.0,57192000.0,52064000.0,same-quarter mean,measured,7,1826,-10017142.857142856,62081142.85714286,1.0854864816258019,,,results/complex-quarterly/SBAC/2020-09-30
SMCI,,,PaymentsToAcquirePropertyPlantAndEquipment,,compute_and_ai,2020-09-30,Q3,2020-11-06T23:59:59+00:00,"filing date, end of day",11851000.0,13325000.0,-1474000.0,same-quarter mean,measured,9,2965,675000.0,-2149000.0,-0.16127579737335834,,,results/complex-quarterly/SMCI/2020-09-30
MU,,,PaymentsToAcquirePropertyPlantAndEquipment,,compute_and_ai,2020-12-03,Q4,2021-01-08T23:59:59+00:00,"filing date, end of day",2738000000.0,1943000000.0,795000000.0,same-quarter mean,measured,11,3629,152090909.0909091,642909090.9090909,0.33088476114724186,,,results/complex-quarterly/MU/2020-12-03
MSFT,,,PaymentsToAcquirePropertyPlantAndEquipment,,hyperscaler,2020-12-31,Q4,2021-01-26T23:59:59+00:00,"filing date, end of day",4174000000.0,4907000000.0,-733000000.0,same-quarter mean,measured,12,3653,186833333.33333334,-919833333.3333334,-0.18745329800964608,,,results/complex-quarterly/MSFT/2020-12-31
ROK,,,PaymentsToAcquirePropertyPlantAndEquipment,,buildout,2020-12-31,Q4,2021-01-26T23:59:59+00:00,"filing date, end of day",27100000.0,37000000.0,-9900000.0,same-quarter mean,measured,11,3642,872727.2727272727,-10772727.272727273,-0.29115479115479115,,,results/complex-quarterly/ROK/2020-12-31
AAPL,,,PaymentsToAcquirePropertyPlantAndEquipment,,hyperscaler,2020-12-26,Q4,2021-01-28T23:59:59+00:00,"filing date, end of day",3500000000.0,2107000000.0,1393000000.0,same-quarter mean,measured,7,1827,-30000000.0,1423000000.0,0.6753678215472235,,,results/complex-quarterly/AAPL/2020-12-26
J,,,PaymentsToAcquirePropertyPlantAndEquipment,,buildout,2021-01-01,Q1,2021-02-09T23:59:59+00:00,"filing date, end of day",16766000.0,22260000.0,-5494000.0,same-quarter mean,measured,2,2568,-15022500.0,9528500.0,0.42805480682839175,,,results/complex-quarterly/J/2021-01-01
AVGO,,,PaymentsToAcquirePropertyPlantAndEquipment,,compute_and_ai,2021-01-31,Q1,2021-03-12T23:59:59+00:00,"filing date, end of day",114000000.0,108000000.0,6000000.0,same-quarter mean,measured,2,364,-56000000.0,62000000.0,0.5740740740740741,,,results/complex-quarterly/AVGO/2021-01-31
AEP,,,PaymentsToAcquirePropertyPlantAndEquipment,,power,2021-03-31,Q1,2021-04-22T23:59:59+00:00,"filing date, end of day",102900000.0,2000000.0,100900000.0,same-quarter mean,measured,4,1091,0.0,100900000.0,50.45,,,results/complex-quarterly/AEP/2021-03-31
EIX,,,PaymentsToAcquirePropertyPlantAndEquipment,,power,2021-03-31,Q1,2021-04-27T23:59:59+00:00,"filing date, end of day",1358000000.0,1268000000.0,90000000.0,same-quarter mean,measured,11,3646,43909090.90909091,46090909.09090909,0.03634929739030686,,,results/complex-quarterly/EIX/2021-03-31
MSFT,,,PaymentsToAcquirePropertyPlantAndEquipment,,hyperscaler,2021-03-31,Q1,2021-04-27T23:59:59+00:00,"filing date, end of day",5089000000.0,4174000000.0,915000000.0,same-quarter mean,measured,12,3660,-81666666.66666667,996666666.6666666,0.2387797476441463,,,results/complex-quarterly/MSFT/2021-03-31
AMD,,,PaymentsToAcquirePropertyPlantAndEquipment,,compute_and_ai,2021-03-27,Q1,2021-04-28T23:59:59+00:00,"filing date, end of day",66000000.0,55000000.0,11000000.0,same-quarter mean,measured,8,2912,2500000.0,8500000.0,0.15454545454545454,,,results/complex-quarterly/AMD/2021-03-27
FIX,,,PaymentsToAcquirePropertyPlantAndEquipment,,buildout,2021-03-31,Q1,2021-04-28T23:59:59+00:00,"filing date, end of day",4812000.0,7497000.0,-2685000.0,same-quarter mean,measured,10,2917,-267400.0,-2417600.0,-0.3224756569294384,,,results/complex-quarterly/FIX/2021-03-31
AMT,,,PaymentsToAcquirePropertyPlantAndEquipment,,data_center_reit,2020-03-31,Q1,2021-04-29T23:59:59+00:00,"filing date, end of day",214400000.0,220800000.0,-6400000.0,,missing,0,,,,,,,results/complex-quarterly/AMT/2020-03-31
AMT,,,PaymentsToAcquirePropertyPlantAndEquipment,,data_center_reit,2021-03-31,Q1,2021-04-29T23:59:59+00:00,"filing date, end of day",324800000.0,214400000.0,110400000.0,,missing,0,,,,,,,results/complex-quarterly/AMT/2021-03-31
EME,,,PaymentsToAcquireProductiveAssets,,buildout,2021-03-31,Q1,2021-04-29T23:59:59+00:00,"filing date, end of day",8204000.0,12035000.0,-3831000.0,same-quarter mean,measured,10,3290,854600.0,-4685600.0,-0.3893311175737432,,,results/complex-quarterly/EME/2021-03-31
META,,,PaymentsToAcquirePropertyPlantAndEquipment,,hyperscaler,2021-03-31,Q1,2021-04-29T23:59:59+00:00,"filing date, end of day",4272000000.0,3558000000.0,714000000.0,same-quarter mean,measured,8,2555,388125000.0,325875000.0,0.0915893760539629,,,results/complex-quarterly/META/2021-03-31
NVT,,,PaymentsToAcquirePropertyPlantAndEquipment,,buildout,2021-03-31,Q1,2021-04-29T23:59:59+00:00,"filing date, end of day",9900000.0,10200000.0,-300000.0,same-quarter mean,measured,3,722,-366666.6666666667,66666.66666666669,0.006535947712418303,,,results/complex-quarterly/NVT/2021-03-31
PCG,,,PaymentsToAcquirePropertyPlantAndEquipment,,power,2021-03-31,Q1,2021-04-29T23:59:59+00:00,"filing date, end of day",1778000000.0,1641000000.0,137000000.0,same-quarter mean,measured,11,3285,51090909.09090909,85909090.9090909,0.0523516702675752,,,results/complex-quarterly/PCG/2021-03-31
SO,,,PaymentsToAcquirePropertyPlantAndEquipment,,power,2021-03-31,Q1,2021-04-29T23:59:59+00:00,"filing date, end of day",1678000000.0,1560000000.0,118000000.0,same-quarter mean,measured,11,3646,38526181.81818182,79473818.18181819,0.050944755244755245,,,results/complex-quarterly/SO/2021-03-31
AMZN,,,PaymentsToAcquireProductiveAssets,,hyperscaler,2021-03-31,Q1,2021-04-30T23:59:59+00:00,"filing date, end of day",12082000000.0,11063000000.0,1019000000.0,same-quarter mean,measured,3,371,686666666.6666666,332333333.3333334,0.03004007351833439,,,results/complex-quarterly/AMZN/2021-03-31
EQIX,,,PaymentsToAcquireProductiveAssets,,data_center_reit,2021-03-31,Q1,2021-04-30T23:59:59+00:00,"filing date, end of day",563598000.0,565285000.0,-1687000.0,same-quarter mean,measured,3,1833,-98269666.66666667,96582666.66666667,0.17085658856447045,,,results/complex-quarterly/EQIX/2021-03-31
FSLR,,,PaymentsToAcquirePropertyPlantAndEquipment,,fuel_and_nuclear,2021-03-31,Q1,2021-04-30T23:59:59+00:00,"filing date, end of day",90155000.0,112546000.0,-22391000.0,same-quarter mean,measured,11,3662,2376545.4545454546,-24767545.454545453,-0.220065977063116,,,results/complex-quarterly/FSLR/2021-03-31
BWXT,,,PaymentsToAcquirePropertyPlantAndEquipment,,fuel_and_nuclear,2021-03-31,Q1,2021-05-03T23:59:59+00:00,"filing date, end of day",101932000.0,64768000.0,37164000.0,same-quarter mean,measured,9,2917,4890555.555555556,32273444.444444444,0.49829305281071584,,,results/complex-quarterly/BWXT/2021-03-31
CCI,,,PaymentsToAcquireProductiveAssets,,data_center_reit,2021-03-31,Q1,2021-05-03T23:59:59+00:00,"filing date, end of day",302000000.0,480000000.0,-178000000.0,same-quarter mean,measured,10,3280,19837300.0,-197837300.0,-0.41216104166666667,,,results/complex-quarterly/CCI/2021-03-31
VRT,,,PaymentsToAcquirePropertyPlantAndEquipment,,buildout,2021-03-31,Q1,2021-05-03T23:59:59+00:00,"filing date, end of day",16800000.0,6700000.0,10100000.0,prior same-quarter,measured,1,0,-4000000.0,14100000.0,2.1044776119402986,,,results/complex-quarterly/VRT/2021-03-31
ETN,,,PaymentsToAcquirePropertyPlantAndEquipment,,buildout,2021-03-31,Q1,2021-05-04T23:59:59+00:00,"filing date, end of day",119000000.0,112000000.0,7000000.0,same-quarter mean,measured,8,2554,875000.0,6125000.0,0.0546875,,,results/complex-quarterly/ETN/2021-03-31
STRL,,,PaymentsToAcquirePropertyPlantAndEquipment,,buildout,2021-03-31,Q1,2021-05-04T23:59:59+00:00,"filing date, end of day",11209000.0,7354000.0,3855000.0,same-quarter mean,measured,9,2918,-119888.88888888889,3974888.888888889,0.5405070558728432,,,results/complex-quarterly/STRL/2021-03-31
VST,,,PaymentsToAcquirePropertyPlantAndEquipment,,power,2021-03-31,Q1,2021-05-04T23:59:59+00:00,"filing date, end of day",192000000.0,261000000.0,-69000000.0,same-quarter mean,measured,4,732,53250000.0,-122250000.0,-0.46839080459770116,,,results/complex-quarterly/VST/2021-03-31
EXC,,,PaymentsToAcquirePropertyPlantAndEquipment,,power,2021-03-31,Q1,2021-05-05T23:59:59+00:00,"filing date, end of day",2140000000.0,1833000000.0,307000000.0,same-quarter mean,measured,11,3299,152727272.72727272,154272727.27272728,0.08416406288746715,,,results/complex-quarterly/EXC/2021-03-31
SRE,,,PaymentsToAcquirePropertyPlantAndEquipment,,power,2021-03-31,Q1,2021-05-05T23:59:59+00:00,"filing date, end of day",1181000000.0,1010000000.0,171000000.0,same-quarter mean,measured,6,1461,34833333.333333336,136166666.66666666,0.13481848184818482,,,results/complex-quarterly/SRE/2021-03-31
IRM,,,PaymentsToAcquirePropertyPlantAndEquipment,,data_center_reit,2021-03-31,Q1,2021-05-06T23:59:59+00:00,"filing date, end of day",145528000.0,103014000.0,42514000.0,same-quarter mean,measured,11,3650,10705000.0,31809000.0,0.30878327217659735,,,results/complex-quarterly/IRM/2021-03-31
MTZ,,,PaymentsToAcquireProductiveAssets,,buildout,2021-03-31,Q1,2021-05-06T23:59:59+00:00,"filing date, end of day",48058000.0,60594000.0,-12536000.0,same-quarter mean,measured,8,2555,5812125.0,-18348125.0,-0.3028043205597914,,,results/complex-quarterly/MTZ/2021-03-31
NRG,,,PaymentsToAcquirePropertyPlantAndEquipment,,power,2021-03-31,Q1,2021-05-06T23:59:59+00:00,"filing date, end of day",63000000.0,66000000.0,-3000000.0,same-quarter mean,measured,11,3650,-15181818.181818182,12181818.181818182,0.18457300275482094,,,results/complex-quarterly/NRG/2021-03-31
PPL,,,PaymentsToAcquirePropertyPlantAndEquipment,,power,2021-03-31,Q1,2021-05-06T23:59:59+00:00,"filing date, end of day",471000000.0,826000000.0,-355000000.0,same-quarter mean,measured,11,3655,50545454.54545455,-405545454.54545456,-0.4909751265683469,,,results/complex-quarterly/PPL/2021-03-31
PRIM,,,PaymentsToAcquirePropertyPlantAndEquipment,,buildout,2021-03-31,Q1,2021-05-06T23:59:59+00:00,"filing date, end of day",19078000.0,9311000.0,9767000.0,same-quarter mean,measured,9,2918,581222.2222222222,9185777.777777778,0.9865511521617203,,,results/complex-quarterly/PRIM/2021-03-31
SBAC,,,PaymentsToAcquirePropertyPlantAndEquipment,,data_center_reit,2021-03-31,Q1,2021-05-06T23:59:59+00:00,"filing date, end of day",24536000.0,109256000.0,-84720000.0,same-quarter mean,measured,10,3288,-61204000.0,-23516000.0,-0.21523760708794026,,,results/complex-quarterly/SBAC/2021-03-31
PWR,,,PaymentsToAcquirePropertyPlantAndEquipment,,buildout,2021-03-31,Q1,2021-05-07T23:59:59+00:00,"filing date, end of day",83486000.0,50780000.0,32706000.0,same-quarter mean,measured,12,3651,-31250.0,32737250.0,0.6446878692398582,,,results/complex-quarterly/PWR/2021-03-31
DUK,,,PaymentsToAcquirePropertyPlantAndEquipment,,power,2021-03-31,Q1,2021-05-10T23:59:59+00:00,"filing date, end of day",2215000000.0,2832000000.0,-617000000.0,same-quarter mean,measured,10,3291,165300000.0,-782300000.0,-0.27623587570621466,,,results/complex-quarterly/DUK/2021-03-31
LEU,,,PaymentsToAcquirePropertyPlantAndEquipment,,fuel_and_nuclear,2021-03-31,Q1,2021-05-12T23:59:59+00:00,"filing date, end of day",400000.0,100000.0,300000.0,prior same-quarter,measured,1,0,-2800000.0,3100000.0,31.0,,,results/complex-quarterly/LEU/2021-03-31
DY,,,PaymentsToAcquirePropertyPlantAndEquipment,,buildout,2021-05-01,Q2,2021-05-26T23:59:59+00:00,"filing date, end of day",31629000.0,20701000.0,10928000.0,same-quarter mean,measured,4,728,-4272500.0,15200500.0,0.734288198637747,,,results/complex-quarterly/DY/2021-05-01
NVDA,,,PaymentsToAcquireProductiveAssets,,compute_and_ai,2021-05-02,Q2,2021-05-26T23:59:59+00:00,"filing date, end of day",298000000.0,155000000.0,143000000.0,,missing,0,,,,,,,results/complex-quarterly/NVDA/2021-05-02
AGX,,,PaymentsToAcquirePropertyPlantAndEquipment,,buildout,2021-04-30,Q2,2021-06-08T23:59:59+00:00,"filing date, end of day",844000.0,684000.0,160000.0,same-quarter mean,measured,9,2919,25888.88888888889,134111.11111111112,0.19606887589343733,,,results/complex-quarterly/AGX/2021-04-30
MRVL,,,PaymentsToAcquirePropertyPlantAndEquipment,,compute_and_ai,2021-05-01,Q2,2021-06-09T23:59:59+00:00,"filing date, end of day",21444000.0,35343000.0,-13899000.0,,missing,0,,,,,,,results/complex-quarterly/MRVL/2021-05-01
PLUG,,,PaymentsToAcquirePropertyPlantAndEquipment,,fuel_and_nuclear,2021-03-31,Q1,2021-06-22T23:59:59+00:00,"filing date, end of day",9879000.0,2507000.0,7372000.0,same-quarter mean,measured,7,2550,220017.85714285713,7151982.142857143,2.8528050031340815,,,results/complex-quarterly/PLUG/2021-03-31
AMZN,,,PaymentsToAcquireProductiveAssets,,hyperscaler,2021-06-30,Q2,2021-07-30T23:59:59+00:00,"filing date, end of day",14288000000.0,12082000000.0,2206000000.0,same-quarter mean,measured,3,371,360333333.3333333,1845666666.6666667,0.15276168404789495,,,results/complex-quarterly/AMZN/2021-06-30
EQIX,,,PaymentsToAcquireProductiveAssets,,data_center_reit,2021-06-30,Q2,2021-07-30T23:59:59+00:00,"filing date, end of day",692232000.0,563598000.0,128634000.0,same-quarter mean,measured,6,2562,56493833.333333336,72140166.66666666,0.12799933049206466,,,results/complex-quarterly/EQIX/2021-06-30
EXC,,,PaymentsToAcquirePropertyPlantAndEquipment,,power,2021-06-30,Q2,2021-08-04T23:59:59+00:00,"filing date, end of day",1900000000.0,2140000000.0,-240000000.0,same-quarter mean,measured,3,369,-127666666.66666667,-112333333.33333333,-0.05249221183800623,,,results/complex-quarterly/EXC/2021-06-30
SBAC,,,PaymentsToAcquireProductiveAssets,,data_center_reit,2021-06-30,Q2,2021-08-05T23:59:59+00:00,"filing date, end of day",108746000.0,24536000.0,84210000.0,same-quarter mean,measured,8,2193,90898875.0,-6688875.0,-0.2726147293772416,,,results/complex-quarterly/SBAC/2021-06-30
PWR,,,PaymentsToAcquirePropertyPlantAndEquipment,,buildout,2021-06-30,Q2,2021-08-06T23:59:59+00:00,"filing date, end of day",74898000.0,83486000.0,-8588000.0,same-quarter mean,measured,12,4015,6099500.0,-14687500.0,-0.17592770045277054,,,results/complex-quarterly/PWR/2021-06-30
AI,,,PaymentsToAcquirePropertyPlantAndEquipment,,compute_and_ai,2021-07-31,Q3,2021-09-02T23:59:59+00:00,"filing date, end of day",511000.0,654000.0,-143000.0,,missing,0,,,,,,,results/complex-quarterly/AI/2021-07-31
ORCL,,,PaymentsToAcquirePropertyPlantAndEquipment,,hyperscaler,2021-08-31,Q3,2021-09-13T23:59:59+00:00,"filing date, end of day",1062000000.0,436000000.0,626000000.0,same-quarter mean,measured,10,3280,31800000.0,594200000.0,1.3628440366972476,,,results/complex-quarterly/ORCL/2021-08-31
MSFT,,,PaymentsToAcquirePropertyPlantAndEquipment,,hyperscaler,2021-09-30,Q3,2021-10-26T23:59:59+00:00,"filing date, end of day",5810000000.0,5089000000.0,721000000.0,same-quarter mean,measured,12,4022,238916666.66666666,482083333.3333334,0.09473046440034061,,,results/complex-quarterly/MSFT/2021-09-30
AMZN,,,PaymentsToAcquireProductiveAssets,,hyperscaler,2021-09-30,Q3,2021-10-29T23:59:59+00:00,"filing date, end of day",15748000000.0,14288000000.0,1460000000.0,same-quarter mean,measured,4,735,1515250000.0,-55250000.0,-0.0038668812989921613,,,results/complex-quarterly/AMZN/2021-09-30
EXC,,,PaymentsToAcquirePropertyPlantAndEquipment,,power,2021-09-30,Q3,2021-11-03T23:59:59+00:00,"filing date, end of day",1930000000.0,1900000000.0,30000000.0,same-quarter mean,measured,3,369,-58666666.666666664,88666666.66666666,0.04666666666666666,,,results/complex-quarterly/EXC/2021-09-30
EQIX,,,PaymentsToAcquireProductiveAssets,,data_center_reit,2021-09-30,Q3,2021-11-04T23:59:59+00:00,"filing date, end of day",678277000.0,692232000.0,-13955000.0,same-quarter mean,measured,5,2544,119605000.0,-133560000.0,-0.19294109489304165,,,results/complex-quarterly/EQIX/2021-09-30
PWR,,,PaymentsToAcquirePropertyPlantAndEquipment,,buildout,2021-09-30,Q3,2021-11-04T23:59:59+00:00,"filing date, end of day",74612000.0,74898000.0,-286000.0,same-quarter mean,measured,13,4011,-6309384.615384615,6023384.615384615,0.0804211676598122,,,results/complex-quarterly/PWR/2021-09-30
SBAC,,,PaymentsToAcquireProductiveAssets,,data_center_reit,2021-09-30,Q3,2021-11-05T23:59:59+00:00,"filing date, end of day",92935000.0,108746000.0,-15811000.0,same-quarter mean,measured,8,2190,-2257000.0,-13554000.0,-0.12463906718408034,,,results/complex-quarterly/SBAC/2021-09-30
SMCI,,,PaymentsToAcquirePropertyPlantAndEquipment,,compute_and_ai,2021-09-30,Q3,2021-11-05T23:59:59+00:00,"filing date, end of day",10802000.0,11851000.0,-1049000.0,same-quarter mean,measured,10,3287,460100.0,-1509100.0,-0.1273394650240486,,,results/complex-quarterly/SMCI/2021-09-30
MU,,,PaymentsToAcquirePropertyPlantAndEquipment,,compute_and_ai,2021-12-02,Q4,2022-01-06T23:59:59+00:00,"filing date, end of day",3265000000.0,2738000000.0,527000000.0,same-quarter mean,measured,12,4014,205666666.66666666,321333333.3333334,0.11736060384709035,,,results/complex-quarterly/MU/2021-12-02
MSFT,,,PaymentsToAcquirePropertyPlantAndEquipment,,hyperscaler,2021-12-31,Q4,2022-01-25T23:59:59+00:00,"filing date, end of day",5865000000.0,5810000000.0,55000000.0,same-quarter mean,measured,13,4016,116076923.07692307,-61076923.07692307,-0.010512379187077982,,,results/complex-quarterly/MSFT/2021-12-31
ROK,,,PaymentsToAcquirePropertyPlantAndEquipment,,buildout,2021-12-31,Q4,2022-01-27T23:59:59+00:00,"filing date, end of day",37100000.0,27100000.0,10000000.0,same-quarter mean,measured,12,4005,-25000.0,10025000.0,0.3699261992619926,,,results/complex-quarterly/ROK/2021-12-31
AAPL,,,PaymentsToAcquirePropertyPlantAndEquipment,,hyperscaler,2021-12-25,Q4,2022-01-28T23:59:59+00:00,"filing date, end of day",2803000000.0,3500000000.0,-697000000.0,same-quarter mean,measured,8,2192,147875000.0,-844875000.0,-0.24139285714285713,,,results/complex-quarterly/AAPL/2021-12-25
J,,,PaymentsToAcquirePropertyPlantAndEquipment,,buildout,2021-12-31,Q4,2022-02-08T23:59:59+00:00,"filing date, end of day",19318000.0,16766000.0,2552000.0,same-quarter mean,measured,9,3296,3589666.6666666665,-1037666.6666666665,-0.06189112887192333,,,results/complex-quarterly/J/2021-12-31
AVGO,,,PaymentsToAcquirePropertyPlantAndEquipment,,compute_and_ai,2022-01-30,Q1,2022-03-10T23:59:59+00:00,"filing date, end of day",101000000.0,114000000.0,-13000000.0,same-quarter mean,measured,3,728,-35333333.333333336,22333333.333333336,0.19590643274853803,,,results/complex-quarterly/AVGO/2022-01-30
MSFT,,,PaymentsToAcquirePropertyPlantAndEquipment,,hyperscaler,2022-03-31,Q1,2022-04-26T23:59:59+00:00,"filing date, end of day",5340000000.0,5865000000.0,-525000000.0,same-quarter mean,measured,13,4023,-5000000.0,-520000000.0,-0.0886615515771526,,,results/complex-quarterly/MSFT/2022-03-31
AMT,,,PaymentsToAcquirePropertyPlantAndEquipment,,data_center_reit,2022-03-31,Q1,2022-04-27T23:59:59+00:00,"filing date, end of day",386100000.0,324800000.0,61300000.0,same-quarter mean,measured,2,0,52000000.0,9300000.0,0.028633004926108374,,,results/complex-quarterly/AMT/2022-03-31
FIX,,,PaymentsToAcquirePropertyPlantAndEquipment,,buildout,2022-03-31,Q1,2022-04-27T23:59:59+00:00,"filing date, end of day",9192000.0,4812000.0,4380000.0,same-quarter mean,measured,11,3283,-487181.8181818182,4867181.818181818,1.0114675432630544,,,results/complex-quarterly/FIX/2022-03-31
EME,,,PaymentsToAcquireProductiveAssets,,buildout,2022-03-31,Q1,2022-04-28T23:59:59+00:00,"filing date, end of day",11501000.0,8204000.0,3297000.0,same-quarter mean,measured,11,3654,428636.36363636365,2868363.6363636362,0.3496298922920083,,,results/complex-quarterly/EME/2022-03-31
IRM,,,PaymentsToAcquirePropertyPlantAndEquipment,,data_center_reit,2022-03-31,Q1,2022-04-28T23:59:59+00:00,"filing date, end of day",161050000.0,145528000.0,15522000.0,same-quarter mean,measured,12,4014,13355750.0,2166250.0,0.014885451596943544,,,results/complex-quarterly/IRM/2022-03-31
META,,,PaymentsToAcquirePropertyPlantAndEquipment,,hyperscaler,2022-03-31,Q1,2022-04-28T23:59:59+00:00,"filing date, end of day",5441000000.0,4272000000.0,1169000000.0,same-quarter mean,measured,9,2919,424333333.3333333,744666666.6666667,0.17431335830212236,,,results/complex-quarterly/META/2022-03-31
PCG,,,PaymentsToAcquirePropertyPlantAndEquipment,,power,2022-03-31,Q1,2022-04-28T23:59:59+00:00,"filing date, end of day",2310000000.0,1778000000.0,532000000.0,same-quarter mean,measured,12,3648,58250000.0,473750000.0,0.2664510686164229,,,results/complex-quarterly/PCG/2022-03-31
SO,,,PaymentsToAcquirePropertyPlantAndEquipment,,power,2022-03-31,Q1,2022-04-28T23:59:59+00:00,"filing date, end of day",1419000000.0,1678000000.0,-259000000.0,same-quarter mean,measured,12,4010,45149000.0,-304149000.0,-0.18125685339690106,,,results/complex-quarterly/SO/2022-03-31
AMZN,,,PaymentsToAcquireProductiveAssets,,hyperscaler,2022-03-31,Q1,2022-04-29T23:59:59+00:00,"filing date, end of day",14951000000.0,15748000000.0,-797000000.0,same-quarter mean,measured,4,735,769750000.0,-1566750000.0,-0.09948882397764795,,,results/complex-quarterly/AMZN/2022-03-31
CCI,,,PaymentsToAcquireProductiveAssets,,data_center_reit,2022-03-31,Q1,2022-04-29T23:59:59+00:00,"filing date, end of day",281000000.0,302000000.0,-21000000.0,same-quarter mean,measured,11,4011,1852090.9090909092,-22852090.90909091,-0.07566917519566527,,,results/complex-quarterly/CCI/2022-03-31
EQIX,,,PaymentsToAcquireProductiveAssets,,data_center_reit,2022-03-31,Q1,2022-04-29T23:59:59+00:00,"filing date, end of day",412518000.0,678277000.0,-265759000.0,same-quarter mean,measured,4,2191,-74124000.0,-191635000.0,-0.2825320628592743,,,results/complex-quarterly/EQIX/2022-03-31
FSLR,,,PaymentsToAcquirePropertyPlantAndEquipment,,fuel_and_nuclear,2022-03-31,Q1,2022-04-29T23:59:59+00:00,"filing date, end of day",154761000.0,90155000.0,64606000.0,same-quarter mean,measured,12,4019,312583.3333333333,64293416.666666664,0.7131431053925646,,,results/complex-quarterly/FSLR/2022-03-31
NVT,,,PaymentsToAcquirePropertyPlantAndEquipment,,buildout,2022-03-31,Q1,2022-04-29T23:59:59+00:00,"filing date, end of day",11100000.0,9900000.0,1200000.0,same-quarter mean,measured,4,1087,-350000.0,1550000.0,0.15656565656565657,,,results/complex-quarterly/NVT/2022-03-31
SBAC,,,PaymentsToAcquirePropertyPlantAndEquipment,,data_center_reit,2022-03-31,Q1,2022-04-29T23:59:59+00:00,"filing date, end of day",38008000.0,92935000.0,-54927000.0,same-quarter mean,measured,11,3653,-63341818.18181818,8414818.18181818,0.09054520021324775,,,results/complex-quarterly/SBAC/2022-03-31
VRT,,,PaymentsToAcquirePropertyPlantAndEquipment,,buildout,2022-03-31,Q1,2022-05-02T23:59:59+00:00,"filing date, end of day",15100000.0,16800000.0,-1700000.0,same-quarter mean,measured,2,361,3050000.0,-4750000.0,-0.28273809523809523,,,results/complex-quarterly/VRT/2022-03-31
EIX,,,PaymentsToAcquirePropertyPlantAndEquipment,,power,2022-03-31,Q1,2022-05-03T23:59:59+00:00,"filing date, end of day",1207000000.0,1358000000.0,-151000000.0,same-quarter mean,measured,12,4008,47750000.0,-198750000.0,-0.14635493372606775,,,results/complex-quarterly/EIX/2022-03-31
ETN,,,PaymentsToAcquirePropertyPlantAndEquipment,,buildout,2022-03-31,Q1,2022-05-03T23:59:59+00:00,"filing date, end of day",115000000.0,119000000.0,-4000000.0,same-quarter mean,measured,9,2923,1555555.5555555555,-5555555.555555556,-0.04668534080298786,,,results/complex-quarterly/ETN/2022-03-31
STRL,,,PaymentsToAcquirePropertyPlantAndEquipment,,buildout,2022-03-31,Q1,2022-05-03T23:59:59+00:00,"filing date, end of day",14969000.0,11209000.0,3760000.0,same-quarter mean,measured,10,3282,277600.0,3482400.0,0.3106789187260237,,,results/complex-quarterly/STRL/2022-03-31
AMD,,,PaymentsToAcquirePropertyPlantAndEquipment,,compute_and_ai,2022-03-26,Q1,2022-05-04T23:59:59+00:00,"filing date, end of day",71000000.0,66000000.0,5000000.0,same-quarter mean,measured,9,3276,3444444.4444444445,1555555.5555555555,0.02356902356902357,,,results/complex-quarterly/AMD/2022-03-26
MTZ,,,PaymentsToAcquireProductiveAssets,,buildout,2022-03-31,Q1,2022-05-05T23:59:59+00:00,"filing date, end of day",83191000.0,48058000.0,35133000.0,same-quarter mean,measured,9,2926,3773444.4444444445,31359555.555555556,0.6525355935651829,,,results/complex-quarterly/MTZ/2022-03-31
PPL,,,PaymentsToAcquirePropertyPlantAndEquipment,,power,2022-03-31,Q1,2022-05-05T23:59:59+00:00,"filing date, end of day",427000000.0,471000000.0,-44000000.0,same-quarter mean,measured,12,4018,16750000.0,-60750000.0,-0.12898089171974522,,,results/complex-quarterly/PPL/2022-03-31
PWR,,,PaymentsToAcquirePropertyPlantAndEquipment,,buildout,2022-03-31,Q1,2022-05-05T23:59:59+00:00,"filing date, end of day",109937000.0,74612000.0,35325000.0,same-quarter mean,measured,13,4015,2487000.0,32838000.0,0.4401168712807591,,,results/complex-quarterly/PWR/2022-03-31
SRE,,,PaymentsToAcquirePropertyPlantAndEquipment,,power,2022-03-31,Q1,2022-05-05T23:59:59+00:00,"filing date, end of day",1204000000.0,1181000000.0,23000000.0,same-quarter mean,measured,7,1827,54285714.28571428,-31285714.285714284,-0.02649086730373775,,,results/complex-quarterly/SRE/2022-03-31
LEU,,,PaymentsToAcquirePropertyPlantAndEquipment,,fuel_and_nuclear,2022-03-31,Q1,2022-05-06T23:59:59+00:00,"filing date, end of day",100000.0,400000.0,-300000.0,same-quarter mean,measured,2,1098,-1250000.0,950000.0,2.375,,,results/complex-quarterly/LEU/2022-03-31
NRG,,,PaymentsToAcquirePropertyPlantAndEquipment,,power,2022-03-31,Q1,2022-05-06T23:59:59+00:00,"filing date, end of day",60000000.0,63000000.0,-3000000.0,same-quarter mean,measured,12,4014,-14166666.666666666,11166666.666666666,0.17724867724867724,,,results/complex-quarterly/NRG/2022-03-31
VST,,,PaymentsToAcquirePropertyPlantAndEquipment,,power,2022-03-31,Q1,2022-05-06T23:59:59+00:00,"filing date, end of day",373000000.0,192000000.0,181000000.0,same-quarter mean,measured,5,1096,28800000.0,152200000.0,0.7927083333333333,,,results/complex-quarterly/VST/2022-03-31
BWXT,,,PaymentsToAcquirePropertyPlantAndEquipment,,fuel_and_nuclear,2022-03-31,Q1,2022-05-09T23:59:59+00:00,"filing date, end of day",52411000.0,101932000.0,-49521000.0,same-quarter mean,measured,10,3281,8117900.0,-57638900.0,-0.5654642310559981,,,results/complex-quarterly/BWXT/2022-03-31
DUK,,,PaymentsToAcquirePropertyPlantAndEquipment,,power,2022-03-31,Q1,2022-05-09T23:59:59+00:00,"filing date, end of day",2551000000.0,2215000000.0,336000000.0,same-quarter mean,measured,11,3654,94181818.18181819,241818181.8181818,0.10917299404884055,,,results/complex-quarterly/DUK/2022-03-31
EXC,,,PaymentsToAcquirePropertyPlantAndEquipment,,power,2022-03-31,Q1,2022-05-09T23:59:59+00:00,"filing date, end of day",1922000000.0,1930000000.0,-8000000.0,same-quarter mean,measured,12,3661,165583333.33333334,-173583333.33333334,-0.08993955094991365,,,results/complex-quarterly/EXC/2022-03-31
PLUG,,,PaymentsToAcquirePropertyPlantAndEquipment,,fuel_and_nuclear,2022-03-31,Q1,2022-05-09T23:59:59+00:00,"filing date, end of day",78394000.0,9879000.0,68515000.0,same-quarter mean,measured,8,2960,1114015.625,67400984.375,6.822652533151128,,,results/complex-quarterly/PLUG/2022-03-31
PRIM,,,PaymentsToAcquirePropertyPlantAndEquipment,,buildout,2022-03-31,Q1,2022-05-10T23:59:59+00:00,"filing date, end of day",33165000.0,19078000.0,14087000.0,same-quarter mean,measured,10,3284,1499800.0,12587200.0,0.6597756578257679,,,results/complex-quarterly/PRIM/2022-03-31
CEG,,,PaymentsToAcquirePropertyPlantAndEquipment,,power,2022-03-31,Q1,2022-05-12T23:59:59+00:00,"filing date, end of day",410000000.0,382000000.0,28000000.0,,missing,0,,,,,,,results/complex-quarterly/CEG/2022-03-31
CORZ,,,PaymentsToAcquirePropertyPlantAndEquipment,,compute_and_ai,2022-03-31,Q1,2022-05-13T23:59:59+00:00,"filing date, end of day",133223000.0,10757000.0,122466000.0,,missing,0,,,,,,,results/complex-quarterly/CORZ/2022-03-31
WULF,,,PaymentsToAcquirePropertyPlantAndEquipment,,compute_and_ai,2022-03-31,Q1,2022-05-16T23:59:59+00:00,"filing date, end of day",21488000.0,135125.0,21352875.0,same-quarter mean,measured,9,2921,7598.0,21345277.0,157.9668973172988,,,results/complex-quarterly/WULF/2022-03-31
DY,,,PaymentsToAcquirePropertyPlantAndEquipment,,buildout,2022-04-30,Q2,2022-05-26T23:59:59+00:00,"filing date, end of day",38405000.0,31629000.0,6776000.0,same-quarter mean,measured,5,1098,-1232400.0,8008400.0,0.2531980144803819,,,results/complex-quarterly/DY/2022-04-30
MRVL,,,PaymentsToAcquirePropertyPlantAndEquipment,,compute_and_ai,2022-04-30,Q2,2022-05-27T23:59:59+00:00,"filing date, end of day",36900000.0,21444000.0,15456000.0,prior same-quarter,measured,1,0,-13899000.0,29355000.0,1.3689143816452154,,,results/complex-quarterly/MRVL/2022-04-30
AMZN,,,PaymentsToAcquireProductiveAssets,,hyperscaler,2022-06-30,Q2,2022-07-29T23:59:59+00:00,"filing date, end of day",15724000000.0,14951000000.0,773000000.0,same-quarter mean,measured,4,735,821750000.0,-48750000.0,-0.0032606514614407062,,,results/complex-quarterly/AMZN/2022-06-30
EQIX,,,PaymentsToAcquireProductiveAssets,,data_center_reit,2022-06-30,Q2,2022-07-29T23:59:59+00:00,"filing date, end of day",484830000.0,412518000.0,72312000.0,same-quarter mean,measured,7,2926,66799571.428571425,5512428.571428575,0.013362880095968114,,,results/complex-quarterly/EQIX/2022-06-30
PWR,,,PaymentsToAcquirePropertyPlantAndEquipment,,buildout,2022-06-30,Q2,2022-08-04T23:59:59+00:00,"filing date, end of day",121574000.0,109937000.0,11637000.0,same-quarter mean,measured,13,4379,4969692.307692308,6667307.692307692,0.060646622086355746,,,results/complex-quarterly/PWR/2022-06-30
SBAC,,,PaymentsToAcquireProductiveAssets,,data_center_reit,2022-06-30,Q2,2022-08-04T23:59:59+00:00,"filing date, end of day",193078000.0,38008000.0,155070000.0,same-quarter mean,measured,9,2557,90155666.66666667,64914333.33333333,1.7079123693257559,,,results/complex-quarterly/SBAC/2022-06-30
AI,,,PaymentsToAcquirePropertyPlantAndEquipment,,compute_and_ai,2022-07-31,Q3,2022-09-01T23:59:59+00:00,"filing date, end of day",15536000.0,511000.0,15025000.0,prior same-quarter,measured,1,0,-143000.0,15168000.0,29.682974559686887,,,results/complex-quarterly/AI/2022-07-31
ORCL,,,PaymentsToAcquirePropertyPlantAndEquipment,,hyperscaler,2022-08-31,Q3,2022-09-13T23:59:59+00:00,"filing date, end of day",1719000000.0,1062000000.0,657000000.0,same-quarter mean,measured,11,3643,85818181.81818181,571181818.1818182,0.5378359869885294,,,results/complex-quarterly/ORCL/2022-08-31
APLD,,,PaymentsToAcquirePropertyPlantAndEquipment,,compute_and_ai,2022-08-31,Q3,2022-10-12T23:59:59+00:00,"filing date, end of day",31673000.0,988000.0,30685000.0,,missing,0,,,,,,,results/complex-quarterly/APLD/2022-08-31
MSFT,,,PaymentsToAcquirePropertyPlantAndEquipment,,hyperscaler,2022-09-30,Q3,2022-10-25T23:59:59+00:00,"filing date, end of day",6283000000.0,5340000000.0,943000000.0,same-quarter mean,measured,13,4386,276000000.0,667000000.0,0.12490636704119851,,,results/complex-quarterly/MSFT/2022-09-30
AMZN,,,PaymentsToAcquireProductiveAssets,,hyperscaler,2022-09-30,Q3,2022-10-28T23:59:59+00:00,"filing date, end of day",16378000000.0,15724000000.0,654000000.0,same-quarter mean,measured,5,1099,1504200000.0,-850200000.0,-0.054070211142203,,,results/complex-quarterly/AMZN/2022-09-30
SBAC,,,PaymentsToAcquireProductiveAssets,,data_center_reit,2022-09-30,Q3,2022-11-03T23:59:59+00:00,"filing date, end of day",123829000.0,193078000.0,-69249000.0,same-quarter mean,measured,9,2555,-3763000.0,-65486000.0,-0.33916862615108917,,,results/complex-quarterly/SBAC/2022-09-30
EQIX,,,PaymentsToAcquireProductiveAssets,,data_center_reit,2022-09-30,Q3,2022-11-04T23:59:59+00:00,"filing date, end of day",552729000.0,484830000.0,67899000.0,same-quarter mean,measured,6,2914,97345000.0,-29446000.0,-0.0607346905100757,,,results/complex-quarterly/EQIX/2022-09-30
PWR,,,PaymentsToAcquirePropertyPlantAndEquipment,,buildout,2022-09-30,Q3,2022-11-04T23:59:59+00:00,"filing date, end of day",105958000.0,121574000.0,-15616000.0,same-quarter mean,measured,14,4378,-5879142.857142857,-9736857.142857142,-0.08008996284449917,,,results/complex-quarterly/PWR/2022-09-30
SMCI,,,PaymentsToAcquirePropertyPlantAndEquipment,,compute_and_ai,2022-09-30,Q3,2022-11-04T23:59:59+00:00,"filing date, end of day",10746000.0,10802000.0,-56000.0,same-quarter mean,measured,11,3651,322909.0909090909,-378909.0909090909,-0.03507767921765329,,,results/complex-quarterly/SMCI/2022-09-30
CORZ,,,PaymentsToAcquirePropertyPlantAndEquipment,,compute_and_ai,2022-09-30,Q3,2022-11-22T23:59:59+00:00,"filing date, end of day",5200000.0,133223000.0,-128023000.0,,missing,0,,,,,,,results/complex-quarterly/CORZ/2022-09-30
MU,,,PaymentsToAcquirePropertyPlantAndEquipment,,compute_and_ai,2022-12-01,Q4,2022-12-22T23:59:59+00:00,"filing date, end of day",2449000000.0,3265000000.0,-816000000.0,same-quarter mean,measured,13,4377,230384615.3846154,-1046384615.3846154,-0.3204853339615974,,,results/complex-quarterly/MU/2022-12-01
MSFT,,,PaymentsToAcquirePropertyPlantAndEquipment,,hyperscaler,2022-12-31,Q4,2023-01-24T23:59:59+00:00,"filing date, end of day",6274000000.0,6283000000.0,-9000000.0,same-quarter mean,measured,14,4380,111714285.71428572,-120714285.71428572,-0.019212841909006163,,,results/complex-quarterly/MSFT/2022-12-31
ROK,,,PaymentsToAcquirePropertyPlantAndEquipment,,buildout,2022-12-31,Q4,2023-01-26T23:59:59+00:00,"filing date, end of day",24200000.0,37100000.0,-12900000.0,same-quarter mean,measured,13,4371,746153.8461538461,-13646153.846153846,-0.3678208583868961,,,results/complex-quarterly/ROK/2022-12-31
AAPL,,,PaymentsToAcquirePropertyPlantAndEquipment,,hyperscaler,2022-12-31,Q4,2023-02-03T23:59:59+00:00,"filing date, end of day",3787000000.0,2803000000.0,984000000.0,same-quarter mean,measured,9,2557,54000000.0,930000000.0,0.33178737067427755,,,results/complex-quarterly/AAPL/2022-12-31
J,,,PaymentsToAcquirePropertyPlantAndEquipment,,buildout,2022-12-30,Q4,2023-02-07T23:59:59+00:00,"filing date, end of day",32187000.0,19318000.0,12869000.0,same-quarter mean,measured,10,4031,3485900.0,9383100.0,0.48571798322807747,,,results/complex-quarterly/J/2022-12-30
AVGO,,,PaymentsToAcquirePropertyPlantAndEquipment,,compute_and_ai,2023-01-29,Q1,2023-03-08T23:59:59+00:00,"filing date, end of day",103000000.0,101000000.0,2000000.0,same-quarter mean,measured,4,1091,-29750000.0,31750000.0,0.31435643564356436,,,results/complex-quarterly/AVGO/2023-01-29
MSFT,,,PaymentsToAcquirePropertyPlantAndEquipment,,hyperscaler,2023-03-31,Q1,2023-04-25T23:59:59+00:00,"filing date, end of day",6607000000.0,6274000000.0,333000000.0,same-quarter mean,measured,14,4387,-42142857.14285714,375142857.14285713,0.05979325105879138,,,results/complex-quarterly/MSFT/2023-03-31
AMT,,,PaymentsToAcquirePropertyPlantAndEquipment,,data_center_reit,2023-03-31,Q1,2023-04-26T23:59:59+00:00,"filing date, end of day",461900000.0,386100000.0,75800000.0,same-quarter mean,measured,3,363,55100000.0,20700000.0,0.053613053613053616,,,results/complex-quarterly/AMT/2023-03-31
FIX,,,PaymentsToAcquirePropertyPlantAndEquipment,,buildout,2023-03-31,Q1,2023-04-26T23:59:59+00:00,"filing date, end of day",16520000.0,9192000.0,7328000.0,same-quarter mean,measured,12,3647,-81583.33333333333,7409583.333333333,0.8060904409631563,,,results/complex-quarterly/FIX/2023-03-31
EME,,,PaymentsToAcquireProductiveAssets,,buildout,2023-03-31,Q1,2023-04-27T23:59:59+00:00,"filing date, end of day",23154000.0,11501000.0,11653000.0,same-quarter mean,measured,12,4018,667666.6666666666,10985333.333333334,0.9551633191316697,,,results/complex-quarterly/EME/2023-03-31
FSLR,,,PaymentsToAcquirePropertyPlantAndEquipment,,fuel_and_nuclear,2023-03-31,Q1,2023-04-27T23:59:59+00:00,"filing date, end of day",370961000.0,154761000.0,216200000.0,same-quarter mean,measured,13,4383,5258230.769230769,210941769.23076922,1.3630163234327073,,,results/complex-quarterly/FSLR/2023-03-31
META,,,PaymentsToAcquirePropertyPlantAndEquipment,,hyperscaler,2023-03-31,Q1,2023-04-27T23:59:59+00:00,"filing date, end of day",6842000000.0,5441000000.0,1401000000.0,same-quarter mean,measured,10,3283,498800000.0,902200000.0,0.16581510751700054,,,results/complex-quarterly/META/2023-03-31
SO,,,PaymentsToAcquirePropertyPlantAndEquipment,,power,2023-03-31,Q1,2023-04-27T23:59:59+00:00,"filing date, end of day",1850000000.0,1419000000.0,431000000.0,same-quarter mean,measured,13,4374,21752923.076923076,409247076.9230769,0.2884052691494552,,,results/complex-quarterly/SO/2023-03-31
AMZN,,,PaymentsToAcquireProductiveAssets,,hyperscaler,2023-03-31,Q1,2023-04-28T23:59:59+00:00,"filing date, end of day",14207000000.0,16378000000.0,-2171000000.0,same-quarter mean,measured,5,1099,456400000.0,-2627400000.0,-0.16042251801196727,,,results/complex-quarterly/AMZN/2023-03-31
NVT,,,PaymentsToAcquirePropertyPlantAndEquipment,,buildout,2023-03-31,Q1,2023-04-28T23:59:59+00:00,"filing date, end of day",17100000.0,11100000.0,6000000.0,same-quarter mean,measured,5,1452,-40000.0,6040000.0,0.5441441441441441,,,results/complex-quarterly/NVT/2023-03-31
VRT,,,PaymentsToAcquirePropertyPlantAndEquipment,,buildout,2023-03-31,Q1,2023-04-28T23:59:59+00:00,"filing date, end of day",27800000.0,15100000.0,12700000.0,same-quarter mean,measured,3,725,1466666.6666666667,11233333.333333334,0.7439293598233996,,,results/complex-quarterly/VRT/2023-03-31
EIX,,,PaymentsToAcquirePropertyPlantAndEquipment,,power,2023-03-31,Q1,2023-05-02T23:59:59+00:00,"filing date, end of day",1324000000.0,1207000000.0,117000000.0,same-quarter mean,measured,13,4379,32461538.46153846,84538461.53846154,0.07004015040469058,,,results/complex-quarterly/EIX/2023-03-31
ETN,,,PaymentsToAcquirePropertyPlantAndEquipment,,buildout,2023-03-31,Q1,2023-05-02T23:59:59+00:00,"filing date, end of day",126000000.0,115000000.0,11000000.0,same-quarter mean,measured,10,3287,1000000.0,10000000.0,0.08695652173913043,,,results/complex-quarterly/ETN/2023-03-31
STRL,,,PaymentsToAcquirePropertyPlantAndEquipment,,buildout,2023-03-31,Q1,2023-05-02T23:59:59+00:00,"filing date, end of day",14221000.0,14969000.0,-748000.0,same-quarter mean,measured,11,3646,594181.8181818182,-1342181.8181818184,-0.08966409367237747,,,results/complex-quarterly/STRL/2023-03-31
AMD,,,PaymentsToAcquirePropertyPlantAndEquipment,,compute_and_ai,2023-04-01,Q2,2023-05-03T23:59:59+00:00,"filing date, end of day",158000000.0,71000000.0,87000000.0,same-quarter mean,measured,2,2190,-6500000.0,93500000.0,1.3169014084507042,,,results/complex-quarterly/AMD/2023-04-01
CCI,,,PaymentsToAcquireProductiveAssets,,data_center_reit,2023-03-31,Q1,2023-05-03T23:59:59+00:00,"filing date, end of day",341000000.0,281000000.0,60000000.0,same-quarter mean,measured,12,4372,-52250.0,60052250.0,0.21370907473309608,,,results/complex-quarterly/CCI/2023-03-31
EXC,,,PaymentsToAcquirePropertyPlantAndEquipment,,power,2023-03-31,Q1,2023-05-03T23:59:59+00:00,"filing date, end of day",1881000000.0,1922000000.0,-41000000.0,same-quarter mean,measured,13,4030,152230769.23076922,-193230769.23076922,-0.10053630032818378,,,results/complex-quarterly/EXC/2023-03-31
CEG,,,PaymentsToAcquirePropertyPlantAndEquipment,,power,2023-03-31,Q1,2023-05-04T23:59:59+00:00,"filing date, end of day",660000000.0,410000000.0,250000000.0,prior same-quarter,measured,1,0,28000000.0,222000000.0,0.5414634146341464,,,results/complex-quarterly/CEG/2023-03-31
IRM,,,PaymentsToAcquirePropertyPlantAndEquipment,,data_center_reit,2023-03-31,Q1,2023-05-04T23:59:59+00:00,"filing date, end of day",265906000.0,161050000.0,104856000.0,same-quarter mean,measured,13,4371,13522384.615384616,91333615.38461539,0.5671134143720298,,,results/complex-quarterly/IRM/2023-03-31
MTZ,,,PaymentsToAcquireProductiveAssets,,buildout,2023-03-31,Q1,2023-05-04T23:59:59+00:00,"filing date, end of day",63346000.0,83191000.0,-19845000.0,same-quarter mean,measured,10,3290,6909400.0,-26754400.0,-0.3216020963806181,,,results/complex-quarterly/MTZ/2023-03-31
NRG,,,PaymentsToAcquirePropertyPlantAndEquipment,,power,2023-03-31,Q1,2023-05-04T23:59:59+00:00,"filing date, end of day",142000000.0,60000000.0,82000000.0,same-quarter mean,measured,13,4379,-13307692.307692308,95307692.3076923,1.5884615384615384,,,results/complex-quarterly/NRG/2023-03-31
PCG,,,PaymentsToAcquirePropertyPlantAndEquipment,,power,2023-03-31,Q1,2023-05-04T23:59:59+00:00,"filing date, end of day",2288000000.0,2310000000.0,-22000000.0,same-quarter mean,measured,13,4012,94692307.6923077,-116692307.6923077,-0.05051615051615052,,,results/complex-quarterly/PCG/2023-03-31
PPL,,,PaymentsToAcquirePropertyPlantAndEquipment,,power,2023-03-31,Q1,2023-05-04T23:59:59+00:00,"filing date, end of day",499000000.0,427000000.0,72000000.0,same-quarter mean,measured,13,4382,12076923.076923076,59923076.92307693,0.14033507476130427,,,results/complex-quarterly/PPL/2023-03-31
PWR,,,PaymentsToAcquirePropertyPlantAndEquipment,,buildout,2023-03-31,Q1,2023-05-04T23:59:59+00:00,"filing date, end of day",80319000.0,105958000.0,-25639000.0,same-quarter mean,measured,14,4378,4832571.428571428,-30471571.42857143,-0.28758160241389447,,,results/complex-quarterly/PWR/2023-03-31
SRE,,,PaymentsToAcquirePropertyPlantAndEquipment,,power,2023-03-31,Q1,2023-05-04T23:59:59+00:00,"filing date, end of day",1830000000.0,1204000000.0,626000000.0,same-quarter mean,measured,8,2192,50375000.0,575625000.0,0.478093853820598,,,results/complex-quarterly/SRE/2023-03-31
EQIX,,,PaymentsToAcquireProductiveAssets,,data_center_reit,2023-03-31,Q1,2023-05-05T23:59:59+00:00,"filing date, end of day",529600000.0,552729000.0,-23129000.0,same-quarter mean,measured,5,2555,-112451000.0,89322000.0,0.16160179762596136,,,results/complex-quarterly/EQIX/2023-03-31
BWXT,,,PaymentsToAcquirePropertyPlantAndEquipment,,fuel_and_nuclear,2023-03-31,Q1,2023-05-08T23:59:59+00:00,"filing date, end of day",29780000.0,52411000.0,-22631000.0,same-quarter mean,measured,11,3652,2878000.0,-25509000.0,-0.48671080498368663,,,results/complex-quarterly/BWXT/2023-03-31
CIFR,,,PaymentsToAcquirePropertyPlantAndEquipment,,compute_and_ai,2023-03-31,Q1,2023-05-09T23:59:59+00:00,"filing date, end of day",17947000.0,7059000.0,10888000.0,,missing,0,,,,,,,results/complex-quarterly/CIFR/2023-03-31
DUK,,,PaymentsToAcquirePropertyPlantAndEquipment,,power,2023-03-31,Q1,2023-05-09T23:59:59+00:00,"filing date, end of day",3146000000.0,2551000000.0,595000000.0,same-quarter mean,measured,12,4018,114333333.33333333,480666666.6666667,0.18842284071605908,,,results/complex-quarterly/DUK/2023-03-31
LEU,,,PaymentsToAcquirePropertyPlantAndEquipment,,fuel_and_nuclear,2023-03-31,Q1,2023-05-09T23:59:59+00:00,"filing date, end of day",300000.0,100000.0,200000.0,same-quarter mean,measured,3,1457,-933333.3333333334,1133333.3333333335,11.333333333333336,,,results/complex-quarterly/LEU/2023-03-31
PLUG,,,PaymentsToAcquirePropertyPlantAndEquipment,,fuel_and_nuclear,2023-03-31,Q1,2023-05-09T23:59:59+00:00,"filing date, end of day",168565000.0,78394000.0,90171000.0,same-quarter mean,measured,9,3281,8603013.888888888,81567986.1111111,1.0404876152653406,,,results/complex-quarterly/PLUG/2023-03-31
SBAC,,,PaymentsToAcquirePropertyPlantAndEquipment,,data_center_reit,2023-03-31,Q1,2023-05-09T23:59:59+00:00,"filing date, end of day",49135000.0,123829000.0,-74694000.0,same-quarter mean,measured,12,4011,-62640583.333333336,-12053416.666666664,-0.09733920702474108,,,results/complex-quarterly/SBAC/2023-03-31
SMR,,,PaymentsToAcquirePropertyPlantAndEquipment,,fuel_and_nuclear,2023-03-31,Q1,2023-05-09T23:59:59+00:00,"filing date, end of day",351000.0,1187000.0,-836000.0,,missing,0,,,,,,,results/complex-quarterly/SMR/2023-03-31
VST,,,PaymentsToAcquirePropertyPlantAndEquipment,,power,2023-03-31,Q1,2023-05-09T23:59:59+00:00,"filing date, end of day",484000000.0,373000000.0,111000000.0,same-quarter mean,measured,6,1463,54166666.666666664,56833333.333333336,0.15236818588025022,,,results/complex-quarterly/VST/2023-03-31
PRIM,,,PaymentsToAcquirePropertyPlantAndEquipment,,buildout,2023-03-31,Q1,2023-05-10T23:59:59+00:00,"filing date, end of day",13847000.0,33165000.0,-19318000.0,same-quarter mean,measured,11,3653,2644090.909090909,-21962090.90909091,-0.6622068719762072,,,results/complex-quarterly/PRIM/2023-03-31
CORZ,,,PaymentsToAcquirePropertyPlantAndEquipment,,compute_and_ai,2023-03-31,Q1,2023-05-15T23:59:59+00:00,"filing date, end of day",1539000.0,5200000.0,-3661000.0,prior same-quarter,measured,1,0,122466000.0,-126127000.0,-24.255192307692308,,,results/complex-quarterly/CORZ/2023-03-31
WULF,,,PaymentsToAcquirePropertyPlantAndEquipment,,compute_and_ai,2023-03-31,Q1,2023-05-15T23:59:59+00:00,"filing date, end of day",9986000.0,21488000.0,-11502000.0,same-quarter mean,measured,10,3654,2142125.7,-13644125.7,-0.6349648966865227,,,results/complex-quarterly/WULF/2023-03-31
DY,,,PaymentsToAcquirePropertyPlantAndEquipment,,buildout,2023-04-29,Q2,2023-05-25T23:59:59+00:00,"filing date, end of day",42920000.0,38405000.0,4515000.0,same-quarter mean,measured,6,1463,102333.33333333333,4412666.666666667,0.11489823373692662,,,results/complex-quarterly/DY/2023-04-29
MRVL,,,PaymentsToAcquirePropertyPlantAndEquipment,,compute_and_ai,2023-04-29,Q2,2023-05-26T23:59:59+00:00,"filing date, end of day",99800000.0,36900000.0,62900000.0,same-quarter mean,measured,2,352,778500.0,62121500.0,1.6835094850948509,,,results/complex-quarterly/MRVL/2023-04-29
AGX,,,PaymentsToAcquirePropertyPlantAndEquipment,,buildout,2022-04-30,Q2,2023-06-08T23:59:59+00:00,"filing date, end of day",238000.0,844000.0,-606000.0,same-quarter mean,measured,10,3283,39300.0,-645300.0,-0.7645734597156398,,,results/complex-quarterly/AGX/2022-04-30
AGX,,,PaymentsToAcquirePropertyPlantAndEquipment,,buildout,2023-04-30,Q2,2023-06-08T23:59:59+00:00,"filing date, end of day",645000.0,238000.0,407000.0,same-quarter mean,measured,10,3283,39300.0,367700.0,1.5449579831932774,,,results/complex-quarterly/AGX/2023-04-30
SBAC,,,PaymentsToAcquireProductiveAssets,,data_center_reit,2023-06-30,Q2,2023-08-03T23:59:59+00:00,"filing date, end of day",84032000.0,49135000.0,34897000.0,same-quarter mean,measured,10,2921,96647100.0,-61750100.0,-1.256743665411621,,,results/complex-quarterly/SBAC/2023-06-30
AMZN,,,PaymentsToAcquireProductiveAssets,,hyperscaler,2023-06-30,Q2,2023-08-04T23:59:59+00:00,"filing date, end of day",11455000000.0,14207000000.0,-2752000000.0,same-quarter mean,measured,5,1099,812000000.0,-3564000000.0,-0.25086225100302667,,,results/complex-quarterly/AMZN/2023-06-30
EQIX,,,PaymentsToAcquireProductiveAssets,,data_center_reit,2023-06-30,Q2,2023-08-04T23:59:59+00:00,"filing date, end of day",638159000.0,529600000.0,108559000.0,same-quarter mean,measured,8,3290,67488625.0,41070375.0,0.07754980173716013,,,results/complex-quarterly/EQIX/2023-06-30
AI,,,PaymentsToAcquirePropertyPlantAndEquipment,,compute_and_ai,2023-07-31,Q3,2023-09-07T23:59:59+00:00,"filing date, end of day",11338000.0,15536000.0,-4198000.0,same-quarter mean,measured,2,364,7441000.0,-11639000.0,-0.7491632337796087,,,results/complex-quarterly/AI/2023-07-31
ORCL,,,PaymentsToAcquirePropertyPlantAndEquipment,,hyperscaler,2023-08-31,Q3,2023-09-12T23:59:59+00:00,"filing date, end of day",1314000000.0,1719000000.0,-405000000.0,same-quarter mean,measured,12,4008,133416666.66666667,-538416666.6666666,-0.3132150475082412,,,results/complex-quarterly/ORCL/2023-08-31
APLD,,,PaymentsToAcquirePropertyPlantAndEquipment,,compute_and_ai,2023-08-31,Q3,2023-10-10T23:59:59+00:00,"filing date, end of day",75659000.0,31673000.0,43986000.0,prior same-quarter,measured,1,0,30685000.0,13301000.0,0.4199475894294825,,,results/complex-quarterly/APLD/2023-08-31
MSFT,,,PaymentsToAcquirePropertyPlantAndEquipment,,hyperscaler,2023-09-30,Q3,2023-10-24T23:59:59+00:00,"filing date, end of day",9917000000.0,6607000000.0,3310000000.0,same-quarter mean,measured,14,4750,323642857.14285713,2986357142.857143,0.45199896213972196,,,results/complex-quarterly/MSFT/2023-09-30
AMZN,,,PaymentsToAcquireProductiveAssets,,hyperscaler,2023-09-30,Q3,2023-10-27T23:59:59+00:00,"filing date, end of day",12479000000.0,11455000000.0,1024000000.0,same-quarter mean,measured,6,1463,1362500000.0,-338500000.0,-0.029550414666084678,,,results/complex-quarterly/AMZN/2023-09-30
EQIX,,,PaymentsToAcquireProductiveAssets,,data_center_reit,2023-09-30,Q3,2023-10-27T23:59:59+00:00,"filing date, end of day",617539000.0,638159000.0,-20620000.0,same-quarter mean,measured,7,3279,93138428.57142857,-113758428.57142857,-0.17826032159920735,,,results/complex-quarterly/EQIX/2023-09-30
SMCI,,,PaymentsToAcquirePropertyPlantAndEquipment,,compute_and_ai,2023-09-30,Q3,2023-11-03T23:59:59+00:00,"filing date, end of day",2631000.0,10746000.0,-8115000.0,same-quarter mean,measured,12,4015,291333.3333333333,-8406333.333333334,-0.7822755754079038,,,results/complex-quarterly/SMCI/2023-09-30
SBAC,,,PaymentsToAcquireProductiveAssets,,data_center_reit,2023-09-30,Q3,2023-11-07T23:59:59+00:00,"filing date, end of day",115430000.0,84032000.0,31398000.0,same-quarter mean,measured,10,2918,-10311600.0,41709600.0,0.49635376999238384,,,results/complex-quarterly/SBAC/2023-09-30
MU,,,PaymentsToAcquirePropertyPlantAndEquipment,,compute_and_ai,2023-11-30,Q4,2023-12-21T23:59:59+00:00,"filing date, end of day",1796000000.0,2449000000.0,-653000000.0,same-quarter mean,measured,14,4727,155642857.14285713,-808642857.1428571,-0.33019308172431894,,,results/complex-quarterly/MU/2023-11-30
MSFT,,,PaymentsToAcquirePropertyPlantAndEquipment,,hyperscaler,2023-12-31,Q4,2024-01-30T23:59:59+00:00,"filing date, end of day",9735000000.0,9917000000.0,-182000000.0,same-quarter mean,measured,15,4744,103666666.66666667,-285666666.6666667,-0.028805754428422575,,,results/complex-quarterly/MSFT/2023-12-31
ROK,,,PaymentsToAcquirePropertyPlantAndEquipment,,buildout,2023-12-31,Q4,2024-01-31T23:59:59+00:00,"filing date, end of day",67900000.0,24200000.0,43700000.0,same-quarter mean,measured,14,4735,-228571.42857142858,43928571.428571425,1.8152302243211333,,,results/complex-quarterly/ROK/2023-12-31
AAPL,,,PaymentsToAcquirePropertyPlantAndEquipment,,hyperscaler,2023-12-30,Q4,2024-02-02T23:59:59+00:00,"filing date, end of day",2392000000.0,3787000000.0,-1395000000.0,same-quarter mean,measured,10,2928,147000000.0,-1542000000.0,-0.4071824663321891,,,results/complex-quarterly/AAPL/2023-12-30
J,,,PaymentsToAcquirePropertyPlantAndEquipment,,buildout,2023-12-29,Q4,2024-02-06T23:59:59+00:00,"filing date, end of day",17306000.0,32187000.0,-14881000.0,same-quarter mean,measured,11,4395,4338909.090909091,-19219909.09090909,-0.5971326650793516,,,results/complex-quarterly/J/2023-12-29
AVGO,,,PaymentsToAcquirePropertyPlantAndEquipment,,compute_and_ai,2024-02-04,Q1,2024-03-14T23:59:59+00:00,"filing date, end of day",122000000.0,103000000.0,19000000.0,same-quarter mean,measured,5,1454,-23400000.0,42400000.0,0.4116504854368932,,,results/complex-quarterly/AVGO/2024-02-04
EME,,,PaymentsToAcquireProductiveAssets,,buildout,2024-03-31,Q1,2024-04-25T23:59:59+00:00,"filing date, end of day",20278000.0,23154000.0,-2876000.0,same-quarter mean,measured,13,4382,1512692.3076923077,-4388692.307692308,-0.18954359107248459,,,results/complex-quarterly/EME/2024-03-31
FIX,,,PaymentsToAcquirePropertyPlantAndEquipment,,buildout,2024-03-31,Q1,2024-04-25T23:59:59+00:00,"filing date, end of day",24952000.0,16520000.0,8432000.0,same-quarter mean,measured,13,4011,488384.6153846154,7943615.384615385,0.48084838889923637,,,results/complex-quarterly/FIX/2024-03-31
META,,,PaymentsToAcquirePropertyPlantAndEquipment,,hyperscaler,2024-03-31,Q1,2024-04-25T23:59:59+00:00,"filing date, end of day",6400000000.0,6842000000.0,-442000000.0,same-quarter mean,measured,11,3647,580818181.8181819,-1022818181.8181819,-0.14949111105205815,,,results/complex-quarterly/META/2024-03-31
MSFT,,,PaymentsToAcquirePropertyPlantAndEquipment,,hyperscaler,2024-03-31,Q1,2024-04-25T23:59:59+00:00,"filing date, end of day",10952000000.0,9735000000.0,1217000000.0,same-quarter mean,measured,15,4751,-17133333.333333332,1234133333.3333333,0.12677281287450778,,,results/complex-quarterly/MSFT/2024-03-31
PCG,,,PaymentsToAcquirePropertyPlantAndEquipment,,power,2024-03-31,Q1,2024-04-25T23:59:59+00:00,"filing date, end of day",2638000000.0,2288000000.0,350000000.0,same-quarter mean,measured,14,4383,86357142.85714285,263642857.14285713,0.11522852147852147,,,results/complex-quarterly/PCG/2024-03-31
VRT,,,PaymentsToAcquirePropertyPlantAndEquipment,,buildout,2024-03-31,Q1,2024-04-26T23:59:59+00:00,"filing date, end of day",35800000.0,27800000.0,8000000.0,same-quarter mean,measured,4,1086,4275000.0,3725000.0,0.13399280575539568,,,results/complex-quarterly/VRT/2024-03-31
AMT,,,PaymentsToAcquirePropertyPlantAndEquipment,,data_center_reit,2024-03-31,Q1,2024-04-30T23:59:59+00:00,"filing date, end of day",396700000.0,461900000.0,-65200000.0,same-quarter mean,measured,4,727,60275000.0,-125475000.0,-0.27164970772894564,,,results/complex-quarterly/AMT/2024-03-31
EIX,,,PaymentsToAcquirePropertyPlantAndEquipment,,power,2024-03-31,Q1,2024-04-30T23:59:59+00:00,"filing date, end of day",1279000000.0,1324000000.0,-45000000.0,same-quarter mean,measured,14,4743,38500000.0,-83500000.0,-0.06306646525679759,,,results/complex-quarterly/EIX/2024-03-31
ETN,,,PaymentsToAcquirePropertyPlantAndEquipment,,buildout,2024-03-31,Q1,2024-04-30T23:59:59+00:00,"filing date, end of day",183000000.0,126000000.0,57000000.0,same-quarter mean,measured,11,3651,1909090.9090909092,55090909.09090909,0.43722943722943725,,,results/complex-quarterly/ETN/2024-03-31
GEV,,,PaymentsToAcquireProductiveAssets,,buildout,2024-03-31,Q1,2024-04-30T23:59:59+00:00,"filing date, end of day",217000000.0,124000000.0,93000000.0,,missing,0,,,,,,,results/complex-quarterly/GEV/2024-03-31
AMD,,,PaymentsToAcquirePropertyPlantAndEquipment,,compute_and_ai,2024-03-30,Q1,2024-05-01T23:59:59+00:00,"filing date, end of day",142000000.0,158000000.0,-16000000.0,same-quarter mean,measured,10,3647,3600000.0,-19600000.0,-0.1240506329113924,,,results/complex-quarterly/AMD/2024-03-30
AMZN,,,PaymentsToAcquireProductiveAssets,,hyperscaler,2024-03-31,Q1,2024-05-01T23:59:59+00:00,"filing date, end of day",14925000000.0,12479000000.0,2446000000.0,same-quarter mean,measured,6,1463,18500000.0,2427500000.0,0.19452680503245454,,,results/complex-quarterly/AMZN/2024-03-31
CCI,,,PaymentsToAcquireProductiveAssets,,data_center_reit,2024-03-31,Q1,2024-05-01T23:59:59+00:00,"filing date, end of day",320000000.0,341000000.0,-21000000.0,same-quarter mean,measured,13,4741,4567153.846153846,-25567153.846153848,-0.0749769907511843,,,results/complex-quarterly/CCI/2024-03-31
FSLR,,,PaymentsToAcquirePropertyPlantAndEquipment,,fuel_and_nuclear,2024-03-31,Q1,2024-05-01T23:59:59+00:00,"filing date, end of day",413456000.0,370961000.0,42495000.0,same-quarter mean,measured,14,4746,20325500.0,22169500.0,0.0597623469852626,,,results/complex-quarterly/FSLR/2024-03-31
PPL,,,PaymentsToAcquirePropertyPlantAndEquipment,,power,2024-03-31,Q1,2024-05-01T23:59:59+00:00,"filing date, end of day",596000000.0,499000000.0,97000000.0,same-quarter mean,measured,14,4746,16357142.857142856,80642857.14285715,0.16160893215001432,,,results/complex-quarterly/PPL/2024-03-31
EXC,,,PaymentsToAcquirePropertyPlantAndEquipment,,power,2024-03-31,Q1,2024-05-02T23:59:59+00:00,"filing date, end of day",1767000000.0,1881000000.0,-114000000.0,same-quarter mean,measured,14,4389,138428571.42857143,-252428571.42857143,-0.1341991341991342,,,results/complex-quarterly/EXC/2024-03-31
IRM,,,PaymentsToAcquirePropertyPlantAndEquipment,,data_center_reit,2024-03-31,Q1,2024-05-02T23:59:59+00:00,"filing date, end of day",381145000.0,265906000.0,115239000.0,same-quarter mean,measured,14,4742,20046214.285714287,95192785.71428572,0.3579941246691903,,,results/complex-quarterly/IRM/2024-03-31
MTZ,,,PaymentsToAcquireProductiveAssets,,buildout,2024-03-31,Q1,2024-05-02T23:59:59+00:00,"filing date, end of day",25409000.0,63346000.0,-37937000.0,same-quarter mean,measured,11,3654,4477181.818181818,-42414181.81818182,-0.6695636949165191,,,results/complex-quarterly/MTZ/2024-03-31
PWR,,,PaymentsToAcquirePropertyPlantAndEquipment,,buildout,2024-03-31,Q1,2024-05-02T23:59:59+00:00,"filing date, end of day",83139000.0,80319000.0,2820000.0,same-quarter mean,measured,15,4742,2801133.3333333335,18866.66666666651,0.00023489668281062402,,,results/complex-quarterly/PWR/2024-03-31
SO,,,PaymentsToAcquirePropertyPlantAndEquipment,,power,2024-03-31,Q1,2024-05-02T23:59:59+00:00,"filing date, end of day",1770000000.0,1850000000.0,-80000000.0,same-quarter mean,measured,14,4738,50984857.14285714,-130984857.14285713,-0.07080262548262548,,,results/complex-quarterly/SO/2024-03-31
NVT,,,PaymentsToAcquirePropertyPlantAndEquipment,,buildout,2024-03-31,Q1,2024-05-03T23:59:59+00:00,"filing date, end of day",16100000.0,17100000.0,-1000000.0,same-quarter mean,measured,6,1816,966666.6666666666,-1966666.6666666665,-0.11500974658869395,,,results/complex-quarterly/NVT/2024-03-31
BWXT,,,PaymentsToAcquirePropertyPlantAndEquipment,,fuel_and_nuclear,2024-03-31,Q1,2024-05-06T23:59:59+00:00,"filing date, end of day",30422000.0,29780000.0,642000.0,same-quarter mean,measured,12,4016,752250.0,-110250.0,-0.0037021490933512426,,,results/complex-quarterly/BWXT/2024-03-31
SBAC,,,PaymentsToAcquirePropertyPlantAndEquipment,,data_center_reit,2024-03-31,Q1,2024-05-06T23:59:59+00:00,"filing date, end of day",57871000.0,115430000.0,-57559000.0,same-quarter mean,measured,13,4386,-63567769.23076923,6008769.230769232,0.05205552482690143,,,results/complex-quarterly/SBAC/2024-03-31
CIFR,,,PaymentsToAcquirePropertyPlantAndEquipment,,compute_and_ai,2024-03-31,Q1,2024-05-07T23:59:59+00:00,"filing date, end of day",7902000.0,17947000.0,-10045000.0,prior same-quarter,measured,1,0,10888000.0,-20933000.0,-1.1663787819691314,,,results/complex-quarterly/CIFR/2024-03-31
DUK,,,PaymentsToAcquirePropertyPlantAndEquipment,,power,2024-03-31,Q1,2024-05-07T23:59:59+00:00,"filing date, end of day",3208000000.0,3146000000.0,62000000.0,same-quarter mean,measured,13,4383,151307692.30769232,-89307692.30769232,-0.028387696219864055,,,results/complex-quarterly/DUK/2024-03-31
NRG,,,PaymentsToAcquirePropertyPlantAndEquipment,,power,2024-03-31,Q1,2024-05-07T23:59:59+00:00,"filing date, end of day",69000000.0,142000000.0,-73000000.0,same-quarter mean,measured,14,4742,-6500000.0,-66500000.0,-0.46830985915492956,,,results/complex-quarterly/NRG/2024-03-31
SRE,,,PaymentsToAcquireProductiveAssets,,power,2024-03-31,Q1,2024-05-07T23:59:59+00:00,"filing date, end of day",1933000000.0,1830000000.0,103000000.0,same-quarter mean,measured,4,1089,88750000.0,14250000.0,0.00778688524590164,,,results/complex-quarterly/SRE/2024-03-31
STRL,,,PaymentsToAcquirePropertyPlantAndEquipment,,buildout,2024-03-31,Q1,2024-05-07T23:59:59+00:00,"filing date, end of day",22432000.0,14221000.0,8211000.0,same-quarter mean,measured,12,4010,482333.3333333333,7728666.666666667,0.5434685793310363,,,results/complex-quarterly/STRL/2024-03-31
EQIX,,,PaymentsToAcquireProductiveAssets,,data_center_reit,2024-03-31,Q1,2024-05-08T23:59:59+00:00,"filing date, end of day",707000000.0,617539000.0,89461000.0,same-quarter mean,measured,6,2926,-97564000.0,187025000.0,0.3028553662197853,,,results/complex-quarterly/EQIX/2024-03-31
LEU,,,PaymentsToAcquirePropertyPlantAndEquipment,,fuel_and_nuclear,2024-03-31,Q1,2024-05-08T23:59:59+00:00,"filing date, end of day",1500000.0,300000.0,1200000.0,same-quarter mean,measured,4,1825,-650000.0,1850000.0,6.166666666666667,,,results/complex-quarterly/LEU/2024-03-31
CEG,,,PaymentsToAcquirePropertyPlantAndEquipment,,power,2024-03-31,Q1,2024-05-09T23:59:59+00:00,"filing date, end of day",738000000.0,660000000.0,78000000.0,same-quarter mean,measured,2,357,139000000.0,-61000000.0,-0.09242424242424242,,,results/complex-quarterly/CEG/2024-03-31
CORZ,,,PaymentsToAcquirePropertyPlantAndEquipment,,compute_and_ai,2024-03-31,Q1,2024-05-09T23:59:59+00:00,"filing date, end of day",31894000.0,1539000.0,30355000.0,same-quarter mean,measured,2,367,59402500.0,-29047500.0,-18.874269005847953,,,results/complex-quarterly/CORZ/2024-03-31
PLUG,,,PaymentsToAcquirePropertyPlantAndEquipment,,fuel_and_nuclear,2024-03-31,Q1,2024-05-09T23:59:59+00:00,"filing date, end of day",92621000.0,168565000.0,-75944000.0,same-quarter mean,measured,10,3646,16759812.5,-92703812.5,-0.5499588437694658,,,results/complex-quarterly/PLUG/2024-03-31
PRIM,,,PaymentsToAcquirePropertyPlantAndEquipment,,buildout,2024-03-31,Q1,2024-05-09T23:59:59+00:00,"filing date, end of day",10434000.0,13847000.0,-3413000.0,same-quarter mean,measured,12,4018,813916.6666666666,-4226916.666666667,-0.30525866011891867,,,results/complex-quarterly/PRIM/2024-03-31
VST,,,PaymentsToAcquirePropertyPlantAndEquipment,,power,2024-03-31,Q1,2024-05-10T23:59:59+00:00,"filing date, end of day",465000000.0,484000000.0,-19000000.0,same-quarter mean,measured,7,1831,62285714.28571428,-81285714.28571428,-0.1679456906729634,,,results/complex-quarterly/VST/2024-03-31
WULF,,,PaymentsToAcquirePropertyPlantAndEquipment,,compute_and_ai,2024-03-31,Q1,2024-05-13T23:59:59+00:00,"filing date, end of day",46979000.0,9986000.0,36993000.0,same-quarter mean,measured,11,4018,901750.6363636364,36091249.36363637,3.6141847950767443,,,results/complex-quarterly/WULF/2024-03-31
DY,,,PaymentsToAcquirePropertyPlantAndEquipment,,buildout,2024-04-27,Q2,2024-05-23T23:59:59+00:00,"filing date, end of day",41960000.0,42920000.0,-960000.0,same-quarter mean,measured,7,1827,732714.2857142857,-1692714.2857142857,-0.03943882305951271,,,results/complex-quarterly/DY/2024-04-27
NVDA,,,PaymentsToAcquireProductiveAssets,,compute_and_ai,2023-04-30,Q2,2024-05-29T23:59:59+00:00,"filing date, end of day",248000000.0,298000000.0,-50000000.0,prior same-quarter,measured,1,0,143000000.0,-193000000.0,-0.6476510067114094,,,results/complex-quarterly/NVDA/2023-04-30
NVDA,,,PaymentsToAcquireProductiveAssets,,compute_and_ai,2024-04-28,Q2,2024-05-29T23:59:59+00:00,"filing date, end of day",369000000.0,248000000.0,121000000.0,prior same-quarter,measured,1,0,143000000.0,-22000000.0,-0.08870967741935484,,,results/complex-quarterly/NVDA/2024-04-28
MRVL,,,PaymentsToAcquirePropertyPlantAndEquipment,,compute_and_ai,2024-05-04,Q2,2024-05-31T23:59:59+00:00,"filing date, end of day",91500000.0,99800000.0,-8300000.0,same-quarter mean,measured,3,716,21485666.666666668,-29785666.666666668,-0.29845357381429527,,,results/complex-quarterly/MRVL/2024-05-04
AGX,,,PaymentsToAcquirePropertyPlantAndEquipment,,buildout,2024-04-30,Q2,2024-06-06T23:59:59+00:00,"filing date, end of day",322000.0,645000.0,-323000.0,same-quarter mean,measured,12,4013,16166.666666666666,-339166.6666666667,-0.5258397932816538,,,results/complex-quarterly/AGX/2024-04-30
ARM,,,PaymentsToAcquirePropertyPlantAndEquipment,,compute_and_ai,2024-06-30,Q2,2024-08-01T23:59:59+00:00,"filing date, end of day",29000000.0,26000000.0,3000000.0,,missing,0,,,,,,,results/complex-quarterly/ARM/2024-06-30
AMZN,,,PaymentsToAcquireProductiveAssets,,hyperscaler,2024-06-30,Q2,2024-08-02T23:59:59+00:00,"filing date, end of day",17620000000.0,14925000000.0,2695000000.0,same-quarter mean,measured,6,1470,218000000.0,2477000000.0,0.16596314907872697,,,results/complex-quarterly/AMZN/2024-06-30
SBAC,,,PaymentsToAcquireProductiveAssets,,data_center_reit,2024-06-30,Q2,2024-08-02T23:59:59+00:00,"filing date, end of day",91590000.0,57871000.0,33719000.0,same-quarter mean,measured,11,3285,91033454.54545455,-57314454.54545455,-0.9903829991784235,,,results/complex-quarterly/SBAC/2024-06-30
EQIX,,,PaymentsToAcquireProductiveAssets,,data_center_reit,2024-06-30,Q2,2024-08-07T23:59:59+00:00,"filing date, end of day",648000000.0,707000000.0,-59000000.0,same-quarter mean,measured,9,3661,72052000.0,-131052000.0,-0.18536350777934937,,,results/complex-quarterly/EQIX/2024-06-30
AI,,,PaymentsToAcquirePropertyPlantAndEquipment,,compute_and_ai,2024-07-31,Q3,2024-09-05T23:59:59+00:00,"filing date, end of day",924000.0,11338000.0,-10414000.0,same-quarter mean,measured,3,735,3561333.3333333335,-13975333.333333334,-1.2326101017228202,,,results/complex-quarterly/AI/2024-07-31
ORCL,,,PaymentsToAcquirePropertyPlantAndEquipment,,hyperscaler,2024-08-31,Q3,2024-09-10T23:59:59+00:00,"filing date, end of day",2303000000.0,1314000000.0,989000000.0,same-quarter mean,measured,13,4372,92000000.0,897000000.0,0.682648401826484,,,results/complex-quarterly/ORCL/2024-08-31
APLD,,,PaymentsToAcquireProductiveAssets,,compute_and_ai,2024-08-31,Q3,2024-10-09T23:59:59+00:00,"filing date, end of day",54798000.0,75659000.0,-20861000.0,,missing,0,,,,,,,results/complex-quarterly/APLD/2024-08-31
EQIX,,,PaymentsToAcquireProductiveAssets,,data_center_reit,2024-09-30,Q3,2024-10-30T23:59:59+00:00,"filing date, end of day",724000000.0,648000000.0,76000000.0,same-quarter mean,measured,8,3636,78918625.0,-2918625.0,-0.004504050925925926,,,results/complex-quarterly/EQIX/2024-09-30
MSFT,,,PaymentsToAcquirePropertyPlantAndEquipment,,hyperscaler,2024-09-30,Q3,2024-10-30T23:59:59+00:00,"filing date, end of day",14923000000.0,10952000000.0,3971000000.0,same-quarter mean,measured,15,5114,522733333.3333333,3448266666.6666665,0.3148526905283662,,,results/complex-quarterly/MSFT/2024-09-30
AMZN,,,PaymentsToAcquireProductiveAssets,,hyperscaler,2024-09-30,Q3,2024-11-01T23:59:59+00:00,"filing date, end of day",22620000000.0,17620000000.0,5000000000.0,same-quarter mean,measured,7,1827,1314142857.142857,3685857142.857143,0.20918598994648938,,,results/complex-quarterly/AMZN/2024-09-30
SBAC,,,PaymentsToAcquireProductiveAssets,,data_center_reit,2024-09-30,Q3,2024-11-01T23:59:59+00:00,"filing date, end of day",272297000.0,91590000.0,180707000.0,same-quarter mean,measured,11,3287,-6519818.181818182,187226818.1818182,2.0441840613802618,,,results/complex-quarterly/SBAC/2024-09-30
MU,,,PaymentsToAcquirePropertyPlantAndEquipment,,compute_and_ai,2024-11-28,Q4,2024-12-19T23:59:59+00:00,"filing date, end of day",3206000000.0,1796000000.0,1410000000.0,same-quarter mean,measured,15,5091,101733333.33333333,1308266666.6666667,0.7284335560504825,,,results/complex-quarterly/MU/2024-11-28
MSFT,,,PaymentsToAcquirePropertyPlantAndEquipment,,hyperscaler,2024-12-31,Q4,2025-01-29T23:59:59+00:00,"filing date, end of day",15804000000.0,14923000000.0,881000000.0,same-quarter mean,measured,16,5115,85812500.0,795187500.0,0.05328603497956175,,,results/complex-quarterly/MSFT/2024-12-31
AAPL,,,PaymentsToAcquirePropertyPlantAndEquipment,,hyperscaler,2024-12-28,Q4,2025-01-31T23:59:59+00:00,"filing date, end of day",2940000000.0,2392000000.0,548000000.0,same-quarter mean,measured,11,3292,6818181.818181818,541181818.1818181,0.22624657950744906,,,results/complex-quarterly/AAPL/2024-12-28
J,,,PaymentsToAcquirePropertyPlantAndEquipment,,buildout,2024-12-27,Q4,2025-02-04T23:59:59+00:00,"filing date, end of day",10333000.0,17306000.0,-6973000.0,same-quarter mean,measured,12,4759,2737250.0,-9710250.0,-0.5610915289494973,,,results/complex-quarterly/J/2024-12-27
ROK,,,PaymentsToAcquirePropertyPlantAndEquipment,,buildout,2024-12-31,Q4,2025-02-10T23:59:59+00:00,"filing date, end of day",71000000.0,67900000.0,3100000.0,same-quarter mean,measured,15,5105,2700000.0,400000.0,0.005891016200294551,,,results/complex-quarterly/ROK/2024-12-31
SMCI,,,PaymentsToAcquirePropertyPlantAndEquipment,,compute_and_ai,2024-09-30,Q3,2025-02-25T23:59:59+00:00,"filing date, end of day",44300000.0,2631000.0,41669000.0,same-quarter mean,measured,13,4379,-355307.6923076923,42024307.692307696,15.972750928281146,,,results/complex-quarterly/SMCI/2024-09-30
AVGO,,,PaymentsToAcquirePropertyPlantAndEquipment,,compute_and_ai,2025-02-02,Q1,2025-03-12T23:59:59+00:00,"filing date, end of day",100000000.0,122000000.0,-22000000.0,same-quarter mean,measured,6,1826,-16333333.333333334,-5666666.666666666,-0.046448087431693985,,,results/complex-quarterly/AVGO/2025-02-02
GEV,,,PaymentsToAcquireProductiveAssets,,buildout,2025-03-31,Q1,2025-04-23T23:59:59+00:00,"filing date, end of day",186000000.0,217000000.0,-31000000.0,prior same-quarter,measured,1,0,93000000.0,-124000000.0,-0.5714285714285714,,,results/complex-quarterly/GEV/2025-03-31
VRT,,,PaymentsToAcquirePropertyPlantAndEquipment,,buildout,2025-03-31,Q1,2025-04-23T23:59:59+00:00,"filing date, end of day",36500000.0,36400000.0,100000.0,same-quarter mean,measured,5,1450,5020000.0,-4920000.0,-0.13516483516483516,,,results/complex-quarterly/VRT/2025-03-31
FIX,,,PaymentsToAcquirePropertyPlantAndEquipment,,buildout,2025-03-31,Q1,2025-04-24T23:59:59+00:00,"filing date, end of day",22208000.0,24952000.0,-2744000.0,same-quarter mean,measured,14,4376,1055785.7142857143,-3799785.7142857146,-0.15228381349333578,,,results/complex-quarterly/FIX/2025-03-31
PCG,,,PaymentsToAcquirePropertyPlantAndEquipment,,power,2025-03-31,Q1,2025-04-24T23:59:59+00:00,"filing date, end of day",2635000000.0,2638000000.0,-3000000.0,same-quarter mean,measured,15,4740,103933333.33333333,-106933333.33333333,-0.04053575941369724,,,results/complex-quarterly/PCG/2025-03-31
AMT,,,PaymentsToAcquirePropertyPlantAndEquipment,,data_center_reit,2025-03-31,Q1,2025-04-29T23:59:59+00:00,"filing date, end of day",331100000.0,396700000.0,-65600000.0,same-quarter mean,measured,5,1097,35180000.0,-100780000.0,-0.25404587849760524,,,results/complex-quarterly/AMT/2025-03-31
EIX,,,PaymentsToAcquirePropertyPlantAndEquipment,,power,2025-03-31,Q1,2025-04-29T23:59:59+00:00,"filing date, end of day",1408000000.0,1279000000.0,129000000.0,same-quarter mean,measured,15,5107,32933333.333333332,96066666.66666667,0.07511076361740944,,,results/complex-quarterly/EIX/2025-03-31
FSLR,,,PaymentsToAcquirePropertyPlantAndEquipment,,fuel_and_nuclear,2025-03-31,Q1,2025-04-29T23:59:59+00:00,"filing date, end of day",205966000.0,413456000.0,-207490000.0,same-quarter mean,measured,15,5116,21803466.666666668,-229293466.66666666,-0.5545776737226371,,,results/complex-quarterly/FSLR/2025-03-31
EME,,,PaymentsToAcquireProductiveAssets,,buildout,2025-03-31,Q1,2025-04-30T23:59:59+00:00,"filing date, end of day",26131000.0,17715000.0,8416000.0,same-quarter mean,measured,14,4746,1199214.2857142857,7216785.714285715,0.4073827668239184,,,results/complex-quarterly/EME/2025-03-31
EQIX,,,PaymentsToAcquireProductiveAssets,,data_center_reit,2025-03-31,Q1,2025-04-30T23:59:59+00:00,"filing date, end of day",750000000.0,724000000.0,26000000.0,same-quarter mean,measured,7,3295,-70846142.85714285,96846142.85714285,0.1337653906866614,,,results/complex-quarterly/EQIX/2025-03-31
MSFT,,,PaymentsToAcquirePropertyPlantAndEquipment,,hyperscaler,2025-03-31,Q1,2025-04-30T23:59:59+00:00,"filing date, end of day",16745000000.0,15804000000.0,941000000.0,same-quarter mean,measured,16,5117,60000000.0,881000000.0,0.05574538091622374,,,results/complex-quarterly/MSFT/2025-03-31
PPL,,,PaymentsToAcquirePropertyPlantAndEquipment,,power,2025-03-31,Q1,2025-04-30T23:59:59+00:00,"filing date, end of day",793000000.0,596000000.0,197000000.0,same-quarter mean,measured,15,5109,21733333.333333332,175266666.66666666,0.29407158836689035,,,results/complex-quarterly/PPL/2025-03-31
ETR,,,PaymentsToAcquirePropertyPlantAndEquipment,,power,2024-03-31,Q1,2025-05-01T23:59:59+00:00,"filing date, end of day",961152000.0,947778000.0,13374000.0,,missing,0,,,,,,,results/complex-quarterly/ETR/2024-03-31
ETR,,,PaymentsToAcquirePropertyPlantAndEquipment,,power,2025-03-31,Q1,2025-05-01T23:59:59+00:00,"filing date, end of day",1660169000.0,961152000.0,699017000.0,,missing,0,,,,,,,results/complex-quarterly/ETR/2025-03-31
EXC,,,PaymentsToAcquirePropertyPlantAndEquipment,,power,2025-03-31,Q1,2025-05-01T23:59:59+00:00,"filing date, end of day",1946000000.0,1767000000.0,179000000.0,same-quarter mean,measured,15,4754,121600000.0,57400000.0,0.03248443689869836,,,results/complex-quarterly/EXC/2025-03-31
IRM,,,PaymentsToAcquirePropertyPlantAndEquipment,,data_center_reit,2025-03-31,Q1,2025-05-01T23:59:59+00:00,"filing date, end of day",674767000.0,381145000.0,293622000.0,same-quarter mean,measured,15,5106,26392400.0,267229600.0,0.701123194584738,,,results/complex-quarterly/IRM/2025-03-31
META,,,PaymentsToAcquirePropertyPlantAndEquipment,,hyperscaler,2025-03-31,Q1,2025-05-01T23:59:59+00:00,"filing date, end of day",12941000000.0,6400000000.0,6541000000.0,same-quarter mean,measured,12,4011,495583333.3333333,6045416666.666667,0.9445963541666668,,,results/complex-quarterly/META/2025-03-31
MTZ,,,PaymentsToAcquireProductiveAssets,,buildout,2025-03-31,Q1,2025-05-01T23:59:59+00:00,"filing date, end of day",47264000.0,43600000.0,3664000.0,same-quarter mean,measured,12,4018,942666.6666666666,2721333.3333333335,0.06241590214067279,,,results/complex-quarterly/MTZ/2025-03-31
PWR,,,PaymentsToAcquirePropertyPlantAndEquipment,,buildout,2025-03-31,Q1,2025-05-01T23:59:59+00:00,"filing date, end of day",132762000.0,83139000.0,49623000.0,same-quarter mean,measured,16,5106,2802312.5,46820687.5,0.5631615427176175,,,results/complex-quarterly/PWR/2025-03-31
SBAC,,,PaymentsToAcquirePropertyPlantAndEquipment,,data_center_reit,2025-03-31,Q1,2025-05-01T23:59:59+00:00,"filing date, end of day",46173000.0,272297000.0,-226124000.0,same-quarter mean,measured,14,4749,-63138571.428571425,-162985428.57142857,-0.5985575624095328,,,results/complex-quarterly/SBAC/2025-03-31
SO,,,PaymentsToAcquirePropertyPlantAndEquipment,,power,2025-03-31,Q1,2025-05-01T23:59:59+00:00,"filing date, end of day",2437000000.0,1770000000.0,667000000.0,same-quarter mean,measured,15,5109,42252533.333333336,624747466.6666666,0.352964670433145,,,results/complex-quarterly/SO/2025-03-31
AMZN,,,PaymentsToAcquireProductiveAssets,,hyperscaler,2025-03-31,Q1,2025-05-02T23:59:59+00:00,"filing date, end of day",25019000000.0,22620000000.0,2399000000.0,same-quarter mean,measured,7,1832,365285714.28571427,2033714285.7142859,0.08990779335606923,,,results/complex-quarterly/AMZN/2025-03-31
ETN,,,PaymentsToAcquirePropertyPlantAndEquipment,,buildout,2025-03-31,Q1,2025-05-02T23:59:59+00:00,"filing date, end of day",147000000.0,183000000.0,-36000000.0,same-quarter mean,measured,12,4015,6500000.0,-42500000.0,-0.23224043715846995,,,results/complex-quarterly/ETN/2025-03-31
NVT,,,PaymentsToAcquirePropertyPlantAndEquipment,,buildout,2025-03-31,Q1,2025-05-02T23:59:59+00:00,"filing date, end of day",21100000.0,16100000.0,5000000.0,same-quarter mean,measured,7,2187,685714.2857142857,4314285.714285715,0.26796805678793256,,,results/complex-quarterly/NVT/2025-03-31
BWXT,,,PaymentsToAcquirePropertyPlantAndEquipment,,fuel_and_nuclear,2025-03-31,Q1,2025-05-05T23:59:59+00:00,"filing date, end of day",33369000.0,30422000.0,2947000.0,same-quarter mean,measured,13,4380,743769.2307692308,2203230.769230769,0.07242228549177467,,,results/complex-quarterly/BWXT/2025-03-31
CEG,,,PaymentsToAcquirePropertyPlantAndEquipment,,power,2025-03-31,Q1,2025-05-06T23:59:59+00:00,"filing date, end of day",806000000.0,738000000.0,68000000.0,same-quarter mean,measured,3,728,118666666.66666667,-50666666.66666667,-0.06865401987353208,,,results/complex-quarterly/CEG/2025-03-31
CIFR,,,PaymentsToAcquirePropertyPlantAndEquipment,,compute_and_ai,2025-03-31,Q1,2025-05-06T23:59:59+00:00,"filing date, end of day",24570000.0,7902000.0,16668000.0,same-quarter mean,measured,2,364,421500.0,16246500.0,2.055998481397115,,,results/complex-quarterly/CIFR/2025-03-31
DUK,,,PaymentsToAcquirePropertyPlantAndEquipment,,power,2025-03-31,Q1,2025-05-06T23:59:59+00:00,"filing date, end of day",3148000000.0,3208000000.0,-60000000.0,same-quarter mean,measured,14,4747,144928571.42857143,-204928571.42857143,-0.06388047737798361,,,results/complex-quarterly/DUK/2025-03-31
PRIM,,,PaymentsToAcquirePropertyPlantAndEquipment,,buildout,2025-03-31,Q1,2025-05-06T23:59:59+00:00,"filing date, end of day",40590000.0,10434000.0,30156000.0,same-quarter mean,measured,13,4383,488769.23076923075,29667230.769230768,2.84332286459946,,,results/complex-quarterly/PRIM/2025-03-31
STRL,,,PaymentsToAcquirePropertyPlantAndEquipment,,buildout,2025-03-31,Q1,2025-05-06T23:59:59+00:00,"filing date, end of day",17924000.0,22432000.0,-4508000.0,same-quarter mean,measured,13,4381,1076846.1538461538,-5584846.153846154,-0.24896782069570944,,,results/complex-quarterly/STRL/2025-03-31
AMD,,,PaymentsToAcquirePropertyPlantAndEquipment,,compute_and_ai,2025-03-29,Q1,2025-05-07T23:59:59+00:00,"filing date, end of day",212000000.0,142000000.0,70000000.0,same-quarter mean,measured,11,4375,1818181.8181818181,68181818.18181819,0.48015364916773373,,,results/complex-quarterly/AMD/2025-03-29
CORZ,,,PaymentsToAcquirePropertyPlantAndEquipment,,compute_and_ai,2025-03-31,Q1,2025-05-07T23:59:59+00:00,"filing date, end of day",88422000.0,31894000.0,56528000.0,same-quarter mean,measured,3,727,49720000.0,6808000.0,0.21345707656612528,,,results/complex-quarterly/CORZ/2025-03-31
LEU,,,PaymentsToAcquirePropertyPlantAndEquipment,,fuel_and_nuclear,2025-03-31,Q1,2025-05-08T23:59:59+00:00,"filing date, end of day",2100000.0,1500000.0,600000.0,same-quarter mean,measured,5,2190,-280000.0,880000.0,0.5866666666666667,,,results/complex-quarterly/LEU/2025-03-31
SRE,,,PaymentsToAcquireProductiveAssets,,power,2025-03-31,Q1,2025-05-08T23:59:59+00:00,"filing date, end of day",2336000000.0,1933000000.0,403000000.0,same-quarter mean,measured,5,4747,91600000.0,311400000.0,0.16109674081738232,,,results/complex-quarterly/SRE/2025-03-31
TLN,,,PaymentsToAcquirePropertyPlantAndEquipment,,power,2024-03-31,Q1,2025-05-08T23:59:59+00:00,"filing date, end of day",25000000.0,99000000.0,-74000000.0,prior same-quarter,measured,1,0,-10000000.0,-64000000.0,-0.6464646464646465,,,results/complex-quarterly/TLN/2024-03-31
TLN,,,PaymentsToAcquirePropertyPlantAndEquipment,,power,2025-03-31,Q1,2025-05-08T23:59:59+00:00,"filing date, end of day",18000000.0,25000000.0,-7000000.0,prior same-quarter,measured,1,0,-10000000.0,3000000.0,0.12,,,results/complex-quarterly/TLN/2025-03-31
VST,,,PaymentsToAcquirePropertyPlantAndEquipment,,power,2025-03-31,Q1,2025-05-08T23:59:59+00:00,"filing date, end of day",768000000.0,465000000.0,303000000.0,same-quarter mean,measured,8,2198,52125000.0,250875000.0,0.5395161290322581,,,results/complex-quarterly/VST/2025-03-31
CCI,,,PaymentsToAcquireProductiveAssets,,data_center_reit,2025-03-31,Q1,2025-05-09T23:59:59+00:00,"filing date, end of day",40000000.0,320000000.0,-280000000.0,same-quarter mean,measured,14,5105,2740928.5714285714,-282740928.5714286,-0.8835654017857144,,,results/complex-quarterly/CCI/2025-03-31
WULF,,,PaymentsToAcquirePropertyPlantAndEquipment,,compute_and_ai,2025-03-31,Q1,2025-05-09T23:59:59+00:00,"filing date, end of day",93687000.0,46979000.0,46708000.0,same-quarter mean,measured,12,4382,3909354.75,42798645.25,0.9110165233402159,,,results/complex-quarterly/WULF/2025-03-31
NRG,,,PaymentsToAcquirePropertyPlantAndEquipment,,power,2025-03-31,Q1,2025-05-12T23:59:59+00:00,"filing date, end of day",217000000.0,69000000.0,148000000.0,same-quarter mean,measured,15,5111,-10933333.333333334,158933333.33333334,2.303381642512077,,,results/complex-quarterly/NRG/2025-03-31
PLUG,,,PaymentsToAcquirePropertyPlantAndEquipment,,fuel_and_nuclear,2025-03-31,Q1,2025-05-12T23:59:59+00:00,"filing date, end of day",40451000.0,92621000.0,-52170000.0,same-quarter mean,measured,11,4012,8332193.181818182,-60502193.18181818,-0.653223277462111,,,results/complex-quarterly/PLUG/2025-03-31
SMR,,,PaymentsToAcquirePropertyPlantAndEquipment,,fuel_and_nuclear,2025-03-31,Q1,2025-05-12T23:59:59+00:00,"filing date, end of day",67000.0,351000.0,-284000.0,prior same-quarter,measured,1,0,-836000.0,552000.0,1.5726495726495726,,,results/complex-quarterly/SMR/2025-03-31
OKLO,,,PaymentsToAcquirePropertyPlantAndEquipment,,fuel_and_nuclear,2025-03-31,Q1,2025-05-13T23:59:59+00:00,"filing date, end of day",332000.0,97000.0,235000.0,,missing,0,,,,,,,results/complex-quarterly/OKLO/2025-03-31
CRWV,,,PaymentsToAcquirePropertyPlantAndEquipment,,compute_and_ai,2025-03-31,Q1,2025-05-15T23:59:59+00:00,"filing date, end of day",1407359000.0,1741935000.0,-334576000.0,,missing,0,,,,,,,results/complex-quarterly/CRWV/2025-03-31
DY,,,PaymentsToAcquirePropertyPlantAndEquipment,,buildout,2025-04-26,Q2,2025-05-22T23:59:59+00:00,"filing date, end of day",79499000.0,41960000.0,37539000.0,same-quarter mean,measured,8,2191,521125.0,37017875.0,0.8822181839847474,,,results/complex-quarterly/DY/2025-04-26
NVDA,,,PaymentsToAcquireProductiveAssets,,compute_and_ai,2025-04-27,Q2,2025-05-28T23:59:59+00:00,"filing date, end of day",1227000000.0,369000000.0,858000000.0,same-quarter mean,measured,3,1099,71333333.33333333,786666666.6666666,2.131887985546522,,,results/complex-quarterly/NVDA/2025-04-27
MRVL,,,PaymentsToAcquirePropertyPlantAndEquipment,,compute_and_ai,2025-05-03,Q2,2025-05-30T23:59:59+00:00,"filing date, end of day",118800000.0,91500000.0,27300000.0,same-quarter mean,measured,4,1087,14039250.0,13260750.0,0.14492622950819672,,,results/complex-quarterly/MRVL/2025-05-03
AGX,,,PaymentsToAcquirePropertyPlantAndEquipment,,buildout,2025-04-30,Q2,2025-06-04T23:59:59+00:00,"filing date, end of day",395000.0,322000.0,73000.0,same-quarter mean,measured,13,4377,-9923.076923076924,82923.07692307692,0.25752508361204013,,,results/complex-quarterly/AGX/2025-04-30
ARM,,,PaymentsToAcquirePropertyPlantAndEquipment,,compute_and_ai,2025-06-30,Q2,2025-07-30T23:59:59+00:00,"filing date, end of day",154000000.0,29000000.0,125000000.0,prior same-quarter,measured,1,0,3000000.0,122000000.0,4.206896551724138,,,results/complex-quarterly/ARM/2025-06-30
EQIX,,,PaymentsToAcquireProductiveAssets,,data_center_reit,2025-06-30,Q2,2025-07-30T23:59:59+00:00,"filing date, end of day",989000000.0,750000000.0,239000000.0,same-quarter mean,measured,10,4030,58946800.0,180053200.0,0.24007093333333332,,,results/complex-quarterly/EQIX/2025-06-30
VRT,,,PaymentsToAcquirePropertyPlantAndEquipment,,buildout,2024-06-30,Q2,2025-07-30T23:59:59+00:00,"filing date, end of day",34100000.0,35800000.0,-1700000.0,,missing,0,,,,,,,results/complex-quarterly/VRT/2024-06-30
VRT,,,PaymentsToAcquirePropertyPlantAndEquipment,,buildout,2025-06-30,Q2,2025-07-30T23:59:59+00:00,"filing date, end of day",45000000.0,36500000.0,8500000.0,,missing,0,,,,,,,results/complex-quarterly/VRT/2025-06-30
EME,,,PaymentsToAcquireProductiveAssets,,buildout,2024-06-30,Q2,2025-07-31T23:59:59+00:00,"filing date, end of day",19251000.0,20278000.0,-1027000.0,,missing,0,,,,,,,results/complex-quarterly/EME/2024-06-30
EME,,,PaymentsToAcquireProductiveAssets,,buildout,2025-06-30,Q2,2025-07-31T23:59:59+00:00,"filing date, end of day",28043000.0,26131000.0,1912000.0,,missing,0,,,,,,,results/complex-quarterly/EME/2025-06-30
MTZ,,,PaymentsToAcquireProductiveAssets,,buildout,2024-06-30,Q2,2025-07-31T23:59:59+00:00,"filing date, end of day",31500000.0,25409000.0,6091000.0,,missing,0,,,,,,,results/complex-quarterly/MTZ/2024-06-30
MTZ,,,PaymentsToAcquireProductiveAssets,,buildout,2025-06-30,Q2,2025-07-31T23:59:59+00:00,"filing date, end of day",63800000.0,47264000.0,16536000.0,,missing,0,,,,,,,results/complex-quarterly/MTZ/2025-06-30
AMZN,,,PaymentsToAcquireProductiveAssets,,hyperscaler,2025-06-30,Q2,2025-08-01T23:59:59+00:00,"filing date, end of day",32183000000.0,25019000000.0,7164000000.0,same-quarter mean,measured,7,1834,571857142.8571428,6592142857.142858,0.2634854653320619,,,results/complex-quarterly/AMZN/2025-06-30
SBAC,,,PaymentsToAcquireProductiveAssets,,data_center_reit,2025-06-30,Q2,2025-08-07T23:59:59+00:00,"filing date, end of day",646933000.0,46173000.0,600760000.0,same-quarter mean,measured,12,3650,86257250.0,514502750.0,11.142935265198275,,,results/complex-quarterly/SBAC/2025-06-30
AI,,,PaymentsToAcquirePropertyPlantAndEquipment,,compute_and_ai,2025-07-31,Q3,2025-09-09T23:59:59+00:00,"filing date, end of day",760000.0,924000.0,-164000.0,same-quarter mean,measured,4,1099,67500.0,-231500.0,-0.25054112554112556,,,results/complex-quarterly/AI/2025-07-31
ORCL,,,PaymentsToAcquirePropertyPlantAndEquipment,,hyperscaler,2025-08-31,Q3,2025-09-10T23:59:59+00:00,"filing date, end of day",8502000000.0,2303000000.0,6199000000.0,same-quarter mean,measured,14,4736,156071428.57142857,6042928571.428572,2.6239377209850505,,,results/complex-quarterly/ORCL/2025-08-31
APLD,,,PaymentsToAcquireProductiveAssets,,compute_and_ai,2025-08-31,Q3,2025-10-09T23:59:59+00:00,"filing date, end of day",249420000.0,54798000.0,194622000.0,prior same-quarter,measured,1,0,-20861000.0,215483000.0,3.9323150479944524,,,results/complex-quarterly/APLD/2025-08-31
VRT,,,PaymentsToAcquirePropertyPlantAndEquipment,,buildout,2024-09-30,Q3,2025-10-22T23:59:59+00:00,"filing date, end of day",36400000.0,34100000.0,2300000.0,,missing,0,,,,,,,results/complex-quarterly/VRT/2024-09-30
VRT,,,PaymentsToAcquirePropertyPlantAndEquipment,,buildout,2025-09-30,Q3,2025-10-22T23:59:59+00:00,"filing date, end of day",45200000.0,45000000.0,200000.0,,missing,0,,,,,,,results/complex-quarterly/VRT/2025-09-30
EQIX,,,PaymentsToAcquireProductiveAssets,,data_center_reit,2025-09-30,Q3,2025-10-29T23:59:59+00:00,"filing date, end of day",1136000000.0,989000000.0,147000000.0,same-quarter mean,measured,9,4005,78594333.33333333,68405666.66666667,0.0691664981462757,,,results/complex-quarterly/EQIX/2025-09-30
MSFT,,,PaymentsToAcquirePropertyPlantAndEquipment,,hyperscaler,2025-09-30,Q3,2025-10-29T23:59:59+00:00,"filing date, end of day",19394000000.0,16745000000.0,2649000000.0,same-quarter mean,measured,16,5486,738250000.0,1910750000.0,0.11410868916094356,,,results/complex-quarterly/MSFT/2025-09-30
EME,,,PaymentsToAcquireProductiveAssets,,buildout,2024-09-30,Q3,2025-10-30T23:59:59+00:00,"filing date, end of day",17715000.0,19251000.0,-1536000.0,,missing,0,,,,,,,results/complex-quarterly/EME/2024-09-30
EME,,,PaymentsToAcquireProductiveAssets,,buildout,2025-09-30,Q3,2025-10-30T23:59:59+00:00,"filing date, end of day",26657000.0,28043000.0,-1386000.0,,missing,0,,,,,,,results/complex-quarterly/EME/2025-09-30
MTZ,,,PaymentsToAcquireProductiveAssets,,buildout,2024-09-30,Q3,2025-10-30T23:59:59+00:00,"filing date, end of day",43600000.0,31500000.0,12100000.0,,missing,0,,,,,,,results/complex-quarterly/MTZ/2024-09-30
MTZ,,,PaymentsToAcquireProductiveAssets,,buildout,2025-09-30,Q3,2025-10-30T23:59:59+00:00,"filing date, end of day",68700000.0,63800000.0,4900000.0,,missing,0,,,,,,,results/complex-quarterly/MTZ/2025-09-30
AMZN,,,PaymentsToAcquireProductiveAssets,,hyperscaler,2025-09-30,Q3,2025-10-31T23:59:59+00:00,"filing date, end of day",35095000000.0,32183000000.0,2912000000.0,same-quarter mean,measured,8,2198,1774875000.0,1137125000.0,0.035333095112326386,,,results/complex-quarterly/AMZN/2025-09-30
IREN,,,PaymentsToAcquirePropertyPlantAndEquipment,,compute_and_ai,2025-09-30,Q3,2025-11-06T23:59:59+00:00,"filing date, end of day",180307000.0,105831000.0,74476000.0,,missing,0,,,,,,,results/complex-quarterly/IREN/2025-09-30
SBAC,,,PaymentsToAcquireProductiveAssets,,data_center_reit,2025-09-30,Q3,2025-11-06T23:59:59+00:00,"filing date, end of day",74722000.0,646933000.0,-572211000.0,same-quarter mean,measured,12,3647,9082416.666666666,-581293416.6666666,-0.8985372776882098,,,results/complex-quarterly/SBAC/2025-09-30
SMCI,,,PaymentsToAcquirePropertyPlantAndEquipment,,compute_and_ai,2025-09-30,Q3,2025-11-07T23:59:59+00:00,"filing date, end of day",32270000.0,44300000.0,-12030000.0,same-quarter mean,measured,14,4859,2646428.5714285714,-14676428.57142857,-0.33129635601418894,,,results/complex-quarterly/SMCI/2025-09-30
MU,,,PaymentsToAcquirePropertyPlantAndEquipment,,compute_and_ai,2025-11-27,Q4,2025-12-18T23:59:59+00:00,"filing date, end of day",5389000000.0,3206000000.0,2183000000.0,same-quarter mean,measured,16,5455,183500000.0,1999500000.0,0.6236743605739239,,,results/complex-quarterly/MU/2025-11-27
MSFT,,,PaymentsToAcquirePropertyPlantAndEquipment,,hyperscaler,2025-12-31,Q4,2026-01-28T23:59:59+00:00,"filing date, end of day",29876000000.0,19394000000.0,10482000000.0,same-quarter mean,measured,17,5480,132588235.29411764,10349411764.705883,0.533639876493033,,,results/complex-quarterly/MSFT/2025-12-31
AAPL,,,PaymentsToAcquirePropertyPlantAndEquipment,,hyperscaler,2025-12-27,Q4,2026-01-30T23:59:59+00:00,"filing date, end of day",2373000000.0,2940000000.0,-567000000.0,same-quarter mean,measured,12,3656,51916666.666666664,-618916666.6666666,-0.210515873015873,,,results/complex-quarterly/AAPL/2025-12-27
J,,,PaymentsToAcquirePropertyPlantAndEquipment,,buildout,2025-12-26,Q4,2026-02-03T23:59:59+00:00,"filing date, end of day",15821000.0,10333000.0,5488000.0,same-quarter mean,measured,13,5123,1990307.6923076923,3497692.307692308,0.3384972716241467,,,results/complex-quarterly/J/2025-12-26
ROK,,,PaymentsToAcquirePropertyPlantAndEquipment,,buildout,2025-12-31,Q4,2026-02-05T23:59:59+00:00,"filing date, end of day",64000000.0,71000000.0,-7000000.0,same-quarter mean,measured,16,5481,2725000.0,-9725000.0,-0.1369718309859155,,,results/complex-quarterly/ROK/2025-12-31
AVGO,,,PaymentsToAcquirePropertyPlantAndEquipment,,compute_and_ai,2026-02-01,Q1,2026-03-11T23:59:59+00:00,"filing date, end of day",250000000.0,100000000.0,150000000.0,same-quarter mean,measured,7,2189,-17142857.14285714,167142857.14285713,1.6714285714285713,,,results/complex-quarterly/AVGO/2026-02-01
GEV,,,PaymentsToAcquireProductiveAssets,,buildout,2026-03-31,Q1,2026-04-22T23:59:59+00:00,"filing date, end of day",397000000.0,186000000.0,211000000.0,same-quarter mean,measured,2,358,31000000.0,180000000.0,0.967741935483871,,,results/complex-quarterly/GEV/2026-03-31
VRT,,,PaymentsToAcquirePropertyPlantAndEquipment,,buildout,2026-03-31,Q1,2026-04-22T23:59:59+00:00,"filing date, end of day",112600000.0,45200000.0,67400000.0,same-quarter mean,measured,6,1812,4200000.0,63200000.0,1.3982300884955752,,,results/complex-quarterly/VRT/2026-03-31
FIX,,,PaymentsToAcquirePropertyPlantAndEquipment,,buildout,2026-03-31,Q1,2026-04-23T23:59:59+00:00,"filing date, end of day",147473000.0,22208000.0,125265000.0,same-quarter mean,measured,15,4740,802466.6666666666,124462533.33333333,5.604400816522574,,,results/complex-quarterly/FIX/2026-03-31
PCG,,,PaymentsToAcquirePropertyPlantAndEquipment,,power,2026-03-31,Q1,2026-04-23T23:59:59+00:00,"filing date, end of day",3356000000.0,2635000000.0,721000000.0,same-quarter mean,measured,16,5104,97250000.0,623750000.0,0.23671726755218217,,,results/complex-quarterly/PCG/2026-03-31
AMT,,,PaymentsToAcquirePropertyPlantAndEquipment,,data_center_reit,2026-03-31,Q1,2026-04-28T23:59:59+00:00,"filing date, end of day",449500000.0,331100000.0,118400000.0,same-quarter mean,measured,6,1461,18383333.333333332,100016666.66666667,0.30207389509715094,,,results/complex-quarterly/AMT/2026-03-31
EIX,,,PaymentsToAcquirePropertyPlantAndEquipment,,power,2026-03-31,Q1,2026-04-28T23:59:59+00:00,"filing date, end of day",1539000000.0,1408000000.0,131000000.0,same-quarter mean,measured,16,5471,38937500.0,92062500.0,0.06538529829545454,,,results/complex-quarterly/EIX/2026-03-31
EME,,,PaymentsToAcquireProductiveAssets,,buildout,2026-03-31,Q1,2026-04-29T23:59:59+00:00,"filing date, end of day",28712000.0,26657000.0,2055000.0,same-quarter mean,measured,15,5116,1680333.3333333333,374666.66666666674,0.014055094971927327,,,results/complex-quarterly/EME/2026-03-31
EQIX,,,PaymentsToAcquireProductiveAssets,,data_center_reit,2026-03-31,Q1,2026-04-29T23:59:59+00:00,"filing date, end of day",1256000000.0,1136000000.0,120000000.0,same-quarter mean,measured,8,3652,-58740375.0,178740375.0,0.15734187940140845,,,results/complex-quarterly/EQIX/2026-03-31
MSFT,,,PaymentsToAcquirePropertyPlantAndEquipment,,hyperscaler,2026-03-31,Q1,2026-04-29T23:59:59+00:00,"filing date, end of day",30876000000.0,29876000000.0,1000000000.0,same-quarter mean,measured,17,5487,111823529.41176471,888176470.5882353,0.029728761232703016,,,results/complex-quarterly/MSFT/2026-03-31
AMZN,,,PaymentsToAcquireProductiveAssets,,hyperscaler,2026-03-31,Q1,2026-04-30T23:59:59+00:00,"filing date, end of day",44203000000.0,35095000000.0,9108000000.0,same-quarter mean,measured,8,2198,619500000.0,8488500000.0,0.24187206154722896,,,results/complex-quarterly/AMZN/2026-03-31
FSLR,,,PaymentsToAcquirePropertyPlantAndEquipment,,fuel_and_nuclear,2026-03-31,Q1,2026-04-30T23:59:59+00:00,"filing date, end of day",118529000.0,205966000.0,-87437000.0,same-quarter mean,measured,16,5479,7472625.0,-94909625.0,-0.4608023897148073,,,results/complex-quarterly/FSLR/2026-03-31
IRM,,,PaymentsToAcquirePropertyPlantAndEquipment,,data_center_reit,2026-03-31,Q1,2026-04-30T23:59:59+00:00,"filing date, end of day",518013000.0,674767000.0,-156754000.0,same-quarter mean,measured,16,5470,43094250.0,-199848250.0,-0.29617371626057587,,,results/complex-quarterly/IRM/2026-03-31
META,,,PaymentsToAcquirePropertyPlantAndEquipment,,hyperscaler,2026-03-31,Q1,2026-04-30T23:59:59+00:00,"filing date, end of day",18997000000.0,12941000000.0,6056000000.0,same-quarter mean,measured,13,4382,960615384.6153846,5095384615.384615,0.3937396349111054,,,results/complex-quarterly/META/2026-03-31
MTZ,,,PaymentsToAcquireProductiveAssets,,buildout,2026-03-31,Q1,2026-04-30T23:59:59+00:00,"filing date, end of day",96768000.0,68700000.0,28068000.0,same-quarter mean,measured,13,4382,1152000.0,26916000.0,0.3917903930131004,,,results/complex-quarterly/MTZ/2026-03-31
PWR,,,PaymentsToAcquirePropertyPlantAndEquipment,,buildout,2026-03-31,Q1,2026-04-30T23:59:59+00:00,"filing date, end of day",220093000.0,132762000.0,87331000.0,same-quarter mean,measured,17,5470,5556470.588235294,81774529.41176471,0.6159483090926975,,,results/complex-quarterly/PWR/2026-03-31
SO,,,PaymentsToAcquirePropertyPlantAndEquipment,,power,2026-03-31,Q1,2026-04-30T23:59:59+00:00,"filing date, end of day",2944000000.0,2437000000.0,507000000.0,same-quarter mean,measured,16,5473,81299250.0,425700750.0,0.1746822938038572,,,results/complex-quarterly/SO/2026-03-31
ETR,,,PaymentsToAcquirePropertyPlantAndEquipment,,power,2026-03-31,Q1,2026-05-01T23:59:59+00:00,"filing date, end of day",2252293000.0,1660169000.0,592124000.0,same-quarter mean,measured,2,0,356195500.0,235928500.0,0.14211113446884022,,,results/complex-quarterly/ETR/2026-03-31
NVT,,,PaymentsToAcquirePropertyPlantAndEquipment,,buildout,2026-03-31,Q1,2026-05-01T23:59:59+00:00,"filing date, end of day",36100000.0,21100000.0,15000000.0,same-quarter mean,measured,8,2551,1225000.0,13775000.0,0.6528436018957346,,,results/complex-quarterly/NVT/2026-03-31
BWXT,,,PaymentsToAcquirePropertyPlantAndEquipment,,fuel_and_nuclear,2026-03-31,Q1,2026-05-04T23:59:59+00:00,"filing date, end of day",42506000.0,33369000.0,9137000.0,same-quarter mean,measured,14,4744,901142.8571428572,8235857.142857143,0.246811625846059,,,results/complex-quarterly/BWXT/2026-03-31
AEP,,,PaymentsToAcquireProductiveAssets,,power,2026-03-31,Q1,2026-05-05T23:59:59+00:00,"filing date, end of day",965000000.0,102900000.0,862100000.0,,missing,0,,,,,,,results/complex-quarterly/AEP/2026-03-31
CIFR,,,PaymentsToAcquirePropertyPlantAndEquipment,,compute_and_ai,2026-03-31,Q1,2026-05-05T23:59:59+00:00,"filing date, end of day",553990000.0,24570000.0,529420000.0,same-quarter mean,measured,3,728,5837000.0,523583000.0,21.30984940984941,,,results/complex-quarterly/CIFR/2026-03-31
DUK,,,PaymentsToAcquirePropertyPlantAndEquipment,,power,2026-03-31,Q1,2026-05-05T23:59:59+00:00,"filing date, end of day",4088000000.0,3148000000.0,940000000.0,same-quarter mean,measured,15,5111,131266666.66666667,808733333.3333334,0.25690385429902585,,,results/complex-quarterly/DUK/2026-03-31
ETN,,,PaymentsToAcquirePropertyPlantAndEquipment,,buildout,2026-03-31,Q1,2026-05-05T23:59:59+00:00,"filing date, end of day",193000000.0,147000000.0,46000000.0,same-quarter mean,measured,13,4382,3230769.230769231,42769230.76923077,0.2909471480900052,,,results/complex-quarterly/ETN/2026-03-31
SBAC,,,PaymentsToAcquirePropertyPlantAndEquipment,,data_center_reit,2026-03-31,Q1,2026-05-05T23:59:59+00:00,"filing date, end of day",48397000.0,74722000.0,-26325000.0,same-quarter mean,measured,15,5109,-74004266.66666667,47679266.66666667,0.6380887378103728,,,results/complex-quarterly/SBAC/2026-03-31
STRL,,,PaymentsToAcquirePropertyPlantAndEquipment,,buildout,2026-03-31,Q1,2026-05-05T23:59:59+00:00,"filing date, end of day",19629000.0,17924000.0,1705000.0,same-quarter mean,measured,14,4745,677928.5714285715,1027071.4285714285,0.05730146332132496,,,results/complex-quarterly/STRL/2026-03-31
TLN,,,PaymentsToAcquirePropertyPlantAndEquipment,,power,2026-03-31,Q1,2026-05-05T23:59:59+00:00,"filing date, end of day",42000000.0,18000000.0,24000000.0,same-quarter mean,measured,3,3285,-30333333.333333332,54333333.33333333,3.018518518518518,,,results/complex-quarterly/TLN/2026-03-31
AMD,,,PaymentsToAcquirePropertyPlantAndEquipment,,compute_and_ai,2026-03-28,Q1,2026-05-06T23:59:59+00:00,"filing date, end of day",389000000.0,212000000.0,177000000.0,same-quarter mean,measured,12,4746,7500000.0,169500000.0,0.7995283018867925,,,results/complex-quarterly/AMD/2026-03-28
CORZ,,,PaymentsToAcquirePropertyPlantAndEquipment,,compute_and_ai,2026-03-31,Q1,2026-05-06T23:59:59+00:00,"filing date, end of day",389226000.0,88422000.0,300804000.0,same-quarter mean,measured,4,1090,51422000.0,249382000.0,2.8203614485082897,,,results/complex-quarterly/CORZ/2026-03-31
EXC,,,PaymentsToAcquirePropertyPlantAndEquipment,,power,2026-03-31,Q1,2026-05-06T23:59:59+00:00,"filing date, end of day",2358000000.0,1946000000.0,412000000.0,same-quarter mean,measured,16,5118,125187500.0,286812500.0,0.14738566289825283,,,results/complex-quarterly/EXC/2026-03-31
LEU,,,PaymentsToAcquirePropertyPlantAndEquipment,,fuel_and_nuclear,2026-03-31,Q1,2026-05-06T23:59:59+00:00,"filing date, end of day",23200000.0,2100000.0,21100000.0,same-quarter mean,measured,6,2555,-133333.33333333334,21233333.333333332,10.11111111111111,,,results/complex-quarterly/LEU/2026-03-31
NRG,,,PaymentsToAcquirePropertyPlantAndEquipment,,power,2026-03-31,Q1,2026-05-06T23:59:59+00:00,"filing date, end of day",317000000.0,217000000.0,100000000.0,same-quarter mean,measured,16,5481,-1000000.0,101000000.0,0.46543778801843316,,,results/complex-quarterly/NRG/2026-03-31
PRIM,,,PaymentsToAcquirePropertyPlantAndEquipment,,buildout,2026-03-31,Q1,2026-05-06T23:59:59+00:00,"filing date, end of day",27800000.0,40590000.0,-12790000.0,same-quarter mean,measured,14,4745,2607857.1428571427,-15397857.142857142,-0.37935100130222077,,,results/complex-quarterly/PRIM/2026-03-31
CCI,,,PaymentsToAcquireProductiveAssets,,data_center_reit,2026-03-31,Q1,2026-05-07T23:59:59+00:00,"filing date, end of day",57000000.0,40000000.0,17000000.0,same-quarter mean,measured,15,5478,-16108466.666666666,33108466.666666664,0.8277116666666666,,,results/complex-quarterly/CCI/2026-03-31
SMR,,,PaymentsToAcquirePropertyPlantAndEquipment,,fuel_and_nuclear,2026-03-31,Q1,2026-05-07T23:59:59+00:00,"filing date, end of day",1522000.0,67000.0,1455000.0,same-quarter mean,measured,2,734,-560000.0,2015000.0,30.074626865671643,,,results/complex-quarterly/SMR/2026-03-31
SRE,,,PaymentsToAcquireProductiveAssets,,power,2026-03-31,Q1,2026-05-07T23:59:59+00:00,"filing date, end of day",2461000000.0,2336000000.0,125000000.0,same-quarter mean,measured,6,5113,143500000.0,-18500000.0,-0.007919520547945206,,,results/complex-quarterly/SRE/2026-03-31
CRWV,,,PaymentsToAcquirePropertyPlantAndEquipment,,compute_and_ai,2026-03-31,Q1,2026-05-08T23:59:59+00:00,"filing date, end of day",7695000000.0,1407359000.0,6287641000.0,prior same-quarter,measured,1,0,-334576000.0,6622217000.0,4.705421289095391,,,results/complex-quarterly/CRWV/2026-03-31
PPL,,,PaymentsToAcquirePropertyPlantAndEquipment,,power,2026-03-31,Q1,2026-05-08T23:59:59+00:00,"filing date, end of day",1058000000.0,793000000.0,265000000.0,same-quarter mean,measured,16,5473,32687500.0,232312500.0,0.29295397225725095,,,results/complex-quarterly/PPL/2026-03-31
VST,,,PaymentsToAcquirePropertyPlantAndEquipment,,power,2026-03-31,Q1,2026-05-08T23:59:59+00:00,"filing date, end of day",883000000.0,768000000.0,115000000.0,same-quarter mean,measured,9,2561,80000000.0,35000000.0,0.045572916666666664,,,results/complex-quarterly/VST/2026-03-31
WULF,,,PaymentsToAcquirePropertyPlantAndEquipment,,compute_and_ai,2026-03-31,Q1,2026-05-08T23:59:59+00:00,"filing date, end of day",522954000.0,93687000.0,429267000.0,same-quarter mean,measured,13,4743,7201558.230769231,422065441.7692308,4.50505877837086,,,results/complex-quarterly/WULF/2026-03-31
CEG,,,PaymentsToAcquirePropertyPlantAndEquipment,,power,2026-03-31,Q1,2026-05-11T23:59:59+00:00,"filing date, end of day",1275000000.0,806000000.0,469000000.0,same-quarter mean,measured,4,1090,106000000.0,363000000.0,0.45037220843672454,,,results/complex-quarterly/CEG/2026-03-31
PLUG,,,PaymentsToAcquirePropertyPlantAndEquipment,,fuel_and_nuclear,2026-03-31,Q1,2026-05-11T23:59:59+00:00,"filing date, end of day",2407000.0,40451000.0,-38044000.0,same-quarter mean,measured,12,4380,3290343.75,-41334343.75,-1.021837377320709,,,results/complex-quarterly/PLUG/2026-03-31
OKLO,,,PaymentsToAcquirePropertyPlantAndEquipment,,fuel_and_nuclear,2026-03-31,Q1,2026-05-12T23:59:59+00:00,"filing date, end of day",32810000.0,332000.0,32478000.0,prior same-quarter,measured,1,0,235000.0,32243000.0,97.11746987951807,,,results/complex-quarterly/OKLO/2026-03-31
NVDA,,,PaymentsToAcquireProductiveAssets,,compute_and_ai,2026-04-26,Q2,2026-05-20T23:59:59+00:00,"filing date, end of day",1757000000.0,1227000000.0,530000000.0,same-quarter mean,measured,4,1463,268000000.0,262000000.0,0.21352893235533824,,,results/complex-quarterly/NVDA/2026-04-26
DY,,,PaymentsToAcquirePropertyPlantAndEquipment,,buildout,2026-05-02,Q2,2026-05-28T23:59:59+00:00,"filing date, end of day",70315000.0,79499000.0,-9184000.0,same-quarter mean,measured,9,2555,4634222.222222222,-13818222.222222222,-0.17381630237137854,,,results/complex-quarterly/DY/2026-05-02
MRVL,,,PaymentsToAcquirePropertyPlantAndEquipment,,compute_and_ai,2026-05-02,Q2,2026-05-28T23:59:59+00:00,"filing date, end of day",155700000.0,118800000.0,36900000.0,same-quarter mean,measured,5,1451,16691400.0,20208600.0,0.1701060606060606,,,results/complex-quarterly/MRVL/2026-05-02
AGX,,,PaymentsToAcquirePropertyPlantAndEquipment,,buildout,2026-04-30,Q2,2026-06-04T23:59:59+00:00,"filing date, end of day",2433000.0,395000.0,2038000.0,same-quarter mean,measured,14,4740,-4000.0,2042000.0,5.169620253164557,,,results/complex-quarterly/AGX/2026-04-30
ARM,,,PaymentsToAcquirePropertyPlantAndEquipment,,compute_and_ai,2026-06-30,Q2,2026-07-29T23:59:59+00:00,"filing date, end of day",197000000.0,154000000.0,43000000.0,same-quarter mean,measured,2,363,64000000.0,-21000000.0,-0.13636363636363635,,,results/complex-quarterly/ARM/2026-06-30
AMZN,,,PaymentsToAcquireProductiveAssets,,hyperscaler,2026-06-30,Q2,2026-07-31T23:59:59+00:00,"filing date, end of day",54208000000.0,44203000000.0,10005000000.0,same-quarter mean,measured,8,2198,1395875000.0,8609125000.0,0.19476336447752415,,,results/complex-quarterly/AMZN/2026-06-30
AI,,,PaymentsToAcquirePropertyPlantAndEquipment,,compute_and_ai,2026-07-31,Q3,2026-09-09T23:59:59+00:00,"filing date, end of day",8000.0,760000.0,-752000.0,same-quarter mean,measured,5,1468,21200.0,-773200.0,-1.0173684210526315,,,results/complex-quarterly/AI/2026-07-31
ORCL,,,PaymentsToAcquirePropertyPlantAndEquipment,,hyperscaler,2026-08-31,Q3,2026-09-11T23:59:59+00:00,"filing date, end of day",28499000000.0,8502000000.0,19997000000.0,same-quarter mean,measured,15,5101,558933333.3333334,19438066666.666668,2.286293421155807,,,results/complex-quarterly/ORCL/2026-08-31
