ticker,concept,period_end,value_usd,form,filed,fy,fp
AAPL,Assets,2008-09-27,36171000000,10-K,2010-10-27,2010,FY
AAPL,Assets,2009-06-27,48140000000,10-Q,2009-07-22,2009,Q3
AAPL,Assets,2009-09-26,47501000000,10-K,2011-10-26,2011,FY
AAPL,Assets,2009-12-26,53926000000,10-Q,2010-01-25,2010,Q1
AAPL,Assets,2010-03-27,57057000000,10-Q,2010-04-21,2010,Q2
AAPL,Assets,2010-06-26,64725000000,10-Q,2010-07-21,2010,Q3
AAPL,Assets,2010-09-25,75183000000,10-K,2011-10-26,2011,FY
AAPL,Assets,2010-12-25,86742000000,10-Q,2011-01-19,2011,Q1
AAPL,Assets,2011-03-26,94904000000,10-Q,2011-04-21,2011,Q2
AAPL,Assets,2011-06-25,106758000000,10-Q,2011-07-20,2011,Q3
AAPL,Assets,2011-09-24,116371000000,8-K,2013-04-24,2012,FY
AAPL,Assets,2011-12-31,138681000000,10-Q,2012-01-25,2012,Q1
AAPL,Assets,2012-03-31,150934000000,10-Q,2012-04-25,2012,Q2
AAPL,Assets,2012-06-30,162896000000,10-Q,2012-07-25,2012,Q3
AAPL,Assets,2012-09-29,176064000000,10-K,2013-10-30,2013,FY
AAPL,Assets,2012-12-29,196088000000,10-Q,2013-01-24,2013,Q1
AAPL,Assets,2013-03-30,194743000000,10-Q,2013-04-24,2013,Q2
AAPL,Assets,2013-06-29,199856000000,10-Q,2013-07-24,2013,Q3
AAPL,Assets,2013-09-28,207000000000,8-K,2015-01-28,,
AAPL,Assets,2013-12-28,225184000000,10-Q,2014-01-28,2014,Q1
AAPL,Assets,2014-03-29,205989000000,10-Q,2014-04-24,2014,Q2
AAPL,Assets,2014-06-28,222520000000,10-Q,2014-07-23,2014,Q3
AAPL,Assets,2014-09-27,231839000000,10-K,2015-10-28,2015,FY
AAPL,Assets,2014-12-27,261894000000,10-Q,2015-01-28,2015,Q1
AAPL,Assets,2015-03-28,261194000000,10-Q,2015-04-28,2015,Q2
AAPL,Assets,2015-06-27,273151000000,10-Q,2015-07-22,2015,Q3
AAPL,Assets,2015-09-26,290345000000,10-K,2016-10-26,2016,FY
AAPL,Assets,2015-12-26,293284000000,10-Q,2016-01-27,2016,Q1
AAPL,Assets,2016-03-26,305277000000,10-Q,2016-04-27,2016,Q2
AAPL,Assets,2016-06-25,305602000000,10-Q,2016-07-27,2016,Q3
AAPL,Assets,2016-09-24,321686000000,10-K,2017-11-03,2017,FY
AAPL,Assets,2016-12-31,331141000000,10-Q,2017-02-01,2017,Q1
AAPL,Assets,2017-04-01,334532000000,10-Q,2017-05-03,2017,Q2
AAPL,Assets,2017-07-01,345173000000,10-Q,2017-08-02,2017,Q3
AAPL,Assets,2017-09-30,375319000000,10-K,2018-11-05,2018,FY
AAPL,Assets,2017-12-30,406794000000,10-Q,2018-02-02,2018,Q1
AAPL,Assets,2018-03-31,367502000000,10-Q,2018-05-02,2018,Q2
AAPL,Assets,2018-06-30,349197000000,10-Q,2018-08-01,2018,Q3
AAPL,Assets,2018-09-29,365725000000,10-K,2019-10-31,2019,FY
AAPL,Assets,2018-12-29,373719000000,10-Q,2019-01-30,2019,Q1
AAPL,Assets,2019-03-30,341998000000,10-Q,2019-05-01,2019,Q2
AAPL,Assets,2019-06-29,322239000000,10-Q,2019-07-31,2019,Q3
AAPL,Assets,2019-09-28,338516000000,10-K,2020-10-30,2020,FY
AAPL,Assets,2019-12-28,340618000000,10-Q,2020-01-29,2020,Q1
AAPL,Assets,2020-03-28,320400000000,10-Q,2020-05-01,2020,Q2
AAPL,Assets,2020-06-27,317344000000,10-Q,2020-07-31,2020,Q3
AAPL,Assets,2020-09-26,323888000000,10-K,2021-10-29,2021,FY
AAPL,Assets,2020-12-26,354054000000,10-Q,2021-01-28,2021,Q1
AAPL,Assets,2021-03-27,337158000000,10-Q,2021-04-29,2021,Q2
AAPL,Assets,2021-06-26,329840000000,10-Q,2021-07-28,2021,Q3
AAPL,Assets,2021-09-25,351002000000,10-K,2022-10-28,2022,FY
AAPL,Assets,2021-12-25,381191000000,10-Q,2022-01-28,2022,Q1
AAPL,Assets,2022-03-26,350662000000,10-Q,2022-04-29,2022,Q2
AAPL,Assets,2022-06-25,336309000000,10-Q,2022-07-29,2022,Q3
AAPL,Assets,2022-09-24,352755000000,10-K,2023-11-03,2023,FY
AAPL,Assets,2022-12-31,346747000000,10-Q,2023-02-03,2023,Q1
AAPL,Assets,2023-04-01,332160000000,10-Q,2023-05-05,2023,Q2
AAPL,Assets,2023-07-01,335038000000,10-Q,2023-08-04,2023,Q3
AAPL,Assets,2023-09-30,352583000000,10-K,2024-11-01,2024,FY
AAPL,Assets,2023-12-30,353514000000,10-Q,2024-02-02,2024,Q1
AAPL,Assets,2024-03-30,337411000000,10-Q,2024-05-03,2024,Q2
AAPL,Assets,2024-06-29,331612000000,10-Q,2024-08-02,2024,Q3
AAPL,Assets,2024-09-28,364980000000,10-K,2025-10-31,2025,FY
AAPL,Assets,2024-12-28,344085000000,10-Q,2025-01-31,2025,Q1
AAPL,Assets,2025-03-29,331233000000,10-Q,2025-05-02,2025,Q2
AAPL,Assets,2025-06-28,331495000000,10-Q,2025-08-01,2025,Q3
AAPL,Assets,2025-09-27,359241000000,10-Q,2026-07-31,2026,Q3
AAPL,Assets,2025-12-27,379297000000,10-Q,2026-01-30,2026,Q1
AAPL,Assets,2026-03-28,371082000000,10-Q,2026-05-01,2026,Q2
AAPL,Assets,2026-06-27,383266000000,10-Q,2026-07-31,2026,Q3
AEP,Assets,2008-12-31,45155000000,10-K,2010-02-26,2009,FY
AEP,Assets,2009-06-30,46338000000,10-Q,2009-08-04,2009,Q2
AEP,Assets,2009-09-30,47193000000,10-Q,2009-10-30,2009,Q3
AEP,Assets,2009-12-31,48348000000,10-K,2011-02-25,2010,FY
AEP,Assets,2010-03-31,49625000000,10-Q,2010-04-30,2010,Q1
AEP,Assets,2010-06-30,49937000000,10-Q,2010-07-30,2010,Q2
AEP,Assets,2010-09-30,49892000000,10-Q,2010-11-01,2010,Q3
AEP,Assets,2010-12-31,50455000000,10-K,2012-02-28,2011,Q4
AEP,Assets,2011-03-31,50560000000,10-Q,2011-05-03,2011,Q1
AEP,Assets,2011-06-30,50752000000,10-Q,2011-07-29,2011,Q2
AEP,Assets,2011-09-30,51187000000,10-Q,2011-10-28,2011,Q3
AEP,Assets,2011-12-31,52223000000,10-K,2013-02-26,2012,FY
AEP,Assets,2012-03-31,52902000000,10-Q,2012-04-27,2012,Q1
AEP,Assets,2012-06-30,53421000000,10-Q,2012-07-27,2012,Q2
AEP,Assets,2012-09-30,53843000000,10-Q,2012-10-26,2012,Q3
AEP,Assets,2012-12-31,54367000000,10-K,2014-02-25,2013,FY
AEP,Assets,2013-03-31,54550000000,10-Q,2013-04-26,2013,Q1
AEP,Assets,2013-06-30,54979000000,10-Q,2013-07-26,2013,Q2
AEP,Assets,2013-09-30,54963000000,10-Q,2013-10-25,2013,Q3
AEP,Assets,2013-12-31,56321000000,10-K,2016-02-24,2015,FY
AEP,Assets,2014-03-31,57038000000,10-Q,2014-04-25,2014,Q1
AEP,Assets,2014-06-30,57620000000,10-Q,2014-07-25,2014,Q2
AEP,Assets,2014-09-30,57925000000,10-Q,2014-10-23,2014,Q3
AEP,Assets,2014-12-31,59544600000,10-K,2017-02-28,2016,FY
AEP,Assets,2015-03-31,60038000000,10-Q,2015-04-23,2015,Q1
AEP,Assets,2015-06-30,60938000000,10-Q,2015-07-23,2015,Q2
AEP,Assets,2015-09-30,61099000000,10-Q,2015-10-22,2015,Q3
AEP,Assets,2015-12-31,61683100000,10-K,2018-02-23,2017,FY
AEP,Assets,2016-03-31,62486500000,10-Q,2016-04-28,2016,Q1
AEP,Assets,2016-06-30,63317100000,10-Q,2016-07-28,2016,Q2
AEP,Assets,2016-09-30,61442000000,10-Q,2016-11-02,2016,Q3
AEP,Assets,2016-12-31,63467700000,10-K,2019-02-21,2018,FY
AEP,Assets,2017-03-31,61728300000,10-Q,2017-04-28,2017,Q1
AEP,Assets,2017-06-30,62739100000,10-Q,2017-07-27,2017,Q2
AEP,Assets,2017-09-30,63964900000,10-Q,2017-10-27,2017,Q3
AEP,Assets,2017-12-31,64729100000,10-K,2020-02-20,2019,FY
AEP,Assets,2018-03-31,65609500000,10-Q,2018-04-26,2018,Q1
AEP,Assets,2018-06-30,66870100000,10-Q,2018-07-26,2018,Q2
AEP,Assets,2018-09-30,67617400000,10-Q,2018-10-25,2018,Q3
AEP,Assets,2018-12-31,68802800000,10-K,2021-02-25,2020,FY
AEP,Assets,2019-03-31,70722000000,10-Q,2019-04-26,2019,Q1
AEP,Assets,2019-06-30,72550000000,10-Q,2019-07-25,2019,Q2
AEP,Assets,2019-09-30,73900700000,10-Q,2019-10-24,2019,Q3
AEP,Assets,2019-12-31,75892300000,10-K,2022-02-24,2021,FY
AEP,Assets,2020-03-31,77724000000,10-Q,2020-05-06,2020,Q1
AEP,Assets,2020-06-30,77804800000,10-Q,2020-08-06,2020,Q2
AEP,Assets,2020-09-30,78689300000,10-Q,2020-10-22,2020,Q3
AEP,Assets,2020-12-31,80757200000,10-K,2022-02-24,2021,FY
AEP,Assets,2021-03-31,82985100000,10-Q,2021-04-22,2020,Q3
AEP,Assets,2021-06-30,84358200000,10-Q,2021-07-22,2021,Q2
AEP,Assets,2021-09-30,86337100000,10-Q,2021-10-28,2021,Q3
AEP,Assets,2021-12-31,87668700000,8-K,2023-05-26,2022,FY
AEP,Assets,2022-03-31,89831400000,10-Q,2022-04-28,2022,Q1
AEP,Assets,2022-06-30,90861300000,10-Q,2022-07-27,2022,Q2
AEP,Assets,2022-09-30,91249400000,10-Q,2022-10-27,2022,Q3
AEP,Assets,2022-12-31,93403300000,10-K,2024-02-26,2023,FY
AEP,Assets,2023-03-31,94517900000,10-Q,2023-05-04,2023,Q1
AEP,Assets,2023-06-30,96002100000,10-Q,2023-07-27,2023,Q2
AEP,Assets,2023-09-30,95125600000,10-Q,2023-11-02,2023,Q3
AEP,Assets,2023-12-31,96684000000,10-K,2025-02-13,2024,FY
AEP,Assets,2024-03-31,97744600000,10-Q,2024-04-30,2024,Q1
AEP,Assets,2024-06-30,99622600000,10-Q,2024-07-30,2024,Q2
AEP,Assets,2024-09-30,100119100000,10-Q,2024-11-06,2024,Q3
AEP,Assets,2024-12-31,103078000000,10-K,2026-02-12,2025,FY
AEP,Assets,2025-03-31,104394600000,10-Q,2025-05-06,2025,Q1
AEP,Assets,2025-06-30,107778500000,10-Q,2025-07-30,2025,Q2
AEP,Assets,2025-09-30,110253500000,10-Q,2025-10-29,2025,Q3
AEP,Assets,2025-12-31,114460000000,10-Q,2026-05-05,2026,Q1
AEP,Assets,2026-03-31,117776000000,10-Q,2026-05-05,2026,Q1
AGX,Assets,2011-01-31,130542000,10-K,2012-04-13,2011,FY
AGX,Assets,2011-07-31,145626000,10-Q,2012-09-14,2012,Q2
AGX,Assets,2011-10-31,189301000,10-Q,2012-12-14,2012,Q3
AGX,Assets,2012-01-31,205252000,10-K,2014-04-15,2013,FY
AGX,Assets,2012-04-30,224689000,10-Q,2013-06-07,2013,Q1
AGX,Assets,2012-07-31,245463000,10-Q,2013-09-06,2013,Q2
AGX,Assets,2012-10-31,254985000,10-Q,2013-12-09,2013,Q3
AGX,Assets,2013-01-31,234724000,10-K,2015-04-16,2014,FY
AGX,Assets,2013-04-30,225586000,10-Q,2014-06-09,2014,Q1
AGX,Assets,2013-07-31,206748000,10-Q,2014-09-09,2014,Q2
AGX,Assets,2013-10-31,260448000,10-Q,2014-12-09,2014,Q3
AGX,Assets,2014-01-31,323306000,10-K,2016-04-15,2015,FY
AGX,Assets,2014-04-30,372317000,10-Q,2015-06-09,2015,Q1
AGX,Assets,2014-07-31,408300000,10-Q,2015-09-09,2015,Q2
AGX,Assets,2014-10-31,414378000,10-Q,2015-12-10,2015,Q3
AGX,Assets,2015-01-31,391193000,10-K,2017-04-11,2016,FY
AGX,Assets,2015-04-30,399872000,10-Q,2016-06-08,2016,Q1
AGX,Assets,2015-07-31,380058000,10-Q,2016-09-07,2016,Q2
AGX,Assets,2015-10-31,365263000,10-Q,2016-12-06,2016,Q3
AGX,Assets,2016-01-31,409791000,10-K,2018-04-11,2017,FY
AGX,Assets,2016-04-30,467979000,10-Q,2017-06-07,2017,Q1
AGX,Assets,2016-07-31,481094000,10-Q,2017-09-07,2017,Q2
AGX,Assets,2016-10-31,558843000,10-Q,2017-12-06,2017,Q3
AGX,Assets,2017-01-31,644488000,10-K,2019-04-10,2018,FY
AGX,Assets,2017-04-30,661357000,10-Q,2018-06-11,2018,Q1
AGX,Assets,2017-07-31,643321000,10-Q,2018-09-05,2018,Q2
AGX,Assets,2017-10-31,642301000,10-Q,2018-12-06,2019,Q3
AGX,Assets,2018-01-31,542669000,10-K,2020-04-14,2019,FY
AGX,Assets,2018-04-30,525878000,10-Q,2019-06-10,2020,Q1
AGX,Assets,2018-07-31,513803000,10-Q,2019-09-09,2020,Q2
AGX,Assets,2018-10-31,500769000,10-Q,2019-12-10,2020,Q3
AGX,Assets,2019-01-31,476648000,10-K,2021-04-14,2021,FY
AGX,Assets,2019-04-30,433161000,10-Q,2020-06-09,2021,Q1
AGX,Assets,2019-07-31,419724000,10-Q,2020-09-09,2021,Q2
AGX,Assets,2019-10-31,472717000,10-Q,2020-12-09,2021,Q3
AGX,Assets,2020-01-31,487540000,10-K,2022-04-13,2022,FY
AGX,Assets,2020-04-30,512964000,10-Q,2021-06-08,2022,Q1
AGX,Assets,2020-07-31,561107000,10-Q,2021-09-07,2022,Q2
AGX,Assets,2020-10-31,595500000,10-Q,2021-12-08,2022,Q3
AGX,Assets,2021-01-31,602630000,10-K,2023-04-17,2023,FY
AGX,Assets,2021-04-30,617972000,10-Q,2022-06-08,2023,Q1
AGX,Assets,2021-07-31,651989000,10-Q,2022-09-08,2023,Q2
AGX,Assets,2021-10-31,613153000,10-Q,2022-12-07,2023,Q3
AGX,Assets,2022-01-31,553585000,10-K,2024-04-11,2024,FY
AGX,Assets,2022-04-30,492810000,10-Q,2023-06-08,2024,Q1
AGX,Assets,2022-07-31,423070000,10-Q,2023-09-06,2024,Q2
AGX,Assets,2022-10-31,410903000,10-Q,2023-12-06,2024,Q3
AGX,Assets,2023-01-31,489487000,10-K,2025-03-27,2025,FY
AGX,Assets,2023-04-30,475694000,10-Q,2024-06-06,2025,Q1
AGX,Assets,2023-07-31,505708000,10-Q,2024-09-05,2025,Q2
AGX,Assets,2023-10-31,563652000,10-Q,2024-12-05,2025,Q3
AGX,Assets,2024-01-31,598229000,10-K,2026-03-26,2026,FY
AGX,Assets,2024-04-30,624408000,10-Q,2025-06-04,2026,Q1
AGX,Assets,2024-07-31,726574000,10-Q,2025-09-04,2026,Q2
AGX,Assets,2024-10-31,768864000,10-Q,2025-12-04,2026,Q3
AGX,Assets,2025-01-31,836227000,10-K,2026-03-26,2026,FY
AGX,Assets,2025-04-30,792155000,10-Q,2026-06-04,2027,Q1
AGX,Assets,2025-07-31,882704000,10-Q,2026-09-02,2027,Q2
AGX,Assets,2025-10-31,1050869000,10-Q,2025-12-04,2026,Q3
AGX,Assets,2026-01-31,1186354000,10-Q,2026-09-02,2027,Q2
AGX,Assets,2026-04-30,1286438000,10-Q,2026-06-04,2027,Q1
AGX,Assets,2026-07-31,1400970000,10-Q,2026-09-02,2027,Q2
AI,Assets,2020-04-30,305108000,10-K,2021-06-25,2021,FY
AI,Assets,2021-01-31,1184574000,10-Q,2021-03-02,2021,Q3
AI,Assets,2021-04-30,1196477000,10-K,2022-06-23,2022,FY
AI,Assets,2021-07-31,1191540000,10-Q,2021-09-02,2022,Q1
AI,Assets,2021-10-31,1164870000,10-Q,2021-12-02,2022,Q2
AI,Assets,2022-01-31,1187507000,10-Q,2022-03-03,2022,Q3
AI,Assets,2022-04-30,1170882000,10-K,2023-06-22,2023,FY
AI,Assets,2022-07-31,1137169000,10-Q,2022-09-01,2023,Q1
AI,Assets,2022-10-31,1100605000,10-Q,2022-12-08,2023,Q2
AI,Assets,2023-01-31,1095213000,10-Q,2023-03-03,2023,Q3
AI,Assets,2023-04-30,1103028000,10-K,2024-06-18,2024,FY
AI,Assets,2023-07-31,1089403000,10-Q,2023-09-07,2024,Q1
AI,Assets,2023-10-31,1071114000,10-Q,2023-12-07,2024,Q2
AI,Assets,2024-01-31,1063989000,10-Q,2024-02-29,2024,Q3
AI,Assets,2024-04-30,1038225000,10-K,2025-06-23,2025,FY
AI,Assets,2024-07-31,1057620000,10-Q,2024-09-05,2025,Q1
AI,Assets,2024-10-31,1046289000,10-Q,2024-12-10,2025,Q2
AI,Assets,2025-01-31,1055141000,10-Q,2025-03-07,2025,Q3
AI,Assets,2025-04-30,1025882000,10-K,2026-06-24,2026,FY
AI,Assets,2025-07-31,968739000,10-Q,2025-09-09,2026,Q1
AI,Assets,2025-10-31,961298000,10-Q,2025-12-09,2026,Q2
AI,Assets,2026-01-31,895776000,10-Q,2026-03-11,2026,Q3
AI,Assets,2026-04-30,816273000,10-Q,2026-09-09,2027,Q1
AI,Assets,2026-07-31,874804000,10-Q,2026-09-09,2027,Q1
AMD,Assets,2009-12-26,9078000000,10-K,2011-02-18,2010,FY
AMD,Assets,2010-06-26,4955000000,10-Q,2010-08-04,2010,Q2
AMD,Assets,2010-09-25,4595000000,10-Q,2010-11-03,2010,Q3
AMD,Assets,2010-12-25,4964000000,10-K,2012-02-24,2011,FY
AMD,Assets,2011-04-02,5209000000,10-Q,2011-05-10,2011,Q1
AMD,Assets,2011-07-02,5224000000,10-Q,2011-08-10,2011,Q2
AMD,Assets,2011-10-01,5236000000,10-Q,2011-11-09,2011,Q3
AMD,Assets,2011-12-31,4954000000,10-K,2013-02-21,2012,FY
AMD,Assets,2012-03-31,4988000000,10-Q,2012-05-09,2012,Q1
AMD,Assets,2012-06-30,5041000000,10-Q,2012-08-02,2012,Q2
AMD,Assets,2012-09-29,4612000000,10-Q,2012-11-01,2012,Q3
AMD,Assets,2012-12-29,4000000000,10-K,2014-02-18,2013,FY
AMD,Assets,2013-03-30,3797000000,10-Q,2013-05-06,2013,Q1
AMD,Assets,2013-06-29,3897000000,10-Q,2013-08-01,2013,Q2
AMD,Assets,2013-09-28,4317000000,10-Q,2013-10-30,2013,Q3
AMD,Assets,2013-12-28,4337000000,10-K,2015-02-19,2014,FY
AMD,Assets,2014-03-29,4108000000,10-Q,2014-05-01,2014,Q1
AMD,Assets,2014-06-28,4246000000,10-Q,2014-07-31,2014,Q2
AMD,Assets,2014-09-27,4325000000,10-Q,2014-10-30,2014,Q3
AMD,Assets,2014-12-27,3767000000,10-K,2016-02-18,2015,FY
AMD,Assets,2015-03-28,3428000000,10-Q,2015-04-29,2015,Q1
AMD,Assets,2015-06-27,3381000000,10-Q,2015-07-30,2015,Q2
AMD,Assets,2015-09-26,3229000000,10-Q,2015-11-03,2015,Q3
AMD,Assets,2015-12-26,3084000000,10-K,2017-02-21,2016,FY
AMD,Assets,2016-03-26,2981000000,10-Q,2016-04-28,2016,Q1
AMD,Assets,2016-06-25,3316000000,10-Q,2016-07-26,2016,Q2
AMD,Assets,2016-09-24,3616000000,10-Q,2016-10-26,2016,Q3
AMD,Assets,2016-12-31,3321000000,10-K,2018-02-27,2017,FY
AMD,Assets,2017-04-01,3299000000,10-Q,2017-05-08,2017,Q1
AMD,Assets,2017-07-01,3370000000,10-Q,2017-08-03,2017,Q2
AMD,Assets,2017-09-30,3586000000,10-Q,2017-11-02,2017,Q3
AMD,Assets,2017-12-30,3552000000,10-K,2019-02-08,2018,FY
AMD,Assets,2018-03-31,3763000000,10-Q,2018-05-03,2018,Q1
AMD,Assets,2018-06-30,4103000000,10-Q,2018-08-02,2018,Q2
AMD,Assets,2018-09-29,4347000000,10-Q,2018-10-31,2018,Q3
AMD,Assets,2018-12-29,4556000000,10-K,2020-02-04,2019,FY
AMD,Assets,2019-03-30,4931000000,10-Q,2019-05-01,2019,Q1
AMD,Assets,2019-06-29,5102000000,10-Q,2019-07-31,2019,Q2
AMD,Assets,2019-09-28,5253000000,10-Q,2019-10-30,2019,Q3
AMD,Assets,2019-12-28,6028000000,10-K,2021-01-29,2020,FY
AMD,Assets,2020-03-28,5864000000,10-Q,2020-04-29,2020,Q1
AMD,Assets,2020-06-27,6583000000,10-Q,2020-07-29,2020,Q2
AMD,Assets,2020-09-26,7023000000,10-Q,2020-10-28,2020,Q3
AMD,Assets,2020-12-26,8962000000,10-K,2022-02-03,2021,FY
AMD,Assets,2021-03-27,10047000000,10-Q,2021-04-28,2021,Q1
AMD,Assets,2021-06-26,10691000000,10-Q,2021-07-28,2021,Q2
AMD,Assets,2021-09-25,11153000000,10-Q,2021-10-27,2021,Q3
AMD,Assets,2021-12-25,12419000000,10-K,2023-02-27,2022,FY
AMD,Assets,2022-03-26,66915000000,10-Q,2022-05-04,2022,Q1
AMD,Assets,2022-06-25,67502000000,10-Q,2022-08-03,2022,Q2
AMD,Assets,2022-09-24,67811000000,10-Q,2022-11-02,2022,Q3
AMD,Assets,2022-12-31,67580000000,10-K,2024-01-31,2023,FY
AMD,Assets,2023-04-01,67634000000,10-Q,2023-05-03,2023,Q1
AMD,Assets,2023-07-01,67967000000,10-Q,2023-08-02,2023,Q2
AMD,Assets,2023-09-30,67626000000,10-Q,2023-11-01,2023,Q3
AMD,Assets,2023-12-30,67885000000,10-K,2025-02-05,2024,FY
AMD,Assets,2024-03-30,67895000000,10-Q,2024-05-01,2024,Q1
AMD,Assets,2024-06-29,67886000000,10-Q,2024-07-31,2024,Q2
AMD,Assets,2024-09-28,69636000000,10-Q,2024-10-30,2024,Q3
AMD,Assets,2024-12-28,69226000000,10-K,2026-02-04,2025,FY
AMD,Assets,2025-03-29,71550000000,10-Q,2025-05-07,2025,Q1
AMD,Assets,2025-06-28,74820000000,10-Q,2025-08-06,2025,Q2
AMD,Assets,2025-09-27,76891000000,10-Q,2025-11-05,2025,Q3
AMD,Assets,2025-12-27,76926000000,10-Q,2026-08-05,2026,Q2
AMD,Assets,2026-03-28,79642000000,10-Q,2026-05-06,2026,Q1
AMD,Assets,2026-06-27,84464000000,10-Q,2026-08-05,2026,Q2
AMT,Assets,2008-12-31,8211665000,10-K,2010-03-01,2009,FY
AMT,Assets,2009-06-30,8486487000,10-Q,2009-08-06,2009,Q2
AMT,Assets,2009-09-30,8394824000,10-Q,2009-11-05,2009,Q3
AMT,Assets,2009-12-31,8519931000,10-K,2011-02-28,2010,FY
AMT,Assets,2010-03-31,8674251000,10-Q,2010-05-06,2010,Q1
AMT,Assets,2010-06-30,8585923000,10-Q,2010-08-06,2010,Q2
AMT,Assets,2010-09-30,9448978000,10-Q,2010-11-05,2010,Q3
AMT,Assets,2010-12-31,10370084000,10-K,2012-02-29,2011,FY
AMT,Assets,2011-03-31,10758749000,10-Q,2011-05-05,2011,Q1
AMT,Assets,2011-06-30,10973784000,10-Q,2011-08-04,2011,Q2
AMT,Assets,2011-09-30,10895336000,10-Q,2011-11-02,2011,Q3
AMT,Assets,2011-12-31,12242395000,10-K,2014-02-26,2013,FY
AMT,Assets,2012-03-31,12638206000,10-Q,2012-05-03,2012,Q1
AMT,Assets,2012-06-30,12709359000,10-Q,2012-08-02,2012,Q2
AMT,Assets,2012-09-30,12961304000,10-Q,2012-10-31,2012,Q3
AMT,Assets,2012-12-31,14089429000,10-K,2015-02-24,2014,FY
AMT,Assets,2013-03-31,14463740000,10-Q,2014-05-01,2014,Q1
AMT,Assets,2013-06-30,14339394000,10-Q,2014-07-30,2014,Q2
AMT,Assets,2013-09-30,18181320000,10-Q,2014-10-30,2014,Q3
AMT,Assets,2013-12-31,20213937000,10-K,2016-02-26,2015,FY
AMT,Assets,2014-03-31,20417407000,10-Q,2015-04-30,2015,Q1
AMT,Assets,2014-06-30,20847737000,10-Q,2015-07-29,2015,Q2
AMT,Assets,2014-09-30,20596615000,10-Q,2015-10-29,2015,Q3
AMT,Assets,2014-12-31,21263565000,10-K,2017-02-27,2016,FY
AMT,Assets,2015-03-31,25930194000,10-Q,2016-04-29,2016,Q1
AMT,Assets,2015-06-30,26469725000,10-Q,2016-07-28,2016,Q2
AMT,Assets,2015-09-30,26926788000,10-Q,2016-10-27,2016,Q3
AMT,Assets,2015-12-31,26904300000,10-K,2018-02-28,2017,Q4
AMT,Assets,2016-03-31,27064315000,10-Q,2017-04-27,2017,Q1
AMT,Assets,2016-06-30,30740198000,10-Q,2017-07-27,2017,Q2
AMT,Assets,2016-09-30,30655527000,10-Q,2017-10-31,2017,Q3
AMT,Assets,2016-12-31,30879200000,10-K,2019-02-27,2018,Q4
AMT,Assets,2017-03-31,32057400000,10-Q,2018-05-02,2018,Q1
AMT,Assets,2017-06-30,32138200000,10-Q,2018-07-31,2018,Q2
AMT,Assets,2017-09-30,32319300000,10-Q,2018-10-30,2018,Q3
AMT,Assets,2017-12-31,33214300000,10-K,2020-02-25,2019,FY
AMT,Assets,2018-03-31,34372700000,10-Q,2019-05-03,2019,Q1
AMT,Assets,2018-06-30,33205700000,10-Q,2019-07-31,2019,Q2
AMT,Assets,2018-09-30,33077200000,10-Q,2019-10-31,2019,Q3
AMT,Assets,2018-12-31,33010400000,10-K,2021-02-25,2020,FY
AMT,Assets,2019-03-31,38926800000,10-Q,2020-04-29,2020,Q1
AMT,Assets,2019-06-30,39072700000,10-Q,2020-07-30,2020,Q2
AMT,Assets,2019-09-30,39307200000,10-Q,2020-10-29,2020,Q3
AMT,Assets,2019-12-31,42801600000,10-K,2021-02-25,2020,FY
AMT,Assets,2020-03-31,40789100000,10-Q,2021-04-29,2021,Q1
AMT,Assets,2020-06-30,41515900000,10-Q,2021-07-29,2021,Q2
AMT,Assets,2020-09-30,41462200000,10-Q,2021-10-28,2021,Q3
AMT,Assets,2020-12-31,47233500000,10-K,2022-02-25,2021,FY
AMT,Assets,2021-03-31,46942500000,10-Q,2022-04-27,2022,Q1
AMT,Assets,2021-06-30,58982900000,10-Q,2022-07-28,2022,Q2
AMT,Assets,2021-09-30,60530000000,10-Q,2022-10-27,2022,Q3
AMT,Assets,2021-12-31,69887900000,10-K,2023-02-23,2022,FY
AMT,Assets,2022-03-31,69763500000,10-Q,2023-04-26,2023,Q1
AMT,Assets,2022-06-30,68116800000,10-Q,2023-07-27,2023,Q2
AMT,Assets,2022-09-30,66512800000,10-Q,2023-10-26,2023,Q3
AMT,Assets,2022-12-31,67194500000,10-K,2024-02-27,2023,FY
AMT,Assets,2023-03-31,66817700000,10-Q,2024-04-30,2024,Q1
AMT,Assets,2023-06-30,66879000000,10-Q,2024-07-30,2024,Q2
AMT,Assets,2023-09-30,65653000000,10-Q,2024-10-29,2024,Q3
AMT,Assets,2023-12-31,66027600000,10-K,2025-02-25,2024,FY
AMT,Assets,2024-03-31,66679000000,10-Q,2025-04-29,2025,Q1
AMT,Assets,2024-06-30,65837800000,10-Q,2025-07-29,2025,Q2
AMT,Assets,2024-09-30,62816800000,10-Q,2025-10-28,2025,Q3
AMT,Assets,2024-12-31,61077400000,10-K,2026-02-24,2025,FY
AMT,Assets,2025-03-31,62055600000,10-Q,2026-04-28,2026,Q1
AMT,Assets,2025-06-30,63754500000,10-Q,2026-07-28,2026,Q2
AMT,Assets,2025-09-30,63888700000,10-Q,2025-10-28,2025,Q3
AMT,Assets,2025-12-31,63190400000,10-Q,2026-07-28,2026,Q2
AMT,Assets,2026-03-31,63234600000,10-Q,2026-04-28,2026,Q1
AMT,Assets,2026-06-30,63300100000,10-Q,2026-07-28,2026,Q2
AMZN,Assets,2008-12-31,8314000000,10-K,2010-01-29,2009,FY
AMZN,Assets,2009-06-30,7675000000,10-Q,2009-07-24,2009,Q2
AMZN,Assets,2009-09-30,8972000000,10-Q,2009-10-23,2009,Q3
AMZN,Assets,2009-12-31,13813000000,10-K,2011-01-28,2010,FY
AMZN,Assets,2010-03-31,12042000000,10-Q,2010-04-23,2010,Q1
AMZN,Assets,2010-06-30,12397000000,10-Q,2010-07-23,2010,Q2
AMZN,Assets,2010-09-30,14162000000,10-Q,2010-10-22,2010,Q3
AMZN,Assets,2010-12-31,18797000000,10-K,2012-02-01,2011,FY
AMZN,Assets,2011-03-31,16882000000,10-Q,2011-04-27,2011,Q1
AMZN,Assets,2011-06-30,17941000000,10-Q,2011-07-27,2011,Q2
AMZN,Assets,2011-09-30,19054000000,10-Q,2011-10-26,2011,Q3
AMZN,Assets,2011-12-31,25278000000,10-K,2013-01-30,2012,FY
AMZN,Assets,2012-03-31,20339000000,10-Q,2012-04-27,2012,Q1
AMZN,Assets,2012-06-30,21022000000,10-Q,2012-07-27,2012,Q2
AMZN,Assets,2012-09-30,22834000000,10-Q,2012-10-26,2012,Q3
AMZN,Assets,2012-12-31,32555000000,10-K,2014-01-31,2013,FY
AMZN,Assets,2013-03-31,28377000000,10-Q,2013-04-26,2013,Q1
AMZN,Assets,2013-06-30,29623000000,10-Q,2013-07-26,2013,Q2
AMZN,Assets,2013-09-30,31861000000,10-Q,2013-10-25,2013,Q3
AMZN,Assets,2013-12-31,40159000000,10-K,2016-01-29,2015,FY
AMZN,Assets,2014-03-31,36364000000,10-Q,2014-04-25,2014,Q1
AMZN,Assets,2014-06-30,37898000000,10-Q,2014-07-25,2014,Q2
AMZN,Assets,2014-09-30,40419000000,10-Q,2014-10-24,2014,Q3
AMZN,Assets,2014-12-31,54505000000,10-K,2017-02-10,2016,FY
AMZN,Assets,2015-03-31,50075000000,10-Q,2015-04-24,2015,Q1
AMZN,Assets,2015-06-30,52440000000,10-Q,2015-07-24,2015,Q2
AMZN,Assets,2015-09-30,56230000000,10-Q,2015-10-23,2015,Q3
AMZN,Assets,2015-12-31,64747000000,10-K,2018-02-02,2017,FY
AMZN,Assets,2016-03-31,61128000000,10-Q,2016-04-29,2016,Q1
AMZN,Assets,2016-06-30,65076000000,10-Q,2016-07-29,2016,Q2
AMZN,Assets,2016-09-30,70897000000,10-Q,2016-10-28,2016,Q3
AMZN,Assets,2016-12-31,83402000000,10-K,2019-02-01,2018,FY
AMZN,Assets,2017-03-31,80969000000,10-Q,2017-04-28,2017,Q1
AMZN,Assets,2017-06-30,87781000000,10-Q,2017-07-28,2017,Q2
AMZN,Assets,2017-09-30,115267000000,10-Q,2017-10-27,2017,Q3
AMZN,Assets,2017-12-31,131310000000,10-K,2020-01-31,2019,FY
AMZN,Assets,2018-03-31,126362000000,10-Q,2018-04-27,2018,Q1
AMZN,Assets,2018-06-30,134100000000,10-Q,2018-07-27,2018,Q2
AMZN,Assets,2018-09-30,143695000000,10-Q,2018-10-26,2018,Q3
AMZN,Assets,2018-12-31,162648000000,10-K,2021-02-03,2020,FY
AMZN,Assets,2019-03-31,178102000000,10-Q,2019-04-26,2019,Q1
AMZN,Assets,2019-06-30,191351000000,10-Q,2019-07-26,2019,Q2
AMZN,Assets,2019-09-30,199099000000,10-Q,2019-10-25,2019,Q3
AMZN,Assets,2019-12-31,225248000000,10-K,2022-02-04,2021,FY
AMZN,Assets,2020-03-31,221238000000,10-Q,2020-05-01,2020,Q1
AMZN,Assets,2020-06-30,258314000000,10-Q,2020-07-31,2020,Q2
AMZN,Assets,2020-09-30,282179000000,10-Q,2020-10-30,2020,Q3
AMZN,Assets,2020-12-31,321195000000,10-K,2023-02-03,2022,FY
AMZN,Assets,2021-03-31,323077000000,10-Q,2021-04-30,2021,Q1
AMZN,Assets,2021-06-30,360319000000,10-Q,2021-07-30,2021,Q2
AMZN,Assets,2021-09-30,382406000000,10-Q,2021-10-29,2021,Q3
AMZN,Assets,2021-12-31,420549000000,10-K,2024-02-02,2023,FY
AMZN,Assets,2022-03-31,410767000000,10-Q,2022-04-29,2022,Q1
AMZN,Assets,2022-06-30,419728000000,10-Q,2022-07-29,2022,Q2
AMZN,Assets,2022-09-30,428362000000,10-Q,2022-10-28,2022,Q3
AMZN,Assets,2022-12-31,462675000000,10-K,2025-02-07,2024,FY
AMZN,Assets,2023-03-31,464378000000,10-Q,2023-04-28,2023,Q1
AMZN,Assets,2023-06-30,477607000000,10-Q,2023-08-04,2023,Q2
AMZN,Assets,2023-09-30,486883000000,10-Q,2023-10-27,2023,Q3
AMZN,Assets,2023-12-31,527854000000,10-K,2026-02-06,2025,FY
AMZN,Assets,2024-03-31,530969000000,10-Q,2024-05-01,2024,Q1
AMZN,Assets,2024-06-30,554818000000,10-Q,2024-08-02,2024,Q2
AMZN,Assets,2024-09-30,584626000000,10-Q,2024-11-01,2024,Q3
AMZN,Assets,2024-12-31,624894000000,10-K,2026-02-06,2025,FY
AMZN,Assets,2025-03-31,643256000000,10-Q,2025-05-02,2025,Q1
AMZN,Assets,2025-06-30,682170000000,10-Q,2025-08-01,2025,Q2
AMZN,Assets,2025-09-30,727921000000,10-Q,2025-10-31,2025,Q3
AMZN,Assets,2025-12-31,818042000000,10-Q,2026-07-31,2026,Q2
AMZN,Assets,2026-03-31,916630000000,10-Q,2026-04-30,2026,Q1
AMZN,Assets,2026-06-30,1095689000000,10-Q,2026-07-31,2026,Q2
APLD,Assets,2021-05-31,15052000,10-K,2022-08-29,2022,FY
APLD,Assets,2022-02-28,63494000,10-Q,2022-05-13,2022,Q3
APLD,Assets,2022-05-31,119980000,10-K,2023-08-02,2023,FY
APLD,Assets,2022-08-31,145920000,10-Q,2022-10-12,2023,Q1
APLD,Assets,2022-11-30,167443000,10-Q,2023-01-10,2023,Q2
APLD,Assets,2023-02-28,207607000,10-Q,2023-04-06,2023,Q3
APLD,Assets,2023-05-31,263957000,10-K,2024-08-30,2024,FY
APLD,Assets,2023-08-31,349153000,10-Q,2023-10-10,2024,Q1
APLD,Assets,2023-11-30,480654000,10-Q,2024-01-16,2024,Q2
APLD,Assets,2024-02-29,643168000,10-Q,2024-04-11,2024,Q3
APLD,Assets,2024-05-31,762867000,10-K,2025-07-30,2025,FY
APLD,Assets,2024-08-31,937732000,10-Q,2024-10-09,2025,Q1
APLD,Assets,2024-11-30,1543169000,10-Q,2025-01-14,2025,Q2
APLD,Assets,2025-02-28,1707347000,10-Q,2025-04-14,2025,Q3
APLD,Assets,2025-05-31,1870090000,10-K,2026-07-29,2026,FY
APLD,Assets,2025-08-31,2398995000,10-Q,2025-10-09,2026,Q1
APLD,Assets,2025-11-30,5229344000,10-Q,2026-01-08,2026,Q2
APLD,Assets,2026-02-28,6246818000,10-Q,2026-04-08,2026,Q3
APLD,Assets,2026-05-31,9929312000,10-K,2026-07-29,2026,FY
ARM,Assets,2023-03-31,6866000000,20-F,2024-05-29,2024,FY
ARM,Assets,2023-09-30,6810000000,6-K,2023-11-09,2024,Q2
ARM,Assets,2023-12-31,7115000000,6-K,2024-02-08,2024,Q3
ARM,Assets,2024-03-31,7927000000,20-F,2025-05-28,2025,FY
ARM,Assets,2024-06-30,7880000000,6-K,2024-08-01,2024,Q1
ARM,Assets,2024-09-30,8086000000,6-K,2024-11-07,2025,Q2
ARM,Assets,2024-12-31,8496000000,6-K,2025-02-05,2025,Q3
ARM,Assets,2025-03-31,8932000000,20-F,2026-05-26,2026,FY
ARM,Assets,2025-06-30,9395000000,6-K,2025-07-30,2026,Q1
ARM,Assets,2025-09-30,9710000000,6-K,2025-11-05,2026,Q2
ARM,Assets,2025-12-31,10176000000,6-K,2026-02-04,2026,Q3
ARM,Assets,2026-03-31,10703000000,6-K,2026-07-29,2027,Q1
ARM,Assets,2026-06-30,11196000000,6-K,2026-07-29,2027,Q1
AVGO,Assets,2017-10-29,54418000000,10-K,2018-12-21,2018,FY
AVGO,Assets,2018-05-06,54936000000,10-Q,2018-06-14,2018,Q2
AVGO,Assets,2018-08-05,50372000000,10-Q,2018-09-13,2018,Q3
AVGO,Assets,2018-11-04,50124000000,8-K,2020-06-26,,
AVGO,Assets,2019-02-03,72110000000,10-Q,2019-03-15,2019,Q1
AVGO,Assets,2019-05-05,70916000000,10-Q,2019-06-14,2019,Q2
AVGO,Assets,2019-08-04,69767000000,10-Q,2019-09-13,2019,Q3
AVGO,Assets,2019-11-03,67493000000,10-K,2020-12-18,2020,FY
AVGO,Assets,2020-02-02,81006000000,10-Q,2020-03-13,2020,Q1
AVGO,Assets,2020-05-03,81548000000,10-Q,2020-06-12,2020,Q2
AVGO,Assets,2020-08-02,79298000000,10-Q,2020-09-11,2020,Q3
AVGO,Assets,2020-11-01,75933000000,10-K,2021-12-17,2021,FY
AVGO,Assets,2021-01-31,76972000000,10-Q,2021-03-12,2021,Q1
AVGO,Assets,2021-05-02,75524000000,10-Q,2021-06-11,2021,Q2
AVGO,Assets,2021-08-01,75880000000,10-Q,2021-09-09,2021,Q3
AVGO,Assets,2021-10-31,75570000000,10-K,2022-12-16,2022,FY
AVGO,Assets,2022-01-30,73224000000,10-Q,2022-03-10,2022,Q1
AVGO,Assets,2022-05-01,71719000000,10-Q,2022-06-09,2022,Q2
AVGO,Assets,2022-07-31,71326000000,10-Q,2022-09-08,2022,Q3
AVGO,Assets,2022-10-30,73249000000,10-K,2023-12-14,2023,FY
AVGO,Assets,2023-01-29,72976000000,10-Q,2023-03-08,2023,Q1
AVGO,Assets,2023-04-30,71667000000,10-Q,2023-06-07,2023,Q2
AVGO,Assets,2023-07-30,71595000000,10-Q,2023-09-06,2023,Q3
AVGO,Assets,2023-10-29,72861000000,10-K,2024-12-20,2024,FY
AVGO,Assets,2024-02-04,177870000000,10-Q,2024-03-14,2024,Q1
AVGO,Assets,2024-05-05,175211000000,10-Q,2024-06-13,2024,Q2
AVGO,Assets,2024-08-04,167966000000,10-Q,2024-09-11,2024,Q3
AVGO,Assets,2024-11-03,165645000000,10-K,2025-12-18,2025,FY
AVGO,Assets,2025-02-02,165358000000,10-Q,2025-03-12,2025,Q1
AVGO,Assets,2025-05-04,164630000000,10-Q,2025-06-11,2025,Q2
AVGO,Assets,2025-08-03,165621000000,10-Q,2025-09-10,2025,Q3
AVGO,Assets,2025-11-02,171092000000,10-Q,2026-09-10,2026,Q3
AVGO,Assets,2026-02-01,169903000000,10-Q,2026-03-11,2026,Q1
AVGO,Assets,2026-05-03,179158000000,10-Q,2026-06-09,2026,Q2
AVGO,Assets,2026-08-02,188148000000,10-Q,2026-09-10,2026,Q3
BWXT,Assets,2009-12-31,2603859000,10-K/A,2012-03-29,2011,FY
BWXT,Assets,2010-12-31,2500510000,10-K,2013-02-28,2012,FY
BWXT,Assets,2011-06-30,2578415000,10-Q,2011-08-08,2011,Q2
BWXT,Assets,2011-09-30,2545217000,10-Q,2011-11-07,2011,Q3
BWXT,Assets,2011-12-31,2789111000,10-K,2014-02-26,2013,FY
BWXT,Assets,2012-03-31,2736497000,10-Q,2012-05-09,2012,Q1
BWXT,Assets,2012-06-30,2781161000,10-Q,2012-08-07,2012,Q2
BWXT,Assets,2012-09-30,2803772000,10-Q,2012-11-07,2012,Q3
BWXT,Assets,2012-12-31,2840355000,10-K/A,2015-02-26,2014,FY
BWXT,Assets,2013-03-31,2749392000,10-Q,2013-05-07,2013,Q1
BWXT,Assets,2013-06-30,2725309000,10-Q,2013-08-07,2013,Q2
BWXT,Assets,2013-09-30,2739664000,10-Q,2013-11-12,2013,Q3
BWXT,Assets,2013-12-31,2609153000,10-K/A,2015-02-26,2014,FY
BWXT,Assets,2014-03-31,2499630000,10-Q,2014-05-12,2014,Q1
BWXT,Assets,2014-06-30,2626053000,10-Q,2014-08-06,2014,Q2
BWXT,Assets,2014-09-30,2656770000,10-Q,2014-11-05,2014,Q3
BWXT,Assets,2014-12-31,2856936000,10-K,2016-02-24,2015,FY
BWXT,Assets,2015-03-31,2792134000,10-Q,2015-05-06,2015,Q1
BWXT,Assets,2015-06-30,1337225000,10-Q,2015-08-05,2015,Q2
BWXT,Assets,2015-09-30,1410722000,10-Q,2015-11-04,2015,Q3
BWXT,Assets,2015-12-31,1375398000,10-K,2017-02-27,2016,FY
BWXT,Assets,2016-03-31,1365712000,10-Q,2016-05-02,2016,Q1
BWXT,Assets,2016-06-30,1401343000,10-Q,2016-08-08,2016,Q2
BWXT,Assets,2016-09-30,1365144000,10-Q,2016-10-31,2016,Q3
BWXT,Assets,2016-12-31,1579815000,10-K,2018-02-27,2017,FY
BWXT,Assets,2017-03-31,1617926000,10-Q,2017-05-01,2017,Q1
BWXT,Assets,2017-06-30,1624738000,10-Q,2017-08-07,2017,Q2
BWXT,Assets,2017-09-30,1723512000,10-Q,2017-11-06,2017,Q3
BWXT,Assets,2017-12-31,1712339000,10-K,2019-02-25,2018,FY
BWXT,Assets,2018-03-31,1539539000,10-Q,2018-05-04,2018,Q1
BWXT,Assets,2018-06-30,1742465000,10-Q,2018-08-06,2018,Q2
BWXT,Assets,2018-09-30,1735704000,10-Q,2018-11-06,2018,Q3
BWXT,Assets,2018-12-31,1655096000,10-K,2020-02-24,2019,FY
BWXT,Assets,2019-03-31,1716786000,10-Q,2019-05-01,2019,Q1
BWXT,Assets,2019-06-30,1756480000,10-Q,2019-08-05,2019,Q2
BWXT,Assets,2019-09-30,1826420000,10-Q,2019-11-04,2019,Q3
BWXT,Assets,2019-12-31,1908913000,10-K,2021-02-22,2020,FY
BWXT,Assets,2020-03-31,1966603000,10-Q,2020-05-04,2020,Q1
BWXT,Assets,2020-06-30,1971363000,10-Q,2020-08-03,2020,Q2
BWXT,Assets,2020-09-30,2124314000,10-Q,2020-11-02,2020,Q3
BWXT,Assets,2020-12-31,2293503000,10-K,2022-02-22,2021,FY
BWXT,Assets,2021-03-31,2351914000,10-Q,2021-05-03,2021,Q1
BWXT,Assets,2021-06-30,2566402000,10-Q,2021-08-02,2021,Q2
BWXT,Assets,2021-09-30,2489713000,10-Q,2021-11-01,2021,Q3
BWXT,Assets,2021-12-31,2501380000,10-K,2023-02-23,2022,FY
BWXT,Assets,2022-03-31,2569107000,10-Q,2022-05-09,2022,Q1
BWXT,Assets,2022-06-30,2705523000,10-Q,2022-08-08,2022,Q2
BWXT,Assets,2022-09-30,2672058000,10-Q,2022-11-07,2022,Q3
BWXT,Assets,2022-12-31,2618939000,10-K,2024-02-27,2023,FY
BWXT,Assets,2023-03-31,2718908000,10-Q,2023-05-08,2023,Q1
BWXT,Assets,2023-06-30,2740574000,10-Q,2023-08-03,2023,Q2
BWXT,Assets,2023-09-30,2776839000,10-Q,2023-11-01,2023,Q3
BWXT,Assets,2023-12-31,2747065000,10-K,2025-02-24,2024,FY
BWXT,Assets,2024-03-31,2788010000,10-Q,2024-05-06,2024,Q1
BWXT,Assets,2024-06-30,2840633000,10-Q,2024-08-05,2024,Q2
BWXT,Assets,2024-09-30,2947460000,10-Q,2024-11-04,2024,Q3
BWXT,Assets,2024-12-31,2869924000,10-K,2026-02-23,2025,FY
BWXT,Assets,2025-03-31,3054008000,10-Q,2025-05-05,2025,Q1
BWXT,Assets,2025-06-30,3699072000,10-Q,2025-08-04,2025,Q2
BWXT,Assets,2025-09-30,3781537000,10-Q,2025-11-03,2025,Q3
BWXT,Assets,2025-12-31,4271495000,10-Q/A,2026-08-05,2026,Q2
BWXT,Assets,2026-03-31,4324910000,10-Q,2026-05-04,2026,Q1
BWXT,Assets,2026-06-30,4423130000,10-Q/A,2026-08-05,2026,Q2
CCI,Assets,2008-12-31,10361722000,10-K,2010-02-16,2009,FY
CCI,Assets,2009-06-30,10552413000,10-Q/A,2009-08-28,2009,Q2
CCI,Assets,2009-09-30,10483219000,10-Q,2009-11-06,2009,Q3
CCI,Assets,2009-12-31,10956606000,10-K/A,2011-02-17,2010,FY
CCI,Assets,2010-03-31,10560509000,10-Q,2010-05-10,2010,Q1
CCI,Assets,2010-06-30,10352414000,10-Q/A,2010-08-26,2010,Q2
CCI,Assets,2010-09-30,10653242000,10-Q,2010-11-05,2010,Q3
CCI,Assets,2010-12-31,10469529000,10-K,2012-02-13,2011,FY
CCI,Assets,2011-03-31,10397194000,10-Q,2011-05-06,2011,Q1
CCI,Assets,2011-06-30,10385320000,10-Q,2011-08-05,2011,Q2
CCI,Assets,2011-09-30,10443215000,10-Q,2011-11-03,2011,Q3
CCI,Assets,2011-12-31,10545096000,10-K,2013-02-12,2012,FY
CCI,Assets,2012-03-31,12124656000,10-Q,2012-05-03,2012,Q1
CCI,Assets,2012-06-30,12597676000,10-Q,2012-08-06,2012,Q2
CCI,Assets,2012-09-30,12736419000,10-Q,2012-11-02,2012,Q3
CCI,Assets,2012-12-31,16088709000,10-K,2015-02-19,2014,FY
CCI,Assets,2013-03-31,15372505000,10-Q,2013-05-03,2013,Q1
CCI,Assets,2013-06-30,15392585000,10-Q,2013-08-06,2013,Q2
CCI,Assets,2013-09-30,15567572000,10-Q,2013-11-08,2013,Q3
CCI,Assets,2013-12-31,20594908000,10-K,2015-02-19,2014,FY
CCI,Assets,2014-03-31,20569666000,10-Q,2014-05-06,2014,Q1
CCI,Assets,2014-06-30,20672059000,10-Q,2014-08-08,2014,Q2
CCI,Assets,2014-09-30,20784860000,10-Q,2014-11-07,2014,Q3
CCI,Assets,2014-12-31,21143276000,10-K,2016-02-22,2015,FY
CCI,Assets,2015-03-31,21105477000,10-Q,2015-05-08,2015,Q1
CCI,Assets,2015-06-30,21011629000,10-Q,2015-08-07,2015,Q2
CCI,Assets,2015-09-30,21995644000,10-Q,2015-11-06,2015,Q3
CCI,Assets,2015-12-31,21936966000,10-K,2018-02-26,2017,FY
CCI,Assets,2016-03-31,21718251000,10-Q,2016-05-09,2016,Q1
CCI,Assets,2016-06-30,22153074000,10-Q,2016-08-04,2016,Q2
CCI,Assets,2016-09-30,22171723000,10-Q,2016-11-01,2016,Q3
CCI,Assets,2016-12-31,22675000000,10-K,2019-02-25,2018,FY
CCI,Assets,2017-03-31,23776842000,10-Q,2017-05-04,2017,Q1
CCI,Assets,2017-06-30,24483624000,10-Q,2017-08-07,2017,Q2
CCI,Assets,2017-09-30,31011756000,10-Q,2017-11-07,2017,Q3
CCI,Assets,2017-12-31,32229000000,10-K,2019-02-25,2018,FY
CCI,Assets,2018-03-31,32227000000,10-K,2020-03-10,2019,FY
CCI,Assets,2018-06-30,32351000000,10-K,2020-03-10,2019,FY
CCI,Assets,2018-09-30,32621000000,10-K,2020-03-10,2019,FY
CCI,Assets,2018-12-31,32762000000,10-K,2020-03-10,2019,FY
CCI,Assets,2019-03-31,37755000000,10-Q,2020-05-01,2020,Q1
CCI,Assets,2019-06-30,38124000000,10-Q,2020-07-31,2020,Q2
CCI,Assets,2019-09-30,38321000000,10-Q,2020-10-28,2020,Q3
CCI,Assets,2019-12-31,38457000000,10-K,2021-02-22,2020,FY
CCI,Assets,2020-03-31,38616000000,10-Q,2020-05-01,2020,Q1
CCI,Assets,2020-06-30,40901000000,10-Q,2020-07-31,2020,Q2
CCI,Assets,2020-09-30,38786000000,10-Q,2020-10-28,2020,Q3
CCI,Assets,2020-12-31,38768000000,10-K,2023-02-24,2022,FY
CCI,Assets,2021-03-31,38752000000,10-Q,2021-05-03,2021,Q1
CCI,Assets,2021-06-30,38973000000,10-Q,2021-08-06,2021,Q2
CCI,Assets,2021-09-30,39004000000,10-Q,2021-11-05,2021,Q3
CCI,Assets,2021-12-31,39040000000,10-K,2024-02-23,2023,FY
CCI,Assets,2022-03-31,39051000000,10-Q,2022-04-29,2022,Q1
CCI,Assets,2022-06-30,39013000000,10-Q,2022-08-05,2022,Q2
CCI,Assets,2022-09-30,38861000000,10-Q,2022-11-04,2022,Q3
CCI,Assets,2022-12-31,38921000000,10-K,2025-03-14,2024,FY
CCI,Assets,2023-03-31,39054000000,10-Q,2023-05-03,2023,Q1
CCI,Assets,2023-06-30,39042000000,10-Q,2023-08-02,2023,Q2
CCI,Assets,2023-09-30,38699000000,10-Q,2023-11-01,2023,Q3
CCI,Assets,2023-12-31,38527000000,10-K,2025-03-14,2024,FY
CCI,Assets,2024-03-31,38231000000,10-Q,2024-05-01,2024,Q1
CCI,Assets,2024-06-30,38246000000,10-Q,2024-07-30,2024,Q2
CCI,Assets,2024-09-30,38043000000,10-Q,2024-10-30,2024,Q3
CCI,Assets,2024-12-31,32736000000,10-K,2026-02-23,2025,FY
CCI,Assets,2025-03-31,31760000000,10-Q,2025-05-09,2025,Q1
CCI,Assets,2025-06-30,31636000000,10-Q,2025-08-06,2025,Q2
CCI,Assets,2025-09-30,31501000000,10-Q,2025-11-06,2025,Q3
CCI,Assets,2025-12-31,31518000000,10-Q,2026-08-05,2026,Q2
CCI,Assets,2026-03-31,31391000000,10-Q,2026-05-07,2026,Q1
CCI,Assets,2026-06-30,21512000000,10-Q,2026-08-05,2026,Q2
CEG,Assets,2021-12-31,48086000000,10-K,2023-02-16,2022,FY
CEG,Assets,2022-03-31,46846000000,10-Q,2022-05-12,2022,Q1
CEG,Assets,2022-06-30,45333000000,10-Q,2022-08-04,2022,Q2
CEG,Assets,2022-09-30,46616000000,10-Q,2022-11-08,2022,Q3
CEG,Assets,2022-12-31,46909000000,10-K,2024-02-27,2023,FY
CEG,Assets,2023-03-31,46158000000,10-Q,2023-05-04,2023,Q1
CEG,Assets,2023-06-30,46559000000,10-Q,2023-08-03,2023,Q2
CEG,Assets,2023-09-30,48965000000,10-Q,2023-11-06,2023,Q3
CEG,Assets,2023-12-31,50758000000,10-K,2025-02-18,2024,FY
CEG,Assets,2024-03-31,52014000000,10-Q,2024-05-09,2024,Q1
CEG,Assets,2024-06-30,51340000000,10-Q,2024-08-06,2024,Q2
CEG,Assets,2024-09-30,51834000000,10-Q,2024-11-04,2024,Q3
CEG,Assets,2024-12-31,52926000000,10-K,2026-02-24,2025,FY
CEG,Assets,2025-03-31,52252000000,10-Q,2025-05-06,2025,Q1
CEG,Assets,2025-06-30,53038000000,10-Q,2025-08-07,2025,Q2
CEG,Assets,2025-09-30,56161000000,10-Q,2025-11-07,2025,Q3
CEG,Assets,2025-12-31,57249000000,10-Q,2026-08-06,2026,Q2
CEG,Assets,2026-03-31,96911000000,10-Q,2026-05-11,2026,Q1
CEG,Assets,2026-06-30,98253000000,10-Q,2026-08-06,2026,Q2
CIFR,Assets,2020-09-30,281424,10-Q,2020-12-03,2020,Q3
CIFR,Assets,2020-12-31,171601077,10-K/A,2022-01-21,2020,FY
CIFR,Assets,2021-01-31,173087,10-K,2022-03-04,2021,FY
CIFR,Assets,2021-03-31,170977831,10-Q/A,2022-01-21,2021,Q1
CIFR,Assets,2021-06-30,170407906,10-Q/A,2022-01-21,2021,Q2
CIFR,Assets,2021-09-30,381657134,10-Q,2021-11-12,2021,Q3
CIFR,Assets,2021-12-31,354167000,10-K,2023-03-14,2022,FY
CIFR,Assets,2022-03-31,357881000,10-Q,2022-05-10,2022,Q1
CIFR,Assets,2022-06-30,341951000,10-Q,2022-08-09,2022,Q2
CIFR,Assets,2022-09-30,407493000,10-Q,2022-11-14,2022,Q3
CIFR,Assets,2022-12-31,418463000,10-K,2024-03-05,2023,FY
CIFR,Assets,2023-03-31,412685000,10-Q,2023-05-09,2023,Q1
CIFR,Assets,2023-06-30,416723000,10-Q,2023-08-08,2023,Q2
CIFR,Assets,2023-09-30,416490000,10-Q,2023-11-08,2023,Q3
CIFR,Assets,2023-12-31,566137000,10-K,2025-02-25,2024,FY
CIFR,Assets,2024-03-31,677141000,10-Q,2024-05-07,2024,Q1
CIFR,Assets,2024-06-30,775592000,10-Q,2024-08-13,2024,Q2
CIFR,Assets,2024-09-30,775438000,10-Q,2024-10-31,2024,Q3
CIFR,Assets,2024-12-31,855446000,10-K,2026-02-24,2025,FY
CIFR,Assets,2025-03-31,913792000,10-Q,2025-05-06,2025,Q1
CIFR,Assets,2025-06-30,1018759000,10-Q,2025-08-07,2025,Q2
CIFR,Assets,2025-09-30,2840866000,10-Q,2025-11-03,2025,Q3
CIFR,Assets,2025-12-31,4291908000,10-Q,2026-08-04,2026,Q2
CIFR,Assets,2026-03-31,6393585000,10-Q,2026-05-05,2026,Q1
CIFR,Assets,2026-06-30,7501454000,10-Q,2026-08-04,2026,Q2
CORZ,Assets,2020-12-31,15000,10-K,2022-03-30,2021,FY
CORZ,Assets,2021-03-31,347742624,10-Q,2021-05-25,2021,Q1
CORZ,Assets,2021-06-30,347606096,10-Q,2021-08-23,2021,Q2
CORZ,Assets,2021-09-30,347072608,10-Q,2021-11-15,2021,Q3
CORZ,Assets,2021-12-31,2438864000,10-K,2023-04-04,2022,FY
CORZ,Assets,2022-03-31,2704048000,10-Q,2022-05-13,2022,Q1
CORZ,Assets,2022-06-30,1845158000,10-Q,2022-08-22,2022,Q2
CORZ,Assets,2022-09-30,1404001000,10-Q,2022-11-22,2022,Q3
CORZ,Assets,2022-12-31,807686000,10-K,2024-03-13,2023,FY
CORZ,Assets,2023-03-31,760019000,10-Q,2023-05-15,2023,Q1
CORZ,Assets,2023-06-30,750862000,10-Q,2023-08-04,2023,Q2
CORZ,Assets,2023-09-30,705462000,10-Q,2023-11-06,2023,Q3
CORZ,Assets,2023-12-31,712156000,10-K/A,2026-03-02,2024,FY
CORZ,Assets,2024-03-31,813968000,10-Q,2024-05-09,2024,Q1
CORZ,Assets,2024-06-30,664195000,10-K/A,2026-03-02,2024,FY
CORZ,Assets,2024-09-30,824590000,10-K/A,2026-03-02,2024,FY
CORZ,Assets,2024-12-31,1475946000,10-K/A,2026-03-02,2024,FY
CORZ,Assets,2025-03-31,1498060000,10-Q/A,2026-03-02,2025,Q1
CORZ,Assets,2025-06-30,1850741000,10-Q/A,2026-03-02,2025,Q2
CORZ,Assets,2025-09-30,2171302000,10-Q/A,2026-03-02,2025,Q3
CORZ,Assets,2025-12-31,2347644000,10-Q,2026-07-28,2026,Q2
CORZ,Assets,2026-03-31,3069564000,10-Q,2026-05-06,2026,Q1
CORZ,Assets,2026-06-30,5257493000,10-Q,2026-07-28,2026,Q2
CRWV,Assets,2024-12-31,17833000000,10-K,2026-03-02,2025,FY
CRWV,Assets,2025-03-31,21860383000,10-Q,2025-05-15,2025,Q1
CRWV,Assets,2025-06-30,26241363000,10-Q,2025-08-13,2025,Q2
CRWV,Assets,2025-09-30,32910498000,10-Q,2025-11-13,2025,Q3
CRWV,Assets,2025-12-31,49302000000,10-Q,2026-08-12,2026,Q2
CRWV,Assets,2026-03-31,55573000000,10-Q,2026-05-08,2026,Q1
CRWV,Assets,2026-06-30,77070000000,10-Q,2026-08-12,2026,Q2
D,Assets,2008-12-31,42053000000,10-K,2010-02-26,2009,FY
D,Assets,2009-06-30,41497000000,10-Q,2009-07-31,2009,Q2
D,Assets,2009-09-30,42087000000,10-Q,2009-11-02,2009,Q3
D,Assets,2009-12-31,42554000000,10-K,2011-02-28,2010,FY
D,Assets,2010-03-31,42163000000,10-Q,2010-04-29,2010,Q1
D,Assets,2010-06-30,41788000000,10-Q,2010-08-02,2010,Q2
D,Assets,2010-09-30,42229000000,10-Q,2010-10-29,2010,Q3
D,Assets,2010-12-31,42817000000,10-K,2012-02-28,2011,FY
D,Assets,2011-03-31,42777000000,10-Q,2011-04-29,2011,Q1
D,Assets,2011-06-30,43411000000,10-Q,2011-07-29,2011,Q2
D,Assets,2011-09-30,44030000000,10-Q,2011-10-28,2011,Q3
D,Assets,2011-12-31,45614000000,10-K,2013-02-28,2012,FY
D,Assets,2012-03-31,46093000000,10-Q,2012-04-26,2012,Q1
D,Assets,2012-06-30,46416000000,10-Q,2012-08-01,2012,Q2
D,Assets,2012-09-30,46886000000,10-Q,2012-10-25,2012,Q3
D,Assets,2012-12-31,46838000000,10-K,2014-02-28,2013,FY
D,Assets,2013-03-31,47116000000,10-Q,2013-04-25,2013,Q1
D,Assets,2013-06-30,48426000000,10-Q,2013-08-06,2013,Q2
D,Assets,2013-09-30,48488000000,10-Q,2013-11-05,2013,Q3
D,Assets,2013-12-31,50096000000,10-K,2015-02-27,2014,FY
D,Assets,2014-03-31,50586000000,10-Q,2014-04-30,2014,Q1
D,Assets,2014-06-30,51499000000,10-Q,2014-07-30,2014,Q2
D,Assets,2014-09-30,52279000000,10-Q,2014-11-03,2014,Q3
D,Assets,2014-12-31,54327000000,10-K,2016-02-26,2015,FY
D,Assets,2015-03-31,55156000000,10-Q,2015-05-05,2015,Q1
D,Assets,2015-06-30,55942000000,10-Q,2015-08-06,2015,Q2
D,Assets,2015-09-30,56599000000,10-Q,2015-11-03,2015,Q3
D,Assets,2015-12-31,58648000000,10-K,2017-02-28,2016,FY
D,Assets,2016-03-31,59505000000,10-Q,2016-05-05,2016,Q1
D,Assets,2016-06-30,61369000000,10-Q,2016-08-03,2016,Q2
D,Assets,2016-09-30,69599000000,10-Q,2016-11-09,2016,Q3
D,Assets,2016-12-31,71610000000,8-K,2018-06-06,,
D,Assets,2017-03-31,72852000000,10-Q,2017-05-04,2017,Q1
D,Assets,2017-06-30,73902000000,10-Q,2017-08-03,2017,Q2
D,Assets,2017-09-30,75391000000,10-Q,2017-11-01,2017,Q3
D,Assets,2017-12-31,76585000000,8-K,2019-11-18,,
D,Assets,2018-03-31,77354000000,10-Q,2018-05-04,2018,Q1
D,Assets,2018-06-30,78075000000,10-Q,2018-08-02,2018,Q2
D,Assets,2018-09-30,79082000000,10-Q,2018-11-02,2018,Q3
D,Assets,2018-12-31,77914000000,10-K,2020-02-28,2019,FY
D,Assets,2019-03-31,100054000000,8-K,2019-11-18,,
D,Assets,2019-06-30,100822000000,8-K,2019-11-18,,
D,Assets,2019-09-30,102359000000,8-K,2019-11-18,,
D,Assets,2019-12-31,103823000000,10-K,2021-02-25,2020,FY
D,Assets,2020-03-31,104126000000,10-Q,2020-05-05,2020,Q1
D,Assets,2020-06-30,103728000000,10-Q,2020-08-05,2020,Q2
D,Assets,2020-09-30,104535000000,10-Q,2020-11-06,2020,Q3
D,Assets,2020-12-31,95905000000,10-K,2022-02-24,2021,FY
D,Assets,2021-03-31,96703000000,10-Q,2021-05-04,2021,Q1
D,Assets,2021-06-30,97963000000,10-Q,2021-08-06,2021,Q2
D,Assets,2021-09-30,99804000000,10-Q,2021-11-05,2021,Q3
D,Assets,2021-12-31,99590000000,8-K,2023-11-08,,
D,Assets,2022-03-31,100852000000,10-Q,2022-05-05,2022,Q1
D,Assets,2022-06-30,103678000000,10-Q,2022-08-08,2022,Q2
D,Assets,2022-09-30,103535000000,10-Q,2022-11-04,2022,Q3
D,Assets,2022-12-31,104795000000,10-K,2024-02-23,2023,FY
D,Assets,2023-03-31,105325000000,8-K,2023-11-08,,
D,Assets,2023-06-30,106064000000,8-K,2023-11-08,,
D,Assets,2023-09-30,105943000000,10-Q,2023-11-08,2023,Q3
D,Assets,2023-12-31,109080000000,10-K,2025-02-27,2024,FY
D,Assets,2024-03-31,102005000000,10-Q,2024-05-02,2024,Q1
D,Assets,2024-06-30,100417000000,10-Q,2024-08-01,2024,Q2
D,Assets,2024-09-30,99820000000,10-Q,2024-11-01,2024,Q3
D,Assets,2024-12-31,102415000000,10-K,2026-02-23,2025,FY
D,Assets,2025-03-31,104555000000,10-Q,2025-05-01,2025,Q1
D,Assets,2025-06-30,107441000000,10-Q,2025-08-01,2025,Q2
D,Assets,2025-09-30,111597000000,10-Q,2025-10-31,2025,Q3
D,Assets,2025-12-31,115857000000,10-Q,2026-05-01,2026,Q1
D,Assets,2026-03-31,118578000000,10-Q,2026-05-01,2026,Q1
DLR,Assets,2009-12-31,3745059000,10-Q/A,2010-08-12,2010,Q2
DLR,Assets,2010-06-30,4501032000,10-Q/A,2010-08-12,2010,Q2
DLR,Assets,2010-12-31,5329483000,10-K,2012-02-28,2011,FY
DLR,Assets,2011-06-30,5658405000,10-Q,2011-08-05,2011,Q2
DLR,Assets,2011-09-30,5826412000,10-Q,2011-11-07,2011,Q3
DLR,Assets,2011-12-31,6098566000,10-K,2013-02-28,2012,FY
DLR,Assets,2012-03-31,6418061000,10-Q,2012-05-07,2012,Q1
DLR,Assets,2012-06-30,6717113000,10-Q,2012-08-07,2012,Q2
DLR,Assets,2012-09-30,8512598000,10-Q,2012-11-08,2012,Q3
DLR,Assets,2012-12-31,8819214000,10-K,2014-03-03,2013,FY
DLR,Assets,2013-03-31,8971492000,10-Q,2013-05-08,2013,Q1
DLR,Assets,2013-06-30,9184859000,10-Q,2013-08-08,2013,Q2
DLR,Assets,2013-09-30,9426041000,10-Q,2013-11-12,2013,Q3
DLR,Assets,2013-12-31,9626830000,10-K,2015-03-02,2014,FY
DLR,Assets,2014-03-31,9805394000,10-Q,2014-05-12,2014,Q1
DLR,Assets,2014-06-30,9910231000,10-Q,2014-08-07,2014,Q2
DLR,Assets,2014-09-30,9722007000,10-Q,2014-11-07,2014,Q3
DLR,Assets,2014-12-31,9526784000,10-K,2016-09-28,2015,FY
DLR,Assets,2015-03-31,9408426000,10-Q,2015-05-08,2015,Q1
DLR,Assets,2015-06-30,9586009000,10-Q,2015-08-06,2015,Q2
DLR,Assets,2015-09-30,9501013000,10-Q,2015-11-06,2015,Q3
DLR,Assets,2015-12-31,11416063000,10-K,2017-03-01,2016,FY
DLR,Assets,2016-03-31,11421975000,10-Q,2016-05-06,2016,Q1
DLR,Assets,2016-06-30,11292375000,10-Q,2016-08-09,2016,Q2
DLR,Assets,2016-09-30,12299035000,10-Q,2016-11-09,2016,Q3
DLR,Assets,2016-12-31,12192585000,10-K,2018-03-01,2017,FY
DLR,Assets,2017-03-31,12329548000,10-Q,2017-05-10,2017,Q1
DLR,Assets,2017-06-30,12579571000,10-Q,2017-08-09,2017,Q2
DLR,Assets,2017-09-30,21232498000,10-Q,2017-11-09,2017,Q3
DLR,Assets,2017-12-31,21404345000,10-K,2019-02-25,2018,FY
DLR,Assets,2018-03-31,21581917000,10-Q,2018-05-08,2018,Q1
DLR,Assets,2018-06-30,21411423000,10-Q,2018-08-07,2018,Q2
DLR,Assets,2018-09-30,21462110000,10-Q,2018-11-02,2018,Q3
DLR,Assets,2018-12-31,23766695000,10-K,2020-03-02,2019,FY
DLR,Assets,2019-03-31,23342067000,10-Q,2019-05-10,2019,Q1
DLR,Assets,2019-06-30,23430091000,10-Q,2019-08-07,2019,Q2
DLR,Assets,2019-09-30,23172765000,10-Q,2019-11-08,2019,Q3
DLR,Assets,2019-12-31,23068131000,10-K,2021-03-01,2020,FY
DLR,Assets,2020-03-31,33113300000,10-Q,2020-05-11,2020,Q1
DLR,Assets,2020-06-30,33862638000,10-Q,2020-08-10,2020,Q2
DLR,Assets,2020-09-30,35435333000,10-Q,2020-11-06,2020,Q3
DLR,Assets,2020-12-31,36076291000,10-K,2022-02-25,2021,FY
DLR,Assets,2021-03-31,35542491000,10-Q,2021-05-07,2021,Q1
DLR,Assets,2021-06-30,36151220000,10-Q,2021-08-06,2021,Q2
DLR,Assets,2021-09-30,35847646000,10-Q,2021-11-05,2021,Q3
DLR,Assets,2021-12-31,36369560000,10-K,2023-02-27,2022,FY
DLR,Assets,2022-03-31,36680542000,10-Q,2022-05-06,2022,Q1
DLR,Assets,2022-06-30,35956057000,10-Q,2022-08-05,2022,Q2
DLR,Assets,2022-09-30,39215217000,10-Q,2022-11-04,2022,Q3
DLR,Assets,2022-12-31,41484998000,10-K,2024-02-23,2023,FY
DLR,Assets,2023-03-31,41953067000,10-Q,2023-05-04,2023,Q1
DLR,Assets,2023-06-30,42388734000,10-Q,2023-08-04,2023,Q2
DLR,Assets,2023-09-30,41932517000,10-Q,2023-11-09,2023,Q3
DLR,Assets,2023-12-31,44113258000,10-K,2025-02-25,2024,FY
DLR,Assets,2024-03-31,42633089000,10-Q,2024-05-03,2024,Q1
DLR,Assets,2024-06-30,43606883000,10-Q,2024-08-02,2024,Q2
DLR,Assets,2024-09-30,45295391000,10-Q,2024-11-01,2024,Q3
DLR,Assets,2024-12-31,45283616000,10-K,2026-02-13,2025,FY
DLR,Assets,2025-03-31,45080562000,10-Q,2025-05-01,2025,Q1
DLR,Assets,2025-06-30,48714995000,10-Q,2025-08-01,2025,Q2
DLR,Assets,2025-09-30,48728634000,10-Q,2025-10-31,2025,Q3
DLR,Assets,2025-12-31,49410468000,10-Q,2026-05-01,2026,Q1
DLR,Assets,2026-03-31,48859973000,10-Q,2026-05-01,2026,Q1
DUK,Assets,2008-12-31,53077000000,10-K,2010-02-26,2009,FY
DUK,Assets,2009-06-30,54709000000,10-Q,2009-08-07,2009,Q2
DUK,Assets,2009-09-30,55774000000,10-Q,2009-11-06,2009,Q3
DUK,Assets,2009-12-31,57040000000,10-K,2012-02-28,2011,FY
DUK,Assets,2010-06-30,56400000000,10-Q,2010-08-06,2010,Q2
DUK,Assets,2010-09-30,57857000000,10-Q,2010-11-05,2010,Q3
DUK,Assets,2010-12-31,59090000000,10-K,2013-03-01,2012,FY
DUK,Assets,2011-03-31,58986000000,10-Q,2011-05-09,2011,Q1
DUK,Assets,2011-06-30,59792000000,10-Q,2011-08-08,2011,Q2
DUK,Assets,2011-09-30,60776000000,10-Q,2011-11-08,2011,Q3
DUK,Assets,2011-12-31,62526000000,10-K,2014-02-28,2013,FY
DUK,Assets,2012-03-31,61799000000,10-Q,2012-05-09,2012,Q1
DUK,Assets,2012-06-30,63031000000,10-Q,2012-08-08,2012,Q2
DUK,Assets,2012-09-30,112008000000,10-Q,2012-11-08,2012,Q3
DUK,Assets,2012-12-31,113856000000,10-K,2015-03-02,2014,FY
DUK,Assets,2013-03-31,113666000000,10-Q,2013-05-09,2013,Q1
DUK,Assets,2013-06-30,114100000000,10-Q,2013-08-08,2013,Q2
DUK,Assets,2013-09-30,114590000000,10-Q,2013-11-08,2013,Q3
DUK,Assets,2013-12-31,114779000000,10-K,2016-02-25,2015,FY
DUK,Assets,2014-03-31,113792000000,10-Q,2014-05-09,2014,Q1
DUK,Assets,2014-06-30,115173000000,10-Q,2014-08-07,2014,Q2
DUK,Assets,2014-09-30,119656000000,10-Q,2014-11-07,2014,Q3
DUK,Assets,2014-12-31,120557000000,10-K,2017-02-24,2016,FY
DUK,Assets,2015-03-31,122142000000,10-Q,2016-05-05,2016,Q1
DUK,Assets,2015-06-30,118575000000,10-Q,2015-08-07,2015,Q2
DUK,Assets,2015-09-30,121033000000,10-Q,2015-11-05,2015,Q3
DUK,Assets,2015-12-31,121156000000,10-K,2018-02-23,2017,FY
DUK,Assets,2016-03-31,121709000000,10-Q,2016-05-05,2016,Q1
DUK,Assets,2016-06-30,122654000000,10-Q,2016-08-04,2016,Q2
DUK,Assets,2016-09-30,129686000000,10-Q,2016-11-04,2016,Q3
DUK,Assets,2016-12-31,132761000000,10-K,2019-02-28,2018,FY
DUK,Assets,2017-03-31,134108000000,10-Q,2017-05-09,2017,Q1
DUK,Assets,2017-06-30,135004000000,10-Q,2017-08-03,2017,Q2
DUK,Assets,2017-09-30,136325000000,10-Q,2017-11-03,2017,Q3
DUK,Assets,2017-12-31,137914000000,10-K,2020-02-20,2019,FY
DUK,Assets,2018-03-31,138541000000,10-Q,2018-05-10,2018,Q1
DUK,Assets,2018-06-30,140259000000,10-Q,2018-08-02,2018,Q2
DUK,Assets,2018-09-30,143165000000,10-Q,2018-11-02,2018,Q3
DUK,Assets,2018-12-31,145392000000,10-K,2021-02-25,2020,FY
DUK,Assets,2019-03-31,151136000000,10-Q,2019-05-09,2019,Q1
DUK,Assets,2019-06-30,153449000000,10-Q,2019-08-06,2019,Q2
DUK,Assets,2019-09-30,155917000000,10-Q,2019-11-08,2019,Q3
DUK,Assets,2019-12-31,158838000000,10-K,2022-02-24,2021,FY
DUK,Assets,2020-03-31,160072000000,10-Q,2020-05-12,2020,Q1
DUK,Assets,2020-06-30,160049000000,10-Q,2020-08-10,2020,Q2
DUK,Assets,2020-09-30,161409000000,10-Q,2020-11-05,2020,Q3
DUK,Assets,2020-12-31,162388000000,10-K,2023-02-27,2022,FY
DUK,Assets,2021-03-31,163465000000,10-Q,2021-05-10,2021,Q1
DUK,Assets,2021-06-30,165385000000,10-Q,2021-08-05,2021,Q2
DUK,Assets,2021-09-30,167007000000,10-Q,2021-11-04,2021,Q3
DUK,Assets,2021-12-31,169587000000,10-K,2024-02-23,2023,FY
DUK,Assets,2022-03-31,171220000000,10-Q,2022-05-09,2022,Q1
DUK,Assets,2022-06-30,172383000000,10-Q,2022-08-04,2022,Q2
DUK,Assets,2022-09-30,176340000000,10-Q,2022-11-04,2022,Q3
DUK,Assets,2022-12-31,178086000000,10-K,2025-02-27,2024,FY
DUK,Assets,2023-03-31,178833000000,10-Q,2023-05-09,2023,Q1
DUK,Assets,2023-06-30,180076000000,10-Q,2023-08-08,2023,Q2
DUK,Assets,2023-09-30,181160000000,10-Q,2023-11-02,2023,Q3
DUK,Assets,2023-12-31,176893000000,10-K,2026-02-26,2025,FY
DUK,Assets,2024-03-31,178670000000,10-Q,2025-05-06,2025,Q1
DUK,Assets,2024-06-30,181575000000,10-Q,2025-08-05,2025,Q2
DUK,Assets,2024-09-30,183566000000,10-Q,2024-11-07,2024,Q3
DUK,Assets,2024-12-31,186343000000,10-K,2026-02-26,2025,FY
DUK,Assets,2025-03-31,195736000000,10-Q,2026-05-05,2026,Q1
DUK,Assets,2025-06-30,189713000000,10-Q,2025-08-05,2025,Q2
DUK,Assets,2025-09-30,192293000000,10-Q,2025-11-07,2025,Q3
DUK,Assets,2025-12-31,195736000000,10-Q,2026-05-05,2026,Q1
DUK,Assets,2026-03-31,198048000000,10-Q,2026-05-05,2026,Q1
DY,Assets,2011-07-30,724755000,10-K,2012-09-04,2012,FY
DY,Assets,2011-10-29,739907000,10-Q,2011-11-23,2012,Q1
DY,Assets,2012-01-28,732102000,10-Q,2012-03-02,2012,Q2
DY,Assets,2012-04-28,747045000,10-Q,2012-05-24,2012,Q3
DY,Assets,2012-07-28,772193000,10-K,2013-09-13,2013,FY
DY,Assets,2012-10-27,771533000,10-Q,2012-11-21,2013,Q1
DY,Assets,2013-01-26,1072809000,10-Q,2013-03-05,2013,Q2
DY,Assets,2013-04-27,1097193000,10-Q,2013-05-28,2013,Q3
DY,Assets,2013-07-27,1154208000,10-K,2014-09-09,2014,FY
DY,Assets,2013-10-26,1224276000,10-Q,2013-11-29,2014,Q1
DY,Assets,2014-01-25,1119894000,10-Q,2014-03-05,2014,Q2
DY,Assets,2014-04-26,1142776000,10-Q,2014-05-23,2014,Q3
DY,Assets,2014-07-26,1212354000,10-K,2015-09-04,2015,FY
DY,Assets,2014-10-25,1262157000,10-Q,2014-11-26,2015,Q1
DY,Assets,2015-01-24,1193533000,10-Q,2015-02-27,2015,Q2
DY,Assets,2015-04-25,1257116000,10-Q,2015-05-22,2015,Q3
DY,Assets,2015-07-25,1353923000,10-K,2016-08-31,2016,FY
DY,Assets,2015-10-24,1531482000,10-Q,2015-11-25,2016,Q1
DY,Assets,2016-01-23,1503541000,10-Q,2016-02-26,2016,Q2
DY,Assets,2016-04-23,1599286000,10-Q,2016-05-27,2016,Q3
DY,Assets,2016-07-30,1719716000,10-KT,2018-03-02,2017,FY
DY,Assets,2016-10-29,1838407000,10-Q,2016-11-23,2017,Q1
DY,Assets,2017-01-28,1766443000,10-Q,2017-03-03,2017,Q2
DY,Assets,2017-04-29,1876012000,10-Q,2017-05-26,2017,Q3
DY,Assets,2017-07-29,1899307000,10-KT,2018-03-02,2017,FY
DY,Assets,2017-10-28,1852522000,10-Q,2017-11-22,2018,Q1
DY,Assets,2018-01-27,1840956000,10-K,2019-03-04,2018,FY
DY,Assets,2018-04-28,1883010000,10-Q,2018-05-24,2018,Q1
DY,Assets,2018-07-28,1952385000,10-Q,2018-08-30,2018,Q2
DY,Assets,2018-10-27,2133212000,10-Q,2018-11-21,2019,Q3
DY,Assets,2019-01-26,2097503000,10-K,2020-03-02,2019,FY
DY,Assets,2019-04-27,2211206000,10-Q,2019-05-23,2020,Q1
DY,Assets,2019-07-27,2328371000,10-Q,2019-08-29,2020,Q2
DY,Assets,2019-10-26,2395576000,10-Q,2019-11-27,2020,Q3
DY,Assets,2020-01-25,2217631000,10-K,2021-03-05,2020,FY
DY,Assets,2020-04-25,2812864000,10-Q,2020-05-21,2021,Q1
DY,Assets,2020-07-25,2144687000,10-Q,2020-08-27,2021,Q2
DY,Assets,2020-10-24,2065064000,10-Q,2020-11-24,2021,Q3
DY,Assets,2021-01-30,1944165000,10-K,2022-03-04,2022,FY
DY,Assets,2021-05-01,2263017000,10-Q,2021-05-26,2022,Q1
DY,Assets,2021-07-31,2241850000,10-Q,2021-09-02,2022,Q2
DY,Assets,2021-10-30,2204695000,10-Q,2021-11-24,2022,Q3
DY,Assets,2022-01-29,2118224000,10-K,2023-03-03,2023,FY
DY,Assets,2022-04-30,2132112000,10-Q,2022-05-26,2023,Q1
DY,Assets,2022-07-30,2206370000,10-Q,2022-08-25,2023,Q2
DY,Assets,2022-10-29,2305296000,10-Q,2022-11-23,2023,Q3
DY,Assets,2023-01-28,2313254000,10-K,2024-03-01,2024,FY
DY,Assets,2023-04-29,2311718000,10-Q,2023-05-25,2024,Q1
DY,Assets,2023-07-29,2395601000,10-Q,2023-08-24,2024,Q2
DY,Assets,2023-10-28,2664165000,10-Q,2023-11-22,2024,Q3
DY,Assets,2024-01-27,2516885000,10-K,2025-02-28,2025,FY
DY,Assets,2024-04-27,2611608000,10-Q,2024-05-23,2025,Q1
DY,Assets,2024-07-27,2779395000,10-Q,2024-08-22,2025,Q2
DY,Assets,2024-10-26,3114695000,10-Q,2024-11-21,2025,Q3
DY,Assets,2025-01-25,2945367000,10-K,2026-03-09,2026,FY
DY,Assets,2025-04-26,3104972000,10-Q,2025-05-22,2026,Q1
DY,Assets,2025-07-26,3219924000,10-Q,2025-08-21,2026,Q2
DY,Assets,2025-10-25,3324824000,10-Q,2025-11-20,2026,Q3
DY,Assets,2026-01-31,5979182000,10-Q,2026-08-27,2027,Q2
DY,Assets,2026-05-02,6180400000,10-Q,2026-05-28,2027,Q1
DY,Assets,2026-08-01,6540044000,10-Q,2026-08-27,2027,Q2
EIX,Assets,2008-12-31,44615000000,10-K,2011-02-28,2010,FY
EIX,Assets,2009-06-30,41881000000,10-Q,2009-08-07,2009,Q2
EIX,Assets,2009-09-30,42772000000,10-Q,2009-11-06,2009,Q3
EIX,Assets,2009-12-31,41444000000,10-K,2012-02-29,2011,FY
EIX,Assets,2010-03-31,42357000000,10-Q,2010-05-07,2010,Q1
EIX,Assets,2010-06-30,43055000000,10-Q,2010-08-05,2010,Q2
EIX,Assets,2010-09-30,45566000000,10-Q,2010-10-29,2010,Q3
EIX,Assets,2010-12-31,45530000000,10-K,2012-02-29,2011,FY
EIX,Assets,2011-03-31,46161000000,10-Q,2011-05-02,2011,Q1
EIX,Assets,2011-06-30,47075000000,10-Q,2011-08-04,2011,Q2
EIX,Assets,2011-09-30,47672000000,10-Q,2011-11-02,2011,Q3
EIX,Assets,2011-12-31,48039000000,10-K,2013-02-26,2012,FY
EIX,Assets,2012-03-31,49384000000,10-Q,2012-05-02,2012,Q1
EIX,Assets,2012-06-30,49388000000,10-Q,2012-07-31,2012,Q2
EIX,Assets,2012-09-30,50545000000,10-Q,2012-11-01,2012,Q3
EIX,Assets,2012-12-31,44394000000,10-K,2014-02-25,2013,FY
EIX,Assets,2013-03-31,45155000000,10-Q,2013-04-30,2013,Q1
EIX,Assets,2013-06-30,45027000000,10-Q,2013-08-01,2013,Q2
EIX,Assets,2013-09-30,46698000000,10-Q,2013-10-29,2013,Q3
EIX,Assets,2013-12-31,46646000000,10-K,2015-02-24,2014,FY
EIX,Assets,2014-03-31,47388000000,10-Q,2014-04-29,2014,Q1
EIX,Assets,2014-06-30,48864000000,10-Q,2014-07-31,2014,Q2
EIX,Assets,2014-09-30,49475000000,10-Q,2014-10-28,2014,Q3
EIX,Assets,2014-12-31,49734000000,10-K,2016-02-23,2015,FY
EIX,Assets,2015-03-31,50578000000,10-Q,2015-04-28,2015,Q1
EIX,Assets,2015-06-30,51239000000,10-Q,2015-07-30,2015,Q2
EIX,Assets,2015-09-30,51270000000,10-Q,2015-10-27,2015,Q3
EIX,Assets,2015-12-31,50229000000,10-K,2017-02-21,2016,FY
EIX,Assets,2016-03-31,50459000000,10-Q,2016-05-02,2016,Q1
EIX,Assets,2016-06-30,51197000000,10-Q,2016-07-28,2016,Q2
EIX,Assets,2016-09-30,51557000000,10-Q,2016-11-01,2016,Q3
EIX,Assets,2016-12-31,51319000000,10-K,2018-02-22,2017,FY
EIX,Assets,2017-03-31,51740000000,10-Q,2017-05-01,2017,Q1
EIX,Assets,2017-06-30,52753000000,10-Q,2017-07-27,2017,Q2
EIX,Assets,2017-09-30,53592000000,10-Q,2017-10-30,2017,Q3
EIX,Assets,2017-12-31,52580000000,10-K,2019-02-28,2018,FY
EIX,Assets,2018-03-31,51943000000,10-Q,2018-05-01,2018,Q1
EIX,Assets,2018-06-30,52820000000,10-Q,2018-07-26,2018,Q2
EIX,Assets,2018-09-30,53563000000,10-Q,2018-10-30,2018,Q3
EIX,Assets,2018-12-31,56715000000,10-K,2020-02-27,2019,FY
EIX,Assets,2019-03-31,58793000000,10-Q,2019-04-30,2019,Q1
EIX,Assets,2019-06-30,59521000000,10-Q,2019-07-25,2019,Q2
EIX,Assets,2019-09-30,64212000000,10-Q,2019-10-29,2019,Q3
EIX,Assets,2019-12-31,64382000000,10-K,2021-02-25,2020,FY
EIX,Assets,2020-03-31,66026000000,10-Q,2020-04-30,2020,Q1
EIX,Assets,2020-06-30,67051000000,10-Q/A,2020-07-30,2020,Q2
EIX,Assets,2020-09-30,68556000000,10-Q,2020-10-27,2020,Q3
EIX,Assets,2020-12-31,69372000000,10-K,2022-02-24,2021,FY
EIX,Assets,2021-03-31,70505000000,10-Q,2021-04-27,2021,Q1
EIX,Assets,2021-06-30,71162000000,10-Q,2021-07-29,2021,Q2
EIX,Assets,2021-09-30,73023000000,10-Q,2021-11-02,2021,Q3
EIX,Assets,2021-12-31,74745000000,10-K,2023-02-23,2022,FY
EIX,Assets,2022-03-31,74720000000,10-Q,2022-05-03,2022,Q1
EIX,Assets,2022-06-30,75045000000,10-Q,2022-07-28,2022,Q2
EIX,Assets,2022-09-30,76709000000,10-Q,2022-11-01,2022,Q3
EIX,Assets,2022-12-31,78041000000,10-K,2024-02-22,2023,FY
EIX,Assets,2023-03-31,78854000000,10-Q,2023-05-02,2023,Q1
EIX,Assets,2023-06-30,79551000000,10-Q,2023-07-27,2023,Q2
EIX,Assets,2023-09-30,80164000000,10-Q,2023-11-01,2023,Q3
EIX,Assets,2023-12-31,81758000000,10-K,2025-02-27,2024,FY
EIX,Assets,2024-03-31,83599000000,10-Q,2024-04-30,2024,Q1
EIX,Assets,2024-06-30,84818000000,10-Q,2024-07-25,2024,Q2
EIX,Assets,2024-09-30,84749000000,10-Q,2024-10-29,2024,Q3
EIX,Assets,2024-12-31,85579000000,10-K,2026-02-18,2025,FY
EIX,Assets,2025-03-31,88420000000,10-Q,2025-04-29,2025,Q1
EIX,Assets,2025-06-30,88813000000,10-Q,2025-07-31,2025,Q2
EIX,Assets,2025-09-30,90489000000,10-Q,2025-10-28,2025,Q3
EIX,Assets,2025-12-31,94026000000,10-Q,2026-04-28,2026,Q1
EIX,Assets,2026-03-31,94475000000,10-Q,2026-04-28,2026,Q1
EME,Assets,2009-12-31,2981894000,10-K,2011-02-25,2010,FY
EME,Assets,2010-06-30,2816359000,10-Q,2010-07-29,2010,Q2
EME,Assets,2010-09-30,2627504000,10-Q,2010-11-02,2010,Q3
EME,Assets,2010-12-31,2755542000,10-K,2013-02-26,2012,FY
EME,Assets,2011-03-31,2750013000,10-Q,2011-04-28,2011,Q1
EME,Assets,2011-06-30,2896574000,10-Q,2011-07-29,2011,Q2
EME,Assets,2011-09-30,2899173000,10-Q,2011-10-27,2011,Q3
EME,Assets,2011-12-31,3014054000,10-K,2014-02-25,2013,FY
EME,Assets,2012-03-31,2944231000,10-Q,2012-04-26,2012,Q1
EME,Assets,2012-06-30,2960729000,10-Q,2012-07-26,2012,Q2
EME,Assets,2012-09-30,3053461000,10-Q,2012-10-25,2012,Q3
EME,Assets,2012-12-31,3107070000,10-K,2015-02-26,2014,FY
EME,Assets,2013-03-31,3014716000,10-Q,2013-04-25,2013,Q1
EME,Assets,2013-06-30,3105336000,10-Q,2013-07-25,2013,Q2
EME,Assets,2013-09-30,3506759000,10-Q,2013-10-24,2013,Q3
EME,Assets,2013-12-31,3465915000,10-K,2016-02-25,2015,FY
EME,Assets,2014-03-31,3407516000,10-Q,2014-04-29,2014,Q1
EME,Assets,2014-06-30,3404895000,10-Q,2014-07-29,2014,Q2
EME,Assets,2014-09-30,3434667000,10-Q,2014-10-28,2014,Q3
EME,Assets,2014-12-31,3383847000,10-K,2017-02-23,2016,FY
EME,Assets,2015-03-31,3315582000,10-Q,2015-04-30,2015,Q1
EME,Assets,2015-06-30,3417786000,10-Q,2015-07-30,2015,Q2
EME,Assets,2015-09-30,3483429000,10-Q,2015-10-29,2015,Q3
EME,Assets,2015-12-31,3506706000,10-K,2018-02-22,2017,FY
EME,Assets,2016-03-31,3449659000,10-Q,2016-04-28,2016,Q1
EME,Assets,2016-06-30,3800366000,10-Q,2016-07-28,2016,Q2
EME,Assets,2016-09-30,3894953000,10-Q,2016-10-27,2016,Q3
EME,Assets,2016-12-31,3852438000,10-K,2019-02-21,2018,FY
EME,Assets,2017-03-31,3805162000,10-Q,2017-04-27,2017,Q1
EME,Assets,2017-06-30,3847574000,10-Q,2017-07-27,2017,Q2
EME,Assets,2017-09-30,3966321000,10-Q,2017-10-26,2017,Q3
EME,Assets,2017-12-31,3965904000,10-K,2020-02-27,2019,FY
EME,Assets,2018-03-31,3841999000,10-Q,2018-04-26,2018,Q1
EME,Assets,2018-06-30,3869401000,10-Q,2018-07-26,2018,Q2
EME,Assets,2018-09-30,3995893000,10-Q,2018-10-25,2018,Q3
EME,Assets,2018-12-31,4088807000,10-K,2021-02-25,2020,FY
EME,Assets,2019-03-31,4278324000,10-Q,2019-04-30,2019,Q1
EME,Assets,2019-06-30,4393578000,10-Q,2019-07-30,2019,Q2
EME,Assets,2019-09-30,4532721000,10-Q,2019-10-29,2019,Q3
EME,Assets,2019-12-31,4830358000,10-K,2022-02-24,2021,FY
EME,Assets,2020-03-31,4835547000,10-Q,2020-04-30,2019,Q1
EME,Assets,2020-06-30,4590423000,10-Q,2020-08-03,2020,Q2
EME,Assets,2020-09-30,4829985000,10-Q,2020-10-29,2020,Q3
EME,Assets,2020-12-31,5063840000,10-K,2023-02-23,2022,FY
EME,Assets,2021-03-31,5061189000,10-Q,2021-04-29,2021,Q1
EME,Assets,2021-06-30,5133170000,10-Q,2021-07-29,2021,Q2
EME,Assets,2021-09-30,5296678000,10-Q,2021-10-28,2021,Q3
EME,Assets,2021-12-31,5441446000,10-K,2024-02-28,2023,FY
EME,Assets,2022-03-31,5231154000,10-Q,2022-04-28,2022,Q1
EME,Assets,2022-06-30,5146444000,10-Q,2022-07-28,2022,Q2
EME,Assets,2022-09-30,5438729000,10-Q,2022-10-27,2022,Q3
EME,Assets,2022-12-31,5524607000,10-K,2025-02-26,2024,FY
EME,Assets,2023-03-31,5640910000,10-Q,2023-04-27,2023,Q1
EME,Assets,2023-06-30,5907669000,10-Q,2023-07-27,2023,Q2
EME,Assets,2023-09-30,6224193000,10-Q,2023-10-26,2023,Q3
EME,Assets,2023-12-31,6609721000,10-K,2026-02-26,2025,FY
EME,Assets,2024-03-31,6687327000,10-Q,2024-04-25,2024,Q1
EME,Assets,2024-06-30,7072549000,10-Q,2024-07-25,2024,Q2
EME,Assets,2024-09-30,7321952000,10-Q,2024-10-31,2024,Q3
EME,Assets,2024-12-31,7716473000,10-K,2026-02-26,2025,FY
EME,Assets,2025-03-31,8078872000,10-Q,2025-04-30,2025,Q1
EME,Assets,2025-06-30,8400480000,10-Q,2025-07-31,2025,Q2
EME,Assets,2025-09-30,8640270000,10-Q,2025-10-30,2025,Q3
EME,Assets,2025-12-31,9291399000,10-Q,2026-07-30,2026,Q2
EME,Assets,2026-03-31,9508107000,10-Q,2026-04-29,2026,Q1
EME,Assets,2026-06-30,10157082000,10-Q,2026-07-30,2026,Q2
EQIX,Assets,2009-12-31,3038150000,10-K,2011-02-25,2010,FY
EQIX,Assets,2010-06-30,4282208000,10-Q,2010-08-04,2010,Q2
EQIX,Assets,2010-09-30,4480891000,10-Q,2010-10-29,2010,Q3
EQIX,Assets,2010-12-31,4448009000,10-K,2012-02-24,2011,FY
EQIX,Assets,2011-03-31,4652513000,10-Q,2011-04-29,2011,Q1
EQIX,Assets,2011-06-30,4969191000,10-Q,2011-07-29,2011,Q2
EQIX,Assets,2011-09-30,5730687000,10-Q,2011-10-28,2011,Q3
EQIX,Assets,2011-12-31,5785324000,10-K,2013-02-26,2012,FY
EQIX,Assets,2012-03-31,5884345000,10-Q,2012-04-27,2012,Q1
EQIX,Assets,2012-06-30,5724688000,10-Q,2012-07-27,2012,Q2
EQIX,Assets,2012-09-30,5990970000,10-Q,2012-11-06,2012,Q3
EQIX,Assets,2012-12-31,6135797000,10-K,2014-02-28,2013,FY
EQIX,Assets,2013-03-31,7612933000,10-Q,2013-04-26,2013,Q1
EQIX,Assets,2013-06-30,7077849000,10-Q,2013-07-26,2013,Q2
EQIX,Assets,2013-09-30,7389044000,10-Q,2013-11-12,2013,Q3
EQIX,Assets,2013-12-31,7492359000,10-K,2015-03-02,2014,FY
EQIX,Assets,2014-03-31,7730598000,10-Q,2014-05-02,2014,Q1
EQIX,Assets,2014-06-30,7639611000,10-Q,2014-08-08,2014,Q2
EQIX,Assets,2014-09-30,7462000000,10-Q,2014-11-07,2014,Q3
EQIX,Assets,2014-12-31,7781978000,10-K,2016-02-26,2015,FY
EQIX,Assets,2015-03-31,7727694000,10-Q,2015-05-01,2015,Q1
EQIX,Assets,2015-06-30,7826018000,10-Q,2015-07-31,2015,Q2
EQIX,Assets,2015-09-30,7705666000,10-Q,2015-10-30,2015,Q3
EQIX,Assets,2015-12-31,10356695000,8-K,2017-08-03,,
EQIX,Assets,2016-03-31,13495835000,10-Q,2016-05-09,2016,Q1
EQIX,Assets,2016-06-30,13269045000,10-Q,2016-08-08,2016,Q2
EQIX,Assets,2016-09-30,13097557000,10-Q,2016-11-04,2016,Q3
EQIX,Assets,2016-12-31,12608371000,10-K,2018-02-26,2017,FY
EQIX,Assets,2017-03-31,17184684000,10-Q,2017-05-05,2017,Q1
EQIX,Assets,2017-06-30,17473937000,10-Q,2017-08-04,2017,Q2
EQIX,Assets,2017-09-30,18308496000,10-Q,2017-11-03,2017,Q3
EQIX,Assets,2017-12-31,18691457000,10-K,2019-02-22,2018,FY
EQIX,Assets,2018-03-31,19941928000,10-Q,2018-05-04,2018,Q1
EQIX,Assets,2018-06-30,20070288000,10-Q,2018-08-08,2018,Q2
EQIX,Assets,2018-09-30,20288071000,10-Q,2018-11-02,2018,Q3
EQIX,Assets,2018-12-31,20244638000,10-K,2020-02-21,2019,FY
EQIX,Assets,2019-03-31,22491091000,10-Q,2019-05-03,2019,Q1
EQIX,Assets,2019-06-30,22886505000,10-Q,2019-08-02,2019,Q2
EQIX,Assets,2019-09-30,22842333000,10-Q,2019-11-01,2019,Q3
EQIX,Assets,2019-12-31,23965615000,10-K,2021-02-19,2020,FY
EQIX,Assets,2020-03-31,23590698000,10-Q,2020-05-07,2020,Q1
EQIX,Assets,2020-06-30,27792630000,10-Q,2020-07-31,2020,Q2
EQIX,Assets,2020-09-30,26436714000,10-Q,2020-10-30,2020,Q3
EQIX,Assets,2020-12-31,27006841000,10-K,2022-02-18,2021,FY
EQIX,Assets,2021-03-31,27316990000,10-Q,2021-04-30,2021,Q1
EQIX,Assets,2021-06-30,27930362000,10-Q,2021-07-30,2021,Q2
EQIX,Assets,2021-09-30,27774131000,10-Q,2021-11-04,2021,Q3
EQIX,Assets,2021-12-31,27918698000,10-K,2023-02-17,2022,FY
EQIX,Assets,2022-03-31,28023233000,10-Q,2022-04-29,2022,Q1
EQIX,Assets,2022-06-30,29038214000,10-Q,2022-07-29,2022,Q2
EQIX,Assets,2022-09-30,29325866000,10-Q,2022-11-04,2022,Q3
EQIX,Assets,2022-12-31,30310742000,10-K,2024-02-16,2023,FY
EQIX,Assets,2023-03-31,31274198000,10-Q,2023-05-05,2023,Q1
EQIX,Assets,2023-06-30,31566945000,10-Q,2023-08-04,2023,Q2
EQIX,Assets,2023-09-30,31684602000,10-Q,2023-10-27,2023,Q3
EQIX,Assets,2023-12-31,32651000000,10-K,2025-02-12,2024,FY
EQIX,Assets,2024-03-31,31937000000,10-Q,2024-05-08,2024,Q1
EQIX,Assets,2024-06-30,32854000000,10-Q,2024-08-07,2024,Q2
EQIX,Assets,2024-09-30,35438000000,10-Q,2024-10-30,2024,Q3
EQIX,Assets,2024-12-31,35085000000,10-K,2026-02-11,2025,FY
EQIX,Assets,2025-03-31,36079000000,10-Q,2025-04-30,2025,Q1
EQIX,Assets,2025-06-30,38849000000,10-Q,2025-07-30,2025,Q2
EQIX,Assets,2025-09-30,38060000000,10-Q,2025-10-29,2025,Q3
EQIX,Assets,2025-12-31,40141000000,10-Q,2026-07-29,2026,Q2
EQIX,Assets,2026-03-31,40898000000,10-Q,2026-04-29,2026,Q1
EQIX,Assets,2026-06-30,41076000000,10-Q,2026-07-29,2026,Q2
ETN,Assets,2010-12-31,17252000000,8-K,2013-09-06,2012,FY
ETN,Assets,2011-12-31,17873000000,10-K,2014-02-26,2013,FY
ETN,Assets,2012-09-30,4776348,10-Q,2012-11-14,2012,Q3
ETN,Assets,2012-12-31,35810000000,10-K,2015-02-26,2014,FY
ETN,Assets,2013-03-31,34977000000,10-Q,2013-05-03,2013,Q1
ETN,Assets,2013-06-30,35257000000,8-K,2013-09-06,2013,Q2
ETN,Assets,2013-09-30,35312000000,10-Q,2013-11-07,2013,Q3
ETN,Assets,2013-12-31,35491000000,10-K,2016-02-24,2015,FY
ETN,Assets,2014-03-31,35262000000,10-Q,2014-05-05,2014,Q1
ETN,Assets,2014-06-30,35258000000,10-Q,2014-07-31,2014,Q2
ETN,Assets,2014-09-30,34239000000,10-Q,2014-10-31,2014,Q3
ETN,Assets,2014-12-31,33487000000,10-K,2017-02-22,2016,FY
ETN,Assets,2015-03-31,32696000000,10-Q,2015-04-29,2015,Q1
ETN,Assets,2015-06-30,32579000000,10-Q,2015-07-29,2015,Q2
ETN,Assets,2015-09-30,32201000000,10-Q,2015-10-30,2015,Q3
ETN,Assets,2015-12-31,31059000000,10-K,2018-02-28,2017,FY
ETN,Assets,2016-03-31,31583000000,10-Q,2016-04-29,2016,Q1
ETN,Assets,2016-06-30,31154000000,10-Q,2016-08-02,2016,Q2
ETN,Assets,2016-09-30,31237000000,10-Q,2016-11-01,2016,Q3
ETN,Assets,2016-12-31,30476000000,10-K,2019-02-27,2018,FY
ETN,Assets,2017-03-31,30611000000,10-Q,2017-05-02,2017,Q1
ETN,Assets,2017-06-30,31355000000,10-Q,2017-08-01,2017,Q2
ETN,Assets,2017-09-30,32725000000,10-Q,2017-10-31,2017,Q3
ETN,Assets,2017-12-31,32623000000,10-K,2020-02-26,2019,FY
ETN,Assets,2018-03-31,32668000000,10-Q,2018-05-01,2018,Q1
ETN,Assets,2018-06-30,31865000000,10-Q,2018-07-31,2018,Q2
ETN,Assets,2018-09-30,31628000000,10-Q,2018-10-30,2018,Q3
ETN,Assets,2018-12-31,31092000000,10-K,2021-02-24,2020,FY
ETN,Assets,2019-03-31,31649000000,10-Q,2019-04-30,2019,Q1
ETN,Assets,2019-06-30,32244000000,10-Q,2019-07-30,2019,Q2
ETN,Assets,2019-09-30,31895000000,10-Q,2019-10-29,2019,Q3
ETN,Assets,2019-12-31,32805000000,10-K,2022-02-23,2021,FY
ETN,Assets,2020-03-31,30845000000,10-Q,2020-04-30,2020,Q1
ETN,Assets,2020-06-30,30348000000,10-Q,2020-07-29,2020,Q2
ETN,Assets,2020-09-30,30985000000,10-Q,2020-11-03,2020,Q3
ETN,Assets,2020-12-31,31824000000,10-K,2023-02-23,2022,FY
ETN,Assets,2021-03-31,34080000000,10-Q,2021-05-04,2021,Q1
ETN,Assets,2021-06-30,36804000000,10-Q,2021-08-03,2021,Q2
ETN,Assets,2021-09-30,34128000000,10-Q,2021-11-02,2021,Q3
ETN,Assets,2021-12-31,34027000000,10-K,2024-02-29,2023,FY
ETN,Assets,2022-03-31,35208000000,10-Q,2022-05-03,2022,Q1
ETN,Assets,2022-06-30,35153000000,10-Q,2022-08-02,2022,Q2
ETN,Assets,2022-09-30,34364000000,10-Q,2022-11-01,2022,Q3
ETN,Assets,2022-12-31,35014000000,10-K,2025-02-27,2024,FY
ETN,Assets,2023-03-31,35517000000,10-Q,2023-05-02,2023,Q1
ETN,Assets,2023-06-30,36772000000,10-Q,2023-08-01,2023,Q2
ETN,Assets,2023-09-30,37289000000,10-Q,2023-10-31,2023,Q3
ETN,Assets,2023-12-31,38432000000,10-K,2026-02-26,2025,FY
ETN,Assets,2024-03-31,38535000000,10-Q,2024-04-30,2024,Q1
ETN,Assets,2024-06-30,39381000000,10-Q,2024-08-01,2024,Q2
ETN,Assets,2024-09-30,39236000000,10-Q,2024-10-31,2024,Q3
ETN,Assets,2024-12-31,38381000000,10-K,2026-02-26,2025,FY
ETN,Assets,2025-03-31,39206000000,10-Q,2025-05-02,2025,Q1
ETN,Assets,2025-06-30,40507000000,10-Q,2025-08-05,2025,Q2
ETN,Assets,2025-09-30,40650000000,10-Q,2025-11-04,2025,Q3
ETN,Assets,2025-12-31,41251000000,10-Q,2026-07-31,2026,Q2
ETN,Assets,2026-03-31,55085000000,10-Q,2026-05-05,2026,Q1
ETN,Assets,2026-06-30,56181000000,10-Q,2026-07-31,2026,Q2
ETR,Assets,2008-12-31,36616818000,10-K/A,2010-02-26,2009,FY
ETR,Assets,2009-06-30,36485220000,10-Q/A,2009-09-04,2009,Q2
ETR,Assets,2009-09-30,36170335000,10-Q,2009-11-06,2009,Q3
ETR,Assets,2009-12-31,37561953000,10-K,2012-02-28,2011,FY
ETR,Assets,2010-03-31,38109402000,10-Q,2010-05-07,2010,Q1
ETR,Assets,2010-06-30,37752074000,10-Q/A,2010-09-03,2010,Q2
ETR,Assets,2010-09-30,38668207000,10-Q,2010-11-05,2010,Q3
ETR,Assets,2010-12-31,38685276000,10-K,2013-02-27,2012,FY
ETR,Assets,2011-03-31,38598566000,10-Q,2011-05-09,2011,Q1
ETR,Assets,2011-06-30,39129761000,10-Q,2011-08-08,2011,Q2
ETR,Assets,2011-09-30,39161498000,10-Q,2011-11-07,2011,Q3
ETR,Assets,2011-12-31,40701699000,10-K,2013-02-27,2012,FY
ETR,Assets,2012-03-31,40930224000,10-Q,2012-05-09,2012,Q1
ETR,Assets,2012-06-30,40917605000,10-Q,2012-08-08,2012,Q2
ETR,Assets,2012-09-30,42023680000,10-Q,2012-11-06,2012,Q3
ETR,Assets,2012-12-31,43202502000,10-K,2014-02-27,2013,FY
ETR,Assets,2013-03-31,42792973000,10-Q,2013-05-08,2013,Q1
ETR,Assets,2013-06-30,43262285000,10-Q,2013-08-07,2013,Q2
ETR,Assets,2013-09-30,43324126000,10-Q,2013-11-07,2013,Q3
ETR,Assets,2013-12-31,43406446000,10-K,2015-02-26,2014,FY
ETR,Assets,2014-03-31,43876769000,10-Q,2014-05-08,2014,Q1
ETR,Assets,2014-06-30,44150747000,10-Q,2014-08-07,2014,Q2
ETR,Assets,2014-09-30,44541649000,10-Q,2014-11-06,2014,Q3
ETR,Assets,2014-12-31,46414455000,10-K,2016-02-26,2015,FY
ETR,Assets,2015-03-31,46377533000,10-Q,2015-05-07,2015,Q1
ETR,Assets,2015-06-30,46265651000,10-Q,2015-08-06,2015,Q2
ETR,Assets,2015-09-30,45041605000,10-Q,2015-11-04,2015,Q3
ETR,Assets,2015-12-31,44647681000,10-K,2017-02-24,2016,FY
ETR,Assets,2016-03-31,45933882000,10-Q,2016-05-06,2016,Q1
ETR,Assets,2016-06-30,45877042000,10-Q,2016-08-04,2016,Q2
ETR,Assets,2016-09-30,47738181000,10-Q,2016-11-04,2016,Q3
ETR,Assets,2016-12-31,45904434000,10-K,2018-02-26,2017,FY
ETR,Assets,2017-03-31,45318206000,10-Q,2017-05-05,2017,Q1
ETR,Assets,2017-06-30,46007037000,10-Q,2017-08-03,2017,Q2
ETR,Assets,2017-09-30,46398442000,10-Q,2017-11-03,2017,Q3
ETR,Assets,2017-12-31,46707149000,10-K,2019-02-26,2018,FY
ETR,Assets,2018-03-31,47281525000,10-Q,2018-05-04,2018,Q1
ETR,Assets,2018-06-30,47622649000,10-Q,2018-08-07,2018,Q2
ETR,Assets,2018-09-30,48471172000,10-Q,2018-11-06,2018,Q3
ETR,Assets,2018-12-31,48275066000,10-K,2020-02-21,2019,FY
ETR,Assets,2019-03-31,49605381000,10-Q,2019-05-03,2019,Q1
ETR,Assets,2019-06-30,50565745000,10-Q,2019-08-06,2019,Q2
ETR,Assets,2019-09-30,50506268000,10-Q,2019-11-05,2019,Q3
ETR,Assets,2019-12-31,51723912000,10-K,2021-02-26,2020,FY
ETR,Assets,2020-03-31,52555029000,10-Q,2020-05-11,2020,Q1
ETR,Assets,2020-06-30,53365302000,10-Q,2020-08-05,2020,Q2
ETR,Assets,2020-09-30,56070251000,10-Q,2020-11-04,2020,Q3
ETR,Assets,2020-12-31,58239212000,10-K,2022-02-25,2021,FY
ETR,Assets,2021-03-31,58667628000,10-Q,2021-05-06,2021,Q1
ETR,Assets,2021-06-30,55949283000,10-Q,2021-08-06,2021,Q2
ETR,Assets,2021-09-30,58843499000,10-Q,2021-11-05,2021,Q3
ETR,Assets,2021-12-31,59454242000,10-K,2024-02-23,2023,FY
ETR,Assets,2022-03-31,59833526000,10-Q,2022-05-05,2022,Q1
ETR,Assets,2022-06-30,57827579000,10-Q,2022-08-04,2022,Q2
ETR,Assets,2022-09-30,58975295000,10-Q,2022-11-03,2022,Q3
ETR,Assets,2022-12-31,58595191000,10-K,2025-02-18,2024,FY
ETR,Assets,2023-03-31,59203276000,10-Q,2023-05-04,2023,Q1
ETR,Assets,2023-06-30,59717236000,10-Q,2023-08-03,2023,Q2
ETR,Assets,2023-09-30,60552147000,10-Q,2023-11-02,2023,Q3
ETR,Assets,2023-12-31,59703396000,10-K,2026-02-19,2025,FY
ETR,Assets,2024-03-31,61629856000,10-Q,2024-05-02,2024,Q1
ETR,Assets,2024-06-30,62766297000,10-Q,2024-08-02,2024,Q2
ETR,Assets,2024-09-30,64462049000,10-Q,2024-11-01,2024,Q3
ETR,Assets,2024-12-31,64790032000,10-K,2026-02-19,2025,FY
ETR,Assets,2025-03-31,66620409000,10-Q,2025-05-01,2025,Q1
ETR,Assets,2025-06-30,68383140000,10-Q,2025-08-01,2025,Q2
ETR,Assets,2025-09-30,69848407000,10-Q,2025-10-31,2025,Q3
ETR,Assets,2025-12-31,71890730000,10-Q,2026-05-01,2026,Q1
ETR,Assets,2026-03-31,75804140000,10-Q,2026-05-01,2026,Q1
EXC,Assets,2008-12-31,47817000000,10-Q,2009-07-24,2009,Q2
EXC,Assets,2009-06-30,48979000000,10-Q,2009-07-24,2009,Q2
EXC,Assets,2009-12-31,49180000000,10-K,2011-02-10,2010,FY
EXC,Assets,2010-03-31,50741000000,10-Q,2010-04-23,2010,Q1
EXC,Assets,2010-06-30,49173000000,10-Q,2010-07-22,2010,Q2
EXC,Assets,2010-09-30,50948000000,10-Q,2010-10-22,2010,Q3
EXC,Assets,2010-12-31,52240000000,10-K,2012-02-09,2011,FY
EXC,Assets,2011-03-31,51376000000,10-Q,2011-04-27,2011,Q1
EXC,Assets,2011-06-30,51986000000,10-Q,2011-07-27,2011,Q2
EXC,Assets,2011-09-30,54156000000,10-Q,2011-10-26,2011,Q3
EXC,Assets,2011-12-31,54995000000,10-K,2013-02-22,2012,FY
EXC,Assets,2012-03-31,77628000000,10-Q,2012-05-10,2012,Q1
EXC,Assets,2012-06-30,77434000000,10-Q,2012-08-09,2012,Q2
EXC,Assets,2012-09-30,78353000000,10-Q,2012-11-07,2012,Q3
EXC,Assets,2012-12-31,78561000000,10-K,2014-02-14,2013,FY
EXC,Assets,2013-03-31,79924000000,10-Q,2014-04-30,2014,Q1
EXC,Assets,2013-06-30,78420000000,10-Q,2013-08-08,2013,Q2
EXC,Assets,2013-09-30,79924000000,10-Q,2014-10-29,2014,Q3
EXC,Assets,2013-12-31,79924000000,10-K,2015-02-13,2014,FY
EXC,Assets,2014-03-31,86814000000,10-Q,2015-04-29,2015,Q1
EXC,Assets,2014-06-30,83656000000,10-Q,2014-07-31,2014,Q2
EXC,Assets,2014-09-30,85264000000,10-Q,2014-10-29,2014,Q3
EXC,Assets,2014-12-31,86416000000,10-K,2016-02-10,2015,FY
EXC,Assets,2015-03-31,87391000000,10-Q,2015-04-29,2015,Q1
EXC,Assets,2015-06-30,92213000000,10-Q,2015-07-29,2015,Q2
EXC,Assets,2015-09-30,95128000000,10-Q,2015-10-30,2015,Q3
EXC,Assets,2015-12-31,95384000000,10-K,2017-02-13,2016,FY
EXC,Assets,2016-03-31,111742000000,10-Q,2016-05-10,2016,Q1
EXC,Assets,2016-06-30,112778000000,10-Q,2016-08-09,2016,Q2
EXC,Assets,2016-09-30,114535000000,10-Q,2016-10-26,2016,Q3
EXC,Assets,2016-12-31,114904000000,10-K,2018-02-09,2017,FY
EXC,Assets,2017-03-31,117068000000,10-Q,2017-05-03,2017,Q1
EXC,Assets,2017-06-30,117104000000,10-Q,2017-08-02,2017,Q2
EXC,Assets,2017-09-30,118473000000,10-Q,2017-11-02,2017,Q3
EXC,Assets,2017-12-31,116770000000,10-K,2019-02-08,2018,FY
EXC,Assets,2018-03-31,117018000000,10-Q,2018-05-02,2018,Q1
EXC,Assets,2018-06-30,117249000000,10-Q,2018-08-02,2018,Q2
EXC,Assets,2018-09-30,119485000000,10-Q,2018-11-01,2018,Q3
EXC,Assets,2018-12-31,119634000000,10-K,2020-02-11,2019,FY
EXC,Assets,2019-03-31,121593000000,10-Q,2019-05-02,2019,Q1
EXC,Assets,2019-06-30,121596000000,10-Q,2019-08-01,2019,Q2
EXC,Assets,2019-09-30,122738000000,10-Q,2019-10-31,2019,Q3
EXC,Assets,2019-12-31,124977000000,10-K,2021-02-24,2020,FY
EXC,Assets,2020-03-31,124677000000,10-Q,2020-05-08,2020,Q1
EXC,Assets,2020-06-30,126313000000,10-Q,2020-08-04,2020,Q2
EXC,Assets,2020-09-30,127767000000,10-Q,2020-11-03,2020,Q3
EXC,Assets,2020-12-31,129317000000,8-K,2022-06-30,,
EXC,Assets,2021-03-31,130000000000,10-Q,2021-05-05,2021,Q1
EXC,Assets,2021-06-30,129396000000,10-Q,2021-08-04,2021,Q2
EXC,Assets,2021-09-30,132621000000,10-Q,2021-11-03,2021,Q3
EXC,Assets,2021-12-31,133013000000,10-K,2023-02-14,2022,FY
EXC,Assets,2022-03-31,92698000000,10-Q,2022-05-09,2022,Q1
EXC,Assets,2022-06-30,92295000000,10-Q,2022-08-03,2022,Q2
EXC,Assets,2022-09-30,93455000000,10-Q,2022-11-03,2022,Q3
EXC,Assets,2022-12-31,95349000000,10-K,2024-02-21,2023,FY
EXC,Assets,2023-03-31,96925000000,10-Q,2023-05-03,2023,Q1
EXC,Assets,2023-06-30,98080000000,10-Q,2023-08-02,2023,Q2
EXC,Assets,2023-09-30,99259000000,10-Q,2023-11-02,2023,Q3
EXC,Assets,2023-12-31,101856000000,10-K,2025-02-12,2024,FY
EXC,Assets,2024-03-31,103211000000,10-Q,2024-05-02,2024,Q1
EXC,Assets,2024-06-30,105113000000,10-Q,2024-08-01,2024,Q2
EXC,Assets,2024-09-30,106070000000,10-Q,2024-10-30,2024,Q3
EXC,Assets,2024-12-31,107784000000,10-K,2026-02-12,2025,FY
EXC,Assets,2025-03-31,109484000000,10-Q,2025-05-01,2025,Q1
EXC,Assets,2025-06-30,111147000000,10-Q,2025-07-31,2025,Q2
EXC,Assets,2025-09-30,113539000000,10-Q,2025-11-04,2025,Q3
EXC,Assets,2025-12-31,116570000000,10-Q,2026-05-06,2026,Q1
EXC,Assets,2026-03-31,117545000000,10-Q,2026-05-06,2026,Q1
FIX,Assets,2010-12-31,640020000,10-K,2012-02-29,2011,FY
FIX,Assets,2011-06-30,621544000,10-Q,2011-08-02,2011,Q2
FIX,Assets,2011-09-30,565646000,10-Q,2011-11-07,2011,Q3
FIX,Assets,2011-12-31,593980000,10-K,2013-02-28,2012,FY
FIX,Assets,2012-03-31,576058000,10-Q,2012-05-02,2012,Q1
FIX,Assets,2012-06-30,604621000,10-Q,2012-08-01,2012,Q2
FIX,Assets,2012-09-30,591726000,10-Q,2012-11-01,2012,Q3
FIX,Assets,2012-12-31,580754000,10-K,2014-02-28,2013,FY
FIX,Assets,2013-03-31,583608000,10-Q,2013-05-01,2013,Q1
FIX,Assets,2013-06-30,595246000,10-Q,2013-07-31,2013,Q2
FIX,Assets,2013-09-30,594454000,10-Q,2013-10-30,2013,Q3
FIX,Assets,2013-12-31,601822000,10-K,2015-02-26,2014,FY
FIX,Assets,2014-03-31,588844000,10-Q,2014-04-30,2014,Q1
FIX,Assets,2014-06-30,668111000,10-Q,2014-07-30,2014,Q2
FIX,Assets,2014-09-30,656406000,10-Q,2014-10-29,2014,Q3
FIX,Assets,2014-12-31,655942000,10-K,2016-02-23,2015,FY
FIX,Assets,2015-03-31,678804000,10-Q,2015-04-29,2015,Q1
FIX,Assets,2015-06-30,703049000,10-Q,2015-07-30,2015,Q2
FIX,Assets,2015-09-30,694526000,10-Q,2015-10-29,2015,Q3
FIX,Assets,2015-12-31,691594000,10-K,2017-02-23,2016,FY
FIX,Assets,2016-03-31,708969000,10-Q,2016-04-27,2016,Q1
FIX,Assets,2016-06-30,729013000,10-Q,2016-07-28,2016,Q2
FIX,Assets,2016-09-30,717742000,10-Q,2016-10-27,2016,Q3
FIX,Assets,2016-12-31,708903000,10-K,2018-02-22,2017,FY
FIX,Assets,2017-03-31,687612000,10-Q,2017-04-26,2017,Q1
FIX,Assets,2017-06-30,893155000,10-Q,2017-07-27,2017,Q2
FIX,Assets,2017-09-30,884587000,10-Q,2017-10-26,2017,Q3
FIX,Assets,2017-12-31,881120000,10-K,2019-02-21,2018,FY
FIX,Assets,2018-03-31,882718000,10-Q,2018-04-26,2018,Q1
FIX,Assets,2018-06-30,959166000,10-Q,2018-07-26,2018,Q2
FIX,Assets,2018-09-30,1059940000,10-Q,2018-10-25,2018,Q3
FIX,Assets,2018-12-31,1062564000,10-K,2020-02-26,2019,FY
FIX,Assets,2019-03-31,1080032000,10-Q,2019-04-25,2019,Q1
FIX,Assets,2019-06-30,1444596000,10-Q,2019-07-25,2019,Q2
FIX,Assets,2019-09-30,1467460000,10-Q,2019-10-24,2019,Q3
FIX,Assets,2019-12-31,1505012000,10-K,2021-02-25,2020,FY
FIX,Assets,2020-03-31,1618067000,10-Q,2020-04-27,2020,Q1
FIX,Assets,2020-06-30,1675443000,10-Q,2020-07-27,2020,Q2
FIX,Assets,2020-09-30,1677969000,10-Q,2020-10-26,2020,Q3
FIX,Assets,2020-12-31,1757355000,10-K,2022-02-23,2021,FY
FIX,Assets,2021-03-31,1715530000,10-Q,2021-04-28,2021,Q1
FIX,Assets,2021-06-30,1754950000,10-Q,2021-07-28,2021,Q2
FIX,Assets,2021-09-30,1951334000,10-Q,2021-10-27,2021,Q3
FIX,Assets,2021-12-31,2209114000,10-K,2023-02-22,2022,FY
FIX,Assets,2022-03-31,2308413000,10-Q,2022-04-27,2022,Q1
FIX,Assets,2022-06-30,2439622000,10-Q,2022-07-27,2022,Q2
FIX,Assets,2022-09-30,2549473000,10-Q,2022-10-26,2022,Q3
FIX,Assets,2022-12-31,2597478000,10-K,2024-02-22,2023,FY
FIX,Assets,2023-03-31,2839471000,10-Q,2023-04-26,2023,Q1
FIX,Assets,2023-06-30,2915117000,10-Q,2023-07-26,2023,Q2
FIX,Assets,2023-09-30,3140619000,10-Q,2023-10-26,2023,Q3
FIX,Assets,2023-12-31,3305579000,10-K,2025-02-20,2024,FY
FIX,Assets,2024-03-31,3902829000,10-Q,2024-04-25,2024,Q1
FIX,Assets,2024-06-30,4213984000,10-Q,2024-07-25,2024,Q2
FIX,Assets,2024-09-30,4412765000,10-Q,2024-10-24,2024,Q3
FIX,Assets,2024-12-31,4711088000,10-K,2026-02-19,2025,FY
FIX,Assets,2025-03-31,4569218000,10-Q,2025-04-24,2025,Q1
FIX,Assets,2025-06-30,5063729000,10-Q,2025-07-24,2025,Q2
FIX,Assets,2025-09-30,5777851000,10-Q,2025-10-23,2025,Q3
FIX,Assets,2025-12-31,6441169000,10-Q,2026-07-23,2026,Q2
FIX,Assets,2026-03-31,6938346000,10-Q,2026-04-23,2026,Q1
FIX,Assets,2026-06-30,8487806000,10-Q,2026-07-23,2026,Q2
FSLR,Assets,2008-12-27,2114502000,10-K,2011-02-28,2010,FY
FSLR,Assets,2009-06-27,2910179000,10-Q,2010-08-02,2010,Q2
FSLR,Assets,2009-09-26,3095072000,10-Q,2010-11-01,2010,Q3
FSLR,Assets,2009-12-26,3349512000,10-K,2012-02-29,2011,FY
FSLR,Assets,2010-03-27,3473514000,10-Q,2011-05-05,2011,Q1
FSLR,Assets,2010-06-26,3631315000,10-Q,2011-08-05,2011,Q2
FSLR,Assets,2010-09-25,4201771000,10-Q,2011-11-04,2011,Q3
FSLR,Assets,2010-12-31,4380403000,10-K,2013-02-27,2012,FY
FSLR,Assets,2011-03-31,4433981000,10-Q,2012-05-04,2012,Q1
FSLR,Assets,2011-06-30,4939232000,10-Q,2012-08-03,2012,Q2
FSLR,Assets,2011-09-30,5763312000,10-Q,2012-11-02,2012,Q3
FSLR,Assets,2011-12-31,5777614000,10-K,2014-02-26,2013,FY
FSLR,Assets,2012-03-31,5773512000,10-Q,2013-05-07,2013,Q1
FSLR,Assets,2012-06-30,5487334000,10-Q,2013-08-07,2013,Q2
FSLR,Assets,2012-09-30,5981729000,10-Q,2013-11-01,2013,Q3
FSLR,Assets,2012-12-31,6348692000,10-K,2015-02-25,2014,FY
FSLR,Assets,2013-03-31,6294425000,10-Q,2014-05-07,2014,Q1
FSLR,Assets,2013-06-30,6868126000,10-Q,2014-08-06,2014,Q2
FSLR,Assets,2013-09-30,6862710000,10-Q,2014-11-07,2014,Q3
FSLR,Assets,2013-12-31,6883502000,10-K,2015-02-25,2014,FY
FSLR,Assets,2014-03-31,6376353000,10-Q,2015-05-01,2015,Q1
FSLR,Assets,2014-06-30,6612015000,10-Q,2015-08-05,2015,Q2
FSLR,Assets,2014-09-30,6720991000,10-Q,2015-11-09,2015,Q3
FSLR,Assets,2014-12-31,6720991000,10-K,2016-02-24,2015,FY
FSLR,Assets,2015-03-31,6674674000,10-Q,2015-05-01,2015,Q1
FSLR,Assets,2015-06-30,6803805000,10-Q,2015-08-05,2015,Q2
FSLR,Assets,2015-09-30,7060642000,10-Q,2015-11-09,2015,Q3
FSLR,Assets,2015-12-31,7316331000,10-K,2017-02-22,2016,FY
FSLR,Assets,2016-03-31,7577789000,10-Q,2016-04-28,2016,Q1
FSLR,Assets,2016-06-30,7544020000,10-Q,2016-08-04,2016,Q2
FSLR,Assets,2016-09-30,8087660000,10-Q,2016-11-03,2016,Q3
FSLR,Assets,2016-12-31,6824368000,10-K,2018-02-23,2017,FY
FSLR,Assets,2017-03-31,6604503000,10-Q,2017-05-05,2017,Q1
FSLR,Assets,2017-06-30,6680286000,10-Q,2017-07-28,2017,Q2
FSLR,Assets,2017-09-30,7054693000,10-Q,2017-10-27,2017,Q3
FSLR,Assets,2017-12-31,6864501000,10-K,2019-02-22,2018,FY
FSLR,Assets,2018-03-31,6840189000,10-Q,2018-04-27,2018,Q1
FSLR,Assets,2018-06-30,7025692000,10-Q,2018-07-27,2018,Q2
FSLR,Assets,2018-09-30,7094555000,10-Q,2018-10-26,2018,Q3
FSLR,Assets,2018-12-31,7121362000,10-K,2020-02-21,2019,FY
FSLR,Assets,2019-03-31,7256926000,10-Q,2019-05-03,2019,Q1
FSLR,Assets,2019-06-30,7137807000,10-Q,2019-08-02,2019,Q2
FSLR,Assets,2019-09-30,7054687000,10-Q,2019-10-25,2019,Q3
FSLR,Assets,2019-12-31,7515689000,10-K,2021-02-26,2020,FY
FSLR,Assets,2020-03-31,6949141000,10-Q,2020-05-08,2020,Q1
FSLR,Assets,2020-06-30,7072618000,10-Q,2020-08-07,2020,Q2
FSLR,Assets,2020-09-30,6985217000,10-Q,2020-10-28,2020,Q3
FSLR,Assets,2020-12-31,7108931000,10-K,2022-03-01,2021,FY
FSLR,Assets,2021-03-31,7108910000,10-Q,2021-04-30,2021,Q1
FSLR,Assets,2021-06-30,7248473000,10-Q,2021-07-30,2021,Q2
FSLR,Assets,2021-09-30,7268630000,10-Q,2021-11-05,2021,Q3
FSLR,Assets,2021-12-31,7413746000,10-K,2023-02-28,2022,FY
FSLR,Assets,2022-03-31,7399225000,10-Q,2022-04-29,2022,Q1
FSLR,Assets,2022-06-30,7419369000,10-Q,2022-07-29,2022,Q2
FSLR,Assets,2022-09-30,7492817000,10-Q,2022-10-28,2022,Q3
FSLR,Assets,2022-12-31,8251228000,10-K,2024-02-27,2023,FY
FSLR,Assets,2023-03-31,8564596000,10-Q,2023-04-27,2023,Q1
FSLR,Assets,2023-06-30,8997166000,10-Q,2023-07-27,2023,Q2
FSLR,Assets,2023-09-30,9582645000,10-Q,2023-10-31,2023,Q3
FSLR,Assets,2023-12-31,10365132000,10-K,2025-02-25,2024,FY
FSLR,Assets,2024-03-31,10760582000,10-Q,2024-05-01,2024,Q1
FSLR,Assets,2024-06-30,11014255000,10-Q,2024-07-30,2024,Q2
FSLR,Assets,2024-09-30,11436638000,10-Q,2024-10-29,2024,Q3
FSLR,Assets,2024-12-31,12124361000,10-K,2026-02-24,2025,FY
FSLR,Assets,2025-03-31,12116665000,10-Q,2025-04-29,2025,Q1
FSLR,Assets,2025-06-30,12858044000,10-Q,2025-07-31,2025,Q2
FSLR,Assets,2025-09-30,13459309000,10-Q,2025-10-30,2025,Q3
FSLR,Assets,2025-12-31,13321310000,10-Q,2026-07-30,2026,Q2
FSLR,Assets,2026-03-31,13351097000,10-Q,2026-04-30,2026,Q1
FSLR,Assets,2026-06-30,13388598000,10-Q,2026-07-30,2026,Q2
GEV,Assets,2023-12-31,46121000000,10-K,2025-02-06,2024,FY
GEV,Assets,2024-03-31,47872000000,10-Q,2024-04-30,2024,Q1
GEV,Assets,2024-06-30,48052000000,10-Q,2024-07-24,2024,Q2
GEV,Assets,2024-09-30,50853000000,10-Q,2024-10-23,2024,Q3
GEV,Assets,2024-12-31,51485000000,10-K,2026-01-29,2025,FY
GEV,Assets,2025-03-31,51559000000,10-Q,2025-04-23,2025,Q1
GEV,Assets,2025-06-30,53078000000,10-Q,2025-07-23,2025,Q2
GEV,Assets,2025-09-30,54398000000,10-Q,2025-10-22,2025,Q3
GEV,Assets,2025-12-31,63016000000,10-Q,2026-07-22,2026,Q2
GEV,Assets,2026-03-31,75612000000,10-Q,2026-04-22,2026,Q1
GEV,Assets,2026-06-30,80800000000,10-Q,2026-07-22,2026,Q2
IREN,Assets,2024-06-30,1152819000,10-K,2025-08-28,2025,FY
IREN,Assets,2025-06-30,2940323000,10-K,2026-08-27,2026,FY
IREN,Assets,2025-09-30,4267374000,10-Q,2025-11-06,2026,Q1
IREN,Assets,2025-12-31,7027577000,10-Q,2026-02-05,2026,Q2
IREN,Assets,2026-03-31,7264897000,10-Q,2026-05-08,2026,Q3
IREN,Assets,2026-06-30,15790039000,10-K,2026-08-27,2026,FY
IRM,Assets,2009-06-30,6472499000,10-Q,2010-08-05,2010,Q2
IRM,Assets,2009-09-30,6706225000,10-Q,2010-11-08,2010,Q3
IRM,Assets,2009-12-31,6851157000,10-K,2012-02-28,2011,FY
IRM,Assets,2010-03-31,6738679000,10-Q,2010-05-10,2010,Q1
IRM,Assets,2010-06-30,6653588000,10-Q,2011-08-08,2011,Q2
IRM,Assets,2010-09-30,6358314000,10-Q,2011-11-08,2011,Q3
IRM,Assets,2010-12-31,6416393000,10-K,2013-03-01,2012,FY
IRM,Assets,2011-03-31,6487604000,10-Q,2012-05-10,2012,Q1
IRM,Assets,2011-06-30,6417359000,10-Q,2012-08-01,2012,Q2
IRM,Assets,2011-09-30,6398103000,10-Q,2012-11-02,2012,Q3
IRM,Assets,2011-12-31,6041258000,8-K,2014-05-05,2013,FY
IRM,Assets,2012-03-31,6086622000,10-Q,2013-05-02,2013,Q1
IRM,Assets,2012-06-30,6087212000,10-Q,2013-08-01,2013,Q2
IRM,Assets,2012-09-30,6327575000,10-Q,2013-10-31,2013,Q3
IRM,Assets,2012-12-31,6358339000,8-K,2015-05-07,,
IRM,Assets,2013-03-31,6298180000,10-Q,2014-05-01,2014,Q1
IRM,Assets,2013-06-30,6334819000,10-Q,2014-07-31,2014,Q2
IRM,Assets,2013-09-30,6380779000,10-Q,2014-10-31,2014,Q3
IRM,Assets,2013-12-31,6607398000,10-K,2016-02-26,2015,FY
IRM,Assets,2014-03-31,6706617000,10-Q,2015-04-30,2015,Q1
IRM,Assets,2014-06-30,6735124000,10-Q,2015-07-30,2015,Q2
IRM,Assets,2014-09-30,6636339000,10-Q,2015-10-30,2015,Q3
IRM,Assets,2014-12-31,6523265000,10-K,2017-02-23,2016,FY
IRM,Assets,2015-03-31,6326393000,10-Q,2016-04-28,2016,Q1
IRM,Assets,2015-06-30,6378750000,10-Q,2016-08-04,2016,Q2
IRM,Assets,2015-09-30,6603954000,10-Q,2016-11-01,2016,Q3
IRM,Assets,2015-12-31,6350587000,10-K,2018-02-16,2017,FY
IRM,Assets,2016-03-31,6422309000,10-Q,2016-04-28,2016,Q1
IRM,Assets,2016-06-30,9741054000,10-Q,2016-08-04,2016,Q2
IRM,Assets,2016-09-30,9904916000,10-Q,2016-11-01,2016,Q3
IRM,Assets,2016-12-31,9486800000,10-K,2019-02-14,2018,FY
IRM,Assets,2017-03-31,9672134000,10-Q,2018-04-26,2018,Q1
IRM,Assets,2017-06-30,9814693000,10-Q,2018-07-27,2018,Q2
IRM,Assets,2017-09-30,10260006000,10-Q,2018-10-25,2018,Q3
IRM,Assets,2017-12-31,10975387000,10-K,2020-02-13,2019,FY
IRM,Assets,2018-03-31,11998149000,10-Q,2019-04-25,2019,Q1
IRM,Assets,2018-06-30,11817159000,10-Q,2019-08-01,2019,Q2
IRM,Assets,2018-09-30,11810870000,10-Q,2019-10-31,2019,Q3
IRM,Assets,2018-12-31,11857218000,10-K,2021-02-24,2020,FY
IRM,Assets,2019-03-31,13694334000,10-Q,2020-05-07,2020,Q1
IRM,Assets,2019-06-30,13720982000,10-Q,2020-08-06,2020,Q2
IRM,Assets,2019-09-30,13577167000,10-Q,2019-10-31,2019,Q3
IRM,Assets,2019-12-31,13816816000,8-K,2022-08-04,,
IRM,Assets,2020-03-31,13566336000,10-Q,2020-05-07,2020,Q1
IRM,Assets,2020-06-30,14367553000,10-Q,2020-08-06,2020,Q2
IRM,Assets,2020-09-30,13682660000,10-Q,2020-11-05,2020,Q3
IRM,Assets,2020-12-31,14149267000,10-K,2023-02-23,2022,FY
IRM,Assets,2021-03-31,13944449000,10-Q,2021-05-06,2021,Q1
IRM,Assets,2021-06-30,14314316000,10-Q,2021-08-05,2021,Q2
IRM,Assets,2021-09-30,14234395000,10-Q,2021-11-04,2021,Q3
IRM,Assets,2021-12-31,14450031000,10-K,2024-02-22,2023,FY
IRM,Assets,2022-03-31,15627976000,8-K,2022-08-04,,
IRM,Assets,2022-06-30,15622319000,10-Q,2022-08-04,2022,Q2
IRM,Assets,2022-09-30,15694716000,10-Q,2022-11-03,2022,Q3
IRM,Assets,2022-12-31,16140514000,10-K,2025-02-14,2024,FY
IRM,Assets,2023-03-31,16465709000,10-Q,2023-05-04,2023,Q1
IRM,Assets,2023-06-30,16678569000,10-Q,2023-08-03,2023,Q2
IRM,Assets,2023-09-30,16876918000,10-Q,2023-11-02,2023,Q3
IRM,Assets,2023-12-31,17473802000,10-K,2026-02-12,2025,FY
IRM,Assets,2024-03-31,17829556000,10-Q,2025-05-01,2025,Q1
IRM,Assets,2024-06-30,17966934000,10-Q,2025-08-06,2025,Q2
IRM,Assets,2024-09-30,18469629000,10-Q,2025-11-05,2025,Q3
IRM,Assets,2024-12-31,18717115000,10-K,2026-02-12,2025,FY
IRM,Assets,2025-03-31,19362087000,10-Q,2026-04-30,2026,Q1
IRM,Assets,2025-06-30,20176789000,10-Q,2026-08-05,2026,Q2
IRM,Assets,2025-09-30,20632853000,10-Q,2025-11-05,2025,Q3
IRM,Assets,2025-12-31,21125019000,10-Q,2026-08-05,2026,Q2
IRM,Assets,2026-03-31,21486815000,10-Q,2026-04-30,2026,Q1
IRM,Assets,2026-06-30,21955442000,10-Q,2026-08-05,2026,Q2
J,Assets,2008-09-26,4278238000,10-K,2009-11-20,2009,FY
J,Assets,2008-09-30,4278238000,10-Q,2009-07-30,2009,Q3
J,Assets,2009-06-30,4425536000,10-Q,2009-07-30,2009,Q3
J,Assets,2009-10-02,4428614000,10-K,2010-11-23,2010,FY
J,Assets,2010-01-01,4680536000,10-Q,2010-01-28,2010,Q1
J,Assets,2010-04-02,4650822000,10-Q,2010-04-29,2010,Q2
J,Assets,2010-07-02,4660776000,10-Q,2010-07-30,2010,Q3
J,Assets,2010-10-01,4683917000,10-K,2011-11-21,2011,FY
J,Assets,2010-12-31,4906636000,10-Q,2011-01-26,2011,Q1
J,Assets,2011-04-01,5637613000,10-Q,2011-04-29,2011,Q2
J,Assets,2011-07-01,6039317000,10-Q,2011-07-29,2011,Q3
J,Assets,2011-09-30,6199226000,10-K,2012-11-20,2012,FY
J,Assets,2011-12-30,6126275000,10-Q,2012-01-27,2012,Q1
J,Assets,2012-03-30,6331770000,10-Q,2012-05-02,2012,Q2
J,Assets,2012-06-29,6482567000,10-Q,2012-08-02,2012,Q3
J,Assets,2012-09-28,6839433000,10-K,2013-11-22,2013,FY
J,Assets,2012-12-28,6936678000,10-Q,2013-01-24,2013,Q1
J,Assets,2013-03-29,6871731000,10-Q,2013-05-01,2013,Q2
J,Assets,2013-06-28,7049749000,10-Q,2013-08-01,2013,Q3
J,Assets,2013-09-27,7274144000,10-K,2014-11-24,2014,FY
J,Assets,2013-12-27,8441152000,10-Q,2014-01-24,2014,Q1
J,Assets,2014-03-28,8236049000,10-Q,2014-05-02,2014,Q2
J,Assets,2014-06-27,8332579000,10-Q,2014-08-01,2014,Q3
J,Assets,2014-09-26,8453659000,10-K,2015-11-24,2015,FY
J,Assets,2014-12-26,8242648000,10-Q,2015-02-02,2015,Q1
J,Assets,2015-03-27,7931310000,10-Q,2015-05-01,2015,Q2
J,Assets,2015-06-26,7959061000,10-Q,2015-07-31,2015,Q3
J,Assets,2015-10-02,7785926000,10-K,2016-11-22,2016,FY
J,Assets,2016-01-01,7615851000,10-Q,2016-02-03,2016,Q1
J,Assets,2016-04-01,7716805000,10-Q,2016-05-05,2016,Q2
J,Assets,2016-07-01,7420792000,10-Q,2016-08-09,2016,Q3
J,Assets,2016-09-30,7360022000,10-K,2017-11-21,2017,FY
J,Assets,2016-12-30,7110033000,10-Q,2017-02-08,2017,Q1
J,Assets,2017-03-31,7086003000,10-Q,2017-05-09,2017,Q2
J,Assets,2017-06-30,7244759000,10-Q,2017-08-08,2017,Q3
J,Assets,2017-09-29,7380859000,10-K,2018-11-21,2018,FY
J,Assets,2017-12-29,12691757000,10-Q,2018-02-07,2018,Q1
J,Assets,2018-03-30,12601866000,10-Q,2018-05-08,2018,Q2
J,Assets,2018-06-29,12551812000,10-Q,2018-08-06,2018,Q3
J,Assets,2018-09-28,12645795000,10-K,2019-11-25,2019,FY
J,Assets,2018-12-28,12945259000,10-Q,2019-02-06,2019,Q1
J,Assets,2019-03-29,12945845000,10-Q,2019-05-07,2019,Q2
J,Assets,2019-06-28,11641262000,10-Q,2019-08-05,2019,Q3
J,Assets,2019-09-27,11462711000,10-K,2020-11-24,2020,FY
J,Assets,2019-12-27,12200559000,10-Q,2020-02-04,2020,Q1
J,Assets,2020-03-27,13134613000,10-Q,2020-05-06,2020,Q2
J,Assets,2020-06-26,12611766000,10-Q,2020-08-03,2020,Q3
J,Assets,2020-10-02,12354353000,10-K,2021-11-23,2021,FY
J,Assets,2021-01-01,12767625000,10-Q,2021-02-09,2021,Q1
J,Assets,2021-04-02,15562068000,10-Q,2021-05-10,2021,Q2
J,Assets,2021-07-02,15209284000,10-Q,2021-08-03,2021,Q3
J,Assets,2021-10-01,14632609000,10-K,2022-11-21,2022,FY
J,Assets,2021-12-31,14804094000,10-Q,2022-02-08,2022,Q1
J,Assets,2022-04-01,15183292000,10-Q,2022-05-03,2022,Q2
J,Assets,2022-07-01,14722210000,10-Q,2022-08-01,2022,Q3
J,Assets,2022-09-30,14660419000,10-K,2023-11-21,2023,FY
J,Assets,2022-12-30,14918173000,10-Q,2023-02-07,2023,Q1
J,Assets,2023-03-31,15002631000,10-Q,2023-05-09,2023,Q2
J,Assets,2023-06-30,14936699000,10-Q,2023-08-08,2023,Q3
J,Assets,2023-09-29,14617109000,10-K,2024-11-25,2024,FY
J,Assets,2023-12-29,14952204000,10-Q,2024-02-06,2024,Q1
J,Assets,2024-03-29,14897577000,10-Q,2024-05-07,2024,Q2
J,Assets,2024-06-28,15048290000,10-Q,2024-08-06,2024,Q3
J,Assets,2024-09-27,11759005000,10-K,2025-11-20,2025,FY
J,Assets,2024-12-27,11610849000,10-Q,2025-02-04,2025,Q1
J,Assets,2025-03-28,11210695000,10-Q,2025-05-06,2025,Q2
J,Assets,2025-06-27,11412840000,10-Q,2025-08-05,2025,Q3
J,Assets,2025-09-26,11252535000,10-Q,2026-08-04,2026,Q3
J,Assets,2025-12-26,11614495000,10-Q,2026-02-03,2026,Q1
J,Assets,2026-03-27,11941714000,10-Q,2026-05-05,2026,Q2
J,Assets,2026-06-26,11743702000,10-Q,2026-08-04,2026,Q3
LEU,Assets,2009-12-31,3532100000,10-K,2011-02-24,2010,FY
LEU,Assets,2010-06-30,3690500000,10-Q/A,2010-08-05,2010,Q2
LEU,Assets,2010-09-30,3699300000,10-Q,2010-11-03,2010,Q3
LEU,Assets,2010-12-31,3848200000,10-K,2012-03-14,2011,FY
LEU,Assets,2011-03-31,4058900000,10-Q,2011-05-04,2011,Q1
LEU,Assets,2011-06-30,4127400000,10-Q,2011-08-04,2011,Q2
LEU,Assets,2011-09-30,4042200000,10-Q,2011-11-04,2011,Q3
LEU,Assets,2011-12-31,3549300000,10-K,2014-03-31,2013,FY
LEU,Assets,2012-03-31,3771300000,10-Q,2012-05-02,2012,Q1
LEU,Assets,2012-06-30,3780900000,10-Q,2012-08-01,2012,Q2
LEU,Assets,2012-09-30,3766000000,10-Q,2012-11-01,2012,Q3
LEU,Assets,2012-12-31,2266400000,10-K,2014-03-31,2013,FY
LEU,Assets,2013-03-31,1524800000,10-Q,2013-05-07,2013,Q1
LEU,Assets,2013-06-30,1512200000,10-Q,2013-08-06,2013,Q2
LEU,Assets,2013-09-30,1703800000,10-Q,2013-11-05,2013,Q3
LEU,Assets,2013-12-31,1705500000,10-K,2015-03-16,2014,FY
LEU,Assets,2014-03-31,865900000,10-Q,2014-05-15,2014,Q1
LEU,Assets,2014-06-30,807700000,10-Q,2014-08-13,2014,Q2
LEU,Assets,2014-12-31,1157700000,10-K,2016-03-23,2015,Q4
LEU,Assets,2015-03-31,1085000000,10-Q,2015-05-07,2015,Q1
LEU,Assets,2015-06-30,1030100000,10-Q,2015-08-07,2015,Q2
LEU,Assets,2015-09-30,860500000,10-Q,2015-11-12,2015,Q3
LEU,Assets,2015-12-31,820100000,10-K,2017-03-31,2016,Q4
LEU,Assets,2016-03-31,694900000,10-Q,2016-05-10,2016,Q1
LEU,Assets,2016-06-30,675000000,10-Q,2016-08-12,2016,Q2
LEU,Assets,2016-09-30,613800000,10-Q,2016-11-10,2016,Q3
LEU,Assets,2016-12-31,713500000,10-K,2018-03-15,2017,Q4
LEU,Assets,2017-03-31,547600000,10-Q,2017-05-10,2017,Q1
LEU,Assets,2017-06-30,586000000,10-Q,2017-08-03,2017,Q2
LEU,Assets,2017-09-30,521900000,10-Q,2017-11-14,2017,Q3
LEU,Assets,2017-12-31,675300000,10-K,2019-04-01,2018,Q4
LEU,Assets,2018-03-31,580900000,10-Q,2018-05-10,2018,Q1
LEU,Assets,2018-06-30,525800000,10-Q,2018-08-09,2018,Q2
LEU,Assets,2018-09-30,506000000,10-Q,2018-11-08,2018,Q3
LEU,Assets,2018-12-31,571700000,10-K,2020-03-27,2019,Q4
LEU,Assets,2019-03-31,464700000,10-Q,2019-05-09,2019,Q1
LEU,Assets,2019-06-30,515300000,10-Q,2019-08-12,2019,Q2
LEU,Assets,2019-09-30,451200000,10-Q,2019-11-08,2019,Q3
LEU,Assets,2019-12-31,455900000,10-K,2021-03-22,2020,FY
LEU,Assets,2020-03-31,430800000,10-Q,2020-05-12,2020,Q1
LEU,Assets,2020-06-30,468900000,10-Q,2020-08-06,2020,Q2
LEU,Assets,2020-09-30,468200000,10-Q,2020-11-13,2020,Q3
LEU,Assets,2020-12-31,486300000,10-K,2022-03-11,2021,FY
LEU,Assets,2021-03-31,483700000,10-Q,2021-05-12,2021,Q1
LEU,Assets,2021-06-30,500600000,10-Q,2021-08-13,2021,Q2
LEU,Assets,2021-09-30,487200000,10-Q,2021-11-12,2021,Q3
LEU,Assets,2021-12-31,572400000,10-K,2023-02-22,2022,FY
LEU,Assets,2022-03-31,537600000,10-Q,2022-05-06,2022,Q1
LEU,Assets,2022-06-30,528700000,10-Q,2022-08-05,2022,Q2
LEU,Assets,2022-09-30,618200000,10-Q,2022-11-09,2022,Q3
LEU,Assets,2022-12-31,705500000,10-K,2024-02-09,2023,FY
LEU,Assets,2023-03-31,689000000,10-Q,2023-05-09,2023,Q1
LEU,Assets,2023-06-30,762000000,10-Q,2023-08-04,2023,Q2
LEU,Assets,2023-09-30,644700000,10-Q,2023-11-08,2023,Q3
LEU,Assets,2023-12-31,796200000,10-K,2025-02-07,2024,FY
LEU,Assets,2024-03-31,750000000,10-Q,2024-05-08,2024,Q1
LEU,Assets,2024-06-30,668200000,10-Q,2024-08-07,2024,Q2
LEU,Assets,2024-09-30,591000000,10-Q,2024-10-29,2024,Q3
LEU,Assets,2024-12-31,1093400000,10-K,2026-02-11,2025,FY
LEU,Assets,2025-03-31,1293900000,10-Q,2025-05-08,2025,Q1
LEU,Assets,2025-06-30,1314800000,10-Q,2025-08-06,2025,Q2
LEU,Assets,2025-09-30,2244900000,10-Q,2025-11-06,2025,Q3
LEU,Assets,2025-12-31,2445900000,10-Q,2026-08-06,2026,Q2
LEU,Assets,2026-03-31,2433200000,10-Q,2026-05-06,2026,Q1
LEU,Assets,2026-06-30,2531000000,10-Q,2026-08-06,2026,Q2
META,Assets,2011-12-31,6331000000,10-K,2013-02-01,2012,FY
META,Assets,2012-06-30,14928000000,10-Q,2012-07-31,2012,Q2
META,Assets,2012-09-30,16038000000,10-Q,2012-10-24,2012,Q3
META,Assets,2012-12-31,15103000000,10-K,2014-01-31,2013,FY
META,Assets,2013-03-31,15163000000,10-Q,2013-05-02,2013,Q1
META,Assets,2013-06-30,15724000000,10-Q,2013-07-25,2013,Q2
META,Assets,2013-09-30,14933000000,10-Q,2013-11-01,2013,Q3
META,Assets,2013-12-31,17895000000,10-K,2015-01-29,2014,FY
META,Assets,2014-03-31,19028000000,10-Q,2014-04-25,2014,Q1
META,Assets,2014-06-30,20769000000,10-Q,2014-07-24,2014,Q2
META,Assets,2014-09-30,24188000000,10-Q,2014-10-30,2014,Q3
META,Assets,2014-12-31,39966000000,10-K,2016-01-28,2015,FY
META,Assets,2015-03-31,42007000000,10-Q,2015-04-23,2015,Q1
META,Assets,2015-06-30,44130000000,10-Q,2015-07-31,2015,Q2
META,Assets,2015-09-30,46469000000,10-Q,2015-11-05,2015,Q3
META,Assets,2015-12-31,49407000000,10-K,2017-02-03,2016,FY
META,Assets,2016-03-31,52262000000,10-K,2017-02-03,2016,FY
META,Assets,2016-06-30,55968000000,10-K,2017-02-03,2016,FY
META,Assets,2016-09-30,60007000000,10-K,2017-02-03,2016,FY
META,Assets,2016-12-31,64961000000,10-K,2018-02-01,2017,FY
META,Assets,2017-03-31,68714000000,10-Q,2017-05-04,2017,Q1
META,Assets,2017-06-30,73843000000,10-Q,2017-07-27,2017,Q2
META,Assets,2017-09-30,78998000000,10-Q,2017-11-02,2017,Q3
META,Assets,2017-12-31,84524000000,10-K,2019-01-31,2018,FY
META,Assets,2018-03-31,88945000000,10-Q,2018-04-26,2018,Q1
META,Assets,2018-06-30,90291000000,10-Q,2018-07-26,2018,Q2
META,Assets,2018-09-30,92452000000,10-Q,2018-10-31,2018,Q3
META,Assets,2018-12-31,97334000000,10-K,2020-01-30,2019,FY
META,Assets,2019-03-31,109477000000,10-Q,2019-04-25,2019,Q1
META,Assets,2019-06-30,117006000000,10-Q,2019-07-25,2019,Q2
META,Assets,2019-09-30,124418000000,10-Q,2019-10-31,2019,Q3
META,Assets,2019-12-31,133376000000,10-K,2021-01-28,2020,FY
META,Assets,2020-03-31,138371000000,10-Q,2020-04-30,2020,Q1
META,Assets,2020-06-30,139691000000,10-Q,2020-07-31,2020,Q2
META,Assets,2020-09-30,146437000000,10-Q,2020-10-30,2020,Q3
META,Assets,2020-12-31,159316000000,10-K,2022-02-03,2021,FY
META,Assets,2021-03-31,163523000000,10-Q,2021-04-29,2021,Q1
META,Assets,2021-06-30,170609000000,10-Q,2021-07-29,2021,Q2
META,Assets,2021-09-30,169585000000,10-Q,2021-10-26,2021,Q3
META,Assets,2021-12-31,165987000000,10-K,2023-02-02,2022,FY
META,Assets,2022-03-31,164218000000,10-Q,2022-04-28,2022,Q1
META,Assets,2022-06-30,169779000000,10-Q,2022-07-28,2022,Q2
META,Assets,2022-09-30,178894000000,10-Q,2022-10-27,2022,Q3
META,Assets,2022-12-31,185727000000,10-K,2024-02-02,2023,FY
META,Assets,2023-03-31,184491000000,10-Q,2023-04-27,2023,Q1
META,Assets,2023-06-30,206688000000,10-Q,2023-07-27,2023,Q2
META,Assets,2023-09-30,216274000000,10-Q,2023-10-26,2023,Q3
META,Assets,2023-12-31,229623000000,10-K,2025-01-30,2024,FY
META,Assets,2024-03-31,222844000000,10-Q,2024-04-25,2024,Q1
META,Assets,2024-06-30,230238000000,10-Q,2024-08-01,2024,Q2
META,Assets,2024-09-30,256408000000,10-Q,2024-10-31,2024,Q3
META,Assets,2024-12-31,276054000000,10-K,2026-01-29,2025,FY
META,Assets,2025-03-31,280213000000,10-Q,2025-05-01,2025,Q1
META,Assets,2025-06-30,294744000000,10-Q,2025-07-31,2025,Q2
META,Assets,2025-09-30,303844000000,10-Q,2025-10-30,2025,Q3
META,Assets,2025-12-31,366021000000,10-Q,2026-07-30,2026,Q2
META,Assets,2026-03-31,395250000000,10-Q,2026-04-30,2026,Q1
META,Assets,2026-06-30,449956000000,10-Q,2026-07-30,2026,Q2
MRVL,Assets,2021-01-30,10764924000,10-K,2022-03-10,2022,FY
MRVL,Assets,2021-05-01,21229937000,10-Q,2021-06-09,2022,Q1
MRVL,Assets,2021-07-31,20838632000,10-Q,2021-08-27,2022,Q2
MRVL,Assets,2021-10-30,22018842000,10-Q,2021-12-03,2022,Q3
MRVL,Assets,2022-01-29,22108600000,10-K,2023-03-09,2023,FY
MRVL,Assets,2022-04-30,22038700000,10-Q,2022-05-27,2023,Q1
MRVL,Assets,2022-07-30,22162100000,10-Q,2022-08-26,2023,Q2
MRVL,Assets,2022-10-29,22522100000,10-Q,2022-12-02,2023,Q3
MRVL,Assets,2023-01-28,22522100000,10-K,2024-03-13,2024,FY
MRVL,Assets,2023-04-29,22273200000,10-Q,2023-05-26,2024,Q1
MRVL,Assets,2023-07-29,21750100000,10-Q,2023-08-25,2024,Q2
MRVL,Assets,2023-10-28,21714400000,10-Q,2023-12-01,2024,Q3
MRVL,Assets,2024-02-03,21228500000,10-K,2025-03-12,2025,FY
MRVL,Assets,2024-05-04,20491000000,10-Q,2024-05-31,2025,Q1
MRVL,Assets,2024-08-03,20293400000,10-Q,2024-08-30,2025,Q2
MRVL,Assets,2024-11-02,19715600000,10-Q,2024-12-04,2025,Q3
MRVL,Assets,2025-02-01,20204500000,10-K,2026-03-11,2026,FY
MRVL,Assets,2025-05-03,20023700000,10-Q,2025-05-30,2026,Q1
MRVL,Assets,2025-08-02,20586300000,10-Q,2025-08-29,2026,Q2
MRVL,Assets,2025-11-01,21579000000,10-Q,2025-12-03,2026,Q3
MRVL,Assets,2026-01-31,22285300000,10-Q,2026-08-28,2027,Q2
MRVL,Assets,2026-05-02,26944500000,10-Q,2026-05-28,2027,Q1
MRVL,Assets,2026-08-01,27554600000,10-Q,2026-08-28,2027,Q2
MSFT,Assets,2009-06-30,77888000000,10-K,2010-07-30,2010,FY
MSFT,Assets,2009-09-30,81612000000,10-Q,2009-10-23,2010,Q1
MSFT,Assets,2009-12-31,82096000000,10-Q,2010-01-28,2010,Q2
MSFT,Assets,2010-03-31,84910000000,10-Q,2010-04-22,2010,Q3
MSFT,Assets,2010-06-30,86113000000,10-K,2011-07-28,2011,FY
MSFT,Assets,2010-09-30,91540000000,10-Q,2010-10-28,2011,Q1
MSFT,Assets,2010-12-31,92306000000,10-Q,2011-01-27,2011,Q2
MSFT,Assets,2011-03-31,99727000000,10-Q,2011-04-28,2011,Q3
MSFT,Assets,2011-06-30,108704000000,10-K,2012-07-26,2012,FY
MSFT,Assets,2011-09-30,107415000000,10-Q,2011-10-20,2012,Q1
MSFT,Assets,2011-12-31,112243000000,10-Q/A,2012-01-27,2012,Q2
MSFT,Assets,2012-03-31,118010000000,10-Q,2012-04-19,2012,Q3
MSFT,Assets,2012-06-30,121271000000,8-K,2013-11-26,2013,FY
MSFT,Assets,2012-09-30,121876000000,10-Q,2012-10-18,2013,Q1
MSFT,Assets,2012-12-31,128683000000,10-Q,2013-01-24,2013,Q2
MSFT,Assets,2013-03-31,134105000000,10-Q,2013-04-18,2013,Q3
MSFT,Assets,2013-06-30,142431000000,10-K,2014-07-31,2014,FY
MSFT,Assets,2013-09-30,142348000000,10-Q,2013-10-24,2014,Q1
MSFT,Assets,2013-12-31,153543000000,10-Q,2014-01-23,2014,Q2
MSFT,Assets,2014-03-31,156119000000,10-Q,2014-04-24,2014,Q3
MSFT,Assets,2014-06-30,172384000000,8-K,2015-10-27,,
MSFT,Assets,2014-09-30,169656000000,10-Q,2014-10-23,2015,Q1
MSFT,Assets,2014-12-31,174848000000,10-Q,2015-01-26,2015,Q2
MSFT,Assets,2015-03-31,176683000000,10-Q,2015-04-23,2015,Q3
MSFT,Assets,2015-06-30,174472000000,10-K,2016-07-28,2016,FY
MSFT,Assets,2015-09-30,172896000000,10-Q,2015-10-22,2016,Q1
MSFT,Assets,2015-12-31,180098000000,10-Q,2016-01-28,2016,Q2
MSFT,Assets,2016-03-31,181869000000,10-Q,2016-04-21,2016,Q3
MSFT,Assets,2016-06-30,193468000000,10-K,2017-08-02,2017,FY
MSFT,Assets,2016-09-30,212524000000,10-Q,2016-10-20,2017,Q1
MSFT,Assets,2016-12-31,224610000000,10-Q,2017-01-26,2017,Q2
MSFT,Assets,2017-03-31,225017000000,10-Q,2017-04-27,2017,Q3
MSFT,Assets,2017-06-30,250312000000,10-K,2018-08-03,2018,FY
MSFT,Assets,2017-09-30,249097000000,10-Q,2017-10-26,2018,Q1
MSFT,Assets,2017-12-31,256003000000,10-Q,2018-01-31,2018,Q2
MSFT,Assets,2018-03-31,245497000000,10-Q,2018-04-26,2018,Q3
MSFT,Assets,2018-06-30,258848000000,10-K,2019-08-01,2019,FY
MSFT,Assets,2018-09-30,257619000000,10-Q,2018-10-24,2019,Q1
MSFT,Assets,2018-12-31,258859000000,10-Q,2019-01-30,2019,Q2
MSFT,Assets,2019-03-31,263281000000,10-Q,2019-04-24,2019,Q3
MSFT,Assets,2019-06-30,286556000000,10-K,2020-07-30,2020,FY
MSFT,Assets,2019-09-30,278955000000,10-Q,2019-10-23,2020,Q1
MSFT,Assets,2019-12-31,282794000000,10-Q,2020-01-29,2020,Q2
MSFT,Assets,2020-03-31,285449000000,10-Q,2020-04-29,2020,Q3
MSFT,Assets,2020-06-30,301311000000,10-K,2021-07-29,2021,FY
MSFT,Assets,2020-09-30,301001000000,10-Q,2020-10-27,2021,Q1
MSFT,Assets,2020-12-31,304137000000,10-Q,2021-01-26,2021,Q2
MSFT,Assets,2021-03-31,308879000000,10-Q,2021-04-27,2021,Q3
MSFT,Assets,2021-06-30,333779000000,10-K,2022-07-28,2022,FY
MSFT,Assets,2021-09-30,335418000000,10-Q,2021-10-26,2022,Q1
MSFT,Assets,2021-12-31,340389000000,10-Q,2022-01-25,2022,Q2
MSFT,Assets,2022-03-31,344607000000,10-Q,2022-04-26,2022,Q3
MSFT,Assets,2022-06-30,364840000000,10-K,2023-07-27,2023,FY
MSFT,Assets,2022-09-30,359784000000,10-Q,2022-10-25,2023,Q1
MSFT,Assets,2022-12-31,364552000000,10-Q,2023-01-24,2023,Q2
MSFT,Assets,2023-03-31,380088000000,10-Q,2023-04-25,2023,Q3
MSFT,Assets,2023-06-30,411976000000,8-K,2024-12-03,,
MSFT,Assets,2023-09-30,445785000000,10-Q,2023-10-24,2024,Q1
MSFT,Assets,2023-12-31,470558000000,10-Q,2024-01-30,2024,Q2
MSFT,Assets,2024-03-31,484275000000,10-Q,2024-04-25,2024,Q3
MSFT,Assets,2024-06-30,512163000000,10-K,2025-07-30,2025,FY
MSFT,Assets,2024-09-30,523013000000,10-Q,2024-10-30,2025,Q1
MSFT,Assets,2024-12-31,533898000000,10-Q,2025-01-29,2025,Q2
MSFT,Assets,2025-03-31,562624000000,10-Q,2025-04-30,2025,Q3
MSFT,Assets,2025-06-30,619003000000,10-K,2026-07-29,2026,FY
MSFT,Assets,2025-09-30,636351000000,10-Q,2025-10-29,2026,Q1
MSFT,Assets,2025-12-31,665302000000,10-Q,2026-01-28,2026,Q2
MSFT,Assets,2026-03-31,694228000000,10-Q,2026-04-29,2026,Q3
MSFT,Assets,2026-06-30,758376000000,10-K,2026-07-29,2026,FY
MTZ,Assets,2010-12-31,1655800000,10-K,2013-02-28,2012,FY
MTZ,Assets,2011-06-30,1996319000,10-Q,2011-08-03,2011,Q2
MTZ,Assets,2011-09-30,2084352000,10-Q,2011-11-03,2011,Q3
MTZ,Assets,2011-12-31,2094700000,10-K,2014-02-27,2013,FY
MTZ,Assets,2012-03-31,2070292000,10-Q,2012-05-03,2012,Q1
MTZ,Assets,2012-06-30,2227322000,10-Q,2012-08-02,2012,Q2
MTZ,Assets,2012-09-30,2195900000,10-Q,2012-11-01,2012,Q3
MTZ,Assets,2012-12-31,2416300000,10-K,2015-07-31,2014,FY
MTZ,Assets,2013-03-31,2540866000,10-Q,2013-05-02,2013,Q1
MTZ,Assets,2013-06-30,2820906000,10-Q,2013-08-01,2013,Q2
MTZ,Assets,2013-09-30,2954338000,10-Q,2013-10-31,2013,Q3
MTZ,Assets,2013-12-31,2923200000,10-K,2016-02-26,2015,FY
MTZ,Assets,2014-03-31,3005466000,10-K,2015-07-31,2014,FY
MTZ,Assets,2014-06-30,3388828000,10-K,2015-07-31,2014,FY
MTZ,Assets,2014-09-30,3465901000,10-K,2015-07-31,2014,FY
MTZ,Assets,2014-12-31,3550800000,10-K,2017-02-24,2016,FY
MTZ,Assets,2015-03-31,3351016000,10-Q,2015-08-07,2015,Q1
MTZ,Assets,2015-06-30,3356903000,10-Q,2015-08-17,2015,Q2
MTZ,Assets,2015-09-30,3245786000,10-Q,2015-11-03,2015,Q3
MTZ,Assets,2015-12-31,2927300000,10-K,2018-02-27,2017,FY
MTZ,Assets,2016-03-31,2986628000,10-Q,2016-05-05,2016,Q1
MTZ,Assets,2016-06-30,3123943000,10-Q,2016-08-04,2016,Q2
MTZ,Assets,2016-09-30,3214046000,10-Q,2016-11-03,2016,Q3
MTZ,Assets,2016-12-31,3183100000,10-K,2019-02-28,2018,FY
MTZ,Assets,2017-03-31,3115834000,10-Q,2017-05-04,2017,Q1
MTZ,Assets,2017-06-30,3823485000,10-Q,2017-08-03,2017,Q2
MTZ,Assets,2017-09-30,3942175000,10-Q,2017-11-02,2017,Q3
MTZ,Assets,2017-12-31,4066600000,10-K,2020-02-27,2019,FY
MTZ,Assets,2018-03-31,4154348000,10-Q,2018-04-30,2018,Q1
MTZ,Assets,2018-06-30,4582157000,10-Q,2018-08-02,2018,Q2
MTZ,Assets,2018-09-30,4974806000,10-Q,2018-11-01,2018,Q3
MTZ,Assets,2018-12-31,4440000000,10-K,2021-02-25,2020,FY
MTZ,Assets,2019-03-31,4860393000,10-Q,2019-05-02,2019,Q1
MTZ,Assets,2019-06-30,4797371000,10-Q,2019-08-01,2019,Q2
MTZ,Assets,2019-09-30,4858652000,10-Q,2019-10-31,2019,Q3
MTZ,Assets,2019-12-31,4997000000,10-K,2022-03-01,2021,FY
MTZ,Assets,2020-03-31,4893548000,10-Q,2020-04-30,2020,Q1
MTZ,Assets,2020-06-30,4989985000,10-Q,2020-07-31,2020,Q2
MTZ,Assets,2020-09-30,5201749000,10-Q,2020-10-29,2020,Q3
MTZ,Assets,2020-12-31,5227900000,10-K,2023-03-16,2022,FY
MTZ,Assets,2021-03-31,5538303000,10-Q,2021-05-06,2021,Q1
MTZ,Assets,2021-06-30,5901628000,10-Q,2021-08-05,2021,Q2
MTZ,Assets,2021-09-30,6013248000,10-Q,2021-11-04,2021,Q3
MTZ,Assets,2021-12-31,7121400000,10-K,2024-03-01,2023,FY
MTZ,Assets,2022-03-31,7087996000,10-Q,2022-05-05,2022,Q1
MTZ,Assets,2022-06-30,7404686000,10-Q,2022-08-04,2022,Q2
MTZ,Assets,2022-09-30,7475663000,10-Q,2022-11-03,2022,Q3
MTZ,Assets,2022-12-31,9293300000,10-K,2025-02-28,2024,FY
MTZ,Assets,2023-03-31,9055336000,10-Q,2023-05-04,2023,Q1
MTZ,Assets,2023-06-30,9287820000,10-Q,2023-08-03,2023,Q2
MTZ,Assets,2023-09-30,9529727000,10-Q,2023-11-02,2023,Q3
MTZ,Assets,2023-12-31,9373500000,10-K,2026-02-26,2025,FY
MTZ,Assets,2024-03-31,8745353000,10-Q,2024-05-02,2024,Q1
MTZ,Assets,2024-06-30,8678986000,10-Q,2024-08-01,2024,Q2
MTZ,Assets,2024-09-30,8762972000,10-Q,2024-10-31,2024,Q3
MTZ,Assets,2024-12-31,8975275000,10-K,2026-02-26,2025,FY
MTZ,Assets,2025-03-31,8861938000,10-Q,2025-05-01,2025,Q1
MTZ,Assets,2025-06-30,9132156000,10-Q,2025-07-31,2025,Q2
MTZ,Assets,2025-09-30,9693450000,10-Q,2025-10-30,2025,Q3
MTZ,Assets,2025-12-31,9923542000,10-Q,2026-07-30,2026,Q2
MTZ,Assets,2026-03-31,10441515000,10-Q,2026-04-30,2026,Q1
MTZ,Assets,2026-06-30,10925494000,10-Q,2026-07-30,2026,Q2
MU,Assets,2009-09-03,11459000000,10-Q,2010-01-12,2010,Q1
MU,Assets,2009-12-03,11726000000,10-Q,2010-01-12,2010,Q1
MU,Assets,2010-09-02,14693000000,10-K,2011-10-25,2011,FY
MU,Assets,2010-12-02,14617000000,10-Q,2011-01-11,2011,Q1
MU,Assets,2011-03-03,14398000000,10-Q,2011-04-12,2011,Q2
MU,Assets,2011-06-02,14570000000,10-Q,2011-07-12,2011,Q3
MU,Assets,2011-09-01,14752000000,10-K,2012-10-29,2012,FY
MU,Assets,2011-12-01,14211000000,10-Q,2012-01-10,2012,Q1
MU,Assets,2012-03-01,14139000000,10-Q,2012-04-09,2012,Q2
MU,Assets,2012-05-31,14316000000,10-Q,2012-07-09,2012,Q3
MU,Assets,2012-08-30,14328000000,8-K,2014-07-22,2013,
MU,Assets,2012-11-29,14067000000,10-Q,2013-01-07,2013,Q1
MU,Assets,2013-02-28,13912000000,10-Q,2013-04-08,2013,Q2
MU,Assets,2013-05-30,14055000000,10-Q,2013-07-08,2013,Q3
MU,Assets,2013-08-29,19118000000,10-K,2014-10-27,2014,FY
MU,Assets,2013-11-28,19794000000,10-Q,2014-01-07,2014,Q1
MU,Assets,2014-02-27,20615000000,10-Q,2014-04-07,2014,Q2
MU,Assets,2014-05-29,20495000000,10-Q,2014-07-03,2014,Q3
MU,Assets,2014-08-28,22416000000,10-K,2015-10-27,2015,FY
MU,Assets,2014-12-04,22542000000,10-Q,2015-01-09,2015,Q1
MU,Assets,2015-03-05,23818000000,10-Q,2015-04-10,2015,Q2
MU,Assets,2015-06-04,25136000000,10-Q,2015-07-10,2015,Q3
MU,Assets,2015-09-03,24143000000,8-K,2017-10-10,,
MU,Assets,2015-12-03,24388000000,10-Q,2016-01-08,2016,Q1
MU,Assets,2016-03-03,24819000000,10-Q,2016-04-08,2016,Q2
MU,Assets,2016-06-02,27001000000,10-Q,2016-07-06,2016,Q3
MU,Assets,2016-09-01,27540000000,10-K,2017-10-26,2017,FY
MU,Assets,2016-12-01,27836000000,10-Q,2017-01-09,2017,Q1
MU,Assets,2017-03-02,32355000000,10-Q,2017-03-28,2017,Q2
MU,Assets,2017-06-01,33267000000,10-Q,2017-06-30,2017,Q3
MU,Assets,2017-08-31,35336000000,10-K,2018-10-15,2018,FY
MU,Assets,2017-11-30,37191000000,10-Q,2017-12-20,2018,Q1
MU,Assets,2018-03-01,41263000000,10-Q,2018-03-23,2018,Q2
MU,Assets,2018-05-31,41845000000,10-Q,2018-06-22,2018,Q3
MU,Assets,2018-08-30,43376000000,10-K,2019-10-17,2019,FY
MU,Assets,2018-11-29,44595000000,10-Q,2018-12-19,2019,Q1
MU,Assets,2019-02-28,47487000000,10-Q,2019-03-21,2019,Q2
MU,Assets,2019-05-30,46288000000,10-Q,2019-06-26,2019,Q3
MU,Assets,2019-08-29,48887000000,10-K,2020-10-19,2020,FY
MU,Assets,2019-11-28,49649000000,10-Q,2019-12-20,2020,Q1
MU,Assets,2020-02-27,49648000000,10-Q,2020-03-26,2020,Q2
MU,Assets,2020-05-28,52005000000,10-Q,2020-06-29,2020,Q3
MU,Assets,2020-09-03,53678000000,10-K,2021-10-08,2021,FY
MU,Assets,2020-12-03,53691000000,10-Q,2021-01-08,2021,Q1
MU,Assets,2021-03-04,54135000000,10-Q,2021-04-01,2021,Q2
MU,Assets,2021-06-03,55943000000,10-Q,2021-07-01,2021,Q3
MU,Assets,2021-09-02,58849000000,10-K,2022-10-07,2022,FY
MU,Assets,2021-12-02,61246000000,10-Q,2022-01-06,2022,Q1
MU,Assets,2022-03-03,63696000000,10-Q,2022-03-30,2022,Q2
MU,Assets,2022-06-02,65296000000,10-Q,2022-07-01,2022,Q3
MU,Assets,2022-09-01,66283000000,10-K,2023-10-06,2023,FY
MU,Assets,2022-12-01,67874000000,10-Q,2022-12-22,2023,Q1
MU,Assets,2023-03-02,66520000000,10-Q,2023-03-29,2023,Q2
MU,Assets,2023-06-01,65680000000,10-Q,2023-06-29,2023,Q3
MU,Assets,2023-08-31,64254000000,10-K,2024-10-04,2024,FY
MU,Assets,2023-11-30,63776000000,10-Q,2023-12-21,2024,Q1
MU,Assets,2024-02-29,65718000000,10-Q,2024-03-21,2024,Q2
MU,Assets,2024-05-30,66255000000,10-Q,2024-06-27,2024,Q3
MU,Assets,2024-08-29,69416000000,10-K,2025-10-03,2025,FY
MU,Assets,2024-11-28,71461000000,10-Q,2024-12-19,2025,Q1
MU,Assets,2025-02-27,73053000000,10-Q,2025-03-21,2025,Q2
MU,Assets,2025-05-29,78397000000,10-Q,2025-06-26,2025,Q3
MU,Assets,2025-08-28,82798000000,10-Q,2026-06-25,2026,Q3
MU,Assets,2025-11-27,85971000000,10-Q,2025-12-18,2026,Q1
MU,Assets,2026-02-26,101509000000,10-Q,2026-03-19,2026,Q2
MU,Assets,2026-05-28,134112000000,10-Q,2026-06-25,2026,Q3
NBIS,Assets,2011-12-31,1058400000,20-F,2012-03-02,2011,FY
NBIS,Assets,2012-12-31,1458200000,20-F,2013-04-09,2012,FY
NBIS,Assets,2013-12-31,2178800000,20-F,2014-04-04,2013,FY
NBIS,Assets,2014-12-31,1687300000,20-F,2015-04-30,2014,FY
NBIS,Assets,2015-12-31,1534200000,20-F,2016-03-22,2015,FY
NBIS,Assets,2016-12-31,1881200000,20-F,2017-03-22,2016,FY
NBIS,Assets,2017-12-31,2266400000,20-F,2018-03-27,2017,FY
NBIS,Assets,2018-12-31,3479100000,20-F,2019-04-19,2018,FY
NBIS,Assets,2019-12-31,3692200000,20-F/A,2020-04-02,2019,FY
NBIS,Assets,2020-12-31,6979500000,20-F,2021-04-01,2020,FY
NBIS,Assets,2021-12-31,6938700000,20-F,2022-04-20,2021,FY
NBIS,Assets,2022-12-31,8768000000,20-F,2023-04-20,2022,FY
NBIS,Assets,2023-12-31,8755100000,20-F,2025-04-30,2024,FY
NBIS,Assets,2024-12-31,3548600000,20-F,2026-04-30,2025,FY
NBIS,Assets,2025-12-31,12430600000,20-F,2026-04-30,2025,FY
NEE,Assets,2008-12-31,44821000000,10-K,2011-02-28,2010,FY
NEE,Assets,2009-06-30,46404000000,10-Q,2009-07-31,2009,Q2
NEE,Assets,2009-09-30,47155000000,10-Q,2009-10-30,2009,Q3
NEE,Assets,2009-12-31,48458000000,10-K,2011-02-28,2010,FY
NEE,Assets,2010-03-31,50942000000,10-Q,2010-05-03,2010,Q1
NEE,Assets,2010-06-30,51209000000,10-Q,2010-08-06,2010,Q2
NEE,Assets,2010-09-30,52994000000,10-Q,2011-11-04,2011,Q3
NEE,Assets,2010-12-31,52994000000,10-K,2012-02-28,2011,FY
NEE,Assets,2011-03-31,53257000000,10-Q,2011-05-04,2011,Q1
NEE,Assets,2011-06-30,54557000000,10-Q,2011-08-02,2011,Q2
NEE,Assets,2011-09-30,56585000000,10-Q,2011-11-04,2011,Q3
NEE,Assets,2011-12-31,57188000000,10-K,2013-02-28,2012,FY
NEE,Assets,2012-03-31,59207000000,10-Q,2012-04-27,2012,Q1
NEE,Assets,2012-06-30,60390000000,10-Q,2012-07-27,2012,Q2
NEE,Assets,2012-09-30,62049000000,10-Q,2012-10-26,2012,Q3
NEE,Assets,2012-12-31,64439000000,10-K,2015-02-20,2014,FY
NEE,Assets,2013-03-31,63843000000,10-Q,2013-05-02,2013,Q1
NEE,Assets,2013-06-30,65217000000,10-Q,2013-07-31,2013,Q2
NEE,Assets,2013-09-30,67166000000,10-Q,2013-11-01,2013,Q3
NEE,Assets,2013-12-31,69007000000,10-K,2016-02-22,2015,FY
NEE,Assets,2014-03-31,70331000000,10-Q,2014-05-02,2014,Q1
NEE,Assets,2014-06-30,71590000000,10-Q,2014-07-31,2014,Q2
NEE,Assets,2014-09-30,72193000000,10-Q,2014-11-07,2014,Q3
NEE,Assets,2014-12-31,74605000000,10-K,2017-02-23,2016,FY
NEE,Assets,2015-03-31,74929000000,10-Q,2015-05-01,2015,Q1
NEE,Assets,2015-06-30,77201000000,10-Q,2015-08-03,2015,Q2
NEE,Assets,2015-09-30,79963000000,10-Q,2015-10-30,2015,Q3
NEE,Assets,2015-12-31,82479000000,10-K,2018-02-16,2017,FY
NEE,Assets,2016-03-31,84637000000,10-Q,2016-04-29,2016,Q1
NEE,Assets,2016-06-30,85420000000,10-Q,2016-07-28,2016,Q2
NEE,Assets,2016-09-30,87864000000,10-Q,2016-11-01,2016,Q3
NEE,Assets,2016-12-31,90474000000,10-K,2019-02-15,2018,FY
NEE,Assets,2017-03-31,91205000000,10-Q,2017-04-21,2017,Q1
NEE,Assets,2017-06-30,92890000000,10-Q,2017-07-26,2017,Q2
NEE,Assets,2017-09-30,96781000000,10-Q,2017-10-26,2017,Q3
NEE,Assets,2017-12-31,97963000000,10-K,2020-02-14,2019,FY
NEE,Assets,2018-03-31,94284000000,10-Q,2018-04-24,2018,Q1
NEE,Assets,2018-06-30,95490000000,10-Q,2018-07-25,2018,Q2
NEE,Assets,2018-09-30,98603000000,10-Q,2018-10-23,2018,Q3
NEE,Assets,2018-12-31,103702000000,10-K,2021-02-12,2020,FY
NEE,Assets,2019-03-31,109029000000,10-Q,2019-04-23,2019,Q1
NEE,Assets,2019-06-30,110552000000,10-Q,2019-07-24,2019,Q2
NEE,Assets,2019-09-30,114222000000,10-Q,2019-10-23,2019,Q3
NEE,Assets,2019-12-31,117691000000,10-K,2022-02-18,2021,FY
NEE,Assets,2020-03-31,120637000000,10-Q,2020-04-23,2020,Q1
NEE,Assets,2020-06-30,121961000000,10-Q,2020-07-24,2020,Q2
NEE,Assets,2020-09-30,126382000000,10-Q,2020-10-23,2020,Q3
NEE,Assets,2020-12-31,127684000000,10-K,2023-02-17,2022,FY
NEE,Assets,2021-03-31,132441000000,10-Q,2021-04-23,2021,Q1
NEE,Assets,2021-06-30,135013000000,10-Q,2021-07-26,2021,Q2
NEE,Assets,2021-09-30,139163000000,10-Q,2021-10-25,2021,Q3
NEE,Assets,2021-12-31,140912000000,10-K,2024-02-16,2023,FY
NEE,Assets,2022-03-31,144945000000,10-Q,2022-04-22,2022,Q1
NEE,Assets,2022-06-30,151770000000,10-Q,2022-07-27,2022,Q2
NEE,Assets,2022-09-30,156409000000,10-Q,2022-11-03,2022,Q3
NEE,Assets,2022-12-31,158935000000,10-K,2025-02-14,2024,FY
NEE,Assets,2023-03-31,165357000000,10-Q,2023-04-26,2023,Q1
NEE,Assets,2023-06-30,168275000000,10-Q,2023-07-26,2023,Q2
NEE,Assets,2023-09-30,171674000000,10-Q,2023-11-07,2023,Q3
NEE,Assets,2023-12-31,177489000000,10-K,2026-02-13,2025,FY
NEE,Assets,2024-03-31,179950000000,10-Q,2024-04-23,2024,Q1
NEE,Assets,2024-06-30,184724000000,10-Q,2024-07-24,2024,Q2
NEE,Assets,2024-09-30,186013000000,10-Q,2024-10-23,2024,Q3
NEE,Assets,2024-12-31,190144000000,10-K,2026-02-13,2025,FY
NEE,Assets,2025-03-31,194264000000,10-Q,2025-04-23,2025,Q1
NEE,Assets,2025-06-30,198830000000,10-Q,2025-07-23,2025,Q2
NEE,Assets,2025-09-30,204354000000,10-Q,2025-10-28,2025,Q3
NEE,Assets,2025-12-31,212721000000,10-Q,2026-04-23,2026,Q1
NEE,Assets,2026-03-31,221424000000,10-Q,2026-04-23,2026,Q1
NNE,Assets,2023-09-30,7233652,10-K,2024-12-30,2024,FY
NNE,Assets,2024-03-31,8870018,10-Q,2024-06-20,2024,Q2
NNE,Assets,2024-06-30,16427718,10-Q,2024-08-14,2024,Q3
NNE,Assets,2024-09-30,35096170,10-K,2025-12-18,2025,FY
NNE,Assets,2024-12-31,134142439,10-Q,2025-02-13,2025,Q1
NNE,Assets,2025-03-31,138815748,10-Q,2025-05-15,2025,Q2
NNE,Assets,2025-06-30,231532212,10-Q,2025-08-14,2025,Q3
NNE,Assets,2025-09-30,228656866,10-Q,2026-08-12,2026,Q3
NNE,Assets,2025-12-31,606056161,10-Q,2026-02-17,2026,Q1
NNE,Assets,2026-03-31,603916533,10-Q,2026-05-14,2026,Q2
NNE,Assets,2026-06-30,628029542,10-Q,2026-08-12,2026,Q3
NRG,Assets,2008-12-31,24808000000,10-K,2010-02-23,2009,FY
NRG,Assets,2009-06-30,27305000000,10-Q/A,2009-08-25,2009,Q2
NRG,Assets,2009-09-30,25954000000,10-Q,2009-11-02,2009,Q3
NRG,Assets,2009-12-31,23378000000,10-K,2011-02-22,2010,FY
NRG,Assets,2010-03-31,24578000000,10-Q,2010-05-10,2010,Q1
NRG,Assets,2010-06-30,25103000000,10-Q/A,2010-08-13,2010,Q2
NRG,Assets,2010-09-30,27419000000,10-Q,2010-11-04,2010,Q3
NRG,Assets,2010-12-31,26896000000,8-K,2012-07-23,2011,FY
NRG,Assets,2011-03-31,25043000000,10-Q,2011-05-05,2011,Q1
NRG,Assets,2011-06-30,25336000000,10-Q,2011-08-04,2011,Q2
NRG,Assets,2011-09-30,24760000000,10-Q,2011-11-03,2011,Q3
NRG,Assets,2011-12-31,26900000000,10-K,2013-02-27,2012,FY
NRG,Assets,2012-03-31,28530000000,10-Q,2012-05-03,2012,Q1
NRG,Assets,2012-06-30,27856000000,10-Q,2012-08-08,2012,Q2
NRG,Assets,2012-09-30,27220000000,10-Q,2012-11-02,2012,Q3
NRG,Assets,2012-12-31,34983000000,10-K,2014-09-10,2013,FY
NRG,Assets,2013-03-31,35371000000,10-Q,2013-05-07,2013,Q1
NRG,Assets,2013-06-30,34492000000,10-Q,2013-08-09,2013,Q2
NRG,Assets,2013-09-30,34863000000,10-Q,2013-11-12,2013,Q3
NRG,Assets,2013-12-31,33902000000,10-K,2015-02-27,2014,FY
NRG,Assets,2014-03-31,34961000000,10-Q,2014-05-06,2014,Q1
NRG,Assets,2014-06-30,37629000000,10-Q,2014-08-07,2014,Q2
NRG,Assets,2014-09-30,40069000000,10-Q,2014-11-05,2014,Q3
NRG,Assets,2014-12-31,40466000000,10-K,2016-02-29,2015,FY
NRG,Assets,2015-03-31,40330000000,10-Q,2015-05-08,2015,Q1
NRG,Assets,2015-06-30,40365000000,10-Q,2015-08-04,2015,Q2
NRG,Assets,2015-09-30,39988000000,10-Q,2015-11-04,2015,Q3
NRG,Assets,2015-12-31,32882000000,10-K,2017-02-28,2016,FY
NRG,Assets,2016-03-31,32680000000,10-Q,2016-05-05,2016,Q1
NRG,Assets,2016-06-30,31422000000,10-Q,2016-08-09,2016,Q2
NRG,Assets,2016-09-30,31491000000,10-Q,2016-11-04,2016,Q3
NRG,Assets,2016-12-31,30682000000,10-K,2018-03-01,2017,FY
NRG,Assets,2017-03-31,29420000000,10-Q,2017-05-02,2017,Q1
NRG,Assets,2017-06-30,25205000000,10-Q,2017-08-03,2017,Q2
NRG,Assets,2017-09-30,25470000000,10-Q,2017-11-02,2017,Q3
NRG,Assets,2017-12-31,23355000000,10-K,2019-02-28,2018,FY
NRG,Assets,2018-03-31,23752000000,10-Q,2018-05-03,2018,Q1
NRG,Assets,2018-06-30,22947000000,10-Q,2018-08-02,2018,Q2
NRG,Assets,2018-09-30,11450000000,10-Q,2018-11-08,2018,Q3
NRG,Assets,2018-12-31,10628000000,8-K,2020-05-07,,
NRG,Assets,2019-03-31,9530000000,10-Q,2019-05-02,2019,Q1
NRG,Assets,2019-06-30,9171000000,10-Q,2019-08-07,2019,Q2
NRG,Assets,2019-09-30,9527000000,10-Q,2019-11-07,2019,Q3
NRG,Assets,2019-12-31,12531000000,10-K,2021-03-01,2020,FY
NRG,Assets,2020-03-31,12822000000,10-Q,2020-05-07,2020,Q1
NRG,Assets,2020-06-30,12337000000,10-Q,2020-08-06,2020,Q2
NRG,Assets,2020-09-30,12225000000,10-Q,2020-11-05,2020,Q3
NRG,Assets,2020-12-31,14902000000,10-K,2022-02-24,2021,FY
NRG,Assets,2021-03-31,19241000000,10-Q,2021-05-06,2021,Q1
NRG,Assets,2021-06-30,21619000000,10-Q,2021-08-05,2021,Q2
NRG,Assets,2021-09-30,27965000000,10-Q,2021-11-04,2021,Q3
NRG,Assets,2021-12-31,23182000000,10-K,2023-02-23,2022,FY
NRG,Assets,2022-03-31,29477000000,10-Q,2022-05-06,2022,Q1
NRG,Assets,2022-06-30,34335000000,10-Q,2022-08-04,2022,Q2
NRG,Assets,2022-09-30,32243000000,10-Q,2022-11-07,2022,Q3
NRG,Assets,2022-12-31,29146000000,10-K,2024-02-28,2023,FY
NRG,Assets,2023-03-31,29696000000,10-Q,2023-05-04,2023,Q1
NRG,Assets,2023-06-30,28991000000,10-Q,2023-08-08,2023,Q2
NRG,Assets,2023-09-30,27910000000,10-Q,2023-11-02,2023,Q3
NRG,Assets,2023-12-31,26038000000,10-K,2025-02-26,2024,FY
NRG,Assets,2024-03-31,25401000000,10-Q,2024-05-07,2024,Q1
NRG,Assets,2024-06-30,25762000000,10-Q,2024-08-08,2024,Q2
NRG,Assets,2024-09-30,23724000000,10-Q,2024-11-08,2024,Q3
NRG,Assets,2024-12-31,24022000000,10-K,2026-02-24,2025,FY
NRG,Assets,2025-03-31,24991000000,10-Q,2025-05-12,2025,Q1
NRG,Assets,2025-06-30,24088000000,10-Q,2025-08-06,2025,Q2
NRG,Assets,2025-09-30,23971000000,10-Q,2025-11-06,2025,Q3
NRG,Assets,2025-12-31,29140000000,10-Q,2026-08-04,2026,Q2
NRG,Assets,2026-03-31,40053000000,10-Q,2026-05-06,2026,Q1
NRG,Assets,2026-06-30,39940000000,10-Q,2026-08-04,2026,Q2
NVDA,Assets,2009-01-25,3350727000,10-K,2010-03-18,2010,FY
NVDA,Assets,2009-07-26,3298409000,10-Q,2009-08-20,2009,Q2
NVDA,Assets,2009-10-25,3463574000,10-Q,2009-11-19,2009,Q3
NVDA,Assets,2010-01-31,3585918000,10-K,2011-03-16,2010,FY
NVDA,Assets,2010-05-02,3803030000,10-Q,2010-05-21,2010,Q2
NVDA,Assets,2010-08-01,3731268000,10-Q,2010-08-30,2010,Q3
NVDA,Assets,2010-10-31,3915579000,10-Q,2010-12-07,2010,Q3
NVDA,Assets,2011-01-30,4495246000,10-K,2012-03-13,2011,FY
NVDA,Assets,2011-05-01,4736744000,10-Q,2011-05-27,2011,Q1
NVDA,Assets,2011-07-31,4864424000,10-Q,2011-08-25,2011,Q2
NVDA,Assets,2011-10-30,5089043000,10-Q,2011-11-22,2011,Q3
NVDA,Assets,2012-01-29,5552928000,10-K,2013-03-12,2012,FY
NVDA,Assets,2012-04-29,5708167000,10-Q,2012-05-23,2012,Q1
NVDA,Assets,2012-07-29,5891881000,10-Q,2012-08-22,2012,Q2
NVDA,Assets,2012-10-28,6075144000,10-Q,2012-11-19,2012,Q3
NVDA,Assets,2013-01-27,6412245000,10-K,2014-03-13,2013,FY
NVDA,Assets,2013-04-28,6279527000,10-Q,2013-05-22,2013,Q1
NVDA,Assets,2013-07-28,5569592000,10-Q,2013-08-21,2013,Q2
NVDA,Assets,2013-10-27,5711373000,10-Q,2013-11-19,2013,Q3
NVDA,Assets,2014-01-26,7250894000,10-K,2015-03-12,2015,FY
NVDA,Assets,2014-04-27,6864663000,10-Q,2014-05-21,2014,Q1
NVDA,Assets,2014-07-27,6933719000,10-Q,2014-08-20,2015,Q2
NVDA,Assets,2014-10-26,6885869000,10-Q,2014-11-19,2015,Q3
NVDA,Assets,2015-01-25,7201000000,10-K,2016-03-17,2016,FY
NVDA,Assets,2015-04-26,7291000000,10-Q,2015-05-20,2016,Q1
NVDA,Assets,2015-07-26,6979000000,10-Q,2015-08-19,2016,Q2
NVDA,Assets,2015-10-25,7174000000,10-Q,2015-11-18,2016,Q3
NVDA,Assets,2016-01-31,7370000000,10-K,2017-03-01,2017,FY
NVDA,Assets,2016-05-01,7108000000,10-Q,2016-05-25,2017,Q1
NVDA,Assets,2016-07-31,7461000000,10-Q,2016-08-23,2017,Q2
NVDA,Assets,2016-10-30,9612000000,10-Q,2016-11-22,2017,Q3
NVDA,Assets,2017-01-29,9841000000,10-K,2018-02-28,2018,FY
NVDA,Assets,2017-04-30,9410000000,10-Q,2017-05-23,2018,Q1
NVDA,Assets,2017-07-30,9402000000,10-Q,2017-08-23,2018,Q2
NVDA,Assets,2017-10-29,9830000000,10-Q,2017-11-21,2018,Q3
NVDA,Assets,2018-01-28,11241000000,10-K,2019-02-21,2019,FY
NVDA,Assets,2018-04-29,11460000000,10-Q,2018-05-22,2019,Q1
NVDA,Assets,2018-07-29,12882000000,10-Q,2018-08-16,2019,Q2
NVDA,Assets,2018-10-28,13657000000,10-Q,2018-11-15,2019,Q3
NVDA,Assets,2019-01-27,13292000000,10-K,2020-02-20,2020,FY
NVDA,Assets,2019-04-28,14021000000,10-Q,2019-05-16,2020,Q1
NVDA,Assets,2019-07-28,14775000000,10-Q,2019-08-15,2020,Q2
NVDA,Assets,2019-10-27,15810000000,10-Q,2019-11-14,2020,Q3
NVDA,Assets,2020-01-26,17315000000,10-K,2021-02-26,2021,FY
NVDA,Assets,2020-04-26,23254000000,10-Q,2020-05-21,2020,Q1
NVDA,Assets,2020-07-26,25180000000,10-Q,2020-08-19,2020,Q2
NVDA,Assets,2020-10-25,26881000000,10-Q,2020-11-18,2021,Q3
NVDA,Assets,2021-01-31,28791000000,10-K,2022-03-18,2022,FY
NVDA,Assets,2021-05-02,30796000000,10-Q,2021-05-26,2022,Q1
NVDA,Assets,2021-08-01,38650000000,10-Q,2021-08-20,2022,Q2
NVDA,Assets,2021-10-31,40632000000,10-Q,2021-11-22,2022,Q3
NVDA,Assets,2022-01-30,44187000000,10-K,2023-02-24,2023,FY
NVDA,Assets,2022-05-01,45212000000,10-Q,2022-05-27,2023,Q1
NVDA,Assets,2022-07-31,43476000000,10-Q,2022-08-31,2023,Q2
NVDA,Assets,2022-10-30,40488000000,10-Q,2022-11-18,2023,Q3
NVDA,Assets,2023-01-29,41182000000,10-K,2024-02-21,2024,FY
NVDA,Assets,2023-04-30,44460000000,10-Q,2023-05-26,2024,Q1
NVDA,Assets,2023-07-30,49555000000,10-Q,2023-08-28,2024,Q2
NVDA,Assets,2023-10-29,54148000000,10-Q,2023-11-21,2024,Q3
NVDA,Assets,2024-01-28,65728000000,10-K,2025-02-26,2025,FY
NVDA,Assets,2024-04-28,77072000000,10-Q,2024-05-29,2025,Q1
NVDA,Assets,2024-07-28,85227000000,10-Q,2024-08-28,2025,Q2
NVDA,Assets,2024-10-27,96013000000,10-Q,2024-11-20,2025,Q3
NVDA,Assets,2025-01-26,111601000000,10-K,2026-02-25,2026,FY
NVDA,Assets,2025-04-27,125254000000,10-Q,2025-05-28,2026,Q1
NVDA,Assets,2025-07-27,140740000000,10-Q,2025-08-27,2026,Q2
NVDA,Assets,2025-10-26,161148000000,10-Q,2025-11-19,2026,Q3
NVDA,Assets,2026-01-25,206803000000,10-Q,2026-08-26,2027,Q2
NVDA,Assets,2026-04-26,259474000000,10-Q,2026-05-20,2027,Q1
NVDA,Assets,2026-07-26,320272000000,10-Q,2026-08-26,2027,Q2
NVT,Assets,2016-12-31,4493800000,10-K,2019-02-19,2018,FY
NVT,Assets,2017-12-31,4725000000,10-K,2020-02-25,2019,FY
NVT,Assets,2018-03-31,5301100000,10-Q,2018-05-08,2018,Q1
NVT,Assets,2018-06-30,4576800000,10-Q,2018-07-26,2018,Q2
NVT,Assets,2018-09-30,4583100000,10-Q,2018-10-25,2018,Q3
NVT,Assets,2018-12-31,4552700000,10-K,2021-02-23,2020,FY
NVT,Assets,2019-03-31,4474700000,10-Q,2019-04-25,2019,Q1
NVT,Assets,2019-06-30,4464800000,10-Q,2019-08-01,2019,Q2
NVT,Assets,2019-09-30,4636100000,10-Q,2019-10-30,2019,Q3
NVT,Assets,2019-12-31,4640300000,10-K,2022-02-25,2021,FY
NVT,Assets,2020-03-31,4730200000,10-Q,2020-04-29,2020,Q1
NVT,Assets,2020-06-30,4712400000,10-Q,2020-07-31,2020,Q2
NVT,Assets,2020-09-30,4410600000,10-Q,2020-10-30,2020,Q3
NVT,Assets,2020-12-31,4366100000,10-K,2023-02-28,2022,FY
NVT,Assets,2021-03-31,4398000000,10-Q,2021-04-29,2021,Q1
NVT,Assets,2021-06-30,4709800000,10-Q,2021-08-03,2021,Q2
NVT,Assets,2021-09-30,4678900000,10-Q,2021-10-28,2021,Q3
NVT,Assets,2021-12-31,4674200000,10-K,2024-02-20,2023,FY
NVT,Assets,2022-03-31,4703600000,10-Q,2022-04-29,2022,Q1
NVT,Assets,2022-06-30,4765600000,10-Q,2022-07-29,2021,Q2
NVT,Assets,2022-09-30,4875900000,10-Q,2022-10-28,2022,Q3
NVT,Assets,2022-12-31,4902200000,10-K,2024-02-20,2023,FY
NVT,Assets,2023-03-31,4916400000,10-Q,2023-04-28,2023,Q1
NVT,Assets,2023-06-30,5922100000,10-Q,2023-07-28,2023,Q2
NVT,Assets,2023-09-30,5925700000,10-Q,2023-10-27,2023,Q3
NVT,Assets,2023-12-31,6161700000,10-K,2025-02-18,2024,FY
NVT,Assets,2024-03-31,6169700000,10-Q,2024-05-03,2024,Q1
NVT,Assets,2024-06-30,6188100000,10-Q,2024-08-06,2024,Q2
NVT,Assets,2024-09-30,6918000000,10-Q,2024-11-01,2024,Q3
NVT,Assets,2024-12-31,6734900000,10-K,2026-02-17,2025,FY
NVT,Assets,2025-03-31,6726300000,10-Q,2025-05-02,2025,Q1
NVT,Assets,2025-06-30,6741700000,10-Q,2025-08-01,2025,Q2
NVT,Assets,2025-09-30,6765700000,10-Q,2025-10-31,2025,Q3
NVT,Assets,2025-12-31,6851900000,10-Q,2026-07-31,2026,Q2
NVT,Assets,2026-03-31,6961600000,10-Q,2026-05-01,2026,Q1
NVT,Assets,2026-06-30,7146300000,10-Q,2026-07-31,2026,Q2
OKLO,Assets,2021-06-30,922000,10-Q,2021-08-20,2021,Q2
OKLO,Assets,2021-09-30,504945944,10-Q,2021-11-15,2021,Q3
OKLO,Assets,2021-12-31,504719054,10-K,2023-03-31,2022,FY
OKLO,Assets,2022-03-31,504494065,10-Q,2022-05-16,2022,Q1
OKLO,Assets,2022-06-30,504703016,10-Q,2022-08-12,2022,Q2
OKLO,Assets,2022-09-30,506496560,10-Q,2022-11-10,2022,Q3
OKLO,Assets,2022-12-31,510138267,10-K,2024-03-29,2023,FY
OKLO,Assets,2023-03-31,514676646,10-Q,2023-05-15,2023,Q1
OKLO,Assets,2023-06-30,516816433,10-Q,2023-08-11,2023,Q2
OKLO,Assets,2023-09-30,519994492,10-Q,2023-11-16,2023,Q3
OKLO,Assets,2023-12-31,14885000,10-K,2025-03-24,2024,FY
OKLO,Assets,2024-03-31,308214543,10-Q,2024-05-08,2024,Q1
OKLO,Assets,2024-06-30,299185613,10-Q,2024-08-14,2024,Q2
OKLO,Assets,2024-09-30,293793833,10-Q,2024-11-14,2024,Q3
OKLO,Assets,2024-12-31,281736000,10-K,2026-03-17,2025,FY
OKLO,Assets,2025-03-31,302146000,10-Q,2025-05-13,2025,Q1
OKLO,Assets,2025-06-30,731084000,10-Q,2025-08-11,2025,Q2
OKLO,Assets,2025-09-30,1246219000,10-Q,2025-11-12,2025,Q3
OKLO,Assets,2025-12-31,1528457000,10-Q,2026-08-07,2026,Q2
OKLO,Assets,2026-03-31,2703509000,10-Q/A,2026-06-17,2026,Q1
OKLO,Assets,2026-06-30,3357882000,10-Q,2026-08-07,2026,Q2
ORCL,Assets,2009-05-31,47416000000,10-K,2010-07-01,2010,FY
ORCL,Assets,2009-08-31,52998000000,10-Q,2009-09-21,2010,Q1
ORCL,Assets,2009-11-30,53833000000,10-Q,2009-12-22,2010,Q2
ORCL,Assets,2010-02-28,59386000000,10-Q,2010-03-29,2010,Q3
ORCL,Assets,2010-05-31,61578000000,10-K,2011-06-28,2011,FY
ORCL,Assets,2010-08-31,65255000000,10-Q/A,2010-09-29,2011,Q1
ORCL,Assets,2010-11-30,67243000000,10-Q,2010-12-21,2011,Q2
ORCL,Assets,2011-02-28,67666000000,10-Q,2011-03-29,2011,Q3
ORCL,Assets,2011-05-31,73535000000,10-K,2012-06-26,2012,FY
ORCL,Assets,2011-08-31,73859000000,10-Q,2011-09-23,2012,Q1
ORCL,Assets,2011-11-30,72910000000,10-Q,2011-12-23,2012,Q2
ORCL,Assets,2012-02-29,74361000000,10-Q,2012-03-23,2012,Q3
ORCL,Assets,2012-05-31,78327000000,10-K,2013-06-26,2013,FY
ORCL,Assets,2012-08-31,76558000000,10-Q,2012-09-24,2013,Q1
ORCL,Assets,2012-11-30,79657000000,10-Q,2012-12-21,2013,Q2
ORCL,Assets,2013-02-28,79450000000,10-Q,2013-03-22,2013,Q3
ORCL,Assets,2013-05-31,81812000000,10-K,2014-06-26,2014,FY
ORCL,Assets,2013-08-31,86406000000,10-Q,2013-09-20,2014,Q1
ORCL,Assets,2013-11-30,85238000000,10-Q,2013-12-20,2014,Q2
ORCL,Assets,2014-02-28,86562000000,10-Q,2014-03-20,2014,Q3
ORCL,Assets,2014-05-31,90266000000,10-K,2015-06-25,2015,FY
ORCL,Assets,2014-08-31,99726000000,10-Q,2014-09-23,2015,Q1
ORCL,Assets,2014-11-30,98305000000,10-Q,2014-12-19,2015,Q2
ORCL,Assets,2015-02-28,98816000000,10-Q,2015-03-19,2015,Q3
ORCL,Assets,2015-05-31,110903000000,10-K,2016-06-22,2016,FY
ORCL,Assets,2015-08-31,109706000000,10-Q,2015-09-18,2016,Q1
ORCL,Assets,2015-11-30,106483000000,10-Q,2015-12-18,2016,Q2
ORCL,Assets,2016-02-29,104894000000,10-Q,2016-03-18,2016,Q3
ORCL,Assets,2016-05-31,112180000000,10-K,2017-06-27,2017,FY
ORCL,Assets,2016-08-31,123223000000,10-Q,2016-09-19,2017,Q1
ORCL,Assets,2016-11-30,123600000000,10-Q,2016-12-19,2017,Q2
ORCL,Assets,2017-02-28,125382000000,10-Q,2017-03-17,2017,Q3
ORCL,Assets,2017-05-31,134991000000,10-K,2018-06-22,2018,FY
ORCL,Assets,2017-08-31,133597000000,10-Q,2017-09-18,2018,Q1
ORCL,Assets,2017-11-30,138762000000,10-Q,2017-12-18,2018,Q2
ORCL,Assets,2018-02-28,138201000000,10-Q,2018-03-21,2018,Q3
ORCL,Assets,2018-05-31,137851000000,10-K,2019-06-21,2019,FY
ORCL,Assets,2018-08-31,128358000000,10-Q,2018-09-19,2019,Q1
ORCL,Assets,2018-11-30,118318000000,10-Q,2018-12-19,2019,Q2
ORCL,Assets,2019-02-28,109438000000,10-Q,2019-03-18,2019,Q3
ORCL,Assets,2019-05-31,108709000000,10-K,2020-06-22,2020,FY
ORCL,Assets,2019-08-31,106229000000,10-Q,2019-09-13,2020,Q1
ORCL,Assets,2019-11-30,98443000000,10-Q,2019-12-13,2020,Q2
ORCL,Assets,2020-02-29,96704000000,10-Q,2020-03-13,2020,Q3
ORCL,Assets,2020-05-31,115438000000,10-K,2021-06-21,2021,FY
ORCL,Assets,2020-08-31,113546000000,10-Q,2020-09-15,2021,Q1
ORCL,Assets,2020-11-30,110014000000,10-Q,2020-12-11,2021,Q2
ORCL,Assets,2021-02-28,118109000000,10-Q,2021-03-11,2021,Q3
ORCL,Assets,2021-05-31,131107000000,10-K,2022-06-21,2022,FY
ORCL,Assets,2021-08-31,122924000000,10-Q,2021-09-13,2022,Q1
ORCL,Assets,2021-11-30,106897000000,10-Q,2021-12-10,2022,Q2
ORCL,Assets,2022-02-28,108644000000,10-Q,2022-03-11,2022,Q3
ORCL,Assets,2022-05-31,109297000000,10-K,2023-06-20,2023,FY
ORCL,Assets,2022-08-31,130309000000,10-Q,2022-09-13,2023,Q1
ORCL,Assets,2022-11-30,128469000000,10-Q,2022-12-13,2023,Q2
ORCL,Assets,2023-02-28,131620000000,10-Q,2023-03-10,2023,Q3
ORCL,Assets,2023-05-31,134384000000,10-K,2024-06-20,2024,FY
ORCL,Assets,2023-08-31,136662000000,10-Q,2023-09-12,2024,Q1
ORCL,Assets,2023-11-30,134324000000,10-Q,2023-12-12,2024,Q2
ORCL,Assets,2024-02-29,137082000000,10-Q,2024-03-12,2024,Q3
ORCL,Assets,2024-05-31,140976000000,10-K,2025-06-18,2025,FY
ORCL,Assets,2024-08-31,144214000000,10-Q,2024-09-10,2025,Q1
ORCL,Assets,2024-11-30,148483000000,10-Q,2024-12-10,2025,Q2
ORCL,Assets,2025-02-28,161378000000,10-Q,2025-03-11,2025,Q3
ORCL,Assets,2025-05-31,168361000000,10-K,2026-06-22,2026,FY
ORCL,Assets,2025-08-31,180449000000,10-Q,2025-09-10,2026,Q1
ORCL,Assets,2025-11-30,204984000000,10-Q,2025-12-11,2026,Q2
ORCL,Assets,2026-02-28,245240000000,10-Q,2026-03-11,2026,Q3
ORCL,Assets,2026-05-31,261759000000,10-Q,2026-09-11,2026,Q1
ORCL,Assets,2026-08-31,303259000000,10-Q,2026-09-11,2026,Q1
PCG,Assets,2008-12-31,40860000000,10-K,2010-02-19,2009,FY
PCG,Assets,2009-06-30,42197000000,10-Q,2009-08-05,2009,Q2
PCG,Assets,2009-09-30,42551000000,10-Q,2009-10-29,2009,Q3
PCG,Assets,2009-12-31,42945000000,10-K,2011-02-17,2010,FY
PCG,Assets,2010-03-31,43540000000,10-Q,2010-05-07,2010,Q1
PCG,Assets,2010-06-30,44218000000,10-Q,2010-08-04,2010,Q2
PCG,Assets,2010-09-30,45253000000,10-Q,2010-11-04,2010,Q3
PCG,Assets,2010-12-31,46025000000,10-K,2012-02-16,2011,FY
PCG,Assets,2011-03-31,46259000000,10-Q,2011-05-04,2011,Q1
PCG,Assets,2011-06-30,47318000000,10-Q,2011-08-04,2011,Q2
PCG,Assets,2011-09-30,47517000000,10-Q,2011-11-03,2011,Q3
PCG,Assets,2011-12-31,49750000000,10-K,2013-02-21,2012,FY
PCG,Assets,2012-03-31,50188000000,10-Q,2012-05-02,2012,Q1
PCG,Assets,2012-06-30,50115000000,10-Q,2012-08-07,2012,Q2
PCG,Assets,2012-09-30,50868000000,10-Q,2012-10-29,2012,Q3
PCG,Assets,2012-12-31,52449000000,10-K,2014-02-11,2013,FY
PCG,Assets,2013-03-31,53062000000,10-Q,2013-05-02,2013,Q1
PCG,Assets,2013-06-30,54324000000,10-Q,2013-07-31,2013,Q2
PCG,Assets,2013-09-30,55214000000,10-Q,2013-10-30,2013,Q3
PCG,Assets,2013-12-31,55605000000,10-K,2015-02-10,2014,FY
PCG,Assets,2014-03-31,55987000000,10-Q,2014-05-01,2014,Q1
PCG,Assets,2014-06-30,57025000000,10-Q,2014-07-31,2014,Q2
PCG,Assets,2014-09-30,57884000000,10-Q,2014-10-28,2014,Q3
PCG,Assets,2014-12-31,60127000000,10-K,2016-02-18,2015,FY
PCG,Assets,2015-03-31,60547000000,10-Q,2015-04-29,2015,Q1
PCG,Assets,2015-06-30,61631000000,10-Q,2015-07-29,2015,Q2
PCG,Assets,2015-09-30,61989000000,10-Q,2015-10-28,2015,Q3
PCG,Assets,2015-12-31,63234000000,10-K,2017-02-16,2016,FY
PCG,Assets,2016-03-31,64650000000,10-Q,2016-05-04,2016,Q1
PCG,Assets,2016-06-30,65927000000,10-Q,2016-07-28,2016,Q2
PCG,Assets,2016-09-30,66565000000,10-Q,2016-11-04,2016,Q3
PCG,Assets,2016-12-31,68598000000,10-K,2018-02-09,2017,FY
PCG,Assets,2017-03-31,69164000000,10-Q,2017-05-02,2017,Q1
PCG,Assets,2017-06-30,70055000000,10-Q,2017-07-27,2017,Q2
PCG,Assets,2017-09-30,71526000000,10-Q,2017-11-02,2017,Q3
PCG,Assets,2017-12-31,68012000000,10-K,2019-02-28,2018,FY
PCG,Assets,2018-03-31,68154000000,10-Q,2018-05-03,2018,Q1
PCG,Assets,2018-06-30,69889000000,10-Q,2018-07-26,2018,Q2
PCG,Assets,2018-09-30,71385000000,10-Q,2018-11-05,2018,Q3
PCG,Assets,2018-12-31,76995000000,10-K,2020-02-18,2019,FY
PCG,Assets,2019-03-31,82287000000,10-Q,2019-05-02,2019,Q1
PCG,Assets,2019-06-30,84387000000,10-Q,2019-08-09,2019,Q2
PCG,Assets,2019-09-30,85713000000,10-Q,2019-11-07,2019,Q3
PCG,Assets,2019-12-31,85196000000,10-K,2021-02-25,2020,FY
PCG,Assets,2020-03-31,86688000000,10-Q,2020-05-01,2020,Q1
PCG,Assets,2020-06-30,109229000000,10-Q,2020-07-30,2020,Q2
PCG,Assets,2020-09-30,95587000000,10-Q,2020-10-29,2020,Q3
PCG,Assets,2020-12-31,97856000000,10-K,2022-02-10,2021,FY
PCG,Assets,2021-03-31,98558000000,10-Q,2021-04-29,2021,Q1
PCG,Assets,2021-06-30,100494000000,10-Q,2021-07-29,2021,Q2
PCG,Assets,2021-09-30,103561000000,10-Q,2021-11-01,2021,Q3
PCG,Assets,2021-12-31,103327000000,10-K,2023-02-23,2022,FY
PCG,Assets,2022-03-31,103931000000,10-Q,2022-04-28,2022,Q1
PCG,Assets,2022-06-30,113541000000,10-Q,2022-07-28,2022,Q2
PCG,Assets,2022-09-30,117012000000,10-Q,2022-10-27,2022,Q3
PCG,Assets,2022-12-31,118644000000,10-K,2024-02-22,2023,FY
PCG,Assets,2023-03-31,119612000000,10-Q,2023-05-04,2023,Q1
PCG,Assets,2023-06-30,120705000000,10-Q,2023-07-27,2023,Q2
PCG,Assets,2023-09-30,123009000000,10-Q,2023-10-26,2023,Q3
PCG,Assets,2023-12-31,125698000000,10-K,2025-02-13,2024,FY
PCG,Assets,2024-03-31,127645000000,10-Q,2024-04-25,2024,Q1
PCG,Assets,2024-06-30,130788000000,10-Q,2024-07-25,2024,Q2
PCG,Assets,2024-09-30,132319000000,10-Q,2024-11-07,2024,Q3
PCG,Assets,2024-12-31,133660000000,10-K,2026-02-12,2025,FY
PCG,Assets,2025-03-31,135443000000,10-Q,2025-04-24,2025,Q1
PCG,Assets,2025-06-30,136384000000,10-Q,2025-07-31,2025,Q2
PCG,Assets,2025-09-30,138249000000,10-Q,2025-10-23,2025,Q3
PCG,Assets,2025-12-31,141611000000,10-Q,2026-07-23,2026,Q2
PCG,Assets,2026-03-31,141953000000,10-Q,2026-04-23,2026,Q1
PCG,Assets,2026-06-30,145076000000,10-Q,2026-07-23,2026,Q2
PLUG,Assets,2010-12-31,59176925,10-K,2012-03-30,2011,FY
PLUG,Assets,2011-06-30,59146803,10-Q,2011-08-11,2011,Q2
PLUG,Assets,2011-09-30,53312251,10-Q,2011-11-09,2011,Q3
PLUG,Assets,2011-12-31,55655999,10-K,2013-04-01,2012,FY
PLUG,Assets,2012-03-31,58171538,10-Q,2012-05-15,2012,Q1
PLUG,Assets,2012-06-30,52223770,10-Q,2012-08-14,2012,Q2
PLUG,Assets,2012-09-30,45567001,10-Q,2012-11-14,2012,Q3
PLUG,Assets,2012-12-31,39460002,10-K/A,2014-04-22,2013,FY
PLUG,Assets,2013-03-31,37142590,10-Q,2013-05-15,2013,Q1
PLUG,Assets,2013-06-30,36384359,10-Q,2013-08-14,2013,Q2
PLUG,Assets,2013-09-30,40031761,10-Q,2013-11-14,2013,Q3
PLUG,Assets,2013-12-31,35355621,10-K,2015-03-17,2014,FY
PLUG,Assets,2014-03-31,95204022,10-Q,2014-05-15,2014,Q1
PLUG,Assets,2014-06-30,221108005,10-Q,2014-08-14,2014,Q2
PLUG,Assets,2014-09-30,211807521,10-Q,2014-11-14,2014,Q3
PLUG,Assets,2014-12-31,204151000,10-K,2016-03-15,2015,FY
PLUG,Assets,2015-03-31,189265958,10-Q,2015-05-11,2015,Q1
PLUG,Assets,2015-06-30,182954000,10-Q,2015-08-06,2015,Q2
PLUG,Assets,2015-09-30,204618000,10-Q,2015-11-09,2015,Q3
PLUG,Assets,2015-12-31,209456000,10-K,2017-03-10,2016,FY
PLUG,Assets,2016-03-31,222169000,10-Q,2016-05-10,2016,Q1
PLUG,Assets,2016-06-30,233403000,10-Q,2016-08-09,2016,Q2
PLUG,Assets,2016-09-30,223985000,10-Q,2016-11-08,2016,Q3
PLUG,Assets,2016-12-31,240832000,10-K,2018-03-12,2017,FY
PLUG,Assets,2017-03-31,210724000,10-Q,2017-05-09,2017,Q1
PLUG,Assets,2017-06-30,228580000,10-Q,2017-08-08,2017,Q2
PLUG,Assets,2017-09-30,275683000,10-Q,2017-11-08,2017,Q3
PLUG,Assets,2017-12-31,270810000,10-K,2019-03-13,2018,FY
PLUG,Assets,2018-03-31,298306000,10-Q,2018-05-10,2018,Q1
PLUG,Assets,2018-06-30,276227000,10-Q,2018-08-09,2018,Q2
PLUG,Assets,2018-09-30,319278000,10-Q,2018-11-09,2018,Q3
PLUG,Assets,2018-12-31,390326000,10-K,2020-03-10,2019,FY
PLUG,Assets,2019-03-31,360815000,10-K/A,2022-03-14,2020,FY
PLUG,Assets,2019-06-30,397178000,10-K/A,2022-03-14,2020,FY
PLUG,Assets,2019-09-30,470304000,10-K/A,2022-03-14,2020,FY
PLUG,Assets,2019-12-31,659513000,10-K/A,2022-03-14,2020,FY
PLUG,Assets,2020-03-31,631360000,10-K/A,2022-03-14,2020,FY
PLUG,Assets,2020-06-30,898719000,10-K/A,2022-03-14,2020,FY
PLUG,Assets,2020-09-30,1356093000,10-K/A,2022-03-14,2020,FY
PLUG,Assets,2020-12-31,2251282000,10-K/A,2022-03-14,2020,FY
PLUG,Assets,2021-03-31,5786241000,10-Q,2021-06-22,2021,Q1
PLUG,Assets,2021-06-30,5788826000,10-Q,2021-08-05,2021,Q2
PLUG,Assets,2021-09-30,5740100000,10-Q,2021-11-09,2021,Q3
PLUG,Assets,2021-12-31,5950076000,10-K,2023-03-01,2022,FY
PLUG,Assets,2022-03-31,5803805000,10-Q,2022-05-09,2022,Q1
PLUG,Assets,2022-06-30,5734404000,10-Q,2022-08-09,2022,Q2
PLUG,Assets,2022-09-30,5858804000,10-Q,2022-11-08,2022,Q3
PLUG,Assets,2022-12-31,5764276000,10-K,2024-02-29,2023,FY
PLUG,Assets,2023-03-31,5654093000,10-Q,2023-05-09,2023,Q1
PLUG,Assets,2023-06-30,5583277000,10-Q,2023-08-09,2023,Q2
PLUG,Assets,2023-09-30,5452121000,10-Q,2023-11-09,2023,Q3
PLUG,Assets,2023-12-31,4902738000,10-K,2025-03-03,2024,FY
PLUG,Assets,2024-03-31,4847306000,10-Q,2024-05-09,2024,Q1
PLUG,Assets,2024-06-30,4779853000,10-Q,2024-08-08,2024,Q2
PLUG,Assets,2024-09-30,4724874000,10-Q,2024-11-12,2024,Q3
PLUG,Assets,2024-12-31,3602846000,10-K,2026-03-02,2025,FY
PLUG,Assets,2025-03-31,3633406000,10-Q,2025-05-12,2025,Q1
PLUG,Assets,2025-06-30,3353780000,10-Q,2025-08-11,2025,Q2
PLUG,Assets,2025-09-30,3104752000,10-Q,2025-11-10,2025,Q3
PLUG,Assets,2025-12-31,2594568000,10-Q,2026-08-10,2026,Q2
PLUG,Assets,2026-03-31,2368184000,10-Q,2026-05-11,2026,Q1
PLUG,Assets,2026-06-30,2192566000,10-Q,2026-08-10,2026,Q2
PPL,Assets,2008-12-31,21405000000,10-K,2010-02-26,2009,FY
PPL,Assets,2009-06-30,22410000000,10-Q/A,2009-08-25,2009,Q2
PPL,Assets,2009-09-30,21944000000,10-Q,2009-10-30,2009,Q3
PPL,Assets,2009-12-31,22165000000,10-K,2011-02-28,2010,FY
PPL,Assets,2010-03-31,24935000000,10-Q,2010-05-06,2010,Q1
PPL,Assets,2010-06-30,25913000000,10-Q/A,2010-09-01,2010,Q2
PPL,Assets,2010-09-30,26728000000,10-Q,2010-10-29,2010,Q3
PPL,Assets,2010-12-31,32837000000,10-K,2012-02-28,2011,FY
PPL,Assets,2011-03-31,32741000000,10-Q,2011-05-06,2011,Q1
PPL,Assets,2011-06-30,40537000000,10-Q,2011-08-08,2011,Q2
PPL,Assets,2011-09-30,40956000000,10-Q,2011-11-08,2011,Q3
PPL,Assets,2011-12-31,42648000000,10-K,2013-02-28,2012,FY
PPL,Assets,2012-03-31,44082000000,10-Q,2012-05-07,2012,Q1
PPL,Assets,2012-06-30,43508000000,10-Q,2012-08-08,2012,Q2
PPL,Assets,2012-09-30,43240000000,10-Q,2012-11-08,2012,Q3
PPL,Assets,2012-12-31,43634000000,10-K,2014-02-24,2013,FY
PPL,Assets,2013-03-31,43341000000,10-Q,2013-05-03,2013,Q1
PPL,Assets,2013-06-30,43746000000,10-Q,2013-08-02,2013,Q2
PPL,Assets,2013-09-30,44988000000,10-Q,2013-11-01,2013,Q3
PPL,Assets,2013-12-31,46259000000,10-K,2015-02-23,2014,FY
PPL,Assets,2014-03-31,47973000000,10-Q,2014-05-02,2014,Q1
PPL,Assets,2014-06-30,48193000000,10-Q,2014-07-31,2014,Q2
PPL,Assets,2014-09-30,48189000000,10-Q,2014-11-07,2014,Q3
PPL,Assets,2014-12-31,48606000000,10-K,2016-02-19,2015,FY
PPL,Assets,2015-03-31,48921000000,10-Q,2015-05-07,2015,Q1
PPL,Assets,2015-06-30,38244000000,10-Q,2015-08-03,2015,Q2
PPL,Assets,2015-09-30,39246000000,10-Q,2015-10-30,2015,Q3
PPL,Assets,2015-12-31,39301000000,10-K,2017-02-17,2016,FY
PPL,Assets,2016-03-31,38709000000,10-Q,2016-04-29,2016,Q1
PPL,Assets,2016-06-30,39528000000,10-Q,2016-08-09,2016,Q2
PPL,Assets,2016-09-30,38038000000,10-Q,2016-11-01,2016,Q3
PPL,Assets,2016-12-31,38315000000,10-K,2018-02-22,2017,FY
PPL,Assets,2017-03-31,39034000000,10-Q,2017-05-04,2017,Q1
PPL,Assets,2017-06-30,39964000000,10-Q,2017-08-03,2017,Q2
PPL,Assets,2017-09-30,40758000000,10-Q,2017-11-01,2017,Q3
PPL,Assets,2017-12-31,41479000000,10-K,2019-02-14,2018,FY
PPL,Assets,2018-03-31,42388000000,10-Q,2018-05-03,2018,Q1
PPL,Assets,2018-06-30,42830000000,10-Q,2018-08-07,2018,Q2
PPL,Assets,2018-09-30,43042000000,10-Q,2018-11-01,2018,Q3
PPL,Assets,2018-12-31,43396000000,10-K,2020-02-14,2019,FY
PPL,Assets,2019-03-31,44567000000,10-Q,2019-05-02,2019,Q1
PPL,Assets,2019-06-30,44204000000,10-Q,2019-08-06,2019,Q2
PPL,Assets,2019-09-30,44559000000,10-Q,2019-11-05,2019,Q3
PPL,Assets,2019-12-31,45680000000,10-K,2021-02-18,2019,FY
PPL,Assets,2020-03-31,46328000000,10-Q,2020-05-08,2020,Q1
PPL,Assets,2020-06-30,46520000000,10-Q,2020-08-10,2020,Q2
PPL,Assets,2020-09-30,47924000000,10-Q,2020-11-05,2020,Q3
PPL,Assets,2020-12-31,48116000000,10-K,2022-02-18,2021,FY
PPL,Assets,2021-03-31,47781000000,10-Q,2021-05-06,2021,Q1
PPL,Assets,2021-06-30,36759000000,10-Q,2021-08-05,2021,Q2
PPL,Assets,2021-09-30,34171000000,10-Q,2021-11-04,2021,Q2
PPL,Assets,2021-12-31,33223000000,10-K,2023-02-17,2021,FY
PPL,Assets,2022-03-31,34107000000,10-Q,2022-05-05,2022,Q1
PPL,Assets,2022-06-30,37062000000,10-Q,2022-08-03,2022,Q2
PPL,Assets,2022-09-30,37378000000,10-Q,2022-11-04,2022,Q3
PPL,Assets,2022-12-31,37837000000,10-K,2024-02-16,2021,FY
PPL,Assets,2023-03-31,38302000000,10-Q,2023-05-04,2022,Q3
PPL,Assets,2023-06-30,38296000000,10-Q,2023-08-04,2022,Q3
PPL,Assets,2023-09-30,38629000000,10-Q,2023-11-02,2022,Q3
PPL,Assets,2023-12-31,39236000000,10-K,2025-02-13,2021,FY
PPL,Assets,2024-03-31,39631000000,10-Q,2024-05-01,2022,Q3
PPL,Assets,2024-06-30,39839000000,10-Q,2024-08-02,2022,Q3
PPL,Assets,2024-09-30,40472000000,10-Q,2024-11-01,2022,Q3
PPL,Assets,2024-12-31,41069000000,10-K,2026-02-20,2025,FY
PPL,Assets,2025-03-31,41809000000,10-Q,2025-04-30,2025,Q1
PPL,Assets,2025-06-30,42363000000,10-Q,2025-07-31,2025,Q2
PPL,Assets,2025-09-30,43939000000,10-Q,2025-11-05,2025,Q3
PPL,Assets,2025-12-31,45244000000,10-Q,2026-05-08,2026,Q1
PPL,Assets,2026-03-31,46304000000,10-Q,2026-05-08,2026,Q1
PRIM,Assets,2010-12-31,704216000,10-K,2012-03-05,2011,FY
PRIM,Assets,2011-06-30,682325000,10-Q,2011-08-05,2011,Q2
PRIM,Assets,2011-09-30,676908000,10-Q,2011-11-08,2011,Q3
PRIM,Assets,2011-12-31,728413000,10-K,2013-03-07,2012,FY
PRIM,Assets,2012-03-31,698691000,10-Q,2012-05-09,2012,Q1
PRIM,Assets,2012-06-30,736087000,10-Q,2012-08-08,2012,Q2
PRIM,Assets,2012-09-30,809070000,10-Q,2012-11-06,2012,Q3
PRIM,Assets,2012-12-31,931207000,10-K,2014-03-03,2013,FY
PRIM,Assets,2013-03-31,908535000,10-Q,2013-05-07,2013,Q1
PRIM,Assets,2013-06-30,925085000,10-Q,2013-08-07,2013,Q2
PRIM,Assets,2013-09-30,1019011000,10-Q,2013-11-05,2013,Q3
PRIM,Assets,2013-12-31,1050693000,10-K,2015-03-16,2014,FY
PRIM,Assets,2014-03-31,1006952000,10-Q,2014-05-06,2014,Q1
PRIM,Assets,2014-06-30,1055006000,10-Q,2014-08-07,2014,Q2
PRIM,Assets,2014-09-30,1138565000,10-Q,2014-11-07,2014,Q3
PRIM,Assets,2014-12-31,1097632000,10-K,2016-02-29,2015,FY
PRIM,Assets,2015-03-31,1081901000,10-Q,2015-05-06,2015,Q1
PRIM,Assets,2015-06-30,1079593000,10-Q,2015-08-06,2015,Q2
PRIM,Assets,2015-09-30,1155989000,10-Q,2015-11-05,2015,Q3
PRIM,Assets,2015-12-31,1132254000,10-K,2017-02-28,2016,FY
PRIM,Assets,2016-03-31,1115398000,10-Q,2016-05-06,2016,Q1
PRIM,Assets,2016-06-30,1090087000,10-Q,2016-08-09,2016,Q2
PRIM,Assets,2016-09-30,1118864000,10-Q,2016-11-08,2016,Q3
PRIM,Assets,2016-12-31,1170567000,10-K,2018-02-26,2017,FY
PRIM,Assets,2017-03-31,1157597000,10-Q,2017-05-08,2017,Q1
PRIM,Assets,2017-06-30,1197491000,10-Q,2017-08-08,2017,Q2
PRIM,Assets,2017-09-30,1261692000,10-Q,2017-11-06,2017,Q3
PRIM,Assets,2017-12-31,1255740000,10-K,2019-02-28,2018,FY
PRIM,Assets,2018-03-31,1202447000,10-Q,2018-05-08,2018,Q1
PRIM,Assets,2018-06-30,1614001000,10-Q,2018-08-07,2018,Q2
PRIM,Assets,2018-09-30,1621146000,10-Q,2018-11-06,2018,Q3
PRIM,Assets,2018-12-31,1594147000,10-K,2020-02-25,2019,FY
PRIM,Assets,2019-03-31,1690766000,10-Q,2019-05-07,2019,Q1
PRIM,Assets,2019-06-30,1825211000,10-Q,2019-08-06,2019,Q2
PRIM,Assets,2019-09-30,1868969000,10-Q,2019-11-04,2019,Q3
PRIM,Assets,2019-12-31,1830465000,10-K,2021-02-23,2020,FY
PRIM,Assets,2020-03-31,1835103000,10-Q,2020-05-05,2020,Q1
PRIM,Assets,2020-06-30,1953554000,10-Q,2020-08-04,2020,Q2
PRIM,Assets,2020-09-30,1999502000,10-Q,2020-11-05,2020,Q3
PRIM,Assets,2020-12-31,1969580000,10-K,2022-03-01,2021,FY
PRIM,Assets,2021-03-31,2515434000,10-Q,2021-05-06,2021,Q1
PRIM,Assets,2021-06-30,2493807000,10-Q,2021-08-04,2021,Q2
PRIM,Assets,2021-09-30,2597993000,10-Q,2021-11-09,2021,Q3
PRIM,Assets,2021-12-31,2543327000,10-K,2023-02-28,2022,FY
PRIM,Assets,2022-03-31,2597439000,10-Q,2022-05-10,2022,Q1
PRIM,Assets,2022-06-30,2713830000,10-Q,2022-08-09,2022,Q2
PRIM,Assets,2022-09-30,3454337000,10-Q,2022-11-08,2022,Q3
PRIM,Assets,2022-12-31,3544020000,10-K,2024-02-27,2023,FY
PRIM,Assets,2023-03-31,3522720000,10-Q,2023-05-10,2023,Q1
PRIM,Assets,2023-06-30,3722024000,10-Q,2023-08-08,2023,Q2
PRIM,Assets,2023-09-30,3803171000,10-Q,2023-11-08,2023,Q3
PRIM,Assets,2023-12-31,3827427000,10-K,2025-02-25,2024,FY
PRIM,Assets,2024-03-31,3954447000,10-Q,2024-05-09,2024,Q1
PRIM,Assets,2024-06-30,4049888000,10-Q,2024-08-06,2024,Q2
PRIM,Assets,2024-09-30,4240293000,10-Q,2024-11-05,2024,Q3
PRIM,Assets,2024-12-31,4195900000,10-K,2026-02-24,2025,FY
PRIM,Assets,2025-03-31,4217488000,10-Q,2025-05-06,2025,Q1
PRIM,Assets,2025-06-30,4536042000,10-Q,2025-08-05,2025,Q2
PRIM,Assets,2025-09-30,4649952000,10-Q,2025-11-04,2025,Q3
PRIM,Assets,2025-12-31,4407800000,10-Q,2026-08-05,2026,Q2
PRIM,Assets,2026-03-31,4213600000,10-Q,2026-05-06,2026,Q1
PRIM,Assets,2026-06-30,4638800000,10-Q,2026-08-05,2026,Q2
PWR,Assets,2008-12-31,3558159000,10-K,2010-03-01,2009,FY
PWR,Assets,2009-06-30,3599502000,10-Q,2009-08-10,2009,Q2
PWR,Assets,2009-09-30,3634105000,10-Q,2009-11-09,2009,Q3
PWR,Assets,2009-12-31,4116954000,10-K,2011-03-01,2010,FY
PWR,Assets,2010-03-31,4049152000,10-Q,2010-05-10,2010,Q1
PWR,Assets,2010-06-30,3960302000,10-Q,2010-08-09,2010,Q2
PWR,Assets,2010-09-30,4130962000,10-Q,2010-11-09,2010,Q3
PWR,Assets,2010-12-31,4341212000,10-K,2012-02-29,2011,FY
PWR,Assets,2011-03-31,4324562000,10-Q,2011-05-06,2011,Q1
PWR,Assets,2011-06-30,4292855000,10-Q,2011-08-05,2011,Q2
PWR,Assets,2011-09-30,4463955000,10-Q,2011-11-08,2011,Q3
PWR,Assets,2011-12-31,4699114000,10-K,2013-03-01,2012,FY
PWR,Assets,2012-03-31,4755334000,10-Q,2012-05-09,2012,Q1
PWR,Assets,2012-06-30,4897303000,10-Q,2012-08-08,2012,Q2
PWR,Assets,2012-09-30,5255270000,10-Q,2012-11-07,2012,Q3
PWR,Assets,2012-12-31,5140757000,10-K,2014-03-03,2013,FY
PWR,Assets,2013-03-31,5154818000,10-Q,2013-05-08,2013,Q1
PWR,Assets,2013-06-30,5187931000,10-Q,2013-08-09,2013,Q2
PWR,Assets,2013-09-30,5494968000,10-Q,2013-11-08,2013,Q3
PWR,Assets,2013-12-31,5793245000,10-K,2015-03-02,2014,FY
PWR,Assets,2014-03-31,5826620000,10-Q,2014-05-08,2014,Q1
PWR,Assets,2014-06-30,5909059000,10-Q,2014-08-08,2014,Q2
PWR,Assets,2014-09-30,6229289000,10-Q,2014-11-06,2014,Q3
PWR,Assets,2014-12-31,6253583000,10-K,2016-02-29,2015,FY
PWR,Assets,2015-03-31,6140834000,10-Q,2015-05-08,2015,Q1
PWR,Assets,2015-06-30,6130510000,10-Q,2015-08-10,2015,Q2
PWR,Assets,2015-09-30,5373424000,10-Q,2015-11-06,2015,Q3
PWR,Assets,2015-12-31,5213543000,10-K,2017-03-01,2016,FY
PWR,Assets,2016-03-31,5295519000,10-Q,2016-05-10,2016,Q1
PWR,Assets,2016-06-30,5297101000,10-Q,2016-08-08,2016,Q2
PWR,Assets,2016-09-30,5476468000,10-Q,2016-11-08,2016,Q3
PWR,Assets,2016-12-31,5354059000,10-K,2018-02-28,2017,FY
PWR,Assets,2017-03-31,5543053000,10-Q,2017-05-09,2017,Q1
PWR,Assets,2017-06-30,5753344000,10-Q,2017-08-08,2017,Q2
PWR,Assets,2017-09-30,6640246000,10-Q,2017-11-09,2017,Q3
PWR,Assets,2017-12-31,6480154000,10-K,2019-02-28,2018,FY
PWR,Assets,2018-03-31,6653402000,10-Q,2018-05-09,2018,Q1
PWR,Assets,2018-06-30,6790382000,10-Q,2018-08-07,2018,Q2
PWR,Assets,2018-09-30,7191174000,10-Q,2018-11-07,2018,Q3
PWR,Assets,2018-12-31,7075787000,10-K,2020-02-28,2019,FY
PWR,Assets,2019-03-31,7652516000,10-Q,2019-05-06,2019,Q1
PWR,Assets,2019-06-30,8021817000,10-Q,2019-08-02,2019,Q2
PWR,Assets,2019-09-30,8865093000,10-Q,2019-11-01,2019,Q3
PWR,Assets,2019-12-31,8331682000,10-K,2021-03-01,2020,FY
PWR,Assets,2020-03-31,8228944000,10-Q,2020-05-08,2020,Q1
PWR,Assets,2020-06-30,8089630000,10-Q,2020-08-07,2020,Q2
PWR,Assets,2020-09-30,8325487000,10-Q,2020-11-02,2020,Q3
PWR,Assets,2020-12-31,8398272000,10-K,2022-02-25,2021,FY
PWR,Assets,2021-03-31,8557414000,10-Q,2021-05-07,2021,Q1
PWR,Assets,2021-06-30,8720596000,10-Q,2021-08-06,2021,Q2
PWR,Assets,2021-09-30,10675716000,10-Q,2021-11-04,2021,Q3
PWR,Assets,2021-12-31,12855189000,10-K,2023-02-23,2022,FY
PWR,Assets,2022-03-31,13015101000,10-Q,2022-05-05,2022,Q1
PWR,Assets,2022-06-30,13049645000,10-Q,2022-08-04,2022,Q2
PWR,Assets,2022-09-30,13296646000,10-Q,2022-11-04,2022,Q3
PWR,Assets,2022-12-31,13464337000,10-K,2024-02-22,2023,FY
PWR,Assets,2023-03-31,14039135000,10-Q,2023-05-04,2023,Q1
PWR,Assets,2023-06-30,14740850000,10-Q,2023-08-03,2023,Q2
PWR,Assets,2023-09-30,15188449000,10-Q,2023-11-02,2023,Q3
PWR,Assets,2023-12-31,16237225000,10-K,2025-02-20,2024,FY
PWR,Assets,2024-03-31,15542352000,10-Q,2024-05-02,2024,Q1
PWR,Assets,2024-06-30,15929150000,10-Q,2024-08-01,2024,Q2
PWR,Assets,2024-09-30,18866300000,10-Q,2024-10-31,2024,Q3
PWR,Assets,2024-12-31,18683894000,10-K,2026-02-19,2025,FY
PWR,Assets,2025-03-31,19134546000,10-Q,2025-05-01,2025,Q1
PWR,Assets,2025-06-30,19891264000,10-Q,2025-07-31,2025,Q2
PWR,Assets,2025-09-30,22743766000,10-Q,2025-10-30,2025,Q3
PWR,Assets,2025-12-31,24926901000,10-Q,2026-07-30,2026,Q2
PWR,Assets,2026-03-31,25746618000,10-Q,2026-04-30,2026,Q1
PWR,Assets,2026-06-30,28291820000,10-Q,2026-07-30,2026,Q2
ROK,Assets,2008-09-30,4593600000,10-K,2010-11-18,2010,FY
ROK,Assets,2009-06-30,4164000000,10-Q,2009-08-04,2009,Q3
ROK,Assets,2009-09-30,4305700000,10-K,2011-11-14,2011,FY
ROK,Assets,2009-12-31,4398800000,10-Q,2010-02-08,2010,Q1
ROK,Assets,2010-03-31,4542200000,10-Q,2010-05-05,2010,Q2
ROK,Assets,2010-06-30,4614500000,10-Q,2010-08-05,2010,Q3
ROK,Assets,2010-09-30,4748300000,10-K,2012-11-19,2012,FY
ROK,Assets,2010-12-31,4778900000,10-Q,2011-02-03,2011,Q1
ROK,Assets,2011-03-31,5111100000,10-Q,2011-05-05,2011,Q2
ROK,Assets,2011-06-30,5327700000,10-Q,2011-08-04,2011,Q3
ROK,Assets,2011-09-30,5284900000,10-K,2013-11-18,2013,FY
ROK,Assets,2011-12-31,5279100000,10-Q,2012-02-08,2012,Q1
ROK,Assets,2012-03-31,5434600000,10-Q,2012-05-03,2012,Q2
ROK,Assets,2012-06-30,5382400000,10-Q,2012-08-02,2012,Q3
ROK,Assets,2012-09-30,5636500000,10-K,2014-11-18,2014,FY
ROK,Assets,2012-12-31,5711100000,10-Q,2013-02-06,2013,Q1
ROK,Assets,2013-03-31,5719900000,10-Q,2013-05-02,2013,Q2
ROK,Assets,2013-06-30,5771300000,10-Q,2013-08-07,2013,Q3
ROK,Assets,2013-09-30,5844600000,10-K,2015-11-17,2015,FY
ROK,Assets,2013-12-31,5940800000,10-Q,2014-02-06,2014,Q1
ROK,Assets,2014-03-31,6158100000,10-Q,2014-05-05,2014,Q2
ROK,Assets,2014-06-30,6145100000,10-Q,2014-08-05,2014,Q3
ROK,Assets,2014-09-30,6224300000,10-K,2016-11-15,2016,FY
ROK,Assets,2014-12-31,6202000000,10-Q,2015-02-05,2015,Q1
ROK,Assets,2015-03-31,6280200000,10-Q,2015-05-06,2015,Q2
ROK,Assets,2015-06-30,6406500000,10-Q,2015-08-04,2015,Q3
ROK,Assets,2015-09-30,6404700000,10-K,2017-11-15,2017,FY
ROK,Assets,2015-12-31,6419700000,10-Q,2016-02-03,2016,Q1
ROK,Assets,2016-03-31,6539600000,10-Q,2016-05-04,2016,Q2
ROK,Assets,2016-06-30,6855700000,10-Q,2016-08-03,2016,Q3
ROK,Assets,2016-09-30,7101200000,10-K,2018-11-09,2018,FY
ROK,Assets,2016-12-31,7094300000,10-Q,2017-02-02,2017,Q1
ROK,Assets,2017-03-31,7065000000,10-Q,2017-05-05,2017,Q2
ROK,Assets,2017-06-30,7215500000,10-Q,2017-08-02,2017,Q3
ROK,Assets,2017-09-30,7161700000,10-K,2019-11-12,2019,FY
ROK,Assets,2017-12-31,7158700000,10-Q,2018-01-31,2018,Q1
ROK,Assets,2018-03-31,6513600000,10-Q,2018-05-02,2018,Q2
ROK,Assets,2018-06-30,5837600000,10-Q,2018-07-27,2018,Q3
ROK,Assets,2018-09-30,6262000000,10-K,2020-11-10,2020,FY
ROK,Assets,2018-12-31,5935400000,10-Q,2019-01-31,2019,Q1
ROK,Assets,2019-03-31,6254200000,10-Q,2019-04-25,2019,Q2
ROK,Assets,2019-06-30,6158800000,10-Q,2019-07-25,2019,Q3
ROK,Assets,2019-09-30,6113000000,10-K,2021-11-09,2021,FY
ROK,Assets,2019-12-31,7107900000,10-Q,2020-01-29,2020,Q1
ROK,Assets,2020-03-31,6665900000,10-Q,2020-04-28,2020,Q2
ROK,Assets,2020-06-30,7329500000,10-Q,2020-07-28,2020,Q3
ROK,Assets,2020-09-30,7264700000,10-K,2022-11-08,2022,FY
ROK,Assets,2020-12-31,8171000000,10-Q,2021-01-26,2021,Q1
ROK,Assets,2021-03-31,8317700000,10-Q,2021-04-28,2021,Q2
ROK,Assets,2021-06-30,8573100000,10-Q,2021-07-27,2021,Q3
ROK,Assets,2021-09-30,10701600000,10-K,2023-11-08,2023,FY
ROK,Assets,2021-12-31,10743300000,10-Q,2022-01-27,2022,Q1
ROK,Assets,2022-03-31,10715500000,10-Q,2022-05-03,2022,Q2
ROK,Assets,2022-06-30,10799900000,10-Q,2022-07-27,2022,Q3
ROK,Assets,2022-09-30,10758700000,10-K,2024-11-12,2024,FY
ROK,Assets,2022-12-31,11149800000,10-Q,2023-01-26,2023,Q1
ROK,Assets,2023-03-31,11469100000,10-Q,2023-04-27,2023,Q2
ROK,Assets,2023-06-30,11743300000,10-Q,2023-08-01,2023,Q3
ROK,Assets,2023-09-30,11304000000,10-K,2025-11-12,2025,FY
ROK,Assets,2023-12-31,11333300000,10-Q,2024-01-31,2024,Q1
ROK,Assets,2024-03-31,11367300000,10-Q,2024-05-07,2024,Q2
ROK,Assets,2024-06-30,11188600000,10-Q,2024-08-07,2024,Q3
ROK,Assets,2024-09-30,11232000000,10-K,2025-11-12,2025,FY
ROK,Assets,2024-12-31,10944000000,10-Q,2025-02-10,2025,Q1
ROK,Assets,2025-03-31,10993000000,10-Q,2025-05-07,2025,Q2
ROK,Assets,2025-06-30,11193000000,10-Q,2025-08-06,2025,Q3
ROK,Assets,2025-09-30,11219000000,10-Q,2026-08-04,2026,Q3
ROK,Assets,2025-12-31,11230000000,10-Q,2026-02-05,2026,Q1
ROK,Assets,2026-03-31,11256000000,10-Q,2026-05-05,2026,Q2
ROK,Assets,2026-06-30,11091000000,10-Q,2026-08-04,2026,Q3
SBAC,Assets,2009-12-31,3313646000,10-K,2011-02-25,2010,FY
SBAC,Assets,2010-06-30,3433689000,10-Q,2010-08-04,2010,Q2
SBAC,Assets,2010-09-30,3423936000,10-Q,2010-11-04,2010,Q3
SBAC,Assets,2010-12-31,3400175000,10-K,2012-02-27,2011,FY
SBAC,Assets,2011-03-31,3466258000,10-Q,2011-05-06,2011,Q1
SBAC,Assets,2011-06-30,3693009000,10-Q,2011-08-05,2011,Q2
SBAC,Assets,2011-09-30,3609138000,10-Q,2011-11-04,2011,Q3
SBAC,Assets,2011-12-31,3606399000,10-K,2013-02-27,2012,FY
SBAC,Assets,2012-03-31,4086629000,10-Q,2012-05-07,2012,Q1
SBAC,Assets,2012-06-30,6595617000,10-Q,2013-08-06,2013,Q2
SBAC,Assets,2012-09-30,6595617000,10-Q,2013-11-07,2013,Q3
SBAC,Assets,2012-12-31,6615911000,10-K,2014-02-27,2013,FY
SBAC,Assets,2013-03-31,6449885000,10-Q,2013-05-10,2013,Q1
SBAC,Assets,2013-06-30,6484506000,10-Q,2013-08-06,2013,Q2
SBAC,Assets,2013-09-30,6584428000,10-Q,2013-11-07,2013,Q3
SBAC,Assets,2013-12-31,6783188000,10-K,2015-03-02,2014,FY
SBAC,Assets,2014-03-31,7791342000,10-Q,2014-05-09,2014,Q1
SBAC,Assets,2014-06-30,7564583000,10-Q,2014-08-05,2014,Q2
SBAC,Assets,2014-09-30,7808992000,10-Q,2014-11-07,2014,Q3
SBAC,Assets,2014-12-31,7841125000,10-K,2016-02-26,2015,FY
SBAC,Assets,2015-03-31,7527299000,10-Q,2015-05-08,2015,Q1
SBAC,Assets,2015-06-30,7751863000,10-Q,2015-08-06,2015,Q2
SBAC,Assets,2015-09-30,7396757000,10-Q,2015-11-09,2015,Q3
SBAC,Assets,2015-12-31,7312980000,10-K,2017-03-01,2016,FY
SBAC,Assets,2016-03-31,7371644000,10-Q,2016-05-10,2016,Q1
SBAC,Assets,2016-06-30,7436322000,10-Q,2016-08-09,2016,Q2
SBAC,Assets,2016-09-30,7915722000,10-Q,2016-11-09,2016,Q3
SBAC,Assets,2016-12-31,7360945000,10-K,2018-03-01,2017,FY
SBAC,Assets,2017-03-31,7297450000,10-Q,2017-05-08,2017,Q1
SBAC,Assets,2017-06-30,7308853000,10-Q,2017-08-04,2017,Q2
SBAC,Assets,2017-09-30,7300470000,10-Q,2017-11-07,2017,Q3
SBAC,Assets,2017-12-31,7320205000,10-K,2019-02-28,2018,FY
SBAC,Assets,2018-03-31,7405082000,10-Q,2018-05-07,2018,Q1
SBAC,Assets,2018-06-30,7289378000,10-Q,2018-08-06,2018,Q2
SBAC,Assets,2018-09-30,7213823000,10-Q,2018-11-08,2018,Q3
SBAC,Assets,2018-12-31,7213707000,10-K,2020-02-24,2019,FY
SBAC,Assets,2019-03-31,9312759000,10-Q,2019-05-09,2019,Q1
SBAC,Assets,2019-06-30,9269415000,10-Q,2019-08-06,2019,Q2
SBAC,Assets,2019-09-30,9201138000,10-Q,2019-11-07,2019,Q3
SBAC,Assets,2019-12-31,9759941000,10-K,2021-02-25,2020,FY
SBAC,Assets,2020-03-31,9359502000,10-Q,2020-05-06,2020,Q1
SBAC,Assets,2020-06-30,9390539000,10-Q,2020-08-06,2020,Q2
SBAC,Assets,2020-09-30,9034682000,10-Q,2020-11-05,2020,Q3
SBAC,Assets,2020-12-31,9158018000,10-K,2022-03-01,2021,FY
SBAC,Assets,2021-03-31,9763460000,10-Q,2021-05-06,2021,Q1
SBAC,Assets,2021-06-30,9960313000,10-Q,2021-08-05,2021,Q2
SBAC,Assets,2021-09-30,9668082000,10-Q,2021-11-05,2021,Q3
SBAC,Assets,2021-12-31,9801699000,10-K,2023-03-01,2022,FY
SBAC,Assets,2022-03-31,10142100000,10-Q,2022-04-29,2022,Q1
SBAC,Assets,2022-06-30,10011937000,10-Q,2022-08-04,2022,Q2
SBAC,Assets,2022-09-30,9949014000,10-Q,2022-11-03,2022,Q3
SBAC,Assets,2022-12-31,10585041000,10-K,2024-02-28,2023,FY
SBAC,Assets,2023-03-31,10541529000,10-Q,2023-05-09,2023,Q1
SBAC,Assets,2023-06-30,10604470000,10-Q,2023-08-03,2023,Q2
SBAC,Assets,2023-09-30,10334181000,10-Q,2023-11-07,2023,Q3
SBAC,Assets,2023-12-31,10178441000,10-K,2025-02-26,2024,FY
SBAC,Assets,2024-03-31,9995266000,10-Q,2024-05-06,2024,Q1
SBAC,Assets,2024-06-30,9786178000,10-Q,2024-08-02,2024,Q2
SBAC,Assets,2024-09-30,10201663000,10-Q,2024-11-01,2024,Q3
SBAC,Assets,2024-12-31,11417336000,10-K,2026-02-27,2025,FY
SBAC,Assets,2025-03-31,10442917000,10-Q,2025-05-01,2025,Q1
SBAC,Assets,2025-06-30,10766387000,10-Q,2025-08-07,2025,Q2
SBAC,Assets,2025-09-30,11260239000,10-Q,2025-11-06,2025,Q3
SBAC,Assets,2025-12-31,11575012000,10-Q,2026-08-06,2026,Q2
SBAC,Assets,2026-03-31,11720844000,10-Q,2026-05-05,2026,Q1
SBAC,Assets,2026-06-30,11742320000,10-Q,2026-08-06,2026,Q2
SMCI,Assets,2011-06-30,464620000,10-K,2012-09-13,2012,FY
SMCI,Assets,2011-09-30,488179000,10-Q,2011-11-07,2012,Q1
SMCI,Assets,2011-12-31,499997000,10-Q,2012-02-06,2012,Q2
SMCI,Assets,2012-03-31,548118000,10-Q,2012-05-07,2012,Q3
SMCI,Assets,2012-06-30,589103000,10-K,2013-09-11,2013,FY
SMCI,Assets,2012-09-30,566545000,10-Q,2012-11-07,2013,Q1
SMCI,Assets,2012-12-31,583567000,10-Q,2013-02-06,2013,Q2
SMCI,Assets,2013-03-31,608052000,10-Q,2013-05-10,2013,Q3
SMCI,Assets,2013-06-30,632257000,10-K,2014-09-15,2014,FY
SMCI,Assets,2013-09-30,635799000,10-Q,2013-11-07,2014,Q1
SMCI,Assets,2013-12-31,708731000,10-Q,2014-02-07,2014,Q2
SMCI,Assets,2014-03-31,750541000,10-Q,2014-05-07,2014,Q3
SMCI,Assets,2014-06-30,796325000,10-K/A,2015-11-16,2015,FY
SMCI,Assets,2014-09-30,828275000,10-Q,2014-11-06,2015,Q1
SMCI,Assets,2014-12-31,935041000,10-Q,2015-02-09,2015,Q2
SMCI,Assets,2015-03-31,960961000,10-Q,2015-05-07,2015,Q3
SMCI,Assets,2015-06-30,1089809000,10-K,2016-08-26,2016,FY
SMCI,Assets,2015-09-30,1081987000,10-Q,2015-11-16,2016,Q1
SMCI,Assets,2015-12-31,1192638000,10-Q,2016-02-04,2016,Q2
SMCI,Assets,2016-03-31,1181113000,10-Q,2016-05-06,2016,Q3
SMCI,Assets,2016-06-30,1191483000,10-Q/A,2019-05-17,2017,Q1
SMCI,Assets,2016-09-30,1265575000,10-Q/A,2019-05-17,2017,Q1
SMCI,Assets,2016-12-31,1398061000,10-Q/A,2019-05-17,2017,Q2
SMCI,Assets,2017-03-31,1455132000,10-Q/A,2019-05-17,2017,Q3
SMCI,Assets,2017-06-30,1515130000,10-K,2019-05-17,2017,FY
SMCI,Assets,2018-06-30,1769505000,10-Q,2019-12-19,2019,Q1
SMCI,Assets,2018-09-30,1739125000,10-Q,2019-12-19,2019,Q1
SMCI,Assets,2018-12-31,1736137000,10-Q,2019-12-19,2019,Q2
SMCI,Assets,2019-03-31,1607252000,10-Q,2019-12-19,2019,Q3
SMCI,Assets,2019-06-30,1682594000,10-K,2020-08-31,2020,FY
SMCI,Assets,2019-09-30,1701273000,10-Q,2019-12-20,2020,Q1
SMCI,Assets,2019-12-31,1807039000,10-Q,2020-02-07,2020,Q2
SMCI,Assets,2020-03-31,1960236000,10-Q,2020-05-11,2020,Q3
SMCI,Assets,2020-06-30,1918646000,10-K,2021-08-27,2021,FY
SMCI,Assets,2020-09-30,1816693000,10-Q,2020-11-06,2021,Q1
SMCI,Assets,2020-12-31,1894072000,10-Q,2021-02-05,2021,Q2
SMCI,Assets,2021-03-31,1998840000,10-Q,2021-05-07,2021,Q3
SMCI,Assets,2021-06-30,2241964000,10-K,2022-08-29,2022,FY
SMCI,Assets,2021-09-30,2426693000,10-Q,2021-11-05,2022,Q1
SMCI,Assets,2021-12-31,2676602000,10-Q,2022-02-04,2022,Q2
SMCI,Assets,2022-03-31,3071177000,10-Q,2022-05-06,2022,Q3
SMCI,Assets,2022-06-30,3205077000,10-K,2023-08-28,2023,FY
SMCI,Assets,2022-09-30,3301283000,10-Q,2022-11-04,2023,Q1
SMCI,Assets,2022-12-31,3074942000,10-Q,2023-02-03,2023,Q2
SMCI,Assets,2023-03-31,3192604000,10-Q,2023-05-05,2023,Q3
SMCI,Assets,2023-06-30,3674729000,10-K,2025-02-25,2024,FY
SMCI,Assets,2023-09-30,4095964000,10-Q,2023-11-03,2024,Q1
SMCI,Assets,2023-12-31,5405000000,10-Q,2024-02-02,2024,Q2
SMCI,Assets,2024-03-31,8862781000,10-Q,2024-05-06,2024,Q3
SMCI,Assets,2024-06-30,9826092000,10-K,2025-08-28,2025,FY
SMCI,Assets,2024-09-30,10851383000,10-Q,2025-02-25,2025,Q1
SMCI,Assets,2024-12-31,9728348000,10-Q,2025-02-25,2025,Q2
SMCI,Assets,2025-03-31,10738525000,10-Q,2025-05-12,2025,Q3
SMCI,Assets,2025-06-30,14018429000,10-K,2026-08-31,2026,FY
SMCI,Assets,2025-09-30,14386037000,10-Q,2025-11-07,2026,Q1
SMCI,Assets,2025-12-31,28001610000,10-Q,2026-02-06,2026,Q2
SMCI,Assets,2026-03-31,23452029000,10-Q,2026-05-11,2026,Q3
SMCI,Assets,2026-06-30,29945467000,10-K,2026-08-31,2026,FY
SMR,Assets,2020-09-30,487605,10-Q,2021-01-07,2020,Q3
SMR,Assets,2020-12-31,234445409,10-K,2022-03-10,2021,FY
SMR,Assets,2021-03-31,234164226,10-Q,2021-05-21,2021,Q1
SMR,Assets,2021-06-30,233801679,10-Q,2021-08-13,2021,Q2
SMR,Assets,2021-09-30,233615163,10-Q/A,2021-12-21,2021,Q3
SMR,Assets,2021-12-31,121197000,10-K,2023-03-16,2022,FY
SMR,Assets,2022-03-31,232994297,10-Q,2022-04-29,2022,Q1
SMR,Assets,2022-06-30,407231000,10-Q,2022-08-12,2022,Q2
SMR,Assets,2022-09-30,404243000,10-Q,2022-11-14,2022,Q3
SMR,Assets,2022-12-31,348635000,10-K,2024-03-15,2023,FY
SMR,Assets,2023-03-31,332390000,10-Q,2023-05-09,2023,Q1
SMR,Assets,2023-06-30,309464000,10-Q,2023-08-09,2023,Q2
SMR,Assets,2023-09-30,308526000,10-Q,2023-11-09,2023,Q3
SMR,Assets,2023-12-31,224858000,10-K,2025-03-03,2024,FY
SMR,Assets,2024-03-31,229816000,10-Q,2024-05-09,2024,Q1
SMR,Assets,2024-06-30,229233000,10-Q,2024-08-09,2024,Q2
SMR,Assets,2024-09-30,253284000,10-Q,2024-11-08,2024,Q3
SMR,Assets,2024-12-31,544673000,10-K,2026-02-26,2025,FY
SMR,Assets,2025-03-31,618098000,10-Q,2025-05-12,2025,Q1
SMR,Assets,2025-06-30,606452000,10-Q,2025-08-07,2025,Q2
SMR,Assets,2025-09-30,883135000,10-Q,2025-11-06,2025,Q3
SMR,Assets,2025-12-31,1412512000,10-Q,2026-08-05,2026,Q2
SMR,Assets,2026-03-31,1148327000,10-Q,2026-05-07,2026,Q1
SMR,Assets,2026-06-30,2049193000,10-Q,2026-08-05,2026,Q2
SO,Assets,2008-12-31,48347000000,10-K,2011-02-25,2010,FY
SO,Assets,2009-06-30,50417049000,10-Q/A,2009-08-27,2009,Q2
SO,Assets,2009-09-30,50524207000,10-Q,2009-11-06,2009,Q3
SO,Assets,2009-12-31,52046000000,10-K,2012-02-24,2011,FY
SO,Assets,2010-03-31,52580045000,10-Q,2010-05-07,2010,Q1
SO,Assets,2010-06-30,53374490000,10-Q,2010-08-06,2010,Q2
SO,Assets,2010-09-30,54894780000,10-Q,2010-11-05,2010,Q3
SO,Assets,2010-12-31,55032000000,10-K,2013-02-28,2012,FY
SO,Assets,2011-03-31,55019000000,10-Q,2011-05-06,2011,Q1
SO,Assets,2011-06-30,59267000000,10-Q,2012-08-06,2012,Q2
SO,Assets,2011-09-30,57343000000,10-Q,2011-11-07,2011,Q3
SO,Assets,2011-12-31,59267000000,10-K,2014-02-27,2013,FY
SO,Assets,2012-03-31,59874000000,10-Q,2012-05-07,2012,Q1
SO,Assets,2012-06-30,60897000000,10-Q,2012-08-06,2012,Q2
SO,Assets,2012-09-30,61963000000,10-Q,2012-11-07,2012,Q3
SO,Assets,2012-12-31,63149000000,10-K,2015-03-02,2014,FY
SO,Assets,2013-03-31,63274000000,10-Q,2013-05-10,2013,Q1
SO,Assets,2013-06-30,63961000000,10-Q,2013-08-06,2013,Q2
SO,Assets,2013-09-30,64697000000,10-Q,2013-11-06,2013,Q3
SO,Assets,2013-12-31,64264000000,10-K,2016-02-26,2015,FY
SO,Assets,2014-03-31,64838000000,10-Q,2014-05-08,2014,Q1
SO,Assets,2014-06-30,66400000000,10-Q,2014-08-07,2014,Q2
SO,Assets,2014-09-30,67654000000,10-Q,2014-11-06,2014,Q3
SO,Assets,2014-12-31,70233000000,10-K,2017-02-22,2016,FY
SO,Assets,2015-03-31,71610000000,10-Q,2015-05-07,2015,Q1
SO,Assets,2015-06-30,74181000000,10-Q,2015-08-05,2015,Q2
SO,Assets,2015-09-30,75215000000,10-Q,2015-11-05,2015,Q3
SO,Assets,2015-12-31,78318000000,10-K,2018-02-21,2017,FY
SO,Assets,2016-03-31,78735000000,10-Q,2016-05-05,2016,Q1
SO,Assets,2016-06-30,90873000000,10-Q,2016-08-08,2016,Q2
SO,Assets,2016-09-30,106362000000,10-Q,2016-11-04,2016,Q3
SO,Assets,2016-12-31,109697000000,10-K,2019-02-20,2018,FY
SO,Assets,2017-03-31,109760000000,10-Q,2017-05-03,2017,Q1
SO,Assets,2017-06-30,108684000000,10-Q,2017-08-02,2017,Q2
SO,Assets,2017-09-30,110315000000,10-Q,2017-11-01,2017,Q3
SO,Assets,2017-12-31,111005000000,10-K,2020-02-20,2019,FY
SO,Assets,2018-03-31,111567000000,10-Q,2018-05-02,2018,Q1
SO,Assets,2018-06-30,112777000000,10-Q,2018-08-08,2018,Q2
SO,Assets,2018-09-30,111717000000,10-Q,2018-11-07,2018,Q3
SO,Assets,2018-12-31,116914000000,10-K,2021-02-18,2020,FY
SO,Assets,2019-03-31,114096000000,10-Q,2019-05-01,2019,Q1
SO,Assets,2019-06-30,114867000000,10-Q,2019-07-31,2019,Q2
SO,Assets,2019-09-30,117591000000,10-Q,2019-10-30,2019,Q3
SO,Assets,2019-12-31,118700000000,10-K,2022-02-17,2021,FY
SO,Assets,2020-03-31,118852000000,10-Q,2020-04-30,2020,Q1
SO,Assets,2020-06-30,119731000000,10-Q,2020-07-30,2020,Q2
SO,Assets,2020-09-30,123158000000,10-Q,2020-10-29,2020,Q3
SO,Assets,2020-12-31,122935000000,10-K,2023-02-16,2022,FY
SO,Assets,2021-03-31,125393000000,10-Q,2021-04-29,2021,Q1
SO,Assets,2021-06-30,125907000000,10-Q,2021-07-29,2021,Q2
SO,Assets,2021-09-30,127861000000,10-Q,2021-11-04,2021,Q3
SO,Assets,2021-12-31,127534000000,10-K,2024-02-15,2023,FY
SO,Assets,2022-03-31,128639000000,10-Q,2022-04-28,2022,Q1
SO,Assets,2022-06-30,130769000000,10-Q,2022-07-28,2022,Q2
SO,Assets,2022-09-30,134005000000,10-Q,2022-10-27,2022,Q3
SO,Assets,2022-12-31,134891000000,10-K,2025-02-20,2024,FY
SO,Assets,2023-03-31,134756000000,10-Q,2023-04-27,2023,Q1
SO,Assets,2023-06-30,137116000000,10-Q,2023-08-03,2023,Q2
SO,Assets,2023-09-30,138321000000,10-Q,2023-11-02,2023,Q3
SO,Assets,2023-12-31,139331000000,10-K,2026-02-19,2025,FY
SO,Assets,2024-03-31,140120000000,10-Q,2024-05-02,2024,Q1
SO,Assets,2024-06-30,141937000000,10-Q,2024-08-01,2024,Q2
SO,Assets,2024-09-30,143956000000,10-Q,2024-10-31,2024,Q3
SO,Assets,2024-12-31,145180000000,10-K,2026-02-19,2025,FY
SO,Assets,2025-03-31,148109000000,10-Q,2025-05-01,2025,Q1
SO,Assets,2025-06-30,148853000000,10-Q,2025-07-31,2025,Q2
SO,Assets,2025-09-30,153248000000,10-Q,2025-10-30,2025,Q3
SO,Assets,2025-12-31,155720000000,10-Q,2026-04-30,2026,Q1
SO,Assets,2026-03-31,157031000000,10-Q,2026-04-30,2026,Q1
SRE,Assets,2009-12-31,28512000000,10-K,2011-02-24,2010,FY
SRE,Assets,2010-12-31,30231000000,10-K,2013-02-26,2012,FY
SRE,Assets,2011-03-31,30696000000,10-Q,2011-05-09,2011,Q1
SRE,Assets,2011-06-30,31836000000,10-Q,2011-08-09,2011,Q2
SRE,Assets,2011-09-30,32616000000,10-Q,2011-11-03,2011,Q3
SRE,Assets,2011-12-31,33249000000,10-K,2014-02-27,2013,FY
SRE,Assets,2012-03-31,34045000000,10-Q,2012-05-04,2012,Q1
SRE,Assets,2012-06-30,34202000000,10-Q,2012-08-02,2012,Q2
SRE,Assets,2012-09-30,35390000000,10-Q,2012-11-06,2012,Q3
SRE,Assets,2012-12-31,36499000000,10-K,2015-02-26,2014,FY
SRE,Assets,2013-03-31,37273000000,10-Q,2013-05-02,2013,Q1
SRE,Assets,2013-06-30,37020000000,10-Q,2013-08-06,2013,Q2
SRE,Assets,2013-09-30,36901000000,10-Q,2013-11-05,2013,Q3
SRE,Assets,2013-12-31,37165000000,10-K,2016-02-26,2015,FY
SRE,Assets,2014-03-31,37484000000,10-Q,2014-05-02,2014,Q1
SRE,Assets,2014-06-30,38307000000,10-Q,2014-08-07,2014,Q2
SRE,Assets,2014-09-30,38982000000,10-Q,2014-11-04,2014,Q3
SRE,Assets,2014-12-31,39651000000,10-K,2017-02-28,2016,FY
SRE,Assets,2015-03-31,39551000000,10-Q,2015-05-05,2015,Q1
SRE,Assets,2015-06-30,40006000000,10-Q,2015-08-04,2015,Q2
SRE,Assets,2015-09-30,40566000000,10-Q,2015-11-03,2015,Q3
SRE,Assets,2015-12-31,41150000000,10-K,2018-02-27,2017,FY
SRE,Assets,2016-03-31,41835000000,10-Q,2016-05-04,2016,Q1
SRE,Assets,2016-06-30,42875000000,10-Q,2016-08-04,2016,Q2
SRE,Assets,2016-09-30,45526000000,10-Q,2016-11-02,2016,Q3
SRE,Assets,2016-12-31,47786000000,10-K,2019-02-26,2018,FY
SRE,Assets,2017-03-31,48284000000,10-Q,2017-05-09,2017,Q1
SRE,Assets,2017-06-30,49376000000,10-Q,2017-08-04,2017,Q2
SRE,Assets,2017-09-30,50129000000,10-Q,2017-10-30,2017,Q3
SRE,Assets,2017-12-31,50454000000,10-K,2020-02-27,2019,FY
SRE,Assets,2018-03-31,60485000000,10-Q,2018-05-07,2018,Q1
SRE,Assets,2018-06-30,59907000000,10-Q,2018-08-06,2018,Q2
SRE,Assets,2018-09-30,60605000000,10-Q,2018-11-07,2018,Q3
SRE,Assets,2018-12-31,60638000000,10-K,2021-02-25,2020,FY
SRE,Assets,2019-03-31,61618000000,10-Q,2019-05-07,2019,Q1
SRE,Assets,2019-06-30,62727000000,10-Q,2019-08-02,2019,Q2
SRE,Assets,2019-09-30,64585000000,10-Q,2019-11-01,2019,Q3
SRE,Assets,2019-12-31,65665000000,10-K,2022-02-25,2021,FY
SRE,Assets,2020-03-31,68293000000,10-Q,2020-05-04,2020,Q1
SRE,Assets,2020-06-30,68385000000,10-Q,2020-08-05,2020,Q2
SRE,Assets,2020-09-30,67222000000,10-Q,2020-11-05,2020,Q3
SRE,Assets,2020-12-31,66623000000,10-K,2022-02-25,2021,FY
SRE,Assets,2021-03-31,67821000000,10-Q,2021-05-05,2021,Q1
SRE,Assets,2021-06-30,68608000000,10-Q,2021-08-05,2021,Q2
SRE,Assets,2021-09-30,70472000000,10-Q,2021-11-05,2021,Q3
SRE,Assets,2021-12-31,72045000000,10-K,2023-02-28,2022,FY
SRE,Assets,2022-03-31,74922000000,10-Q,2022-05-05,2022,Q1
SRE,Assets,2022-06-30,75582000000,10-Q,2022-08-04,2022,Q2
SRE,Assets,2022-09-30,75563000000,10-Q,2022-11-03,2022,Q3
SRE,Assets,2022-12-31,78574000000,10-K,2024-02-27,2023,FY
SRE,Assets,2023-03-31,80549000000,10-Q,2023-05-04,2023,Q1
SRE,Assets,2023-06-30,82727000000,10-Q,2023-08-03,2023,Q2
SRE,Assets,2023-09-30,85735000000,10-Q,2023-11-03,2023,Q3
SRE,Assets,2023-12-31,87181000000,10-K,2025-02-25,2024,FY
SRE,Assets,2024-03-31,89604000000,10-Q,2024-05-07,2024,Q1
SRE,Assets,2024-06-30,90473000000,10-Q,2024-08-06,2024,Q2
SRE,Assets,2024-09-30,93748000000,10-Q,2024-11-06,2024,Q3
SRE,Assets,2024-12-31,96155000000,10-K,2026-02-26,2025,FY
SRE,Assets,2025-03-31,99010000000,10-Q,2025-05-08,2025,Q1
SRE,Assets,2025-06-30,99907000000,10-Q,2025-08-07,2025,Q2
SRE,Assets,2025-09-30,106919000000,10-Q,2025-11-05,2025,Q3
SRE,Assets,2025-12-31,110878000000,10-Q,2026-05-07,2026,Q1
SRE,Assets,2026-03-31,113518000000,10-Q,2026-05-07,2026,Q1
STRL,Assets,2010-12-31,367131000,10-K,2012-03-15,2011,FY
STRL,Assets,2011-06-30,375888000,10-Q,2011-08-08,2011,Q2
STRL,Assets,2011-09-30,404034000,10-Q,2011-11-08,2011,Q3
STRL,Assets,2011-12-31,303831000,10-K,2013-03-18,2012,FY
STRL,Assets,2012-03-31,308863000,10-Q,2012-05-09,2012,Q1
STRL,Assets,2012-06-30,352882000,10-Q,2012-08-08,2012,Q2
STRL,Assets,2012-09-30,375281000,10-Q,2012-11-08,2012,Q3
STRL,Assets,2012-12-31,331510000,10-K,2014-03-17,2013,FY
STRL,Assets,2013-03-31,316147000,10-Q,2013-05-10,2013,Q1
STRL,Assets,2013-06-30,329069000,10-Q,2013-08-09,2013,Q2
STRL,Assets,2013-09-30,354112000,10-Q,2013-11-08,2013,Q3
STRL,Assets,2013-12-31,273018000,10-K,2015-03-16,2014,FY
STRL,Assets,2014-03-31,280821000,10-Q,2014-05-12,2014,Q1
STRL,Assets,2014-06-30,329714000,10-Q,2014-08-11,2014,Q2
STRL,Assets,2014-09-30,335068000,10-Q,2014-11-10,2014,Q3
STRL,Assets,2014-12-31,306451000,10-K,2016-03-14,2015,FY
STRL,Assets,2015-03-31,301001000,10-Q,2015-05-11,2015,Q1
STRL,Assets,2015-06-30,307318000,10-Q,2015-08-10,2015,Q2
STRL,Assets,2015-09-30,290674000,10-Q,2015-11-16,2015,Q3
STRL,Assets,2015-12-31,266165000,10-K,2017-03-09,2016,FY
STRL,Assets,2016-03-31,284007000,10-Q,2016-05-02,2016,Q1
STRL,Assets,2016-06-30,330962000,10-Q,2016-08-01,2016,Q2
STRL,Assets,2016-09-30,328215000,10-Q,2016-10-31,2016,Q3
STRL,Assets,2016-12-31,301823000,10-K,2018-03-06,2017,FY
STRL,Assets,2017-03-31,304576000,10-Q,2017-05-03,2017,Q1
STRL,Assets,2017-06-30,455453000,10-Q,2017-08-02,2017,Q2
STRL,Assets,2017-09-30,473035000,10-Q,2017-10-31,2017,Q3
STRL,Assets,2017-12-31,463298000,10-K,2019-03-05,2018,FY
STRL,Assets,2018-03-31,439035000,10-Q,2018-05-08,2018,Q1
STRL,Assets,2018-06-30,470685000,10-Q,2018-08-02,2018,Q2
STRL,Assets,2018-09-30,494164000,10-Q,2018-11-06,2018,Q3
STRL,Assets,2018-12-31,482573000,10-K,2020-03-03,2019,FY
STRL,Assets,2019-03-31,463514000,10-Q,2019-05-07,2019,Q1
STRL,Assets,2019-06-30,499895000,10-Q,2019-08-06,2019,Q2
STRL,Assets,2019-09-30,521969000,10-Q,2019-11-05,2019,Q3
STRL,Assets,2019-12-31,934689000,10-K,2021-03-03,2020,FY
STRL,Assets,2020-03-31,976395000,10-Q,2020-05-05,2020,Q1
STRL,Assets,2020-06-30,1017510000,10-Q,2020-08-04,2020,Q2
STRL,Assets,2020-09-30,1022512000,10-Q,2020-11-03,2020,Q3
STRL,Assets,2020-12-31,952694000,10-K/A,2022-03-24,2021,FY
STRL,Assets,2021-03-31,947216000,10-Q,2021-05-04,2021,Q1
STRL,Assets,2021-06-30,1027190000,10-Q,2021-08-03,2021,Q2
STRL,Assets,2021-09-30,1064317000,10-Q,2021-11-03,2021,Q3
STRL,Assets,2021-12-31,1234774000,10-K,2023-02-28,2022,FY
STRL,Assets,2022-03-31,1242733000,10-Q,2022-05-03,2022,Q1
STRL,Assets,2022-06-30,1353530000,10-Q,2022-08-02,2022,Q2
STRL,Assets,2022-09-30,1503333000,10-Q,2022-11-01,2022,Q3
STRL,Assets,2022-12-31,1441620000,10-K,2024-02-27,2023,FY
STRL,Assets,2023-03-31,1431128000,10-Q,2023-05-02,2023,Q1
STRL,Assets,2023-06-30,1567358000,10-Q,2023-08-08,2023,Q2
STRL,Assets,2023-09-30,1723805000,10-Q,2023-11-07,2023,Q3
STRL,Assets,2023-12-31,1777184000,10-K,2025-02-26,2024,FY
STRL,Assets,2024-03-31,1817496000,10-Q,2024-05-07,2024,Q1
STRL,Assets,2024-06-30,1964550000,10-Q,2024-08-06,2024,Q2
STRL,Assets,2024-09-30,2023585000,10-Q,2024-11-07,2024,Q3
STRL,Assets,2024-12-31,2016774000,10-K,2026-02-26,2025,FY
STRL,Assets,2025-03-31,2034539000,10-Q,2025-05-06,2025,Q1
STRL,Assets,2025-06-30,2160890000,10-Q,2025-08-05,2025,Q2
STRL,Assets,2025-09-30,2562267000,10-Q,2025-11-04,2025,Q3
STRL,Assets,2025-12-31,2633831000,10-Q,2026-08-04,2026,Q2
STRL,Assets,2026-03-31,2783672000,10-Q,2026-05-05,2026,Q1
STRL,Assets,2026-06-30,3194240000,10-Q,2026-08-04,2026,Q2
TLN,Assets,2014-12-31,10760000000,10-K,2016-02-29,2015,FY
TLN,Assets,2015-06-30,12862000000,10-Q,2015-08-12,2015,Q2
TLN,Assets,2015-09-30,12254000000,10-Q,2015-11-09,2015,Q3
TLN,Assets,2015-12-31,12809000000,10-Q,2016-11-10,2016,Q3
TLN,Assets,2016-03-31,12595000000,10-Q,2016-05-10,2016,Q1
TLN,Assets,2016-06-30,12403000000,10-Q,2016-08-05,2016,Q2
TLN,Assets,2016-09-30,12429000000,10-Q,2016-11-10,2016,Q3
TLN,Assets,2023-05-16,7800000000,10-K,2026-02-26,2025,FY
TLN,Assets,2023-05-17,7059000000,10-K,2026-02-26,2025,FY
TLN,Assets,2023-12-31,7121000000,10-K,2025-02-28,2024,FY
TLN,Assets,2024-06-30,7082000000,10-Q,2024-08-13,2024,Q2
TLN,Assets,2024-09-30,6848000000,10-Q,2024-11-14,2024,Q3
TLN,Assets,2024-12-31,6106000000,10-K,2026-02-26,2025,FY
TLN,Assets,2025-03-31,5865000000,10-Q,2025-05-08,2025,Q1
TLN,Assets,2025-06-30,5827000000,10-Q,2025-08-07,2025,Q2
TLN,Assets,2025-09-30,6097000000,10-Q,2025-11-05,2025,Q3
TLN,Assets,2025-12-31,10905000000,10-Q,2026-08-05,2026,Q2
TLN,Assets,2026-03-31,10993000000,10-Q,2026-05-05,2026,Q1
TLN,Assets,2026-06-30,15068000000,10-Q,2026-08-05,2026,Q2
VRT,Assets,2017-12-31,25000,10-K,2019-03-13,2018,FY
VRT,Assets,2018-06-30,692424839,10-Q,2018-08-07,2018,Q2
VRT,Assets,2018-09-30,695164081,10-Q,2018-11-06,2018,Q3
VRT,Assets,2018-12-31,697339051,10-K,2020-03-12,2019,FY
VRT,Assets,2019-03-31,700877687,10-Q,2019-05-08,2019,Q1
VRT,Assets,2019-06-30,702715354,10-Q,2019-08-06,2019,Q2
VRT,Assets,2019-09-30,705562140,10-Q,2019-11-05,2019,Q3
VRT,Assets,2019-12-31,4657400000,10-K/A,2021-04-30,2020,FY
VRT,Assets,2020-03-31,4629900000,10-Q,2020-05-07,2020,Q1
VRT,Assets,2020-06-30,4729900000,10-Q,2020-08-05,2020,Q2
VRT,Assets,2020-09-30,4771700000,10-Q,2020-11-05,2020,Q3
VRT,Assets,2020-12-31,5073800000,10-K,2022-03-01,2021,FY
VRT,Assets,2021-03-31,5161400000,10-Q,2021-05-03,2021,Q1
VRT,Assets,2021-06-30,5332000000,10-Q,2021-08-02,2021,Q2
VRT,Assets,2021-09-30,5261700000,10-Q,2021-11-01,2021,Q3
VRT,Assets,2021-12-31,6939600000,10-K,2023-02-27,2022,FY
VRT,Assets,2022-03-31,6911000000,10-Q,2022-05-02,2022,Q1
VRT,Assets,2022-06-30,6827100000,10-Q,2022-08-03,2022,Q2
VRT,Assets,2022-09-30,6827000000,10-Q,2022-10-31,2022,Q3
VRT,Assets,2022-12-31,7095700000,10-K,2024-02-23,2023,FY
VRT,Assets,2023-03-31,7255400000,10-Q,2023-04-28,2023,Q1
VRT,Assets,2023-06-30,7256600000,10-Q,2023-08-02,2023,Q2
VRT,Assets,2023-09-30,7414300000,10-Q,2023-10-27,2023,Q3
VRT,Assets,2023-12-31,7998500000,10-K,2025-02-18,2024,FY
VRT,Assets,2024-03-31,7591400000,10-Q,2024-04-26,2024,Q1
VRT,Assets,2024-06-30,8108300000,10-Q,2024-07-26,2024,Q2
VRT,Assets,2024-09-30,8891400000,10-Q,2024-10-25,2024,Q3
VRT,Assets,2024-12-31,9132500000,10-K,2026-02-13,2025,FY
VRT,Assets,2025-03-31,9451100000,10-Q,2025-04-23,2025,Q1
VRT,Assets,2025-06-30,10406200000,10-Q,2025-07-30,2025,Q2
VRT,Assets,2025-09-30,10816300000,10-Q,2025-10-22,2025,Q3
VRT,Assets,2025-12-31,12212400000,10-Q,2026-07-29,2026,Q2
VRT,Assets,2026-03-31,13400100000,10-Q,2026-04-22,2026,Q1
VRT,Assets,2026-06-30,15900900000,10-Q,2026-07-29,2026,Q2
VST,Assets,2016-12-31,15167000000,8-K,2018-06-15,2017,Q4
VST,Assets,2017-03-31,14715000000,10-Q,2017-05-18,2017,Q1
VST,Assets,2017-06-30,14784000000,10-Q,2017-08-04,2017,Q2
VST,Assets,2017-09-30,15000000000,10-Q,2017-11-03,2017,Q3
VST,Assets,2017-12-31,14600000000,10-K,2019-02-28,2018,Q4
VST,Assets,2018-03-31,14776000000,10-Q,2018-05-04,2018,Q1
VST,Assets,2018-06-30,26470000000,10-Q,2018-08-06,2018,Q2
VST,Assets,2018-09-30,25888000000,10-Q,2018-11-02,2018,Q3
VST,Assets,2018-12-31,26024000000,10-K,2020-02-28,2019,FY
VST,Assets,2019-03-31,25568000000,10-Q,2019-05-03,2019,Q1
VST,Assets,2019-06-30,26520000000,10-Q,2019-08-02,2019,Q2
VST,Assets,2019-09-30,26443000000,10-Q,2019-11-05,2019,Q3
VST,Assets,2019-12-31,26616000000,10-K,2021-02-26,2020,FY
VST,Assets,2020-03-31,26669000000,10-Q,2020-05-05,2020,Q1
VST,Assets,2020-06-30,26307000000,10-Q,2020-08-05,2020,Q2
VST,Assets,2020-09-30,25499000000,10-Q,2020-11-04,2020,Q3
VST,Assets,2020-12-31,25208000000,10-K,2022-02-25,2021,FY
VST,Assets,2021-03-31,25886000000,10-Q,2021-05-04,2021,Q1
VST,Assets,2021-06-30,27015000000,10-Q,2021-08-05,2021,Q2
VST,Assets,2021-09-30,29932000000,10-Q,2021-11-05,2021,Q3
VST,Assets,2021-12-31,29683000000,10-K,2023-03-01,2022,FY
VST,Assets,2022-03-31,32833000000,10-Q,2022-05-06,2022,Q1
VST,Assets,2022-06-30,37468000000,10-Q,2022-08-05,2022,Q2
VST,Assets,2022-09-30,35175000000,10-Q,2022-11-04,2022,Q3
VST,Assets,2022-12-31,32787000000,10-K,2024-02-29,2023,FY
VST,Assets,2023-03-31,31117000000,10-Q,2023-05-09,2023,Q1
VST,Assets,2023-06-30,30472000000,10-Q,2023-08-09,2023,Q2
VST,Assets,2023-09-30,31945000000,10-Q,2023-11-07,2023,Q3
VST,Assets,2023-12-31,32966000000,10-K,2025-02-28,2024,FY
VST,Assets,2024-03-31,38178000000,10-Q,2024-05-10,2024,Q1
VST,Assets,2024-06-30,39125000000,10-Q,2024-08-09,2024,Q2
VST,Assets,2024-09-30,37878000000,10-Q,2024-11-08,2024,Q3
VST,Assets,2024-12-31,37770000000,10-K,2026-02-27,2025,FY
VST,Assets,2025-03-31,38228000000,10-Q,2025-05-08,2025,Q1
VST,Assets,2025-06-30,38146000000,10-Q,2025-08-08,2025,Q2
VST,Assets,2025-09-30,38020000000,10-Q,2025-11-07,2025,Q3
VST,Assets,2025-12-31,41550000000,10-Q,2026-08-10,2026,Q2
VST,Assets,2026-03-31,41308000000,10-Q,2026-05-08,2026,Q1
VST,Assets,2026-06-30,42603000000,10-Q,2026-08-10,2026,Q2
WULF,Assets,2010-12-31,13141931,10-K,2012-03-06,2011,FY
WULF,Assets,2011-06-30,13662750,10-Q,2011-08-12,2011,Q2
WULF,Assets,2011-09-30,14093159,10-Q,2011-11-14,2011,Q3
WULF,Assets,2011-12-31,14167458,10-K,2013-03-05,2012,FY
WULF,Assets,2012-03-31,14501725,10-Q,2012-05-14,2012,Q1
WULF,Assets,2012-06-30,14354546,10-Q,2012-08-14,2012,Q2
WULF,Assets,2012-09-30,14794165,10-Q,2012-11-13,2012,Q3
WULF,Assets,2012-12-31,13184276,10-K,2014-03-05,2013,FY
WULF,Assets,2013-03-31,13339675,10-Q,2013-05-14,2013,Q1
WULF,Assets,2013-06-30,13113856,10-Q,2013-08-14,2013,Q2
WULF,Assets,2013-09-30,13724361,10-Q,2013-11-14,2013,Q3
WULF,Assets,2013-12-31,14001803,10-K,2015-03-05,2014,FY
WULF,Assets,2014-03-31,14742010,10-Q,2014-05-14,2014,Q1
WULF,Assets,2014-06-30,14432428,10-Q,2014-08-14,2014,Q2
WULF,Assets,2014-09-30,15043435,10-Q,2014-11-14,2014,Q3
WULF,Assets,2014-12-31,14627962,10-K,2016-03-02,2015,FY
WULF,Assets,2015-03-31,15149210,10-Q,2015-05-14,2015,Q1
WULF,Assets,2015-06-30,14644390,10-Q,2015-08-13,2015,Q2
WULF,Assets,2015-09-30,15301065,10-Q,2015-11-12,2015,Q3
WULF,Assets,2015-12-31,15015317,10-K,2017-03-03,2016,FY
WULF,Assets,2016-03-31,14875460,10-Q,2016-05-12,2016,Q1
WULF,Assets,2016-06-30,18006956,10-Q,2016-08-12,2016,Q2
WULF,Assets,2016-09-30,18173783,10-Q,2016-11-14,2016,Q3
WULF,Assets,2016-12-31,18295994,10-K,2018-03-02,2017,FY
WULF,Assets,2017-03-31,17882047,10-Q,2017-05-10,2017,Q1
WULF,Assets,2017-06-30,17864448,10-Q,2017-08-14,2017,Q2
WULF,Assets,2017-09-30,17357548,10-Q,2017-11-14,2017,Q3
WULF,Assets,2017-12-31,16924230,10-K,2019-03-01,2018,FY
WULF,Assets,2018-03-31,16985529,10-Q,2018-05-14,2018,Q1
WULF,Assets,2018-06-30,17405304,10-Q,2018-08-13,2018,Q2
WULF,Assets,2018-09-30,17306077,10-Q,2018-11-13,2018,Q3
WULF,Assets,2018-12-31,17419218,10-K,2020-03-03,2019,FY
WULF,Assets,2019-03-31,16999264,10-Q,2019-05-13,2019,Q1
WULF,Assets,2019-06-30,16699939,10-Q,2019-08-13,2019,Q2
WULF,Assets,2019-09-30,17162234,10-Q,2019-11-13,2019,Q3
WULF,Assets,2019-12-31,16879541,10-K,2021-03-03,2020,FY
WULF,Assets,2020-03-31,15643952,10-Q,2020-05-13,2020,Q1
WULF,Assets,2020-06-30,15448604,10-Q,2020-08-12,2020,Q2
WULF,Assets,2020-09-30,15274076,10-Q,2020-11-12,2020,Q3
WULF,Assets,2020-12-31,15435399,10-Q,2021-11-15,2021,Q3
WULF,Assets,2021-03-31,30005000,10-K,2022-03-31,2021,FY
WULF,Assets,2021-06-30,13042782,10-Q,2021-08-12,2021,Q2
WULF,Assets,2021-09-30,12380206,10-Q,2021-11-15,2021,Q3
WULF,Assets,2021-12-31,264911000,10-K,2023-03-31,2022,FY
WULF,Assets,2022-03-31,272838000,10-Q,2022-05-16,2022,Q1
WULF,Assets,2022-06-30,319136000,10-Q,2022-08-16,2022,Q2
WULF,Assets,2022-09-30,309866000,10-Q,2022-11-14,2022,Q3
WULF,Assets,2022-12-31,317687000,10-K,2024-03-20,2023,FY
WULF,Assets,2023-03-31,316781000,10-Q,2023-05-15,2023,Q1
WULF,Assets,2023-06-30,299822000,10-Q,2023-08-14,2023,Q2
WULF,Assets,2023-09-30,311793000,10-Q/A,2023-11-22,2023,Q3
WULF,Assets,2023-12-31,378106000,10-K,2025-03-03,2024,FY
WULF,Assets,2024-03-31,395388000,10-Q,2024-05-13,2024,Q1
WULF,Assets,2024-06-30,479568000,10-Q,2024-08-13,2024,Q2
WULF,Assets,2024-09-30,405905000,10-Q,2024-11-12,2024,Q3
WULF,Assets,2024-12-31,787511000,10-K,2026-02-27,2025,FY
WULF,Assets,2025-03-31,841162000,10-Q,2025-05-09,2025,Q1
WULF,Assets,2025-06-30,869408000,10-Q,2025-08-08,2025,Q2
WULF,Assets,2025-09-30,2454445000,10-Q,2025-11-10,2025,Q3
WULF,Assets,2025-12-31,6558182000,10-Q,2026-08-05,2026,Q2
WULF,Assets,2026-03-31,7008786000,10-Q,2026-05-08,2026,Q1
WULF,Assets,2026-06-30,8048395000,10-Q,2026-08-05,2026,Q2
WY,Assets,2008-12-31,16695000000,10-K,2011-02-25,2010,FY
WY,Assets,2009-06-30,15842000000,10-Q,2009-08-10,2009,Q2
WY,Assets,2009-09-30,15365000000,10-Q,2009-11-06,2009,Q3
WY,Assets,2009-12-31,15250000000,10-K,2012-02-22,2011,FY
WY,Assets,2010-03-31,15175000000,10-Q,2010-05-07,2010,Q1
WY,Assets,2010-06-30,14708000000,10-Q/A,2010-08-13,2010,Q2
WY,Assets,2010-09-30,14053000000,10-Q,2010-11-05,2010,Q3
WY,Assets,2010-12-31,13464000000,10-K,2013-02-19,2012,FY
WY,Assets,2011-03-31,13580000000,10-Q,2011-05-06,2011,Q1
WY,Assets,2011-06-30,13039000000,10-Q,2011-08-05,2011,Q2
WY,Assets,2011-09-30,12835000000,10-Q,2011-11-04,2011,Q3
WY,Assets,2011-12-31,12634000000,10-K,2014-02-18,2013,FY
WY,Assets,2012-03-31,12474000000,10-Q,2012-05-04,2012,Q1
WY,Assets,2012-06-30,12475000000,10-Q,2012-08-03,2012,Q2
WY,Assets,2012-09-30,12338000000,10-Q,2012-11-02,2012,Q3
WY,Assets,2012-12-31,12592000000,10-K,2015-02-13,2014,FY
WY,Assets,2013-03-31,12510000000,10-Q,2013-04-30,2013,Q1
WY,Assets,2013-06-30,13908000000,10-Q,2013-08-01,2013,Q2
WY,Assets,2013-09-30,15609000000,10-Q,2013-11-04,2013,Q3
WY,Assets,2013-12-31,14372000000,10-K,2016-02-17,2015,FY
WY,Assets,2014-03-31,14505000000,10-Q,2014-04-30,2014,Q1
WY,Assets,2014-06-30,15706000000,10-Q,2014-08-04,2014,Q2
WY,Assets,2014-09-30,13440000000,10-Q,2014-10-31,2014,Q3
WY,Assets,2014-12-31,13603000000,10-K,2017-02-24,2016,FY
WY,Assets,2015-03-31,13009000000,10-Q,2015-05-01,2015,Q1
WY,Assets,2015-06-30,12883000000,10-Q,2015-07-31,2015,Q2
WY,Assets,2015-09-30,12820000000,10-Q,2015-10-30,2015,Q3
WY,Assets,2015-12-31,12720000000,10-K,2018-02-16,2017,FY
WY,Assets,2016-06-30,21989000000,10-Q,2016-08-05,2016,Q2
WY,Assets,2016-09-30,20946000000,10-Q,2016-10-28,2016,Q3
WY,Assets,2016-12-31,19243000000,10-K,2018-02-16,2017,FY
WY,Assets,2017-03-31,19001000000,10-Q,2017-04-28,2017,Q1
WY,Assets,2017-06-30,18990000000,10-Q,2017-07-28,2017,Q2
WY,Assets,2017-09-30,18402000000,10-Q,2017-10-27,2017,Q3
WY,Assets,2017-12-31,18059000000,10-K,2019-02-15,2018,FY
WY,Assets,2018-03-31,17885000000,10-Q,2018-04-27,2018,Q1
WY,Assets,2018-06-30,18048000000,10-Q,2018-07-27,2018,Q2
WY,Assets,2018-09-30,17427000000,10-Q,2018-10-26,2018,Q3
WY,Assets,2018-12-31,17249000000,10-K,2020-02-14,2019,FY
WY,Assets,2019-03-31,17132000000,10-Q,2019-04-26,2019,Q1
WY,Assets,2019-06-30,17029000000,10-Q,2019-07-26,2019,Q2
WY,Assets,2019-09-30,16832000000,10-Q,2019-10-25,2019,Q3
WY,Assets,2019-12-31,16406000000,10-K,2021-02-19,2020,FY
WY,Assets,2020-03-31,17228000000,10-Q,2020-05-01,2020,Q1
WY,Assets,2020-06-30,16254000000,10-Q,2020-07-31,2020,Q2
WY,Assets,2020-09-30,16356000000,10-Q,2020-10-30,2020,Q3
WY,Assets,2020-12-31,16311000000,10-K,2022-02-18,2021,FY
WY,Assets,2021-03-31,16874000000,10-Q,2021-04-30,2021,Q1
WY,Assets,2021-06-30,17830000000,10-Q,2021-07-30,2021,Q2
WY,Assets,2021-09-30,18092000000,10-Q,2021-10-29,2021,Q3
WY,Assets,2021-12-31,17652000000,10-K,2023-02-17,2022,FY
WY,Assets,2022-03-31,17116000000,10-Q,2022-04-29,2022,Q1
WY,Assets,2022-06-30,17580000000,10-Q,2022-07-29,2022,Q2
WY,Assets,2022-09-30,17590000000,10-Q,2022-10-28,2022,Q3
WY,Assets,2022-12-31,17340000000,10-K,2024-02-16,2023,FY
WY,Assets,2023-03-31,16580000000,10-Q,2023-04-28,2023,Q1
WY,Assets,2023-06-30,17470000000,10-Q,2023-07-28,2023,Q2
WY,Assets,2023-09-30,17550000000,10-Q,2023-10-27,2023,Q3
WY,Assets,2023-12-31,16983000000,10-K,2025-02-14,2024,FY
WY,Assets,2024-03-31,16756000000,10-Q,2024-04-26,2024,Q1
WY,Assets,2024-06-30,16800000000,10-Q,2024-07-26,2024,Q2
WY,Assets,2024-09-30,16668000000,10-Q,2024-10-25,2024,Q3
WY,Assets,2024-12-31,16536000000,10-K,2026-02-13,2025,FY
WY,Assets,2025-03-31,16520000000,10-Q,2025-04-25,2025,Q1
WY,Assets,2025-06-30,16478000000,10-Q,2025-07-25,2025,Q2
WY,Assets,2025-09-30,16668000000,10-Q,2025-10-31,2025,Q3
WY,Assets,2025-12-31,16613000000,10-Q,2026-07-31,2026,Q2
WY,Assets,2026-03-31,16401000000,10-Q,2026-05-01,2026,Q1
WY,Assets,2026-06-30,16513000000,10-Q,2026-07-31,2026,Q2
