ticker,concept,period_start,period_end,value_usd,form,filed,fy,fp
AAPL,RevenueFromContractWithCustomerExcludingAssessedTax,2017-10-01,2017-12-30,88293000000,10-Q,2019-01-30,2019,Q1
AAPL,RevenueFromContractWithCustomerExcludingAssessedTax,2017-12-31,2018-03-31,61137000000,10-Q,2019-05-01,2019,Q2
AAPL,RevenueFromContractWithCustomerExcludingAssessedTax,2018-04-01,2018-06-30,53265000000,10-Q,2019-07-31,2019,Q3
AAPL,RevenueFromContractWithCustomerExcludingAssessedTax,2018-07-01,2018-09-29,62900000000,10-K,2019-10-31,2019,FY
AAPL,RevenueFromContractWithCustomerExcludingAssessedTax,2018-09-30,2018-12-29,84310000000,10-Q,2019-01-30,2019,Q1
AAPL,RevenueFromContractWithCustomerExcludingAssessedTax,2018-12-30,2019-03-30,58015000000,10-Q,2019-05-01,2019,Q2
AAPL,RevenueFromContractWithCustomerExcludingAssessedTax,2019-03-31,2019-06-29,53809000000,10-Q,2019-07-31,2019,Q3
AAPL,RevenueFromContractWithCustomerExcludingAssessedTax,2019-06-30,2019-09-28,64040000000,10-K,2019-10-31,2019,FY
AAPL,RevenueFromContractWithCustomerExcludingAssessedTax,2019-09-29,2019-12-28,91819000000,10-Q,2020-01-29,2020,Q1
AAPL,RevenueFromContractWithCustomerExcludingAssessedTax,2019-12-29,2020-03-28,58313000000,10-Q,2020-05-01,2020,Q2
AAPL,RevenueFromContractWithCustomerExcludingAssessedTax,2020-03-29,2020-06-27,59685000000,10-Q,2020-07-31,2020,Q3
AAPL,RevenueFromContractWithCustomerExcludingAssessedTax,2020-06-28,2020-09-26,64698000000,10-K,2020-10-30,2020,FY
AAPL,RevenueFromContractWithCustomerExcludingAssessedTax,2020-09-27,2020-12-26,111439000000,10-Q,2021-01-28,2021,Q1
AAPL,RevenueFromContractWithCustomerExcludingAssessedTax,2020-12-27,2021-03-27,89584000000,10-Q,2021-04-29,2021,Q2
AAPL,RevenueFromContractWithCustomerExcludingAssessedTax,2021-03-28,2021-06-26,81434000000,10-Q,2021-07-28,2021,Q3
AAPL,RevenueFromContractWithCustomerExcludingAssessedTax,2021-09-26,2021-12-25,123945000000,10-Q,2022-01-28,2022,Q1
AAPL,RevenueFromContractWithCustomerExcludingAssessedTax,2021-12-26,2022-03-26,97278000000,10-Q,2022-04-29,2022,Q2
AAPL,RevenueFromContractWithCustomerExcludingAssessedTax,2022-03-27,2022-06-25,82959000000,10-Q,2022-07-29,2022,Q3
AAPL,RevenueFromContractWithCustomerExcludingAssessedTax,2022-09-25,2022-12-31,117154000000,10-Q,2023-02-03,2023,Q1
AAPL,RevenueFromContractWithCustomerExcludingAssessedTax,2023-01-01,2023-04-01,94836000000,10-Q,2023-05-05,2023,Q2
AAPL,RevenueFromContractWithCustomerExcludingAssessedTax,2023-04-02,2023-07-01,81797000000,10-Q,2023-08-04,2023,Q3
AAPL,RevenueFromContractWithCustomerExcludingAssessedTax,2023-10-01,2023-12-30,119575000000,10-Q,2024-02-02,2024,Q1
AAPL,RevenueFromContractWithCustomerExcludingAssessedTax,2023-12-31,2024-03-30,90753000000,10-Q,2024-05-03,2024,Q2
AAPL,RevenueFromContractWithCustomerExcludingAssessedTax,2024-03-31,2024-06-29,85777000000,10-Q,2024-08-02,2024,Q3
AAPL,RevenueFromContractWithCustomerExcludingAssessedTax,2024-09-29,2024-12-28,124300000000,10-Q,2025-01-31,2025,Q1
AAPL,RevenueFromContractWithCustomerExcludingAssessedTax,2024-12-29,2025-03-29,95359000000,10-Q,2025-05-02,2025,Q2
AAPL,RevenueFromContractWithCustomerExcludingAssessedTax,2025-03-30,2025-06-28,94036000000,10-Q,2025-08-01,2025,Q3
AAPL,RevenueFromContractWithCustomerExcludingAssessedTax,2025-09-28,2025-12-27,143756000000,10-Q,2026-01-30,2026,Q1
AAPL,RevenueFromContractWithCustomerExcludingAssessedTax,2025-12-28,2026-03-28,111184000000,10-Q,2026-05-01,2026,Q2
AAPL,RevenueFromContractWithCustomerExcludingAssessedTax,2026-03-29,2026-06-27,109417000000,10-Q,2026-07-31,2026,Q3
AEP,RevenueFromContractWithCustomerExcludingAssessedTax,2024-01-01,2024-03-31,5085000000,10-Q,2025-05-06,2025,Q1
AEP,RevenueFromContractWithCustomerExcludingAssessedTax,2024-04-01,2024-06-30,4657600000,10-Q,2025-07-30,2025,Q2
AEP,RevenueFromContractWithCustomerExcludingAssessedTax,2024-07-01,2024-09-30,5470100000,10-Q,2025-10-29,2025,Q3
AEP,RevenueFromContractWithCustomerExcludingAssessedTax,2025-01-01,2025-03-31,5631600000,10-Q,2025-05-06,2025,Q1
AEP,RevenueFromContractWithCustomerExcludingAssessedTax,2025-04-01,2025-06-30,5055400000,10-Q,2025-07-30,2025,Q2
AEP,RevenueFromContractWithCustomerExcludingAssessedTax,2025-07-01,2025-09-30,5962100000,10-Q,2025-10-29,2025,Q3
AEP,RevenueFromContractWithCustomerExcludingAssessedTax,2026-01-01,2026-03-31,5921000000,10-Q,2026-05-05,2026,Q1
AGX,RevenueFromContractWithCustomerExcludingAssessedTax,2017-02-01,2017-04-30,230489000,10-Q,2018-06-11,2018,Q1
AGX,RevenueFromContractWithCustomerExcludingAssessedTax,2017-05-01,2017-07-31,259803000,10-Q,2018-09-05,2018,Q2
AGX,RevenueFromContractWithCustomerExcludingAssessedTax,2017-08-01,2017-10-31,232945000,10-Q,2018-12-06,2019,Q3
AGX,RevenueFromContractWithCustomerExcludingAssessedTax,2017-11-01,2018-01-31,169578000,10-K,2019-04-10,2018,FY
AGX,RevenueFromContractWithCustomerExcludingAssessedTax,2018-02-01,2018-04-30,141366000,10-Q,2018-06-11,2018,Q1
AGX,RevenueFromContractWithCustomerExcludingAssessedTax,2018-05-01,2018-07-31,136670000,10-Q,2018-09-05,2018,Q2
AGX,RevenueFromContractWithCustomerExcludingAssessedTax,2018-08-01,2018-10-31,116459000,10-Q,2018-12-06,2019,Q3
AGX,RevenueFromContractWithCustomerExcludingAssessedTax,2018-11-01,2019-01-31,87658000,10-K,2019-04-10,2018,FY
AGX,RevenueFromContractWithCustomerExcludingAssessedTax,2019-02-01,2019-04-30,49544000,10-Q,2019-06-10,2020,Q1
AGX,RevenueFromContractWithCustomerExcludingAssessedTax,2019-05-01,2019-07-31,63059000,10-Q,2019-09-09,2020,Q2
AGX,RevenueFromContractWithCustomerExcludingAssessedTax,2019-08-01,2019-10-31,58406000,10-Q,2019-12-10,2020,Q3
AGX,RevenueFromContractWithCustomerExcludingAssessedTax,2019-11-01,2020-01-31,67988000,10-K,2020-04-14,2019,FY
AGX,RevenueFromContractWithCustomerExcludingAssessedTax,2020-02-01,2020-04-30,60148000,10-Q,2020-06-09,2021,Q1
AGX,RevenueFromContractWithCustomerExcludingAssessedTax,2020-05-01,2020-07-31,87492000,10-Q,2020-09-09,2021,Q2
AGX,RevenueFromContractWithCustomerExcludingAssessedTax,2020-08-01,2020-10-31,127331000,10-Q,2020-12-09,2021,Q3
AGX,RevenueFromContractWithCustomerExcludingAssessedTax,2021-02-01,2021-04-30,126341000,10-Q,2021-06-08,2022,Q1
AGX,RevenueFromContractWithCustomerExcludingAssessedTax,2021-05-01,2021-07-31,133008000,10-Q,2021-09-07,2022,Q2
AGX,RevenueFromContractWithCustomerExcludingAssessedTax,2021-08-01,2021-10-31,124451000,10-Q,2021-12-08,2022,Q3
AGX,RevenueFromContractWithCustomerExcludingAssessedTax,2022-02-01,2022-04-30,100277000,10-Q,2022-06-08,2023,Q1
AGX,RevenueFromContractWithCustomerExcludingAssessedTax,2022-05-01,2022-07-31,118110000,10-Q,2022-09-08,2023,Q2
AGX,RevenueFromContractWithCustomerExcludingAssessedTax,2022-08-01,2022-10-31,117875000,10-Q,2022-12-07,2023,Q3
AGX,RevenueFromContractWithCustomerExcludingAssessedTax,2023-02-01,2023-04-30,103675000,10-Q,2023-06-08,2024,Q1
AGX,RevenueFromContractWithCustomerExcludingAssessedTax,2023-05-01,2023-07-31,141349000,10-Q,2023-09-06,2024,Q2
AGX,RevenueFromContractWithCustomerExcludingAssessedTax,2023-08-01,2023-10-31,163755000,10-Q,2023-12-06,2024,Q3
AGX,RevenueFromContractWithCustomerExcludingAssessedTax,2024-02-01,2024-04-30,157682000,10-Q,2024-06-06,2025,Q1
AGX,RevenueFromContractWithCustomerExcludingAssessedTax,2024-05-01,2024-07-31,227015000,10-Q,2024-09-05,2025,Q2
AGX,RevenueFromContractWithCustomerExcludingAssessedTax,2024-08-01,2024-10-31,257008000,10-Q,2024-12-05,2025,Q3
AGX,RevenueFromContractWithCustomerExcludingAssessedTax,2025-02-01,2025-04-30,193660000,10-Q,2025-06-04,2026,Q1
AGX,RevenueFromContractWithCustomerExcludingAssessedTax,2025-05-01,2025-07-31,237743000,10-Q,2025-09-04,2026,Q2
AGX,RevenueFromContractWithCustomerExcludingAssessedTax,2025-08-01,2025-10-31,251153000,10-Q,2025-12-04,2026,Q3
AGX,RevenueFromContractWithCustomerExcludingAssessedTax,2026-02-01,2026-04-30,290954000,10-Q,2026-06-04,2027,Q1
AGX,RevenueFromContractWithCustomerExcludingAssessedTax,2026-05-01,2026-07-31,383976000,10-Q,2026-09-02,2027,Q2
AI,RevenueFromContractWithCustomerExcludingAssessedTax,2019-11-01,2020-01-31,41283000,10-Q,2021-03-02,2021,Q3
AI,RevenueFromContractWithCustomerExcludingAssessedTax,2020-05-01,2020-07-31,40483000,10-Q,2021-09-02,2022,Q1
AI,RevenueFromContractWithCustomerExcludingAssessedTax,2020-08-01,2020-10-31,41341000,10-Q,2021-12-02,2022,Q2
AI,RevenueFromContractWithCustomerExcludingAssessedTax,2020-11-01,2021-01-31,49109000,10-Q,2021-03-02,2021,Q3
AI,RevenueFromContractWithCustomerExcludingAssessedTax,2021-05-01,2021-07-31,52406000,10-Q,2021-09-02,2022,Q1
AI,RevenueFromContractWithCustomerExcludingAssessedTax,2021-08-01,2021-10-31,58263000,10-Q,2021-12-02,2022,Q2
AI,RevenueFromContractWithCustomerExcludingAssessedTax,2021-11-01,2022-01-31,69773000,10-Q,2022-03-03,2022,Q3
AI,RevenueFromContractWithCustomerExcludingAssessedTax,2022-05-01,2022-07-31,65308000,10-Q,2022-09-01,2023,Q1
AI,RevenueFromContractWithCustomerExcludingAssessedTax,2022-08-01,2022-10-31,62408000,10-Q,2022-12-08,2023,Q2
AI,RevenueFromContractWithCustomerExcludingAssessedTax,2022-11-01,2023-01-31,66669000,10-Q,2023-03-03,2023,Q3
AI,RevenueFromContractWithCustomerExcludingAssessedTax,2023-05-01,2023-07-31,72362000,10-Q,2023-09-07,2024,Q1
AI,RevenueFromContractWithCustomerExcludingAssessedTax,2023-08-01,2023-10-31,73229000,10-Q,2023-12-07,2024,Q2
AI,RevenueFromContractWithCustomerExcludingAssessedTax,2023-11-01,2024-01-31,78401000,10-Q,2024-02-29,2024,Q3
AI,RevenueFromContractWithCustomerExcludingAssessedTax,2024-05-01,2024-07-31,87213000,10-Q,2024-09-05,2025,Q1
AI,RevenueFromContractWithCustomerExcludingAssessedTax,2024-08-01,2024-10-31,94338000,10-Q,2024-12-10,2025,Q2
AI,RevenueFromContractWithCustomerExcludingAssessedTax,2024-11-01,2025-01-31,98782000,10-Q,2025-03-07,2025,Q3
AI,RevenueFromContractWithCustomerExcludingAssessedTax,2025-05-01,2025-07-31,70261000,10-Q,2025-09-09,2026,Q1
AI,RevenueFromContractWithCustomerExcludingAssessedTax,2025-08-01,2025-10-31,75147000,10-Q,2025-12-09,2026,Q2
AI,RevenueFromContractWithCustomerExcludingAssessedTax,2025-11-01,2026-01-31,53260000,10-Q,2026-03-11,2026,Q3
AI,RevenueFromContractWithCustomerExcludingAssessedTax,2026-05-01,2026-07-31,52375000,10-Q,2026-09-09,2027,Q1
AMD,RevenueFromContractWithCustomerExcludingAssessedTax,2017-01-01,2017-04-01,1178000000,10-K,2019-02-08,2018,FY
AMD,RevenueFromContractWithCustomerExcludingAssessedTax,2017-04-02,2017-07-01,1151000000,10-Q,2018-08-02,2018,Q2
AMD,RevenueFromContractWithCustomerExcludingAssessedTax,2017-07-02,2017-09-30,1584000000,10-Q,2018-10-31,2018,Q3
AMD,RevenueFromContractWithCustomerExcludingAssessedTax,2017-10-01,2017-12-30,1340000000,10-K,2019-02-08,2018,FY
AMD,RevenueFromContractWithCustomerExcludingAssessedTax,2017-12-31,2018-03-31,1647000000,10-K,2019-02-08,2018,FY
AMD,RevenueFromContractWithCustomerExcludingAssessedTax,2018-04-01,2018-06-30,1756000000,10-Q,2018-08-02,2018,Q2
AMD,RevenueFromContractWithCustomerExcludingAssessedTax,2018-07-01,2018-09-29,1653000000,10-Q,2018-10-31,2018,Q3
AMD,RevenueFromContractWithCustomerExcludingAssessedTax,2018-09-30,2018-12-29,1419000000,10-K,2019-02-08,2018,FY
AMD,RevenueFromContractWithCustomerExcludingAssessedTax,2018-12-30,2019-03-30,1272000000,10-Q,2019-05-01,2019,Q1
AMD,RevenueFromContractWithCustomerExcludingAssessedTax,2019-03-31,2019-06-29,1531000000,10-Q,2019-07-31,2019,Q2
AMD,RevenueFromContractWithCustomerExcludingAssessedTax,2019-06-30,2019-09-28,1801000000,10-Q,2019-10-30,2019,Q3
AMD,RevenueFromContractWithCustomerExcludingAssessedTax,2019-09-29,2019-12-28,2127000000,10-K,2020-02-04,2019,FY
AMD,RevenueFromContractWithCustomerExcludingAssessedTax,2019-12-29,2020-03-28,1786000000,10-Q,2020-04-29,2020,Q1
AMD,RevenueFromContractWithCustomerExcludingAssessedTax,2020-03-29,2020-06-27,1932000000,10-Q,2020-07-29,2020,Q2
AMD,RevenueFromContractWithCustomerExcludingAssessedTax,2020-06-28,2020-09-26,2801000000,10-Q,2020-10-28,2020,Q3
AMD,RevenueFromContractWithCustomerExcludingAssessedTax,2020-09-27,2020-12-26,3244000000,10-K,2021-01-29,2020,FY
AMD,RevenueFromContractWithCustomerExcludingAssessedTax,2020-12-27,2021-03-27,3445000000,10-Q,2021-04-28,2021,Q1
AMD,RevenueFromContractWithCustomerExcludingAssessedTax,2021-03-28,2021-06-26,3850000000,10-Q,2021-07-28,2021,Q2
AMD,RevenueFromContractWithCustomerExcludingAssessedTax,2021-06-27,2021-09-25,4313000000,10-Q,2021-10-27,2021,Q3
AMD,RevenueFromContractWithCustomerExcludingAssessedTax,2021-12-26,2022-03-26,5887000000,10-Q,2022-05-04,2022,Q1
AMD,RevenueFromContractWithCustomerExcludingAssessedTax,2022-03-27,2022-06-25,6550000000,10-Q,2022-08-03,2022,Q2
AMD,RevenueFromContractWithCustomerExcludingAssessedTax,2022-06-26,2022-09-24,5565000000,10-Q,2022-11-02,2022,Q3
AMD,RevenueFromContractWithCustomerExcludingAssessedTax,2023-01-01,2023-04-01,5353000000,10-Q,2023-05-03,2023,Q1
AMD,RevenueFromContractWithCustomerExcludingAssessedTax,2023-04-02,2023-07-01,5359000000,10-Q,2023-08-02,2023,Q2
AMD,RevenueFromContractWithCustomerExcludingAssessedTax,2023-07-02,2023-09-30,5800000000,10-Q,2023-11-01,2023,Q3
AMD,RevenueFromContractWithCustomerExcludingAssessedTax,2023-12-31,2024-03-30,5473000000,10-Q,2024-05-01,2024,Q1
AMD,RevenueFromContractWithCustomerExcludingAssessedTax,2024-03-31,2024-06-29,5835000000,10-Q,2024-07-31,2024,Q2
AMD,RevenueFromContractWithCustomerExcludingAssessedTax,2024-06-30,2024-09-28,6819000000,10-Q,2024-10-30,2024,Q3
AMD,RevenueFromContractWithCustomerExcludingAssessedTax,2024-12-29,2025-03-29,7438000000,10-Q,2025-05-07,2025,Q1
AMD,RevenueFromContractWithCustomerExcludingAssessedTax,2025-03-30,2025-06-28,7685000000,10-Q,2025-08-06,2025,Q2
AMD,RevenueFromContractWithCustomerExcludingAssessedTax,2025-06-29,2025-09-27,9246000000,10-Q,2025-11-05,2025,Q3
AMD,RevenueFromContractWithCustomerExcludingAssessedTax,2025-12-28,2026-03-28,10253000000,10-Q,2026-05-06,2026,Q1
AMD,RevenueFromContractWithCustomerExcludingAssessedTax,2026-03-29,2026-06-27,11536000000,10-Q,2026-08-05,2026,Q2
AMT,RevenueFromContractWithCustomerExcludingAssessedTax,2018-01-01,2018-03-31,1741800000,10-Q,2018-05-02,2018,Q1
AMT,RevenueFromContractWithCustomerExcludingAssessedTax,2018-04-01,2018-06-30,1780900000,10-Q,2018-07-31,2018,Q2
AMT,RevenueFromContractWithCustomerExcludingAssessedTax,2018-07-01,2018-09-30,1785500000,10-Q,2018-10-30,2018,Q3
AMT,RevenueFromContractWithCustomerExcludingAssessedTax,2019-01-01,2019-03-31,1813400000,10-Q,2019-05-03,2019,Q1
AMT,RevenueFromContractWithCustomerExcludingAssessedTax,2019-04-01,2019-06-30,1889600000,10-Q,2019-07-31,2019,Q2
AMT,RevenueFromContractWithCustomerExcludingAssessedTax,2019-07-01,2019-09-30,137300000,10-Q,2019-10-31,2019,Q3
AMT,RevenueFromContractWithCustomerExcludingAssessedTax,2020-01-01,2020-03-31,118000000,10-Q,2020-04-29,2020,Q1
AMT,RevenueFromContractWithCustomerExcludingAssessedTax,2020-04-01,2020-06-30,117400000,10-Q,2020-07-30,2020,Q2
AMT,RevenueFromContractWithCustomerExcludingAssessedTax,2020-07-01,2020-09-30,131600000,10-Q,2020-10-29,2020,Q3
AMT,RevenueFromContractWithCustomerExcludingAssessedTax,2021-01-01,2021-03-31,141900000,10-Q,2021-04-29,2021,Q1
AMT,RevenueFromContractWithCustomerExcludingAssessedTax,2021-04-01,2021-06-30,179600000,10-Q,2021-07-29,2021,Q2
AMT,RevenueFromContractWithCustomerExcludingAssessedTax,2021-07-01,2021-09-30,204700000,10-Q,2021-10-28,2021,Q3
AMT,RevenueFromContractWithCustomerExcludingAssessedTax,2022-01-01,2022-03-31,209300000,10-Q,2022-04-27,2022,Q1
AMT,RevenueFromContractWithCustomerExcludingAssessedTax,2022-04-01,2022-06-30,217000000,10-Q,2022-07-28,2022,Q2
AMT,RevenueFromContractWithCustomerExcludingAssessedTax,2022-07-01,2022-09-30,220600000,10-Q,2022-10-27,2022,Q3
AMT,RevenueFromContractWithCustomerExcludingAssessedTax,2023-01-01,2023-03-31,205700000,10-Q,2023-04-26,2023,Q1
AMT,RevenueFromContractWithCustomerExcludingAssessedTax,2023-04-01,2023-06-30,196200000,10-Q,2023-07-27,2023,Q2
AMT,RevenueFromContractWithCustomerExcludingAssessedTax,2023-07-01,2023-09-30,188100000,10-Q,2023-10-26,2023,Q3
AMT,RevenueFromContractWithCustomerExcludingAssessedTax,2024-01-01,2024-03-31,175200000,10-Q,2024-04-30,2024,Q1
AMT,RevenueFromContractWithCustomerExcludingAssessedTax,2024-04-01,2024-06-30,198600000,10-Q,2024-07-30,2024,Q2
AMT,RevenueFromContractWithCustomerExcludingAssessedTax,2024-07-01,2024-09-30,190400000,10-Q,2024-10-29,2024,Q3
AMT,RevenueFromContractWithCustomerExcludingAssessedTax,2025-01-01,2025-03-31,226000000,10-Q,2025-04-29,2025,Q1
AMT,RevenueFromContractWithCustomerExcludingAssessedTax,2025-04-01,2025-06-30,243700000,10-Q,2025-07-29,2025,Q2
AMT,RevenueFromContractWithCustomerExcludingAssessedTax,2025-07-01,2025-09-30,246400000,10-Q,2025-10-28,2025,Q3
AMT,RevenueFromContractWithCustomerExcludingAssessedTax,2026-01-01,2026-03-31,216100000,10-Q,2026-04-28,2026,Q1
AMT,RevenueFromContractWithCustomerExcludingAssessedTax,2026-04-01,2026-06-30,211100000,10-Q,2026-07-28,2026,Q2
AMZN,RevenueFromContractWithCustomerExcludingAssessedTax,2017-01-01,2017-03-31,35714000000,10-K,2019-02-01,2018,FY
AMZN,RevenueFromContractWithCustomerExcludingAssessedTax,2017-04-01,2017-06-30,37955000000,10-K,2019-02-01,2018,FY
AMZN,RevenueFromContractWithCustomerExcludingAssessedTax,2017-07-01,2017-09-30,43744000000,10-Q,2018-10-26,2018,Q3
AMZN,RevenueFromContractWithCustomerExcludingAssessedTax,2017-10-01,2017-12-31,60453000000,10-K,2019-02-01,2018,FY
AMZN,RevenueFromContractWithCustomerExcludingAssessedTax,2018-01-01,2018-03-31,51042000000,10-K,2019-02-01,2018,FY
AMZN,RevenueFromContractWithCustomerExcludingAssessedTax,2018-04-01,2018-06-30,52886000000,10-K,2019-02-01,2018,FY
AMZN,RevenueFromContractWithCustomerExcludingAssessedTax,2018-07-01,2018-09-30,56576000000,10-Q,2018-10-26,2018,Q3
AMZN,RevenueFromContractWithCustomerExcludingAssessedTax,2018-10-01,2018-12-31,72383000000,10-K,2019-02-01,2018,FY
AMZN,RevenueFromContractWithCustomerExcludingAssessedTax,2019-01-01,2019-03-31,59700000000,10-Q,2019-04-26,2019,Q1
AMZN,RevenueFromContractWithCustomerExcludingAssessedTax,2019-04-01,2019-06-30,63404000000,10-Q,2019-07-26,2019,Q2
AMZN,RevenueFromContractWithCustomerExcludingAssessedTax,2019-07-01,2019-09-30,69981000000,10-Q,2019-10-25,2019,Q3
AMZN,RevenueFromContractWithCustomerExcludingAssessedTax,2019-10-01,2019-12-31,87437000000,10-K,2020-01-31,2019,FY
AMZN,RevenueFromContractWithCustomerExcludingAssessedTax,2020-01-01,2020-03-31,75452000000,10-Q,2020-05-01,2020,Q1
AMZN,RevenueFromContractWithCustomerExcludingAssessedTax,2020-04-01,2020-06-30,88912000000,10-Q,2020-07-31,2020,Q2
AMZN,RevenueFromContractWithCustomerExcludingAssessedTax,2020-07-01,2020-09-30,96145000000,10-Q,2020-10-30,2020,Q3
AMZN,RevenueFromContractWithCustomerExcludingAssessedTax,2020-10-01,2020-12-31,125555000000,10-K,2021-02-03,2020,FY
AMZN,RevenueFromContractWithCustomerExcludingAssessedTax,2021-01-01,2021-03-31,108518000000,10-Q,2021-04-30,2021,Q1
AMZN,RevenueFromContractWithCustomerExcludingAssessedTax,2021-04-01,2021-06-30,113080000000,10-Q,2021-07-30,2021,Q2
AMZN,RevenueFromContractWithCustomerExcludingAssessedTax,2021-07-01,2021-09-30,110812000000,10-Q,2021-10-29,2021,Q3
AMZN,RevenueFromContractWithCustomerExcludingAssessedTax,2022-01-01,2022-03-31,116444000000,10-Q,2022-04-29,2022,Q1
AMZN,RevenueFromContractWithCustomerExcludingAssessedTax,2022-04-01,2022-06-30,121234000000,10-Q,2022-07-29,2022,Q2
AMZN,RevenueFromContractWithCustomerExcludingAssessedTax,2022-07-01,2022-09-30,127101000000,10-Q,2022-10-28,2022,Q3
AMZN,RevenueFromContractWithCustomerExcludingAssessedTax,2023-01-01,2023-03-31,127358000000,10-Q,2023-04-28,2023,Q1
AMZN,RevenueFromContractWithCustomerExcludingAssessedTax,2023-04-01,2023-06-30,134383000000,10-Q,2023-08-04,2023,Q2
AMZN,RevenueFromContractWithCustomerExcludingAssessedTax,2023-07-01,2023-09-30,143083000000,10-Q,2023-10-27,2023,Q3
AMZN,RevenueFromContractWithCustomerExcludingAssessedTax,2024-01-01,2024-03-31,143313000000,10-Q,2024-05-01,2024,Q1
AMZN,RevenueFromContractWithCustomerExcludingAssessedTax,2024-04-01,2024-06-30,147977000000,10-Q,2024-08-02,2024,Q2
AMZN,RevenueFromContractWithCustomerExcludingAssessedTax,2024-07-01,2024-09-30,158877000000,10-Q,2024-11-01,2024,Q3
AMZN,RevenueFromContractWithCustomerExcludingAssessedTax,2025-01-01,2025-03-31,155667000000,10-Q,2025-05-02,2025,Q1
AMZN,RevenueFromContractWithCustomerExcludingAssessedTax,2025-04-01,2025-06-30,167702000000,10-Q,2025-08-01,2025,Q2
AMZN,RevenueFromContractWithCustomerExcludingAssessedTax,2025-07-01,2025-09-30,180169000000,10-Q,2025-10-31,2025,Q3
AMZN,RevenueFromContractWithCustomerExcludingAssessedTax,2026-01-01,2026-03-31,181519000000,10-Q,2026-04-30,2026,Q1
AMZN,RevenueFromContractWithCustomerExcludingAssessedTax,2026-04-01,2026-06-30,200606000000,10-Q,2026-07-31,2026,Q2
APLD,RevenueFromContractWithCustomerExcludingAssessedTax,2020-12-01,2021-02-28,0,10-Q,2022-05-13,2022,Q3
APLD,RevenueFromContractWithCustomerExcludingAssessedTax,2021-06-01,2021-08-31,0,10-Q,2022-10-12,2023,Q1
APLD,RevenueFromContractWithCustomerExcludingAssessedTax,2021-09-01,2021-11-30,0,10-Q,2023-01-10,2023,Q2
APLD,RevenueFromContractWithCustomerExcludingAssessedTax,2021-12-01,2022-02-28,1026000,10-Q,2022-05-13,2022,Q3
APLD,RevenueFromContractWithCustomerExcludingAssessedTax,2022-06-01,2022-08-31,6924000,10-Q,2022-10-12,2023,Q1
APLD,RevenueFromContractWithCustomerExcludingAssessedTax,2022-09-01,2022-11-30,12340000,10-Q,2023-01-10,2023,Q2
APLD,RevenueFromContractWithCustomerExcludingAssessedTax,2022-12-01,2023-02-28,14090000,10-Q,2023-04-06,2023,Q3
APLD,RevenueFromContractWithCustomerExcludingAssessedTax,2023-06-01,2023-08-31,36323000,10-Q,2023-10-10,2024,Q1
APLD,RevenueFromContractWithCustomerExcludingAssessedTax,2023-09-01,2023-11-30,42203000,10-Q,2024-01-16,2024,Q2
APLD,RevenueFromContractWithCustomerExcludingAssessedTax,2023-12-01,2024-02-29,43348000,10-Q,2024-04-11,2024,Q3
APLD,RevenueFromContractWithCustomerExcludingAssessedTax,2024-06-01,2024-08-31,60704000,10-Q,2024-10-09,2025,Q1
APLD,RevenueFromContractWithCustomerExcludingAssessedTax,2024-09-01,2024-11-30,63868000,10-Q,2025-01-14,2025,Q2
APLD,RevenueFromContractWithCustomerExcludingAssessedTax,2024-12-01,2025-02-28,52921000,10-Q,2025-04-14,2025,Q3
APLD,RevenueFromContractWithCustomerExcludingAssessedTax,2025-06-01,2025-08-31,64216000,10-Q,2025-10-09,2026,Q1
APLD,RevenueFromContractWithCustomerExcludingAssessedTax,2025-09-01,2025-11-30,126589000,10-Q,2026-01-08,2026,Q2
APLD,RevenueFromContractWithCustomerExcludingAssessedTax,2025-12-01,2026-02-28,126637000,10-Q,2026-04-08,2026,Q3
ARM,RevenueFromContractWithCustomerExcludingAssessedTax,2022-07-01,2022-09-30,630000000,6-K,2023-11-09,2024,Q2
ARM,RevenueFromContractWithCustomerExcludingAssessedTax,2022-10-01,2022-12-31,724000000,6-K,2024-02-08,2024,Q3
ARM,RevenueFromContractWithCustomerExcludingAssessedTax,2023-04-01,2023-06-30,675000000,6-K,2024-08-01,2024,Q1
ARM,RevenueFromContractWithCustomerExcludingAssessedTax,2023-07-01,2023-09-30,806000000,6-K,2023-11-09,2024,Q2
ARM,RevenueFromContractWithCustomerExcludingAssessedTax,2023-10-01,2023-12-31,824000000,6-K,2024-02-08,2024,Q3
ARM,RevenueFromContractWithCustomerExcludingAssessedTax,2024-04-01,2024-06-30,939000000,6-K,2024-08-01,2024,Q1
ARM,RevenueFromContractWithCustomerExcludingAssessedTax,2024-07-01,2024-09-30,844000000,6-K,2024-11-07,2025,Q2
ARM,RevenueFromContractWithCustomerExcludingAssessedTax,2024-10-01,2024-12-31,983000000,6-K,2025-02-05,2025,Q3
ARM,RevenueFromContractWithCustomerExcludingAssessedTax,2025-04-01,2025-06-30,1053000000,6-K,2025-07-30,2026,Q1
ARM,RevenueFromContractWithCustomerExcludingAssessedTax,2025-07-01,2025-09-30,1135000000,6-K,2025-11-05,2026,Q2
ARM,RevenueFromContractWithCustomerExcludingAssessedTax,2025-10-01,2025-12-31,1242000000,6-K,2026-02-04,2026,Q3
ARM,RevenueFromContractWithCustomerExcludingAssessedTax,2026-04-01,2026-06-30,1289000000,6-K,2026-07-29,2027,Q1
AVGO,RevenueFromContractWithCustomerExcludingAssessedTax,2017-10-30,2018-02-04,5327000000,10-Q,2019-03-15,2019,Q1
AVGO,RevenueFromContractWithCustomerExcludingAssessedTax,2018-02-05,2018-05-06,5014000000,10-Q,2019-06-14,2019,Q2
AVGO,RevenueFromContractWithCustomerExcludingAssessedTax,2018-05-07,2018-08-05,5063000000,10-Q,2019-09-13,2019,Q3
AVGO,RevenueFromContractWithCustomerExcludingAssessedTax,2018-08-06,2018-11-04,5444000000,10-K,2019-12-20,2019,FY
AVGO,RevenueFromContractWithCustomerExcludingAssessedTax,2018-11-05,2019-02-03,5789000000,10-Q,2019-03-15,2019,Q1
AVGO,RevenueFromContractWithCustomerExcludingAssessedTax,2019-02-04,2019-05-05,5517000000,10-Q,2019-06-14,2019,Q2
AVGO,RevenueFromContractWithCustomerExcludingAssessedTax,2019-05-06,2019-08-04,5515000000,10-Q,2019-09-13,2019,Q3
AVGO,RevenueFromContractWithCustomerExcludingAssessedTax,2019-08-05,2019-11-03,5776000000,10-K,2019-12-20,2019,FY
AVGO,RevenueFromContractWithCustomerExcludingAssessedTax,2019-11-04,2020-02-02,5858000000,10-Q,2020-03-13,2020,Q1
AVGO,RevenueFromContractWithCustomerExcludingAssessedTax,2020-02-03,2020-05-03,5742000000,10-Q,2020-06-12,2020,Q2
AVGO,RevenueFromContractWithCustomerExcludingAssessedTax,2020-05-04,2020-08-02,5821000000,10-Q,2020-09-11,2020,Q3
AVGO,RevenueFromContractWithCustomerExcludingAssessedTax,2020-08-03,2020-11-01,6467000000,10-K,2020-12-18,2020,FY
AVGO,RevenueFromContractWithCustomerExcludingAssessedTax,2020-11-02,2021-01-31,6655000000,10-Q,2021-03-12,2021,Q1
AVGO,RevenueFromContractWithCustomerExcludingAssessedTax,2021-02-01,2021-05-02,6610000000,10-Q,2021-06-11,2021,Q2
AVGO,RevenueFromContractWithCustomerExcludingAssessedTax,2021-05-03,2021-08-01,6778000000,10-Q,2021-09-09,2021,Q3
AVGO,RevenueFromContractWithCustomerExcludingAssessedTax,2021-11-01,2022-01-30,7706000000,10-Q,2022-03-10,2022,Q1
AVGO,RevenueFromContractWithCustomerExcludingAssessedTax,2022-01-31,2022-05-01,8103000000,10-Q,2022-06-09,2022,Q2
AVGO,RevenueFromContractWithCustomerExcludingAssessedTax,2022-05-02,2022-07-31,8464000000,10-Q,2022-09-08,2022,Q3
AVGO,RevenueFromContractWithCustomerExcludingAssessedTax,2022-10-31,2023-01-29,8915000000,10-Q,2023-03-08,2023,Q1
AVGO,RevenueFromContractWithCustomerExcludingAssessedTax,2023-01-30,2023-04-30,8733000000,10-Q,2023-06-07,2023,Q2
AVGO,RevenueFromContractWithCustomerExcludingAssessedTax,2023-05-01,2023-07-30,8876000000,10-Q,2023-09-06,2023,Q3
AVGO,RevenueFromContractWithCustomerExcludingAssessedTax,2023-10-30,2024-02-04,11961000000,10-Q,2024-03-14,2024,Q1
AVGO,RevenueFromContractWithCustomerExcludingAssessedTax,2024-02-05,2024-05-05,12487000000,10-Q,2024-06-13,2024,Q2
AVGO,RevenueFromContractWithCustomerExcludingAssessedTax,2024-05-06,2024-08-04,13072000000,10-Q,2024-09-11,2024,Q3
AVGO,RevenueFromContractWithCustomerExcludingAssessedTax,2024-11-04,2025-02-02,14916000000,10-Q,2025-03-12,2025,Q1
AVGO,RevenueFromContractWithCustomerExcludingAssessedTax,2025-02-03,2025-05-04,15004000000,10-Q,2025-06-11,2025,Q2
AVGO,RevenueFromContractWithCustomerExcludingAssessedTax,2025-05-05,2025-08-03,15952000000,10-Q,2025-09-10,2025,Q3
AVGO,RevenueFromContractWithCustomerExcludingAssessedTax,2025-11-03,2026-02-01,19311000000,10-Q,2026-03-11,2026,Q1
AVGO,RevenueFromContractWithCustomerExcludingAssessedTax,2026-02-02,2026-05-03,22187000000,10-Q,2026-06-09,2026,Q2
AVGO,RevenueFromContractWithCustomerExcludingAssessedTax,2026-05-04,2026-08-02,29591000000,10-Q,2026-09-10,2026,Q3
BWXT,RevenueFromContractWithCustomerExcludingAssessedTax,2017-01-01,2017-03-31,428229000,10-K,2019-02-25,2018,FY
BWXT,RevenueFromContractWithCustomerExcludingAssessedTax,2017-04-01,2017-06-30,410011000,10-K,2019-02-25,2018,FY
BWXT,RevenueFromContractWithCustomerExcludingAssessedTax,2017-07-01,2017-09-30,419360000,10-K,2019-02-25,2018,FY
BWXT,RevenueFromContractWithCustomerExcludingAssessedTax,2017-10-01,2017-12-31,430138000,10-K,2019-02-25,2018,FY
BWXT,RevenueFromContractWithCustomerExcludingAssessedTax,2018-01-01,2018-03-31,459480000,10-Q,2018-05-04,2018,Q1
BWXT,RevenueFromContractWithCustomerExcludingAssessedTax,2018-04-01,2018-06-30,440433000,10-Q,2018-08-06,2018,Q2
BWXT,RevenueFromContractWithCustomerExcludingAssessedTax,2018-07-01,2018-09-30,426853000,10-Q,2018-11-06,2018,Q3
BWXT,RevenueFromContractWithCustomerExcludingAssessedTax,2018-10-01,2018-12-31,477998000,10-K,2019-02-25,2018,FY
BWXT,RevenueFromContractWithCustomerExcludingAssessedTax,2019-01-01,2019-03-31,416454000,10-Q,2019-05-01,2019,Q1
BWXT,RevenueFromContractWithCustomerExcludingAssessedTax,2019-04-01,2019-06-30,471231000,10-Q,2019-08-05,2019,Q2
BWXT,RevenueFromContractWithCustomerExcludingAssessedTax,2019-07-01,2019-09-30,506000000,10-Q,2019-11-04,2019,Q3
BWXT,RevenueFromContractWithCustomerExcludingAssessedTax,2019-10-01,2019-12-31,501235000,10-K,2020-02-24,2019,FY
BWXT,RevenueFromContractWithCustomerExcludingAssessedTax,2020-01-01,2020-03-31,542208000,10-Q,2020-05-04,2020,Q1
BWXT,RevenueFromContractWithCustomerExcludingAssessedTax,2020-04-01,2020-06-30,504520000,10-Q,2020-08-03,2020,Q2
BWXT,RevenueFromContractWithCustomerExcludingAssessedTax,2020-07-01,2020-09-30,519878000,10-Q,2020-11-02,2020,Q3
BWXT,RevenueFromContractWithCustomerExcludingAssessedTax,2020-10-01,2020-12-31,556910000,10-K,2021-02-22,2020,FY
BWXT,RevenueFromContractWithCustomerExcludingAssessedTax,2021-01-01,2021-03-31,528273000,10-Q,2021-05-03,2021,Q1
BWXT,RevenueFromContractWithCustomerExcludingAssessedTax,2021-04-01,2021-06-30,505099000,10-Q,2021-08-02,2021,Q2
BWXT,RevenueFromContractWithCustomerExcludingAssessedTax,2021-07-01,2021-09-30,498727000,10-Q,2021-11-01,2021,Q3
BWXT,RevenueFromContractWithCustomerExcludingAssessedTax,2021-10-01,2021-12-31,591975000,10-K,2022-02-22,2021,FY
BWXT,RevenueFromContractWithCustomerExcludingAssessedTax,2022-01-01,2022-03-31,530738000,10-Q,2022-05-09,2022,Q1
BWXT,RevenueFromContractWithCustomerExcludingAssessedTax,2022-04-01,2022-06-30,554208000,10-Q,2022-08-08,2022,Q2
BWXT,RevenueFromContractWithCustomerExcludingAssessedTax,2022-07-01,2022-09-30,523711000,10-Q,2022-11-07,2022,Q3
BWXT,RevenueFromContractWithCustomerExcludingAssessedTax,2022-10-01,2022-12-31,624177000,10-K,2023-02-23,2022,FY
BWXT,RevenueFromContractWithCustomerExcludingAssessedTax,2023-01-01,2023-03-31,568360000,10-Q,2023-05-08,2023,Q1
BWXT,RevenueFromContractWithCustomerExcludingAssessedTax,2023-04-01,2023-06-30,612445000,10-Q,2023-08-03,2023,Q2
BWXT,RevenueFromContractWithCustomerExcludingAssessedTax,2023-07-01,2023-09-30,589989000,10-Q,2023-11-01,2023,Q3
BWXT,RevenueFromContractWithCustomerExcludingAssessedTax,2023-10-01,2023-12-31,725515000,10-K,2024-02-27,2023,FY
BWXT,RevenueFromContractWithCustomerExcludingAssessedTax,2024-01-01,2024-03-31,603966000,10-Q,2024-05-06,2024,Q1
BWXT,RevenueFromContractWithCustomerExcludingAssessedTax,2024-04-01,2024-06-30,681465000,10-Q,2024-08-05,2024,Q2
BWXT,RevenueFromContractWithCustomerExcludingAssessedTax,2024-07-01,2024-09-30,671956000,10-Q,2024-11-04,2024,Q3
BWXT,RevenueFromContractWithCustomerExcludingAssessedTax,2024-10-01,2024-12-31,746267000,10-K,2025-02-24,2024,FY
BWXT,RevenueFromContractWithCustomerExcludingAssessedTax,2025-01-01,2025-03-31,682258000,10-Q,2025-05-05,2025,Q1
BWXT,RevenueFromContractWithCustomerExcludingAssessedTax,2025-04-01,2025-06-30,764039000,10-Q,2025-08-04,2025,Q2
BWXT,RevenueFromContractWithCustomerExcludingAssessedTax,2025-07-01,2025-09-30,866286000,10-Q,2025-11-03,2025,Q3
BWXT,RevenueFromContractWithCustomerExcludingAssessedTax,2025-10-01,2025-12-31,885842000,10-K,2026-02-23,2025,FY
BWXT,RevenueFromContractWithCustomerExcludingAssessedTax,2026-01-01,2026-03-31,860217000,10-Q,2026-05-04,2026,Q1
BWXT,RevenueFromContractWithCustomerExcludingAssessedTax,2026-04-01,2026-06-30,901625000,10-Q/A,2026-08-05,2026,Q2
CCI,RevenueFromContractWithCustomerExcludingAssessedTax,2017-07-01,2017-09-30,170000000,10-Q,2018-11-05,2018,Q3
CCI,RevenueFromContractWithCustomerExcludingAssessedTax,2018-01-01,2018-03-31,146000000,10-Q,2019-05-03,2019,Q1
CCI,RevenueFromContractWithCustomerExcludingAssessedTax,2018-04-01,2018-06-30,161000000,10-Q,2019-07-31,2019,Q2
CCI,RevenueFromContractWithCustomerExcludingAssessedTax,2018-07-01,2018-09-30,191000000,10-Q,2018-11-05,2018,Q3
CCI,RevenueFromContractWithCustomerExcludingAssessedTax,2018-10-01,2018-12-31,175000000,10-K,2020-03-10,2019,FY
CCI,RevenueFromContractWithCustomerExcludingAssessedTax,2019-01-01,2019-03-31,207000000,10-Q,2019-05-03,2019,Q1
CCI,RevenueFromContractWithCustomerExcludingAssessedTax,2019-04-01,2019-06-30,240000000,10-Q,2019-07-31,2019,Q2
CCI,RevenueFromContractWithCustomerExcludingAssessedTax,2019-07-01,2019-09-30,254000000,10-Q,2019-11-04,2019,Q3
CCI,RevenueFromContractWithCustomerExcludingAssessedTax,2020-01-01,2020-03-31,111000000,10-Q,2020-05-01,2020,Q1
CCI,RevenueFromContractWithCustomerExcludingAssessedTax,2020-04-01,2020-06-30,121000000,10-Q,2020-07-31,2020,Q2
CCI,RevenueFromContractWithCustomerExcludingAssessedTax,2020-07-01,2020-09-30,147000000,10-Q,2020-10-28,2020,Q3
CCI,RevenueFromContractWithCustomerExcludingAssessedTax,2021-01-01,2021-03-31,116000000,10-Q,2021-05-03,2021,Q1
CCI,RevenueFromContractWithCustomerExcludingAssessedTax,2021-04-01,2021-06-30,158000000,10-Q,2021-08-06,2021,Q2
CCI,RevenueFromContractWithCustomerExcludingAssessedTax,2021-07-01,2021-09-30,167000000,10-Q,2021-11-05,2021,Q3
CCI,RevenueFromContractWithCustomerExcludingAssessedTax,2022-01-01,2022-03-31,166000000,10-Q,2022-04-29,2022,Q1
CCI,RevenueFromContractWithCustomerExcludingAssessedTax,2022-04-01,2022-06-30,167000000,10-Q,2022-08-05,2022,Q2
CCI,RevenueFromContractWithCustomerExcludingAssessedTax,2022-07-01,2022-09-30,178000000,10-Q,2022-11-04,2022,Q3
CCI,RevenueFromContractWithCustomerExcludingAssessedTax,2023-01-01,2023-03-31,149000000,10-Q,2023-05-03,2023,Q1
CCI,RevenueFromContractWithCustomerExcludingAssessedTax,2023-04-01,2023-06-30,139000000,10-Q,2023-08-02,2023,Q2
CCI,RevenueFromContractWithCustomerExcludingAssessedTax,2023-07-01,2023-09-30,90000000,10-Q,2023-11-01,2023,Q3
CCI,RevenueFromContractWithCustomerExcludingAssessedTax,2024-01-01,2024-03-31,53000000,10-Q,2024-05-01,2024,Q1
CCI,RevenueFromContractWithCustomerExcludingAssessedTax,2024-04-01,2024-06-30,46000000,10-Q,2024-07-30,2024,Q2
CCI,RevenueFromContractWithCustomerExcludingAssessedTax,2024-07-01,2024-09-30,59000000,10-Q,2024-10-30,2024,Q3
CCI,RevenueFromContractWithCustomerExcludingAssessedTax,2025-01-01,2025-03-31,50000000,10-Q,2025-05-09,2025,Q1
CCI,RevenueFromContractWithCustomerExcludingAssessedTax,2025-04-01,2025-06-30,52000000,10-Q,2025-08-06,2025,Q2
CCI,RevenueFromContractWithCustomerExcludingAssessedTax,2025-07-01,2025-09-30,60000000,10-Q,2025-11-06,2025,Q3
CCI,RevenueFromContractWithCustomerExcludingAssessedTax,2026-01-01,2026-03-31,49000000,10-Q,2026-05-07,2026,Q1
CCI,RevenueFromContractWithCustomerExcludingAssessedTax,2026-04-01,2026-06-30,41000000,10-Q,2026-08-05,2026,Q2
CEG,RevenueFromContractWithCustomerExcludingAssessedTax,2023-01-01,2023-03-31,5833000000,10-Q,2024-05-09,2024,Q1
CEG,RevenueFromContractWithCustomerExcludingAssessedTax,2023-04-01,2023-06-30,4701000000,10-Q,2024-08-06,2024,Q2
CEG,RevenueFromContractWithCustomerExcludingAssessedTax,2023-07-01,2023-09-30,5313000000,10-Q,2024-11-04,2024,Q3
CEG,RevenueFromContractWithCustomerExcludingAssessedTax,2024-01-01,2024-03-31,5260000000,10-Q,2024-05-09,2024,Q1
CEG,RevenueFromContractWithCustomerExcludingAssessedTax,2024-04-01,2024-06-30,4406000000,10-Q,2024-08-06,2024,Q2
CEG,RevenueFromContractWithCustomerExcludingAssessedTax,2024-07-01,2024-09-30,4773000000,10-Q,2024-11-04,2024,Q3
CEG,RevenueFromContractWithCustomerExcludingAssessedTax,2025-01-01,2025-03-31,6106000000,10-Q,2025-05-06,2025,Q1
CEG,RevenueFromContractWithCustomerExcludingAssessedTax,2025-04-01,2025-06-30,5161000000,10-Q,2025-08-07,2025,Q2
CEG,RevenueFromContractWithCustomerExcludingAssessedTax,2025-07-01,2025-09-30,5703000000,10-Q,2025-11-07,2025,Q3
CEG,RevenueFromContractWithCustomerExcludingAssessedTax,2026-01-01,2026-03-31,7541000000,10-Q,2026-05-11,2026,Q1
CEG,RevenueFromContractWithCustomerExcludingAssessedTax,2026-04-01,2026-06-30,5843000000,10-Q,2026-08-06,2026,Q2
CRWV,RevenueFromContractWithCustomerExcludingAssessedTax,2024-01-01,2024-03-31,188684000,10-Q,2025-05-15,2025,Q1
CRWV,RevenueFromContractWithCustomerExcludingAssessedTax,2024-04-01,2024-06-30,395371000,10-Q,2025-08-13,2025,Q2
CRWV,RevenueFromContractWithCustomerExcludingAssessedTax,2024-07-01,2024-09-30,583941000,10-Q,2025-11-13,2025,Q3
CRWV,RevenueFromContractWithCustomerExcludingAssessedTax,2025-01-01,2025-03-31,981632000,10-Q,2025-05-15,2025,Q1
CRWV,RevenueFromContractWithCustomerExcludingAssessedTax,2025-04-01,2025-06-30,1212788000,10-Q,2025-08-13,2025,Q2
CRWV,RevenueFromContractWithCustomerExcludingAssessedTax,2025-07-01,2025-09-30,1364676000,10-Q,2025-11-13,2025,Q3
CRWV,RevenueFromContractWithCustomerExcludingAssessedTax,2026-01-01,2026-03-31,2078000000,10-Q,2026-05-08,2026,Q1
CRWV,RevenueFromContractWithCustomerExcludingAssessedTax,2026-04-01,2026-06-30,2575000000,10-Q,2026-08-12,2026,Q2
D,RevenueFromContractWithCustomerExcludingAssessedTax,2019-01-01,2019-03-31,3631000000,10-Q,2020-05-05,2020,Q1
D,RevenueFromContractWithCustomerExcludingAssessedTax,2019-04-01,2019-06-30,3746000000,10-Q,2020-08-05,2020,Q2
D,RevenueFromContractWithCustomerExcludingAssessedTax,2019-07-01,2019-09-30,3623000000,10-Q,2020-11-06,2020,Q3
D,RevenueFromContractWithCustomerExcludingAssessedTax,2020-01-01,2020-03-31,4323000000,10-Q,2020-05-05,2020,Q1
D,RevenueFromContractWithCustomerExcludingAssessedTax,2020-04-01,2020-06-30,3470000000,10-Q,2020-08-05,2020,Q2
D,RevenueFromContractWithCustomerExcludingAssessedTax,2020-07-01,2020-09-30,3536000000,10-Q,2020-11-06,2020,Q3
D,RevenueFromContractWithCustomerExcludingAssessedTax,2021-01-01,2021-03-31,3840000000,10-Q,2021-05-04,2021,Q1
D,RevenueFromContractWithCustomerExcludingAssessedTax,2021-04-01,2021-06-30,3084000000,10-Q,2021-08-06,2021,Q2
D,RevenueFromContractWithCustomerExcludingAssessedTax,2021-07-01,2021-09-30,3434000000,10-Q,2021-11-05,2021,Q3
D,RevenueFromContractWithCustomerExcludingAssessedTax,2022-01-01,2022-03-31,4547000000,10-Q,2022-05-05,2022,Q1
D,RevenueFromContractWithCustomerExcludingAssessedTax,2022-04-01,2022-06-30,3794000000,10-Q,2022-08-08,2022,Q2
D,RevenueFromContractWithCustomerExcludingAssessedTax,2022-07-01,2022-09-30,4655000000,10-Q,2022-11-04,2022,Q3
D,RevenueFromContractWithCustomerExcludingAssessedTax,2023-01-01,2023-03-31,4756000000,10-Q,2023-05-05,2023,Q1
D,RevenueFromContractWithCustomerExcludingAssessedTax,2023-04-01,2023-06-30,3685000000,10-Q,2023-08-04,2023,Q2
D,RevenueFromContractWithCustomerExcludingAssessedTax,2023-07-01,2023-09-30,3758000000,10-Q,2023-11-08,2023,Q3
D,RevenueFromContractWithCustomerExcludingAssessedTax,2024-01-01,2024-03-31,3524000000,10-Q,2024-05-02,2024,Q1
D,RevenueFromContractWithCustomerExcludingAssessedTax,2024-04-01,2024-06-30,3455000000,10-Q,2024-08-01,2024,Q2
D,RevenueFromContractWithCustomerExcludingAssessedTax,2024-07-01,2024-09-30,3785000000,10-Q,2024-11-01,2024,Q3
D,RevenueFromContractWithCustomerExcludingAssessedTax,2025-01-01,2025-03-31,4085000000,10-Q,2025-05-01,2025,Q1
D,RevenueFromContractWithCustomerExcludingAssessedTax,2025-04-01,2025-06-30,3718000000,10-Q,2025-08-01,2025,Q2
D,RevenueFromContractWithCustomerExcludingAssessedTax,2025-07-01,2025-09-30,4510000000,10-Q,2025-10-31,2025,Q3
D,RevenueFromContractWithCustomerExcludingAssessedTax,2026-01-01,2026-03-31,5091000000,10-Q,2026-05-01,2026,Q1
DUK,RevenueFromContractWithCustomerExcludingAssessedTax,2018-01-01,2018-03-31,5928000000,10-Q,2018-05-10,2018,Q1
DY,RevenueFromContractWithCustomerExcludingAssessedTax,2016-07-31,2016-10-29,799223000,10-K,2019-03-04,2018,FY
DY,RevenueFromContractWithCustomerExcludingAssessedTax,2016-10-30,2017-01-28,701131000,10-K,2019-03-04,2018,FY
DY,RevenueFromContractWithCustomerExcludingAssessedTax,2017-01-29,2017-04-29,786338000,10-K,2019-03-04,2018,FY
DY,RevenueFromContractWithCustomerExcludingAssessedTax,2017-04-30,2017-07-29,780188000,10-Q,2018-08-30,2018,Q2
DY,RevenueFromContractWithCustomerExcludingAssessedTax,2017-07-30,2017-10-28,756215000,10-Q,2018-11-21,2019,Q3
DY,RevenueFromContractWithCustomerExcludingAssessedTax,2017-10-29,2018-01-27,655133000,10-K,2019-03-04,2018,FY
DY,RevenueFromContractWithCustomerExcludingAssessedTax,2018-01-28,2018-04-28,731375000,10-K,2019-03-04,2018,FY
DY,RevenueFromContractWithCustomerExcludingAssessedTax,2018-04-29,2018-07-28,799470000,10-Q,2018-08-30,2018,Q2
DY,RevenueFromContractWithCustomerExcludingAssessedTax,2018-07-29,2018-10-27,848237000,10-Q,2018-11-21,2019,Q3
DY,RevenueFromContractWithCustomerExcludingAssessedTax,2018-10-28,2019-01-26,748619000,10-K,2019-03-04,2018,FY
DY,RevenueFromContractWithCustomerExcludingAssessedTax,2019-01-27,2019-04-27,833743000,10-Q,2019-05-23,2020,Q1
DY,RevenueFromContractWithCustomerExcludingAssessedTax,2019-04-28,2019-07-27,884221000,10-Q,2019-08-29,2020,Q2
DY,RevenueFromContractWithCustomerExcludingAssessedTax,2019-07-28,2019-10-26,884115000,10-Q,2019-11-27,2020,Q3
DY,RevenueFromContractWithCustomerExcludingAssessedTax,2019-10-27,2020-01-25,737603000,10-K,2020-03-02,2019,FY
DY,RevenueFromContractWithCustomerExcludingAssessedTax,2020-01-26,2020-04-25,814322000,10-Q,2020-05-21,2021,Q1
DY,RevenueFromContractWithCustomerExcludingAssessedTax,2020-04-26,2020-07-25,823921000,10-Q,2020-08-27,2021,Q2
DY,RevenueFromContractWithCustomerExcludingAssessedTax,2020-07-26,2020-10-24,810256000,10-Q,2020-11-24,2021,Q3
DY,RevenueFromContractWithCustomerExcludingAssessedTax,2020-10-25,2021-01-30,750665000,10-K,2021-03-05,2020,FY
DY,RevenueFromContractWithCustomerExcludingAssessedTax,2021-01-31,2021-05-01,727497000,10-Q,2021-05-26,2022,Q1
DY,RevenueFromContractWithCustomerExcludingAssessedTax,2021-05-02,2021-07-31,787568000,10-Q,2021-09-02,2022,Q2
DY,RevenueFromContractWithCustomerExcludingAssessedTax,2021-08-01,2021-10-30,853973000,10-Q,2021-11-24,2022,Q3
DY,RevenueFromContractWithCustomerExcludingAssessedTax,2021-10-31,2022-01-29,761481000,10-K,2022-03-04,2022,FY
DY,RevenueFromContractWithCustomerExcludingAssessedTax,2022-01-30,2022-04-30,876300000,10-Q,2022-05-26,2023,Q1
DY,RevenueFromContractWithCustomerExcludingAssessedTax,2022-05-01,2022-07-30,972273000,10-Q,2022-08-25,2023,Q2
DY,RevenueFromContractWithCustomerExcludingAssessedTax,2022-07-31,2022-10-29,1042423000,10-Q,2022-11-23,2023,Q3
DY,RevenueFromContractWithCustomerExcludingAssessedTax,2022-10-30,2023-01-28,917466000,10-K,2023-03-03,2023,FY
DY,RevenueFromContractWithCustomerExcludingAssessedTax,2023-01-29,2023-04-29,1045474000,10-Q,2023-05-25,2024,Q1
DY,RevenueFromContractWithCustomerExcludingAssessedTax,2023-04-30,2023-07-29,1041535000,10-Q,2023-08-24,2024,Q2
DY,RevenueFromContractWithCustomerExcludingAssessedTax,2023-07-30,2023-10-28,1136110000,10-Q,2023-11-22,2024,Q3
DY,RevenueFromContractWithCustomerExcludingAssessedTax,2023-10-29,2024-01-27,952455000,10-K,2024-03-01,2024,FY
DY,RevenueFromContractWithCustomerExcludingAssessedTax,2024-01-28,2024-04-27,1142423000,10-Q,2024-05-23,2025,Q1
DY,RevenueFromContractWithCustomerExcludingAssessedTax,2024-04-28,2024-07-27,1203059000,10-Q,2024-08-22,2025,Q2
DY,RevenueFromContractWithCustomerExcludingAssessedTax,2024-07-28,2024-10-26,1272007000,10-Q,2024-11-21,2025,Q3
DY,RevenueFromContractWithCustomerExcludingAssessedTax,2025-01-26,2025-04-26,1258608000,10-Q,2025-05-22,2026,Q1
DY,RevenueFromContractWithCustomerExcludingAssessedTax,2025-04-27,2025-07-26,1377944000,10-Q,2025-08-21,2026,Q2
DY,RevenueFromContractWithCustomerExcludingAssessedTax,2025-07-27,2025-10-25,1451798000,10-Q,2025-11-20,2026,Q3
DY,RevenueFromContractWithCustomerExcludingAssessedTax,2026-02-01,2026-05-02,1964782000,10-Q,2026-05-28,2027,Q1
DY,RevenueFromContractWithCustomerExcludingAssessedTax,2026-05-03,2026-08-01,2005907000,10-Q,2026-08-27,2027,Q2
EME,RevenueFromContractWithCustomerExcludingAssessedTax,2018-01-01,2018-03-31,1900388000,10-Q,2018-04-26,2018,Q1
EQIX,RevenueFromContractWithCustomerExcludingAssessedTax,2019-01-01,2019-03-31,1363218000,10-Q,2020-05-07,2020,Q1
EQIX,RevenueFromContractWithCustomerExcludingAssessedTax,2019-04-01,2019-06-30,1384977000,10-Q,2020-07-31,2020,Q2
EQIX,RevenueFromContractWithCustomerExcludingAssessedTax,2019-07-01,2019-09-30,1396810000,10-Q,2020-10-30,2020,Q3
EQIX,RevenueFromContractWithCustomerExcludingAssessedTax,2020-01-01,2020-03-31,1444542000,10-Q,2020-05-07,2020,Q1
EQIX,RevenueFromContractWithCustomerExcludingAssessedTax,2020-04-01,2020-06-30,1470121000,10-Q,2020-07-31,2020,Q2
EQIX,RevenueFromContractWithCustomerExcludingAssessedTax,2020-07-01,2020-09-30,1519767000,10-Q,2020-10-30,2020,Q3
EQIX,RevenueFromContractWithCustomerExcludingAssessedTax,2021-01-01,2021-03-31,1596064000,10-Q,2021-04-30,2021,Q1
EQIX,RevenueFromContractWithCustomerExcludingAssessedTax,2021-04-01,2021-06-30,1657919000,10-Q,2021-07-30,2021,Q2
EQIX,RevenueFromContractWithCustomerExcludingAssessedTax,2021-07-01,2021-09-30,1675176000,10-Q,2021-11-04,2021,Q3
EQIX,RevenueFromContractWithCustomerExcludingAssessedTax,2022-01-01,2022-03-31,1734447000,10-Q,2022-04-29,2022,Q1
EQIX,RevenueFromContractWithCustomerExcludingAssessedTax,2022-04-01,2022-06-30,1817154000,10-Q,2022-07-29,2022,Q2
EQIX,RevenueFromContractWithCustomerExcludingAssessedTax,2022-07-01,2022-09-30,1840659000,10-Q,2022-11-04,2022,Q3
EQIX,RevenueFromContractWithCustomerExcludingAssessedTax,2023-01-01,2023-03-31,1998209000,10-Q,2023-05-05,2023,Q1
EQIX,RevenueFromContractWithCustomerExcludingAssessedTax,2023-04-01,2023-06-30,2018408000,10-Q,2023-08-04,2023,Q2
EQIX,RevenueFromContractWithCustomerExcludingAssessedTax,2023-07-01,2023-09-30,2061030000,10-Q,2023-10-27,2023,Q3
EQIX,RevenueFromContractWithCustomerExcludingAssessedTax,2024-01-01,2024-03-31,2127000000,10-Q,2024-05-08,2024,Q1
EQIX,RevenueFromContractWithCustomerExcludingAssessedTax,2024-04-01,2024-06-30,2159000000,10-Q,2024-08-07,2024,Q2
EQIX,RevenueFromContractWithCustomerExcludingAssessedTax,2024-07-01,2024-09-30,2201000000,10-Q,2024-10-30,2024,Q3
EQIX,RevenueFromContractWithCustomerExcludingAssessedTax,2025-01-01,2025-03-31,2225000000,10-Q,2025-04-30,2025,Q1
EQIX,RevenueFromContractWithCustomerExcludingAssessedTax,2025-04-01,2025-06-30,2256000000,10-Q,2025-07-30,2025,Q2
EQIX,RevenueFromContractWithCustomerExcludingAssessedTax,2025-07-01,2025-09-30,2316000000,10-Q,2025-10-29,2025,Q3
EQIX,RevenueFromContractWithCustomerExcludingAssessedTax,2026-01-01,2026-03-31,2444000000,10-Q,2026-04-29,2026,Q1
EQIX,RevenueFromContractWithCustomerExcludingAssessedTax,2026-04-01,2026-06-30,2625000000,10-Q,2026-07-29,2026,Q2
ETN,RevenueFromContractWithCustomerExcludingAssessedTax,2017-07-01,2017-09-30,5211000000,10-Q,2018-10-30,2018,Q3
ETN,RevenueFromContractWithCustomerExcludingAssessedTax,2018-01-01,2018-03-31,5251000000,10-Q,2018-05-01,2018,Q1
ETN,RevenueFromContractWithCustomerExcludingAssessedTax,2018-04-01,2018-06-30,5487000000,10-Q,2018-07-31,2018,Q2
ETN,RevenueFromContractWithCustomerExcludingAssessedTax,2018-07-01,2018-09-30,5412000000,10-Q,2018-10-30,2018,Q3
ETN,RevenueFromContractWithCustomerExcludingAssessedTax,2019-01-01,2019-03-31,5305000000,10-Q,2019-04-30,2019,Q1
ETN,RevenueFromContractWithCustomerExcludingAssessedTax,2019-04-01,2019-06-30,5533000000,10-Q,2019-07-30,2019,Q2
ETN,RevenueFromContractWithCustomerExcludingAssessedTax,2019-07-01,2019-09-30,5314000000,10-Q,2019-10-29,2019,Q3
ETN,RevenueFromContractWithCustomerExcludingAssessedTax,2020-01-01,2020-03-31,4789000000,10-Q,2020-04-30,2020,Q1
ETN,RevenueFromContractWithCustomerExcludingAssessedTax,2020-04-01,2020-06-30,3856000000,10-Q,2020-07-29,2020,Q2
ETN,RevenueFromContractWithCustomerExcludingAssessedTax,2020-07-01,2020-09-30,4526000000,10-Q,2020-11-03,2020,Q3
ETN,RevenueFromContractWithCustomerExcludingAssessedTax,2021-01-01,2021-03-31,4692000000,10-Q,2021-05-04,2021,Q1
ETN,RevenueFromContractWithCustomerExcludingAssessedTax,2021-04-01,2021-06-30,5215000000,10-Q,2021-08-03,2021,Q2
ETN,RevenueFromContractWithCustomerExcludingAssessedTax,2021-07-01,2021-09-30,4923000000,10-Q,2021-11-02,2021,Q3
ETN,RevenueFromContractWithCustomerExcludingAssessedTax,2022-01-01,2022-03-31,4843000000,10-Q,2022-05-03,2022,Q1
ETN,RevenueFromContractWithCustomerExcludingAssessedTax,2022-04-01,2022-06-30,5212000000,10-Q,2022-08-02,2022,Q2
ETN,RevenueFromContractWithCustomerExcludingAssessedTax,2022-07-01,2022-09-30,5313000000,10-Q,2022-11-01,2022,Q3
ETN,RevenueFromContractWithCustomerExcludingAssessedTax,2023-01-01,2023-03-31,5483000000,10-Q,2023-05-02,2023,Q1
ETN,RevenueFromContractWithCustomerExcludingAssessedTax,2023-04-01,2023-06-30,5866000000,10-Q,2023-08-01,2023,Q2
ETN,RevenueFromContractWithCustomerExcludingAssessedTax,2023-07-01,2023-09-30,5880000000,10-Q,2023-10-31,2023,Q3
ETN,RevenueFromContractWithCustomerExcludingAssessedTax,2024-01-01,2024-03-31,5943000000,10-Q,2024-04-30,2024,Q1
ETN,RevenueFromContractWithCustomerExcludingAssessedTax,2024-04-01,2024-06-30,6350000000,10-Q,2024-08-01,2024,Q2
ETN,RevenueFromContractWithCustomerExcludingAssessedTax,2024-07-01,2024-09-30,6345000000,10-Q,2024-10-31,2024,Q3
ETN,RevenueFromContractWithCustomerExcludingAssessedTax,2025-01-01,2025-03-31,6377000000,10-Q,2025-05-02,2025,Q1
ETN,RevenueFromContractWithCustomerExcludingAssessedTax,2025-04-01,2025-06-30,7028000000,10-Q,2025-08-05,2025,Q2
ETN,RevenueFromContractWithCustomerExcludingAssessedTax,2025-07-01,2025-09-30,6988000000,10-Q,2025-11-04,2025,Q3
ETN,RevenueFromContractWithCustomerExcludingAssessedTax,2026-01-01,2026-03-31,7451000000,10-Q,2026-05-05,2026,Q1
ETN,RevenueFromContractWithCustomerExcludingAssessedTax,2026-04-01,2026-06-30,8531000000,10-Q,2026-07-31,2026,Q2
ETR,RevenueFromContractWithCustomerExcludingAssessedTax,2017-01-01,2017-03-31,2588458000,10-K,2019-02-26,2018,FY
ETR,RevenueFromContractWithCustomerExcludingAssessedTax,2017-04-01,2017-06-30,2618550000,10-K,2019-02-26,2018,FY
ETR,RevenueFromContractWithCustomerExcludingAssessedTax,2017-07-01,2017-09-30,3243628000,10-Q,2018-11-06,2018,Q3
ETR,RevenueFromContractWithCustomerExcludingAssessedTax,2017-10-01,2017-12-31,2623845000,10-K,2019-02-26,2018,FY
ETR,RevenueFromContractWithCustomerExcludingAssessedTax,2018-01-01,2018-03-31,2723881000,10-K,2019-02-26,2018,FY
ETR,RevenueFromContractWithCustomerExcludingAssessedTax,2018-04-01,2018-06-30,2668770000,10-K,2019-02-26,2018,FY
ETR,RevenueFromContractWithCustomerExcludingAssessedTax,2018-07-01,2018-09-30,3104319000,10-Q,2018-11-06,2018,Q3
ETR,RevenueFromContractWithCustomerExcludingAssessedTax,2018-10-01,2018-12-31,2512482000,10-K,2019-02-26,2018,FY
ETR,RevenueFromContractWithCustomerExcludingAssessedTax,2019-01-01,2019-03-31,2609584000,10-Q,2019-05-03,2019,Q1
ETR,RevenueFromContractWithCustomerExcludingAssessedTax,2019-04-01,2019-06-30,2666209000,10-Q,2019-08-06,2019,Q2
ETR,RevenueFromContractWithCustomerExcludingAssessedTax,2019-07-01,2019-09-30,3140575000,10-Q,2019-11-05,2019,Q3
ETR,RevenueFromContractWithCustomerExcludingAssessedTax,2019-10-01,2019-12-31,2462305000,10-K,2020-02-21,2019,FY
ETR,RevenueFromContractWithCustomerExcludingAssessedTax,2020-01-01,2020-03-31,2427179000,10-Q,2020-05-11,2020,Q1
ETR,RevenueFromContractWithCustomerExcludingAssessedTax,2020-04-01,2020-06-30,2412788000,10-Q,2020-08-05,2020,Q2
ETR,RevenueFromContractWithCustomerExcludingAssessedTax,2020-07-01,2020-09-30,2903568000,10-Q,2020-11-04,2020,Q3
ETR,RevenueFromContractWithCustomerExcludingAssessedTax,2020-10-01,2020-12-31,2370101000,10-K,2021-02-26,2020,FY
ETR,RevenueFromContractWithCustomerExcludingAssessedTax,2021-01-01,2021-03-31,2844838000,10-Q,2021-05-06,2021,Q1
ETR,RevenueFromContractWithCustomerExcludingAssessedTax,2021-04-01,2021-06-30,2822070000,10-Q,2021-08-06,2021,Q2
ETR,RevenueFromContractWithCustomerExcludingAssessedTax,2021-07-01,2021-09-30,3353532000,10-Q,2021-11-05,2021,Q3
ETR,RevenueFromContractWithCustomerExcludingAssessedTax,2022-01-01,2022-03-31,2877925000,10-Q,2022-05-05,2022,Q1
ETR,RevenueFromContractWithCustomerExcludingAssessedTax,2022-04-01,2022-06-30,3395196000,10-Q,2022-08-04,2022,Q2
ETR,RevenueFromContractWithCustomerExcludingAssessedTax,2022-07-01,2022-09-30,4218615000,10-Q,2022-11-03,2022,Q3
ETR,RevenueFromContractWithCustomerExcludingAssessedTax,2023-01-01,2023-03-31,2981059000,10-Q,2023-05-04,2023,Q1
ETR,RevenueFromContractWithCustomerExcludingAssessedTax,2023-04-01,2023-06-30,2846026000,10-Q,2023-08-03,2023,Q2
ETR,RevenueFromContractWithCustomerExcludingAssessedTax,2023-07-01,2023-09-30,3595522000,10-Q,2023-11-02,2023,Q3
ETR,RevenueFromContractWithCustomerExcludingAssessedTax,2024-01-01,2024-03-31,2794628000,10-Q,2024-05-02,2024,Q1
ETR,RevenueFromContractWithCustomerExcludingAssessedTax,2024-04-01,2024-06-30,2953620000,10-Q,2024-08-02,2024,Q2
ETR,RevenueFromContractWithCustomerExcludingAssessedTax,2024-07-01,2024-09-30,3389100000,10-Q,2024-11-01,2024,Q3
FIX,RevenueFromContractWithCustomerExcludingAssessedTax,2018-01-01,2018-03-31,464941000,10-Q,2018-04-26,2018,Q1
FIX,RevenueFromContractWithCustomerExcludingAssessedTax,2018-04-01,2018-06-30,535043000,10-Q,2018-07-26,2018,Q2
FIX,RevenueFromContractWithCustomerExcludingAssessedTax,2018-07-01,2018-09-30,594536000,10-Q,2018-10-25,2018,Q3
FIX,RevenueFromContractWithCustomerExcludingAssessedTax,2019-01-01,2019-03-31,538473000,10-Q,2019-04-25,2019,Q1
FIX,RevenueFromContractWithCustomerExcludingAssessedTax,2019-04-01,2019-06-30,650302000,10-Q,2019-07-25,2019,Q2
FIX,RevenueFromContractWithCustomerExcludingAssessedTax,2019-07-01,2019-09-30,706918000,10-Q,2019-10-24,2019,Q3
FIX,RevenueFromContractWithCustomerExcludingAssessedTax,2020-01-01,2020-03-31,700131000,10-Q,2020-04-27,2020,Q1
FIX,RevenueFromContractWithCustomerExcludingAssessedTax,2020-04-01,2020-06-30,743468000,10-Q,2020-07-27,2020,Q2
FIX,RevenueFromContractWithCustomerExcludingAssessedTax,2020-07-01,2020-09-30,714099000,10-Q,2020-10-26,2020,Q3
FIX,RevenueFromContractWithCustomerExcludingAssessedTax,2021-01-01,2021-03-31,669761000,10-Q,2021-04-28,2021,Q1
GEV,RevenueFromContractWithCustomerExcludingAssessedTax,2023-01-01,2023-03-31,6822000000,10-Q,2024-04-30,2024,Q1
GEV,RevenueFromContractWithCustomerExcludingAssessedTax,2023-04-01,2023-06-30,8119000000,10-Q,2024-07-24,2024,Q2
GEV,RevenueFromContractWithCustomerExcludingAssessedTax,2023-07-01,2023-09-30,8253000000,10-Q,2024-10-23,2024,Q3
GEV,RevenueFromContractWithCustomerExcludingAssessedTax,2024-01-01,2024-03-31,7260000000,10-Q,2024-04-30,2024,Q1
GEV,RevenueFromContractWithCustomerExcludingAssessedTax,2024-04-01,2024-06-30,8204000000,10-Q,2024-07-24,2024,Q2
GEV,RevenueFromContractWithCustomerExcludingAssessedTax,2024-07-01,2024-09-30,8913000000,10-Q,2024-10-23,2024,Q3
GEV,RevenueFromContractWithCustomerExcludingAssessedTax,2025-01-01,2025-03-31,8032000000,10-Q,2025-04-23,2025,Q1
GEV,RevenueFromContractWithCustomerExcludingAssessedTax,2025-04-01,2025-06-30,9111000000,10-Q,2025-07-23,2025,Q2
GEV,RevenueFromContractWithCustomerExcludingAssessedTax,2025-07-01,2025-09-30,9969000000,10-Q,2025-10-22,2025,Q3
GEV,RevenueFromContractWithCustomerExcludingAssessedTax,2026-01-01,2026-03-31,9339000000,10-Q,2026-04-22,2026,Q1
GEV,RevenueFromContractWithCustomerExcludingAssessedTax,2026-04-01,2026-06-30,11104000000,10-Q,2026-07-22,2026,Q2
IREN,RevenueFromContractWithCustomerExcludingAssessedTax,2024-07-01,2024-09-30,52764000,10-Q,2025-11-06,2026,Q1
IREN,RevenueFromContractWithCustomerExcludingAssessedTax,2024-10-01,2024-12-31,116144000,10-Q,2026-02-05,2026,Q2
IREN,RevenueFromContractWithCustomerExcludingAssessedTax,2025-01-01,2025-03-31,144823000,10-Q,2026-05-08,2026,Q3
IREN,RevenueFromContractWithCustomerExcludingAssessedTax,2025-07-01,2025-09-30,240295000,10-Q,2025-11-06,2026,Q1
IREN,RevenueFromContractWithCustomerExcludingAssessedTax,2025-10-01,2025-12-31,184692000,10-Q,2026-02-05,2026,Q2
IREN,RevenueFromContractWithCustomerExcludingAssessedTax,2026-01-01,2026-03-31,144795000,10-Q,2026-05-08,2026,Q3
IRM,RevenueFromContractWithCustomerExcludingAssessedTax,2017-01-01,2017-03-31,938876000,10-K,2019-02-14,2018,FY
IRM,RevenueFromContractWithCustomerExcludingAssessedTax,2017-04-01,2017-06-30,949806000,10-Q,2018-07-27,2018,Q2
IRM,RevenueFromContractWithCustomerExcludingAssessedTax,2017-07-01,2017-09-30,965661000,10-Q,2018-10-25,2018,Q3
IRM,RevenueFromContractWithCustomerExcludingAssessedTax,2017-10-01,2017-12-31,991235000,10-K,2019-02-14,2018,FY
IRM,RevenueFromContractWithCustomerExcludingAssessedTax,2018-01-01,2018-03-31,1042458000,10-K,2019-02-14,2018,FY
IRM,RevenueFromContractWithCustomerExcludingAssessedTax,2018-04-01,2018-06-30,1060823000,10-Q,2018-07-27,2018,Q2
IRM,RevenueFromContractWithCustomerExcludingAssessedTax,2018-07-01,2018-09-30,1060991000,10-Q,2018-10-25,2018,Q3
IRM,RevenueFromContractWithCustomerExcludingAssessedTax,2018-10-01,2018-12-31,1061489000,10-K,2019-02-14,2018,FY
IRM,RevenueFromContractWithCustomerExcludingAssessedTax,2019-01-01,2019-03-31,1053863000,10-Q,2019-04-25,2019,Q1
IRM,RevenueFromContractWithCustomerExcludingAssessedTax,2019-04-01,2019-06-30,1066907000,10-Q,2019-08-01,2019,Q2
IRM,RevenueFromContractWithCustomerExcludingAssessedTax,2019-07-01,2019-09-30,1062224000,10-Q,2019-10-31,2019,Q3
IRM,RevenueFromContractWithCustomerExcludingAssessedTax,2020-01-01,2020-03-31,385184000,10-Q,2021-05-06,2021,Q1
IRM,RevenueFromContractWithCustomerExcludingAssessedTax,2020-04-01,2020-06-30,305283000,10-Q,2020-08-06,2020,Q2
IRM,RevenueFromContractWithCustomerExcludingAssessedTax,2020-07-01,2020-09-30,340353000,10-Q,2020-11-05,2020,Q3
IRM,RevenueFromContractWithCustomerExcludingAssessedTax,2021-01-01,2021-03-31,373984000,10-Q,2021-05-06,2021,Q1
IRM,RevenueFromContractWithCustomerExcludingAssessedTax,2021-04-01,2021-06-30,401484000,10-Q,2021-08-05,2021,Q2
IRM,RevenueFromContractWithCustomerExcludingAssessedTax,2021-07-01,2021-09-30,411534000,10-Q,2021-11-04,2021,Q3
IRM,RevenueFromContractWithCustomerExcludingAssessedTax,2022-01-01,2022-03-31,496976000,10-Q,2022-04-28,2022,Q1
IRM,RevenueFromContractWithCustomerExcludingAssessedTax,2022-04-01,2022-06-30,536408000,10-Q,2022-08-04,2022,Q2
IRM,RevenueFromContractWithCustomerExcludingAssessedTax,2022-07-01,2022-09-30,526575000,10-Q,2022-11-03,2022,Q3
IRM,RevenueFromContractWithCustomerExcludingAssessedTax,2023-01-01,2023-03-31,1314349000,10-Q,2023-05-04,2023,Q1
IRM,RevenueFromContractWithCustomerExcludingAssessedTax,2023-04-01,2023-06-30,1357936000,10-Q,2023-08-03,2023,Q2
IRM,RevenueFromContractWithCustomerExcludingAssessedTax,2023-07-01,2023-09-30,1388175000,10-Q,2023-11-02,2023,Q3
IRM,RevenueFromContractWithCustomerExcludingAssessedTax,2024-01-01,2024-03-31,1476863000,10-Q,2024-05-02,2024,Q1
IRM,RevenueFromContractWithCustomerExcludingAssessedTax,2024-04-01,2024-06-30,1534409000,10-Q,2024-08-01,2024,Q2
IRM,RevenueFromContractWithCustomerExcludingAssessedTax,2024-07-01,2024-09-30,1557358000,10-Q,2024-11-06,2024,Q3
IRM,RevenueFromContractWithCustomerExcludingAssessedTax,2025-01-01,2025-03-31,1592529000,10-Q,2025-05-01,2025,Q1
IRM,RevenueFromContractWithCustomerExcludingAssessedTax,2025-04-01,2025-06-30,1711948000,10-Q,2025-08-06,2025,Q2
IRM,RevenueFromContractWithCustomerExcludingAssessedTax,2025-07-01,2025-09-30,1754093000,10-Q,2025-11-05,2025,Q3
IRM,RevenueFromContractWithCustomerExcludingAssessedTax,2026-01-01,2026-03-31,1936149000,10-Q,2026-04-30,2026,Q1
IRM,RevenueFromContractWithCustomerExcludingAssessedTax,2026-04-01,2026-06-30,2029062000,10-Q,2026-08-05,2026,Q2
LEU,RevenueFromContractWithCustomerExcludingAssessedTax,2018-01-01,2018-03-31,35700000,10-Q,2019-05-09,2019,Q1
LEU,RevenueFromContractWithCustomerExcludingAssessedTax,2018-04-01,2018-06-30,39400000,10-Q,2019-08-12,2019,Q2
LEU,RevenueFromContractWithCustomerExcludingAssessedTax,2018-07-01,2018-09-30,34100000,10-Q,2019-11-08,2019,Q3
LEU,RevenueFromContractWithCustomerExcludingAssessedTax,2019-01-01,2019-03-31,38700000,10-Q,2019-05-09,2019,Q1
LEU,RevenueFromContractWithCustomerExcludingAssessedTax,2019-04-01,2019-06-30,10600000,10-Q,2019-08-12,2019,Q2
LEU,RevenueFromContractWithCustomerExcludingAssessedTax,2019-07-01,2019-09-30,104700000,10-Q,2019-11-08,2019,Q3
LEU,RevenueFromContractWithCustomerExcludingAssessedTax,2020-01-01,2020-03-31,45000000,10-Q,2020-05-12,2020,Q1
LEU,RevenueFromContractWithCustomerExcludingAssessedTax,2020-04-01,2020-06-30,75700000,10-Q,2020-08-06,2020,Q2
LEU,RevenueFromContractWithCustomerExcludingAssessedTax,2020-07-01,2020-09-30,33600000,10-Q,2020-11-13,2020,Q3
LEU,RevenueFromContractWithCustomerExcludingAssessedTax,2021-01-01,2021-03-31,55600000,10-Q,2021-05-12,2021,Q1
LEU,RevenueFromContractWithCustomerExcludingAssessedTax,2021-04-01,2021-06-30,62400000,10-Q,2021-08-13,2021,Q2
LEU,RevenueFromContractWithCustomerExcludingAssessedTax,2021-07-01,2021-09-30,91300000,10-Q,2021-11-12,2021,Q3
LEU,RevenueFromContractWithCustomerExcludingAssessedTax,2022-01-01,2022-03-31,35300000,10-Q,2022-05-06,2022,Q1
LEU,RevenueFromContractWithCustomerExcludingAssessedTax,2022-04-01,2022-06-30,99100000,10-Q,2022-08-05,2022,Q2
LEU,RevenueFromContractWithCustomerExcludingAssessedTax,2022-07-01,2022-09-30,33200000,10-Q,2022-11-09,2022,Q3
LEU,RevenueFromContractWithCustomerExcludingAssessedTax,2023-01-01,2023-03-31,66900000,10-Q,2023-05-09,2023,Q1
LEU,RevenueFromContractWithCustomerExcludingAssessedTax,2023-04-01,2023-06-30,98400000,10-Q,2023-08-04,2023,Q2
LEU,RevenueFromContractWithCustomerExcludingAssessedTax,2023-07-01,2023-09-30,51300000,10-Q,2023-11-08,2023,Q3
LEU,RevenueFromContractWithCustomerExcludingAssessedTax,2024-01-01,2024-03-31,43700000,10-Q,2024-05-08,2024,Q1
LEU,RevenueFromContractWithCustomerExcludingAssessedTax,2024-04-01,2024-06-30,189000000,10-Q,2024-08-07,2024,Q2
LEU,RevenueFromContractWithCustomerExcludingAssessedTax,2024-07-01,2024-09-30,57700000,10-Q,2024-10-29,2024,Q3
LEU,RevenueFromContractWithCustomerExcludingAssessedTax,2025-01-01,2025-03-31,73100000,10-Q,2025-05-08,2025,Q1
LEU,RevenueFromContractWithCustomerExcludingAssessedTax,2025-04-01,2025-06-30,154500000,10-Q,2025-08-06,2025,Q2
LEU,RevenueFromContractWithCustomerExcludingAssessedTax,2025-07-01,2025-09-30,74900000,10-Q,2025-11-06,2025,Q3
LEU,RevenueFromContractWithCustomerExcludingAssessedTax,2026-01-01,2026-03-31,76700000,10-Q,2026-05-06,2026,Q1
LEU,RevenueFromContractWithCustomerExcludingAssessedTax,2026-04-01,2026-06-30,176100000,10-Q,2026-08-06,2026,Q2
META,RevenueFromContractWithCustomerExcludingAssessedTax,2017-01-01,2017-03-31,8032000000,10-Q,2018-04-26,2018,Q1
META,RevenueFromContractWithCustomerExcludingAssessedTax,2017-04-01,2017-06-30,9321000000,10-Q,2018-07-26,2018,Q2
META,RevenueFromContractWithCustomerExcludingAssessedTax,2017-07-01,2017-09-30,10328000000,10-Q,2018-10-31,2018,Q3
META,RevenueFromContractWithCustomerExcludingAssessedTax,2018-01-01,2018-03-31,11966000000,10-Q,2018-04-26,2018,Q1
META,RevenueFromContractWithCustomerExcludingAssessedTax,2018-04-01,2018-06-30,13231000000,10-Q,2018-07-26,2018,Q2
META,RevenueFromContractWithCustomerExcludingAssessedTax,2018-07-01,2018-09-30,13727000000,10-Q,2018-10-31,2018,Q3
META,RevenueFromContractWithCustomerExcludingAssessedTax,2019-01-01,2019-03-31,15077000000,10-Q,2019-04-25,2019,Q1
META,RevenueFromContractWithCustomerExcludingAssessedTax,2019-04-01,2019-06-30,16886000000,10-Q,2019-07-25,2019,Q2
META,RevenueFromContractWithCustomerExcludingAssessedTax,2019-07-01,2019-09-30,17652000000,10-Q,2019-10-31,2019,Q3
META,RevenueFromContractWithCustomerExcludingAssessedTax,2020-01-01,2020-03-31,17737000000,10-Q,2020-04-30,2020,Q1
META,RevenueFromContractWithCustomerExcludingAssessedTax,2020-04-01,2020-06-30,18687000000,10-Q,2020-07-31,2020,Q2
META,RevenueFromContractWithCustomerExcludingAssessedTax,2020-07-01,2020-09-30,21470000000,10-Q,2020-10-30,2020,Q3
META,RevenueFromContractWithCustomerExcludingAssessedTax,2021-01-01,2021-03-31,26171000000,10-Q,2021-04-29,2021,Q1
META,RevenueFromContractWithCustomerExcludingAssessedTax,2021-04-01,2021-06-30,29077000000,10-Q,2021-07-29,2021,Q2
META,RevenueFromContractWithCustomerExcludingAssessedTax,2021-07-01,2021-09-30,29010000000,10-Q,2021-10-26,2021,Q3
META,RevenueFromContractWithCustomerExcludingAssessedTax,2022-01-01,2022-03-31,27908000000,10-Q,2022-04-28,2022,Q1
META,RevenueFromContractWithCustomerExcludingAssessedTax,2022-04-01,2022-06-30,28822000000,10-Q,2022-07-28,2022,Q2
META,RevenueFromContractWithCustomerExcludingAssessedTax,2022-07-01,2022-09-30,27714000000,10-Q,2022-10-27,2022,Q3
META,RevenueFromContractWithCustomerExcludingAssessedTax,2023-01-01,2023-03-31,28645000000,10-Q,2023-04-27,2023,Q1
META,RevenueFromContractWithCustomerExcludingAssessedTax,2023-04-01,2023-06-30,31999000000,10-Q,2023-07-27,2023,Q2
META,RevenueFromContractWithCustomerExcludingAssessedTax,2023-07-01,2023-09-30,34146000000,10-Q,2023-10-26,2023,Q3
META,RevenueFromContractWithCustomerExcludingAssessedTax,2024-01-01,2024-03-31,36455000000,10-Q,2024-04-25,2024,Q1
META,RevenueFromContractWithCustomerExcludingAssessedTax,2024-04-01,2024-06-30,39071000000,10-Q,2024-08-01,2024,Q2
META,RevenueFromContractWithCustomerExcludingAssessedTax,2024-07-01,2024-09-30,40589000000,10-Q,2024-10-31,2024,Q3
META,RevenueFromContractWithCustomerExcludingAssessedTax,2025-01-01,2025-03-31,42314000000,10-Q,2025-05-01,2025,Q1
META,RevenueFromContractWithCustomerExcludingAssessedTax,2025-04-01,2025-06-30,47516000000,10-Q,2025-07-31,2025,Q2
META,RevenueFromContractWithCustomerExcludingAssessedTax,2025-07-01,2025-09-30,51242000000,10-Q,2025-10-30,2025,Q3
META,RevenueFromContractWithCustomerExcludingAssessedTax,2026-01-01,2026-03-31,56311000000,10-Q,2026-04-30,2026,Q1
META,RevenueFromContractWithCustomerExcludingAssessedTax,2026-04-01,2026-06-30,60801000000,10-Q,2026-07-30,2026,Q2
MRVL,RevenueFromContractWithCustomerExcludingAssessedTax,2020-02-02,2020-05-02,693641000,10-Q,2021-06-09,2022,Q1
MRVL,RevenueFromContractWithCustomerExcludingAssessedTax,2020-05-03,2020-08-01,727297000,10-Q,2021-08-27,2022,Q2
MRVL,RevenueFromContractWithCustomerExcludingAssessedTax,2020-08-02,2020-10-31,750143000,10-Q,2021-12-03,2022,Q3
MRVL,RevenueFromContractWithCustomerExcludingAssessedTax,2021-01-31,2021-05-01,832279000,10-Q,2021-06-09,2022,Q1
MRVL,RevenueFromContractWithCustomerExcludingAssessedTax,2021-05-02,2021-07-31,1075881000,10-Q,2021-08-27,2022,Q2
MRVL,RevenueFromContractWithCustomerExcludingAssessedTax,2021-08-01,2021-10-30,1211245000,10-Q,2021-12-03,2022,Q3
MRVL,RevenueFromContractWithCustomerExcludingAssessedTax,2022-01-30,2022-04-30,1446900000,10-Q,2022-05-27,2023,Q1
MRVL,RevenueFromContractWithCustomerExcludingAssessedTax,2022-05-01,2022-07-30,1516900000,10-Q,2022-08-26,2023,Q2
MRVL,RevenueFromContractWithCustomerExcludingAssessedTax,2022-07-31,2022-10-29,1537300000,10-Q,2022-12-02,2023,Q3
MRVL,RevenueFromContractWithCustomerExcludingAssessedTax,2023-01-29,2023-04-29,1321700000,10-Q,2023-05-26,2024,Q1
MRVL,RevenueFromContractWithCustomerExcludingAssessedTax,2023-04-30,2023-07-29,1340900000,10-Q,2023-08-25,2024,Q2
MRVL,RevenueFromContractWithCustomerExcludingAssessedTax,2023-07-30,2023-10-28,1418600000,10-Q,2023-12-01,2024,Q3
MRVL,RevenueFromContractWithCustomerExcludingAssessedTax,2024-02-04,2024-05-04,1160900000,10-Q,2024-05-31,2025,Q1
MRVL,RevenueFromContractWithCustomerExcludingAssessedTax,2024-05-05,2024-08-03,1272900000,10-Q,2024-08-30,2025,Q2
MRVL,RevenueFromContractWithCustomerExcludingAssessedTax,2024-08-04,2024-11-02,1516100000,10-Q,2024-12-04,2025,Q3
MRVL,RevenueFromContractWithCustomerExcludingAssessedTax,2025-02-02,2025-05-03,1895300000,10-Q,2025-05-30,2026,Q1
MRVL,RevenueFromContractWithCustomerExcludingAssessedTax,2025-05-04,2025-08-02,2006100000,10-Q,2025-08-29,2026,Q2
MRVL,RevenueFromContractWithCustomerExcludingAssessedTax,2025-08-03,2025-11-01,2074500000,10-Q,2025-12-03,2026,Q3
MRVL,RevenueFromContractWithCustomerExcludingAssessedTax,2026-02-01,2026-05-02,2417800000,10-Q,2026-05-28,2027,Q1
MRVL,RevenueFromContractWithCustomerExcludingAssessedTax,2026-05-03,2026-08-01,2739300000,10-Q,2026-08-28,2027,Q2
MSFT,RevenueFromContractWithCustomerExcludingAssessedTax,2016-07-02,2016-09-30,21928000000,10-K,2018-08-03,2018,FY
MSFT,RevenueFromContractWithCustomerExcludingAssessedTax,2016-10-01,2016-12-31,25826000000,10-K,2018-08-03,2018,FY
MSFT,RevenueFromContractWithCustomerExcludingAssessedTax,2017-01-01,2017-03-31,23212000000,10-K,2018-08-03,2018,FY
MSFT,RevenueFromContractWithCustomerExcludingAssessedTax,2017-04-01,2017-06-30,25605000000,10-K,2018-08-03,2018,FY
MSFT,RevenueFromContractWithCustomerExcludingAssessedTax,2017-07-01,2017-09-30,24538000000,10-K,2018-08-03,2018,FY
MSFT,RevenueFromContractWithCustomerExcludingAssessedTax,2017-10-01,2017-12-31,28918000000,10-K,2018-08-03,2018,FY
MSFT,RevenueFromContractWithCustomerExcludingAssessedTax,2018-01-01,2018-03-31,26819000000,10-K,2018-08-03,2018,FY
MSFT,RevenueFromContractWithCustomerExcludingAssessedTax,2018-04-01,2018-06-30,30085000000,10-K,2018-08-03,2018,FY
MSFT,RevenueFromContractWithCustomerExcludingAssessedTax,2018-07-01,2018-09-30,29084000000,10-Q,2018-10-24,2019,Q1
MSFT,RevenueFromContractWithCustomerExcludingAssessedTax,2018-10-01,2018-12-31,32471000000,10-Q,2019-01-30,2019,Q2
MSFT,RevenueFromContractWithCustomerExcludingAssessedTax,2019-01-01,2019-03-31,30571000000,10-Q,2019-04-24,2019,Q3
MSFT,RevenueFromContractWithCustomerExcludingAssessedTax,2019-04-01,2019-06-30,33717000000,10-K,2019-08-01,2019,FY
MSFT,RevenueFromContractWithCustomerExcludingAssessedTax,2019-07-01,2019-09-30,33055000000,10-Q,2019-10-23,2020,Q1
MSFT,RevenueFromContractWithCustomerExcludingAssessedTax,2019-10-01,2019-12-31,36906000000,10-Q,2020-01-29,2020,Q2
MSFT,RevenueFromContractWithCustomerExcludingAssessedTax,2020-01-01,2020-03-31,35021000000,10-Q,2020-04-29,2020,Q3
MSFT,RevenueFromContractWithCustomerExcludingAssessedTax,2020-04-01,2020-06-30,38033000000,10-K,2020-07-30,2020,FY
MSFT,RevenueFromContractWithCustomerExcludingAssessedTax,2020-07-01,2020-09-30,37154000000,10-Q,2020-10-27,2021,Q1
MSFT,RevenueFromContractWithCustomerExcludingAssessedTax,2020-10-01,2020-12-31,43076000000,10-Q,2021-01-26,2021,Q2
MSFT,RevenueFromContractWithCustomerExcludingAssessedTax,2021-01-01,2021-03-31,41706000000,10-Q,2021-04-27,2021,Q3
MSFT,RevenueFromContractWithCustomerExcludingAssessedTax,2021-07-01,2021-09-30,45317000000,10-Q,2021-10-26,2022,Q1
MSFT,RevenueFromContractWithCustomerExcludingAssessedTax,2021-10-01,2021-12-31,51728000000,10-Q,2022-01-25,2022,Q2
MSFT,RevenueFromContractWithCustomerExcludingAssessedTax,2022-01-01,2022-03-31,49360000000,10-Q,2022-04-26,2022,Q3
MSFT,RevenueFromContractWithCustomerExcludingAssessedTax,2022-07-01,2022-09-30,50122000000,10-Q,2022-10-25,2023,Q1
MSFT,RevenueFromContractWithCustomerExcludingAssessedTax,2022-10-01,2022-12-31,52747000000,10-Q,2023-01-24,2023,Q2
MSFT,RevenueFromContractWithCustomerExcludingAssessedTax,2023-01-01,2023-03-31,52857000000,10-Q,2023-04-25,2023,Q3
MSFT,RevenueFromContractWithCustomerExcludingAssessedTax,2023-07-01,2023-09-30,56517000000,10-Q,2023-10-24,2024,Q1
MSFT,RevenueFromContractWithCustomerExcludingAssessedTax,2023-10-01,2023-12-31,62020000000,10-Q,2024-01-30,2024,Q2
MSFT,RevenueFromContractWithCustomerExcludingAssessedTax,2024-01-01,2024-03-31,61858000000,10-Q,2024-04-25,2024,Q3
MSFT,RevenueFromContractWithCustomerExcludingAssessedTax,2024-07-01,2024-09-30,65585000000,10-Q,2024-10-30,2025,Q1
MSFT,RevenueFromContractWithCustomerExcludingAssessedTax,2024-10-01,2024-12-31,69632000000,10-Q,2025-01-29,2025,Q2
MSFT,RevenueFromContractWithCustomerExcludingAssessedTax,2025-01-01,2025-03-31,70066000000,10-Q,2025-04-30,2025,Q3
MSFT,RevenueFromContractWithCustomerExcludingAssessedTax,2025-07-01,2025-09-30,77673000000,10-Q,2025-10-29,2026,Q1
MSFT,RevenueFromContractWithCustomerExcludingAssessedTax,2025-10-01,2025-12-31,81273000000,10-Q,2026-01-28,2026,Q2
MSFT,RevenueFromContractWithCustomerExcludingAssessedTax,2026-01-01,2026-03-31,82886000000,10-Q,2026-04-29,2026,Q3
MU,RevenueFromContractWithCustomerExcludingAssessedTax,2017-09-01,2017-11-30,6803000000,10-Q,2018-12-19,2019,Q1
MU,RevenueFromContractWithCustomerExcludingAssessedTax,2017-12-01,2018-03-01,7351000000,10-Q,2019-03-21,2019,Q2
MU,RevenueFromContractWithCustomerExcludingAssessedTax,2018-03-02,2018-05-31,7797000000,10-Q,2019-06-26,2019,Q3
MU,RevenueFromContractWithCustomerExcludingAssessedTax,2018-06-01,2018-08-30,8440000000,10-K,2019-10-17,2019,FY
MU,RevenueFromContractWithCustomerExcludingAssessedTax,2018-08-31,2018-11-29,7913000000,10-Q,2018-12-19,2019,Q1
MU,RevenueFromContractWithCustomerExcludingAssessedTax,2018-11-30,2019-02-28,5835000000,10-Q,2019-03-21,2019,Q2
MU,RevenueFromContractWithCustomerExcludingAssessedTax,2019-03-01,2019-05-30,4788000000,10-Q,2019-06-26,2019,Q3
MU,RevenueFromContractWithCustomerExcludingAssessedTax,2019-05-31,2019-08-29,4870000000,10-K,2019-10-17,2019,FY
MU,RevenueFromContractWithCustomerExcludingAssessedTax,2019-08-30,2019-11-28,5144000000,10-Q,2019-12-20,2020,Q1
MU,RevenueFromContractWithCustomerExcludingAssessedTax,2019-11-29,2020-02-27,4797000000,10-Q,2020-03-26,2020,Q2
MU,RevenueFromContractWithCustomerExcludingAssessedTax,2020-02-28,2020-05-28,5438000000,10-Q,2020-06-29,2020,Q3
MU,RevenueFromContractWithCustomerExcludingAssessedTax,2020-05-29,2020-09-03,6056000000,10-K,2020-10-19,2020,FY
MU,RevenueFromContractWithCustomerExcludingAssessedTax,2020-09-04,2020-12-03,5773000000,10-Q,2021-01-08,2021,Q1
MU,RevenueFromContractWithCustomerExcludingAssessedTax,2020-12-04,2021-03-04,6236000000,10-Q,2021-04-01,2021,Q2
MU,RevenueFromContractWithCustomerExcludingAssessedTax,2021-03-05,2021-06-03,7422000000,10-Q,2021-07-01,2021,Q3
MU,RevenueFromContractWithCustomerExcludingAssessedTax,2021-09-03,2021-12-02,7687000000,10-Q,2022-01-06,2022,Q1
MU,RevenueFromContractWithCustomerExcludingAssessedTax,2021-12-03,2022-03-03,7786000000,10-Q,2022-03-30,2022,Q2
MU,RevenueFromContractWithCustomerExcludingAssessedTax,2022-03-04,2022-06-02,8642000000,10-Q,2022-07-01,2022,Q3
MU,RevenueFromContractWithCustomerExcludingAssessedTax,2022-09-02,2022-12-01,4085000000,10-Q,2022-12-22,2023,Q1
MU,RevenueFromContractWithCustomerExcludingAssessedTax,2022-12-02,2023-03-02,3693000000,10-Q,2023-03-29,2023,Q2
MU,RevenueFromContractWithCustomerExcludingAssessedTax,2023-03-03,2023-06-01,3752000000,10-Q,2023-06-29,2023,Q3
MU,RevenueFromContractWithCustomerExcludingAssessedTax,2023-09-01,2023-11-30,4726000000,10-Q,2023-12-21,2024,Q1
MU,RevenueFromContractWithCustomerExcludingAssessedTax,2023-12-01,2024-02-29,5824000000,10-Q,2024-03-21,2024,Q2
MU,RevenueFromContractWithCustomerExcludingAssessedTax,2024-03-01,2024-05-30,6811000000,10-Q,2024-06-27,2024,Q3
MU,RevenueFromContractWithCustomerExcludingAssessedTax,2024-08-30,2024-11-28,8709000000,10-Q,2024-12-19,2025,Q1
MU,RevenueFromContractWithCustomerExcludingAssessedTax,2024-11-29,2025-02-27,8053000000,10-Q,2025-03-21,2025,Q2
MU,RevenueFromContractWithCustomerExcludingAssessedTax,2025-02-28,2025-05-29,9301000000,10-Q,2025-06-26,2025,Q3
MU,RevenueFromContractWithCustomerExcludingAssessedTax,2025-08-29,2025-11-27,13643000000,10-Q,2025-12-18,2026,Q1
MU,RevenueFromContractWithCustomerExcludingAssessedTax,2025-11-28,2026-02-26,23860000000,10-Q,2026-03-19,2026,Q2
MU,RevenueFromContractWithCustomerExcludingAssessedTax,2026-02-27,2026-05-28,41456000000,10-Q,2026-06-25,2026,Q3
NRG,RevenueFromContractWithCustomerExcludingAssessedTax,2018-01-01,2018-03-31,1823000000,10-Q,2018-05-03,2018,Q1
NRG,RevenueFromContractWithCustomerExcludingAssessedTax,2018-04-01,2018-06-30,1928000000,10-Q,2018-08-02,2018,Q2
NRG,RevenueFromContractWithCustomerExcludingAssessedTax,2018-07-01,2018-09-30,2075000000,10-Q,2018-11-08,2018,Q3
NRG,RevenueFromContractWithCustomerExcludingAssessedTax,2019-01-01,2019-03-31,1779000000,10-Q,2019-05-02,2019,Q1
NRG,RevenueFromContractWithCustomerExcludingAssessedTax,2019-04-01,2019-06-30,1783000000,10-Q,2019-08-07,2019,Q2
NRG,RevenueFromContractWithCustomerExcludingAssessedTax,2019-07-01,2019-09-30,2504000000,10-Q,2019-11-07,2019,Q3
NRG,RevenueFromContractWithCustomerExcludingAssessedTax,2020-01-01,2020-03-31,1925000000,10-Q,2020-05-07,2020,Q1
NRG,RevenueFromContractWithCustomerExcludingAssessedTax,2020-04-01,2020-06-30,2124000000,10-Q,2020-08-06,2020,Q2
NRG,RevenueFromContractWithCustomerExcludingAssessedTax,2020-07-01,2020-09-30,2684000000,10-Q,2020-11-05,2020,Q3
NRG,RevenueFromContractWithCustomerExcludingAssessedTax,2021-01-01,2021-03-31,7929000000,10-Q,2021-05-06,2021,Q1
NRG,RevenueFromContractWithCustomerExcludingAssessedTax,2021-04-01,2021-06-30,5236000000,10-Q,2021-08-05,2021,Q2
NRG,RevenueFromContractWithCustomerExcludingAssessedTax,2021-07-01,2021-09-30,6490000000,10-Q,2021-11-04,2021,Q3
NRG,RevenueFromContractWithCustomerExcludingAssessedTax,2022-01-01,2022-03-31,7989000000,10-Q,2022-05-06,2022,Q1
NRG,RevenueFromContractWithCustomerExcludingAssessedTax,2022-04-01,2022-06-30,7477000000,10-Q,2022-08-04,2022,Q2
NRG,RevenueFromContractWithCustomerExcludingAssessedTax,2022-07-01,2022-09-30,8359000000,10-Q,2022-11-07,2022,Q3
NRG,RevenueFromContractWithCustomerExcludingAssessedTax,2023-01-01,2023-03-31,7515000000,10-Q,2023-05-04,2023,Q1
NRG,RevenueFromContractWithCustomerExcludingAssessedTax,2023-04-01,2023-06-30,6216000000,10-Q,2023-08-08,2023,Q2
NRG,RevenueFromContractWithCustomerExcludingAssessedTax,2023-07-01,2023-09-30,7861000000,10-Q,2023-11-02,2023,Q3
NRG,RevenueFromContractWithCustomerExcludingAssessedTax,2024-01-01,2024-03-31,7380000000,10-Q,2024-05-07,2024,Q1
NRG,RevenueFromContractWithCustomerExcludingAssessedTax,2024-04-01,2024-06-30,6480000000,10-Q,2024-08-08,2024,Q2
NRG,RevenueFromContractWithCustomerExcludingAssessedTax,2024-07-01,2024-09-30,7127000000,10-Q,2024-11-08,2024,Q3
NRG,RevenueFromContractWithCustomerExcludingAssessedTax,2025-01-01,2025-03-31,8489000000,10-Q,2025-05-12,2025,Q1
NRG,RevenueFromContractWithCustomerExcludingAssessedTax,2025-04-01,2025-06-30,6673000000,10-Q,2025-08-06,2025,Q2
NRG,RevenueFromContractWithCustomerExcludingAssessedTax,2025-07-01,2025-09-30,7503000000,10-Q,2025-11-06,2025,Q3
NRG,RevenueFromContractWithCustomerExcludingAssessedTax,2026-01-01,2026-03-31,10136000000,10-Q,2026-05-06,2026,Q1
NRG,RevenueFromContractWithCustomerExcludingAssessedTax,2026-04-01,2026-06-30,7319000000,10-Q,2026-08-04,2026,Q2
NVDA,RevenueFromContractWithCustomerExcludingAssessedTax,2017-01-30,2017-04-30,1937000000,10-K,2019-02-21,2019,FY
NVDA,RevenueFromContractWithCustomerExcludingAssessedTax,2017-05-01,2017-07-30,2230000000,10-K,2019-02-21,2019,FY
NVDA,RevenueFromContractWithCustomerExcludingAssessedTax,2017-07-31,2017-10-29,2636000000,10-K,2019-02-21,2019,FY
NVDA,RevenueFromContractWithCustomerExcludingAssessedTax,2017-10-30,2018-01-28,2911000000,10-K,2019-02-21,2019,FY
NVDA,RevenueFromContractWithCustomerExcludingAssessedTax,2018-01-29,2018-04-29,3207000000,10-K,2019-02-21,2019,FY
NVDA,RevenueFromContractWithCustomerExcludingAssessedTax,2018-04-30,2018-07-29,3123000000,10-K,2019-02-21,2019,FY
NVDA,RevenueFromContractWithCustomerExcludingAssessedTax,2018-07-30,2018-10-28,3181000000,10-K,2019-02-21,2019,FY
NVDA,RevenueFromContractWithCustomerExcludingAssessedTax,2018-10-29,2019-01-27,2205000000,10-K,2019-02-21,2019,FY
NVDA,RevenueFromContractWithCustomerExcludingAssessedTax,2019-01-28,2019-04-28,2220000000,10-K,2020-02-20,2020,FY
NVDA,RevenueFromContractWithCustomerExcludingAssessedTax,2019-04-29,2019-07-28,2579000000,10-K,2020-02-20,2020,FY
NVDA,RevenueFromContractWithCustomerExcludingAssessedTax,2019-07-29,2019-10-27,3014000000,10-K,2020-02-20,2020,FY
NVDA,RevenueFromContractWithCustomerExcludingAssessedTax,2019-10-28,2020-01-26,3105000000,10-K,2020-02-20,2020,FY
NVT,RevenueFromContractWithCustomerExcludingAssessedTax,2017-01-01,2017-03-31,502200000,10-Q,2018-05-08,2018,Q1
NVT,RevenueFromContractWithCustomerExcludingAssessedTax,2017-04-01,2017-06-30,513200000,10-Q,2018-07-26,2018,Q2
NVT,RevenueFromContractWithCustomerExcludingAssessedTax,2017-07-01,2017-09-30,540600000,10-Q,2018-10-25,2018,Q3
NVT,RevenueFromContractWithCustomerExcludingAssessedTax,2017-10-01,2017-12-31,541900000,10-K,2019-02-19,2018,FY
NVT,RevenueFromContractWithCustomerExcludingAssessedTax,2018-01-01,2018-03-31,538900000,10-Q,2018-05-08,2018,Q1
NVT,RevenueFromContractWithCustomerExcludingAssessedTax,2018-04-01,2018-06-30,542700000,10-Q,2018-07-26,2018,Q2
NVT,RevenueFromContractWithCustomerExcludingAssessedTax,2018-07-01,2018-09-30,563900000,10-Q,2018-10-25,2018,Q3
NVT,RevenueFromContractWithCustomerExcludingAssessedTax,2018-10-01,2018-12-31,568100000,10-K,2019-02-19,2018,FY
NVT,RevenueFromContractWithCustomerExcludingAssessedTax,2019-01-01,2019-03-31,538000000,10-Q,2019-04-25,2019,Q1
NVT,RevenueFromContractWithCustomerExcludingAssessedTax,2019-04-01,2019-06-30,539500000,10-Q,2019-08-01,2019,Q2
NVT,RevenueFromContractWithCustomerExcludingAssessedTax,2019-07-01,2019-09-30,559800000,10-Q,2019-10-30,2019,Q3
NVT,RevenueFromContractWithCustomerExcludingAssessedTax,2019-10-01,2019-12-31,566700000,10-K,2020-02-25,2019,FY
NVT,RevenueFromContractWithCustomerExcludingAssessedTax,2020-01-01,2020-03-31,520900000,10-Q,2020-04-29,2020,Q1
NVT,RevenueFromContractWithCustomerExcludingAssessedTax,2020-04-01,2020-06-30,447200000,10-Q,2020-07-31,2020,Q2
NVT,RevenueFromContractWithCustomerExcludingAssessedTax,2020-07-01,2020-09-30,509300000,10-Q,2020-10-30,2020,Q3
NVT,RevenueFromContractWithCustomerExcludingAssessedTax,2020-10-01,2020-12-31,521200000,10-K,2021-02-23,2020,FY
NVT,RevenueFromContractWithCustomerExcludingAssessedTax,2021-01-01,2021-03-31,548900000,10-Q,2021-04-29,2021,Q1
NVT,RevenueFromContractWithCustomerExcludingAssessedTax,2021-04-01,2021-06-30,601300000,10-Q,2021-08-03,2021,Q2
NVT,RevenueFromContractWithCustomerExcludingAssessedTax,2021-07-01,2021-09-30,642800000,10-Q,2021-10-28,2021,Q3
NVT,RevenueFromContractWithCustomerExcludingAssessedTax,2022-01-01,2022-03-31,694700000,10-Q,2022-04-29,2022,Q1
NVT,RevenueFromContractWithCustomerExcludingAssessedTax,2022-04-01,2022-06-30,727500000,10-Q,2022-07-29,2021,Q2
NVT,RevenueFromContractWithCustomerExcludingAssessedTax,2022-07-01,2022-09-30,745200000,10-Q,2022-10-28,2022,Q3
NVT,RevenueFromContractWithCustomerExcludingAssessedTax,2023-01-01,2023-03-31,740600000,10-Q,2023-04-28,2023,Q1
NVT,RevenueFromContractWithCustomerExcludingAssessedTax,2023-04-01,2023-06-30,803000000,10-Q,2023-07-28,2023,Q2
NVT,RevenueFromContractWithCustomerExcludingAssessedTax,2023-07-01,2023-09-30,858800000,10-Q,2023-10-27,2023,Q3
NVT,RevenueFromContractWithCustomerExcludingAssessedTax,2024-01-01,2024-03-31,874600000,10-Q,2024-05-03,2024,Q1
NVT,RevenueFromContractWithCustomerExcludingAssessedTax,2024-04-01,2024-06-30,880300000,10-Q,2024-08-06,2024,Q2
NVT,RevenueFromContractWithCustomerExcludingAssessedTax,2024-07-01,2024-09-30,782000000,10-Q,2024-11-01,2024,Q3
NVT,RevenueFromContractWithCustomerExcludingAssessedTax,2025-01-01,2025-03-31,809300000,10-Q,2025-05-02,2025,Q1
NVT,RevenueFromContractWithCustomerExcludingAssessedTax,2025-04-01,2025-06-30,963100000,10-Q,2025-08-01,2025,Q2
NVT,RevenueFromContractWithCustomerExcludingAssessedTax,2025-07-01,2025-09-30,1054000000,10-Q,2025-10-31,2025,Q3
NVT,RevenueFromContractWithCustomerExcludingAssessedTax,2026-01-01,2026-03-31,1242000000,10-Q,2026-05-01,2026,Q1
NVT,RevenueFromContractWithCustomerExcludingAssessedTax,2026-04-01,2026-06-30,1471300000,10-Q,2026-07-31,2026,Q2
OKLO,RevenueFromContractWithCustomerExcludingAssessedTax,2025-04-01,2025-06-30,0,10-Q,2026-08-07,2026,Q2
OKLO,RevenueFromContractWithCustomerExcludingAssessedTax,2026-04-01,2026-06-30,1210000,10-Q,2026-08-07,2026,Q2
ORCL,RevenueFromContractWithCustomerExcludingAssessedTax,2017-06-01,2017-08-31,9104000000,10-Q,2018-09-19,2019,Q1
ORCL,RevenueFromContractWithCustomerExcludingAssessedTax,2017-09-01,2017-11-30,9589000000,10-Q,2018-12-19,2019,Q2
ORCL,RevenueFromContractWithCustomerExcludingAssessedTax,2017-12-01,2018-02-28,9676000000,10-Q,2019-03-18,2019,Q3
ORCL,RevenueFromContractWithCustomerExcludingAssessedTax,2018-06-01,2018-08-31,9193000000,10-Q,2018-09-19,2019,Q1
ORCL,RevenueFromContractWithCustomerExcludingAssessedTax,2018-09-01,2018-11-30,9562000000,10-Q,2018-12-19,2019,Q2
ORCL,RevenueFromContractWithCustomerExcludingAssessedTax,2018-12-01,2019-02-28,9614000000,10-Q,2019-03-18,2019,Q3
ORCL,RevenueFromContractWithCustomerExcludingAssessedTax,2019-06-01,2019-08-31,9218000000,10-Q,2019-09-13,2020,Q1
ORCL,RevenueFromContractWithCustomerExcludingAssessedTax,2019-09-01,2019-11-30,9614000000,10-Q,2019-12-13,2020,Q2
ORCL,RevenueFromContractWithCustomerExcludingAssessedTax,2019-12-01,2020-02-29,9796000000,10-Q,2020-03-13,2020,Q3
ORCL,RevenueFromContractWithCustomerExcludingAssessedTax,2020-06-01,2020-08-31,9367000000,10-Q,2020-09-15,2021,Q1
ORCL,RevenueFromContractWithCustomerExcludingAssessedTax,2020-09-01,2020-11-30,9800000000,10-Q,2020-12-11,2021,Q2
ORCL,RevenueFromContractWithCustomerExcludingAssessedTax,2020-12-01,2021-02-28,10085000000,10-Q,2021-03-11,2021,Q3
ORCL,RevenueFromContractWithCustomerExcludingAssessedTax,2021-06-01,2021-08-31,9728000000,10-Q,2021-09-13,2022,Q1
ORCL,RevenueFromContractWithCustomerExcludingAssessedTax,2021-09-01,2021-11-30,10360000000,10-Q,2021-12-10,2022,Q2
ORCL,RevenueFromContractWithCustomerExcludingAssessedTax,2021-12-01,2022-02-28,10513000000,10-Q,2022-03-11,2022,Q3
ORCL,RevenueFromContractWithCustomerExcludingAssessedTax,2022-06-01,2022-08-31,11445000000,10-Q,2022-09-13,2023,Q1
ORCL,RevenueFromContractWithCustomerExcludingAssessedTax,2022-09-01,2022-11-30,12275000000,10-Q,2022-12-13,2023,Q2
ORCL,RevenueFromContractWithCustomerExcludingAssessedTax,2022-12-01,2023-02-28,12398000000,10-Q,2023-03-10,2023,Q3
ORCL,RevenueFromContractWithCustomerExcludingAssessedTax,2023-06-01,2023-08-31,12453000000,10-Q,2023-09-12,2024,Q1
ORCL,RevenueFromContractWithCustomerExcludingAssessedTax,2023-09-01,2023-11-30,12941000000,10-Q,2023-12-12,2024,Q2
ORCL,RevenueFromContractWithCustomerExcludingAssessedTax,2023-12-01,2024-02-29,13280000000,10-Q,2024-03-12,2024,Q3
ORCL,RevenueFromContractWithCustomerExcludingAssessedTax,2024-06-01,2024-08-31,13307000000,10-Q,2024-09-10,2025,Q1
ORCL,RevenueFromContractWithCustomerExcludingAssessedTax,2024-09-01,2024-11-30,14059000000,10-Q,2024-12-10,2025,Q2
ORCL,RevenueFromContractWithCustomerExcludingAssessedTax,2024-12-01,2025-02-28,14130000000,10-Q,2025-03-11,2025,Q3
ORCL,RevenueFromContractWithCustomerExcludingAssessedTax,2025-06-01,2025-08-31,14926000000,10-Q,2025-09-10,2026,Q1
ORCL,RevenueFromContractWithCustomerExcludingAssessedTax,2025-09-01,2025-11-30,16058000000,10-Q,2025-12-11,2026,Q2
ORCL,RevenueFromContractWithCustomerExcludingAssessedTax,2025-12-01,2026-02-28,17190000000,10-Q,2026-03-11,2026,Q3
ORCL,RevenueFromContractWithCustomerExcludingAssessedTax,2026-06-01,2026-08-31,19345000000,10-Q,2026-09-11,2026,Q1
PCG,RevenueFromContractWithCustomerExcludingAssessedTax,2018-01-01,2018-03-31,4056000000,10-Q,2019-05-02,2019,Q1
PCG,RevenueFromContractWithCustomerExcludingAssessedTax,2018-04-01,2018-06-30,4234000000,10-Q,2019-08-09,2019,Q2
PCG,RevenueFromContractWithCustomerExcludingAssessedTax,2018-07-01,2018-09-30,4381000000,10-Q,2019-11-07,2019,Q3
PCG,RevenueFromContractWithCustomerExcludingAssessedTax,2019-01-01,2019-03-31,4011000000,10-Q,2019-05-02,2019,Q1
PCG,RevenueFromContractWithCustomerExcludingAssessedTax,2019-04-01,2019-06-30,3943000000,10-Q,2019-08-09,2019,Q2
PCG,RevenueFromContractWithCustomerExcludingAssessedTax,2019-07-01,2019-09-30,4432000000,10-Q,2019-11-07,2019,Q3
PCG,RevenueFromContractWithCustomerExcludingAssessedTax,2020-01-01,2020-03-31,4306000000,10-Q,2020-05-01,2020,Q1
PCG,RevenueFromContractWithCustomerExcludingAssessedTax,2020-04-01,2020-06-30,4533000000,10-Q,2020-07-30,2020,Q2
PCG,RevenueFromContractWithCustomerExcludingAssessedTax,2020-07-01,2020-09-30,4882000000,10-Q,2020-10-29,2020,Q3
PCG,RevenueFromContractWithCustomerExcludingAssessedTax,2021-01-01,2021-03-31,4716000000,10-Q,2021-04-29,2021,Q1
PCG,RevenueFromContractWithCustomerExcludingAssessedTax,2021-04-01,2021-06-30,5215000000,10-Q,2021-07-29,2021,Q2
PCG,RevenueFromContractWithCustomerExcludingAssessedTax,2021-07-01,2021-09-30,5465000000,10-Q,2021-11-01,2021,Q3
PPL,RevenueFromContractWithCustomerExcludingAssessedTax,2018-01-01,2018-03-31,2142000000,10-Q,2018-05-03,2018,Q1
PPL,RevenueFromContractWithCustomerExcludingAssessedTax,2018-04-01,2018-06-30,1844000000,10-Q,2018-08-07,2018,Q2
PPL,RevenueFromContractWithCustomerExcludingAssessedTax,2018-07-01,2018-09-30,1853000000,10-Q,2018-11-01,2018,Q3
PPL,RevenueFromContractWithCustomerExcludingAssessedTax,2019-01-01,2019-03-31,2063000000,10-Q,2019-05-02,2019,Q1
PPL,RevenueFromContractWithCustomerExcludingAssessedTax,2019-04-01,2019-06-30,1773000000,10-Q,2019-08-06,2019,Q2
PPL,RevenueFromContractWithCustomerExcludingAssessedTax,2019-07-01,2019-09-30,1930000000,10-Q,2019-11-05,2019,Q3
PPL,RevenueFromContractWithCustomerExcludingAssessedTax,2020-01-01,2020-03-31,2041000000,10-Q,2020-05-08,2020,Q1
PPL,RevenueFromContractWithCustomerExcludingAssessedTax,2020-04-01,2020-06-30,1724000000,10-Q,2020-08-10,2020,Q2
PPL,RevenueFromContractWithCustomerExcludingAssessedTax,2020-07-01,2020-09-30,1879000000,10-Q,2020-11-05,2020,Q3
PPL,RevenueFromContractWithCustomerExcludingAssessedTax,2021-01-01,2021-03-31,1516000000,10-Q,2021-05-06,2021,Q1
PPL,RevenueFromContractWithCustomerExcludingAssessedTax,2021-04-01,2021-06-30,1302000000,10-Q,2021-08-05,2021,Q2
PPL,RevenueFromContractWithCustomerExcludingAssessedTax,2021-07-01,2021-09-30,1527000000,10-Q,2021-11-04,2021,Q2
PPL,RevenueFromContractWithCustomerExcludingAssessedTax,2022-01-01,2022-03-31,1748000000,10-Q,2022-05-05,2022,Q1
PPL,RevenueFromContractWithCustomerExcludingAssessedTax,2022-04-01,2022-06-30,1650000000,10-Q,2022-08-03,2022,Q2
PPL,RevenueFromContractWithCustomerExcludingAssessedTax,2022-07-01,2022-09-30,2177000000,10-Q,2022-11-04,2022,Q3
PPL,RevenueFromContractWithCustomerExcludingAssessedTax,2023-01-01,2023-03-31,2447000000,10-Q,2023-05-04,2022,Q3
PPL,RevenueFromContractWithCustomerExcludingAssessedTax,2023-04-01,2023-06-30,1821000000,10-Q,2023-08-04,2022,Q3
PPL,RevenueFromContractWithCustomerExcludingAssessedTax,2023-07-01,2023-09-30,2038000000,10-Q,2023-11-02,2022,Q3
PPL,RevenueFromContractWithCustomerExcludingAssessedTax,2024-01-01,2024-03-31,2303000000,10-Q,2024-05-01,2022,Q3
PPL,RevenueFromContractWithCustomerExcludingAssessedTax,2024-04-01,2024-06-30,1874000000,10-Q,2024-08-02,2022,Q3
PPL,RevenueFromContractWithCustomerExcludingAssessedTax,2024-07-01,2024-09-30,2077000000,10-Q,2024-11-01,2022,Q3
PPL,RevenueFromContractWithCustomerExcludingAssessedTax,2025-01-01,2025-03-31,2545000000,10-Q,2025-04-30,2025,Q1
PPL,RevenueFromContractWithCustomerExcludingAssessedTax,2025-04-01,2025-06-30,2040000000,10-Q,2025-07-31,2025,Q2
PPL,RevenueFromContractWithCustomerExcludingAssessedTax,2025-07-01,2025-09-30,2237000000,10-Q,2025-11-05,2025,Q3
PPL,RevenueFromContractWithCustomerExcludingAssessedTax,2026-01-01,2026-03-31,2785000000,10-Q,2026-05-08,2026,Q1
PRIM,RevenueFromContractWithCustomerExcludingAssessedTax,2017-01-01,2017-03-31,561502000,10-K,2019-02-28,2018,FY
PRIM,RevenueFromContractWithCustomerExcludingAssessedTax,2017-04-01,2017-06-30,631165000,10-K,2019-02-28,2018,FY
PRIM,RevenueFromContractWithCustomerExcludingAssessedTax,2017-07-01,2017-09-30,608311000,10-K,2019-02-28,2018,FY
PRIM,RevenueFromContractWithCustomerExcludingAssessedTax,2017-10-01,2017-12-31,579017000,10-K,2019-02-28,2018,FY
PRIM,RevenueFromContractWithCustomerExcludingAssessedTax,2018-01-01,2018-03-31,504119000,10-Q,2018-05-08,2018,Q1
PRIM,RevenueFromContractWithCustomerExcludingAssessedTax,2018-04-01,2018-06-30,648787000,10-Q,2018-08-07,2018,Q2
PRIM,RevenueFromContractWithCustomerExcludingAssessedTax,2018-07-01,2018-09-30,908902000,10-Q,2018-11-06,2018,Q3
PRIM,RevenueFromContractWithCustomerExcludingAssessedTax,2018-10-01,2018-12-31,877670000,10-K,2019-02-28,2018,FY
PRIM,RevenueFromContractWithCustomerExcludingAssessedTax,2019-01-01,2019-03-31,661558000,10-Q,2019-05-07,2019,Q1
PRIM,RevenueFromContractWithCustomerExcludingAssessedTax,2019-04-01,2019-06-30,789929000,10-Q,2019-08-06,2019,Q2
PRIM,RevenueFromContractWithCustomerExcludingAssessedTax,2019-07-01,2019-09-30,865064000,10-Q,2019-11-04,2019,Q3
PRIM,RevenueFromContractWithCustomerExcludingAssessedTax,2019-10-01,2019-12-31,789778000,10-K,2020-02-25,2019,FY
PRIM,RevenueFromContractWithCustomerExcludingAssessedTax,2020-01-01,2020-03-31,743243000,10-Q,2020-05-05,2020,Q1
PRIM,RevenueFromContractWithCustomerExcludingAssessedTax,2020-04-01,2020-06-30,908216000,10-Q,2020-08-04,2020,Q2
PRIM,RevenueFromContractWithCustomerExcludingAssessedTax,2020-07-01,2020-09-30,942700000,10-Q,2020-11-05,2020,Q3
PRIM,RevenueFromContractWithCustomerExcludingAssessedTax,2020-10-01,2020-12-31,897338000,10-K,2021-02-23,2020,FY
PRIM,RevenueFromContractWithCustomerExcludingAssessedTax,2021-01-01,2021-03-31,818329000,10-Q,2021-05-06,2021,Q1
PRIM,RevenueFromContractWithCustomerExcludingAssessedTax,2021-04-01,2021-06-30,881610000,10-Q,2021-08-04,2021,Q2
PRIM,RevenueFromContractWithCustomerExcludingAssessedTax,2021-07-01,2021-09-30,913245000,10-Q,2021-11-09,2021,Q3
PRIM,RevenueFromContractWithCustomerExcludingAssessedTax,2021-10-01,2021-12-31,884448000,10-K,2022-03-01,2021,FY
PRIM,RevenueFromContractWithCustomerExcludingAssessedTax,2022-01-01,2022-03-31,784384000,10-Q,2022-05-10,2022,Q1
PRIM,RevenueFromContractWithCustomerExcludingAssessedTax,2022-04-01,2022-06-30,1022948000,10-Q,2022-08-09,2022,Q2
PRIM,RevenueFromContractWithCustomerExcludingAssessedTax,2022-07-01,2022-09-30,1284128000,10-Q,2022-11-08,2022,Q3
PRIM,RevenueFromContractWithCustomerExcludingAssessedTax,2022-10-01,2022-12-31,1329139000,10-K,2023-02-28,2022,FY
PRIM,RevenueFromContractWithCustomerExcludingAssessedTax,2023-01-01,2023-03-31,1256896000,10-Q,2023-05-10,2023,Q1
PRIM,RevenueFromContractWithCustomerExcludingAssessedTax,2023-04-01,2023-06-30,1413377000,10-Q,2023-08-08,2023,Q2
PRIM,RevenueFromContractWithCustomerExcludingAssessedTax,2023-07-01,2023-09-30,1529486000,10-Q,2023-11-08,2023,Q3
PRIM,RevenueFromContractWithCustomerExcludingAssessedTax,2023-10-01,2023-12-31,1515550000,10-K,2024-02-27,2023,FY
PRIM,RevenueFromContractWithCustomerExcludingAssessedTax,2024-01-01,2024-03-31,1412707000,10-Q,2024-05-09,2024,Q1
PRIM,RevenueFromContractWithCustomerExcludingAssessedTax,2024-04-01,2024-06-30,1563715000,10-Q,2024-08-06,2024,Q2
PRIM,RevenueFromContractWithCustomerExcludingAssessedTax,2024-07-01,2024-09-30,1649086000,10-Q,2024-11-05,2024,Q3
PRIM,RevenueFromContractWithCustomerExcludingAssessedTax,2024-10-01,2024-12-31,1741330000,10-K,2025-02-25,2024,FY
PRIM,RevenueFromContractWithCustomerExcludingAssessedTax,2025-01-01,2025-03-31,1648112000,10-Q,2025-05-06,2025,Q1
PRIM,RevenueFromContractWithCustomerExcludingAssessedTax,2025-04-01,2025-06-30,1890745000,10-Q,2025-08-05,2025,Q2
PRIM,RevenueFromContractWithCustomerExcludingAssessedTax,2025-07-01,2025-09-30,2178422000,10-Q,2025-11-04,2025,Q3
PRIM,RevenueFromContractWithCustomerExcludingAssessedTax,2025-10-01,2025-12-31,1857700000,10-K,2026-02-24,2025,FY
PRIM,RevenueFromContractWithCustomerExcludingAssessedTax,2026-01-01,2026-03-31,1559900000,10-Q,2026-05-06,2026,Q1
PRIM,RevenueFromContractWithCustomerExcludingAssessedTax,2026-04-01,2026-06-30,1688200000,10-Q,2026-08-05,2026,Q2
PWR,RevenueFromContractWithCustomerExcludingAssessedTax,2017-01-01,2017-03-31,2178170000,10-K,2019-02-28,2018,FY
PWR,RevenueFromContractWithCustomerExcludingAssessedTax,2017-04-01,2017-06-30,2200374000,10-K,2019-02-28,2018,FY
PWR,RevenueFromContractWithCustomerExcludingAssessedTax,2017-07-01,2017-09-30,2609307000,10-Q,2018-11-07,2018,Q3
PWR,RevenueFromContractWithCustomerExcludingAssessedTax,2017-10-01,2017-12-31,2478627000,10-K,2019-02-28,2018,FY
PWR,RevenueFromContractWithCustomerExcludingAssessedTax,2018-01-01,2018-03-31,2417576000,10-Q,2018-05-09,2018,Q1
PWR,RevenueFromContractWithCustomerExcludingAssessedTax,2018-04-01,2018-06-30,2656348000,10-Q,2018-08-07,2018,Q2
PWR,RevenueFromContractWithCustomerExcludingAssessedTax,2018-07-01,2018-09-30,2985281000,10-Q,2018-11-07,2018,Q3
PWR,RevenueFromContractWithCustomerExcludingAssessedTax,2018-10-01,2018-12-31,3112218000,10-K,2019-02-28,2018,FY
PWR,RevenueFromContractWithCustomerExcludingAssessedTax,2019-01-01,2019-03-31,2807259000,10-Q,2019-05-06,2019,Q1
PWR,RevenueFromContractWithCustomerExcludingAssessedTax,2019-04-01,2019-06-30,2839199000,10-Q,2019-08-02,2019,Q2
PWR,RevenueFromContractWithCustomerExcludingAssessedTax,2019-07-01,2019-09-30,3352895000,10-Q,2019-11-01,2019,Q3
PWR,RevenueFromContractWithCustomerExcludingAssessedTax,2019-10-01,2019-12-31,3112800000,10-K,2020-02-28,2019,FY
PWR,RevenueFromContractWithCustomerExcludingAssessedTax,2020-01-01,2020-03-31,2764095000,10-Q,2020-05-08,2020,Q1
PWR,RevenueFromContractWithCustomerExcludingAssessedTax,2020-04-01,2020-06-30,2506231000,10-Q,2020-08-07,2020,Q2
PWR,RevenueFromContractWithCustomerExcludingAssessedTax,2020-07-01,2020-09-30,3020161000,10-Q,2020-11-02,2020,Q3
PWR,RevenueFromContractWithCustomerExcludingAssessedTax,2021-01-01,2021-03-31,2703581000,10-Q,2021-05-07,2021,Q1
PWR,RevenueFromContractWithCustomerExcludingAssessedTax,2021-04-01,2021-06-30,2999816000,10-Q,2021-08-06,2021,Q2
PWR,RevenueFromContractWithCustomerExcludingAssessedTax,2021-07-01,2021-09-30,3353278000,10-Q,2021-11-04,2021,Q3
PWR,RevenueFromContractWithCustomerExcludingAssessedTax,2022-01-01,2022-03-31,3965525000,10-Q,2022-05-05,2022,Q1
PWR,RevenueFromContractWithCustomerExcludingAssessedTax,2022-04-01,2022-06-30,4232003000,10-Q,2022-08-04,2022,Q2
PWR,RevenueFromContractWithCustomerExcludingAssessedTax,2022-07-01,2022-09-30,4459757000,10-Q,2022-11-04,2022,Q3
PWR,RevenueFromContractWithCustomerExcludingAssessedTax,2023-01-01,2023-03-31,4428826000,10-Q,2023-05-04,2023,Q1
PWR,RevenueFromContractWithCustomerExcludingAssessedTax,2023-04-01,2023-06-30,5048610000,10-Q,2023-08-03,2023,Q2
PWR,RevenueFromContractWithCustomerExcludingAssessedTax,2023-07-01,2023-09-30,5620822000,10-Q,2023-11-02,2023,Q3
PWR,RevenueFromContractWithCustomerExcludingAssessedTax,2024-01-01,2024-03-31,5031819000,10-Q,2024-05-02,2024,Q1
PWR,RevenueFromContractWithCustomerExcludingAssessedTax,2024-04-01,2024-06-30,5594387000,10-Q,2024-08-01,2024,Q2
PWR,RevenueFromContractWithCustomerExcludingAssessedTax,2024-07-01,2024-09-30,6493167000,10-Q,2024-10-31,2024,Q3
PWR,RevenueFromContractWithCustomerExcludingAssessedTax,2025-01-01,2025-03-31,6233334000,10-Q,2025-05-01,2025,Q1
PWR,RevenueFromContractWithCustomerExcludingAssessedTax,2025-04-01,2025-06-30,6773007000,10-Q,2025-07-31,2025,Q2
PWR,RevenueFromContractWithCustomerExcludingAssessedTax,2025-07-01,2025-09-30,7631408000,10-Q,2025-10-30,2025,Q3
PWR,RevenueFromContractWithCustomerExcludingAssessedTax,2026-01-01,2026-03-31,7874787000,10-Q,2026-04-30,2026,Q1
PWR,RevenueFromContractWithCustomerExcludingAssessedTax,2026-04-01,2026-06-30,9556997000,10-Q,2026-07-30,2026,Q2
ROK,RevenueFromContractWithCustomerExcludingAssessedTax,2017-10-01,2017-12-31,1586600000,10-Q,2019-01-31,2019,Q1
ROK,RevenueFromContractWithCustomerExcludingAssessedTax,2018-01-01,2018-03-31,1651200000,10-Q,2019-04-25,2019,Q2
ROK,RevenueFromContractWithCustomerExcludingAssessedTax,2018-04-01,2018-06-30,1698700000,10-Q,2019-07-25,2019,Q3
ROK,RevenueFromContractWithCustomerExcludingAssessedTax,2018-07-01,2018-09-30,1729500000,10-K,2019-11-12,2019,FY
ROK,RevenueFromContractWithCustomerExcludingAssessedTax,2018-10-01,2018-12-31,1642300000,10-Q,2019-01-31,2019,Q1
ROK,RevenueFromContractWithCustomerExcludingAssessedTax,2019-01-01,2019-03-31,1657200000,10-Q,2019-04-25,2019,Q2
ROK,RevenueFromContractWithCustomerExcludingAssessedTax,2019-04-01,2019-06-30,1665100000,10-Q,2019-07-25,2019,Q3
ROK,RevenueFromContractWithCustomerExcludingAssessedTax,2019-07-01,2019-09-30,1730200000,10-K,2019-11-12,2019,FY
ROK,RevenueFromContractWithCustomerExcludingAssessedTax,2019-10-01,2019-12-31,1684500000,10-Q,2020-01-29,2020,Q1
ROK,RevenueFromContractWithCustomerExcludingAssessedTax,2020-01-01,2020-03-31,1681300000,10-Q,2020-04-28,2020,Q2
ROK,RevenueFromContractWithCustomerExcludingAssessedTax,2020-04-01,2020-06-30,1394000000,10-Q,2020-07-28,2020,Q3
ROK,RevenueFromContractWithCustomerExcludingAssessedTax,2020-07-01,2020-09-30,1570000000,10-K,2020-11-10,2020,FY
ROK,RevenueFromContractWithCustomerExcludingAssessedTax,2020-10-01,2020-12-31,1565300000,10-Q,2021-01-26,2021,Q1
ROK,RevenueFromContractWithCustomerExcludingAssessedTax,2021-01-01,2021-03-31,1776100000,10-Q,2021-04-28,2021,Q2
ROK,RevenueFromContractWithCustomerExcludingAssessedTax,2021-04-01,2021-06-30,1848200000,10-Q,2021-07-27,2021,Q3
ROK,RevenueFromContractWithCustomerExcludingAssessedTax,2021-10-01,2021-12-31,1857300000,10-Q,2022-01-27,2022,Q1
ROK,RevenueFromContractWithCustomerExcludingAssessedTax,2022-01-01,2022-03-31,1808100000,10-Q,2022-05-03,2022,Q2
ROK,RevenueFromContractWithCustomerExcludingAssessedTax,2022-04-01,2022-06-30,1968700000,10-Q,2022-07-27,2022,Q3
ROK,RevenueFromContractWithCustomerExcludingAssessedTax,2022-10-01,2022-12-31,1981000000,10-Q,2023-01-26,2023,Q1
ROK,RevenueFromContractWithCustomerExcludingAssessedTax,2023-01-01,2023-03-31,2275400000,10-Q,2023-04-27,2023,Q2
ROK,RevenueFromContractWithCustomerExcludingAssessedTax,2023-04-01,2023-06-30,2238700000,10-Q,2023-08-01,2023,Q3
ROK,RevenueFromContractWithCustomerExcludingAssessedTax,2023-10-01,2023-12-31,2052100000,10-Q,2024-01-31,2024,Q1
ROK,RevenueFromContractWithCustomerExcludingAssessedTax,2024-01-01,2024-03-31,2126000000,10-Q,2024-05-07,2024,Q2
ROK,RevenueFromContractWithCustomerExcludingAssessedTax,2024-04-01,2024-06-30,2050600000,10-Q,2024-08-07,2024,Q3
ROK,RevenueFromContractWithCustomerExcludingAssessedTax,2024-10-01,2024-12-31,1881000000,10-Q,2025-02-10,2025,Q1
ROK,RevenueFromContractWithCustomerExcludingAssessedTax,2025-01-01,2025-03-31,2001000000,10-Q,2025-05-07,2025,Q2
ROK,RevenueFromContractWithCustomerExcludingAssessedTax,2025-04-01,2025-06-30,2144000000,10-Q,2025-08-06,2025,Q3
ROK,RevenueFromContractWithCustomerExcludingAssessedTax,2025-10-01,2025-12-31,2105000000,10-Q,2026-02-05,2026,Q1
ROK,RevenueFromContractWithCustomerExcludingAssessedTax,2026-01-01,2026-03-31,2239000000,10-Q,2026-05-05,2026,Q2
ROK,RevenueFromContractWithCustomerExcludingAssessedTax,2026-04-01,2026-06-30,2313000000,10-Q,2026-08-04,2026,Q3
SBAC,RevenueFromContractWithCustomerExcludingAssessedTax,2018-01-01,2018-03-31,27760000,10-Q,2019-05-09,2019,Q1
SBAC,RevenueFromContractWithCustomerExcludingAssessedTax,2018-04-01,2018-06-30,26439000,10-Q,2019-08-06,2019,Q2
SBAC,RevenueFromContractWithCustomerExcludingAssessedTax,2018-07-01,2018-09-30,31961000,10-Q,2019-11-07,2019,Q3
SBAC,RevenueFromContractWithCustomerExcludingAssessedTax,2019-01-01,2019-03-31,41110000,10-Q,2019-05-09,2019,Q1
SBAC,RevenueFromContractWithCustomerExcludingAssessedTax,2019-04-01,2019-06-30,41144000,10-Q,2019-08-06,2019,Q2
SBAC,RevenueFromContractWithCustomerExcludingAssessedTax,2019-07-01,2019-09-30,38975000,10-Q,2019-11-07,2019,Q3
SBAC,RevenueFromContractWithCustomerExcludingAssessedTax,2020-01-01,2020-03-31,24711000,10-Q,2020-05-06,2020,Q1
SBAC,RevenueFromContractWithCustomerExcludingAssessedTax,2020-04-01,2020-06-30,24823000,10-Q,2020-08-06,2020,Q2
SBAC,RevenueFromContractWithCustomerExcludingAssessedTax,2020-07-01,2020-09-30,36175000,10-Q,2020-11-05,2020,Q3
SBAC,RevenueFromContractWithCustomerExcludingAssessedTax,2021-01-01,2021-03-31,43636000,10-Q,2021-05-06,2021,Q1
SBAC,RevenueFromContractWithCustomerExcludingAssessedTax,2021-04-01,2021-06-30,51433000,10-Q,2021-08-05,2021,Q2
SBAC,RevenueFromContractWithCustomerExcludingAssessedTax,2021-07-01,2021-09-30,53813000,10-Q,2021-11-05,2021,Q3
SBAC,RevenueFromContractWithCustomerExcludingAssessedTax,2022-01-01,2022-03-31,60338000,10-Q,2022-04-29,2022,Q1
SBAC,RevenueFromContractWithCustomerExcludingAssessedTax,2022-04-01,2022-06-30,71773000,10-Q,2022-08-04,2022,Q2
SBAC,RevenueFromContractWithCustomerExcludingAssessedTax,2022-07-01,2022-09-30,88282000,10-Q,2022-11-03,2022,Q3
SBAC,RevenueFromContractWithCustomerExcludingAssessedTax,2023-01-01,2023-03-31,58248000,10-Q,2023-05-09,2023,Q1
SBAC,RevenueFromContractWithCustomerExcludingAssessedTax,2023-04-01,2023-06-30,52357000,10-Q,2023-08-03,2023,Q2
SBAC,RevenueFromContractWithCustomerExcludingAssessedTax,2023-07-01,2023-09-30,45104000,10-Q,2023-11-07,2023,Q3
SBAC,RevenueFromContractWithCustomerExcludingAssessedTax,2024-01-01,2024-03-31,29586000,10-Q,2024-05-06,2024,Q1
SBAC,RevenueFromContractWithCustomerExcludingAssessedTax,2024-04-01,2024-06-30,34020000,10-Q,2024-08-02,2024,Q2
SBAC,RevenueFromContractWithCustomerExcludingAssessedTax,2024-07-01,2024-09-30,41898000,10-Q,2024-11-01,2024,Q3
SBAC,RevenueFromContractWithCustomerExcludingAssessedTax,2025-01-01,2025-03-31,48039000,10-Q,2025-05-01,2025,Q1
SBAC,RevenueFromContractWithCustomerExcludingAssessedTax,2025-04-01,2025-06-30,67193000,10-Q,2025-08-07,2025,Q2
SBAC,RevenueFromContractWithCustomerExcludingAssessedTax,2025-07-01,2025-09-30,75900000,10-Q,2025-11-06,2025,Q3
SBAC,RevenueFromContractWithCustomerExcludingAssessedTax,2026-01-01,2026-03-31,47289000,10-Q,2026-05-05,2026,Q1
SBAC,RevenueFromContractWithCustomerExcludingAssessedTax,2026-04-01,2026-06-30,51389000,10-Q,2026-08-06,2026,Q2
SMCI,RevenueFromContractWithCustomerExcludingAssessedTax,2017-07-01,2017-09-30,716737000,10-Q,2019-12-19,2019,Q1
SMCI,RevenueFromContractWithCustomerExcludingAssessedTax,2017-10-01,2017-12-31,826983000,10-Q,2019-12-19,2019,Q2
SMCI,RevenueFromContractWithCustomerExcludingAssessedTax,2018-01-01,2018-03-31,835110000,10-Q,2019-12-19,2019,Q3
SMCI,RevenueFromContractWithCustomerExcludingAssessedTax,2018-04-01,2018-06-30,981662000,10-K,2019-12-19,2019,FY
SMCI,RevenueFromContractWithCustomerExcludingAssessedTax,2018-07-01,2018-09-30,971118000,10-Q,2019-12-19,2019,Q1
SMCI,RevenueFromContractWithCustomerExcludingAssessedTax,2018-10-01,2018-12-31,931509000,10-Q,2019-12-19,2019,Q2
SMCI,RevenueFromContractWithCustomerExcludingAssessedTax,2019-01-01,2019-03-31,743499000,10-Q,2019-12-19,2019,Q3
SMCI,RevenueFromContractWithCustomerExcludingAssessedTax,2019-04-01,2019-06-30,854234000,10-K,2019-12-19,2019,FY
SMCI,RevenueFromContractWithCustomerExcludingAssessedTax,2019-07-01,2019-09-30,799804000,10-Q,2019-12-20,2020,Q1
SMCI,RevenueFromContractWithCustomerExcludingAssessedTax,2019-10-01,2019-12-31,870943000,10-Q,2020-02-07,2020,Q2
SMCI,RevenueFromContractWithCustomerExcludingAssessedTax,2020-01-01,2020-03-31,772408000,10-Q,2020-05-11,2020,Q3
SMCI,RevenueFromContractWithCustomerExcludingAssessedTax,2020-04-01,2020-06-30,896126000,10-K,2020-08-31,2020,FY
SMCI,RevenueFromContractWithCustomerExcludingAssessedTax,2020-07-01,2020-09-30,762250000,10-Q,2020-11-06,2021,Q1
SMCI,RevenueFromContractWithCustomerExcludingAssessedTax,2020-10-01,2020-12-31,830306000,10-Q,2021-02-05,2021,Q2
SMCI,RevenueFromContractWithCustomerExcludingAssessedTax,2021-01-01,2021-03-31,895881000,10-Q,2021-05-07,2021,Q3
SMCI,RevenueFromContractWithCustomerExcludingAssessedTax,2021-07-01,2021-09-30,1032730000,10-Q,2021-11-05,2022,Q1
SMCI,RevenueFromContractWithCustomerExcludingAssessedTax,2021-10-01,2021-12-31,1172419000,10-Q,2022-02-04,2022,Q2
SMCI,RevenueFromContractWithCustomerExcludingAssessedTax,2022-01-01,2022-03-31,1355490000,10-Q,2022-05-06,2022,Q3
SMCI,RevenueFromContractWithCustomerExcludingAssessedTax,2022-07-01,2022-09-30,1852130000,10-Q,2022-11-04,2023,Q1
SMCI,RevenueFromContractWithCustomerExcludingAssessedTax,2022-10-01,2022-12-31,1803195000,10-Q,2023-02-03,2023,Q2
SMCI,RevenueFromContractWithCustomerExcludingAssessedTax,2023-01-01,2023-03-31,1283296000,10-Q,2023-05-05,2023,Q3
SMCI,RevenueFromContractWithCustomerExcludingAssessedTax,2023-07-01,2023-09-30,2119672000,10-Q,2023-11-03,2024,Q1
SMCI,RevenueFromContractWithCustomerExcludingAssessedTax,2023-10-01,2023-12-31,3664924000,10-Q,2024-02-02,2024,Q2
SMCI,RevenueFromContractWithCustomerExcludingAssessedTax,2024-01-01,2024-03-31,3850066000,10-Q,2024-05-06,2024,Q3
SMCI,RevenueFromContractWithCustomerExcludingAssessedTax,2024-07-01,2024-09-30,5937256000,10-Q,2025-02-25,2025,Q1
SMCI,RevenueFromContractWithCustomerExcludingAssessedTax,2024-10-01,2024-12-31,5677962000,10-Q,2025-02-25,2025,Q2
SMCI,RevenueFromContractWithCustomerExcludingAssessedTax,2025-01-01,2025-03-31,4599913000,10-Q,2025-05-12,2025,Q3
SMCI,RevenueFromContractWithCustomerExcludingAssessedTax,2025-07-01,2025-09-30,5017790000,10-Q,2025-11-07,2026,Q1
SMCI,RevenueFromContractWithCustomerExcludingAssessedTax,2025-10-01,2025-12-31,12682491000,10-Q,2026-02-06,2026,Q2
SMCI,RevenueFromContractWithCustomerExcludingAssessedTax,2026-01-01,2026-03-31,10243014000,10-Q,2026-05-11,2026,Q3
SMR,RevenueFromContractWithCustomerExcludingAssessedTax,2021-04-01,2021-06-30,372000,10-Q,2022-08-12,2022,Q2
SMR,RevenueFromContractWithCustomerExcludingAssessedTax,2021-07-01,2021-09-30,297000,10-Q,2022-11-14,2022,Q3
SMR,RevenueFromContractWithCustomerExcludingAssessedTax,2022-01-01,2022-03-31,2445000,10-Q,2023-05-09,2023,Q1
SMR,RevenueFromContractWithCustomerExcludingAssessedTax,2022-04-01,2022-06-30,2749000,10-Q,2022-08-12,2022,Q2
SMR,RevenueFromContractWithCustomerExcludingAssessedTax,2022-07-01,2022-09-30,3172000,10-Q,2022-11-14,2022,Q3
SMR,RevenueFromContractWithCustomerExcludingAssessedTax,2023-01-01,2023-03-31,5505000,10-Q,2023-05-09,2023,Q1
SMR,RevenueFromContractWithCustomerExcludingAssessedTax,2023-04-01,2023-06-30,5795000,10-Q,2023-08-09,2023,Q2
SMR,RevenueFromContractWithCustomerExcludingAssessedTax,2023-07-01,2023-09-30,6950000,10-Q,2023-11-09,2023,Q3
SMR,RevenueFromContractWithCustomerExcludingAssessedTax,2024-01-01,2024-03-31,1379000,10-Q,2024-05-09,2024,Q1
SMR,RevenueFromContractWithCustomerExcludingAssessedTax,2024-04-01,2024-06-30,967000,10-Q,2024-08-09,2024,Q2
SMR,RevenueFromContractWithCustomerExcludingAssessedTax,2024-07-01,2024-09-30,475000,10-Q,2024-11-08,2024,Q3
SMR,RevenueFromContractWithCustomerExcludingAssessedTax,2025-01-01,2025-03-31,13375000,10-Q,2025-05-12,2025,Q1
SMR,RevenueFromContractWithCustomerExcludingAssessedTax,2025-04-01,2025-06-30,8054000,10-Q,2025-08-07,2025,Q2
SMR,RevenueFromContractWithCustomerExcludingAssessedTax,2025-07-01,2025-09-30,8242000,10-Q,2025-11-06,2025,Q3
SMR,RevenueFromContractWithCustomerExcludingAssessedTax,2026-01-01,2026-03-31,565000,10-Q,2026-05-07,2026,Q1
SMR,RevenueFromContractWithCustomerExcludingAssessedTax,2026-04-01,2026-06-30,75000,10-Q,2026-08-05,2026,Q2
SRE,RevenueFromContractWithCustomerExcludingAssessedTax,2018-01-01,2018-03-31,2896000000,10-Q,2018-05-07,2018,Q1
SRE,RevenueFromContractWithCustomerExcludingAssessedTax,2018-04-01,2018-06-30,2356000000,10-Q,2018-08-06,2018,Q2
SRE,RevenueFromContractWithCustomerExcludingAssessedTax,2018-07-01,2018-09-30,2992000000,10-Q,2018-11-07,2018,Q3
SRE,RevenueFromContractWithCustomerExcludingAssessedTax,2019-01-01,2019-03-31,3043000000,10-Q,2019-05-07,2019,Q1
SRE,RevenueFromContractWithCustomerExcludingAssessedTax,2019-04-01,2019-06-30,2080000000,10-Q,2019-08-02,2019,Q2
SRE,RevenueFromContractWithCustomerExcludingAssessedTax,2019-07-01,2019-09-30,2383000000,10-Q,2019-11-01,2019,Q3
SRE,RevenueFromContractWithCustomerExcludingAssessedTax,2020-01-01,2020-03-31,3007000000,10-Q,2020-05-04,2020,Q1
SRE,RevenueFromContractWithCustomerExcludingAssessedTax,2020-04-01,2020-06-30,2124000000,10-Q,2020-08-05,2020,Q2
SRE,RevenueFromContractWithCustomerExcludingAssessedTax,2020-07-01,2020-09-30,2348000000,10-Q,2020-11-05,2020,Q3
SRE,RevenueFromContractWithCustomerExcludingAssessedTax,2021-01-01,2021-03-31,3141000000,10-Q,2021-05-05,2021,Q1
SRE,RevenueFromContractWithCustomerExcludingAssessedTax,2021-04-01,2021-06-30,2470000000,10-Q,2021-08-05,2021,Q2
SRE,RevenueFromContractWithCustomerExcludingAssessedTax,2021-07-01,2021-09-30,2648000000,10-Q,2021-11-05,2021,Q3
SRE,RevenueFromContractWithCustomerExcludingAssessedTax,2022-01-01,2022-03-31,3689000000,10-Q,2022-05-05,2022,Q1
SRE,RevenueFromContractWithCustomerExcludingAssessedTax,2022-04-01,2022-06-30,3033000000,10-Q,2022-08-04,2022,Q2
SRE,RevenueFromContractWithCustomerExcludingAssessedTax,2022-07-01,2022-09-30,3106000000,10-Q,2022-11-03,2022,Q3
SRE,RevenueFromContractWithCustomerExcludingAssessedTax,2023-01-01,2023-03-31,5889000000,10-Q,2023-05-04,2023,Q1
SRE,RevenueFromContractWithCustomerExcludingAssessedTax,2023-04-01,2023-06-30,2892000000,10-Q,2023-08-03,2023,Q2
SRE,RevenueFromContractWithCustomerExcludingAssessedTax,2023-07-01,2023-09-30,2894000000,10-Q,2023-11-03,2023,Q3
SRE,RevenueFromContractWithCustomerExcludingAssessedTax,2024-01-01,2024-03-31,3697000000,10-Q,2024-05-07,2024,Q1
SRE,RevenueFromContractWithCustomerExcludingAssessedTax,2024-04-01,2024-06-30,2484000000,10-Q,2024-08-06,2024,Q2
SRE,RevenueFromContractWithCustomerExcludingAssessedTax,2024-07-01,2024-09-30,2569000000,10-Q,2024-11-06,2024,Q3
SRE,RevenueFromContractWithCustomerExcludingAssessedTax,2025-01-01,2025-03-31,3681000000,10-Q,2025-05-08,2025,Q1
SRE,RevenueFromContractWithCustomerExcludingAssessedTax,2025-04-01,2025-06-30,2700000000,10-Q,2025-08-07,2025,Q2
SRE,RevenueFromContractWithCustomerExcludingAssessedTax,2025-07-01,2025-09-30,2756000000,10-Q,2025-11-05,2025,Q3
SRE,RevenueFromContractWithCustomerExcludingAssessedTax,2026-01-01,2026-03-31,3428000000,10-Q,2026-05-07,2026,Q1
STRL,RevenueFromContractWithCustomerExcludingAssessedTax,2017-01-01,2017-03-31,153416000,10-Q,2018-05-08,2018,Q1
STRL,RevenueFromContractWithCustomerExcludingAssessedTax,2017-04-01,2017-06-30,246412000,10-Q,2018-08-02,2018,Q2
STRL,RevenueFromContractWithCustomerExcludingAssessedTax,2017-07-01,2017-09-30,304219000,10-Q,2018-11-06,2018,Q3
STRL,RevenueFromContractWithCustomerExcludingAssessedTax,2017-10-01,2017-12-31,253911000,10-K,2019-03-05,2018,FY
STRL,RevenueFromContractWithCustomerExcludingAssessedTax,2018-01-01,2018-03-31,222492000,10-Q,2018-05-08,2018,Q1
STRL,RevenueFromContractWithCustomerExcludingAssessedTax,2018-04-01,2018-06-30,268734000,10-Q,2018-08-02,2018,Q2
STRL,RevenueFromContractWithCustomerExcludingAssessedTax,2018-07-01,2018-09-30,291266000,10-Q,2018-11-06,2018,Q3
STRL,RevenueFromContractWithCustomerExcludingAssessedTax,2018-10-01,2018-12-31,255175000,10-K,2019-03-05,2018,FY
STRL,RevenueFromContractWithCustomerExcludingAssessedTax,2019-01-01,2019-03-31,223949000,10-Q,2019-05-07,2019,Q1
STRL,RevenueFromContractWithCustomerExcludingAssessedTax,2019-04-01,2019-06-30,264086000,10-Q,2019-08-06,2019,Q2
STRL,RevenueFromContractWithCustomerExcludingAssessedTax,2019-07-01,2019-09-30,291699000,10-Q,2019-11-05,2019,Q3
STRL,RevenueFromContractWithCustomerExcludingAssessedTax,2019-10-01,2019-12-31,346544000,10-K,2020-03-03,2019,FY
STRL,RevenueFromContractWithCustomerExcludingAssessedTax,2020-01-01,2020-03-31,296688000,10-Q,2020-05-05,2020,Q1
STRL,RevenueFromContractWithCustomerExcludingAssessedTax,2020-04-01,2020-06-30,400038000,10-Q,2020-08-04,2020,Q2
STRL,RevenueFromContractWithCustomerExcludingAssessedTax,2020-07-01,2020-09-30,383458000,10-Q,2020-11-03,2020,Q3
STRL,RevenueFromContractWithCustomerExcludingAssessedTax,2021-01-01,2021-03-31,315316000,10-Q,2021-05-04,2021,Q1
STRL,RevenueFromContractWithCustomerExcludingAssessedTax,2021-04-01,2021-06-30,401666000,10-Q,2021-08-03,2021,Q2
STRL,RevenueFromContractWithCustomerExcludingAssessedTax,2021-07-01,2021-09-30,463449000,10-Q,2021-11-03,2021,Q3
STRL,RevenueFromContractWithCustomerExcludingAssessedTax,2022-01-01,2022-03-31,410320000,10-Q,2022-05-03,2022,Q1
STRL,RevenueFromContractWithCustomerExcludingAssessedTax,2022-04-01,2022-06-30,510568000,10-Q,2022-08-02,2022,Q2
STRL,RevenueFromContractWithCustomerExcludingAssessedTax,2022-07-01,2022-09-30,556942000,10-Q,2022-11-01,2022,Q3
STRL,RevenueFromContractWithCustomerExcludingAssessedTax,2023-01-01,2023-03-31,403579000,10-Q,2023-05-02,2023,Q1
STRL,RevenueFromContractWithCustomerExcludingAssessedTax,2023-04-01,2023-06-30,522325000,10-Q,2023-08-08,2023,Q2
STRL,RevenueFromContractWithCustomerExcludingAssessedTax,2023-07-01,2023-09-30,560347000,10-Q,2023-11-07,2023,Q3
STRL,RevenueFromContractWithCustomerExcludingAssessedTax,2024-01-01,2024-03-31,440360000,10-Q,2024-05-07,2024,Q1
STRL,RevenueFromContractWithCustomerExcludingAssessedTax,2024-04-01,2024-06-30,582822000,10-Q,2024-08-06,2024,Q2
STRL,RevenueFromContractWithCustomerExcludingAssessedTax,2024-07-01,2024-09-30,593741000,10-Q,2024-11-07,2024,Q3
STRL,RevenueFromContractWithCustomerExcludingAssessedTax,2025-01-01,2025-03-31,430949000,10-Q,2025-05-06,2025,Q1
STRL,RevenueFromContractWithCustomerExcludingAssessedTax,2025-04-01,2025-06-30,614468000,10-Q,2025-08-05,2025,Q2
STRL,RevenueFromContractWithCustomerExcludingAssessedTax,2025-07-01,2025-09-30,689019000,10-Q,2025-11-04,2025,Q3
STRL,RevenueFromContractWithCustomerExcludingAssessedTax,2026-01-01,2026-03-31,825675000,10-Q,2026-05-05,2026,Q1
STRL,RevenueFromContractWithCustomerExcludingAssessedTax,2026-04-01,2026-06-30,1168179000,10-Q,2026-08-04,2026,Q2
TLN,RevenueFromContractWithCustomerExcludingAssessedTax,2023-07-01,2023-09-30,666000000,10-Q,2024-11-14,2024,Q3
TLN,RevenueFromContractWithCustomerExcludingAssessedTax,2024-01-01,2024-03-31,416000000,10-Q,2025-05-08,2025,Q1
TLN,RevenueFromContractWithCustomerExcludingAssessedTax,2024-04-01,2024-06-30,346000000,10-Q,2024-08-13,2024,Q2
TLN,RevenueFromContractWithCustomerExcludingAssessedTax,2024-07-01,2024-09-30,459000000,10-Q,2024-11-14,2024,Q3
TLN,RevenueFromContractWithCustomerExcludingAssessedTax,2025-01-01,2025-03-31,654000000,10-Q,2025-05-08,2025,Q1
TLN,RevenueFromContractWithCustomerExcludingAssessedTax,2025-04-01,2025-06-30,409000000,10-Q,2025-08-07,2025,Q2
TLN,RevenueFromContractWithCustomerExcludingAssessedTax,2025-07-01,2025-09-30,697000000,10-Q,2025-11-05,2025,Q3
TLN,RevenueFromContractWithCustomerExcludingAssessedTax,2026-01-01,2026-03-31,1568000000,10-Q,2026-05-05,2026,Q1
TLN,RevenueFromContractWithCustomerExcludingAssessedTax,2026-04-01,2026-06-30,894000000,10-Q,2026-08-05,2026,Q2
VRT,RevenueFromContractWithCustomerExcludingAssessedTax,2019-01-01,2019-03-31,1054800000,10-Q,2020-05-07,2020,Q1
VRT,RevenueFromContractWithCustomerExcludingAssessedTax,2019-04-01,2019-06-30,1134100000,10-Q,2020-08-05,2020,Q2
VRT,RevenueFromContractWithCustomerExcludingAssessedTax,2019-07-01,2019-09-30,1070700000,10-Q,2020-11-05,2020,Q3
VRT,RevenueFromContractWithCustomerExcludingAssessedTax,2019-10-01,2019-12-31,1171500000,10-K,2021-03-01,2020,FY
VRT,RevenueFromContractWithCustomerExcludingAssessedTax,2020-01-01,2020-03-31,897300000,10-Q,2020-05-07,2020,Q1
VRT,RevenueFromContractWithCustomerExcludingAssessedTax,2020-04-01,2020-06-30,1005700000,10-Q,2020-08-05,2020,Q2
VRT,RevenueFromContractWithCustomerExcludingAssessedTax,2020-07-01,2020-09-30,1162000000,10-Q,2020-11-05,2020,Q3
VRT,RevenueFromContractWithCustomerExcludingAssessedTax,2020-10-01,2020-12-31,1305500000,10-K,2021-03-01,2020,FY
VRT,RevenueFromContractWithCustomerExcludingAssessedTax,2021-01-01,2021-03-31,1098400000,10-Q,2021-05-03,2021,Q1
VRT,RevenueFromContractWithCustomerExcludingAssessedTax,2021-04-01,2021-06-30,1260300000,10-Q,2021-08-02,2021,Q2
VRT,RevenueFromContractWithCustomerExcludingAssessedTax,2021-07-01,2021-09-30,1228900000,10-Q,2021-11-01,2021,Q3
VRT,RevenueFromContractWithCustomerExcludingAssessedTax,2022-01-01,2022-03-31,1156400000,10-Q,2022-05-02,2022,Q1
VRT,RevenueFromContractWithCustomerExcludingAssessedTax,2022-04-01,2022-06-30,1399400000,10-Q,2022-08-03,2022,Q2
VRT,RevenueFromContractWithCustomerExcludingAssessedTax,2022-07-01,2022-09-30,1481100000,10-Q,2022-10-31,2022,Q3
VRT,RevenueFromContractWithCustomerExcludingAssessedTax,2023-01-01,2023-03-31,1521100000,10-Q,2023-04-28,2023,Q1
VRT,RevenueFromContractWithCustomerExcludingAssessedTax,2023-04-01,2023-06-30,1734100000,10-Q,2023-08-02,2023,Q2
VRT,RevenueFromContractWithCustomerExcludingAssessedTax,2023-07-01,2023-09-30,1742600000,10-Q,2023-10-27,2023,Q3
VRT,RevenueFromContractWithCustomerExcludingAssessedTax,2024-01-01,2024-03-31,1639100000,10-Q,2024-04-26,2024,Q1
VRT,RevenueFromContractWithCustomerExcludingAssessedTax,2024-04-01,2024-06-30,1952800000,10-Q,2024-07-26,2024,Q2
VRT,RevenueFromContractWithCustomerExcludingAssessedTax,2024-07-01,2024-09-30,2073500000,10-Q,2024-10-25,2024,Q3
VRT,RevenueFromContractWithCustomerExcludingAssessedTax,2025-01-01,2025-03-31,2036000000,10-Q,2025-04-23,2025,Q1
VRT,RevenueFromContractWithCustomerExcludingAssessedTax,2025-04-01,2025-06-30,2638100000,10-Q,2025-07-30,2025,Q2
VRT,RevenueFromContractWithCustomerExcludingAssessedTax,2025-07-01,2025-09-30,2675800000,10-Q,2025-10-22,2025,Q3
VRT,RevenueFromContractWithCustomerExcludingAssessedTax,2026-01-01,2026-03-31,2649500000,10-Q,2026-04-22,2026,Q1
VRT,RevenueFromContractWithCustomerExcludingAssessedTax,2026-04-01,2026-06-30,3274300000,10-Q,2026-07-29,2026,Q2
VST,RevenueFromContractWithCustomerExcludingAssessedTax,2018-01-01,2018-03-31,1212000000,10-Q,2018-05-04,2018,Q1
VST,RevenueFromContractWithCustomerExcludingAssessedTax,2018-04-01,2018-06-30,2677000000,10-Q,2018-08-06,2018,Q2
VST,RevenueFromContractWithCustomerExcludingAssessedTax,2018-07-01,2018-09-30,3641000000,10-Q,2018-11-02,2018,Q3
VST,RevenueFromContractWithCustomerExcludingAssessedTax,2019-01-01,2019-03-31,2550000000,10-Q,2019-05-03,2019,Q1
VST,RevenueFromContractWithCustomerExcludingAssessedTax,2019-04-01,2019-06-30,2229000000,10-Q,2019-08-02,2019,Q2
VST,RevenueFromContractWithCustomerExcludingAssessedTax,2019-07-01,2019-09-30,4026000000,10-Q,2019-11-05,2019,Q3
VST,RevenueFromContractWithCustomerExcludingAssessedTax,2020-01-01,2020-03-31,2466000000,10-Q,2020-05-05,2020,Q1
VST,RevenueFromContractWithCustomerExcludingAssessedTax,2020-04-01,2020-06-30,2460000000,10-Q,2020-08-05,2020,Q2
VST,RevenueFromContractWithCustomerExcludingAssessedTax,2020-07-01,2020-09-30,3238000000,10-Q,2020-11-04,2020,Q3
VST,RevenueFromContractWithCustomerExcludingAssessedTax,2021-01-01,2021-03-31,8203000000,10-Q,2021-05-04,2021,Q1
VST,RevenueFromContractWithCustomerExcludingAssessedTax,2021-04-01,2021-06-30,2660000000,10-Q,2021-08-05,2021,Q2
VST,RevenueFromContractWithCustomerExcludingAssessedTax,2021-07-01,2021-09-30,3702000000,10-Q,2021-11-05,2021,Q3
VST,RevenueFromContractWithCustomerExcludingAssessedTax,2022-01-01,2022-03-31,3461000000,10-Q,2022-05-06,2022,Q1
VST,RevenueFromContractWithCustomerExcludingAssessedTax,2022-04-01,2022-06-30,3326000000,10-Q,2022-08-05,2022,Q2
VST,RevenueFromContractWithCustomerExcludingAssessedTax,2022-07-01,2022-09-30,4838000000,10-Q,2022-11-04,2022,Q3
VST,RevenueFromContractWithCustomerExcludingAssessedTax,2023-01-01,2023-03-31,3107000000,10-Q,2023-05-09,2023,Q1
VST,RevenueFromContractWithCustomerExcludingAssessedTax,2023-04-01,2023-06-30,3027000000,10-Q,2023-08-09,2023,Q2
VST,RevenueFromContractWithCustomerExcludingAssessedTax,2023-07-01,2023-09-30,4789000000,10-Q,2023-11-07,2023,Q3
VST,RevenueFromContractWithCustomerExcludingAssessedTax,2024-01-01,2024-03-31,3159000000,10-Q,2024-05-10,2024,Q1
VST,RevenueFromContractWithCustomerExcludingAssessedTax,2024-04-01,2024-06-30,3599000000,10-Q,2024-08-09,2024,Q2
VST,RevenueFromContractWithCustomerExcludingAssessedTax,2024-07-01,2024-09-30,4341000000,10-Q,2024-11-08,2024,Q3
VST,RevenueFromContractWithCustomerExcludingAssessedTax,2025-01-01,2025-03-31,4250000000,10-Q,2025-05-08,2025,Q1
VST,RevenueFromContractWithCustomerExcludingAssessedTax,2025-04-01,2025-06-30,3753000000,10-Q,2025-08-08,2025,Q2
VST,RevenueFromContractWithCustomerExcludingAssessedTax,2025-07-01,2025-09-30,4778000000,10-Q,2025-11-07,2025,Q3
VST,RevenueFromContractWithCustomerExcludingAssessedTax,2026-01-01,2026-03-31,5001000000,10-Q,2026-05-08,2026,Q1
VST,RevenueFromContractWithCustomerExcludingAssessedTax,2026-04-01,2026-06-30,4401000000,10-Q,2026-08-10,2026,Q2
WULF,RevenueFromContractWithCustomerExcludingAssessedTax,2017-01-01,2017-03-31,3628992,10-Q,2018-05-14,2018,Q1
WULF,RevenueFromContractWithCustomerExcludingAssessedTax,2017-04-01,2017-06-30,4685361,10-Q,2018-08-13,2018,Q2
WULF,RevenueFromContractWithCustomerExcludingAssessedTax,2017-07-01,2017-09-30,3984100,10-Q,2018-11-13,2018,Q3
WULF,RevenueFromContractWithCustomerExcludingAssessedTax,2018-01-01,2018-03-31,4071478,10-Q,2018-05-14,2018,Q1
WULF,RevenueFromContractWithCustomerExcludingAssessedTax,2018-04-01,2018-06-30,4634177,10-Q,2018-08-13,2018,Q2
WULF,RevenueFromContractWithCustomerExcludingAssessedTax,2018-07-01,2018-09-30,4651358,10-Q,2018-11-13,2018,Q3
WULF,RevenueFromContractWithCustomerExcludingAssessedTax,2019-01-01,2019-03-31,3528691,10-Q,2019-05-13,2019,Q1
WULF,RevenueFromContractWithCustomerExcludingAssessedTax,2019-04-01,2019-06-30,4596411,10-Q,2019-08-13,2019,Q2
WULF,RevenueFromContractWithCustomerExcludingAssessedTax,2019-07-01,2019-09-30,4530361,10-Q,2019-11-13,2019,Q3
WULF,RevenueFromContractWithCustomerExcludingAssessedTax,2020-01-01,2020-03-31,3497192,10-Q,2020-05-13,2020,Q1
WULF,RevenueFromContractWithCustomerExcludingAssessedTax,2020-04-01,2020-06-30,2572439,10-Q,2020-08-12,2020,Q2
WULF,RevenueFromContractWithCustomerExcludingAssessedTax,2020-07-01,2020-09-30,3134984,10-Q,2020-11-12,2020,Q3
WULF,RevenueFromContractWithCustomerExcludingAssessedTax,2021-01-01,2021-03-31,3073408,10-Q,2021-05-13,2021,Q1
WULF,RevenueFromContractWithCustomerExcludingAssessedTax,2021-04-01,2021-06-30,4251348,10-Q,2021-08-12,2021,Q2
WULF,RevenueFromContractWithCustomerExcludingAssessedTax,2021-07-01,2021-09-30,4743452,10-Q,2021-11-15,2021,Q3
AAPL,Revenues,2016-09-25,2016-12-31,78351000000,10-K,2018-11-05,2018,FY
AAPL,Revenues,2017-01-01,2017-04-01,52896000000,10-K,2018-11-05,2018,FY
AAPL,Revenues,2017-04-02,2017-07-01,45408000000,10-K,2018-11-05,2018,FY
AAPL,Revenues,2017-07-02,2017-09-30,52579000000,10-K,2018-11-05,2018,FY
AAPL,Revenues,2017-10-01,2017-12-30,88293000000,10-K,2018-11-05,2018,FY
AAPL,Revenues,2017-12-31,2018-03-31,61137000000,10-K,2018-11-05,2018,FY
AAPL,Revenues,2018-04-01,2018-06-30,53265000000,10-K,2018-11-05,2018,FY
AAPL,Revenues,2018-07-01,2018-09-29,62900000000,10-K,2018-11-05,2018,FY
AEP,Revenues,2008-04-01,2008-06-30,3546000000,10-Q,2009-08-04,2009,Q2
AEP,Revenues,2008-07-01,2008-09-30,4191000000,10-Q,2009-10-30,2009,Q3
AEP,Revenues,2009-01-01,2009-03-31,3458000000,10-Q,2010-04-30,2010,Q1
AEP,Revenues,2009-04-01,2009-06-30,3202000000,10-Q,2009-08-04,2009,Q2
AEP,Revenues,2009-07-01,2009-09-30,3547000000,10-Q,2009-10-30,2009,Q3
AEP,Revenues,2009-10-01,2009-12-31,3282000000,10-K,2011-02-25,2010,FY
AEP,Revenues,2010-01-01,2010-03-31,3569000000,10-Q,2010-04-30,2010,Q1
AEP,Revenues,2010-04-01,2010-06-30,3360000000,10-Q,2010-07-30,2010,Q2
AEP,Revenues,2010-07-01,2010-09-30,4064000000,10-Q,2010-11-01,2010,Q3
AEP,Revenues,2010-10-01,2010-12-31,3434000000,10-K,2011-02-25,2010,FY
AEP,Revenues,2011-01-01,2011-03-31,3730000000,10-Q,2011-05-03,2011,Q1
AEP,Revenues,2011-04-01,2011-06-30,3609000000,10-Q,2011-07-29,2011,Q2
AEP,Revenues,2011-07-01,2011-09-30,4333000000,10-Q,2011-10-28,2011,Q3
AEP,Revenues,2011-10-01,2011-12-31,3444000000,10-K,2012-02-28,2011,Q4
AEP,Revenues,2012-01-01,2012-03-31,3625000000,10-Q,2012-04-27,2012,Q1
AEP,Revenues,2012-04-01,2012-06-30,3551000000,10-Q,2012-07-27,2012,Q2
AEP,Revenues,2012-07-01,2012-09-30,4156000000,10-Q,2012-10-26,2012,Q3
AEP,Revenues,2012-10-01,2012-12-31,3613000000,10-K,2013-02-26,2012,FY
AEP,Revenues,2013-01-01,2013-03-31,3826000000,10-Q,2013-04-26,2013,Q1
AEP,Revenues,2013-04-01,2013-06-30,3582000000,10-Q,2013-07-26,2013,Q2
AEP,Revenues,2013-07-01,2013-09-30,4176000000,10-Q,2013-10-25,2013,Q3
AEP,Revenues,2013-10-01,2013-12-31,3773000000,10-K,2014-02-25,2013,FY
AEP,Revenues,2014-01-01,2014-03-31,4648000000,10-Q,2014-04-25,2014,Q1
AEP,Revenues,2014-04-01,2014-06-30,4044000000,10-Q,2014-07-25,2014,Q2
AEP,Revenues,2014-07-01,2014-09-30,4302000000,10-Q,2014-10-23,2014,Q3
AEP,Revenues,2014-10-01,2014-12-31,4026000000,10-K,2015-02-20,2014,FY
AEP,Revenues,2015-01-01,2015-03-31,4708000000,10-Q,2015-04-23,2015,Q1
AEP,Revenues,2015-04-01,2015-06-30,3942000000,10-Q,2015-07-23,2015,Q2
AEP,Revenues,2015-07-01,2015-09-30,4432000000,10-Q,2015-10-22,2015,Q3
AEP,Revenues,2015-10-01,2015-12-31,3614700000,10-K,2016-02-24,2015,FY
AEP,Revenues,2016-01-01,2016-03-31,4044900000,10-Q,2016-04-28,2016,Q1
AEP,Revenues,2016-04-01,2016-06-30,3892900000,10-Q,2016-07-28,2016,Q2
AEP,Revenues,2016-07-01,2016-09-30,4652200000,10-Q,2016-11-02,2016,Q3
AEP,Revenues,2016-10-01,2016-12-31,3790100000,10-K,2017-02-28,2016,FY
AEP,Revenues,2017-01-01,2017-03-31,3933300000,10-Q,2017-04-28,2017,Q1
AEP,Revenues,2017-04-01,2017-06-30,3576500000,10-Q,2017-07-27,2017,Q2
AEP,Revenues,2017-07-01,2017-09-30,4104700000,10-Q,2017-10-27,2017,Q3
AEP,Revenues,2017-10-01,2017-12-31,3810400000,10-K,2018-02-23,2017,FY
AEP,Revenues,2018-01-01,2018-03-31,4048300000,10-Q,2018-04-26,2018,Q1
AEP,Revenues,2018-04-01,2018-06-30,4013200000,10-Q,2018-07-26,2018,Q2
AEP,Revenues,2018-07-01,2018-09-30,4333100000,10-Q,2018-10-25,2018,Q3
AEP,Revenues,2018-10-01,2018-12-31,3801100000,10-K,2019-02-21,2018,FY
AEP,Revenues,2019-01-01,2019-03-31,4056800000,10-Q,2019-04-26,2019,Q1
AEP,Revenues,2019-04-01,2019-06-30,3573600000,10-Q,2019-07-25,2019,Q2
AEP,Revenues,2019-07-01,2019-09-30,4315000000,10-Q,2019-10-24,2019,Q3
AEP,Revenues,2019-10-01,2019-12-31,3616000000,10-K,2020-02-20,2019,FY
AEP,Revenues,2020-01-01,2020-03-31,3747500000,10-Q,2020-05-06,2020,Q1
AEP,Revenues,2020-04-01,2020-06-30,3494000000,10-Q,2020-08-06,2020,Q2
AEP,Revenues,2020-07-01,2020-09-30,4066400000,10-Q,2020-10-22,2020,Q3
AEP,Revenues,2021-01-01,2021-03-31,4281100000,10-Q,2021-04-22,2020,Q3
AEP,Revenues,2021-04-01,2021-06-30,3826500000,10-Q,2021-07-22,2021,Q2
AEP,Revenues,2021-07-01,2021-09-30,4623000000,10-Q,2021-10-28,2021,Q3
AEP,Revenues,2022-01-01,2022-03-31,4592600000,10-Q,2022-04-28,2022,Q1
AEP,Revenues,2022-04-01,2022-06-30,4639700000,10-Q,2022-07-27,2022,Q2
AEP,Revenues,2022-07-01,2022-09-30,5526100000,10-Q,2022-10-27,2022,Q3
AEP,Revenues,2023-01-01,2023-03-31,4690900000,10-Q,2023-05-04,2023,Q1
AEP,Revenues,2023-04-01,2023-06-30,4372500000,10-Q,2023-07-27,2023,Q2
AEP,Revenues,2023-07-01,2023-09-30,5341700000,10-Q,2023-11-02,2023,Q3
AEP,Revenues,2024-01-01,2024-03-31,5025700000,10-Q,2024-04-30,2024,Q1
AEP,Revenues,2024-04-01,2024-06-30,4579200000,10-Q,2024-07-30,2024,Q2
AEP,Revenues,2024-07-01,2024-09-30,5420100000,10-Q,2024-11-06,2024,Q3
AEP,Revenues,2025-01-01,2025-03-31,5463400000,10-Q,2025-05-06,2025,Q1
AEP,Revenues,2025-04-01,2025-06-30,5086900000,10-Q,2025-07-30,2025,Q2
AEP,Revenues,2025-07-01,2025-09-30,6010400000,10-Q,2025-10-29,2025,Q3
AEP,Revenues,2026-01-01,2026-03-31,6020000000,10-Q,2026-05-05,2026,Q1
AMD,Revenues,2017-04-02,2017-07-01,1151000000,10-Q,2018-08-02,2018,Q2
AMD,Revenues,2017-07-02,2017-09-30,1584000000,10-Q,2018-10-31,2018,Q3
AMT,Revenues,2017-01-01,2017-03-31,1616200000,10-K,2019-02-27,2018,Q4
AMT,Revenues,2017-04-01,2017-06-30,1662500000,10-K,2019-02-27,2018,Q4
AMT,Revenues,2017-07-01,2017-09-30,1680700000,10-Q,2018-10-30,2018,Q3
AMT,Revenues,2017-10-01,2017-12-31,1704500000,10-K,2019-02-27,2018,Q4
AMT,Revenues,2018-01-01,2018-03-31,1741800000,10-K,2019-02-27,2018,Q4
AMT,Revenues,2018-04-01,2018-06-30,1780900000,10-K,2019-02-27,2018,Q4
AMT,Revenues,2018-07-01,2018-09-30,1785500000,10-Q,2018-10-30,2018,Q3
AMT,Revenues,2018-10-01,2018-12-31,2131900000,10-K,2019-02-27,2018,Q4
AMT,Revenues,2019-01-01,2019-03-31,1813400000,10-Q,2019-05-03,2019,Q1
AMT,Revenues,2019-04-01,2019-06-30,1889600000,10-Q,2019-07-31,2019,Q2
AMT,Revenues,2019-07-01,2019-09-30,1953600000,10-Q,2019-10-31,2019,Q3
AMT,Revenues,2019-10-01,2019-12-31,1923700000,10-K,2020-02-25,2019,FY
AMT,Revenues,2020-01-01,2020-03-31,1993100000,10-Q,2020-04-29,2020,Q1
AMT,Revenues,2020-04-01,2020-06-30,1913000000,10-Q,2020-07-30,2020,Q2
AMT,Revenues,2020-07-01,2020-09-30,2012900000,10-Q,2020-10-29,2020,Q3
AMT,Revenues,2021-01-01,2021-03-31,2158500000,10-Q,2021-04-29,2021,Q1
AMT,Revenues,2021-04-01,2021-06-30,2298900000,10-Q,2021-07-29,2021,Q2
AMT,Revenues,2021-07-01,2021-09-30,2454300000,10-Q,2021-10-28,2021,Q3
AMT,Revenues,2022-01-01,2022-03-31,2660300000,10-Q,2022-04-27,2022,Q1
AMT,Revenues,2022-04-01,2022-06-30,2674300000,10-Q,2022-07-28,2022,Q2
AMT,Revenues,2022-07-01,2022-09-30,2671500000,10-Q,2022-10-27,2022,Q3
AMT,Revenues,2023-01-01,2023-03-31,2767200000,10-Q,2023-04-26,2023,Q1
AMT,Revenues,2023-04-01,2023-06-30,2771700000,10-Q,2023-07-27,2023,Q2
AMT,Revenues,2023-07-01,2023-09-30,2818600000,10-Q,2023-10-26,2023,Q3
AMT,Revenues,2023-10-01,2023-12-31,2456100000,10-K,2025-02-25,2024,FY
AMT,Revenues,2024-01-01,2024-03-31,2834100000,10-Q,2024-04-30,2024,Q1
AMT,Revenues,2024-04-01,2024-06-30,2900300000,10-Q,2024-07-30,2024,Q2
AMT,Revenues,2024-07-01,2024-09-30,2522300000,10-Q,2024-10-29,2024,Q3
AMT,Revenues,2024-10-01,2024-12-31,2547600000,10-K,2025-02-25,2024,FY
AMT,Revenues,2025-01-01,2025-03-31,2562800000,10-Q,2025-04-29,2025,Q1
AMT,Revenues,2025-04-01,2025-06-30,2626900000,10-Q,2025-07-29,2025,Q2
AMT,Revenues,2025-07-01,2025-09-30,2717400000,10-Q,2025-10-28,2025,Q3
AMT,Revenues,2026-01-01,2026-03-31,2737500000,10-Q,2026-04-28,2026,Q1
AMT,Revenues,2026-04-01,2026-06-30,2749100000,10-Q,2026-07-28,2026,Q2
AVGO,Revenues,2016-10-31,2017-01-29,4139000000,10-K,2018-12-21,2018,FY
AVGO,Revenues,2017-01-30,2017-04-30,4190000000,10-Q,2018-06-14,2018,Q2
AVGO,Revenues,2017-05-01,2017-07-30,4463000000,10-Q,2018-09-13,2018,Q3
AVGO,Revenues,2017-07-31,2017-10-29,4844000000,10-K,2018-12-21,2018,FY
AVGO,Revenues,2017-10-30,2018-02-04,5327000000,10-K,2018-12-21,2018,FY
AVGO,Revenues,2018-02-05,2018-05-06,5014000000,10-Q,2018-06-14,2018,Q2
AVGO,Revenues,2018-05-07,2018-08-05,5063000000,10-Q,2018-09-13,2018,Q3
AVGO,Revenues,2018-08-06,2018-11-04,5444000000,10-K,2018-12-21,2018,FY
BWXT,Revenues,2010-01-01,2010-03-31,662388000,10-K/A,2012-03-29,2011,FY
BWXT,Revenues,2010-04-01,2010-06-30,688496000,10-Q,2011-08-08,2011,Q2
BWXT,Revenues,2010-07-01,2010-09-30,632765000,10-Q,2011-11-07,2011,Q3
BWXT,Revenues,2010-10-01,2010-12-31,705162000,10-K/A,2012-03-29,2011,FY
BWXT,Revenues,2011-01-01,2011-03-31,691277000,10-K/A,2012-03-29,2011,FY
BWXT,Revenues,2011-04-01,2011-06-30,752352000,10-Q,2011-08-08,2011,Q2
BWXT,Revenues,2011-07-01,2011-09-30,707622000,10-Q,2011-11-07,2011,Q3
BWXT,Revenues,2011-10-01,2011-12-31,800789000,10-K/A,2012-03-29,2011,FY
BWXT,Revenues,2012-01-01,2012-03-31,765892000,10-Q,2012-05-09,2012,Q1
BWXT,Revenues,2012-04-01,2012-06-30,852585000,10-Q,2012-08-07,2012,Q2
BWXT,Revenues,2012-07-01,2012-09-30,807586000,10-Q,2012-11-07,2012,Q3
BWXT,Revenues,2012-10-01,2012-12-31,865296000,10-K,2013-02-28,2012,FY
BWXT,Revenues,2013-01-01,2013-03-31,805423000,10-Q,2013-05-07,2013,Q1
BWXT,Revenues,2013-04-01,2013-06-30,886136000,10-Q,2013-08-07,2013,Q2
BWXT,Revenues,2013-07-01,2013-09-30,774834000,10-Q,2013-11-12,2013,Q3
BWXT,Revenues,2013-10-01,2013-12-31,802815000,10-K,2014-02-26,2013,FY
BWXT,Revenues,2014-01-01,2014-03-31,662017000,10-Q,2014-05-12,2014,Q1
BWXT,Revenues,2014-04-01,2014-06-30,686006000,10-Q,2014-08-06,2014,Q2
BWXT,Revenues,2014-07-01,2014-09-30,737902000,10-Q,2014-11-05,2014,Q3
BWXT,Revenues,2014-10-01,2014-12-31,837094000,10-K,2015-02-25,2014,FY
BWXT,Revenues,2015-01-01,2015-03-31,730565000,10-Q,2015-05-06,2015,Q1
BWXT,Revenues,2015-04-01,2015-06-30,357135000,10-Q,2015-08-05,2015,Q2
BWXT,Revenues,2015-07-01,2015-09-30,358970000,10-Q,2015-11-04,2015,Q3
BWXT,Revenues,2015-10-01,2015-12-31,363938000,10-K,2016-02-24,2015,FY
BWXT,Revenues,2016-01-01,2016-03-31,364826000,10-Q,2016-05-02,2016,Q1
BWXT,Revenues,2016-04-01,2016-06-30,402382000,10-Q,2016-08-08,2016,Q2
BWXT,Revenues,2016-07-01,2016-09-30,379505000,10-Q,2016-10-31,2016,Q3
BWXT,Revenues,2016-10-01,2016-12-31,403860000,10-K,2017-02-27,2016,FY
BWXT,Revenues,2017-01-01,2017-03-31,428229000,10-Q,2017-05-01,2017,Q1
BWXT,Revenues,2017-04-01,2017-06-30,410011000,10-Q,2017-08-07,2017,Q2
BWXT,Revenues,2017-07-01,2017-09-30,419360000,10-Q,2017-11-06,2017,Q3
BWXT,Revenues,2017-10-01,2017-12-31,430138000,10-K,2018-02-27,2017,FY
BWXT,Revenues,2018-01-01,2018-03-31,457463000,10-Q,2018-05-04,2018,Q1
BWXT,Revenues,2018-04-01,2018-06-30,438921000,10-Q,2018-08-06,2018,Q2
BWXT,Revenues,2018-07-01,2018-09-30,425507000,10-Q,2018-11-06,2018,Q3
CCI,Revenues,2017-01-01,2017-03-31,1016000000,10-K,2019-02-25,2018,FY
CCI,Revenues,2017-04-01,2017-06-30,1038000000,10-K,2019-02-25,2018,FY
CCI,Revenues,2017-07-01,2017-09-30,1063000000,10-Q,2018-11-05,2018,Q3
CCI,Revenues,2017-10-01,2017-12-31,1238000000,10-K,2019-02-25,2018,FY
CCI,Revenues,2018-01-01,2018-03-31,1299000000,10-K,2019-02-25,2018,FY
CCI,Revenues,2018-04-01,2018-06-30,1330000000,10-K,2019-02-25,2018,FY
CCI,Revenues,2018-07-01,2018-09-30,1375000000,10-Q,2018-11-05,2018,Q3
CCI,Revenues,2018-10-01,2018-12-31,1419000000,10-K,2019-02-25,2018,FY
CCI,Revenues,2019-01-01,2019-03-31,1426000000,10-Q,2019-05-03,2019,Q1
CCI,Revenues,2019-04-01,2019-06-30,1478000000,10-Q,2019-07-31,2019,Q2
CCI,Revenues,2019-07-01,2019-09-30,1514000000,10-Q,2019-11-04,2019,Q3
CCI,Revenues,2019-10-01,2019-12-31,1426000000,10-K,2020-03-10,2019,FY
CCI,Revenues,2020-01-01,2020-03-31,1421000000,10-Q,2020-05-01,2020,Q1
CCI,Revenues,2020-04-01,2020-06-30,1440000000,10-Q,2020-07-31,2020,Q2
CCI,Revenues,2020-07-01,2020-09-30,1486000000,10-Q,2020-10-28,2020,Q3
CCI,Revenues,2021-01-01,2021-03-31,1485000000,10-Q,2021-05-03,2021,Q1
CCI,Revenues,2021-04-01,2021-06-30,1583000000,10-Q,2021-08-06,2021,Q2
CCI,Revenues,2021-07-01,2021-09-30,1618000000,10-Q,2021-11-05,2021,Q3
CCI,Revenues,2022-01-01,2022-03-31,1742000000,10-Q,2022-04-29,2022,Q1
CCI,Revenues,2022-04-01,2022-06-30,1734000000,10-Q,2022-08-05,2022,Q2
CCI,Revenues,2022-07-01,2022-09-30,1746000000,10-Q,2022-11-04,2022,Q3
CCI,Revenues,2023-01-01,2023-03-31,1773000000,10-Q,2023-05-03,2023,Q1
CCI,Revenues,2023-04-01,2023-06-30,1867000000,10-Q,2023-08-02,2023,Q2
CCI,Revenues,2023-07-01,2023-09-30,1667000000,10-Q,2023-11-01,2023,Q3
CCI,Revenues,2024-01-01,2024-03-31,1641000000,10-Q,2024-05-01,2024,Q1
CCI,Revenues,2024-04-01,2024-06-30,1626000000,10-Q,2024-07-30,2024,Q2
CCI,Revenues,2024-07-01,2024-09-30,1652000000,10-Q,2024-10-30,2024,Q3
CCI,Revenues,2025-01-01,2025-03-31,1061000000,10-Q,2025-05-09,2025,Q1
CCI,Revenues,2025-04-01,2025-06-30,1060000000,10-Q,2025-08-06,2025,Q2
CCI,Revenues,2025-07-01,2025-09-30,1072000000,10-Q,2025-11-06,2025,Q3
CCI,Revenues,2026-01-01,2026-03-31,1010000000,10-Q,2026-05-07,2026,Q1
CCI,Revenues,2026-04-01,2026-06-30,1008000000,10-Q,2026-08-05,2026,Q2
CEG,Revenues,2021-01-01,2021-03-31,5559000000,10-Q,2022-05-12,2022,Q1
CEG,Revenues,2021-04-01,2021-06-30,4153000000,10-Q,2022-08-04,2022,Q2
CEG,Revenues,2021-07-01,2021-09-30,4406000000,10-Q,2022-11-08,2022,Q3
CEG,Revenues,2022-01-01,2022-03-31,5591000000,10-Q,2022-05-12,2022,Q1
CEG,Revenues,2022-04-01,2022-06-30,5465000000,10-Q,2022-08-04,2022,Q2
CEG,Revenues,2022-07-01,2022-09-30,6051000000,10-Q,2022-11-08,2022,Q3
CEG,Revenues,2023-01-01,2023-03-31,7565000000,10-Q,2023-05-04,2023,Q1
CEG,Revenues,2023-04-01,2023-06-30,5446000000,10-Q,2023-08-03,2023,Q2
CEG,Revenues,2023-07-01,2023-09-30,6111000000,10-Q,2023-11-06,2023,Q3
CEG,Revenues,2024-01-01,2024-03-31,6161000000,10-Q,2024-05-09,2024,Q1
CEG,Revenues,2024-04-01,2024-06-30,5475000000,10-Q,2024-08-06,2024,Q2
CEG,Revenues,2024-07-01,2024-09-30,6550000000,10-Q,2024-11-04,2024,Q3
CEG,Revenues,2025-01-01,2025-03-31,6788000000,10-Q,2025-05-06,2025,Q1
CEG,Revenues,2025-04-01,2025-06-30,6101000000,10-Q,2025-08-07,2025,Q2
CEG,Revenues,2025-07-01,2025-09-30,6570000000,10-Q,2025-11-07,2025,Q3
CEG,Revenues,2026-01-01,2026-03-31,11122000000,10-Q,2026-05-11,2026,Q1
CEG,Revenues,2026-04-01,2026-06-30,7504000000,10-Q,2026-08-06,2026,Q2
CIFR,Revenues,2023-01-01,2023-03-31,21895000,10-Q,2023-05-09,2023,Q1
CIFR,Revenues,2023-04-01,2023-06-30,31224000,10-Q,2023-08-08,2023,Q2
CIFR,Revenues,2023-07-01,2023-09-30,30304000,10-Q,2023-11-08,2023,Q3
CIFR,Revenues,2024-01-01,2024-03-31,48137000,10-Q,2024-05-07,2024,Q1
CIFR,Revenues,2024-04-01,2024-06-30,36808000,10-Q,2024-08-13,2024,Q2
CIFR,Revenues,2024-07-01,2024-09-30,24102000,10-Q,2024-10-31,2024,Q3
CIFR,Revenues,2025-01-01,2025-03-31,48959000,10-Q,2025-05-06,2025,Q1
CIFR,Revenues,2025-04-01,2025-06-30,43565000,10-Q,2025-08-07,2025,Q2
CIFR,Revenues,2025-07-01,2025-09-30,71707000,10-Q,2025-11-03,2025,Q3
CIFR,Revenues,2026-01-01,2026-03-31,34838000,10-Q,2026-05-05,2026,Q1
CIFR,Revenues,2026-04-01,2026-06-30,24837000,10-Q,2026-08-04,2026,Q2
CORZ,Revenues,2021-01-01,2021-03-31,54246000,10-Q,2022-05-13,2022,Q1
CORZ,Revenues,2021-04-01,2021-06-30,75303000,10-Q,2022-08-22,2022,Q2
CORZ,Revenues,2021-07-01,2021-09-30,113139000,10-Q,2022-11-22,2022,Q3
CORZ,Revenues,2022-01-01,2022-03-31,192519000,10-Q,2022-05-13,2022,Q1
CORZ,Revenues,2022-04-01,2022-06-30,163972000,10-Q,2022-08-22,2022,Q2
CORZ,Revenues,2022-07-01,2022-09-30,162572000,10-Q,2022-11-22,2022,Q3
CORZ,Revenues,2023-01-01,2023-03-31,120655000,10-Q,2023-05-15,2023,Q1
CORZ,Revenues,2023-04-01,2023-06-30,126912000,10-Q,2023-08-04,2023,Q2
CORZ,Revenues,2023-07-01,2023-09-30,112904000,10-Q,2023-11-06,2023,Q3
CORZ,Revenues,2024-01-01,2024-03-31,179291000,10-Q,2024-05-09,2024,Q1
CORZ,Revenues,2024-04-01,2024-06-30,141102000,10-Q,2024-08-07,2024,Q2
CORZ,Revenues,2024-07-01,2024-09-30,95354000,10-Q,2024-11-06,2024,Q3
CORZ,Revenues,2025-01-01,2025-03-31,79525000,10-Q,2025-05-07,2025,Q1
CORZ,Revenues,2025-04-01,2025-06-30,78628000,10-Q,2025-08-08,2025,Q2
CORZ,Revenues,2025-07-01,2025-09-30,81103000,10-Q,2025-10-24,2025,Q3
CORZ,Revenues,2026-01-01,2026-03-31,115244000,10-Q,2026-05-06,2026,Q1
CORZ,Revenues,2026-04-01,2026-06-30,164201000,10-Q,2026-07-28,2026,Q2
D,Revenues,2010-04-01,2010-06-30,3333000000,10-Q,2011-07-29,2011,Q2
D,Revenues,2011-04-01,2011-06-30,3341000000,10-Q,2011-07-29,2011,Q2
D,Revenues,2012-07-01,2012-09-30,3332000000,10-Q,2013-11-05,2013,Q3
D,Revenues,2013-01-01,2013-03-31,3523000000,10-Q,2014-04-30,2014,Q1
D,Revenues,2013-04-01,2013-06-30,2980000000,10-Q,2014-07-30,2014,Q2
D,Revenues,2013-07-01,2013-09-30,3432000000,10-Q,2013-11-05,2013,Q3
D,Revenues,2014-01-01,2014-03-31,3630000000,10-Q,2014-04-30,2014,Q1
D,Revenues,2014-04-01,2014-06-30,2813000000,10-Q,2014-07-30,2014,Q2
D,Revenues,2014-07-01,2014-09-30,3050000000,10-Q,2014-11-03,2014,Q3
D,Revenues,2015-01-01,2015-03-31,3409000000,10-Q,2015-05-05,2015,Q1
D,Revenues,2015-04-01,2015-06-30,2747000000,10-Q,2015-08-06,2015,Q2
D,Revenues,2017-01-01,2017-03-31,3384000000,10-K,2019-02-28,2018,FY
D,Revenues,2017-04-01,2017-06-30,2813000000,10-Q,2018-08-02,2018,Q2
D,Revenues,2017-07-01,2017-09-30,3179000000,10-Q,2018-11-02,2018,Q3
D,Revenues,2017-10-01,2017-12-31,3210000000,10-K,2019-02-28,2018,FY
D,Revenues,2018-01-01,2018-03-31,3466000000,10-K,2019-02-28,2018,FY
D,Revenues,2018-04-01,2018-06-30,3088000000,10-Q,2018-08-02,2018,Q2
D,Revenues,2018-07-01,2018-09-30,3451000000,10-Q,2018-11-02,2018,Q3
D,Revenues,2018-10-01,2018-12-31,3361000000,10-K,2019-02-28,2018,FY
D,Revenues,2019-01-01,2019-03-31,3858000000,10-Q,2019-05-03,2019,Q1
D,Revenues,2019-04-01,2019-06-30,3970000000,10-Q,2019-08-01,2019,Q2
D,Revenues,2019-07-01,2019-09-30,4269000000,10-Q,2019-11-01,2019,Q3
D,Revenues,2019-10-01,2019-12-31,4475000000,10-K,2020-02-28,2019,FY
D,Revenues,2020-01-01,2020-03-31,4496000000,10-Q,2020-05-05,2020,Q1
D,Revenues,2020-04-01,2020-06-30,3585000000,10-Q,2020-08-05,2020,Q2
D,Revenues,2020-07-01,2020-09-30,3607000000,10-Q,2020-11-06,2020,Q3
D,Revenues,2020-10-01,2020-12-31,3521000000,10-K,2021-02-25,2020,FY
D,Revenues,2021-01-01,2021-03-31,3870000000,10-Q,2021-05-04,2021,Q1
D,Revenues,2021-04-01,2021-06-30,3038000000,10-Q,2021-08-06,2021,Q2
D,Revenues,2021-07-01,2021-09-30,3176000000,10-Q,2021-11-05,2021,Q3
D,Revenues,2021-10-01,2021-12-31,3061000000,8-K,2023-11-08,,
D,Revenues,2022-01-01,2022-03-31,4279000000,10-Q,2022-05-05,2022,Q1
D,Revenues,2022-04-01,2022-06-30,3596000000,10-Q,2022-08-08,2022,Q2
D,Revenues,2022-07-01,2022-09-30,4386000000,10-Q,2022-11-04,2022,Q3
D,Revenues,2022-10-01,2022-12-31,3810000000,8-K,2023-11-08,,
D,Revenues,2023-01-01,2023-03-31,5252000000,10-Q,2023-05-05,2023,Q1
D,Revenues,2023-04-01,2023-06-30,3794000000,10-Q,2023-08-04,2023,Q2
D,Revenues,2023-07-01,2023-09-30,3810000000,10-Q,2023-11-08,2023,Q3
D,Revenues,2023-10-01,2023-12-31,3534000000,10-K,2024-02-23,2023,FY
D,Revenues,2024-01-01,2024-03-31,3632000000,10-Q,2024-05-02,2024,Q1
D,Revenues,2024-04-01,2024-06-30,3486000000,10-Q,2024-08-01,2024,Q2
D,Revenues,2024-07-01,2024-09-30,3941000000,10-Q,2024-11-01,2024,Q3
D,Revenues,2024-10-01,2024-12-31,3400000000,10-K,2025-02-27,2024,FY
D,Revenues,2025-01-01,2025-03-31,4076000000,10-Q,2025-05-01,2025,Q1
D,Revenues,2025-04-01,2025-06-30,3810000000,10-Q,2025-08-01,2025,Q2
D,Revenues,2025-07-01,2025-09-30,4527000000,10-Q,2025-10-31,2025,Q3
D,Revenues,2025-10-01,2025-12-31,4093000000,10-K,2026-02-23,2025,FY
D,Revenues,2026-01-01,2026-03-31,5019000000,10-Q,2026-05-01,2026,Q1
DLR,Revenues,2009-04-01,2009-06-30,155007000,10-Q/A,2010-08-12,2010,Q2
DLR,Revenues,2010-04-01,2010-06-30,197464000,10-Q/A,2010-08-12,2010,Q2
DLR,Revenues,2010-07-01,2010-09-30,237486000,10-Q,2011-11-07,2011,Q3
DLR,Revenues,2011-01-01,2011-03-31,250741000,10-Q,2012-05-07,2012,Q1
DLR,Revenues,2011-04-01,2011-06-30,267881000,10-Q,2011-08-05,2011,Q2
DLR,Revenues,2011-07-01,2011-09-30,273476000,10-Q,2011-11-07,2011,Q3
DLR,Revenues,2011-10-01,2011-12-31,270612000,10-K,2013-02-28,2012,FY
DLR,Revenues,2012-01-01,2012-03-31,283148000,10-Q,2012-05-07,2012,Q1
DLR,Revenues,2012-04-01,2012-06-30,303704000,10-Q,2012-08-07,2012,Q2
DLR,Revenues,2012-07-01,2012-09-30,342479000,10-Q,2012-11-08,2012,Q3
DLR,Revenues,2012-10-01,2012-12-31,349736000,10-K,2013-02-28,2012,FY
DLR,Revenues,2013-01-01,2013-03-31,358370000,10-Q,2013-05-08,2013,Q1
DLR,Revenues,2013-04-01,2013-06-30,363502000,10-Q,2013-08-08,2013,Q2
DLR,Revenues,2013-07-01,2013-09-30,379456000,10-Q,2013-11-12,2013,Q3
DLR,Revenues,2013-10-01,2013-12-31,380931000,10-K,2014-03-03,2013,FY
DLR,Revenues,2014-01-01,2014-03-31,390590000,10-Q,2014-05-12,2014,Q1
DLR,Revenues,2014-04-01,2014-06-30,401446000,10-Q,2014-08-07,2014,Q2
DLR,Revenues,2014-07-01,2014-09-30,412186000,10-Q,2014-11-07,2014,Q3
DLR,Revenues,2014-10-01,2014-12-31,412216000,10-K,2015-03-02,2014,FY
DLR,Revenues,2015-01-01,2015-03-31,406609000,10-Q,2015-05-08,2015,Q1
DLR,Revenues,2015-04-01,2015-06-30,420295000,10-Q,2015-08-06,2015,Q2
DLR,Revenues,2015-07-01,2015-09-30,435989000,10-Q,2015-11-06,2015,Q3
DLR,Revenues,2015-10-01,2015-12-31,500443000,10-K,2016-02-29,2015,FY
DLR,Revenues,2016-01-01,2016-03-31,504199000,10-Q,2016-05-06,2016,Q1
DLR,Revenues,2016-04-01,2016-06-30,514934000,10-Q,2016-08-09,2016,Q2
DLR,Revenues,2016-07-01,2016-09-30,546293000,10-Q,2016-11-09,2016,Q3
DLR,Revenues,2016-10-01,2016-12-31,576787000,10-K,2017-03-01,2016,FY
DLR,Revenues,2017-01-01,2017-03-31,550569000,10-Q,2017-05-10,2017,Q1
DLR,Revenues,2017-04-01,2017-06-30,565989000,10-Q,2017-08-09,2017,Q2
DLR,Revenues,2017-07-01,2017-09-30,609925000,10-Q,2017-11-09,2017,Q3
DLR,Revenues,2017-10-01,2017-12-31,731445000,10-K,2018-03-01,2017,FY
DLR,Revenues,2018-01-01,2018-03-31,744368000,10-Q,2018-05-08,2018,Q1
DLR,Revenues,2018-04-01,2018-06-30,754919000,10-Q,2018-08-07,2018,Q2
DLR,Revenues,2018-07-01,2018-09-30,768924000,10-Q,2018-11-02,2018,Q3
DLR,Revenues,2018-10-01,2018-12-31,778267000,10-K,2019-02-25,2018,FY
DLR,Revenues,2019-01-01,2019-03-31,814515000,10-Q,2019-05-10,2019,Q1
DLR,Revenues,2019-04-01,2019-06-30,800797000,10-Q,2019-08-07,2019,Q2
DLR,Revenues,2019-07-01,2019-09-30,806466000,10-Q,2019-11-08,2019,Q3
DLR,Revenues,2019-10-01,2019-12-31,787463000,10-K,2020-03-02,2019,FY
DLR,Revenues,2020-01-01,2020-03-31,823337000,10-Q,2020-05-11,2020,Q1
DLR,Revenues,2020-04-01,2020-06-30,992995000,10-Q,2020-08-10,2020,Q2
DLR,Revenues,2020-07-01,2020-09-30,1024668000,10-Q,2020-11-06,2020,Q3
DLR,Revenues,2020-10-01,2020-12-31,1062609000,10-K,2021-03-01,2020,FY
DLR,Revenues,2021-01-01,2021-03-31,1090391000,10-Q,2021-05-07,2021,Q1
DLR,Revenues,2021-04-01,2021-06-30,1093188000,10-Q,2021-08-06,2021,Q2
DLR,Revenues,2021-07-01,2021-09-30,1133136000,10-Q,2021-11-05,2021,Q3
DLR,Revenues,2022-01-01,2022-03-31,1127322000,10-Q,2022-05-06,2022,Q1
DLR,Revenues,2022-04-01,2022-06-30,1139322000,10-Q,2022-08-05,2022,Q2
DLR,Revenues,2022-07-01,2022-09-30,1192083000,10-Q,2022-11-04,2022,Q3
DLR,Revenues,2023-01-01,2023-03-31,1338723000,10-Q,2023-05-04,2023,Q1
DLR,Revenues,2023-04-01,2023-06-30,1366267000,10-Q,2023-08-04,2023,Q2
DLR,Revenues,2023-07-01,2023-09-30,1402432000,10-Q,2023-11-09,2023,Q3
DLR,Revenues,2024-01-01,2024-03-31,1331143000,10-Q,2024-05-03,2024,Q1
DLR,Revenues,2024-04-01,2024-06-30,1356749000,10-Q,2024-08-02,2024,Q2
DLR,Revenues,2024-07-01,2024-09-30,1431214000,10-Q,2024-11-01,2024,Q3
DLR,Revenues,2025-01-01,2025-03-31,1407637000,10-Q,2025-05-01,2025,Q1
DLR,Revenues,2025-04-01,2025-06-30,1493150000,10-Q,2025-08-01,2025,Q2
DLR,Revenues,2025-07-01,2025-09-30,1577234000,10-Q,2025-10-31,2025,Q3
DLR,Revenues,2026-01-01,2026-03-31,1635173000,10-Q,2026-05-01,2026,Q1
DUK,Revenues,2008-04-01,2008-06-30,3229000000,10-Q,2009-08-07,2009,Q2
DUK,Revenues,2008-07-01,2008-09-30,3508000000,10-Q,2009-11-06,2009,Q3
DUK,Revenues,2009-01-01,2009-03-31,3312000000,10-K,2011-02-25,2010,FY
DUK,Revenues,2009-04-01,2009-06-30,2913000000,10-Q,2009-08-07,2009,Q2
DUK,Revenues,2009-07-01,2009-09-30,3396000000,10-Q,2009-11-06,2009,Q3
DUK,Revenues,2009-10-01,2009-12-31,3110000000,10-K,2011-02-25,2010,FY
DUK,Revenues,2010-01-01,2010-03-31,3594000000,10-K,2011-02-25,2010,FY
DUK,Revenues,2010-04-01,2010-06-30,3287000000,10-Q,2010-08-06,2010,Q2
DUK,Revenues,2010-07-01,2010-09-30,3946000000,10-Q,2010-11-05,2010,Q3
DUK,Revenues,2010-10-01,2010-12-31,3445000000,10-K,2011-02-25,2010,FY
DUK,Revenues,2011-01-01,2011-03-31,3663000000,10-Q,2011-05-09,2011,Q1
DUK,Revenues,2011-03-31,2011-06-30,3534000000,10-Q,2012-08-08,2012,Q2
DUK,Revenues,2011-04-01,2011-06-30,3534000000,10-Q,2011-08-08,2011,Q2
DUK,Revenues,2011-07-01,2011-09-30,3964000000,10-Q,2011-11-08,2011,Q3
DUK,Revenues,2011-10-01,2011-12-31,3368000000,10-K,2013-03-01,2012,FY
DUK,Revenues,2012-01-01,2012-03-31,3630000000,10-Q,2012-05-09,2012,Q1
DUK,Revenues,2012-03-31,2012-06-30,3577000000,10-Q,2012-08-08,2012,Q2
DUK,Revenues,2012-04-01,2012-06-30,3577000000,10-K,2013-03-01,2012,FY
DUK,Revenues,2012-07-01,2012-09-30,6722000000,10-Q,2012-11-08,2012,Q3
DUK,Revenues,2012-10-01,2012-12-31,5695000000,10-K,2013-03-01,2012,FY
DUK,Revenues,2013-01-01,2013-03-31,5898000000,10-Q,2013-05-09,2013,Q1
DUK,Revenues,2016-04-01,2016-06-30,5213000000,10-Q,2017-08-03,2017,Q2
DUK,Revenues,2017-04-01,2017-06-30,5555000000,10-Q,2017-08-03,2017,Q2
DY,Revenues,2014-07-27,2014-10-25,510389000,10-K,2016-08-31,2016,FY
DY,Revenues,2014-10-26,2015-01-24,441081000,10-K,2016-08-31,2016,FY
DY,Revenues,2015-01-25,2015-04-25,492363000,10-K,2016-08-31,2016,FY
DY,Revenues,2015-04-26,2015-07-25,578479000,10-K,2016-08-31,2016,FY
DY,Revenues,2015-07-26,2015-10-24,659268000,10-K,2016-08-31,2016,FY
DY,Revenues,2015-10-25,2016-01-23,559470000,10-K,2016-08-31,2016,FY
DY,Revenues,2016-01-24,2016-04-23,664645000,10-K,2016-08-31,2016,FY
DY,Revenues,2016-04-24,2016-07-30,789159000,10-K,2016-08-31,2016,FY
EIX,Revenues,2008-04-01,2008-06-30,3477000000,10-Q,2009-08-07,2009,Q2
EIX,Revenues,2008-07-01,2008-09-30,4294000000,10-Q,2009-11-06,2009,Q3
EIX,Revenues,2009-01-01,2009-03-31,2812000000,10-Q,2010-05-07,2010,Q1
EIX,Revenues,2009-04-01,2009-06-30,2834000000,10-Q,2009-08-07,2009,Q2
EIX,Revenues,2009-07-01,2009-09-30,3664000000,10-Q,2009-11-06,2009,Q3
EIX,Revenues,2009-10-01,2009-12-31,3050000000,10-K,2011-02-28,2010,FY
EIX,Revenues,2009-12-30,2010-03-31,2810000000,10-K,2012-02-29,2011,FY
EIX,Revenues,2010-01-01,2010-03-31,2810000000,10-Q,2010-05-07,2010,Q1
EIX,Revenues,2010-03-31,2010-06-30,2741000000,10-K,2012-02-29,2011,FY
EIX,Revenues,2010-04-01,2010-06-30,2741000000,10-Q,2010-08-05,2010,Q2
EIX,Revenues,2010-07-01,2010-09-30,3788000000,10-Q,2010-10-29,2010,Q3
EIX,Revenues,2010-10-01,2010-12-31,3069000000,10-K,2011-02-28,2010,FY
EIX,Revenues,2010-12-30,2011-03-31,2782000000,10-K,2012-02-29,2011,FY
EIX,Revenues,2011-01-01,2011-03-31,2782000000,10-Q,2011-05-02,2011,Q1
EIX,Revenues,2011-03-31,2011-06-30,2983000000,10-K,2012-02-29,2011,FY
EIX,Revenues,2011-04-01,2011-06-30,2983000000,10-Q,2011-08-04,2011,Q2
EIX,Revenues,2011-07-01,2011-09-30,3981000000,10-Q,2011-11-02,2011,Q3
EIX,Revenues,2011-10-01,2011-12-31,3013000000,10-K,2012-02-29,2011,FY
EIX,Revenues,2011-12-31,2012-03-31,2415000000,10-K,2013-02-26,2012,FY
EIX,Revenues,2012-01-01,2012-03-31,2856000000,10-Q,2012-05-02,2012,Q1
EIX,Revenues,2012-03-31,2012-06-30,2653000000,10-K,2013-02-26,2012,FY
EIX,Revenues,2012-04-01,2012-06-30,3057000000,10-Q,2012-07-31,2012,Q2
EIX,Revenues,2012-07-01,2012-09-30,4070000000,10-Q,2012-11-01,2012,Q3
EIX,Revenues,2012-10-01,2012-12-31,3060000000,10-K,2013-02-26,2012,FY
EIX,Revenues,2013-01-01,2013-03-31,2632000000,10-Q,2013-04-30,2013,Q1
EIX,Revenues,2013-04-01,2013-06-30,3046000000,10-Q,2013-08-01,2013,Q2
EIX,Revenues,2013-07-01,2013-09-30,3960000000,10-Q,2013-10-29,2013,Q3
EIX,Revenues,2013-10-01,2013-12-31,2943000000,10-K,2014-02-25,2013,FY
EIX,Revenues,2014-01-01,2014-03-31,2926000000,10-Q,2014-04-29,2014,Q1
EIX,Revenues,2014-04-01,2014-06-30,3016000000,10-Q,2014-07-31,2014,Q2
EIX,Revenues,2014-07-01,2014-09-30,4356000000,10-Q,2014-10-28,2014,Q3
EIX,Revenues,2014-10-01,2014-12-31,3114000000,10-K,2015-02-24,2014,FY
EIX,Revenues,2015-01-01,2015-03-31,2512000000,10-Q,2015-04-28,2015,Q1
EIX,Revenues,2015-04-01,2015-06-30,2908000000,10-Q,2015-07-30,2015,Q2
EIX,Revenues,2015-07-01,2015-09-30,3763000000,10-Q,2015-10-27,2015,Q3
EIX,Revenues,2015-10-01,2015-12-31,2341000000,10-K,2016-02-23,2015,FY
EIX,Revenues,2016-01-01,2016-03-31,2440000000,10-Q,2016-05-02,2016,Q1
EIX,Revenues,2016-04-01,2016-06-30,2777000000,10-Q,2016-07-28,2016,Q2
EIX,Revenues,2016-07-01,2016-09-30,3767000000,10-Q,2016-11-01,2016,Q3
EIX,Revenues,2016-10-01,2016-12-31,2884000000,10-K,2017-02-21,2016,FY
EIX,Revenues,2017-01-01,2017-03-31,2463000000,10-Q,2017-05-01,2017,Q1
EIX,Revenues,2017-04-01,2017-06-30,2965000000,10-Q,2017-07-27,2017,Q2
EIX,Revenues,2017-07-01,2017-09-30,3672000000,10-Q,2017-10-30,2017,Q3
EIX,Revenues,2017-10-01,2017-12-31,3220000000,10-K,2018-02-22,2017,FY
EIX,Revenues,2018-01-01,2018-03-31,2564000000,10-Q,2018-05-01,2018,Q1
EIX,Revenues,2018-04-01,2018-06-30,2815000000,10-Q,2018-07-26,2018,Q2
EIX,Revenues,2018-07-01,2018-09-30,4269000000,10-Q,2018-10-30,2018,Q3
EIX,Revenues,2018-10-01,2018-12-31,3009000000,10-K,2019-02-28,2018,FY
EIX,Revenues,2019-01-01,2019-03-31,2824000000,10-Q,2019-04-30,2019,Q1
EIX,Revenues,2019-04-01,2019-06-30,2812000000,10-Q,2019-07-25,2019,Q2
EIX,Revenues,2019-07-01,2019-09-30,3741000000,10-Q,2019-10-29,2019,Q3
EIX,Revenues,2019-10-01,2019-12-31,2970000000,10-K,2020-02-27,2019,FY
EIX,Revenues,2020-01-01,2020-03-31,2790000000,10-Q,2020-04-30,2020,Q1
EIX,Revenues,2020-04-01,2020-06-30,2987000000,10-Q,2020-07-28,2020,Q2
EIX,Revenues,2020-07-01,2020-09-30,4644000000,10-Q,2020-10-27,2020,Q3
EIX,Revenues,2020-10-01,2020-12-31,3157000000,10-K,2021-02-25,2020,FY
EIX,Revenues,2021-01-01,2021-03-31,2960000000,10-Q,2021-04-27,2021,Q1
EIX,Revenues,2021-04-01,2021-06-30,3315000000,10-Q,2021-07-29,2021,Q2
EIX,Revenues,2021-07-01,2021-09-30,5299000000,10-Q,2021-11-02,2021,Q3
EIX,Revenues,2022-01-01,2022-03-31,3968000000,10-Q,2022-05-03,2022,Q1
EIX,Revenues,2022-04-01,2022-06-30,4008000000,10-Q,2022-07-28,2022,Q2
EIX,Revenues,2022-07-01,2022-09-30,5228000000,10-Q,2022-11-01,2022,Q3
EIX,Revenues,2023-01-01,2023-03-31,3966000000,10-Q,2023-05-02,2023,Q1
EIX,Revenues,2023-04-01,2023-06-30,3964000000,10-Q,2023-07-27,2023,Q2
EIX,Revenues,2023-07-01,2023-09-30,4702000000,10-Q,2023-11-01,2023,Q3
EIX,Revenues,2024-01-01,2024-03-31,4078000000,10-Q,2024-04-30,2024,Q1
EIX,Revenues,2024-04-01,2024-06-30,4336000000,10-Q,2024-07-25,2024,Q2
EIX,Revenues,2024-07-01,2024-09-30,5201000000,10-Q,2024-10-29,2024,Q3
EIX,Revenues,2025-01-01,2025-03-31,3811000000,10-Q,2025-04-29,2025,Q1
EIX,Revenues,2025-04-01,2025-06-30,4543000000,10-Q,2025-07-31,2025,Q2
EIX,Revenues,2025-07-01,2025-09-30,5750000000,10-Q,2025-10-28,2025,Q3
EIX,Revenues,2026-01-01,2026-03-31,4103000000,10-Q,2026-04-28,2026,Q1
EME,Revenues,2012-04-01,2012-06-30,1590035000,10-Q,2013-07-25,2013,Q2
EME,Revenues,2012-07-01,2012-09-30,1606242000,10-Q,2013-10-24,2013,Q3
EME,Revenues,2013-01-01,2013-03-31,1568401000,10-Q,2014-04-29,2014,Q1
EME,Revenues,2013-04-01,2013-06-30,1556753000,10-Q,2013-07-25,2013,Q2
EME,Revenues,2013-07-01,2013-09-30,1629067000,10-Q,2013-10-24,2013,Q3
EME,Revenues,2014-01-01,2014-03-31,1599385000,10-Q,2014-04-29,2014,Q1
EME,Revenues,2014-04-01,2014-06-30,1558055000,10-Q,2014-07-29,2014,Q2
EME,Revenues,2014-07-01,2014-09-30,1566711000,10-Q,2014-10-28,2014,Q3
EME,Revenues,2015-01-01,2015-03-31,1589187000,10-Q,2015-04-30,2015,Q1
EME,Revenues,2015-04-01,2015-06-30,1652585000,10-Q,2015-07-30,2015,Q2
EME,Revenues,2015-07-01,2015-09-30,1699128000,10-Q,2015-10-29,2015,Q3
EME,Revenues,2016-01-01,2016-03-31,1744970000,10-Q,2016-04-28,2016,Q1
EME,Revenues,2016-04-01,2016-06-30,1933416000,10-Q,2016-07-28,2016,Q2
EME,Revenues,2016-07-01,2016-09-30,1923174000,10-Q,2016-10-27,2016,Q3
EME,Revenues,2017-01-01,2017-03-31,1891732000,10-Q,2017-04-27,2017,Q1
EME,Revenues,2017-04-01,2017-06-30,1895937000,10-Q,2017-07-27,2017,Q2
EME,Revenues,2017-07-01,2017-09-30,1886691000,10-Q,2017-10-26,2017,Q3
EME,Revenues,2018-01-01,2018-03-31,1900388000,10-Q,2018-04-26,2018,Q1
EME,Revenues,2018-04-01,2018-06-30,1953886000,10-Q,2018-07-26,2018,Q2
EME,Revenues,2018-07-01,2018-09-30,2047049000,10-Q,2018-10-25,2018,Q3
EME,Revenues,2019-01-01,2019-03-31,2158728000,10-Q,2019-04-30,2019,Q1
EME,Revenues,2019-04-01,2019-06-30,2324202000,10-Q,2019-07-30,2019,Q2
EME,Revenues,2019-07-01,2019-09-30,2287741000,10-Q,2019-10-29,2019,Q3
EME,Revenues,2020-01-01,2020-03-31,2299832000,10-Q,2020-04-30,2019,Q1
EME,Revenues,2020-04-01,2020-06-30,2014021000,10-Q,2020-08-03,2020,Q2
EME,Revenues,2020-07-01,2020-09-30,2201714000,10-Q,2020-10-29,2020,Q3
EME,Revenues,2021-01-01,2021-03-31,2304049000,10-Q,2021-04-29,2021,Q1
EME,Revenues,2021-04-01,2021-06-30,2437666000,10-Q,2021-07-29,2021,Q2
EME,Revenues,2021-07-01,2021-09-30,2521672000,10-Q,2021-10-28,2021,Q3
EME,Revenues,2022-01-01,2022-03-31,2592549000,10-Q,2022-04-28,2022,Q1
EME,Revenues,2022-04-01,2022-06-30,2707388000,10-Q,2022-07-28,2022,Q2
EME,Revenues,2022-07-01,2022-09-30,2826361000,10-Q,2022-10-27,2022,Q3
EME,Revenues,2023-01-01,2023-03-31,2890432000,10-Q,2023-04-27,2023,Q1
EME,Revenues,2023-04-01,2023-06-30,3045622000,10-Q,2023-07-27,2023,Q2
EME,Revenues,2023-07-01,2023-09-30,3207598000,10-Q,2023-10-26,2023,Q3
EME,Revenues,2024-01-01,2024-03-31,3432276000,10-Q,2024-04-25,2024,Q1
EME,Revenues,2024-04-01,2024-06-30,3666897000,10-Q,2024-07-25,2024,Q2
EME,Revenues,2024-07-01,2024-09-30,3696924000,10-Q,2024-10-31,2024,Q3
EME,Revenues,2025-01-01,2025-03-31,3867372000,10-Q,2025-04-30,2025,Q1
EME,Revenues,2025-04-01,2025-06-30,4304400000,10-Q,2025-07-31,2025,Q2
EME,Revenues,2025-07-01,2025-09-30,4301529000,10-Q,2025-10-30,2025,Q3
EME,Revenues,2026-01-01,2026-03-31,4628233000,10-Q,2026-04-29,2026,Q1
EME,Revenues,2026-04-01,2026-06-30,5154892000,10-Q,2026-07-30,2026,Q2
EQIX,Revenues,2009-04-01,2009-06-30,213168000,10-Q,2010-08-04,2010,Q2
EQIX,Revenues,2009-07-01,2009-09-30,227558000,10-Q,2010-10-29,2010,Q3
EQIX,Revenues,2010-01-01,2010-03-31,248649000,10-Q,2011-04-29,2011,Q1
EQIX,Revenues,2010-04-01,2010-06-30,296094000,10-Q,2010-08-04,2010,Q2
EQIX,Revenues,2010-07-01,2010-09-30,330347000,10-Q,2010-10-29,2010,Q3
EQIX,Revenues,2011-01-01,2011-03-31,363029000,10-Q,2011-04-29,2011,Q1
EQIX,Revenues,2011-04-01,2011-06-30,394900000,10-Q,2011-07-29,2011,Q2
EQIX,Revenues,2011-07-01,2011-09-30,417601000,10-Q,2011-10-28,2011,Q3
EQIX,Revenues,2012-01-01,2012-03-31,452200000,10-Q,2012-04-27,2012,Q1
EQIX,Revenues,2012-04-01,2012-06-30,466264000,10-Q,2012-07-27,2012,Q2
EQIX,Revenues,2012-07-01,2012-09-30,488730000,10-Q,2012-11-06,2012,Q3
EQIX,Revenues,2013-01-01,2013-03-31,519455000,10-Q,2013-04-26,2013,Q1
EQIX,Revenues,2013-04-01,2013-06-30,525669000,10-Q,2013-07-26,2013,Q2
EQIX,Revenues,2013-07-01,2013-09-30,543084000,10-Q,2013-11-12,2013,Q3
EQIX,Revenues,2014-01-01,2014-03-31,580053000,10-Q,2014-05-02,2014,Q1
EQIX,Revenues,2014-04-01,2014-06-30,605161000,10-Q,2014-08-08,2014,Q2
EQIX,Revenues,2014-07-01,2014-09-30,620441000,10-Q,2014-11-07,2014,Q3
EQIX,Revenues,2015-01-01,2015-03-31,643174000,10-Q,2015-05-01,2015,Q1
EQIX,Revenues,2015-04-01,2015-06-30,665582000,10-Q,2015-07-31,2015,Q2
EQIX,Revenues,2015-07-01,2015-09-30,686649000,10-Q,2015-10-30,2015,Q3
EQIX,Revenues,2016-01-01,2016-03-31,844156000,10-Q,2016-05-09,2016,Q1
EQIX,Revenues,2016-04-01,2016-06-30,900510000,10-Q,2016-08-08,2016,Q2
EQIX,Revenues,2016-07-01,2016-09-30,924676000,10-Q,2016-11-04,2016,Q3
EQIX,Revenues,2017-01-01,2017-03-31,949525000,10-Q,2017-05-05,2017,Q1
EQIX,Revenues,2017-04-01,2017-06-30,1066421000,10-Q,2017-08-04,2017,Q2
EQIX,Revenues,2017-07-01,2017-09-30,1152261000,10-Q,2017-11-03,2017,Q3
EQIX,Revenues,2017-10-01,2017-12-31,1200221000,10-K,2019-02-22,2018,FY
EQIX,Revenues,2018-01-01,2018-03-31,1215877000,10-Q,2018-05-04,2018,Q1
EQIX,Revenues,2018-04-01,2018-06-30,1261943000,10-Q,2018-08-08,2018,Q2
EQIX,Revenues,2018-07-01,2018-09-30,1283751000,10-Q,2018-11-02,2018,Q3
EQIX,Revenues,2018-10-01,2018-12-31,1310083000,10-K,2019-02-22,2018,FY
EQIX,Revenues,2019-01-01,2019-03-31,1363218000,10-Q,2019-05-03,2019,Q1
EQIX,Revenues,2019-04-01,2019-06-30,1384977000,10-Q,2019-08-02,2019,Q2
EQIX,Revenues,2019-07-01,2019-09-30,1396810000,10-Q,2019-11-01,2019,Q3
EQIX,Revenues,2019-10-01,2019-12-31,1417135000,10-K,2020-02-21,2019,FY
EQIX,Revenues,2020-01-01,2020-03-31,1444542000,10-K,2021-02-19,2020,FY
EQIX,Revenues,2020-04-01,2020-06-30,1470121000,10-K,2021-02-19,2020,FY
EQIX,Revenues,2020-07-01,2020-09-30,1519767000,10-K,2021-02-19,2020,FY
EQIX,Revenues,2020-10-01,2020-12-31,1564115000,10-K,2021-02-19,2020,FY
ETR,Revenues,2010-07-01,2010-09-30,3332176000,10-Q,2011-11-07,2011,Q3
ETR,Revenues,2011-01-01,2011-03-31,2541208000,10-Q,2012-05-09,2012,Q1
ETR,Revenues,2011-04-01,2011-06-30,2803279000,10-Q,2012-08-08,2012,Q2
ETR,Revenues,2011-07-01,2011-09-30,3395553000,10-Q,2011-11-07,2011,Q3
ETR,Revenues,2012-01-01,2012-03-31,2383659000,10-Q,2012-05-09,2012,Q1
ETR,Revenues,2012-04-01,2012-06-30,2518600000,10-Q,2012-08-08,2012,Q2
ETR,Revenues,2012-07-01,2012-09-30,2963560000,10-Q,2012-11-06,2012,Q3
ETR,Revenues,2013-01-01,2013-03-31,2608874000,10-Q,2013-05-08,2013,Q1
ETR,Revenues,2013-04-01,2013-06-30,2738208000,10-Q,2013-08-07,2013,Q2
ETR,Revenues,2013-07-01,2013-09-30,3351959000,10-Q,2013-11-07,2013,Q3
ETR,Revenues,2014-01-01,2014-03-31,3208843000,10-Q,2014-05-08,2014,Q1
ETR,Revenues,2014-04-01,2014-06-30,2996650000,10-Q,2014-08-07,2014,Q2
ETR,Revenues,2014-07-01,2014-09-30,3458110000,10-Q,2014-11-06,2014,Q3
ETR,Revenues,2015-01-01,2015-03-31,2920090000,10-Q,2015-05-07,2015,Q1
ETR,Revenues,2015-04-01,2015-06-30,2713231000,10-Q,2015-08-06,2015,Q2
ETR,Revenues,2015-07-01,2015-09-30,3371406000,10-Q,2015-11-04,2015,Q3
ETR,Revenues,2016-01-01,2016-03-31,2609852000,10-Q,2016-05-06,2016,Q1
ETR,Revenues,2016-04-01,2016-06-30,2462562000,10-Q,2016-08-04,2016,Q2
ETR,Revenues,2016-07-01,2016-09-30,3124703000,10-Q,2016-11-04,2016,Q3
ETR,Revenues,2017-01-01,2017-03-31,2588458000,10-Q,2017-05-05,2017,Q1
ETR,Revenues,2017-04-01,2017-06-30,2618550000,10-Q,2017-08-03,2017,Q2
ETR,Revenues,2017-07-01,2017-09-30,3243628000,10-Q,2017-11-03,2017,Q3
ETR,Revenues,2018-01-01,2018-03-31,2723881000,10-Q,2018-05-04,2018,Q1
ETR,Revenues,2018-04-01,2018-06-30,2668770000,10-Q,2018-08-07,2018,Q2
ETR,Revenues,2023-07-01,2023-09-30,3595522000,10-Q,2024-11-01,2024,Q3
ETR,Revenues,2024-01-01,2024-03-31,2794628000,10-Q,2025-05-01,2025,Q1
ETR,Revenues,2024-04-01,2024-06-30,2953620000,10-Q,2025-08-01,2025,Q2
ETR,Revenues,2024-07-01,2024-09-30,3389100000,10-Q,2024-11-01,2024,Q3
ETR,Revenues,2025-01-01,2025-03-31,2846874000,10-Q,2025-05-01,2025,Q1
ETR,Revenues,2025-04-01,2025-06-30,3328849000,10-Q,2025-08-01,2025,Q2
ETR,Revenues,2025-07-01,2025-09-30,3812019000,10-Q,2025-10-31,2025,Q3
ETR,Revenues,2026-01-01,2026-03-31,3187626000,10-Q,2026-05-01,2026,Q1
EXC,Revenues,2009-01-01,2009-03-31,4722000000,10-Q,2010-04-23,2010,Q1
EXC,Revenues,2009-03-31,2009-06-30,4141000000,10-Q,2010-07-22,2010,Q2
EXC,Revenues,2009-04-01,2009-06-30,4141000000,10-K,2011-02-10,2010,FY
EXC,Revenues,2009-07-01,2009-09-30,4339000000,10-Q,2010-10-22,2010,Q3
EXC,Revenues,2009-10-01,2009-12-31,4116000000,10-K,2011-02-10,2010,FY
EXC,Revenues,2009-12-30,2010-03-31,4461000000,10-Q,2011-04-27,2011,Q1
EXC,Revenues,2010-01-01,2010-03-31,4461000000,10-Q,2010-04-23,2010,Q1
EXC,Revenues,2010-03-31,2010-06-30,4398000000,10-Q,2010-07-22,2010,Q2
EXC,Revenues,2010-04-01,2010-06-30,4398000000,10-K,2011-02-10,2010,FY
EXC,Revenues,2010-07-01,2010-09-30,5291000000,10-Q,2010-10-22,2010,Q3
EXC,Revenues,2010-10-01,2010-12-31,4494000000,10-K,2011-02-10,2010,FY
EXC,Revenues,2010-12-30,2011-03-31,5052000000,10-Q,2011-04-27,2011,Q1
EXC,Revenues,2011-01-01,2011-03-31,5052000000,10-K,2012-02-09,2011,FY
EXC,Revenues,2011-03-31,2011-06-30,4587000000,10-Q,2011-07-27,2011,Q2
EXC,Revenues,2011-04-01,2011-06-30,4587000000,10-K,2012-02-09,2011,FY
EXC,Revenues,2011-07-01,2011-09-30,5295000000,10-Q,2011-10-26,2011,Q3
EXC,Revenues,2011-10-01,2011-12-31,3991000000,10-K,2012-02-09,2011,FY
EXC,Revenues,2012-01-01,2012-03-31,4686000000,10-Q,2012-05-10,2012,Q1
EXC,Revenues,2012-04-01,2012-06-30,5954000000,10-Q,2012-08-09,2012,Q2
EXC,Revenues,2012-07-01,2012-09-30,6565000000,10-Q,2012-11-07,2012,Q3
EXC,Revenues,2012-10-01,2012-12-31,6284000000,10-K,2013-02-22,2012,FY
EXC,Revenues,2013-01-01,2013-03-31,6082000000,10-Q,2013-05-10,2013,Q1
EXC,Revenues,2013-04-01,2013-06-30,6141000000,10-Q,2013-08-08,2013,Q2
EXC,Revenues,2013-07-01,2013-09-30,6502000000,10-Q,2013-11-07,2013,Q3
EXC,Revenues,2013-10-01,2013-12-31,6163000000,10-K,2014-02-14,2013,FY
EXC,Revenues,2014-01-01,2014-03-31,7237000000,10-Q,2014-04-30,2014,Q1
EXC,Revenues,2014-04-01,2014-06-30,6024000000,10-Q,2014-07-31,2014,Q2
EXC,Revenues,2014-07-01,2014-09-30,6912000000,10-Q,2014-10-29,2014,Q3
EXC,Revenues,2014-10-01,2014-12-31,7255000000,10-K,2015-02-13,2014,FY
EXC,Revenues,2015-01-01,2015-03-31,8830000000,10-Q,2015-04-29,2015,Q1
EXC,Revenues,2015-04-01,2015-06-30,6514000000,10-Q,2015-07-29,2015,Q2
EXC,Revenues,2015-07-01,2015-09-30,7401000000,10-Q,2015-10-30,2015,Q3
EXC,Revenues,2015-10-01,2015-12-31,6702000000,10-K,2016-02-10,2015,FY
EXC,Revenues,2016-01-01,2016-03-31,7573000000,10-Q,2016-05-10,2016,Q1
EXC,Revenues,2016-04-01,2016-06-30,6910000000,10-Q,2016-08-09,2016,Q2
EXC,Revenues,2016-07-01,2016-09-30,9002000000,10-Q,2016-10-26,2016,Q3
EXC,Revenues,2016-10-01,2016-12-31,7875000000,10-K,2017-02-13,2016,FY
EXC,Revenues,2017-01-01,2017-03-31,8757000000,10-Q,2017-05-03,2017,Q1
EXC,Revenues,2017-04-01,2017-06-30,7623000000,10-Q,2017-08-02,2017,Q2
EXC,Revenues,2017-07-01,2017-09-30,8769000000,10-Q,2017-11-02,2017,Q3
EXC,Revenues,2017-10-01,2017-12-31,8381000000,10-K,2018-02-09,2017,FY
EXC,Revenues,2018-01-01,2018-03-31,9693000000,10-Q,2018-05-02,2018,Q1
EXC,Revenues,2018-04-01,2018-06-30,8076000000,10-Q,2018-08-02,2018,Q2
EXC,Revenues,2018-07-01,2018-09-30,9403000000,10-Q,2018-11-01,2018,Q3
EXC,Revenues,2018-10-01,2018-12-31,8814000000,10-K,2019-02-08,2018,FY
EXC,Revenues,2019-01-01,2019-03-31,9477000000,10-Q,2019-05-02,2019,Q1
EXC,Revenues,2019-04-01,2019-06-30,7689000000,10-Q,2019-08-01,2019,Q2
EXC,Revenues,2019-07-01,2019-09-30,8929000000,10-Q,2019-10-31,2019,Q3
EXC,Revenues,2019-10-01,2019-12-31,8343000000,10-K,2020-02-11,2019,FY
EXC,Revenues,2020-01-01,2020-03-31,8747000000,10-Q,2020-05-08,2020,Q1
EXC,Revenues,2020-04-01,2020-06-30,7322000000,10-Q,2020-08-04,2020,Q2
EXC,Revenues,2020-07-01,2020-09-30,8853000000,10-Q,2020-11-03,2020,Q3
EXC,Revenues,2021-01-01,2021-03-31,9890000000,10-Q,2021-05-05,2021,Q1
EXC,Revenues,2021-04-01,2021-06-30,7915000000,10-Q,2021-08-04,2021,Q2
EXC,Revenues,2021-07-01,2021-09-30,8910000000,10-Q,2021-11-03,2021,Q3
EXC,Revenues,2022-01-01,2022-03-31,5327000000,10-Q,2022-05-09,2022,Q1
EXC,Revenues,2022-04-01,2022-06-30,4239000000,10-Q,2022-08-03,2022,Q2
EXC,Revenues,2022-07-01,2022-09-30,4845000000,10-Q,2022-11-03,2022,Q3
EXC,Revenues,2023-01-01,2023-03-31,5563000000,10-Q,2023-05-03,2023,Q1
EXC,Revenues,2023-04-01,2023-06-30,4818000000,10-Q,2023-08-02,2023,Q2
EXC,Revenues,2023-07-01,2023-09-30,5980000000,10-Q,2023-11-02,2023,Q3
EXC,Revenues,2024-01-01,2024-03-31,6043000000,10-Q,2024-05-02,2024,Q1
EXC,Revenues,2024-04-01,2024-06-30,5361000000,10-Q,2024-08-01,2024,Q2
EXC,Revenues,2024-07-01,2024-09-30,6154000000,10-Q,2024-10-30,2024,Q3
EXC,Revenues,2025-01-01,2025-03-31,6714000000,10-Q,2025-05-01,2025,Q1
EXC,Revenues,2025-04-01,2025-06-30,5427000000,10-Q,2025-07-31,2025,Q2
EXC,Revenues,2025-07-01,2025-09-30,6705000000,10-Q,2025-11-04,2025,Q3
EXC,Revenues,2026-01-01,2026-03-31,7242000000,10-Q,2026-05-06,2026,Q1
FIX,Revenues,2017-01-01,2017-03-31,380588000,10-Q,2018-04-26,2018,Q1
FIX,Revenues,2017-04-01,2017-06-30,465411000,10-Q,2018-07-26,2018,Q2
FIX,Revenues,2017-07-01,2017-09-30,480851000,10-Q,2018-10-25,2018,Q3
FIX,Revenues,2017-10-01,2017-12-31,461072000,10-K,2019-02-21,2018,FY
FIX,Revenues,2018-01-01,2018-03-31,464941000,10-Q,2018-04-26,2018,Q1
FIX,Revenues,2018-04-01,2018-06-30,535043000,10-Q,2018-07-26,2018,Q2
FIX,Revenues,2018-07-01,2018-09-30,594536000,10-Q,2018-10-25,2018,Q3
FIX,Revenues,2018-10-01,2018-12-31,588359000,10-K,2019-02-21,2018,FY
FIX,Revenues,2019-01-01,2019-03-31,538473000,10-Q,2019-04-25,2019,Q1
FIX,Revenues,2019-04-01,2019-06-30,650302000,10-Q,2019-07-25,2019,Q2
FIX,Revenues,2019-07-01,2019-09-30,706918000,10-Q,2019-10-24,2019,Q3
FIX,Revenues,2019-10-01,2019-12-31,719584000,10-K,2020-02-26,2019,FY
FIX,Revenues,2020-01-01,2020-03-31,700131000,10-Q,2020-04-27,2020,Q1
FIX,Revenues,2020-04-01,2020-06-30,743468000,10-Q,2020-07-27,2020,Q2
FIX,Revenues,2020-07-01,2020-09-30,714099000,10-Q,2020-10-26,2020,Q3
FIX,Revenues,2020-10-01,2020-12-31,698961000,10-K,2021-02-25,2020,FY
FIX,Revenues,2021-01-01,2021-03-31,669761000,10-Q,2021-04-28,2021,Q1
FIX,Revenues,2021-04-01,2021-06-30,713895000,10-Q,2021-07-28,2021,Q2
FIX,Revenues,2021-07-01,2021-09-30,833896000,10-Q,2021-10-27,2021,Q3
FIX,Revenues,2022-01-01,2022-03-31,885216000,10-Q,2022-04-27,2022,Q1
FIX,Revenues,2022-04-01,2022-06-30,1017948000,10-Q,2022-07-27,2022,Q2
FIX,Revenues,2022-07-01,2022-09-30,1120012000,10-Q,2022-10-26,2022,Q3
FIX,Revenues,2023-01-01,2023-03-31,1174640000,10-Q,2023-04-26,2023,Q1
FIX,Revenues,2023-04-01,2023-06-30,1296430000,10-Q,2023-07-26,2023,Q2
FIX,Revenues,2023-07-01,2023-09-30,1378124000,10-Q,2023-10-26,2023,Q3
FIX,Revenues,2024-01-01,2024-03-31,1537016000,10-Q,2024-04-25,2024,Q1
FIX,Revenues,2024-04-01,2024-06-30,1810290000,10-Q,2024-07-25,2024,Q2
FIX,Revenues,2024-07-01,2024-09-30,1812366000,10-Q,2024-10-24,2024,Q3
FIX,Revenues,2025-01-01,2025-03-31,1831286000,10-Q,2025-04-24,2025,Q1
FIX,Revenues,2025-04-01,2025-06-30,2173319000,10-Q,2025-07-24,2025,Q2
FIX,Revenues,2025-07-01,2025-09-30,2450969000,10-Q,2025-10-23,2025,Q3
FIX,Revenues,2026-01-01,2026-03-31,2865332000,10-Q,2026-04-23,2026,Q1
FIX,Revenues,2026-04-01,2026-06-30,3265656000,10-Q,2026-07-23,2026,Q2
FSLR,Revenues,2017-04-01,2017-06-30,623326000,10-Q,2018-07-27,2018,Q2
FSLR,Revenues,2017-07-01,2017-09-30,1087026000,10-Q,2018-10-26,2018,Q3
FSLR,Revenues,2018-01-01,2018-03-31,567265000,10-Q,2019-05-03,2019,Q1
FSLR,Revenues,2018-04-01,2018-06-30,309318000,10-Q,2018-07-27,2018,Q2
FSLR,Revenues,2018-07-01,2018-09-30,676220000,10-Q,2018-10-26,2018,Q3
FSLR,Revenues,2019-01-01,2019-03-31,531978000,10-Q,2019-05-03,2019,Q1
FSLR,Revenues,2019-04-01,2019-06-30,584956000,10-Q,2019-08-02,2019,Q2
FSLR,Revenues,2019-07-01,2019-09-30,546806000,10-Q,2019-10-25,2019,Q3
FSLR,Revenues,2020-01-01,2020-03-31,532124000,10-Q,2020-05-08,2020,Q1
FSLR,Revenues,2020-04-01,2020-06-30,642411000,10-Q,2020-08-07,2020,Q2
FSLR,Revenues,2020-07-01,2020-09-30,927565000,10-Q,2020-10-28,2020,Q3
FSLR,Revenues,2021-01-01,2021-03-31,803374000,10-Q,2021-04-30,2021,Q1
FSLR,Revenues,2021-04-01,2021-06-30,629180000,10-Q,2021-07-30,2021,Q2
FSLR,Revenues,2021-07-01,2021-09-30,583504000,10-Q,2021-11-05,2021,Q3
FSLR,Revenues,2022-01-01,2022-03-31,367040000,10-Q,2022-04-29,2022,Q1
FSLR,Revenues,2022-04-01,2022-06-30,620955000,10-Q,2022-07-29,2022,Q2
FSLR,Revenues,2022-07-01,2022-09-30,628933000,10-Q,2022-10-28,2022,Q3
FSLR,Revenues,2023-01-01,2023-03-31,548286000,10-Q,2023-04-27,2023,Q1
FSLR,Revenues,2023-04-01,2023-06-30,810673000,10-Q,2023-07-27,2023,Q2
FSLR,Revenues,2023-07-01,2023-09-30,801090000,10-Q,2023-10-31,2023,Q3
FSLR,Revenues,2024-01-01,2024-03-31,794108000,10-Q,2024-05-01,2024,Q1
FSLR,Revenues,2024-04-01,2024-06-30,1010482000,10-Q,2024-07-30,2024,Q2
FSLR,Revenues,2024-07-01,2024-09-30,887668000,10-Q,2024-10-29,2024,Q3
FSLR,Revenues,2025-01-01,2025-03-31,844568000,10-Q,2025-04-29,2025,Q1
FSLR,Revenues,2025-04-01,2025-06-30,1097170000,10-Q,2025-07-31,2025,Q2
FSLR,Revenues,2025-07-01,2025-09-30,1594856000,10-Q,2025-10-30,2025,Q3
FSLR,Revenues,2026-01-01,2026-03-31,1044240000,10-Q,2026-04-30,2026,Q1
FSLR,Revenues,2026-04-01,2026-06-30,1056193000,10-Q,2026-07-30,2026,Q2
IRM,Revenues,2019-01-01,2019-03-31,1053863000,10-K,2020-02-13,2019,FY
IRM,Revenues,2019-04-01,2019-06-30,1066907000,10-K,2020-02-13,2019,FY
IRM,Revenues,2019-07-01,2019-09-30,1062224000,10-K,2020-02-13,2019,FY
IRM,Revenues,2019-10-01,2019-12-31,1079590000,10-K,2020-02-13,2019,FY
IRM,Revenues,2020-01-01,2020-03-31,1068731000,10-Q,2020-05-07,2020,Q1
IRM,Revenues,2020-04-01,2020-06-30,982239000,10-Q,2020-08-06,2020,Q2
IRM,Revenues,2020-07-01,2020-09-30,1036647000,10-Q,2020-11-05,2020,Q3
IRM,Revenues,2021-01-01,2021-03-31,1082040000,10-Q,2021-05-06,2021,Q1
IRM,Revenues,2021-04-01,2021-06-30,1119756000,10-Q,2021-08-05,2021,Q2
IRM,Revenues,2021-07-01,2021-09-30,1130148000,10-Q,2021-11-04,2021,Q3
IRM,Revenues,2022-01-01,2022-03-31,1248046000,10-Q,2022-04-28,2022,Q1
IRM,Revenues,2022-04-01,2022-06-30,1289534000,10-Q,2022-08-04,2022,Q2
IRM,Revenues,2022-07-01,2022-09-30,1286945000,10-Q,2022-11-03,2022,Q3
J,Revenues,2007-09-27,2007-12-31,2471817000,10-K,2010-11-23,2010,FY
J,Revenues,2008-01-01,2008-03-31,2664794000,10-K,2010-11-23,2010,FY
J,Revenues,2008-04-01,2008-06-30,2918927000,10-Q,2009-07-30,2009,Q3
J,Revenues,2008-07-01,2008-09-26,3196621000,10-K,2010-11-23,2010,FY
J,Revenues,2008-09-27,2008-12-31,3232653000,10-K,2011-11-21,2011,FY
J,Revenues,2008-09-27,2009-01-02,3232653000,10-K,2010-11-23,2010,FY
J,Revenues,2008-10-01,2009-01-02,3232653000,10-Q,2010-01-28,2010,Q1
J,Revenues,2009-01-01,2009-03-31,2975452000,10-K,2011-11-21,2011,FY
J,Revenues,2009-01-01,2009-04-03,2975452000,10-Q,2010-04-29,2010,Q2
J,Revenues,2009-01-03,2009-04-03,2975452000,10-K,2010-11-23,2010,FY
J,Revenues,2009-04-01,2009-06-30,2706724000,10-Q,2009-07-30,2009,Q3
J,Revenues,2009-04-01,2009-07-03,2706724000,10-Q,2010-07-30,2010,Q3
J,Revenues,2009-04-04,2009-07-03,2706724000,10-K,2010-11-23,2010,FY
J,Revenues,2009-07-01,2009-10-02,2552547000,10-K,2011-11-21,2011,FY
J,Revenues,2009-07-04,2009-10-02,2552547000,10-K,2010-11-23,2010,FY
J,Revenues,2009-10-03,2010-01-01,2477785000,10-Q,2010-01-28,2010,Q1
J,Revenues,2010-01-02,2010-04-02,2586974000,10-Q,2010-04-29,2010,Q2
J,Revenues,2010-04-03,2010-07-02,2507725000,10-Q,2010-07-30,2010,Q3
J,Revenues,2010-07-03,2010-10-01,2343033000,10-K,2010-11-23,2010,FY
J,Revenues,2010-10-02,2010-12-31,2356175000,10-Q,2011-01-26,2011,Q1
J,Revenues,2010-12-31,2011-04-01,2558016000,10-Q,2012-05-02,2012,Q2
J,Revenues,2011-01-01,2011-04-01,2558016000,10-Q,2011-04-29,2011,Q2
J,Revenues,2011-04-02,2011-07-01,2744178000,10-Q,2011-07-29,2011,Q3
J,Revenues,2011-07-02,2011-09-30,2723295000,10-K,2011-11-21,2011,FY
J,Revenues,2011-10-01,2011-12-30,2631768000,10-Q,2012-01-27,2012,Q1
J,Revenues,2011-12-31,2012-03-30,2702851000,10-Q,2012-05-02,2012,Q2
J,Revenues,2012-03-31,2012-06-29,2772874000,10-Q,2012-08-02,2012,Q3
J,Revenues,2012-06-30,2012-09-28,2786285000,10-K,2012-11-20,2012,FY
J,Revenues,2012-09-29,2012-12-28,2759641000,10-Q,2013-01-24,2013,Q1
J,Revenues,2012-12-29,2013-03-29,2835084000,10-Q,2013-05-01,2013,Q2
J,Revenues,2013-03-30,2013-06-28,3080995000,10-Q,2013-08-01,2013,Q3
J,Revenues,2013-06-29,2013-09-27,3142656000,10-K,2013-11-22,2013,FY
J,Revenues,2013-09-28,2013-12-27,3068891000,10-Q,2014-01-24,2014,Q1
J,Revenues,2013-12-28,2014-03-28,3176033000,10-Q,2014-05-02,2014,Q2
J,Revenues,2014-03-29,2014-06-27,3231791000,10-Q,2014-08-01,2014,Q3
J,Revenues,2014-06-28,2014-09-26,3218442000,10-K,2014-11-24,2014,FY
J,Revenues,2014-09-27,2014-12-26,3187005000,10-Q,2015-02-02,2015,Q1
J,Revenues,2014-12-27,2015-03-27,2903332000,10-Q,2015-05-01,2015,Q2
J,Revenues,2015-03-28,2015-06-26,2907541000,10-Q,2015-07-31,2015,Q3
J,Revenues,2015-06-27,2015-10-02,3116954000,10-K,2015-11-24,2015,FY
J,Revenues,2015-10-01,2016-01-01,2847934000,10-Q,2017-02-08,2017,Q1
J,Revenues,2015-10-03,2016-01-01,2847934000,10-Q,2016-02-03,2016,Q1
J,Revenues,2016-01-02,2016-04-01,2781763000,10-Q,2016-05-05,2016,Q2
J,Revenues,2016-04-02,2016-07-01,2693873000,10-Q,2016-08-09,2016,Q3
J,Revenues,2016-07-02,2016-09-30,2640587000,10-K,2016-11-22,2016,FY
J,Revenues,2016-10-01,2016-12-30,2551604000,10-Q,2017-02-08,2017,Q1
J,Revenues,2016-12-31,2017-03-31,2302567000,10-Q,2017-05-09,2017,Q2
J,Revenues,2017-04-01,2017-06-30,2514751000,10-Q,2017-08-08,2017,Q3
J,Revenues,2017-07-01,2017-09-29,2653866000,10-K,2017-11-21,2017,FY
J,Revenues,2017-09-30,2017-12-29,2750311000,10-Q,2018-02-07,2018,Q1
J,Revenues,2017-12-30,2018-03-30,3935028000,10-Q,2018-05-08,2018,Q2
J,Revenues,2018-03-31,2018-06-29,4156663000,10-K,2018-11-21,2018,FY
J,Revenues,2018-06-30,2018-09-28,4142644000,10-K,2018-11-21,2018,FY
LEU,Revenues,2009-04-01,2009-06-30,514300000,10-Q/A,2010-08-05,2010,Q2
LEU,Revenues,2009-07-01,2009-09-30,549300000,10-Q,2010-11-03,2010,Q3
LEU,Revenues,2010-01-01,2010-03-31,344700000,10-Q,2011-05-04,2011,Q1
LEU,Revenues,2010-04-01,2010-06-30,459700000,10-Q/A,2010-08-05,2010,Q2
LEU,Revenues,2010-07-01,2010-09-30,564600000,10-Q,2010-11-03,2010,Q3
LEU,Revenues,2010-10-01,2010-12-31,666400000,10-K,2012-03-14,2011,FY
LEU,Revenues,2011-01-01,2011-03-31,380500000,10-Q,2011-05-04,2011,Q1
LEU,Revenues,2011-04-01,2011-06-30,454400000,10-Q,2011-08-04,2011,Q2
LEU,Revenues,2011-07-01,2011-09-30,374500000,10-Q,2011-11-04,2011,Q3
LEU,Revenues,2011-10-01,2011-12-31,462400000,10-K,2012-03-14,2011,FY
LEU,Revenues,2012-01-01,2012-03-31,561500000,10-Q,2012-05-02,2012,Q1
LEU,Revenues,2012-04-01,2012-06-30,364800000,10-Q,2012-08-01,2012,Q2
LEU,Revenues,2012-07-01,2012-09-30,570500000,10-Q,2012-11-01,2012,Q3
LEU,Revenues,2012-10-01,2012-12-31,421300000,10-K,2013-03-18,2012,FY
LEU,Revenues,2013-01-01,2013-03-31,320400000,10-Q,2013-05-07,2013,Q1
LEU,Revenues,2013-04-01,2013-06-30,284800000,10-Q,2013-08-06,2013,Q2
LEU,Revenues,2013-07-01,2013-09-30,303800000,10-Q,2013-11-05,2013,Q3
LEU,Revenues,2013-10-01,2013-12-31,398500000,10-K,2014-03-31,2013,FY
LEU,Revenues,2014-01-01,2014-03-31,148600000,10-Q,2014-05-15,2014,Q1
LEU,Revenues,2014-04-01,2014-06-30,121200000,10-Q,2014-08-13,2014,Q2
LEU,Revenues,2014-07-01,2014-09-30,120700000,10-Q,2014-11-14,2014,Q3
LEU,Revenues,2014-10-01,2014-12-31,123600000,10-K,2015-03-16,2014,FY
LEU,Revenues,2015-01-01,2015-03-31,167800000,10-Q,2015-05-07,2015,Q1
LEU,Revenues,2015-04-01,2015-06-30,63300000,10-Q,2016-08-12,2016,Q2
LEU,Revenues,2015-07-01,2015-09-30,29200000,10-Q,2016-11-10,2016,Q3
LEU,Revenues,2015-10-01,2015-12-31,157900000,10-K,2017-03-31,2016,Q4
LEU,Revenues,2016-01-01,2016-03-31,90000000,10-Q,2016-05-10,2016,Q1
LEU,Revenues,2016-04-01,2016-06-30,63400000,10-Q,2016-08-12,2016,Q2
LEU,Revenues,2016-07-01,2016-09-30,21400000,10-Q,2016-11-10,2016,Q3
LEU,Revenues,2016-10-01,2016-12-31,136500000,10-K,2017-03-31,2016,Q4
LEU,Revenues,2017-01-01,2017-03-31,7200000,10-Q,2017-05-10,2017,Q1
LEU,Revenues,2017-04-01,2017-06-30,44000000,10-Q,2017-08-03,2017,Q2
LEU,Revenues,2017-07-01,2017-09-30,50300000,10-Q,2017-11-14,2017,Q3
LEU,Revenues,2017-10-01,2017-12-31,116900000,10-K,2018-03-15,2017,Q4
LEU,Revenues,2018-01-01,2018-03-31,35700000,10-Q,2018-05-10,2018,Q1
LEU,Revenues,2018-04-01,2018-06-30,39400000,10-Q,2018-08-09,2018,Q2
LEU,Revenues,2018-07-01,2018-09-30,34100000,10-Q,2018-11-08,2018,Q3
META,Revenues,2011-04-01,2011-06-30,895000000,10-Q,2012-07-31,2012,Q2
META,Revenues,2011-07-01,2011-09-30,954000000,10-Q,2012-10-24,2012,Q3
META,Revenues,2012-01-01,2012-03-31,1058000000,10-Q,2013-05-02,2013,Q1
META,Revenues,2012-04-01,2012-06-30,1184000000,10-Q,2012-07-31,2012,Q2
META,Revenues,2012-07-01,2012-09-30,1262000000,10-Q,2012-10-24,2012,Q3
META,Revenues,2013-01-01,2013-03-31,1458000000,10-Q,2013-05-02,2013,Q1
META,Revenues,2013-04-01,2013-06-30,1813000000,10-Q,2013-07-25,2013,Q2
META,Revenues,2013-07-01,2013-09-30,2016000000,10-Q,2013-11-01,2013,Q3
META,Revenues,2014-01-01,2014-03-31,2502000000,10-Q,2014-04-25,2014,Q1
META,Revenues,2014-04-01,2014-06-30,2910000000,10-Q,2014-07-24,2014,Q2
META,Revenues,2014-07-01,2014-09-30,3203000000,10-Q,2014-10-30,2014,Q3
META,Revenues,2015-01-01,2015-03-31,3543000000,10-Q,2015-04-23,2015,Q1
META,Revenues,2015-04-01,2015-06-30,4042000000,10-Q,2015-07-31,2015,Q2
META,Revenues,2015-07-01,2015-09-30,4501000000,10-Q,2015-11-05,2015,Q3
META,Revenues,2016-01-01,2016-03-31,5382000000,10-Q,2016-04-28,2016,Q1
META,Revenues,2016-04-01,2016-06-30,6436000000,10-Q,2016-07-28,2016,Q2
META,Revenues,2016-07-01,2016-09-30,7011000000,10-Q,2016-11-03,2016,Q3
META,Revenues,2017-01-01,2017-03-31,8032000000,10-Q,2017-05-04,2017,Q1
META,Revenues,2017-04-01,2017-06-30,9321000000,10-Q,2017-07-27,2017,Q2
META,Revenues,2017-07-01,2017-09-30,10328000000,10-Q,2017-11-02,2017,Q3
META,Revenues,2018-01-01,2018-03-31,11966000000,10-Q,2018-04-26,2018,Q1
META,Revenues,2018-04-01,2018-06-30,13231000000,10-Q,2018-07-26,2018,Q2
META,Revenues,2018-07-01,2018-09-30,13727000000,10-Q,2018-10-31,2018,Q3
MSFT,Revenues,2007-07-01,2007-09-30,13762000000,10-K,2010-07-30,2010,FY
MSFT,Revenues,2007-10-01,2007-12-31,16367000000,10-K,2010-07-30,2010,FY
MSFT,Revenues,2008-01-01,2008-03-31,14454000000,10-K,2010-07-30,2010,FY
MSFT,Revenues,2008-04-01,2008-06-30,15837000000,10-K,2010-07-30,2010,FY
MSFT,Revenues,2008-07-01,2008-09-30,15061000000,10-Q,2009-10-23,2010,Q1
MSFT,Revenues,2008-10-01,2008-12-31,16629000000,10-Q,2010-01-28,2010,Q2
MSFT,Revenues,2009-01-01,2009-03-31,13648000000,10-Q,2010-04-22,2010,Q3
MSFT,Revenues,2009-04-01,2009-06-30,13099000000,10-K,2010-07-30,2010,FY
MSFT,Revenues,2009-07-01,2009-09-30,12920000000,10-Q,2009-10-23,2010,Q1
MSFT,Revenues,2009-10-01,2009-12-31,19022000000,10-Q,2010-01-28,2010,Q2
MSFT,Revenues,2010-01-01,2010-03-31,14503000000,10-Q,2010-04-22,2010,Q3
MSFT,Revenues,2010-04-01,2010-06-30,16039000000,10-K,2010-07-30,2010,FY
MSFT,Revenues,2010-07-01,2010-09-30,16195000000,10-Q,2010-10-28,2011,Q1
MSFT,Revenues,2010-10-01,2010-12-31,19953000000,10-Q,2011-01-27,2011,Q2
MTZ,Revenues,2010-01-01,2010-03-31,450231000,10-K,2012-02-29,2011,FY
MTZ,Revenues,2010-04-01,2010-06-30,495113000,10-Q,2011-08-03,2011,Q2
MTZ,Revenues,2010-07-01,2010-09-30,631947000,10-Q,2011-11-03,2011,Q3
MTZ,Revenues,2010-10-01,2010-12-31,730740000,10-K,2012-02-29,2011,FY
MTZ,Revenues,2011-01-01,2011-03-31,618492000,10-K,2012-02-29,2011,FY
MTZ,Revenues,2011-04-01,2011-06-30,750942000,10-Q,2011-08-03,2011,Q2
MTZ,Revenues,2011-07-01,2011-09-30,865313000,10-Q,2011-11-03,2011,Q3
MTZ,Revenues,2011-10-01,2011-12-31,774230000,10-K,2012-02-29,2011,FY
MTZ,Revenues,2012-01-01,2012-03-31,778476000,10-Q,2012-05-03,2012,Q1
MTZ,Revenues,2012-04-01,2012-06-30,992244000,10-Q,2012-08-02,2012,Q2
MTZ,Revenues,2012-07-01,2012-09-30,1067300000,10-Q,2012-11-01,2012,Q3
MTZ,Revenues,2012-10-01,2012-12-31,932300000,10-K,2013-02-28,2012,FY
MTZ,Revenues,2013-01-01,2013-03-31,918648000,10-Q,2013-05-02,2013,Q1
MTZ,Revenues,2013-04-01,2013-06-30,977624000,10-Q,2013-08-01,2013,Q2
MTZ,Revenues,2013-07-01,2013-09-30,1269385000,10-Q,2013-10-31,2013,Q3
MTZ,Revenues,2013-10-01,2013-12-31,1159100000,10-K,2014-02-27,2013,FY
MTZ,Revenues,2014-01-01,2014-03-31,964029000,10-Q,2014-05-01,2014,Q1
MTZ,Revenues,2014-04-01,2014-06-30,1104556000,10-Q,2014-08-11,2014,Q2
MTZ,Revenues,2014-07-01,2014-09-30,1309596000,10-Q,2014-10-30,2014,Q3
MTZ,Revenues,2014-10-01,2014-12-31,1231300000,10-K,2015-07-31,2014,FY
MTZ,Revenues,2015-01-01,2015-03-31,1003268000,10-Q,2015-08-07,2015,Q1
MTZ,Revenues,2015-04-01,2015-06-30,1066629000,10-Q,2015-08-17,2015,Q2
MTZ,Revenues,2015-07-01,2015-09-30,1111010000,10-Q,2015-11-03,2015,Q3
MTZ,Revenues,2015-10-01,2015-12-31,1027400000,10-K,2016-02-26,2015,FY
MTZ,Revenues,2016-01-01,2016-03-31,974225000,10-Q,2016-05-05,2016,Q1
MTZ,Revenues,2016-04-01,2016-06-30,1232404000,10-Q,2016-08-04,2016,Q2
MTZ,Revenues,2016-07-01,2016-09-30,1586181000,10-Q,2016-11-03,2016,Q3
MTZ,Revenues,2016-10-01,2016-12-31,1341900000,10-K,2017-02-24,2016,FY
MTZ,Revenues,2017-01-01,2017-03-31,1158184000,10-Q,2017-05-04,2017,Q1
MTZ,Revenues,2017-04-01,2017-06-30,1890180000,10-Q,2017-08-03,2017,Q2
MTZ,Revenues,2017-07-01,2017-09-30,1955752000,10-Q,2017-11-02,2017,Q3
MTZ,Revenues,2017-10-01,2017-12-31,1602900000,10-K,2018-02-27,2017,FY
MTZ,Revenues,2018-01-01,2018-03-31,1396834000,10-Q,2018-04-30,2018,Q1
MTZ,Revenues,2018-04-01,2018-06-30,1617804000,10-Q,2018-08-02,2018,Q2
MTZ,Revenues,2018-07-01,2018-09-30,1977227000,10-Q,2018-11-01,2018,Q3
MTZ,Revenues,2018-10-01,2018-12-31,1917600000,10-K,2019-02-28,2018,FY
MTZ,Revenues,2019-01-01,2019-03-31,1518340000,10-Q,2019-05-02,2019,Q1
MTZ,Revenues,2019-04-01,2019-06-30,1939006000,10-Q,2019-08-01,2019,Q2
MTZ,Revenues,2019-07-01,2019-09-30,2016618000,10-Q,2019-10-31,2019,Q3
MTZ,Revenues,2019-10-01,2019-12-31,1709300000,10-K,2020-02-27,2019,FY
MTZ,Revenues,2020-01-01,2020-03-31,1416604000,10-Q,2020-04-30,2020,Q1
MTZ,Revenues,2020-04-01,2020-06-30,1569297000,10-Q,2020-07-31,2020,Q2
MTZ,Revenues,2020-07-01,2020-09-30,1698279000,10-Q,2020-10-29,2020,Q3
MTZ,Revenues,2020-10-01,2020-12-31,1636800000,10-K,2021-02-25,2020,FY
MTZ,Revenues,2021-01-01,2021-03-31,1775424000,10-Q,2021-05-06,2021,Q1
MTZ,Revenues,2021-04-01,2021-06-30,1962658000,10-Q,2021-08-05,2021,Q2
MTZ,Revenues,2021-07-01,2021-09-30,2404332000,10-Q,2021-11-04,2021,Q3
MTZ,Revenues,2022-01-01,2022-03-31,1954400000,10-Q,2022-05-05,2022,Q1
MTZ,Revenues,2022-04-01,2022-06-30,2301792000,10-Q,2022-08-04,2022,Q2
MTZ,Revenues,2022-07-01,2022-09-30,2513484000,10-Q,2022-11-03,2022,Q3
MTZ,Revenues,2023-01-01,2023-03-31,2584659000,10-Q,2023-05-04,2023,Q1
MTZ,Revenues,2023-04-01,2023-06-30,2874115000,10-Q,2023-08-03,2023,Q2
MTZ,Revenues,2023-07-01,2023-09-30,3257077000,10-Q,2023-11-02,2023,Q3
MTZ,Revenues,2024-01-01,2024-03-31,2686849000,10-Q,2024-05-02,2024,Q1
MTZ,Revenues,2024-04-01,2024-06-30,2961086000,10-Q,2024-08-01,2024,Q2
MTZ,Revenues,2024-07-01,2024-09-30,3252427000,10-Q,2024-10-31,2024,Q3
MTZ,Revenues,2025-01-01,2025-03-31,2847718000,10-Q,2025-05-01,2025,Q1
MTZ,Revenues,2025-04-01,2025-06-30,3544705000,10-Q,2025-07-31,2025,Q2
MTZ,Revenues,2025-07-01,2025-09-30,3966948000,10-Q,2025-10-30,2025,Q3
MTZ,Revenues,2026-01-01,2026-03-31,3828801000,10-Q,2026-04-30,2026,Q1
MTZ,Revenues,2026-04-01,2026-06-30,4373554000,10-Q,2026-07-30,2026,Q2
MU,Revenues,2016-09-02,2016-12-01,3970000000,10-K,2018-10-15,2018,FY
MU,Revenues,2016-12-02,2017-03-02,4648000000,10-K,2018-10-15,2018,FY
MU,Revenues,2017-03-03,2017-06-01,5566000000,10-K,2018-10-15,2018,FY
MU,Revenues,2017-06-02,2017-08-31,6138000000,10-K,2018-10-15,2018,FY
MU,Revenues,2017-09-01,2017-11-30,6803000000,10-K,2018-10-15,2018,FY
MU,Revenues,2017-12-01,2018-03-01,7351000000,10-K,2018-10-15,2018,FY
MU,Revenues,2018-03-02,2018-05-31,7797000000,10-K,2018-10-15,2018,FY
MU,Revenues,2018-06-01,2018-08-30,8440000000,10-K,2018-10-15,2018,FY
NEE,Revenues,2008-04-01,2008-06-30,3585000000,10-Q,2009-07-31,2009,Q2
NEE,Revenues,2008-07-01,2008-09-30,5387000000,10-Q,2009-10-30,2009,Q3
NEE,Revenues,2009-01-01,2009-03-31,3705000000,10-Q,2010-05-03,2010,Q1
NEE,Revenues,2009-04-01,2009-06-30,3811000000,10-Q,2009-07-31,2009,Q2
NEE,Revenues,2009-07-01,2009-09-30,4473000000,10-Q,2009-10-30,2009,Q3
NEE,Revenues,2009-10-01,2009-12-31,3655000000,10-K,2011-02-28,2010,FY
NEE,Revenues,2009-12-30,2010-03-31,3622000000,10-K,2012-02-28,2011,FY
NEE,Revenues,2010-01-01,2010-03-31,3622000000,10-Q,2010-05-03,2010,Q1
NEE,Revenues,2010-03-31,2010-06-30,3591000000,10-K,2012-02-28,2011,FY
NEE,Revenues,2010-04-01,2010-06-30,3591000000,10-Q,2010-08-06,2010,Q2
NEE,Revenues,2010-07-01,2010-09-30,4691000000,10-Q,2010-11-03,2010,Q3
NEE,Revenues,2010-10-01,2010-12-31,3413000000,10-K,2011-02-28,2010,FY
NEE,Revenues,2010-12-30,2011-03-31,3134000000,10-K,2012-02-28,2011,FY
NEE,Revenues,2011-01-01,2011-03-31,3134000000,10-Q,2011-05-04,2011,Q1
NEE,Revenues,2011-03-31,2011-06-30,3961000000,10-K,2012-02-28,2011,FY
NEE,Revenues,2011-04-01,2011-06-30,3961000000,10-Q,2011-08-02,2011,Q2
NEE,Revenues,2011-07-01,2011-09-30,4382000000,10-Q,2011-11-04,2011,Q3
NEE,Revenues,2011-10-01,2011-12-31,3864000000,10-K,2012-02-28,2011,FY
NEE,Revenues,2011-12-31,2012-03-31,3371000000,10-K,2013-02-28,2012,FY
NEE,Revenues,2012-01-01,2012-03-31,3371000000,10-Q,2012-04-27,2012,Q1
NEE,Revenues,2012-03-31,2012-06-30,3667000000,10-K,2013-02-28,2012,FY
NEE,Revenues,2012-04-01,2012-06-30,3667000000,10-Q,2012-07-27,2012,Q2
NEE,Revenues,2012-07-01,2012-09-30,3843000000,10-Q,2012-10-26,2012,Q3
NEE,Revenues,2012-10-01,2012-12-31,3375000000,10-K,2013-02-28,2012,FY
NEE,Revenues,2013-01-01,2013-03-31,3279000000,10-Q,2013-05-02,2013,Q1
NEE,Revenues,2013-04-01,2013-06-30,3833000000,10-Q,2013-07-31,2013,Q2
NEE,Revenues,2013-07-01,2013-09-30,4394000000,10-Q,2013-11-01,2013,Q3
NNE,Revenues,2026-04-01,2026-06-30,214042,10-Q,2026-08-12,2026,Q3
NRG,Revenues,2008-04-01,2008-06-30,1316000000,10-Q/A,2009-08-25,2009,Q2
NRG,Revenues,2008-07-01,2008-09-30,2612000000,10-Q,2009-11-02,2009,Q3
NRG,Revenues,2008-12-30,2009-03-31,1658000000,10-K,2011-02-22,2010,FY
NRG,Revenues,2009-01-01,2009-03-31,1658000000,10-Q,2010-05-10,2010,Q1
NRG,Revenues,2009-03-31,2009-06-30,2237000000,10-K,2011-02-22,2010,FY
NRG,Revenues,2009-04-01,2009-06-30,2237000000,10-Q/A,2009-08-25,2009,Q2
NRG,Revenues,2009-07-01,2009-09-30,2916000000,10-Q,2009-11-02,2009,Q3
NRG,Revenues,2009-10-01,2009-12-31,2141000000,10-K,2011-02-22,2010,FY
NRG,Revenues,2009-12-30,2010-03-31,2215000000,10-K,2011-02-22,2010,FY
NRG,Revenues,2010-01-01,2010-03-31,2215000000,10-Q,2010-05-10,2010,Q1
NRG,Revenues,2010-03-31,2010-06-30,2133000000,10-K,2011-02-22,2010,FY
NRG,Revenues,2010-04-01,2010-06-30,2133000000,10-Q/A,2010-08-13,2010,Q2
NRG,Revenues,2010-07-01,2010-09-30,2685000000,10-Q,2010-11-04,2010,Q3
NRG,Revenues,2010-10-01,2010-12-31,1816000000,10-K,2011-02-22,2010,FY
NRG,Revenues,2011-01-01,2011-03-31,1995000000,10-Q,2011-05-05,2011,Q1
NRG,Revenues,2011-04-01,2011-06-30,2278000000,10-Q,2011-08-04,2011,Q2
NRG,Revenues,2011-07-01,2011-09-30,2674000000,10-Q,2011-11-03,2011,Q3
NRG,Revenues,2011-10-01,2011-12-31,2132000000,10-K,2012-02-28,2011,FY
NRG,Revenues,2012-01-01,2012-03-31,1862000000,10-Q,2012-05-03,2012,Q1
NRG,Revenues,2012-04-01,2012-06-30,2166000000,10-Q,2012-08-08,2012,Q2
NRG,Revenues,2012-07-01,2012-09-30,2331000000,10-Q,2012-11-02,2012,Q3
NRG,Revenues,2012-10-01,2012-12-31,2063000000,10-K,2013-02-27,2012,FY
NRG,Revenues,2013-01-01,2013-03-31,2081000000,10-Q,2013-05-07,2013,Q1
NRG,Revenues,2013-04-01,2013-06-30,2929000000,10-Q,2013-08-09,2013,Q2
NRG,Revenues,2013-07-01,2013-09-30,3490000000,10-Q,2013-11-12,2013,Q3
NRG,Revenues,2013-10-01,2013-12-31,2795000000,10-K,2014-02-28,2013,FY
NRG,Revenues,2014-01-01,2014-03-31,3486000000,10-Q,2014-05-06,2014,Q1
NRG,Revenues,2014-04-01,2014-06-30,3621000000,10-Q,2014-08-07,2014,Q2
NRG,Revenues,2014-07-01,2014-09-30,4569000000,10-Q,2014-11-05,2014,Q3
NRG,Revenues,2014-10-01,2014-12-31,4192000000,10-K,2015-02-27,2014,FY
NRG,Revenues,2015-01-01,2015-03-31,3826000000,10-Q,2015-05-08,2015,Q1
NRG,Revenues,2015-04-01,2015-06-30,3397000000,10-Q,2015-08-04,2015,Q2
NRG,Revenues,2015-07-01,2015-09-30,4431000000,10-Q,2015-11-04,2015,Q3
NRG,Revenues,2015-10-01,2015-12-31,3011000000,10-K,2016-02-29,2015,FY
NRG,Revenues,2016-01-01,2016-03-31,3229000000,10-Q,2016-05-05,2016,Q1
NRG,Revenues,2016-04-01,2016-06-30,2638000000,10-Q,2016-08-09,2016,Q2
NRG,Revenues,2016-07-01,2016-09-30,3952000000,10-Q,2016-11-04,2016,Q3
NRG,Revenues,2016-10-01,2016-12-31,2532000000,10-K,2017-02-28,2016,FY
NRG,Revenues,2017-01-01,2017-03-31,2759000000,10-Q,2017-05-02,2017,Q1
NRG,Revenues,2017-04-01,2017-06-30,2701000000,10-Q,2017-08-03,2017,Q2
NRG,Revenues,2017-07-01,2017-09-30,3049000000,10-Q,2017-11-02,2017,Q3
NRG,Revenues,2017-10-01,2017-12-31,2497000000,10-K,2018-03-01,2017,FY
NRG,Revenues,2018-01-01,2018-03-31,2421000000,10-Q,2018-05-03,2018,Q1
NRG,Revenues,2018-04-01,2018-06-30,2922000000,10-Q,2018-08-02,2018,Q2
NRG,Revenues,2018-07-01,2018-09-30,3061000000,10-Q,2018-11-08,2018,Q3
NRG,Revenues,2018-10-01,2018-12-31,1992000000,10-K,2019-02-28,2018,FY
NRG,Revenues,2019-01-01,2019-03-31,2165000000,10-Q,2019-05-02,2019,Q1
NRG,Revenues,2019-04-01,2019-06-30,2465000000,10-Q,2019-08-07,2019,Q2
NRG,Revenues,2019-07-01,2019-09-30,2996000000,10-Q,2019-11-07,2019,Q3
NRG,Revenues,2019-10-01,2019-12-31,2195000000,10-K,2020-02-27,2019,FY
NRG,Revenues,2020-01-01,2020-03-31,2019000000,10-Q,2020-05-07,2020,Q1
NRG,Revenues,2020-04-01,2020-06-30,2238000000,10-Q,2020-08-06,2020,Q2
NRG,Revenues,2020-07-01,2020-09-30,2809000000,10-Q,2020-11-05,2020,Q3
NRG,Revenues,2021-01-01,2021-03-31,8091000000,10-Q,2021-05-06,2021,Q1
NRG,Revenues,2021-04-01,2021-06-30,5243000000,10-Q,2021-08-05,2021,Q2
NRG,Revenues,2021-07-01,2021-09-30,6609000000,10-Q,2021-11-04,2021,Q3
NRG,Revenues,2022-01-01,2022-03-31,7896000000,10-Q,2022-05-06,2022,Q1
NRG,Revenues,2022-04-01,2022-06-30,7282000000,10-Q,2022-08-04,2022,Q2
NRG,Revenues,2022-07-01,2022-09-30,8510000000,10-Q,2022-11-07,2022,Q3
NRG,Revenues,2023-01-01,2023-03-31,7722000000,10-Q,2023-05-04,2023,Q1
NRG,Revenues,2023-04-01,2023-06-30,6348000000,10-Q,2023-08-08,2023,Q2
NRG,Revenues,2023-07-01,2023-09-30,7946000000,10-Q,2023-11-02,2023,Q3
NRG,Revenues,2024-01-01,2024-03-31,7429000000,10-Q,2024-05-07,2024,Q1
NRG,Revenues,2024-04-01,2024-06-30,6659000000,10-Q,2024-08-08,2024,Q2
NRG,Revenues,2024-07-01,2024-09-30,7223000000,10-Q,2024-11-08,2024,Q3
NRG,Revenues,2025-01-01,2025-03-31,8585000000,10-Q,2025-05-12,2025,Q1
NRG,Revenues,2025-04-01,2025-06-30,6740000000,10-Q,2025-08-06,2025,Q2
NRG,Revenues,2025-07-01,2025-09-30,7635000000,10-Q,2025-11-06,2025,Q3
NRG,Revenues,2026-01-01,2026-03-31,10256000000,10-Q,2026-05-06,2026,Q1
NRG,Revenues,2026-04-01,2026-06-30,7481000000,10-Q,2026-08-04,2026,Q2
NVDA,Revenues,2008-04-27,2008-07-27,892676000,10-Q,2009-08-20,2009,Q2
NVDA,Revenues,2008-07-28,2008-10-26,897655000,10-Q,2009-11-19,2009,Q3
NVDA,Revenues,2009-01-26,2009-04-26,664231000,10-Q,2010-05-21,2010,Q2
NVDA,Revenues,2009-04-27,2009-07-26,776520000,10-Q,2009-08-20,2009,Q2
NVDA,Revenues,2009-07-27,2009-10-25,903206000,10-Q,2009-11-19,2009,Q3
NVDA,Revenues,2009-10-26,2010-01-31,982488000,10-K,2011-03-16,2010,FY
NVDA,Revenues,2010-02-01,2010-05-02,1001813000,10-Q,2010-05-21,2010,Q2
NVDA,Revenues,2010-05-03,2010-07-31,811208000,10-K,2012-03-13,2011,FY
NVDA,Revenues,2010-05-03,2010-08-01,811208000,10-Q,2010-08-30,2010,Q3
NVDA,Revenues,2010-08-02,2010-10-31,843912000,10-Q,2010-12-07,2010,Q3
NVDA,Revenues,2010-11-01,2011-01-30,886376000,10-K,2011-03-16,2010,FY
NVDA,Revenues,2011-01-31,2011-05-01,962039000,10-Q,2011-05-27,2011,Q1
NVDA,Revenues,2011-05-02,2011-07-31,1016517000,10-Q,2011-08-25,2011,Q2
NVDA,Revenues,2011-08-01,2011-10-30,1066180000,10-Q,2011-11-22,2011,Q3
NVDA,Revenues,2011-10-31,2012-01-29,953194000,10-K,2012-03-13,2011,FY
NVDA,Revenues,2012-01-30,2012-04-29,924877000,10-Q,2012-05-23,2012,Q1
NVDA,Revenues,2012-04-30,2012-07-29,1044270000,10-Q,2012-08-22,2012,Q2
NVDA,Revenues,2012-07-30,2012-10-28,1204110000,10-Q,2012-11-19,2012,Q3
NVDA,Revenues,2012-10-29,2013-01-27,1106902000,10-K,2013-03-12,2012,FY
NVDA,Revenues,2013-01-28,2013-04-28,954739000,10-Q,2013-05-22,2013,Q1
NVDA,Revenues,2013-04-29,2013-07-28,977238000,10-Q,2013-08-21,2013,Q2
NVDA,Revenues,2013-07-29,2013-10-27,1053967000,10-Q,2013-11-19,2013,Q3
NVDA,Revenues,2013-10-28,2014-01-26,1144218000,10-K,2014-03-13,2013,FY
NVDA,Revenues,2014-01-27,2014-04-27,1102787000,10-Q,2014-05-21,2014,Q1
NVDA,Revenues,2014-04-28,2014-07-27,1102824000,10-Q,2014-08-20,2015,Q2
NVDA,Revenues,2014-07-28,2014-10-26,1225382000,10-Q,2014-11-19,2015,Q3
NVDA,Revenues,2014-10-27,2015-01-25,1250514000,10-K,2015-03-12,2015,FY
NVDA,Revenues,2015-01-26,2015-04-26,1151000000,10-Q,2015-05-20,2016,Q1
NVDA,Revenues,2015-04-27,2015-07-26,1153000000,10-Q,2015-08-19,2016,Q2
NVDA,Revenues,2015-07-27,2015-10-25,1305000000,10-Q,2015-11-18,2016,Q3
NVDA,Revenues,2015-10-26,2016-01-31,1401000000,10-K,2016-03-17,2016,FY
NVDA,Revenues,2016-02-01,2016-05-01,1305000000,10-Q,2016-05-25,2017,Q1
NVDA,Revenues,2016-05-02,2016-07-31,1428000000,10-Q,2016-08-23,2017,Q2
NVDA,Revenues,2016-08-01,2016-10-30,2004000000,10-Q,2016-11-22,2017,Q3
NVDA,Revenues,2016-10-31,2017-01-29,2173000000,10-K,2017-03-01,2017,FY
NVDA,Revenues,2017-01-30,2017-04-30,1937000000,10-Q,2017-05-23,2018,Q1
NVDA,Revenues,2017-05-01,2017-07-30,2230000000,10-Q,2017-08-23,2018,Q2
NVDA,Revenues,2017-07-31,2017-10-29,2636000000,10-Q,2017-11-21,2018,Q3
NVDA,Revenues,2017-10-30,2018-01-28,2911000000,10-K,2018-02-28,2018,FY
NVDA,Revenues,2018-01-29,2018-04-29,3207000000,10-Q,2018-05-22,2019,Q1
NVDA,Revenues,2018-04-30,2018-07-29,3123000000,10-Q,2018-08-16,2019,Q2
NVDA,Revenues,2018-07-30,2018-10-28,3181000000,10-Q,2018-11-15,2019,Q3
NVDA,Revenues,2019-01-28,2019-04-28,2220000000,10-Q,2019-05-16,2020,Q1
NVDA,Revenues,2019-04-29,2019-07-28,2579000000,10-Q,2019-08-15,2020,Q2
NVDA,Revenues,2019-07-29,2019-10-27,3014000000,10-Q,2019-11-14,2020,Q3
NVDA,Revenues,2020-01-27,2020-04-26,3080000000,10-Q,2020-05-21,2020,Q1
NVDA,Revenues,2020-04-27,2020-07-26,3866000000,10-Q,2020-08-19,2020,Q2
NVDA,Revenues,2020-07-27,2020-10-25,4726000000,10-Q,2020-11-18,2021,Q3
NVDA,Revenues,2021-02-01,2021-05-02,5661000000,10-Q,2021-05-26,2022,Q1
NVDA,Revenues,2021-05-03,2021-08-01,6507000000,10-Q,2021-08-20,2022,Q2
NVDA,Revenues,2021-08-02,2021-10-31,7103000000,10-Q,2021-11-22,2022,Q3
NVDA,Revenues,2022-01-31,2022-05-01,8288000000,10-Q,2022-05-27,2023,Q1
NVDA,Revenues,2022-05-02,2022-07-31,6704000000,10-Q,2022-08-31,2023,Q2
NVDA,Revenues,2022-08-01,2022-10-30,5931000000,10-Q,2022-11-18,2023,Q3
NVDA,Revenues,2023-01-30,2023-04-30,7192000000,10-Q,2023-05-26,2024,Q1
NVDA,Revenues,2023-05-01,2023-07-30,13507000000,10-Q,2023-08-28,2024,Q2
NVDA,Revenues,2023-07-31,2023-10-29,18120000000,10-Q,2023-11-21,2024,Q3
NVDA,Revenues,2024-01-29,2024-04-28,26044000000,10-Q,2024-05-29,2025,Q1
NVDA,Revenues,2024-04-29,2024-07-28,30040000000,10-Q,2024-08-28,2025,Q2
NVDA,Revenues,2024-07-29,2024-10-27,35082000000,10-Q,2024-11-20,2025,Q3
NVDA,Revenues,2025-01-27,2025-04-27,44062000000,10-Q,2025-05-28,2026,Q1
NVDA,Revenues,2025-04-28,2025-07-27,46743000000,10-Q,2025-08-27,2026,Q2
NVDA,Revenues,2025-07-28,2025-10-26,57006000000,10-Q,2025-11-19,2026,Q3
NVDA,Revenues,2026-01-26,2026-04-26,81615000000,10-Q,2026-05-20,2027,Q1
NVDA,Revenues,2026-04-27,2026-07-26,96221000000,10-Q,2026-08-26,2027,Q2
ORCL,Revenues,2008-06-01,2008-08-31,5331000000,10-Q,2009-09-21,2010,Q1
ORCL,Revenues,2008-09-01,2008-11-30,5607000000,10-Q,2009-12-22,2010,Q2
ORCL,Revenues,2008-12-01,2009-02-28,5453000000,10-Q,2010-03-29,2010,Q3
ORCL,Revenues,2009-06-01,2009-08-31,5054000000,10-Q,2009-09-21,2010,Q1
ORCL,Revenues,2009-09-01,2009-11-30,5858000000,10-Q,2009-12-22,2010,Q2
ORCL,Revenues,2009-12-01,2010-02-28,6404000000,10-Q,2010-03-29,2010,Q3
ORCL,Revenues,2010-06-01,2010-08-31,7502000000,10-Q/A,2010-09-29,2011,Q1
ORCL,Revenues,2010-09-01,2010-11-30,8582000000,10-Q,2010-12-21,2011,Q2
ORCL,Revenues,2010-12-01,2011-02-28,8764000000,10-Q,2011-03-29,2011,Q3
ORCL,Revenues,2011-06-01,2011-08-31,8374000000,10-Q,2011-09-23,2012,Q1
ORCL,Revenues,2011-09-01,2011-11-30,8792000000,10-Q,2011-12-23,2012,Q2
ORCL,Revenues,2011-12-01,2012-02-29,9039000000,10-Q,2012-03-23,2012,Q3
ORCL,Revenues,2012-06-01,2012-08-31,8181000000,10-Q,2012-09-24,2013,Q1
ORCL,Revenues,2012-09-01,2012-11-30,9094000000,10-Q,2012-12-21,2013,Q2
ORCL,Revenues,2012-12-01,2013-02-28,8958000000,10-Q,2013-03-22,2013,Q3
ORCL,Revenues,2013-06-01,2013-08-31,8372000000,10-Q,2013-09-20,2014,Q1
ORCL,Revenues,2013-09-01,2013-11-30,9275000000,10-Q,2013-12-20,2014,Q2
ORCL,Revenues,2013-12-01,2014-02-28,9307000000,10-Q,2014-03-20,2014,Q3
ORCL,Revenues,2014-06-01,2014-08-31,8596000000,10-Q,2014-09-23,2015,Q1
ORCL,Revenues,2014-09-01,2014-11-30,9598000000,10-Q,2014-12-19,2015,Q2
ORCL,Revenues,2014-12-01,2015-02-28,9327000000,10-Q,2015-03-19,2015,Q3
ORCL,Revenues,2015-06-01,2015-08-31,8448000000,10-Q,2015-09-18,2016,Q1
ORCL,Revenues,2015-09-01,2015-11-30,8993000000,10-Q,2015-12-18,2016,Q2
ORCL,Revenues,2015-12-01,2016-02-29,9012000000,10-Q,2016-03-18,2016,Q3
ORCL,Revenues,2016-06-01,2016-08-31,8595000000,10-Q,2016-09-19,2017,Q1
ORCL,Revenues,2016-09-01,2016-11-30,9035000000,10-Q,2016-12-19,2017,Q2
ORCL,Revenues,2016-12-01,2017-02-28,9205000000,10-Q,2017-03-17,2017,Q3
ORCL,Revenues,2017-06-01,2017-08-31,9187000000,10-Q,2017-09-18,2018,Q1
ORCL,Revenues,2017-09-01,2017-11-30,9621000000,10-Q,2017-12-18,2018,Q2
ORCL,Revenues,2017-12-01,2018-02-28,9771000000,10-Q,2018-03-21,2018,Q3
ORCL,Revenues,2018-03-01,2018-05-31,39383000000,10-K,2020-06-22,2020,FY
ORCL,Revenues,2019-03-01,2019-05-31,39506000000,10-K,2020-06-22,2020,FY
ORCL,Revenues,2020-03-01,2020-05-31,39068000000,10-K,2020-06-22,2020,FY
ORCL,Revenues,2021-03-01,2021-05-31,40479000000,10-K,2021-06-21,2021,FY
ORCL,Revenues,2022-03-01,2022-05-31,42440000000,10-K,2022-06-21,2022,FY
PCG,Revenues,2008-04-01,2008-06-30,3578000000,10-Q,2009-08-05,2009,Q2
PCG,Revenues,2008-07-01,2008-09-30,3674000000,10-Q,2009-10-29,2009,Q3
PCG,Revenues,2009-01-01,2009-03-31,3431000000,10-Q,2010-05-07,2010,Q1
PCG,Revenues,2009-04-01,2009-06-30,3194000000,10-Q,2009-08-05,2009,Q2
PCG,Revenues,2009-07-01,2009-09-30,3235000000,10-Q,2009-10-29,2009,Q3
PCG,Revenues,2010-01-01,2010-03-31,3475000000,10-Q,2010-05-07,2010,Q1
PCG,Revenues,2010-04-01,2010-06-30,3232000000,10-Q,2010-08-04,2010,Q2
PCG,Revenues,2010-07-01,2010-09-30,3513000000,10-Q,2010-11-04,2010,Q3
PCG,Revenues,2011-01-01,2011-03-31,3597000000,10-Q,2011-05-04,2011,Q1
PCG,Revenues,2011-04-01,2011-06-30,3684000000,10-Q,2011-08-04,2011,Q2
PCG,Revenues,2011-07-01,2011-09-30,3860000000,10-Q,2011-11-03,2011,Q3
PCG,Revenues,2012-01-01,2012-03-31,3641000000,10-Q,2012-05-02,2012,Q1
PCG,Revenues,2012-04-01,2012-06-30,3593000000,10-Q,2012-08-07,2012,Q2
PCG,Revenues,2012-07-01,2012-09-30,3976000000,10-Q,2012-10-29,2012,Q3
PCG,Revenues,2013-01-01,2013-03-31,3672000000,10-Q,2013-05-02,2013,Q1
PCG,Revenues,2013-04-01,2013-06-30,3776000000,10-Q,2013-07-31,2013,Q2
PCG,Revenues,2013-07-01,2013-09-30,4175000000,10-Q,2013-10-30,2013,Q3
PCG,Revenues,2014-01-01,2014-03-31,3891000000,10-Q,2014-05-01,2014,Q1
PCG,Revenues,2014-04-01,2014-06-30,3952000000,10-Q,2014-07-31,2014,Q2
PCG,Revenues,2014-07-01,2014-09-30,4939000000,10-Q,2014-10-28,2014,Q3
PCG,Revenues,2015-01-01,2015-03-31,3899000000,10-Q,2015-04-29,2015,Q1
PCG,Revenues,2015-04-01,2015-06-30,4217000000,10-Q,2015-07-29,2015,Q2
PCG,Revenues,2015-07-01,2015-09-30,4550000000,10-Q,2015-10-28,2015,Q3
PCG,Revenues,2016-01-01,2016-03-31,3974000000,10-Q,2016-05-04,2016,Q1
PCG,Revenues,2016-04-01,2016-06-30,4169000000,10-Q,2016-07-28,2016,Q2
PCG,Revenues,2016-07-01,2016-09-30,4810000000,10-Q,2016-11-04,2016,Q3
PCG,Revenues,2017-01-01,2017-03-31,4268000000,10-Q,2017-05-02,2017,Q1
PCG,Revenues,2017-04-01,2017-06-30,4250000000,10-Q,2017-07-27,2017,Q2
PCG,Revenues,2017-07-01,2017-09-30,4517000000,10-Q,2017-11-02,2017,Q3
PCG,Revenues,2018-01-01,2018-03-31,4056000000,10-Q,2018-05-03,2018,Q1
PCG,Revenues,2018-04-01,2018-06-30,4234000000,10-Q,2018-07-26,2018,Q2
PCG,Revenues,2018-07-01,2018-09-30,4381000000,10-Q,2018-11-05,2018,Q3
PCG,Revenues,2021-01-01,2021-03-31,4716000000,10-Q,2022-04-28,2022,Q1
PCG,Revenues,2021-04-01,2021-06-30,5215000000,10-Q,2022-07-28,2022,Q2
PCG,Revenues,2021-07-01,2021-09-30,5465000000,10-Q,2022-10-27,2022,Q3
PCG,Revenues,2022-01-01,2022-03-31,5798000000,10-Q,2022-04-28,2022,Q1
PCG,Revenues,2022-04-01,2022-06-30,5118000000,10-Q,2022-07-28,2022,Q2
PCG,Revenues,2022-07-01,2022-09-30,5394000000,10-Q,2022-10-27,2022,Q3
PCG,Revenues,2023-01-01,2023-03-31,6209000000,10-Q,2023-05-04,2023,Q1
PCG,Revenues,2023-04-01,2023-06-30,5290000000,10-Q,2023-07-27,2023,Q2
PCG,Revenues,2023-07-01,2023-09-30,5888000000,10-Q,2023-10-26,2023,Q3
PCG,Revenues,2024-01-01,2024-03-31,5861000000,10-Q,2024-04-25,2024,Q1
PCG,Revenues,2024-04-01,2024-06-30,5986000000,10-Q,2024-07-25,2024,Q2
PCG,Revenues,2024-07-01,2024-09-30,5941000000,10-Q,2024-11-07,2024,Q3
PCG,Revenues,2025-01-01,2025-03-31,5983000000,10-Q,2025-04-24,2025,Q1
PCG,Revenues,2025-04-01,2025-06-30,5898000000,10-Q,2025-07-31,2025,Q2
PCG,Revenues,2025-07-01,2025-09-30,6250000000,10-Q,2025-10-23,2025,Q3
PCG,Revenues,2026-01-01,2026-03-31,6881000000,10-Q,2026-04-23,2026,Q1
PCG,Revenues,2026-04-01,2026-06-30,5902000000,10-Q,2026-07-23,2026,Q2
PLUG,Revenues,2010-04-01,2010-06-30,3103786,10-Q,2011-08-11,2011,Q2
PLUG,Revenues,2010-07-01,2010-09-30,5752804,10-Q,2011-11-09,2011,Q3
PLUG,Revenues,2011-01-01,2011-03-31,5941754,10-Q,2012-05-15,2012,Q1
PLUG,Revenues,2011-04-01,2011-06-30,4346689,10-Q,2011-08-11,2011,Q2
PLUG,Revenues,2011-07-01,2011-09-30,5470254,10-Q,2011-11-09,2011,Q3
PLUG,Revenues,2012-01-01,2012-03-31,7752142,10-Q,2012-05-15,2012,Q1
PLUG,Revenues,2012-04-01,2012-06-30,7659097,10-Q,2012-08-14,2012,Q2
PLUG,Revenues,2012-07-01,2012-09-30,4775654,10-Q,2012-11-14,2012,Q3
PLUG,Revenues,2013-01-01,2013-03-31,6445107,10-Q,2013-05-15,2013,Q1
PLUG,Revenues,2013-04-01,2013-06-30,7497274,10-Q,2013-08-14,2013,Q2
PLUG,Revenues,2013-07-01,2013-09-30,4626816,10-Q,2013-11-14,2013,Q3
PLUG,Revenues,2014-01-01,2014-03-31,5574441,10-Q,2014-05-15,2014,Q1
PLUG,Revenues,2014-04-01,2014-06-30,17321242,10-Q,2014-08-14,2014,Q2
PLUG,Revenues,2014-07-01,2014-09-30,19881094,10-Q,2014-11-14,2014,Q3
PLUG,Revenues,2015-01-01,2015-03-31,9415539,10-Q,2015-05-11,2015,Q1
PLUG,Revenues,2015-04-01,2015-06-30,24009000,10-Q,2015-08-06,2015,Q2
PLUG,Revenues,2015-07-01,2015-09-30,31432000,10-Q,2015-11-09,2015,Q3
PLUG,Revenues,2016-01-01,2016-03-31,15332000,10-Q,2016-05-10,2016,Q1
PLUG,Revenues,2016-04-01,2016-06-30,20459000,10-Q,2016-08-09,2016,Q2
PLUG,Revenues,2016-07-01,2016-09-30,17559000,10-Q,2016-11-08,2016,Q3
PLUG,Revenues,2016-10-01,2016-12-31,32578000,10-K,2018-03-12,2017,FY
PLUG,Revenues,2017-01-01,2017-03-31,15235000,10-Q,2017-05-09,2017,Q1
PLUG,Revenues,2017-04-01,2017-06-30,22604000,10-Q,2017-08-08,2017,Q2
PLUG,Revenues,2017-07-01,2017-09-30,61427000,10-Q,2017-11-08,2017,Q3
PLUG,Revenues,2017-10-01,2017-12-31,33663000,10-K,2018-03-12,2017,FY
PLUG,Revenues,2018-01-01,2018-03-31,27195000,10-Q,2018-05-10,2018,Q1
PLUG,Revenues,2018-04-01,2018-06-30,36006000,10-Q,2018-08-09,2018,Q2
PLUG,Revenues,2018-07-01,2018-09-30,53165000,10-Q,2018-11-09,2018,Q3
PLUG,Revenues,2019-01-01,2019-03-31,18593000,10-Q,2019-05-08,2019,Q1
PLUG,Revenues,2019-04-01,2019-06-30,57068000,10-Q,2019-08-09,2019,Q2
PLUG,Revenues,2019-07-01,2019-09-30,56376000,10-Q,2019-11-08,2019,Q3
PLUG,Revenues,2019-10-01,2019-12-31,91607000,10-K,2021-05-14,2020,FY
PLUG,Revenues,2020-01-01,2020-03-31,40813000,10-Q,2020-05-08,2020,Q1
PLUG,Revenues,2020-04-01,2020-06-30,68070000,10-Q,2020-08-10,2020,Q2
PLUG,Revenues,2020-07-01,2020-09-30,106989000,10-Q,2020-11-09,2020,Q3
PLUG,Revenues,2020-10-01,2020-12-31,-309099000,10-K/A,2022-03-14,2020,FY
PLUG,Revenues,2021-01-01,2021-03-31,71958000,10-Q,2021-06-22,2021,Q1
PLUG,Revenues,2021-04-01,2021-06-30,124557000,10-Q,2021-08-05,2021,Q2
PLUG,Revenues,2021-07-01,2021-09-30,143922000,10-Q,2021-11-09,2021,Q3
PLUG,Revenues,2022-01-01,2022-03-31,140804000,10-Q,2022-05-09,2022,Q1
PLUG,Revenues,2022-04-01,2022-06-30,151267000,10-Q,2022-08-09,2022,Q2
PLUG,Revenues,2022-07-01,2022-09-30,188628000,10-Q,2022-11-08,2022,Q3
PLUG,Revenues,2023-01-01,2023-03-31,210286000,10-Q,2023-05-09,2023,Q1
PLUG,Revenues,2023-04-01,2023-06-30,260182000,10-Q,2023-08-09,2023,Q2
PLUG,Revenues,2023-07-01,2023-09-30,198711000,10-Q,2023-11-09,2023,Q3
PLUG,Revenues,2024-01-01,2024-03-31,120264000,10-Q,2024-05-09,2024,Q1
PLUG,Revenues,2024-04-01,2024-06-30,143350000,10-Q,2024-08-08,2024,Q2
PLUG,Revenues,2024-07-01,2024-09-30,173730000,10-Q,2024-11-12,2024,Q3
PLUG,Revenues,2025-01-01,2025-03-31,133674000,10-Q,2025-05-12,2025,Q1
PLUG,Revenues,2025-04-01,2025-06-30,173970000,10-Q,2025-08-11,2025,Q2
PLUG,Revenues,2025-07-01,2025-09-30,177055000,10-Q,2025-11-10,2025,Q3
PLUG,Revenues,2026-01-01,2026-03-31,163513000,10-Q,2026-05-11,2026,Q1
PLUG,Revenues,2026-04-01,2026-06-30,178299000,10-Q,2026-08-10,2026,Q2
PPL,Revenues,2010-07-01,2010-09-30,2179000000,10-Q,2011-11-08,2011,Q3
PPL,Revenues,2011-01-01,2011-03-31,2910000000,10-Q,2012-05-07,2012,Q1
PPL,Revenues,2011-04-01,2011-06-30,2489000000,10-Q,2012-08-08,2012,Q2
PPL,Revenues,2011-07-01,2011-09-30,3120000000,10-Q,2011-11-08,2011,Q3
PPL,Revenues,2012-01-01,2012-03-31,4112000000,10-Q,2012-05-07,2012,Q1
PPL,Revenues,2012-04-01,2012-06-30,2549000000,10-Q,2012-08-08,2012,Q2
PPL,Revenues,2012-07-01,2012-09-30,2403000000,10-Q,2012-11-08,2012,Q3
PPL,Revenues,2013-01-01,2013-03-31,2457000000,10-Q,2013-05-03,2013,Q1
PPL,Revenues,2013-04-01,2013-06-30,3450000000,10-Q,2013-08-02,2013,Q2
PPL,Revenues,2013-07-01,2013-09-30,3105000000,10-Q,2013-11-01,2013,Q3
PPL,Revenues,2014-01-01,2014-03-31,1223000000,10-Q,2014-05-02,2014,Q1
PPL,Revenues,2014-04-01,2014-06-30,2874000000,10-Q,2014-07-31,2014,Q2
PPL,Revenues,2014-07-01,2014-09-30,3449000000,10-Q,2014-11-07,2014,Q3
PPL,Revenues,2014-10-01,2014-12-31,1946000000,10-K,2016-02-19,2015,FY
PPL,Revenues,2015-01-01,2015-03-31,3165000000,10-Q,2015-05-07,2015,Q1
PPL,Revenues,2015-04-01,2015-06-30,1781000000,10-Q,2015-08-03,2015,Q2
PPL,Revenues,2015-07-01,2015-09-30,1878000000,10-Q,2015-10-30,2015,Q3
PPL,Revenues,2015-10-01,2015-12-31,1780000000,10-K,2016-02-19,2015,FY
PPL,Revenues,2016-01-01,2016-03-31,2011000000,10-Q,2016-04-29,2016,Q1
PPL,Revenues,2016-04-01,2016-06-30,1785000000,10-Q,2016-08-09,2016,Q2
PPL,Revenues,2016-07-01,2016-09-30,1889000000,10-Q,2016-11-01,2016,Q3
PPL,Revenues,2016-10-01,2016-12-31,1832000000,10-K,2017-02-17,2016,FY
PPL,Revenues,2017-01-01,2017-03-31,1951000000,10-Q,2017-05-04,2017,Q1
PPL,Revenues,2017-04-01,2017-06-30,1725000000,10-Q,2017-08-03,2017,Q2
PPL,Revenues,2017-07-01,2017-09-30,1845000000,10-Q,2017-11-01,2017,Q3
PPL,Revenues,2017-10-01,2017-12-31,1926000000,10-K,2018-02-22,2017,FY
PPL,Revenues,2018-01-01,2018-03-31,2126000000,10-Q,2018-05-03,2018,Q1
PPL,Revenues,2018-04-01,2018-06-30,1848000000,10-Q,2018-08-07,2018,Q2
PPL,Revenues,2018-07-01,2018-09-30,1872000000,10-Q,2018-11-01,2018,Q3
PPL,Revenues,2018-10-01,2018-12-31,1939000000,10-K,2019-02-14,2018,FY
PPL,Revenues,2019-01-01,2019-03-31,2079000000,10-Q,2019-05-02,2019,Q1
PPL,Revenues,2019-04-01,2019-06-30,1803000000,10-Q,2019-08-06,2019,Q2
PPL,Revenues,2019-07-01,2019-09-30,1933000000,10-Q,2019-11-05,2019,Q3
PPL,Revenues,2019-10-01,2019-12-31,1954000000,10-K,2020-02-14,2019,FY
PPL,Revenues,2020-01-01,2020-03-31,2054000000,10-Q,2020-05-08,2020,Q1
PPL,Revenues,2020-04-01,2020-06-30,1739000000,10-Q,2020-08-10,2020,Q2
PPL,Revenues,2020-07-01,2020-09-30,1885000000,10-Q,2020-11-05,2020,Q3
PPL,Revenues,2021-01-01,2021-03-31,1498000000,10-Q,2021-05-06,2021,Q1
PPL,Revenues,2021-04-01,2021-06-30,1288000000,10-Q,2021-08-05,2021,Q2
PPL,Revenues,2021-07-01,2021-09-30,1512000000,10-Q,2021-11-04,2021,Q2
PPL,Revenues,2022-01-01,2022-03-31,1782000000,10-Q,2022-05-05,2022,Q1
PPL,Revenues,2022-04-01,2022-06-30,1696000000,10-Q,2022-08-03,2022,Q2
PPL,Revenues,2022-07-01,2022-09-30,2134000000,10-Q,2022-11-04,2022,Q3
PPL,Revenues,2023-01-01,2023-03-31,2415000000,10-Q,2023-05-04,2022,Q3
PPL,Revenues,2023-04-01,2023-06-30,1823000000,10-Q,2023-08-04,2022,Q3
PPL,Revenues,2023-07-01,2023-09-30,2043000000,10-Q,2023-11-02,2022,Q3
PPL,Revenues,2024-01-01,2024-03-31,2304000000,10-Q,2024-05-01,2022,Q3
PPL,Revenues,2024-04-01,2024-06-30,1881000000,10-Q,2024-08-02,2022,Q3
PPL,Revenues,2024-07-01,2024-09-30,2066000000,10-Q,2024-11-01,2022,Q3
PPL,Revenues,2025-01-01,2025-03-31,2504000000,10-Q,2025-04-30,2025,Q1
PPL,Revenues,2025-04-01,2025-06-30,2025000000,10-Q,2025-07-31,2025,Q2
PPL,Revenues,2025-07-01,2025-09-30,2239000000,10-Q,2025-11-05,2025,Q3
PPL,Revenues,2026-01-01,2026-03-31,2774000000,10-Q,2026-05-08,2026,Q1
PRIM,Revenues,2017-01-01,2017-03-31,561502000,10-Q,2018-05-08,2018,Q1
PRIM,Revenues,2017-04-01,2017-06-30,631165000,10-Q,2018-08-07,2018,Q2
PRIM,Revenues,2017-07-01,2017-09-30,608311000,10-Q,2018-11-06,2018,Q3
PRIM,Revenues,2018-01-01,2018-03-31,504119000,10-Q,2018-05-08,2018,Q1
PRIM,Revenues,2018-04-01,2018-06-30,648787000,10-Q,2018-08-07,2018,Q2
PRIM,Revenues,2018-07-01,2018-09-30,908902000,10-Q,2018-11-06,2018,Q3
PWR,Revenues,2023-01-01,2023-03-31,4428826000,8-K,2025-02-20,,
PWR,Revenues,2023-04-01,2023-06-30,5048610000,8-K,2025-02-20,,
PWR,Revenues,2023-07-01,2023-09-30,5620822000,8-K,2025-02-20,,
PWR,Revenues,2023-10-01,2023-12-31,5783948000,8-K,2025-02-20,,
PWR,Revenues,2024-01-01,2024-03-31,5031819000,8-K,2025-02-20,,
PWR,Revenues,2024-04-01,2024-06-30,5594387000,8-K,2025-02-20,,
PWR,Revenues,2024-07-01,2024-09-30,6493167000,8-K,2025-02-20,,
PWR,Revenues,2024-10-01,2024-12-31,6553422000,8-K,2025-02-20,,
ROK,Revenues,2016-10-01,2016-12-31,1490300000,10-K,2018-11-09,2018,FY
ROK,Revenues,2017-01-01,2017-03-31,1554300000,10-K,2018-11-09,2018,FY
ROK,Revenues,2017-04-01,2017-06-30,1599200000,10-K,2018-11-09,2018,FY
ROK,Revenues,2017-07-01,2017-09-30,1667500000,10-K,2018-11-09,2018,FY
ROK,Revenues,2017-10-01,2017-12-31,1586600000,10-K,2018-11-09,2018,FY
ROK,Revenues,2018-01-01,2018-03-31,1651200000,10-K,2018-11-09,2018,FY
ROK,Revenues,2018-04-01,2018-06-30,1698700000,10-K,2018-11-09,2018,FY
ROK,Revenues,2018-07-01,2018-09-30,1729500000,10-K,2018-11-09,2018,FY
SBAC,Revenues,2009-04-01,2009-06-30,136195000,10-Q,2010-08-04,2010,Q2
SBAC,Revenues,2009-07-01,2009-09-30,139289000,10-Q,2010-11-04,2010,Q3
SBAC,Revenues,2010-01-01,2010-03-31,147965000,10-Q,2011-05-06,2011,Q1
SBAC,Revenues,2010-04-01,2010-06-30,154515000,10-Q,2010-08-04,2010,Q2
SBAC,Revenues,2010-07-01,2010-09-30,158642000,10-Q,2010-11-04,2010,Q3
SBAC,Revenues,2010-10-01,2010-12-31,165497000,10-K,2012-02-27,2011,FY
SBAC,Revenues,2011-01-01,2011-03-31,167749000,10-Q,2011-05-06,2011,Q1
SBAC,Revenues,2011-04-01,2011-06-30,171053000,10-Q,2011-08-05,2011,Q2
SBAC,Revenues,2011-07-01,2011-09-30,175549000,10-Q,2011-11-04,2011,Q3
SBAC,Revenues,2011-10-01,2011-12-31,183819000,10-K,2012-02-27,2011,FY
SBAC,Revenues,2012-01-01,2012-03-31,192490000,10-Q,2012-05-07,2012,Q1
SBAC,Revenues,2012-04-01,2012-06-30,229147000,10-Q,2012-08-07,2012,Q2
SBAC,Revenues,2012-07-01,2012-09-30,238606000,10-Q,2012-11-08,2012,Q3
SBAC,Revenues,2012-10-01,2012-12-31,293841000,10-K,2013-02-27,2012,FY
SBAC,Revenues,2013-01-01,2013-03-31,313071000,10-Q,2013-05-10,2013,Q1
SBAC,Revenues,2013-04-01,2013-06-30,324305000,10-Q,2013-08-06,2013,Q2
SBAC,Revenues,2013-07-01,2013-09-30,332094000,10-Q,2013-11-07,2013,Q3
SBAC,Revenues,2013-10-01,2013-12-31,335396000,10-K,2014-02-27,2013,FY
SBAC,Revenues,2014-01-01,2014-03-31,345550000,10-Q,2014-05-09,2014,Q1
SBAC,Revenues,2014-04-01,2014-06-30,383420000,10-Q,2014-08-05,2014,Q2
SBAC,Revenues,2014-07-01,2014-09-30,393293000,10-Q,2014-11-07,2014,Q3
SBAC,Revenues,2014-10-01,2014-12-31,404734000,10-K,2015-03-02,2014,FY
SBAC,Revenues,2015-01-01,2015-03-31,410094000,10-Q,2015-05-08,2015,Q1
SBAC,Revenues,2015-04-01,2015-06-30,410704000,10-Q,2015-08-06,2015,Q2
SBAC,Revenues,2015-07-01,2015-09-30,410735000,10-Q,2015-11-09,2015,Q3
SBAC,Revenues,2015-10-01,2015-12-31,406941000,10-K,2016-02-26,2015,FY
SBAC,Revenues,2016-01-01,2016-03-31,399769000,10-Q,2016-05-10,2016,Q1
SBAC,Revenues,2016-04-01,2016-06-30,405532000,10-Q,2016-08-09,2016,Q2
SBAC,Revenues,2016-07-01,2016-09-30,411319000,10-Q,2016-11-09,2016,Q3
SBAC,Revenues,2016-10-01,2016-12-31,416505000,10-K,2017-03-01,2016,FY
SBAC,Revenues,2017-01-01,2017-03-31,423363000,10-Q,2017-05-08,2017,Q1
SBAC,Revenues,2017-04-01,2017-06-30,427294000,10-Q,2017-08-04,2017,Q2
SBAC,Revenues,2017-07-01,2017-09-30,433945000,10-Q,2017-11-07,2017,Q3
SBAC,Revenues,2017-10-01,2017-12-31,443073000,10-K,2018-03-01,2017,FY
SBAC,Revenues,2018-01-01,2018-03-31,458302000,10-Q,2018-05-07,2018,Q1
SBAC,Revenues,2018-04-01,2018-06-30,456323000,10-Q,2018-08-06,2018,Q2
SBAC,Revenues,2018-07-01,2018-09-30,467221000,10-Q,2018-11-08,2018,Q3
SBAC,Revenues,2018-10-01,2018-12-31,483849000,10-K,2019-02-28,2018,FY
SBAC,Revenues,2019-01-01,2019-03-31,493293000,10-Q,2019-05-09,2019,Q1
SBAC,Revenues,2019-04-01,2019-06-30,500147000,10-Q,2019-08-06,2019,Q2
SBAC,Revenues,2019-07-01,2019-09-30,507547000,10-Q,2019-11-07,2019,Q3
SBAC,Revenues,2019-10-01,2019-12-31,513659000,10-K,2020-02-24,2019,FY
SBAC,Revenues,2020-01-01,2020-03-31,517067000,10-Q,2020-05-06,2020,Q1
SBAC,Revenues,2020-04-01,2020-06-30,507226000,10-Q,2020-08-06,2020,Q2
SBAC,Revenues,2020-07-01,2020-09-30,522940000,10-Q,2020-11-05,2020,Q3
SBAC,Revenues,2020-10-01,2020-12-31,535905000,10-K,2021-02-25,2020,FY
SBAC,Revenues,2021-01-01,2021-03-31,548739000,10-Q,2021-05-06,2021,Q1
SBAC,Revenues,2021-04-01,2021-06-30,575528000,10-Q,2021-08-05,2021,Q2
SBAC,Revenues,2021-07-01,2021-09-30,589305000,10-Q,2021-11-05,2021,Q3
SBAC,Revenues,2021-10-01,2021-12-31,595262000,10-K,2022-03-01,2021,FY
SBAC,Revenues,2022-01-01,2022-03-31,619770000,10-Q,2022-04-29,2022,Q1
SBAC,Revenues,2022-04-01,2022-06-30,652006000,10-Q,2022-08-04,2022,Q2
SBAC,Revenues,2022-07-01,2022-09-30,675584000,10-Q,2022-11-03,2022,Q3
SBAC,Revenues,2022-10-01,2022-12-31,686094000,10-K,2023-03-01,2022,FY
SBAC,Revenues,2023-01-01,2023-03-31,675516000,10-Q,2023-05-09,2023,Q1
SBAC,Revenues,2023-04-01,2023-06-30,678500000,10-Q,2023-08-03,2023,Q2
SBAC,Revenues,2023-07-01,2023-09-30,682544000,10-Q,2023-11-07,2023,Q3
SBAC,Revenues,2023-10-01,2023-12-31,675024000,10-K,2024-02-28,2023,FY
SBAC,Revenues,2024-01-01,2024-03-31,657862000,10-Q,2024-05-06,2024,Q1
SBAC,Revenues,2024-04-01,2024-06-30,660477000,10-Q,2024-08-02,2024,Q2
SBAC,Revenues,2024-07-01,2024-09-30,667595000,10-Q,2024-11-01,2024,Q3
SBAC,Revenues,2024-10-01,2024-12-31,693700000,10-K,2025-02-26,2024,FY
SBAC,Revenues,2025-01-01,2025-03-31,664248000,10-Q,2025-05-01,2025,Q1
SBAC,Revenues,2025-04-01,2025-06-30,698981000,10-Q,2025-08-07,2025,Q2
SBAC,Revenues,2025-07-01,2025-09-30,732327000,10-Q,2025-11-06,2025,Q3
SBAC,Revenues,2025-10-01,2025-12-31,719583000,10-K,2026-02-27,2025,FY
SBAC,Revenues,2026-01-01,2026-03-31,703438000,10-Q,2026-05-05,2026,Q1
SBAC,Revenues,2026-04-01,2026-06-30,715274000,10-Q,2026-08-06,2026,Q2
SMCI,Revenues,2015-07-01,2015-09-30,539104000,10-Q/A,2019-05-17,2017,Q1
SMCI,Revenues,2015-10-01,2015-12-31,641235000,10-Q/A,2019-05-17,2017,Q2
SMCI,Revenues,2016-01-01,2016-03-31,513468000,10-Q/A,2019-05-17,2017,Q3
SMCI,Revenues,2016-04-01,2016-06-30,531215000,10-K,2019-05-17,2017,FY
SMCI,Revenues,2016-07-01,2016-09-30,528763000,10-Q/A,2019-05-17,2017,Q1
SMCI,Revenues,2016-10-01,2016-12-31,663200000,10-Q/A,2019-05-17,2017,Q2
SMCI,Revenues,2017-01-01,2017-03-31,614798000,10-Q/A,2019-05-17,2017,Q3
SMCI,Revenues,2017-04-01,2017-06-30,678168000,10-K,2019-05-17,2017,FY
SO,Revenues,2008-04-01,2008-06-30,4215187000,10-Q/A,2009-08-27,2009,Q2
SO,Revenues,2008-07-01,2008-09-30,5426499000,10-Q,2009-11-06,2009,Q3
SO,Revenues,2009-01-01,2009-03-31,3666307000,10-Q,2010-05-07,2010,Q1
SO,Revenues,2009-04-01,2009-06-30,3885164000,10-Q/A,2009-08-27,2009,Q2
SO,Revenues,2009-07-01,2009-09-30,4681482000,10-Q,2009-11-06,2009,Q3
SO,Revenues,2009-10-01,2009-12-31,3510000000,10-K,2011-02-25,2010,FY
SO,Revenues,2010-01-01,2010-03-31,4157317000,10-Q,2010-05-07,2010,Q1
SO,Revenues,2010-04-01,2010-06-30,4207419000,10-Q,2010-08-06,2010,Q2
SO,Revenues,2010-07-01,2010-09-30,5319912000,10-Q,2010-11-05,2010,Q3
SO,Revenues,2010-10-01,2010-12-31,3771000000,10-K,2011-02-25,2010,FY
SO,Revenues,2011-01-01,2011-03-31,4012000000,10-Q,2011-05-06,2011,Q1
SO,Revenues,2011-04-01,2011-06-30,4521000000,10-Q,2011-08-05,2011,Q2
SO,Revenues,2011-07-01,2011-09-30,5428000000,10-Q,2011-11-07,2011,Q3
SO,Revenues,2011-10-01,2011-12-31,3696000000,10-K,2012-02-24,2011,FY
SO,Revenues,2012-01-01,2012-03-31,3604000000,10-Q,2012-05-07,2012,Q1
SO,Revenues,2012-03-31,2012-06-30,4181000000,10-Q,2013-08-06,2013,Q2
SO,Revenues,2012-04-01,2012-06-30,4181000000,10-Q,2012-08-06,2012,Q2
SO,Revenues,2012-07-01,2012-09-30,5049000000,10-Q,2012-11-07,2012,Q3
SO,Revenues,2012-10-01,2012-12-31,3703000000,10-K,2013-02-28,2012,FY
SO,Revenues,2013-01-01,2013-03-31,3897000000,10-Q,2013-05-10,2013,Q1
SO,Revenues,2013-03-31,2013-06-30,4246000000,10-Q,2013-08-06,2013,Q2
SO,Revenues,2013-04-01,2013-06-30,4246000000,10-K,2014-02-27,2013,FY
SO,Revenues,2013-07-01,2013-09-30,5017000000,10-Q,2013-11-06,2013,Q3
SO,Revenues,2013-10-01,2013-12-31,3927000000,10-K,2014-02-27,2013,FY
SO,Revenues,2014-01-01,2014-03-31,4644000000,10-Q,2014-05-08,2014,Q1
SO,Revenues,2014-04-01,2014-06-30,4467000000,10-Q,2014-08-07,2014,Q2
SO,Revenues,2014-07-01,2014-09-30,5339000000,10-Q,2014-11-06,2014,Q3
SO,Revenues,2014-10-01,2014-12-31,4017000000,10-K,2015-03-02,2014,FY
SO,Revenues,2015-01-01,2015-03-31,4183000000,10-Q,2015-05-07,2015,Q1
SO,Revenues,2015-04-01,2015-06-30,4337000000,10-Q,2015-08-05,2015,Q2
SO,Revenues,2015-07-01,2015-09-30,5401000000,10-Q,2015-11-05,2015,Q3
SO,Revenues,2015-10-01,2015-12-31,3568000000,10-K,2016-02-26,2015,FY
SO,Revenues,2016-01-01,2016-03-31,3965000000,10-Q,2016-05-05,2016,Q1
SO,Revenues,2016-04-01,2016-06-30,4459000000,10-Q,2016-08-08,2016,Q2
SO,Revenues,2016-07-01,2016-09-30,6264000000,10-Q,2016-11-04,2016,Q3
SO,Revenues,2016-10-01,2016-12-31,5181000000,10-K,2017-02-22,2016,FY
SO,Revenues,2017-01-01,2017-03-31,5771000000,10-Q,2017-05-03,2017,Q1
SO,Revenues,2017-04-01,2017-06-30,5430000000,10-Q,2017-08-02,2017,Q2
SO,Revenues,2017-07-01,2017-09-30,6201000000,10-Q,2017-11-01,2017,Q3
SO,Revenues,2017-10-01,2017-12-31,5629000000,10-K,2018-02-21,2017,FY
SO,Revenues,2018-01-01,2018-03-31,6372000000,10-Q,2018-05-02,2018,Q1
SO,Revenues,2018-04-01,2018-06-30,5627000000,10-Q,2018-08-08,2018,Q2
SO,Revenues,2018-07-01,2018-09-30,6159000000,10-Q,2018-11-07,2018,Q3
SO,Revenues,2018-10-01,2018-12-31,5337000000,10-K,2019-02-20,2018,FY
SO,Revenues,2019-01-01,2019-03-31,5412000000,10-Q,2019-05-01,2019,Q1
SO,Revenues,2019-04-01,2019-06-30,5098000000,10-Q,2019-07-31,2019,Q2
SO,Revenues,2019-07-01,2019-09-30,5995000000,10-Q,2019-10-30,2019,Q3
SO,Revenues,2019-10-01,2019-12-31,4914000000,10-K,2020-02-20,2019,FY
SO,Revenues,2020-01-01,2020-03-31,5018000000,10-Q,2020-04-30,2020,Q1
SO,Revenues,2020-04-01,2020-06-30,4620000000,10-Q,2020-07-30,2020,Q2
SO,Revenues,2020-07-01,2020-09-30,5620000000,10-Q,2020-10-29,2020,Q3
SO,Revenues,2021-01-01,2021-03-31,5910000000,10-Q,2021-04-29,2021,Q1
SO,Revenues,2021-04-01,2021-06-30,5198000000,10-Q,2021-07-29,2021,Q2
SO,Revenues,2021-07-01,2021-09-30,6238000000,10-Q,2021-11-04,2021,Q3
SO,Revenues,2022-01-01,2022-03-31,6648000000,10-Q,2022-04-28,2022,Q1
SO,Revenues,2022-04-01,2022-06-30,7206000000,10-Q,2022-07-28,2022,Q2
SO,Revenues,2022-07-01,2022-09-30,8378000000,10-Q,2022-10-27,2022,Q3
SO,Revenues,2023-01-01,2023-03-31,6480000000,10-Q,2023-04-27,2023,Q1
SO,Revenues,2023-04-01,2023-06-30,5748000000,10-Q,2023-08-03,2023,Q2
SO,Revenues,2023-07-01,2023-09-30,6980000000,10-Q,2023-11-02,2023,Q3
SO,Revenues,2024-01-01,2024-03-31,6646000000,10-Q,2024-05-02,2024,Q1
SO,Revenues,2024-04-01,2024-06-30,6463000000,10-Q,2024-08-01,2024,Q2
SO,Revenues,2024-07-01,2024-09-30,7274000000,10-Q,2024-10-31,2024,Q3
SO,Revenues,2025-01-01,2025-03-31,7775000000,10-Q,2025-05-01,2025,Q1
SO,Revenues,2025-04-01,2025-06-30,6973000000,10-Q,2025-07-31,2025,Q2
SO,Revenues,2025-07-01,2025-09-30,7823000000,10-Q,2025-10-30,2025,Q3
SO,Revenues,2026-01-01,2026-03-31,8397000000,10-Q,2026-04-30,2026,Q1
SRE,Revenues,2013-01-01,2013-03-31,2650000000,10-Q,2014-05-02,2014,Q1
SRE,Revenues,2013-04-01,2013-06-30,2651000000,10-Q,2014-08-07,2014,Q2
SRE,Revenues,2013-07-01,2013-09-30,2551000000,10-Q,2014-11-04,2014,Q3
SRE,Revenues,2014-01-01,2014-03-31,2795000000,10-Q,2014-05-02,2014,Q1
SRE,Revenues,2014-04-01,2014-06-30,2678000000,10-Q,2014-08-07,2014,Q2
SRE,Revenues,2014-07-01,2014-09-30,2815000000,10-Q,2014-11-04,2014,Q3
SRE,Revenues,2015-01-01,2015-03-31,2682000000,10-Q,2015-05-05,2015,Q1
SRE,Revenues,2015-04-01,2015-06-30,2367000000,10-Q,2015-08-04,2015,Q2
SRE,Revenues,2015-07-01,2015-09-30,2481000000,10-Q,2015-11-03,2015,Q3
SRE,Revenues,2016-01-01,2016-03-31,2622000000,10-Q,2016-05-04,2016,Q1
SRE,Revenues,2016-04-01,2016-06-30,2156000000,10-Q,2016-08-04,2016,Q2
SRE,Revenues,2016-07-01,2016-09-30,2535000000,10-Q,2016-11-02,2016,Q3
SRE,Revenues,2017-01-01,2017-03-31,3031000000,10-Q,2017-05-09,2017,Q1
SRE,Revenues,2017-04-01,2017-06-30,2533000000,10-Q,2017-08-04,2017,Q2
SRE,Revenues,2017-07-01,2017-09-30,2679000000,10-Q,2017-10-30,2017,Q3
SRE,Revenues,2018-01-01,2018-03-31,2962000000,10-Q,2018-05-07,2018,Q1
SRE,Revenues,2018-04-01,2018-06-30,2564000000,10-Q,2018-08-06,2018,Q2
SRE,Revenues,2018-07-01,2018-09-30,2940000000,10-Q,2018-11-07,2018,Q3
SRE,Revenues,2019-01-01,2019-03-31,2898000000,10-Q,2019-05-07,2019,Q1
SRE,Revenues,2019-04-01,2019-06-30,2230000000,10-Q,2019-08-02,2019,Q2
SRE,Revenues,2019-07-01,2019-09-30,2758000000,10-Q,2019-11-01,2019,Q3
SRE,Revenues,2020-01-01,2020-03-31,3029000000,10-Q,2020-05-04,2020,Q1
SRE,Revenues,2020-04-01,2020-06-30,2526000000,10-Q,2020-08-05,2020,Q2
SRE,Revenues,2020-07-01,2020-09-30,2644000000,10-Q,2020-11-05,2020,Q3
SRE,Revenues,2021-01-01,2021-03-31,3259000000,10-Q,2021-05-05,2021,Q1
SRE,Revenues,2021-04-01,2021-06-30,2741000000,10-Q,2021-08-05,2021,Q2
SRE,Revenues,2021-07-01,2021-09-30,3013000000,10-Q,2021-11-05,2021,Q3
SRE,Revenues,2022-01-01,2022-03-31,3820000000,10-Q,2022-05-05,2022,Q1
SRE,Revenues,2022-04-01,2022-06-30,3547000000,10-Q,2022-08-04,2022,Q2
SRE,Revenues,2022-07-01,2022-09-30,3617000000,10-Q,2022-11-03,2022,Q3
SRE,Revenues,2023-01-01,2023-03-31,6560000000,10-Q,2023-05-04,2023,Q1
SRE,Revenues,2023-04-01,2023-06-30,3335000000,10-Q,2023-08-03,2023,Q2
SRE,Revenues,2023-07-01,2023-09-30,3334000000,10-Q,2023-11-03,2023,Q3
SRE,Revenues,2024-01-01,2024-03-31,3640000000,10-Q,2024-05-07,2024,Q1
SRE,Revenues,2024-04-01,2024-06-30,3011000000,10-Q,2024-08-06,2024,Q2
SRE,Revenues,2024-07-01,2024-09-30,2776000000,10-Q,2024-11-06,2024,Q3
STRL,Revenues,2010-04-01,2010-06-30,116865000,10-Q,2011-08-08,2011,Q2
STRL,Revenues,2010-07-01,2010-09-30,118874000,10-Q,2011-11-08,2011,Q3
STRL,Revenues,2011-01-01,2011-03-31,99242000,10-Q,2012-05-09,2012,Q1
STRL,Revenues,2011-04-01,2011-06-30,128498000,10-Q,2011-08-08,2011,Q2
STRL,Revenues,2011-07-01,2011-09-30,159427000,10-Q,2011-11-08,2011,Q3
STRL,Revenues,2012-01-01,2012-03-31,98425000,10-Q,2012-05-09,2012,Q1
STRL,Revenues,2012-04-01,2012-06-30,168709000,10-Q,2012-08-08,2012,Q2
STRL,Revenues,2012-07-01,2012-09-30,205283000,10-Q,2012-11-08,2012,Q3
STRL,Revenues,2012-10-01,2012-12-31,158089000,10-K,2014-03-17,2013,FY
STRL,Revenues,2013-01-01,2013-03-31,111035000,10-Q,2013-05-10,2013,Q1
STRL,Revenues,2013-04-01,2013-06-30,133350000,10-Q,2013-08-09,2013,Q2
STRL,Revenues,2013-07-01,2013-09-30,185935000,10-Q,2013-11-08,2013,Q3
STRL,Revenues,2013-10-01,2013-12-31,125916000,10-K,2014-03-17,2013,FY
STRL,Revenues,2014-01-01,2014-03-31,134538000,10-Q,2014-05-12,2014,Q1
STRL,Revenues,2014-04-01,2014-06-30,194806000,10-Q,2014-08-11,2014,Q2
STRL,Revenues,2014-07-01,2014-09-30,189275000,10-Q,2014-11-10,2014,Q3
STRL,Revenues,2014-10-01,2014-12-31,153611000,10-K,2015-03-16,2014,FY
STRL,Revenues,2015-01-01,2015-03-31,117682000,10-Q,2015-05-11,2015,Q1
STRL,Revenues,2015-04-01,2015-06-30,177425000,10-Q,2015-08-10,2015,Q2
STRL,Revenues,2015-07-01,2015-09-30,176000000,10-Q,2015-11-09,2015,Q3
STRL,Revenues,2015-10-01,2015-12-31,152488000,10-K,2016-03-14,2015,FY
STRL,Revenues,2016-01-01,2016-03-31,126567000,10-Q,2016-05-02,2016,Q1
STRL,Revenues,2016-04-01,2016-06-30,189582000,10-Q,2016-08-01,2016,Q2
STRL,Revenues,2016-07-01,2016-09-30,205629000,10-Q,2016-10-31,2016,Q3
STRL,Revenues,2016-10-01,2016-12-31,168345000,10-K,2017-03-09,2016,FY
STRL,Revenues,2017-01-01,2017-03-31,153416000,10-Q,2017-05-03,2017,Q1
STRL,Revenues,2017-04-01,2017-06-30,246412000,10-Q,2017-08-02,2017,Q2
STRL,Revenues,2017-07-01,2017-09-30,304219000,10-Q,2017-10-31,2017,Q3
STRL,Revenues,2017-10-01,2017-12-31,253911000,10-K,2018-03-06,2017,FY
STRL,Revenues,2018-01-01,2018-03-31,222492000,10-Q,2018-05-08,2018,Q1
TLN,Revenues,2023-07-01,2023-09-30,516000000,10-Q,2024-11-14,2024,Q3
TLN,Revenues,2024-01-01,2024-03-31,509000000,10-Q,2025-05-08,2025,Q1
TLN,Revenues,2024-04-01,2024-06-30,489000000,10-Q,2024-08-13,2024,Q2
TLN,Revenues,2024-07-01,2024-09-30,650000000,10-Q,2024-11-14,2024,Q3
TLN,Revenues,2025-01-01,2025-03-31,390000000,10-Q,2025-05-08,2025,Q1
TLN,Revenues,2025-04-01,2025-06-30,630000000,10-Q,2025-08-07,2025,Q2
TLN,Revenues,2025-07-01,2025-09-30,812000000,10-Q,2025-11-05,2025,Q3
TLN,Revenues,2026-01-01,2026-03-31,1129000000,10-Q,2026-05-05,2026,Q1
TLN,Revenues,2026-04-01,2026-06-30,747000000,10-Q,2026-08-05,2026,Q2
VRT,Revenues,2017-04-01,2017-06-30,0,10-Q,2018-08-07,2018,Q2
VRT,Revenues,2017-07-01,2017-09-30,0,10-Q,2018-11-06,2018,Q3
VRT,Revenues,2018-01-01,2018-03-31,0,10-Q,2019-05-08,2019,Q1
VRT,Revenues,2018-04-01,2018-06-30,0,10-Q,2019-08-06,2019,Q2
VRT,Revenues,2018-04-10,2018-06-30,0,10-Q,2018-08-07,2018,Q2
VRT,Revenues,2018-07-01,2018-09-30,0,10-Q,2018-11-06,2018,Q3
VRT,Revenues,2019-01-01,2019-03-31,0,10-Q,2019-05-08,2019,Q1
VRT,Revenues,2019-04-01,2019-06-30,0,10-Q,2019-08-06,2019,Q2
VRT,Revenues,2019-07-01,2019-09-30,0,10-Q,2019-11-05,2019,Q3
VST,Revenues,2016-10-03,2016-12-31,1191000000,10-K,2019-02-28,2018,Q4
VST,Revenues,2017-01-01,2017-03-31,1357000000,10-Q,2018-05-04,2018,Q1
VST,Revenues,2017-04-01,2017-06-30,1296000000,10-Q,2018-08-06,2018,Q2
VST,Revenues,2017-07-01,2017-09-30,1833000000,10-Q,2018-11-02,2018,Q3
VST,Revenues,2018-01-01,2018-03-31,765000000,10-Q,2018-05-04,2018,Q1
VST,Revenues,2018-04-01,2018-06-30,2574000000,10-Q,2018-08-06,2018,Q2
VST,Revenues,2018-07-01,2018-09-30,3243000000,10-Q,2018-11-02,2018,Q3
VST,Revenues,2018-10-01,2018-12-31,2562000000,10-K,2020-02-28,2019,FY
VST,Revenues,2019-01-01,2019-03-31,2923000000,10-Q,2019-05-03,2019,Q1
VST,Revenues,2019-04-01,2019-06-30,2832000000,10-Q,2019-08-02,2019,Q2
VST,Revenues,2019-07-01,2019-09-30,3194000000,10-Q,2019-11-05,2019,Q3
VST,Revenues,2019-10-01,2019-12-31,2860000000,10-K,2020-02-28,2019,FY
VST,Revenues,2020-01-01,2020-03-31,2858000000,10-Q,2020-05-05,2020,Q1
VST,Revenues,2020-04-01,2020-06-30,2509000000,10-Q,2020-08-05,2020,Q2
VST,Revenues,2020-07-01,2020-09-30,3552000000,10-Q,2020-11-04,2020,Q3
VST,Revenues,2021-01-01,2021-03-31,3207000000,10-Q,2021-05-04,2021,Q1
VST,Revenues,2021-04-01,2021-06-30,2565000000,10-Q,2021-08-05,2021,Q2
VST,Revenues,2021-07-01,2021-09-30,2991000000,10-Q,2021-11-05,2021,Q3
VST,Revenues,2022-01-01,2022-03-31,3125000000,10-Q,2022-05-06,2022,Q1
VST,Revenues,2022-04-01,2022-06-30,1588000000,10-Q,2022-08-05,2022,Q2
VST,Revenues,2022-07-01,2022-09-30,5146000000,10-Q,2022-11-04,2022,Q3
VST,Revenues,2023-01-01,2023-03-31,4425000000,10-Q,2023-05-09,2023,Q1
VST,Revenues,2023-04-01,2023-06-30,3189000000,10-Q,2023-08-09,2023,Q2
VST,Revenues,2023-07-01,2023-09-30,4086000000,10-Q,2023-11-07,2023,Q3
VST,Revenues,2024-01-01,2024-03-31,3054000000,10-Q,2024-05-10,2024,Q1
VST,Revenues,2024-04-01,2024-06-30,3845000000,10-Q,2024-08-09,2024,Q2
VST,Revenues,2024-07-01,2024-09-30,6288000000,10-Q,2024-11-08,2024,Q3
VST,Revenues,2025-01-01,2025-03-31,3933000000,10-Q,2025-05-08,2025,Q1
VST,Revenues,2025-04-01,2025-06-30,4250000000,10-Q,2025-08-08,2025,Q2
VST,Revenues,2025-07-01,2025-09-30,4971000000,10-Q,2025-11-07,2025,Q3
VST,Revenues,2026-01-01,2026-03-31,5640000000,10-Q,2026-05-08,2026,Q1
VST,Revenues,2026-04-01,2026-06-30,4017000000,10-Q,2026-08-10,2026,Q2
WULF,Revenues,2024-07-01,2024-09-30,27059000,10-Q,2025-11-10,2025,Q3
WULF,Revenues,2025-01-01,2025-03-31,34405000,10-Q,2026-05-08,2026,Q1
WULF,Revenues,2025-04-01,2025-06-30,47636000,10-Q,2026-08-05,2026,Q2
WULF,Revenues,2025-07-01,2025-09-30,50578000,10-Q,2025-11-10,2025,Q3
WULF,Revenues,2026-01-01,2026-03-31,34012000,10-Q,2026-05-08,2026,Q1
WULF,Revenues,2026-04-01,2026-06-30,44767000,10-Q,2026-08-05,2026,Q2
WY,Revenues,2017-01-01,2017-03-31,1693000000,10-K,2019-02-15,2018,FY
WY,Revenues,2017-04-01,2017-06-30,1808000000,10-K,2019-02-15,2018,FY
WY,Revenues,2017-07-01,2017-09-30,1872000000,10-Q,2018-10-26,2018,Q3
WY,Revenues,2017-10-01,2017-12-31,1823000000,10-K,2019-02-15,2018,FY
WY,Revenues,2018-01-01,2018-03-31,1865000000,10-K,2019-02-15,2018,FY
WY,Revenues,2018-04-01,2018-06-30,2065000000,10-K,2019-02-15,2018,FY
WY,Revenues,2018-07-01,2018-09-30,1910000000,10-Q,2018-10-26,2018,Q3
WY,Revenues,2018-10-01,2018-12-31,1636000000,10-K,2019-02-15,2018,FY
WY,Revenues,2019-01-01,2019-03-31,1643000000,10-Q,2019-04-26,2019,Q1
WY,Revenues,2019-04-01,2019-06-30,1692000000,10-Q,2019-07-26,2019,Q2
WY,Revenues,2019-07-01,2019-09-30,1671000000,10-Q,2019-10-25,2019,Q3
WY,Revenues,2019-10-01,2019-12-31,1548000000,10-K,2020-02-14,2019,FY
WY,Revenues,2020-01-01,2020-03-31,1728000000,10-Q,2020-05-01,2020,Q1
WY,Revenues,2020-04-01,2020-06-30,1631000000,10-Q,2020-07-31,2020,Q2
WY,Revenues,2020-07-01,2020-09-30,2110000000,10-Q,2020-10-30,2020,Q3
WY,Revenues,2021-01-01,2021-03-31,2506000000,10-Q,2021-04-30,2021,Q1
WY,Revenues,2021-04-01,2021-06-30,3144000000,10-Q,2021-07-30,2021,Q2
WY,Revenues,2021-07-01,2021-09-30,2345000000,10-Q,2021-10-29,2021,Q3
WY,Revenues,2022-01-01,2022-03-31,3112000000,10-Q,2022-04-29,2022,Q1
WY,Revenues,2022-04-01,2022-06-30,2973000000,10-Q,2022-07-29,2022,Q2
WY,Revenues,2022-07-01,2022-09-30,2276000000,10-Q,2022-10-28,2022,Q3
WY,Revenues,2023-01-01,2023-03-31,1881000000,10-Q,2023-04-28,2023,Q1
WY,Revenues,2023-04-01,2023-06-30,1997000000,10-Q,2023-07-28,2023,Q2
WY,Revenues,2023-07-01,2023-09-30,2022000000,10-Q,2023-10-27,2023,Q3
WY,Revenues,2024-01-01,2024-03-31,1796000000,10-Q,2024-04-26,2024,Q1
WY,Revenues,2024-04-01,2024-06-30,1939000000,10-Q,2024-07-26,2024,Q2
WY,Revenues,2024-07-01,2024-09-30,1681000000,10-Q,2024-10-25,2024,Q3
WY,Revenues,2025-01-01,2025-03-31,1763000000,10-Q,2025-04-25,2025,Q1
WY,Revenues,2025-04-01,2025-06-30,1884000000,10-Q,2025-07-25,2025,Q2
WY,Revenues,2025-07-01,2025-09-30,1717000000,10-Q,2025-10-31,2025,Q3
WY,Revenues,2026-01-01,2026-03-31,1727000000,10-Q,2026-05-01,2026,Q1
WY,Revenues,2026-04-01,2026-06-30,1867000000,10-Q,2026-07-31,2026,Q2
