ticker,cik,form,filed_date,acceptance_utc,acceptance_et,earliest_availability_utc,processing_lag_minutes,timestamp_status,period,items,candidate_surface,surface_reason,in_sealed_window,press_release_unchecked,document_url,source_receipt
PWR,1050915,8-K,2026-09-15,2026-09-15T20:30:22+00:00,2026-09-15 16:30:22-04:00,2026-09-15T20:45:22+00:00,15,acceptance recorded,2026-09-09,"5.02,7.01,9.01",True,8-K items 7.01,True,True,https://www.sec.gov/Archives/edgar/data/1050915/000119312526391989/d78508d8k.htm,https://data.sec.gov/submissions/CIK0001050915.json
PWR,1050915,8-K,2026-08-06,2026-08-06T20:05:07+00:00,2026-08-06 16:05:07-04:00,2026-08-06T20:20:07+00:00,15,acceptance recorded,2026-08-06,"1.01,2.03,9.01",True,8-K items 1.01,True,True,https://www.sec.gov/Archives/edgar/data/1050915/000119312526337945/d164254d8k.htm,https://data.sec.gov/submissions/CIK0001050915.json
PWR,1050915,8-K,2026-08-04,2026-08-04T10:04:14+00:00,2026-08-04 06:04:14-04:00,2026-08-04T10:19:14+00:00,15,acceptance recorded,2026-08-03,"1.01,7.01,9.01",True,"8-K items 1.01, 7.01",True,True,https://www.sec.gov/Archives/edgar/data/1050915/000119312526331400/d114917d8k.htm,https://data.sec.gov/submissions/CIK0001050915.json
PWR,1050915,10-Q,2026-07-30,2026-07-30T14:07:12+00:00,2026-07-30 10:07:12-04:00,2026-07-30T14:22:12+00:00,15,acceptance recorded,2026-06-30,,True,periodic report,True,True,https://www.sec.gov/Archives/edgar/data/1050915/000105091526000025/pwr-20260630.htm,https://data.sec.gov/submissions/CIK0001050915.json
PWR,1050915,8-K,2026-07-30,2026-07-30T10:58:06+00:00,2026-07-30 06:58:06-04:00,2026-07-30T11:13:06+00:00,15,acceptance recorded,2026-07-30,"2.02,7.01,9.01",True,"8-K items 2.02, 7.01",True,True,https://www.sec.gov/Archives/edgar/data/1050915/000119312526324855/d56853d8k.htm,https://data.sec.gov/submissions/CIK0001050915.json
PWR,1050915,8-K,2026-05-27,2026-05-27T20:30:30+00:00,2026-05-27 16:30:30-04:00,2026-05-27T20:45:30+00:00,15,acceptance recorded,2026-05-21,"5.07,8.01,9.01",True,8-K items 8.01,True,True,https://www.sec.gov/Archives/edgar/data/1050915/000119312526241989/d122565d8k.htm,https://data.sec.gov/submissions/CIK0001050915.json
PWR,1050915,10-Q,2026-04-30,2026-04-30T14:12:43+00:00,2026-04-30 10:12:43-04:00,2026-04-30T14:27:43+00:00,15,acceptance recorded,2026-03-31,,True,periodic report,True,True,https://www.sec.gov/Archives/edgar/data/1050915/000105091526000016/pwr-20260331.htm,https://data.sec.gov/submissions/CIK0001050915.json
PWR,1050915,8-K,2026-04-30,2026-04-30T10:58:06+00:00,2026-04-30 06:58:06-04:00,2026-04-30T11:13:06+00:00,15,acceptance recorded,2026-04-30,"2.02,7.01,9.01",True,"8-K items 2.02, 7.01",True,True,https://www.sec.gov/Archives/edgar/data/1050915/000119312526193918/d107542d8k.htm,https://data.sec.gov/submissions/CIK0001050915.json
PWR,1050915,8-K,2026-04-16,2026-04-16T20:30:16+00:00,2026-04-16 16:30:16-04:00,2026-04-16T20:45:16+00:00,15,acceptance recorded,2026-04-10,"5.02,9.01",False,8-K item not on the candidate list,True,True,https://www.sec.gov/Archives/edgar/data/1050915/000119312526159117/d126144d8k.htm,https://data.sec.gov/submissions/CIK0001050915.json
PWR,1050915,8-K,2026-03-04,2026-03-04T21:30:18+00:00,2026-03-04 16:30:18-05:00,2026-03-04T21:45:18+00:00,15,acceptance recorded,2026-02-26,"5.02,9.01",False,8-K item not on the candidate list,True,True,https://www.sec.gov/Archives/edgar/data/1050915/000119312526091646/d115375d8k.htm,https://data.sec.gov/submissions/CIK0001050915.json
PWR,1050915,10-K,2026-02-19,2026-02-19T14:58:03+00:00,2026-02-19 09:58:03-05:00,2026-02-19T15:13:03+00:00,15,acceptance recorded,2025-12-31,,True,periodic report,True,True,https://www.sec.gov/Archives/edgar/data/1050915/000105091526000006/pwr-20251231.htm,https://data.sec.gov/submissions/CIK0001050915.json
PWR,1050915,8-K,2026-02-19,2026-02-19T11:58:17+00:00,2026-02-19 06:58:17-05:00,2026-02-19T12:13:17+00:00,15,acceptance recorded,2026-02-19,"2.02,7.01,9.01",True,"8-K items 2.02, 7.01",True,True,https://www.sec.gov/Archives/edgar/data/1050915/000119312526058069/d101511d8k.htm,https://data.sec.gov/submissions/CIK0001050915.json
PWR,1050915,10-Q,2025-10-30,2025-10-30T14:04:25+00:00,2025-10-30 10:04:25-04:00,2025-10-30T14:19:25+00:00,15,acceptance recorded,2025-09-30,,True,periodic report,True,True,https://www.sec.gov/Archives/edgar/data/1050915/000105091525000111/pwr-20250930.htm,https://data.sec.gov/submissions/CIK0001050915.json
PWR,1050915,8-K,2025-10-30,2025-10-30T10:58:16+00:00,2025-10-30 06:58:16-04:00,2025-10-30T11:13:16+00:00,15,acceptance recorded,2025-10-30,"2.02,7.01,9.01",True,"8-K items 2.02, 7.01",True,True,https://www.sec.gov/Archives/edgar/data/1050915/000119312525257378/d851878d8k.htm,https://data.sec.gov/submissions/CIK0001050915.json
PWR,1050915,8-K,2025-08-07,2025-08-07T20:06:59+00:00,2025-08-07 16:06:59-04:00,2025-08-07T20:21:59+00:00,15,acceptance recorded,2025-08-07,"1.01,2.03,9.01",True,8-K items 1.01,True,True,https://www.sec.gov/Archives/edgar/data/1050915/000119312525175423/d943908d8k.htm,https://data.sec.gov/submissions/CIK0001050915.json
PWR,1050915,8-K,2025-08-05,2025-08-05T10:04:08+00:00,2025-08-05 06:04:08-04:00,2025-08-05T10:19:08+00:00,15,acceptance recorded,2025-08-04,"1.01,7.01,9.01",True,"8-K items 1.01, 7.01",True,True,https://www.sec.gov/Archives/edgar/data/1050915/000119312525172984/d21390d8k.htm,https://data.sec.gov/submissions/CIK0001050915.json
PWR,1050915,10-Q,2025-07-31,2025-07-31T14:04:24+00:00,2025-07-31 10:04:24-04:00,2025-07-31T14:19:24+00:00,15,acceptance recorded,2025-06-30,,True,periodic report,True,True,https://www.sec.gov/Archives/edgar/data/1050915/000105091525000103/pwr-20250630.htm,https://data.sec.gov/submissions/CIK0001050915.json
PWR,1050915,8-K,2025-07-31,2025-07-31T10:58:40+00:00,2025-07-31 06:58:40-04:00,2025-07-31T11:13:40+00:00,15,acceptance recorded,2025-07-25,"2.02,7.01,8.01,9.01",True,"8-K items 2.02, 7.01, 8.01",True,True,https://www.sec.gov/Archives/edgar/data/1050915/000119312525169944/d28227d8k.htm,https://data.sec.gov/submissions/CIK0001050915.json
PWR,1050915,8-K,2025-05-29,2025-05-29T20:00:24+00:00,2025-05-29 16:00:24-04:00,2025-05-29T20:15:24+00:00,15,acceptance recorded,2025-05-22,"5.02,5.07,9.01",False,8-K item not on the candidate list,True,True,https://www.sec.gov/Archives/edgar/data/1050915/000119312525130598/d14177d8k.htm,https://data.sec.gov/submissions/CIK0001050915.json
PWR,1050915,10-Q,2025-05-01,2025-05-01T13:58:24+00:00,2025-05-01 09:58:24-04:00,2025-05-01T14:13:24+00:00,15,acceptance recorded,2025-03-31,,True,periodic report,True,True,https://www.sec.gov/Archives/edgar/data/1050915/000105091525000047/pwr-20250331.htm,https://data.sec.gov/submissions/CIK0001050915.json
PWR,1050915,8-K,2025-05-01,2025-05-01T10:58:17+00:00,2025-05-01 06:58:17-04:00,2025-05-01T11:13:17+00:00,15,acceptance recorded,2025-05-01,"2.02,7.01,9.01",True,"8-K items 2.02, 7.01",True,True,https://www.sec.gov/Archives/edgar/data/1050915/000119312525108720/d919020d8k.htm,https://data.sec.gov/submissions/CIK0001050915.json
PWR,1050915,8-K,2025-03-05,2025-03-05T21:45:11+00:00,2025-03-05 16:45:11-05:00,2025-03-05T22:00:11+00:00,15,acceptance recorded,2025-02-27,"5.02,9.01",False,8-K item not on the candidate list,True,True,https://www.sec.gov/Archives/edgar/data/1050915/000119312525047287/d878030d8k.htm,https://data.sec.gov/submissions/CIK0001050915.json
PWR,1050915,10-K,2025-02-20,2025-02-20T15:10:36+00:00,2025-02-20 10:10:36-05:00,2025-02-20T15:25:36+00:00,15,acceptance recorded,2024-12-31,,True,periodic report,True,True,https://www.sec.gov/Archives/edgar/data/1050915/000105091525000005/pwr-20241231.htm,https://data.sec.gov/submissions/CIK0001050915.json
PWR,1050915,8-K,2025-02-20,2025-02-20T11:59:54+00:00,2025-02-20 06:59:54-05:00,2025-02-20T12:14:54+00:00,15,acceptance recorded,2025-02-20,"2.02,7.01,9.01",True,"8-K items 2.02, 7.01",True,True,https://www.sec.gov/Archives/edgar/data/1050915/000119312525030081/d893759d8k.htm,https://data.sec.gov/submissions/CIK0001050915.json
PWR,1050915,8-K,2025-01-07,2025-01-07T22:01:01+00:00,2025-01-07 17:01:01-05:00,2025-01-07T22:16:01+00:00,15,acceptance recorded,2024-12-31,5.02,False,8-K item not on the candidate list,True,True,https://www.sec.gov/Archives/edgar/data/1050915/000119312525002891/d868655d8k.htm,https://data.sec.gov/submissions/CIK0001050915.json
PWR,1050915,10-Q,2024-10-31,2024-10-31T14:29:28+00:00,2024-10-31 10:29:28-04:00,2024-10-31T14:44:28+00:00,15,acceptance recorded,2024-09-30,,True,periodic report,True,True,https://www.sec.gov/Archives/edgar/data/1050915/000105091524000159/pwr-20240930.htm,https://data.sec.gov/submissions/CIK0001050915.json
PWR,1050915,8-K,2024-10-31,2024-10-31T10:58:52+00:00,2024-10-31 06:58:52-04:00,2024-10-31T11:13:52+00:00,15,acceptance recorded,2024-10-31,"2.02,7.01,9.01",True,"8-K items 2.02, 7.01",True,True,https://www.sec.gov/Archives/edgar/data/1050915/000119312524248130/d886756d8k.htm,https://data.sec.gov/submissions/CIK0001050915.json
PWR,1050915,8-K,2024-08-09,2024-08-09T20:41:51+00:00,2024-08-09 16:41:51-04:00,2024-08-09T20:56:51+00:00,15,acceptance recorded,2024-08-09,"1.01,2.03,9.01",True,8-K items 1.01,False,True,https://www.sec.gov/Archives/edgar/data/1050915/000119312524197895/d746340d8k.htm,https://data.sec.gov/submissions/CIK0001050915.json
PWR,1050915,8-K,2024-08-08,2024-08-08T01:41:29+00:00,2024-08-07 21:41:29-04:00,2024-08-08T01:56:29+00:00,15,acceptance recorded,2024-08-07,"1.01,7.01,9.01",True,"8-K items 1.01, 7.01",False,True,https://www.sec.gov/Archives/edgar/data/1050915/000119312524196237/d860554d8k.htm,https://data.sec.gov/submissions/CIK0001050915.json
PWR,1050915,10-Q,2024-08-01,2024-08-01T13:55:33+00:00,2024-08-01 09:55:33-04:00,2024-08-01T14:10:33+00:00,15,acceptance recorded,2024-06-30,,True,periodic report,False,True,https://www.sec.gov/Archives/edgar/data/1050915/000105091524000140/pwr-20240630.htm,https://data.sec.gov/submissions/CIK0001050915.json
PWR,1050915,8-K,2024-08-01,2024-08-01T10:58:30+00:00,2024-08-01 06:58:30-04:00,2024-08-01T11:13:30+00:00,15,acceptance recorded,2024-07-31,"1.01,2.02,2.03,7.01,9.01",True,"8-K items 1.01, 2.02, 7.01",False,True,https://www.sec.gov/Archives/edgar/data/1050915/000119312524190572/d850925d8k.htm,https://data.sec.gov/submissions/CIK0001050915.json
PWR,1050915,8-K,2024-07-22,2024-07-22T20:33:01+00:00,2024-07-22 16:33:01-04:00,2024-07-22T20:48:01+00:00,15,acceptance recorded,2024-07-16,"1.01,2.01,2.03,7.01,9.01",True,"8-K items 1.01, 7.01",False,True,https://www.sec.gov/Archives/edgar/data/1050915/000119312524182240/d841267d8k.htm,https://data.sec.gov/submissions/CIK0001050915.json
PWR,1050915,8-K,2024-05-31,2024-05-31T20:18:40+00:00,2024-05-31 16:18:40-04:00,2024-05-31T20:33:40+00:00,15,acceptance recorded,2024-05-24,"5.03,5.07,8.01,9.01",True,8-K items 8.01,False,True,https://www.sec.gov/Archives/edgar/data/1050915/000119312524151797/d681375d8k.htm,https://data.sec.gov/submissions/CIK0001050915.json
PWR,1050915,10-Q,2024-05-02,2024-05-02T14:10:24+00:00,2024-05-02 10:10:24-04:00,2024-05-02T14:25:24+00:00,15,acceptance recorded,2024-03-31,,True,periodic report,False,True,https://www.sec.gov/Archives/edgar/data/1050915/000105091524000082/pwr-20240331.htm,https://data.sec.gov/submissions/CIK0001050915.json
PWR,1050915,8-K,2024-05-02,2024-05-02T10:59:02+00:00,2024-05-02 06:59:02-04:00,2024-05-02T11:14:02+00:00,15,acceptance recorded,2024-05-02,"2.02,7.01,9.01",True,"8-K items 2.02, 7.01",False,True,https://www.sec.gov/Archives/edgar/data/1050915/000119312524128105/d800145d8k.htm,https://data.sec.gov/submissions/CIK0001050915.json
PWR,1050915,8-K,2024-03-08,2024-03-08T22:05:32+00:00,2024-03-08 17:05:32-05:00,2024-03-08T22:20:32+00:00,15,acceptance recorded,2024-03-04,"5.02,9.01",False,8-K item not on the candidate list,False,True,https://www.sec.gov/Archives/edgar/data/1050915/000119312524063768/d808539d8k.htm,https://data.sec.gov/submissions/CIK0001050915.json
PWR,1050915,10-K,2024-02-22,2024-02-22T14:56:10+00:00,2024-02-22 09:56:10-05:00,2024-02-22T15:11:10+00:00,15,acceptance recorded,2023-12-31,,True,periodic report,False,True,https://www.sec.gov/Archives/edgar/data/1050915/000105091524000009/pwr-20231231.htm,https://data.sec.gov/submissions/CIK0001050915.json
PWR,1050915,8-K,2024-02-22,2024-02-22T11:58:30+00:00,2024-02-22 06:58:30-05:00,2024-02-22T12:13:30+00:00,15,acceptance recorded,2024-02-22,"2.02,7.01,9.01",True,"8-K items 2.02, 7.01",False,True,https://www.sec.gov/Archives/edgar/data/1050915/000119312524042070/d743849d8k.htm,https://data.sec.gov/submissions/CIK0001050915.json
PWR,1050915,10-Q,2023-11-02,2023-11-02T14:03:08+00:00,2023-11-02 10:03:08-04:00,2023-11-02T14:18:08+00:00,15,acceptance recorded,2023-09-30,,True,periodic report,False,True,https://www.sec.gov/Archives/edgar/data/1050915/000105091523000164/pwr-20230930.htm,https://data.sec.gov/submissions/CIK0001050915.json
PWR,1050915,8-K,2023-11-02,2023-11-02T10:58:29+00:00,2023-11-02 06:58:29-04:00,2023-11-02T11:13:29+00:00,15,acceptance recorded,2023-11-02,"2.02,7.01,9.01",True,"8-K items 2.02, 7.01",False,True,https://www.sec.gov/Archives/edgar/data/1050915/000119312523268784/d460515d8k.htm,https://data.sec.gov/submissions/CIK0001050915.json
PWR,1050915,8-K,2023-09-28,2023-09-28T20:15:51+00:00,2023-09-28 16:15:51-04:00,2023-09-28T20:30:51+00:00,15,acceptance recorded,2023-09-26,2.03,False,8-K item not on the candidate list,False,True,https://www.sec.gov/Archives/edgar/data/1050915/000119312523245650/d551553d8k.htm,https://data.sec.gov/submissions/CIK0001050915.json
PWR,1050915,10-Q,2023-08-03,2023-08-03T14:23:22+00:00,2023-08-03 10:23:22-04:00,2023-08-03T14:38:22+00:00,15,acceptance recorded,2023-06-30,,True,periodic report,False,True,https://www.sec.gov/Archives/edgar/data/1050915/000105091523000150/pwr-20230630.htm,https://data.sec.gov/submissions/CIK0001050915.json
PWR,1050915,8-K,2023-08-03,2023-08-03T10:58:30+00:00,2023-08-03 06:58:30-04:00,2023-08-03T11:13:30+00:00,15,acceptance recorded,2023-08-01,"2.02,5.02,7.01,9.01",True,"8-K items 2.02, 7.01",False,True,https://www.sec.gov/Archives/edgar/data/1050915/000119312523202254/d470531d8k.htm,https://data.sec.gov/submissions/CIK0001050915.json
PWR,1050915,8-K,2023-06-30,2023-06-30T20:15:31+00:00,2023-06-30 16:15:31-04:00,2023-06-30T20:30:31+00:00,15,acceptance recorded,2023-06-26,"5.02,7.01,9.01",True,8-K items 7.01,False,True,https://www.sec.gov/Archives/edgar/data/1050915/000119312523180422/d519773d8k.htm,https://data.sec.gov/submissions/CIK0001050915.json
PWR,1050915,8-K,2023-05-30,2023-05-30T20:16:07+00:00,2023-05-30 16:16:07-04:00,2023-05-30T20:31:07+00:00,15,acceptance recorded,2023-05-23,"5.07,8.01,9.01",True,8-K items 8.01,False,True,https://www.sec.gov/Archives/edgar/data/1050915/000119312523156591/d300399d8k.htm,https://data.sec.gov/submissions/CIK0001050915.json
PWR,1050915,10-Q,2023-05-04,2023-05-04T14:08:00+00:00,2023-05-04 10:08:00-04:00,2023-05-04T14:23:00+00:00,15,acceptance recorded,2023-03-31,,True,periodic report,False,True,https://www.sec.gov/Archives/edgar/data/1050915/000105091523000080/pwr-20230331.htm,https://data.sec.gov/submissions/CIK0001050915.json
PWR,1050915,8-K,2023-05-04,2023-05-04T10:59:04+00:00,2023-05-04 06:59:04-04:00,2023-05-04T11:14:04+00:00,15,acceptance recorded,2023-05-04,"2.02,7.01,9.01",True,"8-K items 2.02, 7.01",False,True,https://www.sec.gov/Archives/edgar/data/1050915/000119312523134996/d20434d8k.htm,https://data.sec.gov/submissions/CIK0001050915.json
PWR,1050915,8-K,2023-03-31,2023-03-31T20:18:02+00:00,2023-03-31 16:18:02-04:00,2023-03-31T20:33:02+00:00,15,acceptance recorded,2023-03-27,5.02,False,8-K item not on the candidate list,False,True,https://www.sec.gov/Archives/edgar/data/1050915/000119312523088091/d491425d8k.htm,https://data.sec.gov/submissions/CIK0001050915.json
PWR,1050915,8-K,2023-03-14,2023-03-14T21:07:04+00:00,2023-03-14 17:07:04-04:00,2023-03-14T21:22:04+00:00,15,acceptance recorded,2023-03-09,"5.02,9.01",False,8-K item not on the candidate list,False,True,https://www.sec.gov/Archives/edgar/data/1050915/000119312523070235/d485507d8k.htm,https://data.sec.gov/submissions/CIK0001050915.json
PWR,1050915,10-K,2023-02-23,2023-02-23T15:03:37+00:00,2023-02-23 10:03:37-05:00,2023-02-23T15:18:37+00:00,15,acceptance recorded,2022-12-31,,True,periodic report,False,True,https://www.sec.gov/Archives/edgar/data/1050915/000105091523000010/pwr-20221231.htm,https://data.sec.gov/submissions/CIK0001050915.json
PWR,1050915,8-K,2023-02-23,2023-02-23T11:59:05+00:00,2023-02-23 06:59:05-05:00,2023-02-23T12:14:05+00:00,15,acceptance recorded,2023-02-23,"2.02,7.01,9.01",True,"8-K items 2.02, 7.01",False,True,https://www.sec.gov/Archives/edgar/data/1050915/000119312523045600/d440666d8k.htm,https://data.sec.gov/submissions/CIK0001050915.json
PWR,1050915,8-K,2023-01-19,2023-01-19T21:16:34+00:00,2023-01-19 16:16:34-05:00,2023-01-19T21:31:34+00:00,15,acceptance recorded,2023-01-13,"5.03,9.01",False,8-K item not on the candidate list,False,True,https://www.sec.gov/Archives/edgar/data/1050915/000119312523010969/d439875d8k.htm,https://data.sec.gov/submissions/CIK0001050915.json
PWR,1050915,10-Q,2022-11-04,2022-11-03T22:25:41+00:00,2022-11-03 18:25:41-04:00,2022-11-03T22:40:41+00:00,15,acceptance recorded,2022-09-30,,True,periodic report,False,True,https://www.sec.gov/Archives/edgar/data/1050915/000105091522000122/pwr-20220930.htm,https://data.sec.gov/submissions/CIK0001050915.json
PWR,1050915,8-K,2022-11-03,2022-11-03T10:58:35+00:00,2022-11-03 06:58:35-04:00,2022-11-03T11:13:35+00:00,15,acceptance recorded,2022-11-03,"2.02,7.01,9.01",True,"8-K items 2.02, 7.01",False,True,https://www.sec.gov/Archives/edgar/data/1050915/000119312522276351/d393606d8k.htm,https://data.sec.gov/submissions/CIK0001050915.json
PWR,1050915,8-K,2022-08-24,2022-08-24T10:40:35+00:00,2022-08-24 06:40:35-04:00,2022-08-24T10:55:35+00:00,15,acceptance recorded,2022-08-23,"1.01,2.03,9.01",True,8-K items 1.01,False,True,https://www.sec.gov/Archives/edgar/data/1050915/000119312522228039/d351102d8k.htm,https://data.sec.gov/submissions/CIK0001050915.json
PWR,1050915,8-K,2022-08-10,2022-08-10T20:16:26+00:00,2022-08-10 16:16:26-04:00,2022-08-10T20:31:26+00:00,15,acceptance recorded,2022-08-05,8.01,True,8-K items 8.01,False,True,https://www.sec.gov/Archives/edgar/data/1050915/000119312522217370/d381476d8k.htm,https://data.sec.gov/submissions/CIK0001050915.json
PWR,1050915,10-Q,2022-08-04,2022-08-04T14:13:37+00:00,2022-08-04 10:13:37-04:00,2022-08-04T14:28:37+00:00,15,acceptance recorded,2022-06-30,,True,periodic report,False,True,https://www.sec.gov/Archives/edgar/data/1050915/000105091522000116/pwr-20220630.htm,https://data.sec.gov/submissions/CIK0001050915.json
PWR,1050915,8-K,2022-08-04,2022-08-04T10:58:05+00:00,2022-08-04 06:58:05-04:00,2022-08-04T11:13:05+00:00,15,acceptance recorded,2022-08-04,"2.02,7.01,9.01",True,"8-K items 2.02, 7.01",False,True,https://www.sec.gov/Archives/edgar/data/1050915/000119312522211788/d329028d8k.htm,https://data.sec.gov/submissions/CIK0001050915.json
PWR,1050915,8-K,2022-07-21,2022-07-21T20:32:06+00:00,2022-07-21 16:32:06-04:00,2022-07-21T20:47:06+00:00,15,acceptance recorded,2022-07-18,"5.02,7.01,9.01",True,8-K items 7.01,False,True,https://www.sec.gov/Archives/edgar/data/1050915/000119312522199198/d733474d8k.htm,https://data.sec.gov/submissions/CIK0001050915.json
PWR,1050915,8-K,2022-05-31,2022-05-31T20:36:09+00:00,2022-05-31 16:36:09-04:00,2022-05-31T20:51:09+00:00,15,acceptance recorded,2022-05-27,"5.02,5.07,9.01",False,8-K item not on the candidate list,False,True,https://www.sec.gov/Archives/edgar/data/1050915/000119312522164013/d280914d8k.htm,https://data.sec.gov/submissions/CIK0001050915.json
PWR,1050915,10-Q,2022-05-05,2022-05-05T20:27:40+00:00,2022-05-05 16:27:40-04:00,2022-05-05T20:42:40+00:00,15,acceptance recorded,2022-03-31,,True,periodic report,False,True,https://www.sec.gov/Archives/edgar/data/1050915/000105091522000078/pwr-20220331.htm,https://data.sec.gov/submissions/CIK0001050915.json
PWR,1050915,8-K,2022-05-05,2022-05-05T10:59:37+00:00,2022-05-05 06:59:37-04:00,2022-05-05T11:14:37+00:00,15,acceptance recorded,2022-05-05,"2.02,5.02,7.01,9.01",True,"8-K items 2.02, 7.01",False,True,https://www.sec.gov/Archives/edgar/data/1050915/000119312522141267/d342384d8k.htm,https://data.sec.gov/submissions/CIK0001050915.json
PWR,1050915,8-K,2022-03-08,2022-03-08T21:17:04+00:00,2022-03-08 16:17:04-05:00,2022-03-08T21:32:04+00:00,15,acceptance recorded,2022-03-02,"5.02,9.01",False,8-K item not on the candidate list,False,True,https://www.sec.gov/Archives/edgar/data/1050915/000119312522069303/d314907d8k.htm,https://data.sec.gov/submissions/CIK0001050915.json
PWR,1050915,10-K,2022-02-25,2022-02-25T22:10:27+00:00,2022-02-25 17:10:27-05:00,2022-02-25T22:25:27+00:00,15,acceptance recorded,2021-12-31,,True,periodic report,False,True,https://www.sec.gov/Archives/edgar/data/1050915/000105091522000008/pwr-20211231.htm,https://data.sec.gov/submissions/CIK0001050915.json
PWR,1050915,8-K,2022-02-24,2022-02-24T11:58:33+00:00,2022-02-24 06:58:33-05:00,2022-02-24T12:13:33+00:00,15,acceptance recorded,2022-02-24,"2.02,7.01,9.01",True,"8-K items 2.02, 7.01",False,True,https://www.sec.gov/Archives/edgar/data/1050915/000119312522051033/d116745d8k.htm,https://data.sec.gov/submissions/CIK0001050915.json
PWR,1050915,8-K/A,2022-02-16,2022-02-16T21:17:58+00:00,2022-02-16 16:17:58-05:00,2022-02-16T21:32:58+00:00,15,acceptance recorded,2022-01-26,5.02,False,8-K item not on the candidate list,False,True,https://www.sec.gov/Archives/edgar/data/1050915/000119312522044377/d282800d8ka.htm,https://data.sec.gov/submissions/CIK0001050915.json
PWR,1050915,8-K,2022-01-28,2022-01-28T21:40:19+00:00,2022-01-28 16:40:19-05:00,2022-01-28T21:55:19+00:00,15,acceptance recorded,2022-01-26,"5.02,7.01,9.01",True,8-K items 7.01,False,True,https://www.sec.gov/Archives/edgar/data/1050915/000119312522021674/d98329d8k.htm,https://data.sec.gov/submissions/CIK0001050915.json
PWR,1050915,8-K/A,2021-12-22,2021-12-22T21:10:58+00:00,2021-12-22 16:10:58-05:00,2021-12-22T21:25:58+00:00,15,acceptance recorded,2021-10-08,9.01,False,8-K item not on the candidate list,False,True,https://www.sec.gov/Archives/edgar/data/1050915/000105091521000143/pwr-20211008.htm,https://data.sec.gov/submissions/CIK0001050915.json
PWR,1050915,10-Q,2021-11-04,2021-11-04T20:59:54+00:00,2021-11-04 16:59:54-04:00,2021-11-04T21:14:54+00:00,15,acceptance recorded,2021-09-30,,True,periodic report,False,True,https://www.sec.gov/Archives/edgar/data/1050915/000105091521000114/pwr-20210930.htm,https://data.sec.gov/submissions/CIK0001050915.json
PWR,1050915,8-K,2021-11-04,2021-11-04T10:58:57+00:00,2021-11-04 06:58:57-04:00,2021-11-04T11:13:57+00:00,15,acceptance recorded,2021-11-04,"2.02,7.01,9.01",True,"8-K items 2.02, 7.01",False,True,https://www.sec.gov/Archives/edgar/data/1050915/000119312521319272/d92883d8k.htm,https://data.sec.gov/submissions/CIK0001050915.json
PWR,1050915,8-K,2021-10-15,2021-10-15T21:02:31+00:00,2021-10-15 17:02:31-04:00,2021-10-15T21:17:31+00:00,15,acceptance recorded,2021-10-08,"1.01,1.02,2.01,2.03,3.02,7.01,9.01",True,"8-K items 1.01, 1.02, 7.01",False,True,https://www.sec.gov/Archives/edgar/data/1050915/000119312521300152/d73735d8k.htm,https://data.sec.gov/submissions/CIK0001050915.json
PWR,1050915,8-K,2021-09-23,2021-09-23T20:22:04+00:00,2021-09-23 16:22:04-04:00,2021-09-23T20:37:04+00:00,15,acceptance recorded,2021-09-23,"1.01,2.03,9.01",True,8-K items 1.01,False,True,https://www.sec.gov/Archives/edgar/data/1050915/000119312521280711/d224279d8k.htm,https://data.sec.gov/submissions/CIK0001050915.json
PWR,1050915,8-K,2021-09-10,2021-09-10T20:42:04+00:00,2021-09-10 16:42:04-04:00,2021-09-10T20:57:04+00:00,15,acceptance recorded,2021-09-09,"1.01,7.01,9.01",True,"8-K items 1.01, 7.01",False,True,https://www.sec.gov/Archives/edgar/data/1050915/000119312521270063/d205523d8k.htm,https://data.sec.gov/submissions/CIK0001050915.json
PWR,1050915,8-K,2021-09-08,2021-09-07T23:33:01+00:00,2021-09-07 19:33:01-04:00,2021-09-07T23:48:01+00:00,15,acceptance recorded,2021-09-01,"1.01,3.02,7.01,9.01",True,"8-K items 1.01, 7.01",False,True,https://www.sec.gov/Archives/edgar/data/1050915/000119312521266919/d211565d8k.htm,https://data.sec.gov/submissions/CIK0001050915.json
PWR,1050915,10-Q,2021-08-06,2021-08-05T22:10:00+00:00,2021-08-05 18:10:00-04:00,2021-08-05T22:25:00+00:00,15,acceptance recorded,2021-06-30,,True,periodic report,False,True,https://www.sec.gov/Archives/edgar/data/1050915/000105091521000103/pwr-20210630.htm,https://data.sec.gov/submissions/CIK0001050915.json
PWR,1050915,8-K,2021-08-05,2021-08-05T10:58:57+00:00,2021-08-05 06:58:57-04:00,2021-08-05T11:13:57+00:00,15,acceptance recorded,2021-08-05,"2.02,7.01,9.01",True,"8-K items 2.02, 7.01",False,True,https://www.sec.gov/Archives/edgar/data/1050915/000119312521236940/d197635d8k.htm,https://data.sec.gov/submissions/CIK0001050915.json
PWR,1050915,8-K,2021-07-15,2021-07-15T21:01:01+00:00,2021-07-15 17:01:01-04:00,2021-07-15T21:16:01+00:00,15,acceptance recorded,2021-07-13,"5.02,7.01,9.01",True,8-K items 7.01,False,True,https://www.sec.gov/Archives/edgar/data/1050915/000119312521216497/d159777d8k.htm,https://data.sec.gov/submissions/CIK0001050915.json
PWR,1050915,8-K,2021-06-02,2021-06-02T20:45:44+00:00,2021-06-02 16:45:44-04:00,2021-06-02T21:00:44+00:00,15,acceptance recorded,2021-05-27,"5.02,5.07",False,8-K item not on the candidate list,False,True,https://www.sec.gov/Archives/edgar/data/1050915/000119312521179954/d23244d8k.htm,https://data.sec.gov/submissions/CIK0001050915.json
PWR,1050915,10-Q,2021-05-07,2021-05-07T16:33:41+00:00,2021-05-07 12:33:41-04:00,2021-05-07T16:48:41+00:00,15,acceptance recorded,2021-03-31,,True,periodic report,False,True,https://www.sec.gov/Archives/edgar/data/1050915/000105091521000072/pwr-20210331.htm,https://data.sec.gov/submissions/CIK0001050915.json
PWR,1050915,8-K,2021-05-06,2021-05-06T10:58:32+00:00,2021-05-06 06:58:32-04:00,2021-05-06T11:13:32+00:00,15,acceptance recorded,2021-05-06,"2.02,7.01,9.01",True,"8-K items 2.02, 7.01",False,True,https://www.sec.gov/Archives/edgar/data/1050915/000119312521152440/d180695d8k.htm,https://data.sec.gov/submissions/CIK0001050915.json
PWR,1050915,8-K,2021-03-30,2021-03-30T21:01:34+00:00,2021-03-30 17:01:34-04:00,2021-03-30T21:16:34+00:00,15,acceptance recorded,2021-03-25,"5.02,9.01",False,8-K item not on the candidate list,False,True,https://www.sec.gov/Archives/edgar/data/1050915/000119312521100443/d145179d8k.htm,https://data.sec.gov/submissions/CIK0001050915.json
PWR,1050915,8-K,2021-03-16,2021-03-16T21:00:35+00:00,2021-03-16 17:00:35-04:00,2021-03-16T21:15:35+00:00,15,acceptance recorded,2021-03-12,5.02,False,8-K item not on the candidate list,False,True,https://www.sec.gov/Archives/edgar/data/1050915/000119312521082968/d159158d8k.htm,https://data.sec.gov/submissions/CIK0001050915.json
PWR,1050915,10-K,2021-03-01,2021-02-26T23:54:46+00:00,2021-02-26 18:54:46-05:00,2021-02-27T00:09:46+00:00,15,acceptance recorded,2020-12-31,,True,periodic report,False,True,https://www.sec.gov/Archives/edgar/data/1050915/000105091521000009/pwr-20201231.htm,https://data.sec.gov/submissions/CIK0001050915.json
PWR,1050915,8-K,2021-02-25,2021-02-25T11:58:54+00:00,2021-02-25 06:58:54-05:00,2021-02-25T12:13:54+00:00,15,acceptance recorded,2021-02-25,"2.02,7.01,9.01",True,"8-K items 2.02, 7.01",False,True,https://www.sec.gov/Archives/edgar/data/1050915/000119312521055667/d125264d8k.htm,https://data.sec.gov/submissions/CIK0001050915.json
PWR,1050915,8-K,2021-01-08,2021-01-08T22:05:54+00:00,2021-01-08 17:05:54-05:00,2021-01-08T22:20:54+00:00,15,acceptance recorded,2021-01-06,5.02,False,8-K item not on the candidate list,False,True,https://www.sec.gov/Archives/edgar/data/1050915/000119312521005316/d835098d8k.htm,https://data.sec.gov/submissions/CIK0001050915.json
PWR,1050915,8-K,2020-12-10,2020-12-10T22:00:54+00:00,2020-12-10 17:00:54-05:00,2020-12-10T22:15:54+00:00,15,acceptance recorded,2020-12-04,5.02,False,8-K item not on the candidate list,False,True,https://www.sec.gov/Archives/edgar/data/1050915/000119312520314975/d45763d8k.htm,https://data.sec.gov/submissions/CIK0001050915.json
PWR,1050915,10-Q,2020-11-02,2020-10-30T22:34:47+00:00,2020-10-30 18:34:47-04:00,2020-10-30T22:49:47+00:00,15,acceptance recorded,2020-09-30,,True,periodic report,False,True,https://www.sec.gov/Archives/edgar/data/1050915/000105091520000107/pwr-20200930.htm,https://data.sec.gov/submissions/CIK0001050915.json
PWR,1050915,8-K,2020-10-29,2020-10-29T10:58:54+00:00,2020-10-29 06:58:54-04:00,2020-10-29T11:13:54+00:00,15,acceptance recorded,2020-10-29,"2.02,7.01,9.01",True,"8-K items 2.02, 7.01",False,True,https://www.sec.gov/Archives/edgar/data/1050915/000119312520280411/d63599d8k.htm,https://data.sec.gov/submissions/CIK0001050915.json
PWR,1050915,8-K,2020-09-25,2020-09-25T20:50:05+00:00,2020-09-25 16:50:05-04:00,2020-09-25T21:05:05+00:00,15,acceptance recorded,2020-09-22,"1.01,1.02,2.03,8.01,9.01",True,"8-K items 1.01, 1.02, 8.01",False,True,https://www.sec.gov/Archives/edgar/data/1050915/000119312520254673/d940038d8k.htm,https://data.sec.gov/submissions/CIK0001050915.json
PWR,1050915,8-K,2020-09-22,2020-09-22T21:16:04+00:00,2020-09-22 17:16:04-04:00,2020-09-22T21:31:04+00:00,15,acceptance recorded,2020-09-17,"1.01,9.01",True,8-K items 1.01,False,True,https://www.sec.gov/Archives/edgar/data/1050915/000119312520251416/d71053d8k.htm,https://data.sec.gov/submissions/CIK0001050915.json
PWR,1050915,10-Q,2020-08-07,2020-08-08T00:25:23+00:00,2020-08-07 20:25:23-04:00,2020-08-08T00:40:23+00:00,15,acceptance recorded,2020-06-30,,True,periodic report,False,True,https://www.sec.gov/Archives/edgar/data/1050915/000105091520000100/pwr06-30x202010xq.htm,https://data.sec.gov/submissions/CIK0001050915.json
PWR,1050915,8-K,2020-08-06,2020-08-06T10:58:32+00:00,2020-08-06 06:58:32-04:00,2020-08-06T11:13:32+00:00,15,acceptance recorded,2020-08-06,"2.02,7.01,9.01",True,"8-K items 2.02, 7.01",False,True,https://www.sec.gov/Archives/edgar/data/1050915/000119312520211280/d722876d8k.htm,https://data.sec.gov/submissions/CIK0001050915.json
PWR,1050915,8-K,2020-06-02,2020-06-02T20:45:43+00:00,2020-06-02 16:45:43-04:00,2020-06-02T21:00:43+00:00,15,acceptance recorded,2020-05-27,"5.07,8.01,9.01",True,8-K items 8.01,False,True,https://www.sec.gov/Archives/edgar/data/1050915/000119312520158581/d929978d8k.htm,https://data.sec.gov/submissions/CIK0001050915.json
PWR,1050915,10-Q,2020-05-08,2020-05-08T20:52:01+00:00,2020-05-08 16:52:01-04:00,2020-05-08T21:07:01+00:00,15,acceptance recorded,2020-03-31,,True,periodic report,False,True,https://www.sec.gov/Archives/edgar/data/1050915/000105091520000073/pwr03-31x202010xq.htm,https://data.sec.gov/submissions/CIK0001050915.json
PWR,1050915,8-K,2020-05-07,2020-05-07T10:57:14+00:00,2020-05-07 06:57:14-04:00,2020-05-07T11:12:14+00:00,15,acceptance recorded,2020-05-07,"2.02,7.01,9.01",True,"8-K items 2.02, 7.01",False,True,https://www.sec.gov/Archives/edgar/data/1050915/000119312520135551/d889801d8k.htm,https://data.sec.gov/submissions/CIK0001050915.json
PWR,1050915,8-K,2020-04-01,2020-04-01T21:07:09+00:00,2020-04-01 17:07:09-04:00,2020-04-01T21:22:09+00:00,15,acceptance recorded,2020-03-26,"5.02,9.01",False,8-K item not on the candidate list,False,True,https://www.sec.gov/Archives/edgar/data/1050915/000119312520094763/d909752d8k.htm,https://data.sec.gov/submissions/CIK0001050915.json
PWR,1050915,10-K,2020-02-28,2020-02-28T22:10:05+00:00,2020-02-28 17:10:05-05:00,2020-02-28T22:25:05+00:00,15,acceptance recorded,2019-12-31,,True,periodic report,False,True,https://www.sec.gov/Archives/edgar/data/1050915/000105091520000020/pwr-123119x10k.htm,https://data.sec.gov/submissions/CIK0001050915.json
PWR,1050915,8-K,2020-02-27,2020-02-27T11:57:40+00:00,2020-02-27 06:57:40-05:00,2020-02-27T12:12:40+00:00,15,acceptance recorded,2020-02-27,"2.02,7.01,9.01",True,"8-K items 2.02, 7.01",False,True,https://www.sec.gov/Archives/edgar/data/1050915/000119312520050982/d889984d8k.htm,https://data.sec.gov/submissions/CIK0001050915.json
PWR,1050915,10-Q,2019-11-01,2019-11-01T20:38:17+00:00,2019-11-01 16:38:17-04:00,2019-11-01T20:53:17+00:00,15,acceptance recorded,2019-09-30,,True,periodic report,False,True,https://www.sec.gov/Archives/edgar/data/1050915/000105091519000081/pwr9-30x201910xq.htm,https://data.sec.gov/submissions/CIK0001050915.json
PWR,1050915,8-K,2019-10-31,2019-10-31T10:58:04+00:00,2019-10-31 06:58:04-04:00,2019-10-31T11:13:04+00:00,15,acceptance recorded,2019-10-31,"2.02,9.01",True,8-K items 2.02,False,True,https://www.sec.gov/Archives/edgar/data/1050915/000119312519279565/d798791d8k.htm,https://data.sec.gov/submissions/CIK0001050915.json
PWR,1050915,8-K,2019-10-11,2019-10-11T21:03:13+00:00,2019-10-11 17:03:13-04:00,2019-10-11T21:18:13+00:00,15,acceptance recorded,2019-10-07,"5.02,7.01,9.01",True,8-K items 7.01,False,True,https://www.sec.gov/Archives/edgar/data/1050915/000119312519266827/d792772d8k.htm,https://data.sec.gov/submissions/CIK0001050915.json
PWR,1050915,8-K,2019-09-09,2019-09-09T10:50:40+00:00,2019-09-09 06:50:40-04:00,2019-09-09T11:05:40+00:00,15,acceptance recorded,2019-09-06,"1.01,2.03,9.01",True,8-K items 1.01,False,True,https://www.sec.gov/Archives/edgar/data/1050915/000119312519240442/d766288d8k.htm,https://data.sec.gov/submissions/CIK0001050915.json
PWR,1050915,8-K,2019-08-06,2019-08-06T20:50:10+00:00,2019-08-06 16:50:10-04:00,2019-08-06T21:05:10+00:00,15,acceptance recorded,2019-07-31,"5.02,9.01",False,8-K item not on the candidate list,False,True,https://www.sec.gov/Archives/edgar/data/1050915/000119312519214167/d788242d8k.htm,https://data.sec.gov/submissions/CIK0001050915.json
PWR,1050915,10-Q,2019-08-02,2019-08-02T21:10:36+00:00,2019-08-02 17:10:36-04:00,2019-08-02T21:25:36+00:00,15,acceptance recorded,2019-06-30,,True,periodic report,False,True,https://www.sec.gov/Archives/edgar/data/1050915/000105091519000074/pwr6-30x201910xq.htm,https://data.sec.gov/submissions/CIK0001050915.json
PWR,1050915,8-K,2019-08-01,2019-08-01T10:57:33+00:00,2019-08-01 06:57:33-04:00,2019-08-01T11:12:33+00:00,15,acceptance recorded,2019-08-01,"2.02,9.01",True,8-K items 2.02,False,True,https://www.sec.gov/Archives/edgar/data/1050915/000119312519209637/d783285d8k.htm,https://data.sec.gov/submissions/CIK0001050915.json
PWR,1050915,8-K,2019-05-24,2019-05-24T21:11:03+00:00,2019-05-24 17:11:03-04:00,2019-05-24T21:26:03+00:00,15,acceptance recorded,2019-05-22,"5.02,5.07,8.01,9.01",True,8-K items 8.01,False,True,https://www.sec.gov/Archives/edgar/data/1050915/000119312519157174/d765169d8k.htm,https://data.sec.gov/submissions/CIK0001050915.json
PWR,1050915,10-Q,2019-05-06,2019-05-06T18:10:43+00:00,2019-05-06 14:10:43-04:00,2019-05-06T18:25:43+00:00,15,acceptance recorded,2019-03-31,,True,periodic report,False,True,https://www.sec.gov/Archives/edgar/data/1050915/000105091519000049/pwr3-31x201910xq.htm,https://data.sec.gov/submissions/CIK0001050915.json
PWR,1050915,8-K,2019-05-02,2019-05-02T10:57:56+00:00,2019-05-02 06:57:56-04:00,2019-05-02T11:12:56+00:00,15,acceptance recorded,2019-05-02,"2.02,9.01",True,8-K items 2.02,False,True,https://www.sec.gov/Archives/edgar/data/1050915/000119312519133793/d738842d8k.htm,https://data.sec.gov/submissions/CIK0001050915.json
PWR,1050915,8-K,2019-03-26,2019-03-26T21:04:03+00:00,2019-03-26 17:04:03-04:00,2019-03-26T21:19:03+00:00,15,acceptance recorded,2019-03-22,"5.03,8.01,9.01",True,8-K items 8.01,False,True,https://www.sec.gov/Archives/edgar/data/1050915/000119312519086712/d727794d8k.htm,https://data.sec.gov/submissions/CIK0001050915.json
PWR,1050915,8-K,2019-03-14,2019-03-14T20:45:02+00:00,2019-03-14 16:45:02-04:00,2019-03-14T21:00:02+00:00,15,acceptance recorded,2019-03-08,"5.02,9.01",False,8-K item not on the candidate list,False,True,https://www.sec.gov/Archives/edgar/data/1050915/000119312519074892/d698396d8k.htm,https://data.sec.gov/submissions/CIK0001050915.json
PWR,1050915,10-K,2019-02-28,2019-02-28T22:12:22+00:00,2019-02-28 17:12:22-05:00,2019-02-28T22:27:22+00:00,15,acceptance recorded,2018-12-31,,True,periodic report,False,True,https://www.sec.gov/Archives/edgar/data/1050915/000105091519000014/pwr-123118x10k.htm,https://data.sec.gov/submissions/CIK0001050915.json
PWR,1050915,8-K,2019-02-21,2019-02-21T11:57:03+00:00,2019-02-21 06:57:03-05:00,2019-02-21T12:12:03+00:00,15,acceptance recorded,2019-02-21,"2.02,9.01",True,8-K items 2.02,False,True,https://www.sec.gov/Archives/edgar/data/1050915/000119312519046147/d708430d8k.htm,https://data.sec.gov/submissions/CIK0001050915.json
PWR,1050915,8-K,2018-12-11,2018-12-11T22:04:34+00:00,2018-12-11 17:04:34-05:00,2018-12-11T22:19:34+00:00,15,acceptance recorded,2018-12-06,"1.01,5.03,8.01,9.01",True,"8-K items 1.01, 8.01",False,True,https://www.sec.gov/Archives/edgar/data/1050915/000119312518347045/d547415d8k.htm,https://data.sec.gov/submissions/CIK0001050915.json
PWR,1050915,10-Q,2018-11-07,2018-11-07T21:48:11+00:00,2018-11-07 16:48:11-05:00,2018-11-07T22:03:11+00:00,15,acceptance recorded,2018-09-30,,True,periodic report,False,True,https://www.sec.gov/Archives/edgar/data/1050915/000105091518000065/pwr9-30x201810xq.htm,https://data.sec.gov/submissions/CIK0001050915.json
PWR,1050915,8-K,2018-11-01,2018-11-01T10:58:05+00:00,2018-11-01 06:58:05-04:00,2018-11-01T11:13:05+00:00,15,acceptance recorded,2018-11-01,"2.02,9.01",True,8-K items 2.02,False,True,https://www.sec.gov/Archives/edgar/data/1050915/000119312518314716/d634154d8k.htm,https://data.sec.gov/submissions/CIK0001050915.json
PWR,1050915,8-K,2018-10-15,2018-10-15T20:58:38+00:00,2018-10-15 16:58:38-04:00,2018-10-15T21:13:38+00:00,15,acceptance recorded,2018-10-10,"1.01,2.03,9.01",True,8-K items 1.01,False,True,https://www.sec.gov/Archives/edgar/data/1050915/000119312518299299/d634676d8k.htm,https://data.sec.gov/submissions/CIK0001050915.json
PWR,1050915,10-Q,2018-08-07,2018-08-07T20:26:16+00:00,2018-08-07 16:26:16-04:00,2018-08-07T20:41:16+00:00,15,acceptance recorded,2018-06-30,,True,periodic report,False,True,https://www.sec.gov/Archives/edgar/data/1050915/000105091518000061/pwr6-30x201810xq.htm,https://data.sec.gov/submissions/CIK0001050915.json
PWR,1050915,8-K,2018-08-02,2018-08-02T11:00:06+00:00,2018-08-02 07:00:06-04:00,2018-08-02T11:15:06+00:00,15,acceptance recorded,2018-08-02,"2.02,9.01",True,8-K items 2.02,False,True,https://www.sec.gov/Archives/edgar/data/1050915/000119312518235583/d559960d8k.htm,https://data.sec.gov/submissions/CIK0001050915.json
PWR,1050915,8-K,2018-05-30,2018-05-30T20:30:59+00:00,2018-05-30 16:30:59-04:00,2018-05-30T20:45:59+00:00,15,acceptance recorded,2018-05-24,"5.02,5.07,9.01",False,8-K item not on the candidate list,False,True,https://www.sec.gov/Archives/edgar/data/1050915/000119312518178558/d595183d8k.htm,https://data.sec.gov/submissions/CIK0001050915.json
PWR,1050915,10-Q,2018-05-09,2018-05-09T18:52:17+00:00,2018-05-09 14:52:17-04:00,2018-05-09T19:07:17+00:00,15,acceptance recorded,2018-03-31,,True,periodic report,False,True,https://www.sec.gov/Archives/edgar/data/1050915/000105091518000027/pwr3-31x201810xq.htm,https://data.sec.gov/submissions/CIK0001050915.json
PWR,1050915,8-K,2018-05-03,2018-05-03T10:51:56+00:00,2018-05-03 06:51:56-04:00,2018-05-03T11:06:56+00:00,15,acceptance recorded,2018-05-03,"2.02,9.01",True,8-K items 2.02,False,True,https://www.sec.gov/Archives/edgar/data/1050915/000119312518149474/d577503d8k.htm,https://data.sec.gov/submissions/CIK0001050915.json
PWR,1050915,8-K,2018-03-21,2018-03-21T21:17:55+00:00,2018-03-21 17:17:55-04:00,2018-03-21T21:32:55+00:00,15,acceptance recorded,2018-03-15,5.02,False,8-K item not on the candidate list,False,True,https://www.sec.gov/Archives/edgar/data/1050915/000119312518090833/d556116d8k.htm,https://data.sec.gov/submissions/CIK0001050915.json
PWR,1050915,8-K,2018-03-02,2018-03-02T22:04:57+00:00,2018-03-02 17:04:57-05:00,2018-03-02T22:19:57+00:00,15,acceptance recorded,2018-02-27,"5.02,9.01",False,8-K item not on the candidate list,False,True,https://www.sec.gov/Archives/edgar/data/1050915/000119312518069032/d737892d8k.htm,https://data.sec.gov/submissions/CIK0001050915.json
PWR,1050915,10-K,2018-02-28,2018-02-28T21:18:55+00:00,2018-02-28 16:18:55-05:00,2018-02-28T21:33:55+00:00,15,acceptance recorded,2017-12-31,,True,periodic report,False,True,https://www.sec.gov/Archives/edgar/data/1050915/000105091518000003/pwr-123117x10k.htm,https://data.sec.gov/submissions/CIK0001050915.json
PWR,1050915,8-K,2018-02-22,2018-02-22T11:58:56+00:00,2018-02-22 06:58:56-05:00,2018-02-22T12:13:56+00:00,15,acceptance recorded,2018-02-22,"2.02,9.01",True,8-K items 2.02,False,True,https://www.sec.gov/Archives/edgar/data/1050915/000119312518053049/d541969d8k.htm,https://data.sec.gov/submissions/CIK0001050915.json
PWR,1050915,10-Q,2017-11-09,2017-11-09T20:25:41+00:00,2017-11-09 15:25:41-05:00,2017-11-09T20:40:41+00:00,15,acceptance recorded,2017-09-30,,True,periodic report,False,True,https://www.sec.gov/Archives/edgar/data/1050915/000105091517000057/pwr9-30x201710xq.htm,https://data.sec.gov/submissions/CIK0001050915.json
PWR,1050915,8-K,2017-11-06,2017-11-06T21:44:56+00:00,2017-11-06 16:44:56-05:00,2017-11-06T21:59:56+00:00,15,acceptance recorded,2017-10-31,"1.01,2.03,9.01",True,8-K items 1.01,False,True,https://www.sec.gov/Archives/edgar/data/1050915/000119312517334394/d471826d8k.htm,https://data.sec.gov/submissions/CIK0001050915.json
PWR,1050915,8-K,2017-11-02,2017-11-02T10:56:06+00:00,2017-11-02 06:56:06-04:00,2017-11-02T11:11:06+00:00,15,acceptance recorded,2017-11-02,"2.02,9.01",True,8-K items 2.02,False,True,https://www.sec.gov/Archives/edgar/data/1050915/000119312517330213/d482711d8k.htm,https://data.sec.gov/submissions/CIK0001050915.json
PWR,1050915,10-Q,2017-08-08,2017-08-08T21:08:24+00:00,2017-08-08 17:08:24-04:00,2017-08-08T21:23:24+00:00,15,acceptance recorded,2017-06-30,,True,periodic report,False,True,https://www.sec.gov/Archives/edgar/data/1050915/000105091517000031/pwr6-30x201710xq.htm,https://data.sec.gov/submissions/CIK0001050915.json
PWR,1050915,8-K,2017-08-03,2017-08-03T11:11:56+00:00,2017-08-03 07:11:56-04:00,2017-08-03T11:26:56+00:00,15,acceptance recorded,2017-08-03,"2.02,9.01",True,8-K items 2.02,False,True,https://www.sec.gov/Archives/edgar/data/1050915/000119312517246716/d627605d8k.htm,https://data.sec.gov/submissions/CIK0001050915.json
PWR,1050915,8-K,2017-07-26,2017-07-26T20:51:04+00:00,2017-07-26 16:51:04-04:00,2017-07-26T21:06:04+00:00,15,acceptance recorded,2017-07-20,"3.02,8.01",True,8-K items 8.01,False,True,https://www.sec.gov/Archives/edgar/data/1050915/000119312517236619/d239928d8k.htm,https://data.sec.gov/submissions/CIK0001050915.json
PWR,1050915,8-K,2017-05-26,2017-05-26T21:19:33+00:00,2017-05-26 17:19:33-04:00,2017-05-26T21:34:33+00:00,15,acceptance recorded,2017-05-23,"5.02,5.07,7.01,8.01,9.01",True,"8-K items 7.01, 8.01",False,True,https://www.sec.gov/Archives/edgar/data/1050915/000119312517185772/d395994d8k.htm,https://data.sec.gov/submissions/CIK0001050915.json
PWR,1050915,10-Q,2017-05-09,2017-05-09T21:23:10+00:00,2017-05-09 17:23:10-04:00,2017-05-09T21:38:10+00:00,15,acceptance recorded,2017-03-31,,True,periodic report,False,True,https://www.sec.gov/Archives/edgar/data/1050915/000119312517164407/d353659d10q.htm,https://data.sec.gov/submissions/CIK0001050915.json
PWR,1050915,8-K,2017-05-04,2017-05-04T10:11:03+00:00,2017-05-04 06:11:03-04:00,2017-05-04T10:26:03+00:00,15,acceptance recorded,2017-05-04,"2.02,9.01",True,8-K items 2.02,False,True,https://www.sec.gov/Archives/edgar/data/1050915/000119312517157154/d383679d8k.htm,https://data.sec.gov/submissions/CIK0001050915.json
PWR,1050915,10-K,2017-03-01,2017-03-01T18:07:31+00:00,2017-03-01 13:07:31-05:00,2017-03-01T18:22:31+00:00,15,acceptance recorded,2016-12-31,,True,periodic report,False,True,https://www.sec.gov/Archives/edgar/data/1050915/000119312517064821/d295903d10k.htm,https://data.sec.gov/submissions/CIK0001050915.json
PWR,1050915,8-K,2017-02-21,2017-02-21T11:12:56+00:00,2017-02-21 06:12:56-05:00,2017-02-21T11:27:56+00:00,15,acceptance recorded,2017-02-21,"2.02,9.01",True,8-K items 2.02,False,True,https://www.sec.gov/Archives/edgar/data/1050915/000119312517049180/d348105d8k.htm,https://data.sec.gov/submissions/CIK0001050915.json
PWR,1050915,10-Q,2016-11-08,2016-11-08T21:09:08+00:00,2016-11-08 16:09:08-05:00,2016-11-08T21:24:08+00:00,15,acceptance recorded,2016-09-30,,True,periodic report,False,True,https://www.sec.gov/Archives/edgar/data/1050915/000119312516762970/d252110d10q.htm,https://data.sec.gov/submissions/CIK0001050915.json
PWR,1050915,8-K,2016-11-03,2016-11-03T10:13:02+00:00,2016-11-03 06:13:02-04:00,2016-11-03T10:28:02+00:00,15,acceptance recorded,2016-11-03,"2.02,9.01",True,8-K items 2.02,False,True,https://www.sec.gov/Archives/edgar/data/1050915/000119312516757918/d270455d8k.htm,https://data.sec.gov/submissions/CIK0001050915.json
PWR,1050915,8-K,2016-09-08,2016-09-08T20:25:02+00:00,2016-09-08 16:25:02-04:00,2016-09-08T20:40:02+00:00,15,acceptance recorded,2016-09-01,"5.02,9.01",False,8-K item not on the candidate list,False,True,https://www.sec.gov/Archives/edgar/data/1050915/000119312516705198/d253011d8k.htm,https://data.sec.gov/submissions/CIK0001050915.json
PWR,1050915,10-Q,2016-08-08,2016-08-08T20:55:09+00:00,2016-08-08 16:55:09-04:00,2016-08-08T21:10:09+00:00,15,acceptance recorded,2016-06-30,,True,periodic report,False,True,https://www.sec.gov/Archives/edgar/data/1050915/000119312516675265/d196610d10q.htm,https://data.sec.gov/submissions/CIK0001050915.json
PWR,1050915,8-K,2016-08-04,2016-08-04T10:10:56+00:00,2016-08-04 06:10:56-04:00,2016-08-04T10:25:56+00:00,15,acceptance recorded,2016-08-04,"2.02,9.01",True,8-K items 2.02,False,True,https://www.sec.gov/Archives/edgar/data/1050915/000119312516670853/d231264d8k.htm,https://data.sec.gov/submissions/CIK0001050915.json
PWR,1050915,8-K,2016-07-19,2016-07-19T20:40:56+00:00,2016-07-19 16:40:56-04:00,2016-07-19T20:55:56+00:00,15,acceptance recorded,2016-07-14,5.02,False,8-K item not on the candidate list,False,True,https://www.sec.gov/Archives/edgar/data/1050915/000119312516651234/d228269d8k.htm,https://data.sec.gov/submissions/CIK0001050915.json
PWR,1050915,8-K,2016-06-01,2016-06-01T21:29:37+00:00,2016-06-01 17:29:37-04:00,2016-06-01T21:44:37+00:00,15,acceptance recorded,2016-05-26,5.07,False,8-K item not on the candidate list,False,True,https://www.sec.gov/Archives/edgar/data/1050915/000119312516610109/d202723d8k.htm,https://data.sec.gov/submissions/CIK0001050915.json
PWR,1050915,10-Q,2016-05-10,2016-05-10T19:19:23+00:00,2016-05-10 15:19:23-04:00,2016-05-10T19:34:23+00:00,15,acceptance recorded,2016-03-31,,True,periodic report,False,True,https://www.sec.gov/Archives/edgar/data/1050915/000119312516585468/d135432d10q.htm,https://data.sec.gov/submissions/CIK0001050915.json
PWR,1050915,8-K,2016-05-05,2016-05-05T10:10:38+00:00,2016-05-05 06:10:38-04:00,2016-05-05T10:25:38+00:00,15,acceptance recorded,2016-05-05,"2.02,9.01",True,8-K items 2.02,False,True,https://www.sec.gov/Archives/edgar/data/1050915/000119312516578566/d163142d8k.htm,https://data.sec.gov/submissions/CIK0001050915.json
PWR,1050915,8-K,2016-04-05,2016-04-05T20:32:06+00:00,2016-04-05 16:32:06-04:00,2016-04-05T20:47:06+00:00,15,acceptance recorded,2016-03-30,"5.02,9.01",False,8-K item not on the candidate list,False,True,https://www.sec.gov/Archives/edgar/data/1050915/000119312516530814/d153492d8k.htm,https://data.sec.gov/submissions/CIK0001050915.json
PWR,1050915,8-K,2016-03-24,2016-03-24T10:27:39+00:00,2016-03-24 06:27:39-04:00,2016-03-24T10:42:39+00:00,15,acceptance recorded,2016-03-23,"5.02,7.01,9.01",True,8-K items 7.01,False,True,https://www.sec.gov/Archives/edgar/data/1050915/000119312516515821/d138045d8k.htm,https://data.sec.gov/submissions/CIK0001050915.json
PWR,1050915,8-K,2016-03-15,2016-03-15T10:32:01+00:00,2016-03-15 06:32:01-04:00,2016-03-15T10:47:01+00:00,15,acceptance recorded,2016-03-14,"5.02,7.01,9.01",True,8-K items 7.01,False,True,https://www.sec.gov/Archives/edgar/data/1050915/000119312516504224/d157844d8k.htm,https://data.sec.gov/submissions/CIK0001050915.json
PWR,1050915,10-K,2016-02-29,2016-02-29T21:51:57+00:00,2016-02-29 16:51:57-05:00,2016-02-29T22:06:57+00:00,15,acceptance recorded,2015-12-31,,True,periodic report,False,True,https://www.sec.gov/Archives/edgar/data/1050915/000119312516485494/d69866d10k.htm,https://data.sec.gov/submissions/CIK0001050915.json
PWR,1050915,8-K,2016-02-25,2016-02-25T11:18:52+00:00,2016-02-25 06:18:52-05:00,2016-02-25T11:33:52+00:00,15,acceptance recorded,2016-02-25,"2.02,9.01",True,8-K items 2.02,False,True,https://www.sec.gov/Archives/edgar/data/1050915/000119312516476790/d103098d8k.htm,https://data.sec.gov/submissions/CIK0001050915.json
PWR,1050915,8-K,2015-12-23,2015-12-23T21:54:58+00:00,2015-12-23 16:54:58-05:00,2015-12-23T22:09:58+00:00,15,acceptance recorded,2015-12-18,"1.01,2.03,9.01",True,8-K items 1.01,False,True,https://www.sec.gov/Archives/edgar/data/1050915/000119312515412933/d106967d8k.htm,https://data.sec.gov/submissions/CIK0001050915.json
PWR,1050915,10-Q,2015-11-06,2015-11-06T22:17:21+00:00,2015-11-06 17:17:21-05:00,2015-11-06T22:32:21+00:00,15,acceptance recorded,2015-09-30,,True,periodic report,False,True,https://www.sec.gov/Archives/edgar/data/1050915/000119312515370391/d69549d10q.htm,https://data.sec.gov/submissions/CIK0001050915.json
PWR,1050915,8-K,2015-11-05,2015-11-05T11:14:39+00:00,2015-11-05 06:14:39-05:00,2015-11-05T11:29:39+00:00,15,acceptance recorded,2015-11-05,"2.02,9.01",True,8-K items 2.02,False,True,https://www.sec.gov/Archives/edgar/data/1050915/000119312515367088/d41062d8k.htm,https://data.sec.gov/submissions/CIK0001050915.json
PWR,1050915,8-K,2015-10-16,2015-10-16T10:48:06+00:00,2015-10-16 06:48:06-04:00,2015-10-16T11:03:06+00:00,15,acceptance recorded,2015-10-16,"2.02,9.01",True,8-K items 2.02,False,True,https://www.sec.gov/Archives/edgar/data/1050915/000119312515345175/d70807d8k.htm,https://data.sec.gov/submissions/CIK0001050915.json
PWR,1050915,8-K,2015-08-13,2015-08-12T22:36:36+00:00,2015-08-12 18:36:36-04:00,2015-08-12T22:51:36+00:00,15,acceptance recorded,2015-08-07,"2.03,8.01,9.01",True,8-K items 8.01,False,True,https://www.sec.gov/Archives/edgar/data/1050915/000119312515288365/d61596d8k.htm,https://data.sec.gov/submissions/CIK0001050915.json
PWR,1050915,10-Q,2015-08-10,2015-08-10T19:00:06+00:00,2015-08-10 15:00:06-04:00,2015-08-10T19:15:06+00:00,15,acceptance recorded,2015-06-30,,True,periodic report,False,True,https://www.sec.gov/Archives/edgar/data/1050915/000119312515284664/d928298d10q.htm,https://data.sec.gov/submissions/CIK0001050915.json
PWR,1050915,8-K,2015-08-10,2015-08-10T18:46:00+00:00,2015-08-10 14:46:00-04:00,2015-08-10T19:01:00+00:00,15,acceptance recorded,2015-08-04,"2.01,9.01",False,8-K item not on the candidate list,False,True,https://www.sec.gov/Archives/edgar/data/1050915/000119312515284616/d80279d8k.htm,https://data.sec.gov/submissions/CIK0001050915.json
PWR,1050915,8-K,2015-08-05,2015-08-05T10:11:54+00:00,2015-08-05 06:11:54-04:00,2015-08-05T10:26:54+00:00,15,acceptance recorded,2015-08-05,"2.02,7.01,9.01",True,"8-K items 2.02, 7.01",False,True,https://www.sec.gov/Archives/edgar/data/1050915/000119312515277549/d24110d8k.htm,https://data.sec.gov/submissions/CIK0001050915.json
PWR,1050915,8-K,2015-08-05,2015-08-05T10:08:09+00:00,2015-08-05 06:08:09-04:00,2015-08-05T10:23:09+00:00,15,acceptance recorded,2015-08-04,"2.02,9.01",True,8-K items 2.02,False,True,https://www.sec.gov/Archives/edgar/data/1050915/000119312515277536/d19349d8k.htm,https://data.sec.gov/submissions/CIK0001050915.json
PWR,1050915,8-K,2015-05-22,2015-05-22T20:13:35+00:00,2015-05-22 16:13:35-04:00,2015-05-22T20:28:35+00:00,15,acceptance recorded,2015-05-21,5.07,False,8-K item not on the candidate list,False,True,https://www.sec.gov/Archives/edgar/data/1050915/000119312515198704/d930372d8k.htm,https://data.sec.gov/submissions/CIK0001050915.json
PWR,1050915,10-Q,2015-05-08,2015-05-08T20:15:02+00:00,2015-05-08 16:15:02-04:00,2015-05-08T20:30:02+00:00,15,acceptance recorded,2015-03-31,,True,periodic report,False,True,https://www.sec.gov/Archives/edgar/data/1050915/000119312515179586/d900758d10q.htm,https://data.sec.gov/submissions/CIK0001050915.json
PWR,1050915,8-K,2015-05-04,2015-05-04T21:24:00+00:00,2015-05-04 17:24:00-04:00,2015-05-04T21:39:00+00:00,15,acceptance recorded,2015-04-29,"1.01,9.01",True,8-K items 1.01,False,True,https://www.sec.gov/Archives/edgar/data/1050915/000119312515169318/d919974d8k.htm,https://data.sec.gov/submissions/CIK0001050915.json
PWR,1050915,8-K,2015-04-30,2015-04-30T10:10:33+00:00,2015-04-30 06:10:33-04:00,2015-04-30T10:25:33+00:00,15,acceptance recorded,2015-04-30,"2.02,7.01,9.01",True,"8-K items 2.02, 7.01",False,True,https://www.sec.gov/Archives/edgar/data/1050915/000119312515158556/d916062d8k.htm,https://data.sec.gov/submissions/CIK0001050915.json
PWR,1050915,8-K,2015-03-11,2015-03-11T20:16:04+00:00,2015-03-11 16:16:04-04:00,2015-03-11T20:31:04+00:00,15,acceptance recorded,2015-03-05,"5.02,9.01",False,8-K item not on the candidate list,False,True,https://www.sec.gov/Archives/edgar/data/1050915/000119312515087370/d889040d8k.htm,https://data.sec.gov/submissions/CIK0001050915.json
PWR,1050915,10-K,2015-03-02,2015-03-02T19:59:41+00:00,2015-03-02 14:59:41-05:00,2015-03-02T20:14:41+00:00,15,acceptance recorded,2014-12-31,,True,periodic report,False,True,https://www.sec.gov/Archives/edgar/data/1050915/000119312515073003/d834546d10k.htm,https://data.sec.gov/submissions/CIK0001050915.json
PWR,1050915,8-K,2015-02-19,2015-02-19T11:10:36+00:00,2015-02-19 06:10:36-05:00,2015-02-19T11:25:36+00:00,15,acceptance recorded,2015-02-19,"2.02,9.01",True,8-K items 2.02,False,True,https://www.sec.gov/Archives/edgar/data/1050915/000119312515053350/d876607d8k.htm,https://data.sec.gov/submissions/CIK0001050915.json
ETN,1551182,10-Q,2026-07-31,2026-07-31T16:16:16+00:00,2026-07-31 12:16:16-04:00,2026-07-31T16:31:16+00:00,15,acceptance recorded,2026-06-30,,True,periodic report,True,True,https://www.sec.gov/Archives/edgar/data/1551182/000155118226000030/etn-20260630.htm,https://data.sec.gov/submissions/CIK0001551182.json
ETN,1551182,8-K,2026-07-31,2026-07-31T11:00:30+00:00,2026-07-31 07:00:30-04:00,2026-07-31T11:15:30+00:00,15,acceptance recorded,2026-07-31,"2.02,9.01",True,8-K items 2.02,True,True,https://www.sec.gov/Archives/edgar/data/1551182/000155118226000027/etn-20260731.htm,https://data.sec.gov/submissions/CIK0001551182.json
ETN,1551182,8-K,2026-06-11,2026-06-11T10:40:28+00:00,2026-06-11 06:40:28-04:00,2026-06-11T10:55:28+00:00,15,acceptance recorded,2026-06-10,"7.01,8.01,9.01",True,"8-K items 7.01, 8.01",True,True,https://www.sec.gov/Archives/edgar/data/1551182/000095014226001733/eh260792115_8k.htm,https://data.sec.gov/submissions/CIK0001551182.json
ETN,1551182,10-Q,2026-05-05,2026-05-05T16:23:07+00:00,2026-05-05 12:23:07-04:00,2026-05-05T16:38:07+00:00,15,acceptance recorded,2026-03-31,,True,periodic report,True,True,https://www.sec.gov/Archives/edgar/data/1551182/000155118226000013/etn-20260331.htm,https://data.sec.gov/submissions/CIK0001551182.json
ETN,1551182,8-K,2026-05-05,2026-05-05T11:00:23+00:00,2026-05-05 07:00:23-04:00,2026-05-05T11:15:23+00:00,15,acceptance recorded,2026-05-05,"2.02,9.01",True,8-K items 2.02,True,True,https://www.sec.gov/Archives/edgar/data/1551182/000155118226000010/etn-20260505.htm,https://data.sec.gov/submissions/CIK0001551182.json
ETN,1551182,8-K,2026-04-23,2026-04-23T20:30:48+00:00,2026-04-23 16:30:48-04:00,2026-04-23T20:45:48+00:00,15,acceptance recorded,2026-04-22,5.07,False,8-K item not on the candidate list,True,True,https://www.sec.gov/Archives/edgar/data/1551182/000114036126016399/ef20071273_8k.htm,https://data.sec.gov/submissions/CIK0001551182.json
ETN,1551182,8-K,2026-03-10,2026-03-10T21:09:50+00:00,2026-03-10 17:09:50-04:00,2026-03-10T21:24:50+00:00,15,acceptance recorded,2026-03-06,"1.02,2.03,9.01",True,8-K items 1.02,True,True,https://www.sec.gov/Archives/edgar/data/1551182/000114036126008836/ef20067414_8k.htm,https://data.sec.gov/submissions/CIK0001551182.json
ETN,1551182,8-K,2026-03-02,2026-03-02T21:31:04+00:00,2026-03-02 16:31:04-05:00,2026-03-02T21:46:04+00:00,15,acceptance recorded,2026-02-25,5.02,False,8-K item not on the candidate list,True,True,https://www.sec.gov/Archives/edgar/data/1551182/000114036126007362/ef20066947_8k.htm,https://data.sec.gov/submissions/CIK0001551182.json
ETN,1551182,8-K,2026-03-02,2026-03-02T11:35:49+00:00,2026-03-02 06:35:49-05:00,2026-03-02T11:50:49+00:00,15,acceptance recorded,2026-02-26,"5.02,9.01",False,8-K item not on the candidate list,True,True,https://www.sec.gov/Archives/edgar/data/1551182/000114036126007206/ef20066779_8k.htm,https://data.sec.gov/submissions/CIK0001551182.json
ETN,1551182,10-K,2026-02-26,2026-02-26T20:24:16+00:00,2026-02-26 15:24:16-05:00,2026-02-26T20:39:16+00:00,15,acceptance recorded,2025-12-31,,True,periodic report,True,True,https://www.sec.gov/Archives/edgar/data/1551182/000155118226000007/etn-20251231.htm,https://data.sec.gov/submissions/CIK0001551182.json
ETN,1551182,8-K,2026-02-06,2026-02-06T21:52:32+00:00,2026-02-06 16:52:32-05:00,2026-02-06T22:07:32+00:00,15,acceptance recorded,2026-02-06,"1.01,2.03,9.01",True,8-K items 1.01,True,True,https://www.sec.gov/Archives/edgar/data/1551182/000114036126004227/ef20064951_8k.htm,https://data.sec.gov/submissions/CIK0001551182.json
ETN,1551182,8-K,2026-02-03,2026-02-03T12:00:20+00:00,2026-02-03 07:00:20-05:00,2026-02-03T12:15:20+00:00,15,acceptance recorded,2026-02-03,"2.02,9.01",True,8-K items 2.02,True,True,https://www.sec.gov/Archives/edgar/data/1551182/000155118226000002/etn-20260203.htm,https://data.sec.gov/submissions/CIK0001551182.json
ETN,1551182,8-K,2026-01-26,2026-01-26T11:40:48+00:00,2026-01-26 06:40:48-05:00,2026-01-26T11:55:48+00:00,15,acceptance recorded,2026-01-26,"7.01,9.01",True,8-K items 7.01,True,True,https://www.sec.gov/Archives/edgar/data/1551182/000114036126002286/ef20063889_8k.htm,https://data.sec.gov/submissions/CIK0001551182.json
ETN,1551182,8-K/A,2025-12-16,2025-12-16T22:25:38+00:00,2025-12-16 17:25:38-05:00,2025-12-16T22:40:38+00:00,15,acceptance recorded,2025-11-14,5.02,False,8-K item not on the candidate list,True,True,https://www.sec.gov/Archives/edgar/data/1551182/000114036125045707/ef20061263_8ka.htm,https://data.sec.gov/submissions/CIK0001551182.json
ETN,1551182,8-K,2025-11-20,2025-11-20T12:26:16+00:00,2025-11-20 07:26:16-05:00,2025-11-20T12:41:16+00:00,15,acceptance recorded,2025-11-14,"5.02,7.01,9.01",True,8-K items 7.01,True,True,https://www.sec.gov/Archives/edgar/data/1551182/000114036125042797/ef20059654_8k.htm,https://data.sec.gov/submissions/CIK0001551182.json
ETN,1551182,10-Q,2025-11-04,2025-11-04T18:08:32+00:00,2025-11-04 13:08:32-05:00,2025-11-04T18:23:32+00:00,15,acceptance recorded,2025-09-30,,True,periodic report,True,True,https://www.sec.gov/Archives/edgar/data/1551182/000155118225000036/etn-20250930.htm,https://data.sec.gov/submissions/CIK0001551182.json
ETN,1551182,8-K,2025-11-04,2025-11-04T12:01:04+00:00,2025-11-04 07:01:04-05:00,2025-11-04T12:16:04+00:00,15,acceptance recorded,2025-11-04,"2.02,9.01",True,8-K items 2.02,True,True,https://www.sec.gov/Archives/edgar/data/1551182/000155118225000033/etn-20251104.htm,https://data.sec.gov/submissions/CIK0001551182.json
ETN,1551182,8-K,2025-09-29,2025-09-29T20:31:18+00:00,2025-09-29 16:31:18-04:00,2025-09-29T20:46:18+00:00,15,acceptance recorded,2025-09-29,"1.01,1.02,2.03,9.01",True,"8-K items 1.01, 1.02",True,True,https://www.sec.gov/Archives/edgar/data/1551182/000114036125036514/ef20056153_8k.htm,https://data.sec.gov/submissions/CIK0001551182.json
ETN,1551182,10-Q,2025-08-05,2025-08-05T17:37:11+00:00,2025-08-05 13:37:11-04:00,2025-08-05T17:52:11+00:00,15,acceptance recorded,2025-06-30,,True,periodic report,True,True,https://www.sec.gov/Archives/edgar/data/1551182/000155118225000028/etn-20250630.htm,https://data.sec.gov/submissions/CIK0001551182.json
ETN,1551182,8-K,2025-08-05,2025-08-05T11:01:02+00:00,2025-08-05 07:01:02-04:00,2025-08-05T11:16:02+00:00,15,acceptance recorded,2025-08-05,"2.02,9.01",True,8-K items 2.02,True,True,https://www.sec.gov/Archives/edgar/data/1551182/000155118225000025/etn-20250805.htm,https://data.sec.gov/submissions/CIK0001551182.json
ETN,1551182,8-K,2025-07-23,2025-07-23T21:01:13+00:00,2025-07-23 17:01:13-04:00,2025-07-23T21:16:13+00:00,15,acceptance recorded,2025-07-23,"5.02,9.01",False,8-K item not on the candidate list,True,True,https://www.sec.gov/Archives/edgar/data/1551182/000114036125026963/ef20052482_8k.htm,https://data.sec.gov/submissions/CIK0001551182.json
ETN,1551182,8-K,2025-07-21,2025-07-21T21:02:41+00:00,2025-07-21 17:02:41-04:00,2025-07-21T21:17:41+00:00,15,acceptance recorded,2025-07-19,5.02,False,8-K item not on the candidate list,True,True,https://www.sec.gov/Archives/edgar/data/1551182/000114036125026628/ef20052342_8k.htm,https://data.sec.gov/submissions/CIK0001551182.json
ETN,1551182,8-K,2025-05-09,2025-05-09T20:05:45+00:00,2025-05-09 16:05:45-04:00,2025-05-09T20:20:45+00:00,15,acceptance recorded,2025-05-09,"2.03,9.01",False,8-K item not on the candidate list,True,True,https://www.sec.gov/Archives/edgar/data/1551182/000114036125018158/ef20048637_8k.htm,https://data.sec.gov/submissions/CIK0001551182.json
ETN,1551182,10-Q,2025-05-02,2025-05-02T16:05:42+00:00,2025-05-02 12:05:42-04:00,2025-05-02T16:20:42+00:00,15,acceptance recorded,2025-03-31,,True,periodic report,True,True,https://www.sec.gov/Archives/edgar/data/1551182/000155118225000014/etn-20250331.htm,https://data.sec.gov/submissions/CIK0001551182.json
ETN,1551182,8-K,2025-05-02,2025-05-02T11:00:50+00:00,2025-05-02 07:00:50-04:00,2025-05-02T11:15:50+00:00,15,acceptance recorded,2025-05-02,"2.02,9.01",True,8-K items 2.02,True,True,https://www.sec.gov/Archives/edgar/data/1551182/000155118225000011/etn-20250502.htm,https://data.sec.gov/submissions/CIK0001551182.json
ETN,1551182,8-K,2025-04-24,2025-04-24T21:00:21+00:00,2025-04-24 17:00:21-04:00,2025-04-24T21:15:21+00:00,15,acceptance recorded,2025-04-23,5.07,False,8-K item not on the candidate list,True,True,https://www.sec.gov/Archives/edgar/data/1551182/000114036125015476/ef20047887_8k.htm,https://data.sec.gov/submissions/CIK0001551182.json
ETN,1551182,8-K,2025-02-27,2025-02-27T21:03:44+00:00,2025-02-27 16:03:44-05:00,2025-02-27T21:18:44+00:00,15,acceptance recorded,2025-02-26,"5.02,9.01",False,8-K item not on the candidate list,True,True,https://www.sec.gov/Archives/edgar/data/1551182/000114036125006275/ef20044489_8k.htm,https://data.sec.gov/submissions/CIK0001551182.json
ETN,1551182,10-K,2025-02-27,2025-02-27T19:22:18+00:00,2025-02-27 14:22:18-05:00,2025-02-27T19:37:18+00:00,15,acceptance recorded,2024-12-31,,True,periodic report,True,True,https://www.sec.gov/Archives/edgar/data/1551182/000155118225000006/etn-20241231.htm,https://data.sec.gov/submissions/CIK0001551182.json
ETN,1551182,8-K,2025-01-31,2025-01-31T12:00:12+00:00,2025-01-31 07:00:12-05:00,2025-01-31T12:15:12+00:00,15,acceptance recorded,2025-01-31,"2.02,9.01",True,8-K items 2.02,True,True,https://www.sec.gov/Archives/edgar/data/1551182/000155118225000003/etn-20250131.htm,https://data.sec.gov/submissions/CIK0001551182.json
ETN,1551182,10-Q,2024-10-31,2024-10-31T16:43:37+00:00,2024-10-31 12:43:37-04:00,2024-10-31T16:58:37+00:00,15,acceptance recorded,2024-09-30,,True,periodic report,True,True,https://www.sec.gov/Archives/edgar/data/1551182/000155118224000041/etn-20240930.htm,https://data.sec.gov/submissions/CIK0001551182.json
ETN,1551182,8-K,2024-10-31,2024-10-31T11:00:19+00:00,2024-10-31 07:00:19-04:00,2024-10-31T11:15:19+00:00,15,acceptance recorded,2024-10-31,"2.02,9.01",True,8-K items 2.02,True,True,https://www.sec.gov/Archives/edgar/data/1551182/000155118224000038/etn-20241031.htm,https://data.sec.gov/submissions/CIK0001551182.json
ETN,1551182,8-K,2024-10-22,2024-10-22T21:00:18+00:00,2024-10-22 17:00:18-04:00,2024-10-22T21:15:18+00:00,15,acceptance recorded,2024-10-22,"5.02,9.01",False,8-K item not on the candidate list,True,True,https://www.sec.gov/Archives/edgar/data/1551182/000114036124043911/ef20037491_8k.htm,https://data.sec.gov/submissions/CIK0001551182.json
ETN,1551182,8-K,2024-08-12,2024-08-12T20:24:34+00:00,2024-08-12 16:24:34-04:00,2024-08-12T20:39:34+00:00,15,acceptance recorded,2024-08-08,"5.02,9.01",False,8-K item not on the candidate list,False,True,https://www.sec.gov/Archives/edgar/data/1551182/000114036124036849/ef20033979_8k.htm,https://data.sec.gov/submissions/CIK0001551182.json
ETN,1551182,10-Q,2024-08-01,2024-08-01T17:28:25+00:00,2024-08-01 13:28:25-04:00,2024-08-01T17:43:25+00:00,15,acceptance recorded,2024-06-30,,True,periodic report,False,True,https://www.sec.gov/Archives/edgar/data/1551182/000155118224000035/etn-20240630.htm,https://data.sec.gov/submissions/CIK0001551182.json
ETN,1551182,8-K,2024-08-01,2024-08-01T11:01:08+00:00,2024-08-01 07:01:08-04:00,2024-08-01T11:16:08+00:00,15,acceptance recorded,2024-08-01,"2.02,9.01",True,8-K items 2.02,False,True,https://www.sec.gov/Archives/edgar/data/1551182/000155118224000033/etn-20240801.htm,https://data.sec.gov/submissions/CIK0001551182.json
ETN,1551182,8-K,2024-07-29,2024-07-29T20:32:19+00:00,2024-07-29 16:32:19-04:00,2024-07-29T20:47:19+00:00,15,acceptance recorded,2024-07-24,"5.02,9.01",False,8-K item not on the candidate list,False,True,https://www.sec.gov/Archives/edgar/data/1551182/000114036124034686/ef20033078_8k.htm,https://data.sec.gov/submissions/CIK0001551182.json
ETN,1551182,10-Q,2024-04-30,2024-04-30T16:07:49+00:00,2024-04-30 12:07:49-04:00,2024-04-30T16:22:49+00:00,15,acceptance recorded,2024-03-31,,True,periodic report,False,True,https://www.sec.gov/Archives/edgar/data/1551182/000155118224000013/etn-20240331.htm,https://data.sec.gov/submissions/CIK0001551182.json
ETN,1551182,8-K,2024-04-30,2024-04-30T11:00:46+00:00,2024-04-30 07:00:46-04:00,2024-04-30T11:15:46+00:00,15,acceptance recorded,2024-04-30,"2.02,9.01",True,8-K items 2.02,False,True,https://www.sec.gov/Archives/edgar/data/1551182/000155118224000010/etn-20240430.htm,https://data.sec.gov/submissions/CIK0001551182.json
ETN,1551182,8-K,2024-04-26,2024-04-26T18:38:45+00:00,2024-04-26 14:38:45-04:00,2024-04-26T18:53:45+00:00,15,acceptance recorded,2024-04-24,5.07,False,8-K item not on the candidate list,False,True,https://www.sec.gov/Archives/edgar/data/1551182/000114036124022362/ef20027848_8k.htm,https://data.sec.gov/submissions/CIK0001551182.json
ETN,1551182,8-K,2024-04-22,2024-04-22T14:22:20+00:00,2024-04-22 10:22:20-04:00,2024-04-22T14:37:20+00:00,15,acceptance recorded,2024-04-18,"5.02,9.01",False,8-K item not on the candidate list,False,True,https://www.sec.gov/Archives/edgar/data/1551182/000114036124020930/ef20027228_8k.htm,https://data.sec.gov/submissions/CIK0001551182.json
ETN,1551182,8-K,2024-03-01,2024-03-01T17:38:49+00:00,2024-03-01 12:38:49-05:00,2024-03-01T17:53:49+00:00,15,acceptance recorded,2024-02-28,"5.02,9.01",False,8-K item not on the candidate list,False,True,https://www.sec.gov/Archives/edgar/data/1551182/000114036124010702/ef20022876_8k.htm,https://data.sec.gov/submissions/CIK0001551182.json
ETN,1551182,10-K,2024-02-29,2024-02-29T19:35:53+00:00,2024-02-29 14:35:53-05:00,2024-02-29T19:50:53+00:00,15,acceptance recorded,2023-12-31,,True,periodic report,False,True,https://www.sec.gov/Archives/edgar/data/1551182/000155118224000006/etn-20231231.htm,https://data.sec.gov/submissions/CIK0001551182.json
ETN,1551182,8-K,2024-02-01,2024-02-01T12:01:27+00:00,2024-02-01 07:01:27-05:00,2024-02-01T12:16:27+00:00,15,acceptance recorded,2024-02-01,"2.02,9.01",True,8-K items 2.02,False,True,https://www.sec.gov/Archives/edgar/data/1551182/000115752324000149/a53890459.htm,https://data.sec.gov/submissions/CIK0001551182.json
ETN,1551182,8-K,2024-01-18,2024-01-18T16:46:46+00:00,2024-01-18 11:46:46-05:00,2024-01-18T17:01:46+00:00,15,acceptance recorded,2024-01-11,"5.02,9.01",False,8-K item not on the candidate list,False,True,https://www.sec.gov/Archives/edgar/data/1551182/000114036124002654/ef20019016_8k.htm,https://data.sec.gov/submissions/CIK0001551182.json
ETN,1551182,10-Q,2023-10-31,2023-10-31T16:31:56+00:00,2023-10-31 12:31:56-04:00,2023-10-31T16:46:56+00:00,15,acceptance recorded,2023-09-30,,True,periodic report,False,True,https://www.sec.gov/Archives/edgar/data/1551182/000155118223000029/etn-20230930.htm,https://data.sec.gov/submissions/CIK0001551182.json
ETN,1551182,8-K,2023-10-31,2023-10-31T11:01:02+00:00,2023-10-31 07:01:02-04:00,2023-10-31T11:16:02+00:00,15,acceptance recorded,2023-10-31,"2.02,9.01",True,8-K items 2.02,False,True,https://www.sec.gov/Archives/edgar/data/1551182/000115752323001583/a53709552.htm,https://data.sec.gov/submissions/CIK0001551182.json
ETN,1551182,10-Q,2023-08-01,2023-08-01T16:23:11+00:00,2023-08-01 12:23:11-04:00,2023-08-01T16:38:11+00:00,15,acceptance recorded,2023-06-30,,True,periodic report,False,True,https://www.sec.gov/Archives/edgar/data/1551182/000155118223000024/etn-20230630.htm,https://data.sec.gov/submissions/CIK0001551182.json
ETN,1551182,8-K,2023-08-01,2023-08-01T11:00:16+00:00,2023-08-01 07:00:16-04:00,2023-08-01T11:15:16+00:00,15,acceptance recorded,2023-08-01,"2.02,9.01",True,8-K items 2.02,False,True,https://www.sec.gov/Archives/edgar/data/1551182/000115752323001199/a53493804.htm,https://data.sec.gov/submissions/CIK0001551182.json
ETN,1551182,8-K,2023-05-18,2023-05-18T21:19:39+00:00,2023-05-18 17:19:39-04:00,2023-05-18T21:34:39+00:00,15,acceptance recorded,2023-05-18,"2.03,9.01",False,8-K item not on the candidate list,False,True,https://www.sec.gov/Archives/edgar/data/1551182/000114036123025518/ny20009129x4_8k.htm,https://data.sec.gov/submissions/CIK0001551182.json
ETN,1551182,10-Q,2023-05-02,2023-05-02T16:22:59+00:00,2023-05-02 12:22:59-04:00,2023-05-02T16:37:59+00:00,15,acceptance recorded,2023-03-31,,True,periodic report,False,True,https://www.sec.gov/Archives/edgar/data/1551182/000155118223000008/etn-20230331.htm,https://data.sec.gov/submissions/CIK0001551182.json
ETN,1551182,8-K,2023-05-02,2023-05-02T11:00:18+00:00,2023-05-02 07:00:18-04:00,2023-05-02T11:15:18+00:00,15,acceptance recorded,2023-05-02,"2.02,9.01",True,8-K items 2.02,False,True,https://www.sec.gov/Archives/edgar/data/1551182/000115752323000671/a53391181.htm,https://data.sec.gov/submissions/CIK0001551182.json
ETN,1551182,8-K,2023-05-01,2023-05-01T10:01:12+00:00,2023-05-01 06:01:12-04:00,2023-05-01T10:16:12+00:00,15,acceptance recorded,2023-04-26,5.07,False,8-K item not on the candidate list,False,True,https://www.sec.gov/Archives/edgar/data/1551182/000114036123021753/brhc20052195_8k.htm,https://data.sec.gov/submissions/CIK0001551182.json
ETN,1551182,8-K,2023-02-24,2023-02-24T21:07:17+00:00,2023-02-24 16:07:17-05:00,2023-02-24T21:22:17+00:00,15,acceptance recorded,2023-02-22,5.02,False,8-K item not on the candidate list,False,True,https://www.sec.gov/Archives/edgar/data/1551182/000114036123008560/brhc10048816_8k.htm,https://data.sec.gov/submissions/CIK0001551182.json
ETN,1551182,10-K,2023-02-23,2023-02-23T21:22:19+00:00,2023-02-23 16:22:19-05:00,2023-02-23T21:37:19+00:00,15,acceptance recorded,2022-12-31,,True,periodic report,False,True,https://www.sec.gov/Archives/edgar/data/1551182/000155118223000004/etn-20221231.htm,https://data.sec.gov/submissions/CIK0001551182.json
ETN,1551182,8-K,2023-02-08,2023-02-08T12:00:14+00:00,2023-02-08 07:00:14-05:00,2023-02-08T12:15:14+00:00,15,acceptance recorded,2023-02-08,"2.02,9.01",True,8-K items 2.02,False,True,https://www.sec.gov/Archives/edgar/data/1551182/000115752323000204/a53306075.htm,https://data.sec.gov/submissions/CIK0001551182.json
ETN,1551182,8-K,2023-01-11,2023-01-11T22:00:41+00:00,2023-01-11 17:00:41-05:00,2023-01-11T22:15:41+00:00,15,acceptance recorded,2023-01-10,5.02,False,8-K item not on the candidate list,False,True,https://www.sec.gov/Archives/edgar/data/1551182/000114036123001373/brhc10046475_8k.htm,https://data.sec.gov/submissions/CIK0001551182.json
ETN,1551182,10-Q,2022-11-01,2022-11-01T18:34:31+00:00,2022-11-01 14:34:31-04:00,2022-11-01T18:49:31+00:00,15,acceptance recorded,2022-09-30,,True,periodic report,False,True,https://www.sec.gov/Archives/edgar/data/1551182/000155118222000024/etn-20220930.htm,https://data.sec.gov/submissions/CIK0001551182.json
ETN,1551182,8-K,2022-11-01,2022-11-01T11:01:55+00:00,2022-11-01 07:01:55-04:00,2022-11-01T11:16:55+00:00,15,acceptance recorded,2022-11-01,"2.02,9.01",True,8-K items 2.02,False,True,https://www.sec.gov/Archives/edgar/data/1551182/000115752322001451/a52956691.htm,https://data.sec.gov/submissions/CIK0001551182.json
ETN,1551182,8-K,2022-10-25,2022-10-25T21:03:23+00:00,2022-10-25 17:03:23-04:00,2022-10-25T21:18:23+00:00,15,acceptance recorded,2022-10-25,5.02,False,8-K item not on the candidate list,False,True,https://www.sec.gov/Archives/edgar/data/1551182/000114036122038394/brhc10043232_8k.htm,https://data.sec.gov/submissions/CIK0001551182.json
ETN,1551182,8-K,2022-10-07,2022-10-07T14:26:53+00:00,2022-10-07 10:26:53-04:00,2022-10-07T14:41:53+00:00,15,acceptance recorded,2022-10-03,"1.01,1.02,2.03,9.01",True,"8-K items 1.01, 1.02",False,True,https://www.sec.gov/Archives/edgar/data/1551182/000114036122036580/brhc10042768_8k.htm,https://data.sec.gov/submissions/CIK0001551182.json
ETN,1551182,8-K,2022-08-24,2022-08-24T20:06:30+00:00,2022-08-24 16:06:30-04:00,2022-08-24T20:21:30+00:00,15,acceptance recorded,2022-08-23,"2.03,8.01,9.01",True,8-K items 8.01,False,True,https://www.sec.gov/Archives/edgar/data/1551182/000114036122030734/ny20005030x5_8k.htm,https://data.sec.gov/submissions/CIK0001551182.json
ETN,1551182,8-K,2022-08-18,2022-08-17T21:39:35+00:00,2022-08-17 17:39:35-04:00,2022-08-17T21:54:35+00:00,15,acceptance recorded,2022-08-16,"8.01,9.01",True,8-K items 8.01,False,True,https://www.sec.gov/Archives/edgar/data/1551182/000114036122030145/ny20005030x3_8k.htm,https://data.sec.gov/submissions/CIK0001551182.json
ETN,1551182,8-K,2022-08-02,2022-08-02T20:35:43+00:00,2022-08-02 16:35:43-04:00,2022-08-02T20:50:43+00:00,15,acceptance recorded,2022-07-27,5.02,False,8-K item not on the candidate list,False,True,https://www.sec.gov/Archives/edgar/data/1551182/000114036122027834/brhc10040125_8k.htm,https://data.sec.gov/submissions/CIK0001551182.json
ETN,1551182,10-Q,2022-08-02,2022-08-02T18:06:44+00:00,2022-08-02 14:06:44-04:00,2022-08-02T18:21:44+00:00,15,acceptance recorded,2022-06-30,,True,periodic report,False,True,https://www.sec.gov/Archives/edgar/data/1551182/000155118222000020/etn-20220630.htm,https://data.sec.gov/submissions/CIK0001551182.json
ETN,1551182,8-K,2022-08-02,2022-08-02T11:01:32+00:00,2022-08-02 07:01:32-04:00,2022-08-02T11:16:32+00:00,15,acceptance recorded,2022-08-02,"2.02,9.01",True,8-K items 2.02,False,True,https://www.sec.gov/Archives/edgar/data/1551182/000115752322000983/a52798255.htm,https://data.sec.gov/submissions/CIK0001551182.json
ETN,1551182,10-Q,2022-05-03,2022-05-03T16:09:48+00:00,2022-05-03 12:09:48-04:00,2022-05-03T16:24:48+00:00,15,acceptance recorded,2022-03-31,,True,periodic report,False,True,https://www.sec.gov/Archives/edgar/data/1551182/000155118222000008/etn-20220331.htm,https://data.sec.gov/submissions/CIK0001551182.json
ETN,1551182,8-K,2022-05-03,2022-05-03T11:00:16+00:00,2022-05-03 07:00:16-04:00,2022-05-03T11:15:16+00:00,15,acceptance recorded,2022-05-03,"2.02,9.01",True,8-K items 2.02,False,True,https://www.sec.gov/Archives/edgar/data/1551182/000115752322000535/a52704996.htm,https://data.sec.gov/submissions/CIK0001551182.json
ETN,1551182,8-K,2022-04-28,2022-04-28T18:10:03+00:00,2022-04-28 14:10:03-04:00,2022-04-28T18:25:03+00:00,15,acceptance recorded,2022-04-27,"5.02,5.07,9.01",False,8-K item not on the candidate list,False,True,https://www.sec.gov/Archives/edgar/data/1551182/000114036122016454/brhc10036854_8k.htm,https://data.sec.gov/submissions/CIK0001551182.json
ETN,1551182,8-K,2022-04-04,2022-04-04T20:34:37+00:00,2022-04-04 16:34:37-04:00,2022-04-04T20:49:37+00:00,15,acceptance recorded,2022-04-04,"5.02,9.01",False,8-K item not on the candidate list,False,True,https://www.sec.gov/Archives/edgar/data/1551182/000114036122012936/brhc10036079_8k.htm,https://data.sec.gov/submissions/CIK0001551182.json
ETN,1551182,8-K,2022-02-28,2022-02-28T16:32:56+00:00,2022-02-28 11:32:56-05:00,2022-02-28T16:47:56+00:00,15,acceptance recorded,2022-02-22,5.02,False,8-K item not on the candidate list,False,True,https://www.sec.gov/Archives/edgar/data/1551182/000114036122006962/brhc10034443_8k.htm,https://data.sec.gov/submissions/CIK0001551182.json
ETN,1551182,10-K,2022-02-23,2022-02-23T21:31:49+00:00,2022-02-23 16:31:49-05:00,2022-02-23T21:46:49+00:00,15,acceptance recorded,2021-12-31,,True,periodic report,False,True,https://www.sec.gov/Archives/edgar/data/1551182/000155118222000004/etn-20211231.htm,https://data.sec.gov/submissions/CIK0001551182.json
ETN,1551182,8-K,2022-02-04,2022-02-04T12:00:16+00:00,2022-02-04 07:00:16-05:00,2022-02-04T12:15:16+00:00,15,acceptance recorded,2022-02-04,"2.02,9.01",True,8-K items 2.02,False,True,https://www.sec.gov/Archives/edgar/data/1551182/000115752322000149/a52574065.htm,https://data.sec.gov/submissions/CIK0001551182.json
ETN,1551182,10-Q,2021-11-02,2021-11-02T16:18:54+00:00,2021-11-02 12:18:54-04:00,2021-11-02T16:33:54+00:00,15,acceptance recorded,2021-09-30,,True,periodic report,False,True,https://www.sec.gov/Archives/edgar/data/1551182/000155118221000184/etn-20210930.htm,https://data.sec.gov/submissions/CIK0001551182.json
ETN,1551182,8-K,2021-11-02,2021-11-02T11:01:27+00:00,2021-11-02 07:01:27-04:00,2021-11-02T11:16:27+00:00,15,acceptance recorded,2021-11-02,"2.02,9.01",True,8-K items 2.02,False,True,https://www.sec.gov/Archives/edgar/data/1551182/000115752321001301/a52519334.htm,https://data.sec.gov/submissions/CIK0001551182.json
ETN,1551182,8-K,2021-10-08,2021-10-08T12:33:40+00:00,2021-10-08 08:33:40-04:00,2021-10-08T12:48:40+00:00,15,acceptance recorded,2021-10-04,"1.01,2.03,9.01",True,8-K items 1.01,False,True,https://www.sec.gov/Archives/edgar/data/1551182/000114036121034100/brhc10029675_8k.htm,https://data.sec.gov/submissions/CIK0001551182.json
ETN,1551182,10-Q,2021-08-03,2021-08-03T16:17:14+00:00,2021-08-03 12:17:14-04:00,2021-08-03T16:32:14+00:00,15,acceptance recorded,2021-06-30,,True,periodic report,False,True,https://www.sec.gov/Archives/edgar/data/1551182/000155118221000161/etn-20210630.htm,https://data.sec.gov/submissions/CIK0001551182.json
ETN,1551182,8-K,2021-08-03,2021-08-03T11:00:24+00:00,2021-08-03 07:00:24-04:00,2021-08-03T11:15:24+00:00,15,acceptance recorded,2021-08-03,"2.02,9.01",True,8-K items 2.02,False,True,https://www.sec.gov/Archives/edgar/data/1551182/000115752321000971/a52470260.htm,https://data.sec.gov/submissions/CIK0001551182.json
ETN,1551182,10-Q,2021-05-04,2021-05-04T16:17:04+00:00,2021-05-04 12:17:04-04:00,2021-05-04T16:32:04+00:00,15,acceptance recorded,2021-03-31,,True,periodic report,False,True,https://www.sec.gov/Archives/edgar/data/1551182/000155118221000120/etn-20210331.htm,https://data.sec.gov/submissions/CIK0001551182.json
ETN,1551182,8-K,2021-05-04,2021-05-04T16:04:31+00:00,2021-05-04 12:04:31-04:00,2021-05-04T16:19:31+00:00,15,acceptance recorded,2021-04-28,5.02,False,8-K item not on the candidate list,False,True,https://www.sec.gov/Archives/edgar/data/1551182/000155118221000118/etn-20210428.htm,https://data.sec.gov/submissions/CIK0001551182.json
ETN,1551182,8-K,2021-05-04,2021-05-04T11:00:19+00:00,2021-05-04 07:00:19-04:00,2021-05-04T11:15:19+00:00,15,acceptance recorded,2021-05-04,"2.02,9.01",True,8-K items 2.02,False,True,https://www.sec.gov/Archives/edgar/data/1551182/000115752321000572/a52422541.htm,https://data.sec.gov/submissions/CIK0001551182.json
ETN,1551182,8-K,2021-04-30,2021-04-30T17:22:42+00:00,2021-04-30 13:22:42-04:00,2021-04-30T17:37:42+00:00,15,acceptance recorded,2021-04-28,5.07,False,8-K item not on the candidate list,False,True,https://www.sec.gov/Archives/edgar/data/1551182/000155118221000109/etn-20210428.htm,https://data.sec.gov/submissions/CIK0001551182.json
ETN,1551182,8-K,2021-03-01,2021-03-01T13:43:55+00:00,2021-03-01 08:43:55-05:00,2021-03-01T13:58:55+00:00,15,acceptance recorded,2021-02-23,5.02,False,8-K item not on the candidate list,False,True,https://www.sec.gov/Archives/edgar/data/1551182/000155118221000067/etn-20210223.htm,https://data.sec.gov/submissions/CIK0001551182.json
ETN,1551182,10-K,2021-02-24,2021-02-24T21:00:55+00:00,2021-02-24 16:00:55-05:00,2021-02-24T21:15:55+00:00,15,acceptance recorded,2020-12-31,,True,periodic report,False,True,https://www.sec.gov/Archives/edgar/data/1551182/000155118221000022/etn-20201231.htm,https://data.sec.gov/submissions/CIK0001551182.json
ETN,1551182,8-K,2021-02-19,2021-02-19T12:37:17+00:00,2021-02-19 07:37:17-05:00,2021-02-19T12:52:17+00:00,15,acceptance recorded,2021-02-19,"5.02,9.01",False,8-K item not on the candidate list,False,True,https://www.sec.gov/Archives/edgar/data/1551182/000155118221000019/etn-20210219.htm,https://data.sec.gov/submissions/CIK0001551182.json
ETN,1551182,8-K,2021-02-02,2021-02-02T12:00:14+00:00,2021-02-02 07:00:14-05:00,2021-02-02T12:15:14+00:00,15,acceptance recorded,2021-02-02,"2.02,9.01",True,8-K items 2.02,False,True,https://www.sec.gov/Archives/edgar/data/1551182/000115752321000119/a52371791.htm,https://data.sec.gov/submissions/CIK0001551182.json
ETN,1551182,8-K,2021-02-01,2021-02-01T20:41:35+00:00,2021-02-01 15:41:35-05:00,2021-02-01T20:56:35+00:00,15,acceptance recorded,2021-02-01,"8.01,9.01",True,8-K items 8.01,False,True,https://www.sec.gov/Archives/edgar/data/1551182/000155118221000009/etn-20210201.htm,https://data.sec.gov/submissions/CIK0001551182.json
ETN,1551182,8-K/A,2021-02-01,2021-02-01T19:25:14+00:00,2021-02-01 14:25:14-05:00,2021-02-01T19:40:14+00:00,15,acceptance recorded,2021-01-29,"8.01,9.01",True,8-K items 8.01,False,True,https://www.sec.gov/Archives/edgar/data/1551182/000155118221000007/etn-20210129.htm,https://data.sec.gov/submissions/CIK0001551182.json
ETN,1551182,8-K,2021-01-29,2021-01-29T17:03:13+00:00,2021-01-29 12:03:13-05:00,2021-01-29T17:18:13+00:00,15,acceptance recorded,2021-01-29,"8.01,9.01",True,8-K items 8.01,False,True,https://www.sec.gov/Archives/edgar/data/1551182/000155118221000005/etn-20210129.htm,https://data.sec.gov/submissions/CIK0001551182.json
ETN,1551182,8-K,2020-12-03,2020-12-03T12:30:17+00:00,2020-12-03 07:30:17-05:00,2020-12-03T12:45:17+00:00,15,acceptance recorded,2020-12-03,"5.02,9.01",False,8-K item not on the candidate list,False,True,https://www.sec.gov/Archives/edgar/data/1551182/000155118220000212/etn-20201203.htm,https://data.sec.gov/submissions/CIK0001551182.json
ETN,1551182,10-Q,2020-11-03,2020-11-03T17:32:39+00:00,2020-11-03 12:32:39-05:00,2020-11-03T17:47:39+00:00,15,acceptance recorded,2020-09-30,,True,periodic report,False,True,https://www.sec.gov/Archives/edgar/data/1551182/000155118220000190/etn-20200930.htm,https://data.sec.gov/submissions/CIK0001551182.json
ETN,1551182,8-K,2020-11-03,2020-11-03T12:00:21+00:00,2020-11-03 07:00:21-05:00,2020-11-03T12:15:21+00:00,15,acceptance recorded,2020-11-03,"2.02,9.01",True,8-K items 2.02,False,True,https://www.sec.gov/Archives/edgar/data/1551182/000115752320001419/a52318645.htm,https://data.sec.gov/submissions/CIK0001551182.json
ETN,1551182,10-Q,2020-07-29,2020-07-29T16:27:40+00:00,2020-07-29 12:27:40-04:00,2020-07-29T16:42:40+00:00,15,acceptance recorded,2020-06-30,,True,periodic report,False,True,https://www.sec.gov/Archives/edgar/data/1551182/000155118220000167/etn0630202010-q.htm,https://data.sec.gov/submissions/CIK0001551182.json
ETN,1551182,8-K,2020-07-29,2020-07-29T11:00:23+00:00,2020-07-29 07:00:23-04:00,2020-07-29T11:15:23+00:00,15,acceptance recorded,2020-07-29,"2.02,9.01",True,8-K items 2.02,False,True,https://www.sec.gov/Archives/edgar/data/1551182/000115752320001051/a52257332.htm,https://data.sec.gov/submissions/CIK0001551182.json
ETN,1551182,8-K/A,2020-07-23,2020-07-23T18:04:46+00:00,2020-07-23 14:04:46-04:00,2020-07-23T18:19:46+00:00,15,acceptance recorded,2020-07-21,5.02,False,8-K item not on the candidate list,False,True,https://www.sec.gov/Archives/edgar/data/1551182/000155118220000163/etn7-20208xkcompamend.htm,https://data.sec.gov/submissions/CIK0001551182.json
ETN,1551182,8-K,2020-07-23,2020-07-23T14:38:15+00:00,2020-07-23 10:38:15-04:00,2020-07-23T14:53:15+00:00,15,acceptance recorded,2020-07-21,5.02,False,8-K item not on the candidate list,False,True,https://www.sec.gov/Archives/edgar/data/1551182/000155118220000161/etn7-2020form8xkcomp.htm,https://data.sec.gov/submissions/CIK0001551182.json
ETN,1551182,10-Q,2020-04-30,2020-04-30T18:05:03+00:00,2020-04-30 14:05:03-04:00,2020-04-30T18:20:03+00:00,15,acceptance recorded,2020-03-31,,True,periodic report,False,True,https://www.sec.gov/Archives/edgar/data/1551182/000155118220000127/etn0331202010-q.htm,https://data.sec.gov/submissions/CIK0001551182.json
ETN,1551182,8-K,2020-04-30,2020-04-30T11:00:48+00:00,2020-04-30 07:00:48-04:00,2020-04-30T11:15:48+00:00,15,acceptance recorded,2020-04-30,"2.02,9.01",True,8-K items 2.02,False,True,https://www.sec.gov/Archives/edgar/data/1551182/000115752320000609/a52212250.htm,https://data.sec.gov/submissions/CIK0001551182.json
ETN,1551182,8-K,2020-04-23,2020-04-23T19:22:04+00:00,2020-04-23 15:22:04-04:00,2020-04-23T19:37:04+00:00,15,acceptance recorded,2020-04-21,"5.02,5.07",False,8-K item not on the candidate list,False,True,https://www.sec.gov/Archives/edgar/data/1551182/000155118220000121/etn4-2020form8xkagm.htm,https://data.sec.gov/submissions/CIK0001551182.json
ETN,1551182,8-K,2020-02-26,2020-02-26T20:25:03+00:00,2020-02-26 15:25:03-05:00,2020-02-26T20:40:03+00:00,15,acceptance recorded,2020-02-20,5.02,False,8-K item not on the candidate list,False,True,https://www.sec.gov/Archives/edgar/data/1551182/000155118220000052/etn022620208-k.htm,https://data.sec.gov/submissions/CIK0001551182.json
ETN,1551182,10-K,2020-02-26,2020-02-26T18:07:06+00:00,2020-02-26 13:07:06-05:00,2020-02-26T18:22:06+00:00,15,acceptance recorded,2019-12-31,,True,periodic report,False,True,https://www.sec.gov/Archives/edgar/data/1551182/000155118220000050/etn12312019form10-k.htm,https://data.sec.gov/submissions/CIK0001551182.json
ETN,1551182,8-K,2020-02-04,2020-02-04T12:01:49+00:00,2020-02-04 07:01:49-05:00,2020-02-04T12:16:49+00:00,15,acceptance recorded,2020-02-04,"2.02,9.01",True,8-K items 2.02,False,True,https://www.sec.gov/Archives/edgar/data/1551182/000115752320000141/a52167789.htm,https://data.sec.gov/submissions/CIK0001551182.json
ETN,1551182,8-K,2020-01-27,2020-01-27T14:31:28+00:00,2020-01-27 09:31:28-05:00,2020-01-27T14:46:28+00:00,15,acceptance recorded,2020-01-21,"1.01,2.02,9.01",True,"8-K items 1.01, 2.02",False,True,https://www.sec.gov/Archives/edgar/data/1551182/000155118220000011/etn1-2020form8xkhydrau.htm,https://data.sec.gov/submissions/CIK0001551182.json
ETN,1551182,8-K,2020-01-07,2020-01-07T16:57:16+00:00,2020-01-07 11:57:16-05:00,2020-01-07T17:12:16+00:00,15,acceptance recorded,2019-12-31,5.02,False,8-K item not on the candidate list,False,True,https://www.sec.gov/Archives/edgar/data/1551182/000155118220000003/etn12312019form8-kdire.htm,https://data.sec.gov/submissions/CIK0001551182.json
ETN,1551182,10-Q,2019-10-29,2019-10-29T16:29:45+00:00,2019-10-29 12:29:45-04:00,2019-10-29T16:44:45+00:00,15,acceptance recorded,2019-09-30,,True,periodic report,False,True,https://www.sec.gov/Archives/edgar/data/1551182/000155118219000183/etn0930201910-q.htm,https://data.sec.gov/submissions/CIK0001551182.json
ETN,1551182,8-K,2019-10-29,2019-10-29T11:00:51+00:00,2019-10-29 07:00:51-04:00,2019-10-29T11:15:51+00:00,15,acceptance recorded,2019-10-29,"2.02,9.01",True,8-K items 2.02,False,True,https://www.sec.gov/Archives/edgar/data/1551182/000115752319002116/a52118962.htm,https://data.sec.gov/submissions/CIK0001551182.json
ETN,1551182,8-K,2019-10-18,2019-10-18T17:32:03+00:00,2019-10-18 13:32:03-04:00,2019-10-18T17:47:03+00:00,15,acceptance recorded,2019-10-15,"8.01,9.01",True,8-K items 8.01,False,True,https://www.sec.gov/Archives/edgar/data/1551182/000155118219000180/etn10152019form8-klaser.htm,https://data.sec.gov/submissions/CIK0001551182.json
ETN,1551182,10-Q,2019-07-30,2019-07-30T16:17:20+00:00,2019-07-30 12:17:20-04:00,2019-07-30T16:32:20+00:00,15,acceptance recorded,2019-06-30,,True,periodic report,False,True,https://www.sec.gov/Archives/edgar/data/1551182/000155118219000160/etn0630201910-q.htm,https://data.sec.gov/submissions/CIK0001551182.json
ETN,1551182,8-K,2019-07-30,2019-07-30T11:00:10+00:00,2019-07-30 07:00:10-04:00,2019-07-30T11:15:10+00:00,15,acceptance recorded,2019-07-30,"2.02,9.01",True,8-K items 2.02,False,True,https://www.sec.gov/Archives/edgar/data/1551182/000115752319001615/a52020572.htm,https://data.sec.gov/submissions/CIK0001551182.json
ETN,1551182,8-K,2019-07-29,2019-07-29T13:44:59+00:00,2019-07-29 09:44:59-04:00,2019-07-29T13:59:59+00:00,15,acceptance recorded,2019-07-23,"5.02,9.01",False,8-K item not on the candidate list,False,True,https://www.sec.gov/Archives/edgar/data/1551182/000155118219000157/a8-knewdirector.htm,https://data.sec.gov/submissions/CIK0001551182.json
ETN,1551182,10-Q,2019-04-30,2019-04-30T17:03:50+00:00,2019-04-30 13:03:50-04:00,2019-04-30T17:18:50+00:00,15,acceptance recorded,2019-03-31,,True,periodic report,False,True,https://www.sec.gov/Archives/edgar/data/1551182/000155118219000124/etn0331201910-q.htm,https://data.sec.gov/submissions/CIK0001551182.json
ETN,1551182,8-K,2019-04-30,2019-04-30T11:03:35+00:00,2019-04-30 07:03:35-04:00,2019-04-30T11:18:35+00:00,15,acceptance recorded,2019-04-30,"2.02,9.01",True,8-K items 2.02,False,True,https://www.sec.gov/Archives/edgar/data/1551182/000115752319000951/a51976512.htm,https://data.sec.gov/submissions/CIK0001551182.json
ETN,1551182,8-K,2019-04-29,2019-04-29T16:30:39+00:00,2019-04-29 12:30:39-04:00,2019-04-29T16:45:39+00:00,15,acceptance recorded,2019-04-24,"5.02,5.07",False,8-K item not on the candidate list,False,True,https://www.sec.gov/Archives/edgar/data/1551182/000155118219000120/a8-kagmresults2019.htm,https://data.sec.gov/submissions/CIK0001551182.json
ETN,1551182,8-K,2019-03-01,2019-03-01T14:12:40+00:00,2019-03-01 09:12:40-05:00,2019-03-01T14:27:40+00:00,15,acceptance recorded,2019-02-26,5.02,False,8-K item not on the candidate list,False,True,https://www.sec.gov/Archives/edgar/data/1551182/000155118219000091/a8-k2x26x19performancecrit.htm,https://data.sec.gov/submissions/CIK0001551182.json
ETN,1551182,10-K,2019-02-27,2019-02-27T20:05:59+00:00,2019-02-27 15:05:59-05:00,2019-02-27T20:20:59+00:00,15,acceptance recorded,2018-12-31,,True,periodic report,False,True,https://www.sec.gov/Archives/edgar/data/1551182/000155118219000045/etn12312018form10-k.htm,https://data.sec.gov/submissions/CIK0001551182.json
ETN,1551182,8-K,2019-02-12,2019-02-12T15:40:45+00:00,2019-02-12 10:40:45-05:00,2019-02-12T15:55:45+00:00,15,acceptance recorded,2019-02-08,5.02,False,8-K item not on the candidate list,False,True,https://www.sec.gov/Archives/edgar/data/1551182/000155118219000011/a8-k2x8x19raannouncement.htm,https://data.sec.gov/submissions/CIK0001551182.json
ETN,1551182,8-K,2019-01-31,2019-01-31T12:00:23+00:00,2019-01-31 07:00:23-05:00,2019-01-31T12:15:23+00:00,15,acceptance recorded,2019-01-31,"2.02,9.01",True,8-K items 2.02,False,True,https://www.sec.gov/Archives/edgar/data/1551182/000115752319000192/a51933211.htm,https://data.sec.gov/submissions/CIK0001551182.json
ETN,1551182,10-Q,2018-10-30,2018-10-30T16:33:22+00:00,2018-10-30 12:33:22-04:00,2018-10-30T16:48:22+00:00,15,acceptance recorded,2018-09-30,,True,periodic report,False,True,https://www.sec.gov/Archives/edgar/data/1551182/000155118218000225/etn0930201810-qdoc.htm,https://data.sec.gov/submissions/CIK0001551182.json
ETN,1551182,8-K,2018-10-30,2018-10-30T11:00:23+00:00,2018-10-30 07:00:23-04:00,2018-10-30T11:15:23+00:00,15,acceptance recorded,2018-10-30,"2.02,9.01",True,8-K items 2.02,False,True,https://www.sec.gov/Archives/edgar/data/1551182/000115752318002192/a51890702.htm,https://data.sec.gov/submissions/CIK0001551182.json
ETN,1551182,8-K,2018-08-29,2018-08-29T20:36:00+00:00,2018-08-29 16:36:00-04:00,2018-08-29T20:51:00+00:00,15,acceptance recorded,2018-08-23,"8.01,9.01",True,8-K items 8.01,False,True,https://www.sec.gov/Archives/edgar/data/1551182/000155118218000211/a8-k8x23x2018pepsi.htm,https://data.sec.gov/submissions/CIK0001551182.json
ETN,1551182,10-Q,2018-07-31,2018-07-31T15:28:54+00:00,2018-07-31 11:28:54-04:00,2018-07-31T15:43:54+00:00,15,acceptance recorded,2018-06-30,,True,periodic report,False,True,https://www.sec.gov/Archives/edgar/data/1551182/000155118218000208/etn0630201810-qdoc.htm,https://data.sec.gov/submissions/CIK0001551182.json
ETN,1551182,8-K,2018-07-31,2018-07-31T11:00:24+00:00,2018-07-31 07:00:24-04:00,2018-07-31T11:15:24+00:00,15,acceptance recorded,2018-07-31,"2.02,9.01",True,8-K items 2.02,False,True,https://www.sec.gov/Archives/edgar/data/1551182/000115752318001601/a51845244.htm,https://data.sec.gov/submissions/CIK0001551182.json
ETN,1551182,10-Q,2018-05-01,2018-05-01T15:28:10+00:00,2018-05-01 11:28:10-04:00,2018-05-01T15:43:10+00:00,15,acceptance recorded,2018-03-31,,True,periodic report,False,True,https://www.sec.gov/Archives/edgar/data/1551182/000155118218000169/etn0331201810-qdoc.htm,https://data.sec.gov/submissions/CIK0001551182.json
ETN,1551182,8-K,2018-05-01,2018-05-01T11:00:18+00:00,2018-05-01 07:00:18-04:00,2018-05-01T11:15:18+00:00,15,acceptance recorded,2018-05-01,"2.02,9.01",True,8-K items 2.02,False,True,https://www.sec.gov/Archives/edgar/data/1551182/000115752318000894/a51798315.htm,https://data.sec.gov/submissions/CIK0001551182.json
ETN,1551182,8-K,2018-04-30,2018-04-30T18:27:42+00:00,2018-04-30 14:27:42-04:00,2018-04-30T18:42:42+00:00,15,acceptance recorded,2018-04-25,5.07,False,8-K item not on the candidate list,False,True,https://www.sec.gov/Archives/edgar/data/1551182/000155118218000167/a8-k2018agmresults.htm,https://data.sec.gov/submissions/CIK0001551182.json
ETN,1551182,8-K,2018-03-01,2018-03-01T21:32:11+00:00,2018-03-01 16:32:11-05:00,2018-03-01T21:47:11+00:00,15,acceptance recorded,2018-02-27,5.02,False,8-K item not on the candidate list,False,True,https://www.sec.gov/Archives/edgar/data/1551182/000155118218000082/a8-kperformancecriteriafeb.htm,https://data.sec.gov/submissions/CIK0001551182.json
ETN,1551182,10-K,2018-02-28,2018-02-28T17:45:42+00:00,2018-02-28 12:45:42-05:00,2018-02-28T18:00:42+00:00,15,acceptance recorded,2017-12-31,,True,periodic report,False,True,https://www.sec.gov/Archives/edgar/data/1551182/000155118218000074/etn12312017form10-k.htm,https://data.sec.gov/submissions/CIK0001551182.json
ETN,1551182,8-K,2018-02-01,2018-02-01T12:00:20+00:00,2018-02-01 07:00:20-05:00,2018-02-01T12:15:20+00:00,15,acceptance recorded,2018-02-01,"2.02,9.01",True,8-K items 2.02,False,True,https://www.sec.gov/Archives/edgar/data/1551182/000115752318000183/a51751988.htm,https://data.sec.gov/submissions/CIK0001551182.json
ETN,1551182,10-Q,2017-10-31,2017-10-31T18:17:05+00:00,2017-10-31 14:17:05-04:00,2017-10-31T18:32:05+00:00,15,acceptance recorded,2017-09-30,,True,periodic report,False,True,https://www.sec.gov/Archives/edgar/data/1551182/000155118217000181/etn0930201710-qdoc.htm,https://data.sec.gov/submissions/CIK0001551182.json
ETN,1551182,8-K,2017-10-31,2017-10-31T11:00:17+00:00,2017-10-31 07:00:17-04:00,2017-10-31T11:15:17+00:00,15,acceptance recorded,2017-10-31,"2.02,9.01",True,8-K items 2.02,False,True,https://www.sec.gov/Archives/edgar/data/1551182/000115752317002887/a51707835.htm,https://data.sec.gov/submissions/CIK0001551182.json
ETN,1551182,8-K,2017-10-13,2017-10-13T20:53:20+00:00,2017-10-13 16:53:20-04:00,2017-10-13T21:08:20+00:00,15,acceptance recorded,2017-10-10,"2.02,9.01",True,8-K items 2.02,False,True,https://www.sec.gov/Archives/edgar/data/1551182/000155118217000176/etn10132017form8-k.htm,https://data.sec.gov/submissions/CIK0001551182.json
ETN,1551182,8-K,2017-09-15,2017-09-15T15:34:57+00:00,2017-09-15 11:34:57-04:00,2017-09-15T15:49:57+00:00,15,acceptance recorded,2017-09-15,"8.01,9.01",True,8-K items 8.01,False,True,https://www.sec.gov/Archives/edgar/data/1551182/000119312517286019/d628908d8k.htm,https://data.sec.gov/submissions/CIK0001551182.json
ETN,1551182,8-K,2017-09-11,2017-09-11T20:15:57+00:00,2017-09-11 16:15:57-04:00,2017-09-11T20:30:57+00:00,15,acceptance recorded,2017-09-06,"8.01,9.01",True,8-K items 8.01,False,True,https://www.sec.gov/Archives/edgar/data/1551182/000119312517281809/d644669d8k.htm,https://data.sec.gov/submissions/CIK0001551182.json
ETN,1551182,10-Q,2017-08-01,2017-08-01T15:56:41+00:00,2017-08-01 11:56:41-04:00,2017-08-01T16:11:41+00:00,15,acceptance recorded,2017-06-30,,True,periodic report,False,True,https://www.sec.gov/Archives/edgar/data/1551182/000155118217000169/etn0630201710-qdoc.htm,https://data.sec.gov/submissions/CIK0001551182.json
ETN,1551182,8-K,2017-08-01,2017-08-01T11:00:31+00:00,2017-08-01 07:00:31-04:00,2017-08-01T11:15:31+00:00,15,acceptance recorded,2017-08-01,"2.02,9.01",True,8-K items 2.02,False,True,https://www.sec.gov/Archives/edgar/data/1551182/000115752317002201/a51604234.htm,https://data.sec.gov/submissions/CIK0001551182.json
ETN,1551182,10-Q,2017-05-02,2017-05-02T17:39:47+00:00,2017-05-02 13:39:47-04:00,2017-05-02T17:54:47+00:00,15,acceptance recorded,2017-03-31,,True,periodic report,False,True,https://www.sec.gov/Archives/edgar/data/1551182/000155118217000131/etn0331201710-qdoc.htm,https://data.sec.gov/submissions/CIK0001551182.json
ETN,1551182,8-K,2017-05-02,2017-05-02T11:00:18+00:00,2017-05-02 07:00:18-04:00,2017-05-02T11:15:18+00:00,15,acceptance recorded,2017-05-02,"2.02,9.01",True,8-K items 2.02,False,True,https://www.sec.gov/Archives/edgar/data/1551182/000115752317001332/a51550970.htm,https://data.sec.gov/submissions/CIK0001551182.json
ETN,1551182,8-K,2017-05-01,2017-05-01T13:17:45+00:00,2017-05-01 09:17:45-04:00,2017-05-01T13:32:45+00:00,15,acceptance recorded,2017-04-26,"5.03,5.07,9.01",False,8-K item not on the candidate list,False,True,https://www.sec.gov/Archives/edgar/data/1551182/000155118217000127/a8-kagm.htm,https://data.sec.gov/submissions/CIK0001551182.json
ETN,1551182,8-K,2017-02-24,2017-02-24T17:31:46+00:00,2017-02-24 12:31:46-05:00,2017-02-24T17:46:46+00:00,15,acceptance recorded,2017-02-21,5.02,False,8-K item not on the candidate list,False,True,https://www.sec.gov/Archives/edgar/data/1551182/000155118217000056/a8-kgrantsanddirectors.htm,https://data.sec.gov/submissions/CIK0001551182.json
ETN,1551182,10-K,2017-02-22,2017-02-22T21:03:51+00:00,2017-02-22 16:03:51-05:00,2017-02-22T21:18:51+00:00,15,acceptance recorded,2016-12-31,,True,periodic report,False,True,https://www.sec.gov/Archives/edgar/data/1551182/000155118217000014/etn12312016form10-k.htm,https://data.sec.gov/submissions/CIK0001551182.json
ETN,1551182,8-K,2017-02-02,2017-02-02T12:00:15+00:00,2017-02-02 07:00:15-05:00,2017-02-02T12:15:15+00:00,15,acceptance recorded,2017-02-02,"2.02,9.01",True,8-K items 2.02,False,True,https://www.sec.gov/Archives/edgar/data/1551182/000115752317000308/a51503888.htm,https://data.sec.gov/submissions/CIK0001551182.json
ETN,1551182,8-K,2017-01-03,2017-01-03T19:05:06+00:00,2017-01-03 14:05:06-05:00,2017-01-03T19:20:06+00:00,15,acceptance recorded,2016-12-31,5.02,False,8-K item not on the candidate list,False,True,https://www.sec.gov/Archives/edgar/data/1551182/000155118217000002/a8-kdirectorretirement.htm,https://data.sec.gov/submissions/CIK0001551182.json
ETN,1551182,8-K,2016-12-06,2016-12-06T15:37:01+00:00,2016-12-06 10:37:01-05:00,2016-12-06T15:52:01+00:00,15,acceptance recorded,2016-12-02,"5.02,9.01",False,8-K item not on the candidate list,False,True,https://www.sec.gov/Archives/edgar/data/1551182/000155118216000127/a8-k.htm,https://data.sec.gov/submissions/CIK0001551182.json
ETN,1551182,10-Q,2016-11-01,2016-11-01T15:13:45+00:00,2016-11-01 11:13:45-04:00,2016-11-01T15:28:45+00:00,15,acceptance recorded,2016-09-30,,True,periodic report,False,True,https://www.sec.gov/Archives/edgar/data/1551182/000155118216000106/etn0930201610-q.htm,https://data.sec.gov/submissions/CIK0001551182.json
ETN,1551182,8-K,2016-11-01,2016-11-01T11:00:27+00:00,2016-11-01 07:00:27-04:00,2016-11-01T11:15:27+00:00,15,acceptance recorded,2016-11-01,"2.02,9.01",True,8-K items 2.02,False,True,https://www.sec.gov/Archives/edgar/data/1551182/000115752316007143/a51450707.htm,https://data.sec.gov/submissions/CIK0001551182.json
ETN,1551182,10-Q,2016-08-02,2016-08-02T15:40:04+00:00,2016-08-02 11:40:04-04:00,2016-08-02T15:55:04+00:00,15,acceptance recorded,2016-06-30,,True,periodic report,False,True,https://www.sec.gov/Archives/edgar/data/1551182/000155118216000092/etn0630201610-q.htm,https://data.sec.gov/submissions/CIK0001551182.json
ETN,1551182,8-K,2016-08-02,2016-08-02T11:01:23+00:00,2016-08-02 07:01:23-04:00,2016-08-02T11:16:23+00:00,15,acceptance recorded,2016-08-02,"2.02,9.01",True,8-K items 2.02,False,True,https://www.sec.gov/Archives/edgar/data/1551182/000115752316006360/a51393637.htm,https://data.sec.gov/submissions/CIK0001551182.json
ETN,1551182,8-K,2016-07-29,2016-07-29T14:46:07+00:00,2016-07-29 10:46:07-04:00,2016-07-29T15:01:07+00:00,15,acceptance recorded,2016-07-26,"5.02,9.01",False,8-K item not on the candidate list,False,True,https://www.sec.gov/Archives/edgar/data/1551182/000155118216000086/a8-kjuly2016.htm,https://data.sec.gov/submissions/CIK0001551182.json
ETN,1551182,8-K,2016-05-02,2016-05-02T15:31:14+00:00,2016-05-02 11:31:14-04:00,2016-05-02T15:46:14+00:00,15,acceptance recorded,2016-04-26,"5.02,5.03,5.07",False,8-K item not on the candidate list,False,True,https://www.sec.gov/Archives/edgar/data/1551182/000155118216000053/a8-kannualmeetingresults20.htm,https://data.sec.gov/submissions/CIK0001551182.json
ETN,1551182,10-Q,2016-04-29,2016-04-29T15:16:07+00:00,2016-04-29 11:16:07-04:00,2016-04-29T15:31:07+00:00,15,acceptance recorded,2016-03-31,,True,periodic report,False,True,https://www.sec.gov/Archives/edgar/data/1551182/000155118216000051/etn0331201610-q.htm,https://data.sec.gov/submissions/CIK0001551182.json
ETN,1551182,8-K,2016-04-29,2016-04-29T11:00:27+00:00,2016-04-29 07:00:27-04:00,2016-04-29T11:15:27+00:00,15,acceptance recorded,2016-04-29,"2.02,9.01",True,8-K items 2.02,False,True,https://www.sec.gov/Archives/edgar/data/1551182/000115752316005334/a51331552.htm,https://data.sec.gov/submissions/CIK0001551182.json
ETN,1551182,8-K,2016-02-29,2016-02-29T19:34:27+00:00,2016-02-29 14:34:27-05:00,2016-02-29T19:49:27+00:00,15,acceptance recorded,2016-02-23,5.02,False,8-K item not on the candidate list,False,True,https://www.sec.gov/Archives/edgar/data/1551182/000155118216000043/a8-kfebruary2016.htm,https://data.sec.gov/submissions/CIK0001551182.json
ETN,1551182,10-K,2016-02-24,2016-02-24T20:56:29+00:00,2016-02-24 15:56:29-05:00,2016-02-24T21:11:29+00:00,15,acceptance recorded,2015-12-31,,True,periodic report,False,True,https://www.sec.gov/Archives/edgar/data/1551182/000155118216000041/etn12312015form10-k.htm,https://data.sec.gov/submissions/CIK0001551182.json
ETN,1551182,8-K,2016-02-03,2016-02-03T12:16:29+00:00,2016-02-03 07:16:29-05:00,2016-02-03T12:31:29+00:00,15,acceptance recorded,2016-02-03,"2.02,9.01",True,8-K items 2.02,False,True,https://www.sec.gov/Archives/edgar/data/1551182/000115752316004411/a51271924.htm,https://data.sec.gov/submissions/CIK0001551182.json
ETN,1551182,8-K,2015-12-17,2015-12-17T14:21:22+00:00,2015-12-17 09:21:22-05:00,2015-12-17T14:36:22+00:00,15,acceptance recorded,2015-12-16,"5.02,9.01",False,8-K item not on the candidate list,False,True,https://www.sec.gov/Archives/edgar/data/1551182/000155118215000028/a8-k.htm,https://data.sec.gov/submissions/CIK0001551182.json
ETN,1551182,10-Q,2015-10-30,2015-10-30T15:11:12+00:00,2015-10-30 11:11:12-04:00,2015-10-30T15:26:12+00:00,15,acceptance recorded,2015-09-30,,True,periodic report,False,True,https://www.sec.gov/Archives/edgar/data/1551182/000155118215000023/etn0930201510-q.htm,https://data.sec.gov/submissions/CIK0001551182.json
ETN,1551182,8-K,2015-10-30,2015-10-30T11:03:32+00:00,2015-10-30 07:03:32-04:00,2015-10-30T11:18:32+00:00,15,acceptance recorded,2015-10-30,"2.02,9.01",True,8-K items 2.02,False,True,https://www.sec.gov/Archives/edgar/data/1551182/000115752315003577/a51213200.htm,https://data.sec.gov/submissions/CIK0001551182.json
ETN,1551182,8-K,2015-10-19,2015-10-19T21:10:34+00:00,2015-10-19 17:10:34-04:00,2015-10-19T21:25:34+00:00,15,acceptance recorded,2015-10-19,"2.02,9.01",True,8-K items 2.02,False,True,https://www.sec.gov/Archives/edgar/data/1551182/000119312515347128/d88428d8k.htm,https://data.sec.gov/submissions/CIK0001551182.json
ETN,1551182,10-Q,2015-07-29,2015-07-29T15:17:09+00:00,2015-07-29 11:17:09-04:00,2015-07-29T15:32:09+00:00,15,acceptance recorded,2015-06-30,,True,periodic report,False,True,https://www.sec.gov/Archives/edgar/data/1551182/000155118215000018/etn0630201510-q.htm,https://data.sec.gov/submissions/CIK0001551182.json
ETN,1551182,8-K,2015-07-29,2015-07-29T11:02:51+00:00,2015-07-29 07:02:51-04:00,2015-07-29T11:17:51+00:00,15,acceptance recorded,2015-07-29,"2.02,9.01",True,8-K items 2.02,False,True,https://www.sec.gov/Archives/edgar/data/1551182/000115752315002568/a51151522.htm,https://data.sec.gov/submissions/CIK0001551182.json
ETN,1551182,8-K,2015-06-17,2015-06-17T10:02:52+00:00,2015-06-17 06:02:52-04:00,2015-06-17T10:17:52+00:00,15,acceptance recorded,2015-06-15,"5.02,9.01",False,8-K item not on the candidate list,False,True,https://www.sec.gov/Archives/edgar/data/1551182/000119312515225153/d945163d8k.htm,https://data.sec.gov/submissions/CIK0001551182.json
ETN,1551182,10-Q,2015-04-29,2015-04-29T19:02:43+00:00,2015-04-29 15:02:43-04:00,2015-04-29T19:17:43+00:00,15,acceptance recorded,2015-03-31,,True,periodic report,False,True,https://www.sec.gov/Archives/edgar/data/1551182/000155118215000010/etn0331201510-q.htm,https://data.sec.gov/submissions/CIK0001551182.json
ETN,1551182,8-K,2015-04-29,2015-04-29T11:00:16+00:00,2015-04-29 07:00:16-04:00,2015-04-29T11:15:16+00:00,15,acceptance recorded,2015-04-29,"2.02,9.01",True,8-K items 2.02,False,True,https://www.sec.gov/Archives/edgar/data/1551182/000115752315001394/a51090167.htm,https://data.sec.gov/submissions/CIK0001551182.json
ETN,1551182,8-K,2015-04-24,2015-04-24T15:14:34+00:00,2015-04-24 11:14:34-04:00,2015-04-24T15:29:34+00:00,15,acceptance recorded,2015-04-22,5.07,False,8-K item not on the candidate list,False,True,https://www.sec.gov/Archives/edgar/data/1551182/000119312515145686/d915075d8k.htm,https://data.sec.gov/submissions/CIK0001551182.json
ETN,1551182,8-K,2015-03-02,2015-03-02T14:39:37+00:00,2015-03-02 09:39:37-05:00,2015-03-02T14:54:37+00:00,15,acceptance recorded,2015-02-24,5.02,False,8-K item not on the candidate list,False,True,https://www.sec.gov/Archives/edgar/data/1551182/000119312515072056/d882200d8k.htm,https://data.sec.gov/submissions/CIK0001551182.json
ETN,1551182,10-K,2015-02-26,2015-02-26T16:45:24+00:00,2015-02-26 11:45:24-05:00,2015-02-26T17:00:24+00:00,15,acceptance recorded,2014-12-31,,True,periodic report,False,True,https://www.sec.gov/Archives/edgar/data/1551182/000155118215000007/etn12312014form10-k.htm,https://data.sec.gov/submissions/CIK0001551182.json
ETN,1551182,8-K,2015-02-03,2015-02-03T12:52:32+00:00,2015-02-03 07:52:32-05:00,2015-02-03T13:07:32+00:00,15,acceptance recorded,2015-02-03,"2.02,9.01",True,8-K items 2.02,False,True,https://www.sec.gov/Archives/edgar/data/1551182/000155118215000003/etn12312014form8-k.htm,https://data.sec.gov/submissions/CIK0001551182.json
EME,105634,8-K,2026-07-31,2026-07-31T20:27:00+00:00,2026-07-31 16:27:00-04:00,2026-07-31T20:42:00+00:00,15,acceptance recorded,2026-07-28,1.04,False,8-K item not on the candidate list,True,True,https://www.sec.gov/Archives/edgar/data/105634/000010563426000115/eme-20260728.htm,https://data.sec.gov/submissions/CIK0000105634.json
EME,105634,8-K,2026-07-30,2026-07-30T13:03:52+00:00,2026-07-30 09:03:52-04:00,2026-07-30T13:18:52+00:00,15,acceptance recorded,2026-07-30,"2.02,9.01",True,8-K items 2.02,True,True,https://www.sec.gov/Archives/edgar/data/105634/000010563426000112/eme-20260730.htm,https://data.sec.gov/submissions/CIK0000105634.json
EME,105634,10-Q,2026-07-30,2026-07-30T11:34:38+00:00,2026-07-30 07:34:38-04:00,2026-07-30T11:49:38+00:00,15,acceptance recorded,2026-06-30,,True,periodic report,True,True,https://www.sec.gov/Archives/edgar/data/105634/000010563426000110/eme-20260630.htm,https://data.sec.gov/submissions/CIK0000105634.json
EME,105634,8-K,2026-06-04,2026-06-04T20:15:18+00:00,2026-06-04 16:15:18-04:00,2026-06-04T20:30:18+00:00,15,acceptance recorded,2026-06-04,"5.07,9.01",False,8-K item not on the candidate list,True,True,https://www.sec.gov/Archives/edgar/data/105634/000010563426000085/eme-20260604.htm,https://data.sec.gov/submissions/CIK0000105634.json
EME,105634,8-K,2026-04-29,2026-04-29T12:05:36+00:00,2026-04-29 08:05:36-04:00,2026-04-29T12:20:36+00:00,15,acceptance recorded,2026-04-29,"2.02,9.01",True,8-K items 2.02,True,True,https://www.sec.gov/Archives/edgar/data/105634/000010563426000048/eme-20260429.htm,https://data.sec.gov/submissions/CIK0000105634.json
EME,105634,10-Q,2026-04-29,2026-04-29T11:32:57+00:00,2026-04-29 07:32:57-04:00,2026-04-29T11:47:57+00:00,15,acceptance recorded,2026-03-31,,True,periodic report,True,True,https://www.sec.gov/Archives/edgar/data/105634/000010563426000046/eme-20260331.htm,https://data.sec.gov/submissions/CIK0000105634.json
EME,105634,8-K,2026-02-26,2026-02-26T14:33:42+00:00,2026-02-26 09:33:42-05:00,2026-02-26T14:48:42+00:00,15,acceptance recorded,2026-02-26,"2.02,9.01",True,8-K items 2.02,True,True,https://www.sec.gov/Archives/edgar/data/105634/000010563426000027/eme-20260226.htm,https://data.sec.gov/submissions/CIK0000105634.json
EME,105634,10-K,2026-02-26,2026-02-26T12:34:02+00:00,2026-02-26 07:34:02-05:00,2026-02-26T12:49:02+00:00,15,acceptance recorded,2025-12-31,,True,periodic report,True,True,https://www.sec.gov/Archives/edgar/data/105634/000010563426000025/eme-20251231.htm,https://data.sec.gov/submissions/CIK0000105634.json
EME,105634,8-K,2025-10-30,2025-10-30T12:48:33+00:00,2025-10-30 08:48:33-04:00,2025-10-30T13:03:33+00:00,15,acceptance recorded,2025-10-30,"2.02,9.01",True,8-K items 2.02,True,True,https://www.sec.gov/Archives/edgar/data/105634/000010563425000082/eme-20251030.htm,https://data.sec.gov/submissions/CIK0000105634.json
EME,105634,10-Q,2025-10-30,2025-10-30T11:33:10+00:00,2025-10-30 07:33:10-04:00,2025-10-30T11:48:10+00:00,15,acceptance recorded,2025-09-30,,True,periodic report,True,True,https://www.sec.gov/Archives/edgar/data/105634/000010563425000078/eme-20250930.htm,https://data.sec.gov/submissions/CIK0000105634.json
EME,105634,8-K,2025-10-29,2025-10-29T15:40:41+00:00,2025-10-29 11:40:41-04:00,2025-10-29T15:55:41+00:00,15,acceptance recorded,2025-10-27,"5.02,7.01",True,8-K items 7.01,True,True,https://www.sec.gov/Archives/edgar/data/105634/000010563425000073/eme-20251027.htm,https://data.sec.gov/submissions/CIK0000105634.json
EME,105634,8-K,2025-07-31,2025-07-31T13:55:24+00:00,2025-07-31 09:55:24-04:00,2025-07-31T14:10:24+00:00,15,acceptance recorded,2025-07-31,"2.02,9.01",True,8-K items 2.02,True,True,https://www.sec.gov/Archives/edgar/data/105634/000010563425000049/eme-20250731.htm,https://data.sec.gov/submissions/CIK0000105634.json
EME,105634,10-Q,2025-07-31,2025-07-31T11:33:49+00:00,2025-07-31 07:33:49-04:00,2025-07-31T11:48:49+00:00,15,acceptance recorded,2025-06-30,,True,periodic report,True,True,https://www.sec.gov/Archives/edgar/data/105634/000010563425000046/eme-20250630.htm,https://data.sec.gov/submissions/CIK0000105634.json
EME,105634,8-K,2025-06-05,2025-06-05T20:08:51+00:00,2025-06-05 16:08:51-04:00,2025-06-05T20:23:51+00:00,15,acceptance recorded,2025-06-05,"5.02,5.07,9.01",False,8-K item not on the candidate list,True,True,https://www.sec.gov/Archives/edgar/data/105634/000010563425000036/eme-20250605.htm,https://data.sec.gov/submissions/CIK0000105634.json
EME,105634,8-K,2025-04-30,2025-04-30T16:28:21+00:00,2025-04-30 12:28:21-04:00,2025-04-30T16:43:21+00:00,15,acceptance recorded,2025-04-30,"2.02,9.01",True,8-K items 2.02,True,True,https://www.sec.gov/Archives/edgar/data/105634/000010563425000032/eme-20250430.htm,https://data.sec.gov/submissions/CIK0000105634.json
EME,105634,10-Q,2025-04-30,2025-04-30T11:32:54+00:00,2025-04-30 07:32:54-04:00,2025-04-30T11:47:54+00:00,15,acceptance recorded,2025-03-31,,True,periodic report,True,True,https://www.sec.gov/Archives/edgar/data/105634/000010563425000029/eme-20250331.htm,https://data.sec.gov/submissions/CIK0000105634.json
EME,105634,8-K,2025-02-26,2025-02-26T17:17:02+00:00,2025-02-26 12:17:02-05:00,2025-02-26T17:32:02+00:00,15,acceptance recorded,2025-02-26,"2.02,9.01",True,8-K items 2.02,True,True,https://www.sec.gov/Archives/edgar/data/105634/000010563425000019/eme-20250226.htm,https://data.sec.gov/submissions/CIK0000105634.json
EME,105634,10-K,2025-02-26,2025-02-26T12:32:46+00:00,2025-02-26 07:32:46-05:00,2025-02-26T12:47:46+00:00,15,acceptance recorded,2024-12-31,,True,periodic report,True,True,https://www.sec.gov/Archives/edgar/data/105634/000010563425000015/eme-20241231.htm,https://data.sec.gov/submissions/CIK0000105634.json
EME,105634,8-K,2025-02-03,2025-02-03T16:13:05+00:00,2025-02-03 11:13:05-05:00,2025-02-03T16:28:05+00:00,15,acceptance recorded,2025-02-03,"2.01,9.01",False,8-K item not on the candidate list,True,True,https://www.sec.gov/Archives/edgar/data/105634/000010563425000006/eme-20250203.htm,https://data.sec.gov/submissions/CIK0000105634.json
EME,105634,8-K,2024-12-19,2024-12-19T17:31:03+00:00,2024-12-19 12:31:03-05:00,2024-12-19T17:46:03+00:00,15,acceptance recorded,2024-12-18,"5.02,7.01",True,8-K items 7.01,True,True,https://www.sec.gov/Archives/edgar/data/105634/000010563424000042/eme-20241218.htm,https://data.sec.gov/submissions/CIK0000105634.json
EME,105634,8-K,2024-10-31,2024-10-31T15:52:50+00:00,2024-10-31 11:52:50-04:00,2024-10-31T16:07:50+00:00,15,acceptance recorded,2024-10-31,"2.02,9.01",True,8-K items 2.02,True,True,https://www.sec.gov/Archives/edgar/data/105634/000010563424000039/eme-20241031.htm,https://data.sec.gov/submissions/CIK0000105634.json
EME,105634,10-Q,2024-10-31,2024-10-31T11:32:41+00:00,2024-10-31 07:32:41-04:00,2024-10-31T11:47:41+00:00,15,acceptance recorded,2024-09-30,,True,periodic report,True,True,https://www.sec.gov/Archives/edgar/data/105634/000010563424000037/eme-20240930.htm,https://data.sec.gov/submissions/CIK0000105634.json
EME,105634,8-K,2024-07-25,2024-07-25T19:23:04+00:00,2024-07-25 15:23:04-04:00,2024-07-25T19:38:04+00:00,15,acceptance recorded,2024-07-25,"2.02,9.01",True,8-K items 2.02,False,True,https://www.sec.gov/Archives/edgar/data/105634/000010563424000031/eme-20240725.htm,https://data.sec.gov/submissions/CIK0000105634.json
EME,105634,10-Q,2024-07-25,2024-07-25T11:33:53+00:00,2024-07-25 07:33:53-04:00,2024-07-25T11:48:53+00:00,15,acceptance recorded,2024-06-30,,True,periodic report,False,True,https://www.sec.gov/Archives/edgar/data/105634/000010563424000029/eme-20240630.htm,https://data.sec.gov/submissions/CIK0000105634.json
EME,105634,8-K,2024-06-10,2024-06-10T13:54:27+00:00,2024-06-10 09:54:27-04:00,2024-06-10T14:09:27+00:00,15,acceptance recorded,2024-06-06,5.07,False,8-K item not on the candidate list,False,True,https://www.sec.gov/Archives/edgar/data/105634/000010563424000023/eme-20240606.htm,https://data.sec.gov/submissions/CIK0000105634.json
EME,105634,8-K/A,2024-05-09,2024-05-09T19:26:01+00:00,2024-05-09 15:26:01-04:00,2024-05-09T19:41:01+00:00,15,acceptance recorded,2023-12-13,5.02,False,8-K item not on the candidate list,False,True,https://www.sec.gov/Archives/edgar/data/105634/000010563424000017/eme-20231213.htm,https://data.sec.gov/submissions/CIK0000105634.json
EME,105634,8-K,2024-04-25,2024-04-25T17:07:17+00:00,2024-04-25 13:07:17-04:00,2024-04-25T17:22:17+00:00,15,acceptance recorded,2024-04-25,"2.02,9.01",True,8-K items 2.02,False,True,https://www.sec.gov/Archives/edgar/data/105634/000010563424000015/eme-20240425.htm,https://data.sec.gov/submissions/CIK0000105634.json
EME,105634,10-Q,2024-04-25,2024-04-25T11:32:50+00:00,2024-04-25 07:32:50-04:00,2024-04-25T11:47:50+00:00,15,acceptance recorded,2024-03-31,,True,periodic report,False,True,https://www.sec.gov/Archives/edgar/data/105634/000010563424000013/eme-20240331.htm,https://data.sec.gov/submissions/CIK0000105634.json
EME,105634,8-K,2024-02-28,2024-02-28T18:16:46+00:00,2024-02-28 13:16:46-05:00,2024-02-28T18:31:46+00:00,15,acceptance recorded,2024-02-28,"2.02,9.01",True,8-K items 2.02,False,True,https://www.sec.gov/Archives/edgar/data/105634/000010563424000008/eme-20240228.htm,https://data.sec.gov/submissions/CIK0000105634.json
EME,105634,10-K,2024-02-28,2024-02-28T12:33:04+00:00,2024-02-28 07:33:04-05:00,2024-02-28T12:48:04+00:00,15,acceptance recorded,2023-12-31,,True,periodic report,False,True,https://www.sec.gov/Archives/edgar/data/105634/000010563424000006/eme-20231231.htm,https://data.sec.gov/submissions/CIK0000105634.json
EME,105634,8-K,2023-12-21,2023-12-21T21:10:13+00:00,2023-12-21 16:10:13-05:00,2023-12-21T21:25:13+00:00,15,acceptance recorded,2023-12-20,"1.01,2.03,9.01",True,8-K items 1.01,False,True,https://www.sec.gov/Archives/edgar/data/105634/000010563423000045/eme-20231220.htm,https://data.sec.gov/submissions/CIK0000105634.json
EME,105634,8-K,2023-12-15,2023-12-15T21:16:47+00:00,2023-12-15 16:16:47-05:00,2023-12-15T21:31:47+00:00,15,acceptance recorded,2023-12-13,"5.02,7.01,9.01",True,8-K items 7.01,False,True,https://www.sec.gov/Archives/edgar/data/105634/000010563423000042/eme-20231213.htm,https://data.sec.gov/submissions/CIK0000105634.json
EME,105634,8-K,2023-10-26,2023-10-26T17:04:02+00:00,2023-10-26 13:04:02-04:00,2023-10-26T17:19:02+00:00,15,acceptance recorded,2023-10-26,"2.02,9.01",True,8-K items 2.02,False,True,https://www.sec.gov/Archives/edgar/data/105634/000010563423000038/eme-20231026.htm,https://data.sec.gov/submissions/CIK0000105634.json
EME,105634,10-Q,2023-10-26,2023-10-26T11:33:31+00:00,2023-10-26 07:33:31-04:00,2023-10-26T11:48:31+00:00,15,acceptance recorded,2023-09-30,,True,periodic report,False,True,https://www.sec.gov/Archives/edgar/data/105634/000010563423000036/eme-20230930.htm,https://data.sec.gov/submissions/CIK0000105634.json
EME,105634,8-K,2023-07-27,2023-07-27T16:30:46+00:00,2023-07-27 12:30:46-04:00,2023-07-27T16:45:46+00:00,15,acceptance recorded,2023-07-27,"2.02,9.01",True,8-K items 2.02,False,True,https://www.sec.gov/Archives/edgar/data/105634/000010563423000031/eme-20230727.htm,https://data.sec.gov/submissions/CIK0000105634.json
EME,105634,10-Q,2023-07-27,2023-07-27T11:34:01+00:00,2023-07-27 07:34:01-04:00,2023-07-27T11:49:01+00:00,15,acceptance recorded,2023-06-30,,True,periodic report,False,True,https://www.sec.gov/Archives/edgar/data/105634/000010563423000029/eme-20230630.htm,https://data.sec.gov/submissions/CIK0000105634.json
EME,105634,8-K,2023-06-09,2023-06-09T15:48:45+00:00,2023-06-09 11:48:45-04:00,2023-06-09T16:03:45+00:00,15,acceptance recorded,2023-06-08,"3.03,5.03,5.07,9.01",False,8-K item not on the candidate list,False,True,https://www.sec.gov/Archives/edgar/data/105634/000010563423000023/eme-20230608.htm,https://data.sec.gov/submissions/CIK0000105634.json
EME,105634,8-K,2023-04-28,2023-04-28T16:08:15+00:00,2023-04-28 12:08:15-04:00,2023-04-28T16:23:15+00:00,15,acceptance recorded,2023-04-27,"1.01,2.02,2.03,9.01",True,"8-K items 1.01, 2.02",False,True,https://www.sec.gov/Archives/edgar/data/105634/000010563423000016/eme-20230427.htm,https://data.sec.gov/submissions/CIK0000105634.json
EME,105634,10-Q,2023-04-27,2023-04-27T11:33:48+00:00,2023-04-27 07:33:48-04:00,2023-04-27T11:48:48+00:00,15,acceptance recorded,2023-03-31,,True,periodic report,False,True,https://www.sec.gov/Archives/edgar/data/105634/000010563423000013/eme-20230331.htm,https://data.sec.gov/submissions/CIK0000105634.json
EME,105634,8-K,2023-02-23,2023-02-23T19:38:24+00:00,2023-02-23 14:38:24-05:00,2023-02-23T19:53:24+00:00,15,acceptance recorded,2023-02-23,"2.02,9.01",True,8-K items 2.02,False,True,https://www.sec.gov/Archives/edgar/data/105634/000010563423000008/eme-20230223.htm,https://data.sec.gov/submissions/CIK0000105634.json
EME,105634,10-K,2023-02-23,2023-02-23T12:33:54+00:00,2023-02-23 07:33:54-05:00,2023-02-23T12:48:54+00:00,15,acceptance recorded,2022-12-31,,True,periodic report,False,True,https://www.sec.gov/Archives/edgar/data/105634/000010563423000005/eme-20221231.htm,https://data.sec.gov/submissions/CIK0000105634.json
EME,105634,8-K,2022-12-15,2022-12-15T16:02:29+00:00,2022-12-15 11:02:29-05:00,2022-12-15T16:17:29+00:00,15,acceptance recorded,2022-12-14,"5.02,7.01,9.01",True,8-K items 7.01,False,True,https://www.sec.gov/Archives/edgar/data/105634/000010563422000046/eme-20221214.htm,https://data.sec.gov/submissions/CIK0000105634.json
EME,105634,8-K,2022-10-27,2022-10-27T16:01:43+00:00,2022-10-27 12:01:43-04:00,2022-10-27T16:16:43+00:00,15,acceptance recorded,2022-10-27,"2.02,9.01",True,8-K items 2.02,False,True,https://www.sec.gov/Archives/edgar/data/105634/000010563422000043/eme-20221027.htm,https://data.sec.gov/submissions/CIK0000105634.json
EME,105634,10-Q,2022-10-27,2022-10-27T11:33:34+00:00,2022-10-27 07:33:34-04:00,2022-10-27T11:48:34+00:00,15,acceptance recorded,2022-09-30,,True,periodic report,False,True,https://www.sec.gov/Archives/edgar/data/105634/000010563422000039/eme-20220930.htm,https://data.sec.gov/submissions/CIK0000105634.json
EME,105634,8-K,2022-10-26,2022-10-26T20:02:17+00:00,2022-10-26 16:02:17-04:00,2022-10-26T20:17:17+00:00,15,acceptance recorded,2022-10-25,"5.03,9.01",False,8-K item not on the candidate list,False,True,https://www.sec.gov/Archives/edgar/data/105634/000010563422000036/eme-20221025.htm,https://data.sec.gov/submissions/CIK0000105634.json
EME,105634,8-K,2022-07-28,2022-07-28T16:32:20+00:00,2022-07-28 12:32:20-04:00,2022-07-28T16:47:20+00:00,15,acceptance recorded,2022-07-28,"2.02,9.01",True,8-K items 2.02,False,True,https://www.sec.gov/Archives/edgar/data/105634/000010563422000031/eme-20220728.htm,https://data.sec.gov/submissions/CIK0000105634.json
EME,105634,10-Q,2022-07-28,2022-07-28T11:33:11+00:00,2022-07-28 07:33:11-04:00,2022-07-28T11:48:11+00:00,15,acceptance recorded,2022-06-30,,True,periodic report,False,True,https://www.sec.gov/Archives/edgar/data/105634/000010563422000029/eme-20220630.htm,https://data.sec.gov/submissions/CIK0000105634.json
EME,105634,8-K,2022-06-03,2022-06-03T13:04:41+00:00,2022-06-03 09:04:41-04:00,2022-06-03T13:19:41+00:00,15,acceptance recorded,2022-06-02,"5.07,9.01",False,8-K item not on the candidate list,False,True,https://www.sec.gov/Archives/edgar/data/105634/000010563422000024/eme-20220602.htm,https://data.sec.gov/submissions/CIK0000105634.json
EME,105634,8-K,2022-04-28,2022-04-28T18:36:08+00:00,2022-04-28 14:36:08-04:00,2022-04-28T18:51:08+00:00,15,acceptance recorded,2022-04-28,"2.02,9.01",True,8-K items 2.02,False,True,https://www.sec.gov/Archives/edgar/data/105634/000010563422000016/eme-20220428.htm,https://data.sec.gov/submissions/CIK0000105634.json
EME,105634,10-Q,2022-04-28,2022-04-28T11:33:13+00:00,2022-04-28 07:33:13-04:00,2022-04-28T11:48:13+00:00,15,acceptance recorded,2022-03-31,,True,periodic report,False,True,https://www.sec.gov/Archives/edgar/data/105634/000010563422000013/eme-20220331.htm,https://data.sec.gov/submissions/CIK0000105634.json
EME,105634,8-K,2022-02-24,2022-02-24T16:45:02+00:00,2022-02-24 11:45:02-05:00,2022-02-24T17:00:02+00:00,15,acceptance recorded,2022-02-24,"2.02,9.01",True,8-K items 2.02,False,True,https://www.sec.gov/Archives/edgar/data/105634/000010563422000009/eme-20220224.htm,https://data.sec.gov/submissions/CIK0000105634.json
EME,105634,10-K,2022-02-24,2022-02-24T12:33:33+00:00,2022-02-24 07:33:33-05:00,2022-02-24T12:48:33+00:00,15,acceptance recorded,2021-12-31,,True,periodic report,False,True,https://www.sec.gov/Archives/edgar/data/105634/000010563422000006/eme-20211231.htm,https://data.sec.gov/submissions/CIK0000105634.json
EME,105634,8-K,2021-10-28,2021-10-28T15:59:51+00:00,2021-10-28 11:59:51-04:00,2021-10-28T16:14:51+00:00,15,acceptance recorded,2021-10-28,"2.02,9.01",True,8-K items 2.02,False,True,https://www.sec.gov/Archives/edgar/data/105634/000010563421000121/eme-20211028.htm,https://data.sec.gov/submissions/CIK0000105634.json
EME,105634,10-Q,2021-10-28,2021-10-28T11:33:05+00:00,2021-10-28 07:33:05-04:00,2021-10-28T11:48:05+00:00,15,acceptance recorded,2021-09-30,,True,periodic report,False,True,https://www.sec.gov/Archives/edgar/data/105634/000010563421000119/eme-20210930.htm,https://data.sec.gov/submissions/CIK0000105634.json
EME,105634,8-K,2021-07-29,2021-07-29T14:09:29+00:00,2021-07-29 10:09:29-04:00,2021-07-29T14:24:29+00:00,15,acceptance recorded,2021-07-29,"2.02,9.01",True,8-K items 2.02,False,True,https://www.sec.gov/Archives/edgar/data/105634/000010563421000115/eme-20210729.htm,https://data.sec.gov/submissions/CIK0000105634.json
EME,105634,10-Q,2021-07-29,2021-07-29T11:33:24+00:00,2021-07-29 07:33:24-04:00,2021-07-29T11:48:24+00:00,15,acceptance recorded,2021-06-30,,True,periodic report,False,True,https://www.sec.gov/Archives/edgar/data/105634/000010563421000113/eme-20210630.htm,https://data.sec.gov/submissions/CIK0000105634.json
EME,105634,8-K,2021-06-11,2021-06-11T13:41:41+00:00,2021-06-11 09:41:41-04:00,2021-06-11T13:56:41+00:00,15,acceptance recorded,2021-06-10,"5.02,5.07,9.01",False,8-K item not on the candidate list,False,True,https://www.sec.gov/Archives/edgar/data/105634/000010563421000109/eme-20210610.htm,https://data.sec.gov/submissions/CIK0000105634.json
EME,105634,8-K,2021-04-29,2021-04-29T16:21:25+00:00,2021-04-29 12:21:25-04:00,2021-04-29T16:36:25+00:00,15,acceptance recorded,2021-04-29,"2.02,9.01",True,8-K items 2.02,False,True,https://www.sec.gov/Archives/edgar/data/105634/000010563421000079/eme-20210429.htm,https://data.sec.gov/submissions/CIK0000105634.json
EME,105634,10-Q,2021-04-29,2021-04-29T11:33:06+00:00,2021-04-29 07:33:06-04:00,2021-04-29T11:48:06+00:00,15,acceptance recorded,2021-03-31,,True,periodic report,False,True,https://www.sec.gov/Archives/edgar/data/105634/000010563421000075/eme-20210331.htm,https://data.sec.gov/submissions/CIK0000105634.json
EME,105634,8-K,2021-02-25,2021-02-25T21:06:35+00:00,2021-02-25 16:06:35-05:00,2021-02-25T21:21:35+00:00,15,acceptance recorded,2021-02-25,"2.02,9.01",True,8-K items 2.02,False,True,https://www.sec.gov/Archives/edgar/data/105634/000010563421000047/eme-20210225.htm,https://data.sec.gov/submissions/CIK0000105634.json
EME,105634,10-K,2021-02-25,2021-02-25T12:33:36+00:00,2021-02-25 07:33:36-05:00,2021-02-25T12:48:36+00:00,15,acceptance recorded,2020-12-31,,True,periodic report,False,True,https://www.sec.gov/Archives/edgar/data/105634/000010563421000044/eme-20201231.htm,https://data.sec.gov/submissions/CIK0000105634.json
EME,105634,8-K,2021-02-24,2021-02-24T14:10:22+00:00,2021-02-24 09:10:22-05:00,2021-02-24T14:25:22+00:00,15,acceptance recorded,2021-02-23,"5.02,7.01,9.01",True,8-K items 7.01,False,True,https://www.sec.gov/Archives/edgar/data/105634/000010563421000041/eme-20210223.htm,https://data.sec.gov/submissions/CIK0000105634.json
EME,105634,8-K,2020-10-29,2020-10-29T15:41:25+00:00,2020-10-29 11:41:25-04:00,2020-10-29T15:56:25+00:00,15,acceptance recorded,2020-10-29,"2.02,9.01",True,8-K items 2.02,False,True,https://www.sec.gov/Archives/edgar/data/105634/000010563420000160/eme-20201029.htm,https://data.sec.gov/submissions/CIK0000105634.json
EME,105634,10-Q,2020-10-29,2020-10-29T11:33:07+00:00,2020-10-29 07:33:07-04:00,2020-10-29T11:48:07+00:00,15,acceptance recorded,2020-09-30,,True,periodic report,False,True,https://www.sec.gov/Archives/edgar/data/105634/000010563420000157/eme-20200930.htm,https://data.sec.gov/submissions/CIK0000105634.json
EME,105634,8-K,2020-08-03,2020-08-03T16:30:26+00:00,2020-08-03 12:30:26-04:00,2020-08-03T16:45:26+00:00,15,acceptance recorded,2020-08-03,"2.02,9.01",True,8-K items 2.02,False,True,https://www.sec.gov/Archives/edgar/data/105634/000010563420000149/eme-20200803.htm,https://data.sec.gov/submissions/CIK0000105634.json
EME,105634,10-Q,2020-08-03,2020-08-03T11:33:12+00:00,2020-08-03 07:33:12-04:00,2020-08-03T11:48:12+00:00,15,acceptance recorded,2020-06-30,,True,periodic report,False,True,https://www.sec.gov/Archives/edgar/data/105634/000010563420000146/eme-20200630.htm,https://data.sec.gov/submissions/CIK0000105634.json
EME,105634,8-K,2020-06-12,2020-06-12T18:06:42+00:00,2020-06-12 14:06:42-04:00,2020-06-12T18:21:42+00:00,15,acceptance recorded,2020-06-11,"5.02,5.07,9.01",False,8-K item not on the candidate list,False,True,https://www.sec.gov/Archives/edgar/data/105634/000010563420000100/eme-20200611.htm,https://data.sec.gov/submissions/CIK0000105634.json
EME,105634,8-K,2020-04-30,2020-04-30T17:45:45+00:00,2020-04-30 13:45:45-04:00,2020-04-30T18:00:45+00:00,15,acceptance recorded,2020-04-30,"2.02,9.01",True,8-K items 2.02,False,True,https://www.sec.gov/Archives/edgar/data/105634/000010563420000068/eme-2020331x8k.htm,https://data.sec.gov/submissions/CIK0000105634.json
EME,105634,10-Q,2020-04-30,2020-04-30T11:34:21+00:00,2020-04-30 07:34:21-04:00,2020-04-30T11:49:21+00:00,15,acceptance recorded,2020-03-31,,True,periodic report,False,True,https://www.sec.gov/Archives/edgar/data/105634/000010563420000066/eme-2020331x10q.htm,https://data.sec.gov/submissions/CIK0000105634.json
EME,105634,8-K,2020-04-21,2020-04-21T13:22:41+00:00,2020-04-21 09:22:41-04:00,2020-04-21T13:37:41+00:00,15,acceptance recorded,2020-04-21,"2.02,9.01",True,8-K items 2.02,False,True,https://www.sec.gov/Archives/edgar/data/105634/000010563420000061/eme-20200421x8k.htm,https://data.sec.gov/submissions/CIK0000105634.json
EME,105634,8-K,2020-03-03,2020-03-03T15:32:37+00:00,2020-03-03 10:32:37-05:00,2020-03-03T15:47:37+00:00,15,acceptance recorded,2020-03-02,"1.02,2.03,9.01",True,8-K items 1.02,False,True,https://www.sec.gov/Archives/edgar/data/105634/000010563420000056/eme-20200302x8k.htm,https://data.sec.gov/submissions/CIK0000105634.json
EME,105634,8-K,2020-02-27,2020-02-27T19:39:04+00:00,2020-02-27 14:39:04-05:00,2020-02-27T19:54:04+00:00,15,acceptance recorded,2020-02-27,"2.02,9.01",True,8-K items 2.02,False,True,https://www.sec.gov/Archives/edgar/data/105634/000010563420000045/eme-20191231x8k.htm,https://data.sec.gov/submissions/CIK0000105634.json
EME,105634,10-K,2020-02-27,2020-02-27T12:34:50+00:00,2020-02-27 07:34:50-05:00,2020-02-27T12:49:50+00:00,15,acceptance recorded,2019-12-31,,True,periodic report,False,True,https://www.sec.gov/Archives/edgar/data/105634/000010563420000043/eme-20191231x10k.htm,https://data.sec.gov/submissions/CIK0000105634.json
EME,105634,8-K,2019-11-01,2019-11-01T14:24:14+00:00,2019-11-01 10:24:14-04:00,2019-11-01T14:39:14+00:00,15,acceptance recorded,2019-11-01,9.01,False,8-K item not on the candidate list,False,True,https://www.sec.gov/Archives/edgar/data/105634/000010563419000211/eme-20191101x8k.htm,https://data.sec.gov/submissions/CIK0000105634.json
EME,105634,8-K,2019-10-29,2019-10-29T18:30:41+00:00,2019-10-29 14:30:41-04:00,2019-10-29T18:45:41+00:00,15,acceptance recorded,2019-10-29,"2.02,9.01",True,8-K items 2.02,False,True,https://www.sec.gov/Archives/edgar/data/105634/000010563419000183/eme-2019930x8k.htm,https://data.sec.gov/submissions/CIK0000105634.json
EME,105634,10-Q,2019-10-29,2019-10-29T11:34:17+00:00,2019-10-29 07:34:17-04:00,2019-10-29T11:49:17+00:00,15,acceptance recorded,2019-09-30,,True,periodic report,False,True,https://www.sec.gov/Archives/edgar/data/105634/000010563419000181/eme-2019930x10q.htm,https://data.sec.gov/submissions/CIK0000105634.json
EME,105634,8-K,2019-10-04,2019-10-04T13:00:47+00:00,2019-10-04 09:00:47-04:00,2019-10-04T13:15:47+00:00,15,acceptance recorded,2019-10-04,9.01,False,8-K item not on the candidate list,False,True,https://www.sec.gov/Archives/edgar/data/105634/000010563419000177/eme-20191004x8k.htm,https://data.sec.gov/submissions/CIK0000105634.json
EME,105634,8-K,2019-07-30,2019-07-30T15:45:33+00:00,2019-07-30 11:45:33-04:00,2019-07-30T16:00:33+00:00,15,acceptance recorded,2019-07-30,"2.02,9.01",True,8-K items 2.02,False,True,https://www.sec.gov/Archives/edgar/data/105634/000010563419000145/eme-2019630x8k.htm,https://data.sec.gov/submissions/CIK0000105634.json
EME,105634,10-Q,2019-07-30,2019-07-30T11:34:13+00:00,2019-07-30 07:34:13-04:00,2019-07-30T11:49:13+00:00,15,acceptance recorded,2019-06-30,,True,periodic report,False,True,https://www.sec.gov/Archives/edgar/data/105634/000010563419000143/eme-2019630x10q.htm,https://data.sec.gov/submissions/CIK0000105634.json
EME,105634,8-K,2019-05-31,2019-05-31T14:52:00+00:00,2019-05-31 10:52:00-04:00,2019-05-31T15:07:00+00:00,15,acceptance recorded,2019-05-30,"5.02,5.07",False,8-K item not on the candidate list,False,True,https://www.sec.gov/Archives/edgar/data/105634/000010563419000114/a053019_8k.htm,https://data.sec.gov/submissions/CIK0000105634.json
EME,105634,8-K,2019-04-30,2019-04-30T20:38:00+00:00,2019-04-30 16:38:00-04:00,2019-04-30T20:53:00+00:00,15,acceptance recorded,2019-04-30,"2.02,9.01",True,8-K items 2.02,False,True,https://www.sec.gov/Archives/edgar/data/105634/000010563419000079/eme-2019331x8k.htm,https://data.sec.gov/submissions/CIK0000105634.json
EME,105634,10-Q,2019-04-30,2019-04-30T11:34:08+00:00,2019-04-30 07:34:08-04:00,2019-04-30T11:49:08+00:00,15,acceptance recorded,2019-03-31,,True,periodic report,False,True,https://www.sec.gov/Archives/edgar/data/105634/000010563419000077/eme-2019331x10q.htm,https://data.sec.gov/submissions/CIK0000105634.json
EME,105634,8-K,2019-02-21,2019-02-21T19:21:37+00:00,2019-02-21 14:21:37-05:00,2019-02-21T19:36:37+00:00,15,acceptance recorded,2019-02-21,"2.02,9.01",True,8-K items 2.02,False,True,https://www.sec.gov/Archives/edgar/data/105634/000010563419000046/eme-20181231x8k.htm,https://data.sec.gov/submissions/CIK0000105634.json
EME,105634,10-K,2019-02-21,2019-02-21T12:35:40+00:00,2019-02-21 07:35:40-05:00,2019-02-21T12:50:40+00:00,15,acceptance recorded,2018-12-31,,True,periodic report,False,True,https://www.sec.gov/Archives/edgar/data/105634/000010563419000044/eme-20181231x10k.htm,https://data.sec.gov/submissions/CIK0000105634.json
EME,105634,8-K,2018-12-14,2018-12-14T16:08:36+00:00,2018-12-14 11:08:36-05:00,2018-12-14T16:23:36+00:00,15,acceptance recorded,2018-12-14,"5.02,9.01",False,8-K item not on the candidate list,False,True,https://www.sec.gov/Archives/edgar/data/105634/000010563418000234/a121318_8k.htm,https://data.sec.gov/submissions/CIK0000105634.json
EME,105634,8-K,2018-10-25,2018-10-25T13:42:28+00:00,2018-10-25 09:42:28-04:00,2018-10-25T13:57:28+00:00,15,acceptance recorded,2018-10-25,"2.02,9.01",True,8-K items 2.02,False,True,https://www.sec.gov/Archives/edgar/data/105634/000010563418000183/eme-2018930x8k.htm,https://data.sec.gov/submissions/CIK0000105634.json
EME,105634,10-Q,2018-10-25,2018-10-25T11:35:06+00:00,2018-10-25 07:35:06-04:00,2018-10-25T11:50:06+00:00,15,acceptance recorded,2018-09-30,,True,periodic report,False,True,https://www.sec.gov/Archives/edgar/data/105634/000010563418000180/eme-2018930x10q.htm,https://data.sec.gov/submissions/CIK0000105634.json
EME,105634,8-K,2018-07-26,2018-07-26T17:14:14+00:00,2018-07-26 13:14:14-04:00,2018-07-26T17:29:14+00:00,15,acceptance recorded,2018-07-26,"2.02,9.01",True,8-K items 2.02,False,True,https://www.sec.gov/Archives/edgar/data/105634/000010563418000135/eme-2018630x8k.htm,https://data.sec.gov/submissions/CIK0000105634.json
EME,105634,10-Q,2018-07-26,2018-07-26T11:34:19+00:00,2018-07-26 07:34:19-04:00,2018-07-26T11:49:19+00:00,15,acceptance recorded,2018-06-30,,True,periodic report,False,True,https://www.sec.gov/Archives/edgar/data/105634/000010563418000133/eme-2018630x10q.htm,https://data.sec.gov/submissions/CIK0000105634.json
EME,105634,8-K,2018-06-01,2018-06-01T20:25:42+00:00,2018-06-01 16:25:42-04:00,2018-06-01T20:40:42+00:00,15,acceptance recorded,2018-06-01,"5.02,5.07",False,8-K item not on the candidate list,False,True,https://www.sec.gov/Archives/edgar/data/105634/000010563418000108/a060118.htm,https://data.sec.gov/submissions/CIK0000105634.json
EME,105634,8-K,2018-04-26,2018-04-26T15:43:59+00:00,2018-04-26 11:43:59-04:00,2018-04-26T15:58:59+00:00,15,acceptance recorded,2018-04-26,"2.02,9.01",True,8-K items 2.02,False,True,https://www.sec.gov/Archives/edgar/data/105634/000010563418000067/eme-2018331x8k.htm,https://data.sec.gov/submissions/CIK0000105634.json
EME,105634,10-Q,2018-04-26,2018-04-26T11:33:24+00:00,2018-04-26 07:33:24-04:00,2018-04-26T11:48:24+00:00,15,acceptance recorded,2018-03-31,,True,periodic report,False,True,https://www.sec.gov/Archives/edgar/data/105634/000010563418000065/eme-2018331x10q.htm,https://data.sec.gov/submissions/CIK0000105634.json
EME,105634,8-K,2018-02-22,2018-02-22T19:14:05+00:00,2018-02-22 14:14:05-05:00,2018-02-22T19:29:05+00:00,15,acceptance recorded,2018-02-22,"2.02,9.01",True,8-K items 2.02,False,True,https://www.sec.gov/Archives/edgar/data/105634/000010563418000047/eme-20171231x8k.htm,https://data.sec.gov/submissions/CIK0000105634.json
EME,105634,10-K,2018-02-22,2018-02-22T12:34:51+00:00,2018-02-22 07:34:51-05:00,2018-02-22T12:49:51+00:00,15,acceptance recorded,2017-12-31,,True,periodic report,False,True,https://www.sec.gov/Archives/edgar/data/105634/000010563418000045/eme-20171231x10k.htm,https://data.sec.gov/submissions/CIK0000105634.json
EME,105634,8-K,2017-10-26,2017-10-26T16:29:59+00:00,2017-10-26 12:29:59-04:00,2017-10-26T16:44:59+00:00,15,acceptance recorded,2017-10-26,"2.02,9.01",True,8-K items 2.02,False,True,https://www.sec.gov/Archives/edgar/data/105634/000010563417000188/eme-2017930x8k.htm,https://data.sec.gov/submissions/CIK0000105634.json
EME,105634,10-Q,2017-10-26,2017-10-26T11:33:41+00:00,2017-10-26 07:33:41-04:00,2017-10-26T11:48:41+00:00,15,acceptance recorded,2017-09-30,,True,periodic report,False,True,https://www.sec.gov/Archives/edgar/data/105634/000010563417000186/eme-2017930x10q.htm,https://data.sec.gov/submissions/CIK0000105634.json
EME,105634,8-K,2017-10-25,2017-10-25T20:46:25+00:00,2017-10-25 16:46:25-04:00,2017-10-25T21:01:25+00:00,15,acceptance recorded,2017-10-25,"5.02,9.01",False,8-K item not on the candidate list,False,True,https://www.sec.gov/Archives/edgar/data/105634/000010563417000182/a102517_8k.htm,https://data.sec.gov/submissions/CIK0000105634.json
EME,105634,8-K,2017-08-03,2017-08-03T13:30:42+00:00,2017-08-03 09:30:42-04:00,2017-08-03T13:45:42+00:00,15,acceptance recorded,2017-08-01,1.04,False,8-K item not on the candidate list,False,True,https://www.sec.gov/Archives/edgar/data/105634/000010563417000164/a080117_8k.htm,https://data.sec.gov/submissions/CIK0000105634.json
EME,105634,8-K,2017-07-27,2017-07-27T15:49:27+00:00,2017-07-27 11:49:27-04:00,2017-07-27T16:04:27+00:00,15,acceptance recorded,2017-07-27,"2.02,9.01",True,8-K items 2.02,False,True,https://www.sec.gov/Archives/edgar/data/105634/000010563417000130/eme-2017630x8k.htm,https://data.sec.gov/submissions/CIK0000105634.json
EME,105634,10-Q,2017-07-27,2017-07-27T11:36:59+00:00,2017-07-27 07:36:59-04:00,2017-07-27T11:51:59+00:00,15,acceptance recorded,2017-06-30,,True,periodic report,False,True,https://www.sec.gov/Archives/edgar/data/105634/000010563417000128/eme-2017630x10q.htm,https://data.sec.gov/submissions/CIK0000105634.json
EME,105634,8-K,2017-06-02,2017-06-02T13:45:37+00:00,2017-06-02 09:45:37-04:00,2017-06-02T14:00:37+00:00,15,acceptance recorded,2017-06-01,"5.07,9.01",False,8-K item not on the candidate list,False,True,https://www.sec.gov/Archives/edgar/data/105634/000010563417000100/a060217_8k.htm,https://data.sec.gov/submissions/CIK0000105634.json
EME,105634,8-K,2017-04-27,2017-04-27T16:01:13+00:00,2017-04-27 12:01:13-04:00,2017-04-27T16:16:13+00:00,15,acceptance recorded,2017-04-27,"2.02,9.01",True,8-K items 2.02,False,True,https://www.sec.gov/Archives/edgar/data/105634/000010563417000063/eme-2017331x8k.htm,https://data.sec.gov/submissions/CIK0000105634.json
EME,105634,10-Q,2017-04-27,2017-04-27T11:33:23+00:00,2017-04-27 07:33:23-04:00,2017-04-27T11:48:23+00:00,15,acceptance recorded,2017-03-31,,True,periodic report,False,True,https://www.sec.gov/Archives/edgar/data/105634/000010563417000061/eme-2017331x10q.htm,https://data.sec.gov/submissions/CIK0000105634.json
EME,105634,8-K,2017-02-23,2017-02-23T20:04:21+00:00,2017-02-23 15:04:21-05:00,2017-02-23T20:19:21+00:00,15,acceptance recorded,2017-02-23,"2.02,9.01",True,8-K items 2.02,False,True,https://www.sec.gov/Archives/edgar/data/105634/000010563417000046/eme-20161231x8k.htm,https://data.sec.gov/submissions/CIK0000105634.json
EME,105634,10-K,2017-02-23,2017-02-23T12:34:32+00:00,2017-02-23 07:34:32-05:00,2017-02-23T12:49:32+00:00,15,acceptance recorded,2016-12-31,,True,periodic report,False,True,https://www.sec.gov/Archives/edgar/data/105634/000010563417000043/eme-20161231x10k.htm,https://data.sec.gov/submissions/CIK0000105634.json
EME,105634,8-K,2016-12-20,2016-12-20T21:00:27+00:00,2016-12-20 16:00:27-05:00,2016-12-20T21:15:27+00:00,15,acceptance recorded,2016-12-14,"5.03,9.01",False,8-K item not on the candidate list,False,True,https://www.sec.gov/Archives/edgar/data/105634/000010563416000509/a121416_8k.htm,https://data.sec.gov/submissions/CIK0000105634.json
EME,105634,8-K,2016-11-23,2016-11-23T16:02:01+00:00,2016-11-23 11:02:01-05:00,2016-11-23T16:17:01+00:00,15,acceptance recorded,2016-11-21,5.02,False,8-K item not on the candidate list,False,True,https://www.sec.gov/Archives/edgar/data/105634/000010563416000507/form8k_112116.htm,https://data.sec.gov/submissions/CIK0000105634.json
EME,105634,8-K,2016-10-27,2016-10-27T18:23:28+00:00,2016-10-27 14:23:28-04:00,2016-10-27T18:38:28+00:00,15,acceptance recorded,2016-10-27,"2.02,9.01",True,8-K items 2.02,False,True,https://www.sec.gov/Archives/edgar/data/105634/000010563416000455/eme-2016930x8k.htm,https://data.sec.gov/submissions/CIK0000105634.json
EME,105634,10-Q,2016-10-27,2016-10-27T11:33:35+00:00,2016-10-27 07:33:35-04:00,2016-10-27T11:48:35+00:00,15,acceptance recorded,2016-09-30,,True,periodic report,False,True,https://www.sec.gov/Archives/edgar/data/105634/000010563416000453/eme-2016930x10q.htm,https://data.sec.gov/submissions/CIK0000105634.json
EME,105634,8-K,2016-08-03,2016-08-03T20:28:11+00:00,2016-08-03 16:28:11-04:00,2016-08-03T20:43:11+00:00,15,acceptance recorded,2016-08-03,"1.01,1.02,2.03,9.01",True,"8-K items 1.01, 1.02",False,True,https://www.sec.gov/Archives/edgar/data/105634/000010563416000440/a080316_8k.htm,https://data.sec.gov/submissions/CIK0000105634.json
EME,105634,8-K,2016-07-28,2016-07-28T15:50:45+00:00,2016-07-28 11:50:45-04:00,2016-07-28T16:05:45+00:00,15,acceptance recorded,2016-07-28,"2.02,9.01",True,8-K items 2.02,False,True,https://www.sec.gov/Archives/edgar/data/105634/000010563416000408/eme-2016630x8k.htm,https://data.sec.gov/submissions/CIK0000105634.json
EME,105634,10-Q,2016-07-28,2016-07-28T11:34:16+00:00,2016-07-28 07:34:16-04:00,2016-07-28T11:49:16+00:00,15,acceptance recorded,2016-06-30,,True,periodic report,False,True,https://www.sec.gov/Archives/edgar/data/105634/000010563416000406/eme-2016630x10q.htm,https://data.sec.gov/submissions/CIK0000105634.json
EME,105634,8-K,2016-06-02,2016-06-02T20:45:30+00:00,2016-06-02 16:45:30-04:00,2016-06-02T21:00:30+00:00,15,acceptance recorded,2016-06-02,"5.07,9.01",False,8-K item not on the candidate list,False,True,https://www.sec.gov/Archives/edgar/data/105634/000010563416000368/eme-20160602x8k.htm,https://data.sec.gov/submissions/CIK0000105634.json
EME,105634,8-K,2016-04-28,2016-04-28T12:19:08+00:00,2016-04-28 08:19:08-04:00,2016-04-28T12:34:08+00:00,15,acceptance recorded,2016-04-28,"2.02,9.01",True,8-K items 2.02,False,True,https://www.sec.gov/Archives/edgar/data/105634/000010563416000333/eme-2016331x8k.htm,https://data.sec.gov/submissions/CIK0000105634.json
EME,105634,10-Q,2016-04-28,2016-04-28T11:35:09+00:00,2016-04-28 07:35:09-04:00,2016-04-28T11:50:09+00:00,15,acceptance recorded,2016-03-31,,True,periodic report,False,True,https://www.sec.gov/Archives/edgar/data/105634/000010563416000331/eme-2016331x10q.htm,https://data.sec.gov/submissions/CIK0000105634.json
EME,105634,8-K,2016-04-18,2016-04-18T14:18:18+00:00,2016-04-18 10:18:18-04:00,2016-04-18T14:33:18+00:00,15,acceptance recorded,2016-04-15,9.01,False,8-K item not on the candidate list,False,True,https://www.sec.gov/Archives/edgar/data/105634/000010563416000323/a041516_8k.htm,https://data.sec.gov/submissions/CIK0000105634.json
EME,105634,8-K,2016-03-21,2016-03-21T18:01:07+00:00,2016-03-21 14:01:07-04:00,2016-03-21T18:16:07+00:00,15,acceptance recorded,2016-03-21,9.01,False,8-K item not on the candidate list,False,True,https://www.sec.gov/Archives/edgar/data/105634/000010563416000319/eme-2016321x8k.htm,https://data.sec.gov/submissions/CIK0000105634.json
EME,105634,8-K,2016-02-25,2016-02-25T19:01:26+00:00,2016-02-25 14:01:26-05:00,2016-02-25T19:16:26+00:00,15,acceptance recorded,2016-02-25,"2.02,9.01",True,8-K items 2.02,False,True,https://www.sec.gov/Archives/edgar/data/105634/000010563416000299/eme-20151231x8k.htm,https://data.sec.gov/submissions/CIK0000105634.json
EME,105634,10-K,2016-02-25,2016-02-25T12:35:10+00:00,2016-02-25 07:35:10-05:00,2016-02-25T12:50:10+00:00,15,acceptance recorded,2015-12-31,,True,periodic report,False,True,https://www.sec.gov/Archives/edgar/data/105634/000010563416000297/eme-20151231x10k.htm,https://data.sec.gov/submissions/CIK0000105634.json
EME,105634,8-K,2015-12-18,2015-12-18T21:13:52+00:00,2015-12-18 16:13:52-05:00,2015-12-18T21:28:52+00:00,15,acceptance recorded,2015-12-15,5.02,False,8-K item not on the candidate list,False,True,https://www.sec.gov/Archives/edgar/data/105634/000010563415000244/a121515_8k.htm,https://data.sec.gov/submissions/CIK0000105634.json
EME,105634,8-K,2015-12-07,2015-12-07T21:08:44+00:00,2015-12-07 16:08:44-05:00,2015-12-07T21:23:44+00:00,15,acceptance recorded,2015-12-07,1.04,False,8-K item not on the candidate list,False,True,https://www.sec.gov/Archives/edgar/data/105634/000010563415000240/a120715_8k.htm,https://data.sec.gov/submissions/CIK0000105634.json
EME,105634,8-K,2015-10-30,2015-10-30T18:41:18+00:00,2015-10-30 14:41:18-04:00,2015-10-30T18:56:18+00:00,15,acceptance recorded,2015-10-30,"1.01,5.02,9.01",True,8-K items 1.01,False,True,https://www.sec.gov/Archives/edgar/data/105634/000010563415000197/a103015_8k.htm,https://data.sec.gov/submissions/CIK0000105634.json
EME,105634,8-K,2015-10-29,2015-10-29T13:54:54+00:00,2015-10-29 09:54:54-04:00,2015-10-29T14:09:54+00:00,15,acceptance recorded,2015-10-29,"2.02,9.01",True,8-K items 2.02,False,True,https://www.sec.gov/Archives/edgar/data/105634/000010563415000192/eme-2015930x8k.htm,https://data.sec.gov/submissions/CIK0000105634.json
EME,105634,10-Q,2015-10-29,2015-10-29T11:34:20+00:00,2015-10-29 07:34:20-04:00,2015-10-29T11:49:20+00:00,15,acceptance recorded,2015-09-30,,True,periodic report,False,True,https://www.sec.gov/Archives/edgar/data/105634/000010563415000189/eme-2015930x10q.htm,https://data.sec.gov/submissions/CIK0000105634.json
EME,105634,8-K,2015-10-14,2015-10-14T20:50:17+00:00,2015-10-14 16:50:17-04:00,2015-10-14T21:05:17+00:00,15,acceptance recorded,2015-10-14,5.02,False,8-K item not on the candidate list,False,True,https://www.sec.gov/Archives/edgar/data/105634/000010563415000180/a101415_8k.htm,https://data.sec.gov/submissions/CIK0000105634.json
EME,105634,8-K,2015-07-30,2015-07-30T16:22:03+00:00,2015-07-30 12:22:03-04:00,2015-07-30T16:37:03+00:00,15,acceptance recorded,2015-07-30,"2.02,9.01",True,8-K items 2.02,False,True,https://www.sec.gov/Archives/edgar/data/105634/000010563415000169/eme-2015630x8k.htm,https://data.sec.gov/submissions/CIK0000105634.json
EME,105634,10-Q,2015-07-30,2015-07-30T11:35:01+00:00,2015-07-30 07:35:01-04:00,2015-07-30T11:50:01+00:00,15,acceptance recorded,2015-06-30,,True,periodic report,False,True,https://www.sec.gov/Archives/edgar/data/105634/000010563415000167/eme-2015630x10q.htm,https://data.sec.gov/submissions/CIK0000105634.json
EME,105634,8-K,2015-06-15,2015-06-15T20:07:33+00:00,2015-06-15 16:07:33-04:00,2015-06-15T20:22:33+00:00,15,acceptance recorded,2014-06-11,5.07,False,8-K item not on the candidate list,False,True,https://www.sec.gov/Archives/edgar/data/105634/000010563415000130/a061115.htm,https://data.sec.gov/submissions/CIK0000105634.json
EME,105634,8-K,2015-05-05,2015-05-05T20:49:52+00:00,2015-05-05 16:49:52-04:00,2015-05-05T21:04:52+00:00,15,acceptance recorded,2015-05-05,"8.01,9.01",True,8-K items 8.01,False,True,https://www.sec.gov/Archives/edgar/data/105634/000010563415000103/a050515_8k.htm,https://data.sec.gov/submissions/CIK0000105634.json
EME,105634,8-K,2015-04-30,2015-04-30T19:36:45+00:00,2015-04-30 15:36:45-04:00,2015-04-30T19:51:45+00:00,15,acceptance recorded,2015-04-30,"2.02,9.01",True,8-K items 2.02,False,True,https://www.sec.gov/Archives/edgar/data/105634/000010563415000075/eme-2015331x8k.htm,https://data.sec.gov/submissions/CIK0000105634.json
EME,105634,10-Q,2015-04-30,2015-04-30T11:34:20+00:00,2015-04-30 07:34:20-04:00,2015-04-30T11:49:20+00:00,15,acceptance recorded,2015-03-31,,True,periodic report,False,True,https://www.sec.gov/Archives/edgar/data/105634/000010563415000073/eme-2015331x10q.htm,https://data.sec.gov/submissions/CIK0000105634.json
EME,105634,8-K,2015-02-26,2015-02-26T16:45:47+00:00,2015-02-26 11:45:47-05:00,2015-02-26T17:00:47+00:00,15,acceptance recorded,2015-02-26,"2.02,9.01",True,8-K items 2.02,False,True,https://www.sec.gov/Archives/edgar/data/105634/000010563415000043/eme-20141231x8k.htm,https://data.sec.gov/submissions/CIK0000105634.json
EME,105634,10-K,2015-02-26,2015-02-26T12:34:23+00:00,2015-02-26 07:34:23-05:00,2015-02-26T12:49:23+00:00,15,acceptance recorded,2014-12-31,,True,periodic report,False,True,https://www.sec.gov/Archives/edgar/data/105634/000010563415000041/eme-20141231x10k.htm,https://data.sec.gov/submissions/CIK0000105634.json
DLR,1297996,8-K,2026-08-19,2026-08-20T00:58:42+00:00,2026-08-19 20:58:42-04:00,2026-08-20T01:13:42+00:00,15,acceptance recorded,2026-08-19,"8.01,9.01",True,8-K items 8.01,True,True,https://www.sec.gov/Archives/edgar/data/1297996/000119312526357083/d145363d8k.htm,https://data.sec.gov/submissions/CIK0001297996.json
DLR,1297996,10-Q,2026-07-31,2026-08-01T01:23:41+00:00,2026-07-31 21:23:41-04:00,2026-08-01T01:38:41+00:00,15,acceptance recorded,2026-06-30,,True,periodic report,True,True,https://www.sec.gov/Archives/edgar/data/1297996/000110465926089296/dlr-20260630x10q.htm,https://data.sec.gov/submissions/CIK0001297996.json
DLR,1297996,8-K,2026-07-23,2026-07-24T00:18:24+00:00,2026-07-23 20:18:24-04:00,2026-07-24T00:33:24+00:00,15,acceptance recorded,2026-07-23,"2.02,7.01,9.01",True,"8-K items 2.02, 7.01",True,True,https://www.sec.gov/Archives/edgar/data/1297996/000110465926086270/dlr-20260723x8k.htm,https://data.sec.gov/submissions/CIK0001297996.json
DLR,1297996,8-K,2026-07-01,2026-07-02T00:16:39+00:00,2026-07-01 20:16:39-04:00,2026-07-02T00:31:39+00:00,15,acceptance recorded,2026-06-29,"3.03,8.01,9.01",True,8-K items 8.01,True,True,https://www.sec.gov/Archives/edgar/data/1297996/000119312526292577/d332992d8k.htm,https://data.sec.gov/submissions/CIK0001297996.json
DLR,1297996,8-K,2026-06-29,2026-06-30T01:25:42+00:00,2026-06-29 21:25:42-04:00,2026-06-30T01:40:42+00:00,15,acceptance recorded,2026-06-29,"3.02,7.01,8.01,9.01",True,"8-K items 7.01, 8.01",True,True,https://www.sec.gov/Archives/edgar/data/1297996/000119312526288761/d100507d8k.htm,https://data.sec.gov/submissions/CIK0001297996.json
DLR,1297996,8-K,2026-06-22,2026-06-22T17:17:15+00:00,2026-06-22 13:17:15-04:00,2026-06-22T17:32:15+00:00,15,acceptance recorded,2026-06-22,"3.02,7.01,8.01,9.01",True,"8-K items 7.01, 8.01",True,True,https://www.sec.gov/Archives/edgar/data/1297996/000119312526276844/d50837d8k.htm,https://data.sec.gov/submissions/CIK0001297996.json
DLR,1297996,8-K,2026-06-01,2026-06-02T00:05:47+00:00,2026-06-01 20:05:47-04:00,2026-06-02T00:20:47+00:00,15,acceptance recorded,2026-05-29,5.07,False,8-K item not on the candidate list,True,True,https://www.sec.gov/Archives/edgar/data/1297996/000110465926068907/dlr-20260529x8k.htm,https://data.sec.gov/submissions/CIK0001297996.json
DLR,1297996,8-K,2026-05-04,2026-05-04T15:43:01+00:00,2026-05-04 11:43:01-04:00,2026-05-04T15:58:01+00:00,15,acceptance recorded,2026-05-04,"8.01,9.01",True,8-K items 8.01,True,True,https://www.sec.gov/Archives/edgar/data/1297996/000119312526202581/d140571d8k.htm,https://data.sec.gov/submissions/CIK0001297996.json
DLR,1297996,10-Q,2026-05-01,2026-05-02T01:22:35+00:00,2026-05-01 21:22:35-04:00,2026-05-02T01:37:35+00:00,15,acceptance recorded,2026-03-31,,True,periodic report,True,True,https://www.sec.gov/Archives/edgar/data/1297996/000110465926054255/dlr-20260331x10q.htm,https://data.sec.gov/submissions/CIK0001297996.json
DLR,1297996,8-K,2026-04-23,2026-04-24T00:11:27+00:00,2026-04-23 20:11:27-04:00,2026-04-24T00:26:27+00:00,15,acceptance recorded,2026-04-23,"2.02,7.01,9.01",True,"8-K items 2.02, 7.01",True,True,https://www.sec.gov/Archives/edgar/data/1297996/000110465926047702/dlr-20260423x8k.htm,https://data.sec.gov/submissions/CIK0001297996.json
DLR,1297996,8-K,2026-02-17,2026-02-17T18:28:44+00:00,2026-02-17 13:28:44-05:00,2026-02-17T18:43:44+00:00,15,acceptance recorded,2026-02-17,"8.01,9.01",True,8-K items 8.01,True,True,https://www.sec.gov/Archives/edgar/data/1297996/000119312526053164/d112316d8k.htm,https://data.sec.gov/submissions/CIK0001297996.json
DLR,1297996,10-K,2026-02-13,2026-02-14T03:18:21+00:00,2026-02-13 22:18:21-05:00,2026-02-14T03:33:21+00:00,15,acceptance recorded,2025-12-31,,True,periodic report,True,True,https://www.sec.gov/Archives/edgar/data/1297996/000110465926015365/dlr-20251231x10k.htm,https://data.sec.gov/submissions/CIK0001297996.json
DLR,1297996,8-K,2026-02-05,2026-02-06T02:08:07+00:00,2026-02-05 21:08:07-05:00,2026-02-06T02:23:07+00:00,15,acceptance recorded,2026-02-05,"2.02,7.01,9.01",True,"8-K items 2.02, 7.01",True,True,https://www.sec.gov/Archives/edgar/data/1297996/000110465926010887/dlr-20260205x8k.htm,https://data.sec.gov/submissions/CIK0001297996.json
DLR,1297996,8-K,2025-12-15,2025-12-16T02:10:22+00:00,2025-12-15 21:10:22-05:00,2025-12-16T02:25:22+00:00,15,acceptance recorded,2025-12-15,5.02,False,8-K item not on the candidate list,True,True,https://www.sec.gov/Archives/edgar/data/1297996/000110465925121124/dlr-20251215x8k.htm,https://data.sec.gov/submissions/CIK0001297996.json
DLR,1297996,8-K,2025-12-03,2025-12-04T02:54:01+00:00,2025-12-03 21:54:01-05:00,2025-12-04T03:09:01+00:00,15,acceptance recorded,2025-12-03,"8.01,9.01",True,8-K items 8.01,True,True,https://www.sec.gov/Archives/edgar/data/1297996/000119312525306874/d92708d8k.htm,https://data.sec.gov/submissions/CIK0001297996.json
DLR,1297996,8-K,2025-11-21,2025-11-21T03:48:29+00:00,2025-11-20 22:48:29-05:00,2025-11-21T04:03:29+00:00,15,acceptance recorded,2025-11-20,"1.01,2.03,9.01",True,8-K items 1.01,True,True,https://www.sec.gov/Archives/edgar/data/1297996/000119312525290086/d30418d8k.htm,https://data.sec.gov/submissions/CIK0001297996.json
DLR,1297996,8-K,2025-11-12,2025-11-13T03:16:44+00:00,2025-11-12 22:16:44-05:00,2025-11-13T03:31:44+00:00,15,acceptance recorded,2025-11-12,"7.01,8.01,9.01",True,"8-K items 7.01, 8.01",True,True,https://www.sec.gov/Archives/edgar/data/1297996/000119312525277980/d822833d8k.htm,https://data.sec.gov/submissions/CIK0001297996.json
DLR,1297996,8-K,2025-11-12,2025-11-12T16:06:12+00:00,2025-11-12 11:06:12-05:00,2025-11-12T16:21:12+00:00,15,acceptance recorded,2025-11-12,8.01,True,8-K items 8.01,True,True,https://www.sec.gov/Archives/edgar/data/1297996/000119312525275615/d170696d8k.htm,https://data.sec.gov/submissions/CIK0001297996.json
DLR,1297996,10-Q,2025-10-31,2025-11-01T00:29:13+00:00,2025-10-31 20:29:13-04:00,2025-11-01T00:44:13+00:00,15,acceptance recorded,2025-09-30,,True,periodic report,True,True,https://www.sec.gov/Archives/edgar/data/1297996/000110465925104945/dlr-20250930x10q.htm,https://data.sec.gov/submissions/CIK0001297996.json
DLR,1297996,8-K,2025-10-23,2025-10-24T00:10:24+00:00,2025-10-23 20:10:24-04:00,2025-10-24T00:25:24+00:00,15,acceptance recorded,2025-10-23,"2.02,7.01,9.01",True,"8-K items 2.02, 7.01",True,True,https://www.sec.gov/Archives/edgar/data/1297996/000110465925101827/dlr-20251023x8k.htm,https://data.sec.gov/submissions/CIK0001297996.json
DLR,1297996,8-K,2025-08-28,2025-08-29T01:13:34+00:00,2025-08-28 21:13:34-04:00,2025-08-29T01:28:34+00:00,15,acceptance recorded,2025-08-27,5.02,False,8-K item not on the candidate list,True,True,https://www.sec.gov/Archives/edgar/data/1297996/000155837025011812/dlr-20250827x8k.htm,https://data.sec.gov/submissions/CIK0001297996.json
DLR,1297996,10-Q,2025-08-01,2025-08-02T00:42:34+00:00,2025-08-01 20:42:34-04:00,2025-08-02T00:57:34+00:00,15,acceptance recorded,2025-06-30,,True,periodic report,True,True,https://www.sec.gov/Archives/edgar/data/1297996/000155837025009991/dlr-20250630x10q.htm,https://data.sec.gov/submissions/CIK0001297996.json
DLR,1297996,8-K,2025-07-24,2025-07-25T00:22:01+00:00,2025-07-24 20:22:01-04:00,2025-07-25T00:37:01+00:00,15,acceptance recorded,2025-07-24,"2.02,7.01,9.01",True,"8-K items 2.02, 7.01",True,True,https://www.sec.gov/Archives/edgar/data/1297996/000155837025009543/dlr-20250724x8k.htm,https://data.sec.gov/submissions/CIK0001297996.json
DLR,1297996,8-K,2025-06-25,2025-06-26T00:37:51+00:00,2025-06-25 20:37:51-04:00,2025-06-26T00:52:51+00:00,15,acceptance recorded,2025-06-25,"1.01,2.03,9.01",True,8-K items 1.01,True,True,https://www.sec.gov/Archives/edgar/data/1297996/000119312525147007/d96129d8k.htm,https://data.sec.gov/submissions/CIK0001297996.json
DLR,1297996,8-K,2025-06-17,2025-06-18T00:53:15+00:00,2025-06-17 20:53:15-04:00,2025-06-18T01:08:15+00:00,15,acceptance recorded,2025-06-17,"7.01,8.01,9.01",True,"8-K items 7.01, 8.01",True,True,https://www.sec.gov/Archives/edgar/data/1297996/000119312525142127/d50111d8k.htm,https://data.sec.gov/submissions/CIK0001297996.json
DLR,1297996,8-K,2025-06-17,2025-06-17T14:11:22+00:00,2025-06-17 10:11:22-04:00,2025-06-17T14:26:22+00:00,15,acceptance recorded,2025-06-17,8.01,True,8-K items 8.01,True,True,https://www.sec.gov/Archives/edgar/data/1297996/000119312525141708/d70062d8k.htm,https://data.sec.gov/submissions/CIK0001297996.json
DLR,1297996,8-K,2025-06-10,2025-06-11T00:33:49+00:00,2025-06-10 20:33:49-04:00,2025-06-11T00:48:49+00:00,15,acceptance recorded,2025-06-06,5.07,False,8-K item not on the candidate list,True,True,https://www.sec.gov/Archives/edgar/data/1297996/000155837025008511/dlr-20250606x8k.htm,https://data.sec.gov/submissions/CIK0001297996.json
DLR,1297996,10-Q,2025-05-01,2025-05-02T01:23:22+00:00,2025-05-01 21:23:22-04:00,2025-05-02T01:38:22+00:00,15,acceptance recorded,2025-03-31,,True,periodic report,True,True,https://www.sec.gov/Archives/edgar/data/1297996/000155837025006125/dlr-20250331x10q.htm,https://data.sec.gov/submissions/CIK0001297996.json
DLR,1297996,8-K,2025-04-24,2025-04-25T00:38:33+00:00,2025-04-24 20:38:33-04:00,2025-04-25T00:53:33+00:00,15,acceptance recorded,2025-04-24,"2.02,7.01,9.01",True,"8-K items 2.02, 7.01",True,True,https://www.sec.gov/Archives/edgar/data/1297996/000155837025005434/dlr-20250424x8k.htm,https://data.sec.gov/submissions/CIK0001297996.json
DLR,1297996,10-K,2025-02-25,2025-02-25T07:40:43+00:00,2025-02-25 02:40:43-05:00,2025-02-25T07:55:43+00:00,15,acceptance recorded,2024-12-31,,True,periodic report,True,True,https://www.sec.gov/Archives/edgar/data/1297996/000155837025001424/dlr-20241231x10k.htm,https://data.sec.gov/submissions/CIK0001297996.json
DLR,1297996,8-K,2025-02-13,2025-02-14T02:08:46+00:00,2025-02-13 21:08:46-05:00,2025-02-14T02:23:46+00:00,15,acceptance recorded,2025-02-13,"2.02,7.01,9.01",True,"8-K items 2.02, 7.01",True,True,https://www.sec.gov/Archives/edgar/data/1297996/000155837025000945/dlr-20250213x8k.htm,https://data.sec.gov/submissions/CIK0001297996.json
DLR,1297996,8-K,2025-01-14,2025-01-15T02:16:08+00:00,2025-01-14 21:16:08-05:00,2025-01-15T02:31:08+00:00,15,acceptance recorded,2025-01-14,"1.01,2.03,9.01",True,8-K items 1.01,True,True,https://www.sec.gov/Archives/edgar/data/1297996/000119312525006135/d880266d8k.htm,https://data.sec.gov/submissions/CIK0001297996.json
DLR,1297996,8-K,2025-01-07,2025-01-08T02:42:34+00:00,2025-01-07 21:42:34-05:00,2025-01-08T02:57:34+00:00,15,acceptance recorded,2025-01-07,"7.01,8.01,9.01",True,"8-K items 7.01, 8.01",True,True,https://www.sec.gov/Archives/edgar/data/1297996/000119312525002879/d910362d8k.htm,https://data.sec.gov/submissions/CIK0001297996.json
DLR,1297996,8-K,2025-01-07,2025-01-07T16:54:31+00:00,2025-01-07 11:54:31-05:00,2025-01-07T17:09:31+00:00,15,acceptance recorded,2025-01-07,8.01,True,8-K items 8.01,True,True,https://www.sec.gov/Archives/edgar/data/1297996/000119312525002530/d922413d8k.htm,https://data.sec.gov/submissions/CIK0001297996.json
DLR,1297996,8-K,2024-12-23,2024-12-24T03:15:03+00:00,2024-12-23 22:15:03-05:00,2024-12-24T03:30:03+00:00,15,acceptance recorded,2024-12-23,"5.03,8.01,9.01",True,8-K items 8.01,True,True,https://www.sec.gov/Archives/edgar/data/1297996/000119312524284301/d905387d8k.htm,https://data.sec.gov/submissions/CIK0001297996.json
DLR,1297996,8-K,2024-11-12,2024-11-13T02:02:07+00:00,2024-11-12 21:02:07-05:00,2024-11-13T02:17:07+00:00,15,acceptance recorded,2024-11-12,"1.01,2.03,3.02,9.01",True,8-K items 1.01,True,True,https://www.sec.gov/Archives/edgar/data/1297996/000119312524255912/d883775d8k.htm,https://data.sec.gov/submissions/CIK0001297996.json
DLR,1297996,8-K,2024-11-07,2024-11-07T16:07:02+00:00,2024-11-07 11:07:02-05:00,2024-11-07T16:22:02+00:00,15,acceptance recorded,2024-11-06,"8.01,9.01",True,8-K items 8.01,True,True,https://www.sec.gov/Archives/edgar/data/1297996/000119312524252541/d867264d8k.htm,https://data.sec.gov/submissions/CIK0001297996.json
DLR,1297996,10-Q,2024-11-01,2024-11-02T01:01:14+00:00,2024-11-01 21:01:14-04:00,2024-11-02T01:16:14+00:00,15,acceptance recorded,2024-09-30,,True,periodic report,True,True,https://www.sec.gov/Archives/edgar/data/1297996/000155837024014149/dlr-20240930x10q.htm,https://data.sec.gov/submissions/CIK0001297996.json
DLR,1297996,8-K,2024-10-24,2024-10-25T00:12:09+00:00,2024-10-24 20:12:09-04:00,2024-10-25T00:27:09+00:00,15,acceptance recorded,2024-10-24,"2.02,7.01,9.01",True,"8-K items 2.02, 7.01",True,True,https://www.sec.gov/Archives/edgar/data/1297996/000155837024013620/dlr-20241024x8k.htm,https://data.sec.gov/submissions/CIK0001297996.json
DLR,1297996,8-K,2024-09-30,2024-09-30T15:08:01+00:00,2024-09-30 11:08:01-04:00,2024-09-30T15:23:01+00:00,15,acceptance recorded,2024-09-24,"1.01,2.03",True,8-K items 1.01,False,True,https://www.sec.gov/Archives/edgar/data/1297996/000119312524228400/d852831d8k.htm,https://data.sec.gov/submissions/CIK0001297996.json
DLR,1297996,8-K,2024-09-13,2024-09-14T00:17:34+00:00,2024-09-13 20:17:34-04:00,2024-09-14T00:32:34+00:00,15,acceptance recorded,2024-09-13,"1.01,2.03,9.01",True,8-K items 1.01,False,True,https://www.sec.gov/Archives/edgar/data/1297996/000119312524218873/d855313d8k.htm,https://data.sec.gov/submissions/CIK0001297996.json
DLR,1297996,8-K,2024-09-09,2024-09-10T00:35:59+00:00,2024-09-09 20:35:59-04:00,2024-09-10T00:50:59+00:00,15,acceptance recorded,2024-09-09,"7.01,8.01,9.01",True,"8-K items 7.01, 8.01",False,True,https://www.sec.gov/Archives/edgar/data/1297996/000119312524215943/d896673d8k.htm,https://data.sec.gov/submissions/CIK0001297996.json
DLR,1297996,8-K,2024-09-09,2024-09-09T14:05:04+00:00,2024-09-09 10:05:04-04:00,2024-09-09T14:20:04+00:00,15,acceptance recorded,2024-09-09,8.01,True,8-K items 8.01,False,True,https://www.sec.gov/Archives/edgar/data/1297996/000119312524215434/d842941d8k.htm,https://data.sec.gov/submissions/CIK0001297996.json
DLR,1297996,10-Q,2024-08-02,2024-08-03T01:17:23+00:00,2024-08-02 21:17:23-04:00,2024-08-03T01:32:23+00:00,15,acceptance recorded,2024-06-30,,True,periodic report,False,True,https://www.sec.gov/Archives/edgar/data/1297996/000155837024010734/dlr-20240630x10q.htm,https://data.sec.gov/submissions/CIK0001297996.json
DLR,1297996,8-K,2024-07-25,2024-07-26T00:09:41+00:00,2024-07-25 20:09:41-04:00,2024-07-26T00:24:41+00:00,15,acceptance recorded,2024-07-25,"2.02,7.01,9.01",True,"8-K items 2.02, 7.01",False,True,https://www.sec.gov/Archives/edgar/data/1297996/000155837024010180/dlr-20240725x8k.htm,https://data.sec.gov/submissions/CIK0001297996.json
DLR,1297996,8-K,2024-06-11,2024-06-12T01:02:38+00:00,2024-06-11 21:02:38-04:00,2024-06-12T01:17:38+00:00,15,acceptance recorded,2024-06-07,5.07,False,8-K item not on the candidate list,False,True,https://www.sec.gov/Archives/edgar/data/1297996/000155837024009057/dlr-20240607x8k.htm,https://data.sec.gov/submissions/CIK0001297996.json
DLR,1297996,8-K,2024-05-10,2024-05-11T00:16:11+00:00,2024-05-10 20:16:11-04:00,2024-05-11T00:31:11+00:00,15,acceptance recorded,2024-05-07,"8.01,9.01",True,8-K items 8.01,False,True,https://www.sec.gov/Archives/edgar/data/1297996/000119312524136186/d825768d8k.htm,https://data.sec.gov/submissions/CIK0001297996.json
DLR,1297996,8-K,2024-05-07,2024-05-08T01:15:11+00:00,2024-05-07 21:15:11-04:00,2024-05-08T01:30:11+00:00,15,acceptance recorded,2024-05-07,8.01,True,8-K items 8.01,False,True,https://www.sec.gov/Archives/edgar/data/1297996/000119312524133294/d831183d8k.htm,https://data.sec.gov/submissions/CIK0001297996.json
DLR,1297996,10-Q,2024-05-03,2024-05-04T01:17:47+00:00,2024-05-03 21:17:47-04:00,2024-05-04T01:32:47+00:00,15,acceptance recorded,2024-03-31,,True,periodic report,False,True,https://www.sec.gov/Archives/edgar/data/1297996/000155837024006671/dlr-20240331x10q.htm,https://data.sec.gov/submissions/CIK0001297996.json
DLR,1297996,8-K,2024-05-02,2024-05-03T00:30:50+00:00,2024-05-02 20:30:50-04:00,2024-05-03T00:45:50+00:00,15,acceptance recorded,2024-05-02,"2.02,7.01,9.01",True,"8-K items 2.02, 7.01",False,True,https://www.sec.gov/Archives/edgar/data/1297996/000155837024006558/dlr-20240502x8k.htm,https://data.sec.gov/submissions/CIK0001297996.json
DLR,1297996,8-K,2024-04-24,2024-04-25T01:06:58+00:00,2024-04-24 21:06:58-04:00,2024-04-25T01:21:58+00:00,15,acceptance recorded,2024-04-23,5.02,False,8-K item not on the candidate list,False,True,https://www.sec.gov/Archives/edgar/data/1297996/000155837024005623/dlr-20240423x8k.htm,https://data.sec.gov/submissions/CIK0001297996.json
DLR,1297996,8-K,2024-02-23,2024-02-24T03:14:13+00:00,2024-02-23 22:14:13-05:00,2024-02-24T03:29:13+00:00,15,acceptance recorded,2024-02-23,"8.01,9.01",True,8-K items 8.01,False,True,https://www.sec.gov/Archives/edgar/data/1297996/000119312524044680/d777642d8k.htm,https://data.sec.gov/submissions/CIK0001297996.json
DLR,1297996,10-K,2024-02-23,2024-02-23T17:24:51+00:00,2024-02-23 12:24:51-05:00,2024-02-23T17:39:51+00:00,15,acceptance recorded,2023-12-31,,True,periodic report,False,True,https://www.sec.gov/Archives/edgar/data/1297996/000155837024001575/dlr-20231231x10k.htm,https://data.sec.gov/submissions/CIK0001297996.json
DLR,1297996,8-K,2024-02-15,2024-02-16T02:12:41+00:00,2024-02-15 21:12:41-05:00,2024-02-16T02:27:41+00:00,15,acceptance recorded,2024-02-15,"2.02,7.01,9.01",True,"8-K items 2.02, 7.01",False,True,https://www.sec.gov/Archives/edgar/data/1297996/000155837024001242/dlr-20240215x8k.htm,https://data.sec.gov/submissions/CIK0001297996.json
DLR,1297996,8-K,2023-12-08,2023-12-09T02:11:12+00:00,2023-12-08 21:11:12-05:00,2023-12-09T02:26:12+00:00,15,acceptance recorded,2023-12-07,5.02,False,8-K item not on the candidate list,False,True,https://www.sec.gov/Archives/edgar/data/1297996/000155837023019694/dlr-20231207x8k.htm,https://data.sec.gov/submissions/CIK0001297996.json
DLR,1297996,8-K,2023-12-07,2023-12-08T02:40:52+00:00,2023-12-07 21:40:52-05:00,2023-12-08T02:55:52+00:00,15,acceptance recorded,2023-12-07,8.01,True,8-K items 8.01,False,True,https://www.sec.gov/Archives/edgar/data/1297996/000155837023019629/dlr-20231207x8k.htm,https://data.sec.gov/submissions/CIK0001297996.json
DLR,1297996,10-Q,2023-11-09,2023-11-10T02:25:12+00:00,2023-11-09 21:25:12-05:00,2023-11-10T02:40:12+00:00,15,acceptance recorded,2023-09-30,,True,periodic report,False,True,https://www.sec.gov/Archives/edgar/data/1297996/000155837023018593/dlr-20230930x10q.htm,https://data.sec.gov/submissions/CIK0001297996.json
DLR,1297996,8-K,2023-10-26,2023-10-27T00:20:40+00:00,2023-10-26 20:20:40-04:00,2023-10-27T00:35:40+00:00,15,acceptance recorded,2023-10-26,"2.02,7.01,9.01",True,"8-K items 2.02, 7.01",False,True,https://www.sec.gov/Archives/edgar/data/1297996/000155837023016866/dlr-20231026x8k.htm,https://data.sec.gov/submissions/CIK0001297996.json
DLR,1297996,8-K,2023-08-15,2023-08-16T00:08:54+00:00,2023-08-15 20:08:54-04:00,2023-08-16T00:23:54+00:00,15,acceptance recorded,2023-08-10,"5.02,9.01",False,8-K item not on the candidate list,False,True,https://www.sec.gov/Archives/edgar/data/1297996/000155837023014995/dlr-20230810x8k.htm,https://data.sec.gov/submissions/CIK0001297996.json
DLR,1297996,8-K,2023-08-04,2023-08-05T01:30:56+00:00,2023-08-04 21:30:56-04:00,2023-08-05T01:45:56+00:00,15,acceptance recorded,2023-08-04,"8.01,9.01",True,8-K items 8.01,False,True,https://www.sec.gov/Archives/edgar/data/1297996/000119312523204023/d530249d8k.htm,https://data.sec.gov/submissions/CIK0001297996.json
DLR,1297996,10-Q,2023-08-04,2023-08-04T17:09:58+00:00,2023-08-04 13:09:58-04:00,2023-08-04T17:24:58+00:00,15,acceptance recorded,2023-06-30,,True,periodic report,False,True,https://www.sec.gov/Archives/edgar/data/1297996/000155837023013321/dlr-20230630x10q.htm,https://data.sec.gov/submissions/CIK0001297996.json
DLR,1297996,8-K,2023-07-27,2023-07-28T00:01:37+00:00,2023-07-27 20:01:37-04:00,2023-07-28T00:16:37+00:00,15,acceptance recorded,2023-07-27,"2.02,7.01,9.01",True,"8-K items 2.02, 7.01",False,True,https://www.sec.gov/Archives/edgar/data/1297996/000155837023012400/dlr-20230727x8k.htm,https://data.sec.gov/submissions/CIK0001297996.json
DLR,1297996,8-K,2023-06-13,2023-06-14T00:30:50+00:00,2023-06-13 20:30:50-04:00,2023-06-14T00:45:50+00:00,15,acceptance recorded,2023-06-08,5.07,False,8-K item not on the candidate list,False,True,https://www.sec.gov/Archives/edgar/data/1297996/000155837023011039/dlr-20230608x8k.htm,https://data.sec.gov/submissions/CIK0001297996.json
DLR,1297996,8-K,2023-06-07,2023-06-07T05:50:04+00:00,2023-06-07 01:50:04-04:00,2023-06-07T06:05:04+00:00,15,acceptance recorded,2023-06-04,"5.02,9.01",False,8-K item not on the candidate list,False,True,https://www.sec.gov/Archives/edgar/data/1297996/000119312523161886/d434156d8k.htm,https://data.sec.gov/submissions/CIK0001297996.json
DLR,1297996,8-K,2023-06-05,2023-06-06T00:12:42+00:00,2023-06-05 20:12:42-04:00,2023-06-06T00:27:42+00:00,15,acceptance recorded,2023-06-05,"5.02,8.01",True,8-K items 8.01,False,True,https://www.sec.gov/Archives/edgar/data/1297996/000155837023010809/dlr-20230605x8k.htm,https://data.sec.gov/submissions/CIK0001297996.json
DLR,1297996,10-Q,2023-05-04,2023-05-05T00:43:05+00:00,2023-05-04 20:43:05-04:00,2023-05-05T00:58:05+00:00,15,acceptance recorded,2023-03-31,,True,periodic report,False,True,https://www.sec.gov/Archives/edgar/data/1297996/000155837023008142/dlr-20230331x10q.htm,https://data.sec.gov/submissions/CIK0001297996.json
DLR,1297996,8-K,2023-04-27,2023-04-28T00:15:49+00:00,2023-04-27 20:15:49-04:00,2023-04-28T00:30:49+00:00,15,acceptance recorded,2023-04-27,"2.02,7.01,9.01",True,"8-K items 2.02, 7.01",False,True,https://www.sec.gov/Archives/edgar/data/1297996/000155837023007069/dlr-20230427x8k.htm,https://data.sec.gov/submissions/CIK0001297996.json
DLR,1297996,8-K,2023-04-03,2023-04-03T14:08:05+00:00,2023-04-03 10:08:05-04:00,2023-04-03T14:23:05+00:00,15,acceptance recorded,2023-03-30,"5.03,9.01",False,8-K item not on the candidate list,False,True,https://www.sec.gov/Archives/edgar/data/1297996/000119312523088804/d477117d8k.htm,https://data.sec.gov/submissions/CIK0001297996.json
DLR,1297996,8-K,2023-03-16,2023-03-17T00:19:06+00:00,2023-03-16 20:19:06-04:00,2023-03-17T00:34:06+00:00,15,acceptance recorded,2023-03-16,"8.01,9.01",True,8-K items 8.01,False,True,https://www.sec.gov/Archives/edgar/data/1297996/000119312523072616/d447587d8k.htm,https://data.sec.gov/submissions/CIK0001297996.json
DLR,1297996,8-K,2023-03-10,2023-03-11T02:35:30+00:00,2023-03-10 21:35:30-05:00,2023-03-11T02:50:30+00:00,15,acceptance recorded,2023-03-06,5.02,False,8-K item not on the candidate list,False,True,https://www.sec.gov/Archives/edgar/data/1297996/000155837023003480/dlr-20230306x8k.htm,https://data.sec.gov/submissions/CIK0001297996.json
DLR,1297996,10-K,2023-02-27,2023-02-25T07:24:08+00:00,2023-02-25 02:24:08-05:00,2023-02-25T07:39:08+00:00,15,acceptance recorded,2022-12-31,,True,periodic report,False,True,https://www.sec.gov/Archives/edgar/data/1297996/000155837023002087/dlr-20221231x10k.htm,https://data.sec.gov/submissions/CIK0001297996.json
DLR,1297996,8-K,2023-02-16,2023-02-17T02:08:48+00:00,2023-02-16 21:08:48-05:00,2023-02-17T02:23:48+00:00,15,acceptance recorded,2023-02-16,"2.02,7.01,9.01",True,"8-K items 2.02, 7.01",False,True,https://www.sec.gov/Archives/edgar/data/1297996/000155837023001449/dlr-20230216x8k.htm,https://data.sec.gov/submissions/CIK0001297996.json
DLR,1297996,8-K,2023-01-13,2023-01-14T02:37:13+00:00,2023-01-13 21:37:13-05:00,2023-01-14T02:52:13+00:00,15,acceptance recorded,2023-01-09,"1.01,2.03,9.01",True,8-K items 1.01,False,True,https://www.sec.gov/Archives/edgar/data/1297996/000119312523008415/d413543d8k.htm,https://data.sec.gov/submissions/CIK0001297996.json
DLR,1297996,8-K/A,2023-01-06,2023-01-07T02:28:09+00:00,2023-01-06 21:28:09-05:00,2023-01-07T02:43:09+00:00,15,acceptance recorded,2022-12-13,5.02,False,8-K item not on the candidate list,False,True,https://www.sec.gov/Archives/edgar/data/1297996/000119312523003587/d447311d8ka.htm,https://data.sec.gov/submissions/CIK0001297996.json
DLR,1297996,8-K,2023-01-06,2023-01-07T02:25:08+00:00,2023-01-06 21:25:08-05:00,2023-01-07T02:40:08+00:00,15,acceptance recorded,2022-12-30,"5.02,8.01",True,8-K items 8.01,False,True,https://www.sec.gov/Archives/edgar/data/1297996/000119312523003582/d445005d8k.htm,https://data.sec.gov/submissions/CIK0001297996.json
DLR,1297996,8-K,2022-12-13,2022-12-14T03:17:04+00:00,2022-12-13 22:17:04-05:00,2022-12-14T03:32:04+00:00,15,acceptance recorded,2022-12-13,"5.02,7.01,9.01",True,8-K items 7.01,False,True,https://www.sec.gov/Archives/edgar/data/1297996/000119312522303909/d403893d8k.htm,https://data.sec.gov/submissions/CIK0001297996.json
DLR,1297996,8-K,2022-12-06,2022-12-07T02:40:46+00:00,2022-12-06 21:40:46-05:00,2022-12-07T02:55:46+00:00,15,acceptance recorded,2022-12-06,"8.01,9.01",True,8-K items 8.01,False,True,https://www.sec.gov/Archives/edgar/data/1297996/000119312522299444/d364453d8k.htm,https://data.sec.gov/submissions/CIK0001297996.json
DLR,1297996,8-K,2022-12-05,2022-12-06T02:24:15+00:00,2022-12-05 21:24:15-05:00,2022-12-06T02:39:15+00:00,15,acceptance recorded,2022-11-29,"8.01,9.01",True,8-K items 8.01,False,True,https://www.sec.gov/Archives/edgar/data/1297996/000119312522298462/d428657d8k.htm,https://data.sec.gov/submissions/CIK0001297996.json
DLR,1297996,8-K,2022-11-29,2022-11-29T18:41:37+00:00,2022-11-29 13:41:37-05:00,2022-11-29T18:56:37+00:00,15,acceptance recorded,2022-11-29,8.01,True,8-K items 8.01,False,True,https://www.sec.gov/Archives/edgar/data/1297996/000119312522293930/d423129d8k.htm,https://data.sec.gov/submissions/CIK0001297996.json
DLR,1297996,10-Q,2022-11-04,2022-11-05T01:15:21+00:00,2022-11-04 21:15:21-04:00,2022-11-05T01:30:21+00:00,15,acceptance recorded,2022-09-30,,True,periodic report,False,True,https://www.sec.gov/Archives/edgar/data/1297996/000155837022016456/dlr-20220930x10q.htm,https://data.sec.gov/submissions/CIK0001297996.json
DLR,1297996,8-K,2022-11-01,2022-11-01T03:58:37+00:00,2022-10-31 23:58:37-04:00,2022-11-01T04:13:37+00:00,15,acceptance recorded,2022-10-25,8.01,True,8-K items 8.01,False,True,https://www.sec.gov/Archives/edgar/data/1297996/000155837022015692/dlr-20221025x8k.htm,https://data.sec.gov/submissions/CIK0001297996.json
DLR,1297996,8-K,2022-10-26,2022-10-27T00:25:24+00:00,2022-10-26 20:25:24-04:00,2022-10-27T00:40:24+00:00,15,acceptance recorded,2022-10-26,"2.02,7.01,9.01",True,"8-K items 2.02, 7.01",False,True,https://www.sec.gov/Archives/edgar/data/1297996/000155837022015409/dlr-20221026x8k.htm,https://data.sec.gov/submissions/CIK0001297996.json
DLR,1297996,8-K,2022-09-27,2022-09-28T00:02:01+00:00,2022-09-27 20:02:01-04:00,2022-09-28T00:17:01+00:00,15,acceptance recorded,2022-09-22,"1.01,2.03,8.01,9.01",True,"8-K items 1.01, 8.01",False,True,https://www.sec.gov/Archives/edgar/data/1297996/000119312522252135/d514137d8k.htm,https://data.sec.gov/submissions/CIK0001297996.json
DLR,1297996,8-K,2022-09-08,2022-09-09T00:01:21+00:00,2022-09-08 20:01:21-04:00,2022-09-09T00:16:21+00:00,15,acceptance recorded,2022-09-01,5.02,False,8-K item not on the candidate list,False,True,https://www.sec.gov/Archives/edgar/data/1297996/000155837022014276/dlr-20220901x8k.htm,https://data.sec.gov/submissions/CIK0001297996.json
DLR,1297996,8-K,2022-08-17,2022-08-18T00:20:07+00:00,2022-08-17 20:20:07-04:00,2022-08-18T00:35:07+00:00,15,acceptance recorded,2022-08-11,"1.01,2.03,9.01",True,8-K items 1.01,False,True,https://www.sec.gov/Archives/edgar/data/1297996/000155837022013757/dlr-20220811x8k.htm,https://data.sec.gov/submissions/CIK0001297996.json
DLR,1297996,10-Q,2022-08-05,2022-08-06T01:12:52+00:00,2022-08-05 21:12:52-04:00,2022-08-06T01:27:52+00:00,15,acceptance recorded,2022-06-30,,True,periodic report,False,True,https://www.sec.gov/Archives/edgar/data/1297996/000155837022012450/dlr-20220630x10q.htm,https://data.sec.gov/submissions/CIK0001297996.json
DLR,1297996,8-K,2022-07-29,2022-07-30T00:10:53+00:00,2022-07-29 20:10:53-04:00,2022-07-30T00:25:53+00:00,15,acceptance recorded,2022-07-25,5.02,False,8-K item not on the candidate list,False,True,https://www.sec.gov/Archives/edgar/data/1297996/000155837022011371/dlr-20220725x8k.htm,https://data.sec.gov/submissions/CIK0001297996.json
DLR,1297996,8-K,2022-07-28,2022-07-29T00:43:45+00:00,2022-07-28 20:43:45-04:00,2022-07-29T00:58:45+00:00,15,acceptance recorded,2022-07-28,"2.02,7.01,9.01",True,"8-K items 2.02, 7.01",False,True,https://www.sec.gov/Archives/edgar/data/1297996/000155837022011281/dlr-20220728x8k.htm,https://data.sec.gov/submissions/CIK0001297996.json
DLR,1297996,8-K,2022-06-08,2022-06-09T00:01:32+00:00,2022-06-08 20:01:32-04:00,2022-06-09T00:16:32+00:00,15,acceptance recorded,2022-06-03,5.07,False,8-K item not on the candidate list,False,True,https://www.sec.gov/Archives/edgar/data/1297996/000155837022009813/dlr-20220603x8k.htm,https://data.sec.gov/submissions/CIK0001297996.json
DLR,1297996,10-Q,2022-05-06,2022-05-07T00:55:41+00:00,2022-05-06 20:55:41-04:00,2022-05-07T01:10:41+00:00,15,acceptance recorded,2022-03-31,,True,periodic report,False,True,https://www.sec.gov/Archives/edgar/data/1297996/000155837022007648/dlr-20220331x10q.htm,https://data.sec.gov/submissions/CIK0001297996.json
DLR,1297996,8-K,2022-04-28,2022-04-29T00:24:25+00:00,2022-04-28 20:24:25-04:00,2022-04-29T00:39:25+00:00,15,acceptance recorded,2022-04-28,"2.02,7.01,9.01",True,"8-K items 2.02, 7.01",False,True,https://www.sec.gov/Archives/edgar/data/1297996/000155837022006301/dlr-20220428x8k.htm,https://data.sec.gov/submissions/CIK0001297996.json
DLR,1297996,8-K,2022-04-11,2022-04-12T00:39:30+00:00,2022-04-11 20:39:30-04:00,2022-04-12T00:54:30+00:00,15,acceptance recorded,2022-04-05,"1.01,2.03",True,8-K items 1.01,False,True,https://www.sec.gov/Archives/edgar/data/1297996/000155837022005287/dlr-20220405x8k.htm,https://data.sec.gov/submissions/CIK0001297996.json
DLR,1297996,8-K,2022-04-04,2022-04-02T01:33:12+00:00,2022-04-01 21:33:12-04:00,2022-04-02T01:48:12+00:00,15,acceptance recorded,2022-04-01,"8.01,9.01",True,8-K items 8.01,False,True,https://www.sec.gov/Archives/edgar/data/1297996/000119312522093904/d299996d8k.htm,https://data.sec.gov/submissions/CIK0001297996.json
DLR,1297996,8-K,2022-03-30,2022-03-31T01:16:10+00:00,2022-03-30 21:16:10-04:00,2022-03-31T01:31:10+00:00,15,acceptance recorded,2022-03-30,"1.01,2.03,7.01,9.01",True,"8-K items 1.01, 7.01",False,True,https://www.sec.gov/Archives/edgar/data/1297996/000119312522090035/d330765d8k.htm,https://data.sec.gov/submissions/CIK0001297996.json
DLR,1297996,8-K,2022-03-10,2022-03-11T03:20:08+00:00,2022-03-10 22:20:08-05:00,2022-03-11T03:35:08+00:00,15,acceptance recorded,2022-03-04,5.02,False,8-K item not on the candidate list,False,True,https://www.sec.gov/Archives/edgar/data/1297996/000155837022003306/dlr-20220304x8k.htm,https://data.sec.gov/submissions/CIK0001297996.json
DLR,1297996,10-K,2022-02-25,2022-02-26T03:19:45+00:00,2022-02-25 22:19:45-05:00,2022-02-26T03:34:45+00:00,15,acceptance recorded,2021-12-31,,True,periodic report,False,True,https://www.sec.gov/Archives/edgar/data/1297996/000155837022002195/dlr-20211231x10k.htm,https://data.sec.gov/submissions/CIK0001297996.json
DLR,1297996,8-K,2022-02-17,2022-02-18T02:14:01+00:00,2022-02-17 21:14:01-05:00,2022-02-18T02:29:01+00:00,15,acceptance recorded,2022-02-17,"2.02,7.01,9.01",True,"8-K items 2.02, 7.01",False,True,https://www.sec.gov/Archives/edgar/data/1297996/000155837022001343/dlr-20220217x8k.htm,https://data.sec.gov/submissions/CIK0001297996.json
DLR,1297996,8-K,2022-01-18,2022-01-19T02:06:08+00:00,2022-01-18 21:06:08-05:00,2022-01-19T02:21:08+00:00,15,acceptance recorded,2022-01-18,"1.01,2.03,9.01",True,8-K items 1.01,False,True,https://www.sec.gov/Archives/edgar/data/1297996/000119312522011222/d241759d8k.htm,https://data.sec.gov/submissions/CIK0001297996.json
DLR,1297996,8-K,2022-01-04,2022-01-05T03:09:06+00:00,2022-01-04 22:09:06-05:00,2022-01-05T03:24:06+00:00,15,acceptance recorded,2022-01-04,"7.01,8.01,9.01",True,"8-K items 7.01, 8.01",False,True,https://www.sec.gov/Archives/edgar/data/1297996/000119312522001834/d143738d8k.htm,https://data.sec.gov/submissions/CIK0001297996.json
DLR,1297996,8-K,2022-01-04,2022-01-05T02:46:44+00:00,2022-01-04 21:46:44-05:00,2022-01-05T03:01:44+00:00,15,acceptance recorded,2022-01-04,"8.01,9.01",True,8-K items 8.01,False,True,https://www.sec.gov/Archives/edgar/data/1297996/000119312522001782/d276486d8k.htm,https://data.sec.gov/submissions/CIK0001297996.json
DLR,1297996,8-K,2022-01-04,2022-01-04T16:10:04+00:00,2022-01-04 11:10:04-05:00,2022-01-04T16:25:04+00:00,15,acceptance recorded,2022-01-04,8.01,True,8-K items 8.01,False,True,https://www.sec.gov/Archives/edgar/data/1297996/000119312522000985/d272277d8k.htm,https://data.sec.gov/submissions/CIK0001297996.json
DLR,1297996,8-K,2022-01-03,2022-01-04T03:29:32+00:00,2022-01-03 22:29:32-05:00,2022-01-04T03:44:32+00:00,15,acceptance recorded,2022-01-03,"7.01,8.01,9.01",True,"8-K items 7.01, 8.01",False,True,https://www.sec.gov/Archives/edgar/data/1297996/000155837022000016/dlr-20220103x8k.htm,https://data.sec.gov/submissions/CIK0001297996.json
DLR,1297996,8-K,2021-12-06,2021-12-07T02:36:57+00:00,2021-12-06 21:36:57-05:00,2021-12-07T02:51:57+00:00,15,acceptance recorded,2021-12-06,8.01,True,8-K items 8.01,False,True,https://www.sec.gov/Archives/edgar/data/1297996/000155837021016554/dlr-20211206x8k.htm,https://data.sec.gov/submissions/CIK0001297996.json
DLR,1297996,8-K,2021-12-03,2021-12-04T02:55:34+00:00,2021-12-03 21:55:34-05:00,2021-12-04T03:10:34+00:00,15,acceptance recorded,2021-11-29,5.02,False,8-K item not on the candidate list,False,True,https://www.sec.gov/Archives/edgar/data/1297996/000155837021016527/dlr-20211129x8k.htm,https://data.sec.gov/submissions/CIK0001297996.json
DLR,1297996,8-K,2021-11-22,2021-11-22T16:01:31+00:00,2021-11-22 11:01:31-05:00,2021-11-22T16:16:31+00:00,15,acceptance recorded,2021-11-18,2.03,False,8-K item not on the candidate list,False,True,https://www.sec.gov/Archives/edgar/data/1297996/000155837021016249/dlr-20211118x8k.htm,https://data.sec.gov/submissions/CIK0001297996.json
DLR,1297996,10-Q,2021-11-05,2021-11-06T00:03:25+00:00,2021-11-05 20:03:25-04:00,2021-11-06T00:18:25+00:00,15,acceptance recorded,2021-09-30,,True,periodic report,False,True,https://www.sec.gov/Archives/edgar/data/1297996/000155837021014831/dlr-20210930x10q.htm,https://data.sec.gov/submissions/CIK0001297996.json
DLR,1297996,8-K,2021-11-01,2021-11-02T00:39:50+00:00,2021-11-01 20:39:50-04:00,2021-11-02T00:54:50+00:00,15,acceptance recorded,2021-11-01,5.02,False,8-K item not on the candidate list,False,True,https://www.sec.gov/Archives/edgar/data/1297996/000155837021013919/dlr-20211101x8k.htm,https://data.sec.gov/submissions/CIK0001297996.json
DLR,1297996,8-K,2021-10-26,2021-10-27T00:18:17+00:00,2021-10-26 20:18:17-04:00,2021-10-27T00:33:17+00:00,15,acceptance recorded,2021-10-26,"2.02,7.01,9.01",True,"8-K items 2.02, 7.01",False,True,https://www.sec.gov/Archives/edgar/data/1297996/000155837021013506/dlr-20211026x8k.htm,https://data.sec.gov/submissions/CIK0001297996.json
DLR,1297996,8-K,2021-10-01,2021-10-02T01:14:34+00:00,2021-10-01 21:14:34-04:00,2021-10-02T01:29:34+00:00,15,acceptance recorded,2021-10-01,8.01,True,8-K items 8.01,False,True,https://www.sec.gov/Archives/edgar/data/1297996/000155837021012928/dlr-20211001x8k.htm,https://data.sec.gov/submissions/CIK0001297996.json
DLR,1297996,8-K,2021-09-13,2021-09-14T00:32:09+00:00,2021-09-13 20:32:09-04:00,2021-09-14T00:47:09+00:00,15,acceptance recorded,2021-09-08,"8.01,9.01",True,8-K items 8.01,False,True,https://www.sec.gov/Archives/edgar/data/1297996/000119312521271498/d219715d8k.htm,https://data.sec.gov/submissions/CIK0001297996.json
DLR,1297996,8-K,2021-08-27,2021-08-28T00:40:50+00:00,2021-08-27 20:40:50-04:00,2021-08-28T00:55:50+00:00,15,acceptance recorded,2021-08-23,"5.02,9.01",False,8-K item not on the candidate list,False,True,https://www.sec.gov/Archives/edgar/data/1297996/000155837021012112/dlr-20210823x8k.htm,https://data.sec.gov/submissions/CIK0001297996.json
DLR,1297996,10-Q,2021-08-06,2021-08-07T00:21:30+00:00,2021-08-06 20:21:30-04:00,2021-08-07T00:36:30+00:00,15,acceptance recorded,2021-06-30,,True,periodic report,False,True,https://www.sec.gov/Archives/edgar/data/1297996/000155837021010824/dlr-20210630x10q.htm,https://data.sec.gov/submissions/CIK0001297996.json
DLR,1297996,8-K,2021-07-29,2021-07-30T00:13:52+00:00,2021-07-29 20:13:52-04:00,2021-07-30T00:28:52+00:00,15,acceptance recorded,2021-07-29,"2.02,7.01,9.01",True,"8-K items 2.02, 7.01",False,True,https://www.sec.gov/Archives/edgar/data/1297996/000155837021009602/dlr-20210729x8k.htm,https://data.sec.gov/submissions/CIK0001297996.json
DLR,1297996,8-K,2021-07-15,2021-07-16T00:40:13+00:00,2021-07-15 20:40:13-04:00,2021-07-16T00:55:13+00:00,15,acceptance recorded,2021-07-15,"1.01,2.03,7.01,9.01",True,"8-K items 1.01, 7.01",False,True,https://www.sec.gov/Archives/edgar/data/1297996/000119312521216455/d180872d8k.htm,https://data.sec.gov/submissions/CIK0001297996.json
DLR,1297996,8-K,2021-07-06,2021-07-06T14:12:38+00:00,2021-07-06 10:12:38-04:00,2021-07-06T14:27:38+00:00,15,acceptance recorded,2021-07-06,8.01,True,8-K items 8.01,False,True,https://www.sec.gov/Archives/edgar/data/1297996/000129799621000013/dlr-20210706x8k.htm,https://data.sec.gov/submissions/CIK0001297996.json
DLR,1297996,8-K,2021-06-08,2021-06-09T00:10:16+00:00,2021-06-08 20:10:16-04:00,2021-06-09T00:25:16+00:00,15,acceptance recorded,2021-06-03,5.07,False,8-K item not on the candidate list,False,True,https://www.sec.gov/Archives/edgar/data/1297996/000129799621000008/dlr-20210603x8k.htm,https://data.sec.gov/submissions/CIK0001297996.json
DLR,1297996,8-K,2021-05-24,2021-05-25T00:12:39+00:00,2021-05-24 20:12:39-04:00,2021-05-25T00:27:39+00:00,15,acceptance recorded,2021-05-19,5.02,False,8-K item not on the candidate list,False,True,https://www.sec.gov/Archives/edgar/data/1297996/000129799621000005/dlr-20210519x8k.htm,https://data.sec.gov/submissions/CIK0001297996.json
DLR,1297996,8-K,2021-05-11,2021-05-12T01:18:01+00:00,2021-05-11 21:18:01-04:00,2021-05-12T01:33:01+00:00,15,acceptance recorded,2021-05-11,"8.01,9.01",True,8-K items 8.01,False,True,https://www.sec.gov/Archives/edgar/data/1297996/000119312521157773/d919675d8k.htm,https://data.sec.gov/submissions/CIK0001297996.json
DLR,1297996,10-Q,2021-05-07,2021-05-08T00:17:20+00:00,2021-05-07 20:17:20-04:00,2021-05-08T00:32:20+00:00,15,acceptance recorded,2021-03-31,,True,periodic report,False,True,https://www.sec.gov/Archives/edgar/data/1297996/000155837021006512/dlr-20210331x10q.htm,https://data.sec.gov/submissions/CIK0001297996.json
DLR,1297996,8-K,2021-04-29,2021-04-30T00:17:34+00:00,2021-04-29 20:17:34-04:00,2021-04-30T00:32:34+00:00,15,acceptance recorded,2021-04-29,"2.02,7.01,9.01",True,"8-K items 2.02, 7.01",False,True,https://www.sec.gov/Archives/edgar/data/1297996/000155837021005259/dlr-20210429x8k.htm,https://data.sec.gov/submissions/CIK0001297996.json
DLR,1297996,8-K,2021-04-15,2021-04-16T01:02:28+00:00,2021-04-15 21:02:28-04:00,2021-04-16T01:17:28+00:00,15,acceptance recorded,2021-04-15,"7.01,8.01,9.01",True,"8-K items 7.01, 8.01",False,True,https://www.sec.gov/Archives/edgar/data/1297996/000119312521117891/d128758d8k.htm,https://data.sec.gov/submissions/CIK0001297996.json
DLR,1297996,10-K,2021-03-01,2021-03-02T03:05:19+00:00,2021-03-01 22:05:19-05:00,2021-03-02T03:20:19+00:00,15,acceptance recorded,2020-12-31,,True,periodic report,False,True,https://www.sec.gov/Archives/edgar/data/1297996/000155837021002191/dlr-20201231x10k.htm,https://data.sec.gov/submissions/CIK0001297996.json
DLR,1297996,8-K,2021-02-11,2021-02-12T02:56:55+00:00,2021-02-11 21:56:55-05:00,2021-02-12T03:11:55+00:00,15,acceptance recorded,2021-02-11,"2.02,7.01,9.01",True,"8-K items 2.02, 7.01",False,True,https://www.sec.gov/Archives/edgar/data/1297996/000155837021000923/dlr-20210211x8k.htm,https://data.sec.gov/submissions/CIK0001297996.json
DLR,1297996,8-K,2021-01-12,2021-01-13T02:52:05+00:00,2021-01-12 21:52:05-05:00,2021-01-13T03:07:05+00:00,15,acceptance recorded,2021-01-12,"1.01,2.03,9.01",True,8-K items 1.01,False,True,https://www.sec.gov/Archives/edgar/data/1297996/000119312521007307/d62559d8k.htm,https://data.sec.gov/submissions/CIK0001297996.json
DLR,1297996,8-K,2021-01-05,2021-01-06T02:26:49+00:00,2021-01-05 21:26:49-05:00,2021-01-06T02:41:49+00:00,15,acceptance recorded,2021-01-05,"8.01,9.01",True,8-K items 8.01,False,True,https://www.sec.gov/Archives/edgar/data/1297996/000119312521001973/d16307d8k.htm,https://data.sec.gov/submissions/CIK0001297996.json
DLR,1297996,8-K,2021-01-05,2021-01-06T02:02:58+00:00,2021-01-05 21:02:58-05:00,2021-01-06T02:17:58+00:00,15,acceptance recorded,2021-01-05,"7.01,8.01,9.01",True,"8-K items 7.01, 8.01",False,True,https://www.sec.gov/Archives/edgar/data/1297996/000119312521001945/d50402d8k.htm,https://data.sec.gov/submissions/CIK0001297996.json
DLR,1297996,8-K,2021-01-05,2021-01-05T16:07:03+00:00,2021-01-05 11:07:03-05:00,2021-01-05T16:22:03+00:00,15,acceptance recorded,2021-01-05,8.01,True,8-K items 8.01,False,True,https://www.sec.gov/Archives/edgar/data/1297996/000119312521001424/d73306d8k.htm,https://data.sec.gov/submissions/CIK0001297996.json
DLR,1297996,10-Q,2020-11-06,2020-11-07T02:09:13+00:00,2020-11-06 21:09:13-05:00,2020-11-07T02:24:13+00:00,15,acceptance recorded,2020-09-30,,True,periodic report,False,True,https://www.sec.gov/Archives/edgar/data/1297996/000155837020013155/dlr-20200930x10q.htm,https://data.sec.gov/submissions/CIK0001297996.json
DLR,1297996,8-K,2020-10-29,2020-10-30T01:19:22+00:00,2020-10-29 21:19:22-04:00,2020-10-30T01:34:22+00:00,15,acceptance recorded,2020-10-29,"2.02,7.01,9.01",True,"8-K items 2.02, 7.01",False,True,https://www.sec.gov/Archives/edgar/data/1297996/000155837020012070/dlr-20201029x8k.htm,https://data.sec.gov/submissions/CIK0001297996.json
DLR,1297996,8-K,2020-09-24,2020-09-25T01:01:03+00:00,2020-09-24 21:01:03-04:00,2020-09-25T01:16:03+00:00,15,acceptance recorded,2020-09-24,8.01,True,8-K items 8.01,False,True,https://www.sec.gov/Archives/edgar/data/1297996/000119312520253481/d80168d8k.htm,https://data.sec.gov/submissions/CIK0001297996.json
DLR,1297996,8-K,2020-09-23,2020-09-24T00:39:06+00:00,2020-09-23 20:39:06-04:00,2020-09-24T00:54:06+00:00,15,acceptance recorded,2020-09-23,"1.01,2.03,9.01",True,8-K items 1.01,False,True,https://www.sec.gov/Archives/edgar/data/1297996/000119312520252362/d34521d8k.htm,https://data.sec.gov/submissions/CIK0001297996.json
DLR,1297996,8-K,2020-09-15,2020-09-16T00:46:35+00:00,2020-09-15 20:46:35-04:00,2020-09-16T01:01:35+00:00,15,acceptance recorded,2020-09-15,"7.01,8.01,9.01",True,"8-K items 7.01, 8.01",False,True,https://www.sec.gov/Archives/edgar/data/1297996/000119312520246278/d899371d8k.htm,https://data.sec.gov/submissions/CIK0001297996.json
DLR,1297996,8-K,2020-09-15,2020-09-15T01:31:57+00:00,2020-09-14 21:31:57-04:00,2020-09-15T01:46:57+00:00,15,acceptance recorded,2020-09-14,"7.01,8.01,9.01",True,"8-K items 7.01, 8.01",False,True,https://www.sec.gov/Archives/edgar/data/1297996/000119312520245329/d940690d8k.htm,https://data.sec.gov/submissions/CIK0001297996.json
DLR,1297996,8-K,2020-09-14,2020-09-14T14:27:05+00:00,2020-09-14 10:27:05-04:00,2020-09-14T14:42:05+00:00,15,acceptance recorded,2020-09-14,8.01,True,8-K items 8.01,False,True,https://www.sec.gov/Archives/edgar/data/1297996/000119312520244625/d28862d8k.htm,https://data.sec.gov/submissions/CIK0001297996.json
DLR,1297996,10-Q,2020-08-10,2020-08-08T04:04:10+00:00,2020-08-08 00:04:10-04:00,2020-08-08T04:19:10+00:00,15,acceptance recorded,2020-06-30,,True,periodic report,False,True,https://www.sec.gov/Archives/edgar/data/1297996/000155837020009992/dlr-20200630x10q.htm,https://data.sec.gov/submissions/CIK0001297996.json
DLR,1297996,8-K,2020-07-30,2020-07-31T04:18:19+00:00,2020-07-31 00:18:19-04:00,2020-07-31T04:33:19+00:00,15,acceptance recorded,2020-07-30,"2.02,7.01,9.01",True,"8-K items 2.02, 7.01",False,True,https://www.sec.gov/Archives/edgar/data/1297996/000155837020008798/dlr-20200730x8k.htm,https://data.sec.gov/submissions/CIK0001297996.json
DLR,1297996,8-K,2020-07-30,2020-07-31T03:14:40+00:00,2020-07-30 23:14:40-04:00,2020-07-31T03:29:40+00:00,15,acceptance recorded,2020-07-30,8.01,True,8-K items 8.01,False,True,https://www.sec.gov/Archives/edgar/data/1297996/000119312520204343/d30787d8k.htm,https://data.sec.gov/submissions/CIK0001297996.json
DLR,1297996,8-K,2020-07-02,2020-07-03T00:16:21+00:00,2020-07-02 20:16:21-04:00,2020-07-03T00:31:21+00:00,15,acceptance recorded,2020-07-02,"8.01,9.01",True,8-K items 8.01,False,True,https://www.sec.gov/Archives/edgar/data/1297996/000119312520186853/d72890d8k.htm,https://data.sec.gov/submissions/CIK0001297996.json
DLR,1297996,8-K,2020-06-26,2020-06-27T00:16:41+00:00,2020-06-26 20:16:41-04:00,2020-06-27T00:31:41+00:00,15,acceptance recorded,2020-06-26,"1.01,2.03,9.01",True,8-K items 1.01,False,True,https://www.sec.gov/Archives/edgar/data/1297996/000119312520180970/d947968d8k.htm,https://data.sec.gov/submissions/CIK0001297996.json
DLR,1297996,8-K,2020-06-17,2020-06-18T00:05:53+00:00,2020-06-17 20:05:53-04:00,2020-06-18T00:20:53+00:00,15,acceptance recorded,2020-06-17,"7.01,8.01,9.01",True,"8-K items 7.01, 8.01",False,True,https://www.sec.gov/Archives/edgar/data/1297996/000119312520171299/d941236d8k.htm,https://data.sec.gov/submissions/CIK0001297996.json
DLR,1297996,8-K,2020-06-17,2020-06-17T14:10:27+00:00,2020-06-17 10:10:27-04:00,2020-06-17T14:25:27+00:00,15,acceptance recorded,2020-06-17,8.01,True,8-K items 8.01,False,True,https://www.sec.gov/Archives/edgar/data/1297996/000119312520170812/d884622d8k.htm,https://data.sec.gov/submissions/CIK0001297996.json
DLR,1297996,8-K,2020-06-12,2020-06-13T00:08:00+00:00,2020-06-12 20:08:00-04:00,2020-06-13T00:23:00+00:00,15,acceptance recorded,2020-06-08,5.07,False,8-K item not on the candidate list,False,True,https://www.sec.gov/Archives/edgar/data/1297996/000129799620000043/dlr-20200608x8k.htm,https://data.sec.gov/submissions/CIK0001297996.json
DLR,1297996,8-K/A,2020-05-26,2020-05-27T00:06:36+00:00,2020-05-26 20:06:36-04:00,2020-05-27T00:21:36+00:00,15,acceptance recorded,2020-03-09,9.01,False,8-K item not on the candidate list,False,True,https://www.sec.gov/Archives/edgar/data/1297996/000155837020006966/dlr-20200526x8ka.htm,https://data.sec.gov/submissions/CIK0001297996.json
DLR,1297996,8-K,2020-05-11,2020-05-12T01:25:21+00:00,2020-05-11 21:25:21-04:00,2020-05-12T01:40:21+00:00,15,acceptance recorded,2020-05-11,"8.01,9.01",True,8-K items 8.01,False,True,https://www.sec.gov/Archives/edgar/data/1297996/000119312520139284/d920008d8k.htm,https://data.sec.gov/submissions/CIK0001297996.json
DLR,1297996,10-Q,2020-05-11,2020-05-12T00:38:50+00:00,2020-05-11 20:38:50-04:00,2020-05-12T00:53:50+00:00,15,acceptance recorded,2020-03-31,,True,periodic report,False,True,https://www.sec.gov/Archives/edgar/data/1297996/000155837020006279/dlr-20200511x10q.htm,https://data.sec.gov/submissions/CIK0001297996.json
DLR,1297996,8-K,2020-05-07,2020-05-08T00:29:09+00:00,2020-05-07 20:29:09-04:00,2020-05-08T00:44:09+00:00,15,acceptance recorded,2020-05-07,"2.02,7.01,9.01",True,"8-K items 2.02, 7.01",False,True,https://www.sec.gov/Archives/edgar/data/1297996/000155837020005741/dlr-20200507x8k.htm,https://data.sec.gov/submissions/CIK0001297996.json
DLR,1297996,8-K,2020-03-20,2020-03-21T00:30:47+00:00,2020-03-20 20:30:47-04:00,2020-03-21T00:45:47+00:00,15,acceptance recorded,2020-03-16,5.02,False,8-K item not on the candidate list,False,True,https://www.sec.gov/Archives/edgar/data/1297996/000155837020002987/dlr-20200316x8kcc13f9c.htm,https://data.sec.gov/submissions/CIK0001297996.json
DLR,1297996,8-K,2020-03-17,2020-03-17T17:59:22+00:00,2020-03-17 13:59:22-04:00,2020-03-17T18:14:22+00:00,15,acceptance recorded,2020-03-17,"8.01,9.01",True,8-K items 8.01,False,True,https://www.sec.gov/Archives/edgar/data/1297996/000119312520075608/d873962d8k.htm,https://data.sec.gov/submissions/CIK0001297996.json
DLR,1297996,8-K,2020-03-13,2020-03-14T00:03:26+00:00,2020-03-13 20:03:26-04:00,2020-03-14T00:18:26+00:00,15,acceptance recorded,2020-03-09,"2.01,5.02,8.01,9.01",True,8-K items 8.01,False,True,https://www.sec.gov/Archives/edgar/data/1297996/000119312520072868/d903260d8k.htm,https://data.sec.gov/submissions/CIK0001297996.json
DLR,1297996,8-K,2020-03-12,2020-03-12T14:17:50+00:00,2020-03-12 10:17:50-04:00,2020-03-12T14:32:50+00:00,15,acceptance recorded,2020-03-12,8.01,True,8-K items 8.01,False,True,https://www.sec.gov/Archives/edgar/data/1297996/000119312520070854/d858986d8k.htm,https://data.sec.gov/submissions/CIK0001297996.json
DLR,1297996,8-K,2020-03-09,2020-03-10T00:19:53+00:00,2020-03-09 20:19:53-04:00,2020-03-10T00:34:53+00:00,15,acceptance recorded,2020-03-09,"5.03,9.01",False,8-K item not on the candidate list,False,True,https://www.sec.gov/Archives/edgar/data/1297996/000119312520067196/d848585d8k.htm,https://data.sec.gov/submissions/CIK0001297996.json
DLR,1297996,8-K,2020-03-09,2020-03-09T14:49:51+00:00,2020-03-09 10:49:51-04:00,2020-03-09T15:04:51+00:00,15,acceptance recorded,2020-03-09,"8.01,9.01",True,8-K items 8.01,False,True,https://www.sec.gov/Archives/edgar/data/1297996/000119312520065930/d863185d8k.htm,https://data.sec.gov/submissions/CIK0001297996.json
DLR,1297996,10-K,2020-03-02,2020-03-03T03:20:37+00:00,2020-03-02 22:20:37-05:00,2020-03-03T03:35:37+00:00,15,acceptance recorded,2019-12-31,,True,periodic report,False,True,https://www.sec.gov/Archives/edgar/data/1297996/000155837020001906/dlr-20191231x10kabe894.htm,https://data.sec.gov/submissions/CIK0001297996.json
DLR,1297996,8-K,2020-02-28,2020-02-28T17:42:53+00:00,2020-02-28 12:42:53-05:00,2020-02-28T17:57:53+00:00,15,acceptance recorded,2020-02-27,"5.07,8.01,9.01",True,8-K items 8.01,False,True,https://www.sec.gov/Archives/edgar/data/1297996/000119312520054204/d872171d8k.htm,https://data.sec.gov/submissions/CIK0001297996.json
DLR,1297996,8-K,2020-02-25,2020-02-26T03:06:08+00:00,2020-02-25 22:06:08-05:00,2020-02-26T03:21:08+00:00,15,acceptance recorded,2020-02-19,5.02,False,8-K item not on the candidate list,False,True,https://www.sec.gov/Archives/edgar/data/1297996/000155837020001344/dlr-20200219x8ke830af4.htm,https://data.sec.gov/submissions/CIK0001297996.json
DLR,1297996,8-K/A,2020-02-25,2020-02-26T02:57:00+00:00,2020-02-25 21:57:00-05:00,2020-02-26T03:12:00+00:00,15,acceptance recorded,2020-01-02,5.02,False,8-K item not on the candidate list,False,True,https://www.sec.gov/Archives/edgar/data/1297996/000155837020001339/dlr-20200102x8ka82a170.htm,https://data.sec.gov/submissions/CIK0001297996.json
DLR,1297996,8-K,2020-02-18,2020-02-18T16:35:50+00:00,2020-02-18 11:35:50-05:00,2020-02-18T16:50:50+00:00,15,acceptance recorded,2020-02-14,8.01,True,8-K items 8.01,False,True,https://www.sec.gov/Archives/edgar/data/1297996/000119312520039341/d845024d8k.htm,https://data.sec.gov/submissions/CIK0001297996.json
DLR,1297996,8-K,2020-02-13,2020-02-14T02:54:22+00:00,2020-02-13 21:54:22-05:00,2020-02-14T03:09:22+00:00,15,acceptance recorded,2020-02-13,"2.02,7.01,9.01",True,"8-K items 2.02, 7.01",False,True,https://www.sec.gov/Archives/edgar/data/1297996/000129799620000037/a8-kfiling021320.htm,https://data.sec.gov/submissions/CIK0001297996.json
DLR,1297996,8-K,2020-01-27,2020-01-27T19:00:52+00:00,2020-01-27 14:00:52-05:00,2020-01-27T19:15:52+00:00,15,acceptance recorded,2020-01-23,"1.01,9.01",True,8-K items 1.01,False,True,https://www.sec.gov/Archives/edgar/data/1297996/000119312520014883/d869197d8k.htm,https://data.sec.gov/submissions/CIK0001297996.json
DLR,1297996,8-K,2020-01-17,2020-01-18T02:15:56+00:00,2020-01-17 21:15:56-05:00,2020-01-18T02:30:56+00:00,15,acceptance recorded,2020-01-17,"1.01,2.03,9.01",True,8-K items 1.01,False,True,https://www.sec.gov/Archives/edgar/data/1297996/000119312520010051/d849609d8k.htm,https://data.sec.gov/submissions/CIK0001297996.json
DLR,1297996,8-K,2020-01-09,2020-01-09T05:28:51+00:00,2020-01-09 00:28:51-05:00,2020-01-09T05:43:51+00:00,15,acceptance recorded,2020-01-08,"7.01,8.01,9.01",True,"8-K items 7.01, 8.01",False,True,https://www.sec.gov/Archives/edgar/data/1297996/000119312520004022/d865839d8k.htm,https://data.sec.gov/submissions/CIK0001297996.json
DLR,1297996,8-K,2020-01-08,2020-01-08T16:13:52+00:00,2020-01-08 11:13:52-05:00,2020-01-08T16:28:52+00:00,15,acceptance recorded,2020-01-08,"7.01,8.01,9.01",True,"8-K items 7.01, 8.01",False,True,https://www.sec.gov/Archives/edgar/data/1297996/000119312520003429/d854352d8k.htm,https://data.sec.gov/submissions/CIK0001297996.json
DLR,1297996,8-K,2020-01-08,2020-01-08T05:33:34+00:00,2020-01-08 00:33:34-05:00,2020-01-08T05:48:34+00:00,15,acceptance recorded,2020-01-07,"7.01,9.01",True,8-K items 7.01,False,True,https://www.sec.gov/Archives/edgar/data/1297996/000119312520003203/d781460d8k.htm,https://data.sec.gov/submissions/CIK0001297996.json
DLR,1297996,8-K,2020-01-07,2020-01-08T02:17:33+00:00,2020-01-07 21:17:33-05:00,2020-01-08T02:32:33+00:00,15,acceptance recorded,2020-01-02,5.02,False,8-K item not on the candidate list,False,True,https://www.sec.gov/Archives/edgar/data/1297996/000129799620000011/a8-kfiling010220.htm,https://data.sec.gov/submissions/CIK0001297996.json
DLR,1297996,8-K,2019-12-16,2019-12-17T03:21:09+00:00,2019-12-16 22:21:09-05:00,2019-12-17T03:36:09+00:00,15,acceptance recorded,2019-12-10,5.02,False,8-K item not on the candidate list,False,True,https://www.sec.gov/Archives/edgar/data/1297996/000129799619000178/a8-k121019.htm,https://data.sec.gov/submissions/CIK0001297996.json
DLR,1297996,8-K,2019-12-04,2019-12-04T19:07:39+00:00,2019-12-04 14:07:39-05:00,2019-12-04T19:22:39+00:00,15,acceptance recorded,2019-12-04,"8.01,9.01",True,8-K items 8.01,False,True,https://www.sec.gov/Archives/edgar/data/1297996/000129799619000168/a8-kinterxion120319.htm,https://data.sec.gov/submissions/CIK0001297996.json
DLR,1297996,10-Q,2019-11-08,2019-11-09T03:32:40+00:00,2019-11-08 22:32:40-05:00,2019-11-09T03:47:40+00:00,15,acceptance recorded,2019-09-30,,True,periodic report,False,True,https://www.sec.gov/Archives/edgar/data/1297996/000129799619000151/dlrq3930201910-q.htm,https://data.sec.gov/submissions/CIK0001297996.json
DLR,1297996,8-K,2019-10-29,2019-10-30T03:36:58+00:00,2019-10-29 23:36:58-04:00,2019-10-30T03:51:58+00:00,15,acceptance recorded,2019-10-29,"1.01,7.01,9.01",True,"8-K items 1.01, 7.01",False,True,https://www.sec.gov/Archives/edgar/data/1297996/000119312519277934/d820178d8k.htm,https://data.sec.gov/submissions/CIK0001297996.json
DLR,1297996,8-K,2019-10-29,2019-10-30T03:35:15+00:00,2019-10-29 23:35:15-04:00,2019-10-30T03:50:15+00:00,15,acceptance recorded,2019-10-29,"2.02,7.01,9.01",True,"8-K items 2.02, 7.01",False,True,https://www.sec.gov/Archives/edgar/data/1297996/000129799619000146/a8-kfilingintrepid.htm,https://data.sec.gov/submissions/CIK0001297996.json
DLR,1297996,8-K,2019-10-29,2019-10-30T01:09:25+00:00,2019-10-29 21:09:25-04:00,2019-10-30T01:24:25+00:00,15,acceptance recorded,2019-10-29,"2.02,7.01,9.01",True,"8-K items 2.02, 7.01",False,True,https://www.sec.gov/Archives/edgar/data/1297996/000129799619000144/a8-kfilingq319supp.htm,https://data.sec.gov/submissions/CIK0001297996.json
DLR,1297996,8-K,2019-10-10,2019-10-11T00:16:20+00:00,2019-10-10 20:16:20-04:00,2019-10-11T00:31:20+00:00,15,acceptance recorded,2019-10-09,"1.01,3.02,3.03,5.03,8.01,9.01",True,"8-K items 1.01, 8.01",False,True,https://www.sec.gov/Archives/edgar/data/1297996/000119312519265840/d816342d8k.htm,https://data.sec.gov/submissions/CIK0001297996.json
DLR,1297996,8-K,2019-10-09,2019-10-10T00:15:56+00:00,2019-10-09 20:15:56-04:00,2019-10-10T00:30:56+00:00,15,acceptance recorded,2019-10-09,"1.01,2.03,9.01",True,8-K items 1.01,False,True,https://www.sec.gov/Archives/edgar/data/1297996/000119312519265150/d810248d8k.htm,https://data.sec.gov/submissions/CIK0001297996.json
DLR,1297996,8-K,2019-10-07,2019-10-08T00:24:25+00:00,2019-10-07 20:24:25-04:00,2019-10-08T00:39:25+00:00,15,acceptance recorded,2019-10-01,"8.01,9.01",True,8-K items 8.01,False,True,https://www.sec.gov/Archives/edgar/data/1297996/000119312519263771/d815241d8k.htm,https://data.sec.gov/submissions/CIK0001297996.json
DLR,1297996,8-K,2019-10-02,2019-10-02T20:13:25+00:00,2019-10-02 16:13:25-04:00,2019-10-02T20:28:25+00:00,15,acceptance recorded,2019-10-02,"7.01,8.01,9.01",True,"8-K items 7.01, 8.01",False,True,https://www.sec.gov/Archives/edgar/data/1297996/000119312519260533/d811703d8k.htm,https://data.sec.gov/submissions/CIK0001297996.json
DLR,1297996,8-K,2019-10-02,2019-10-02T15:03:25+00:00,2019-10-02 11:03:25-04:00,2019-10-02T15:18:25+00:00,15,acceptance recorded,2019-10-02,"7.01,8.01,9.01",True,"8-K items 7.01, 8.01",False,True,https://www.sec.gov/Archives/edgar/data/1297996/000119312519260308/d808684d8k.htm,https://data.sec.gov/submissions/CIK0001297996.json
DLR,1297996,8-K,2019-09-24,2019-09-25T01:10:51+00:00,2019-09-24 21:10:51-04:00,2019-09-25T01:25:51+00:00,15,acceptance recorded,2019-09-20,5.02,False,8-K item not on the candidate list,False,True,https://www.sec.gov/Archives/edgar/data/1297996/000129799619000136/a8-kfilingsn9232019.htm,https://data.sec.gov/submissions/CIK0001297996.json
DLR,1297996,8-K,2019-09-18,2019-09-19T01:22:46+00:00,2019-09-18 21:22:46-04:00,2019-09-19T01:37:46+00:00,15,acceptance recorded,2019-09-16,8.01,True,8-K items 8.01,False,True,https://www.sec.gov/Archives/edgar/data/1297996/000129799619000133/a8-kshellcombined091819.htm,https://data.sec.gov/submissions/CIK0001297996.json
DLR,1297996,8-K,2019-09-17,2019-09-18T01:21:35+00:00,2019-09-17 21:21:35-04:00,2019-09-18T01:36:35+00:00,15,acceptance recorded,2019-09-17,8.01,True,8-K items 8.01,False,True,https://www.sec.gov/Archives/edgar/data/1297996/000129799619000131/a8-kshellcombined1.htm,https://data.sec.gov/submissions/CIK0001297996.json
DLR,1297996,10-Q,2019-08-07,2019-08-08T00:39:01+00:00,2019-08-07 20:39:01-04:00,2019-08-08T00:54:01+00:00,15,acceptance recorded,2019-06-30,,True,periodic report,False,True,https://www.sec.gov/Archives/edgar/data/1297996/000129799619000112/dlrq2630201910-q.htm,https://data.sec.gov/submissions/CIK0001297996.json
DLR,1297996,8-K,2019-07-30,2019-07-31T00:23:14+00:00,2019-07-30 20:23:14-04:00,2019-07-31T00:38:14+00:00,15,acceptance recorded,2019-07-30,"2.02,7.01,9.01",True,"8-K items 2.02, 7.01",False,True,https://www.sec.gov/Archives/edgar/data/1297996/000129799619000109/a8-kshellsupplementalx63019.htm,https://data.sec.gov/submissions/CIK0001297996.json
DLR,1297996,8-K,2019-06-24,2019-06-25T00:38:48+00:00,2019-06-24 20:38:48-04:00,2019-06-25T00:53:48+00:00,15,acceptance recorded,2019-06-18,"5.02,9.01",False,8-K item not on the candidate list,False,True,https://www.sec.gov/Archives/edgar/data/1297996/000129799619000105/a8k20190618.htm,https://data.sec.gov/submissions/CIK0001297996.json
DLR,1297996,8-K,2019-06-19,2019-06-20T01:00:03+00:00,2019-06-19 21:00:03-04:00,2019-06-20T01:15:03+00:00,15,acceptance recorded,2019-06-14,"8.01,9.01",True,8-K items 8.01,False,True,https://www.sec.gov/Archives/edgar/data/1297996/000119312519176551/d739417d8k.htm,https://data.sec.gov/submissions/CIK0001297996.json
DLR,1297996,8-K,2019-06-14,2019-06-15T00:15:55+00:00,2019-06-14 20:15:55-04:00,2019-06-15T00:30:55+00:00,15,acceptance recorded,2019-06-10,"1.01,2.03,8.01,9.01",True,"8-K items 1.01, 8.01",False,True,https://www.sec.gov/Archives/edgar/data/1297996/000119312519173689/d764945d8k.htm,https://data.sec.gov/submissions/CIK0001297996.json
DLR,1297996,8-K,2019-06-10,2019-06-10T17:47:54+00:00,2019-06-10 13:47:54-04:00,2019-06-10T18:02:54+00:00,15,acceptance recorded,2019-06-10,"7.01,9.01",True,8-K items 7.01,False,True,https://www.sec.gov/Archives/edgar/data/1297996/000119312519168781/d753923d8k.htm,https://data.sec.gov/submissions/CIK0001297996.json
DLR,1297996,8-K,2019-05-16,2019-05-17T00:17:50+00:00,2019-05-16 20:17:50-04:00,2019-05-17T00:32:50+00:00,15,acceptance recorded,2019-05-13,5.07,False,8-K item not on the candidate list,False,True,https://www.sec.gov/Archives/edgar/data/1297996/000129799619000095/a8-kx20190513.htm,https://data.sec.gov/submissions/CIK0001297996.json
DLR,1297996,10-Q,2019-05-10,2019-05-10T02:56:40+00:00,2019-05-09 22:56:40-04:00,2019-05-10T03:11:40+00:00,15,acceptance recorded,2019-03-31,,True,periodic report,False,True,https://www.sec.gov/Archives/edgar/data/1297996/000129799619000074/dlrq1331201910-q.htm,https://data.sec.gov/submissions/CIK0001297996.json
DLR,1297996,8-K,2019-04-25,2019-04-26T00:35:09+00:00,2019-04-25 20:35:09-04:00,2019-04-26T00:50:09+00:00,15,acceptance recorded,2019-04-25,"2.02,7.01,9.01",True,"8-K items 2.02, 7.01",False,True,https://www.sec.gov/Archives/edgar/data/1297996/000129799619000069/a8-kshellsupplementalx33119.htm,https://data.sec.gov/submissions/CIK0001297996.json
DLR,1297996,8-K,2019-03-18,2019-03-19T00:20:33+00:00,2019-03-18 20:20:33-04:00,2019-03-19T00:35:33+00:00,15,acceptance recorded,2019-03-15,"3.02,8.01",True,8-K items 8.01,False,True,https://www.sec.gov/Archives/edgar/data/1297996/000119312519078276/d681327d8k.htm,https://data.sec.gov/submissions/CIK0001297996.json
DLR,1297996,8-K,2019-03-13,2019-03-14T00:38:33+00:00,2019-03-13 20:38:33-04:00,2019-03-14T00:53:33+00:00,15,acceptance recorded,2019-03-13,"1.01,3.02,3.03,5.03,8.01,9.01",True,"8-K items 1.01, 8.01",False,True,https://www.sec.gov/Archives/edgar/data/1297996/000119312519073384/d662449d8k.htm,https://data.sec.gov/submissions/CIK0001297996.json
DLR,1297996,8-K,2019-03-08,2019-03-09T02:30:34+00:00,2019-03-08 21:30:34-05:00,2019-03-09T02:45:34+00:00,15,acceptance recorded,2019-03-04,"8.01,9.01",True,8-K items 8.01,False,True,https://www.sec.gov/Archives/edgar/data/1297996/000119312519069174/d714099d8k.htm,https://data.sec.gov/submissions/CIK0001297996.json
DLR,1297996,8-K,2019-03-07,2019-03-08T02:30:32+00:00,2019-03-07 21:30:32-05:00,2019-03-08T02:45:32+00:00,15,acceptance recorded,2019-03-05,2.03,False,8-K item not on the candidate list,False,True,https://www.sec.gov/Archives/edgar/data/1297996/000119312519067276/d698501d8k.htm,https://data.sec.gov/submissions/CIK0001297996.json
DLR,1297996,8-K,2019-02-27,2019-02-28T02:01:03+00:00,2019-02-27 21:01:03-05:00,2019-02-28T02:16:03+00:00,15,acceptance recorded,2019-02-27,"7.01,8.01,9.01",True,"8-K items 7.01, 8.01",False,True,https://www.sec.gov/Archives/edgar/data/1297996/000119312519053983/d714738d8k.htm,https://data.sec.gov/submissions/CIK0001297996.json
DLR,1297996,8-K,2019-02-26,2019-02-27T03:18:32+00:00,2019-02-26 22:18:32-05:00,2019-02-27T03:33:32+00:00,15,acceptance recorded,2019-02-26,"7.01,8.01,9.01",True,"8-K items 7.01, 8.01",False,True,https://www.sec.gov/Archives/edgar/data/1297996/000119312519052129/d711804d8k.htm,https://data.sec.gov/submissions/CIK0001297996.json
DLR,1297996,10-K,2019-02-25,2019-02-26T03:29:13+00:00,2019-02-25 22:29:13-05:00,2019-02-26T03:44:13+00:00,15,acceptance recorded,2018-12-31,,True,periodic report,False,True,https://www.sec.gov/Archives/edgar/data/1297996/000129799619000032/dlrq412311810kss.htm,https://data.sec.gov/submissions/CIK0001297996.json
DLR,1297996,8-K,2019-02-05,2019-02-06T02:54:27+00:00,2019-02-05 21:54:27-05:00,2019-02-06T03:09:27+00:00,15,acceptance recorded,2019-02-05,"2.02,7.01,9.01",True,"8-K items 2.02, 7.01",False,True,https://www.sec.gov/Archives/edgar/data/1297996/000129799619000024/a8-kshellsupplementalx1231.htm,https://data.sec.gov/submissions/CIK0001297996.json
DLR,1297996,8-K,2019-01-22,2019-01-23T02:30:33+00:00,2019-01-22 21:30:33-05:00,2019-01-23T02:45:33+00:00,15,acceptance recorded,2019-01-17,"8.01,9.01",True,8-K items 8.01,False,True,https://www.sec.gov/Archives/edgar/data/1297996/000119312519014038/d655006d8k.htm,https://data.sec.gov/submissions/CIK0001297996.json
DLR,1297996,8-K,2019-01-16,2019-01-17T02:15:37+00:00,2019-01-16 21:15:37-05:00,2019-01-17T02:30:37+00:00,15,acceptance recorded,2019-01-16,"1.01,2.03,9.01",True,8-K items 1.01,False,True,https://www.sec.gov/Archives/edgar/data/1297996/000119312519010596/d667184d8k.htm,https://data.sec.gov/submissions/CIK0001297996.json
DLR,1297996,8-K,2019-01-11,2019-01-12T02:15:39+00:00,2019-01-11 21:15:39-05:00,2019-01-12T02:30:39+00:00,15,acceptance recorded,2019-01-11,"7.01,8.01,9.01",True,"8-K items 7.01, 8.01",False,True,https://www.sec.gov/Archives/edgar/data/1297996/000119312519007384/d687027d8k.htm,https://data.sec.gov/submissions/CIK0001297996.json
DLR,1297996,8-K,2019-01-11,2019-01-11T16:16:04+00:00,2019-01-11 11:16:04-05:00,2019-01-11T16:31:04+00:00,15,acceptance recorded,2019-01-11,"7.01,8.01,9.01",True,"8-K items 7.01, 8.01",False,True,https://www.sec.gov/Archives/edgar/data/1297996/000119312519006572/d684260d8k.htm,https://data.sec.gov/submissions/CIK0001297996.json
DLR,1297996,8-K,2019-01-04,2019-01-04T16:15:42+00:00,2019-01-04 11:15:42-05:00,2019-01-04T16:30:42+00:00,15,acceptance recorded,2019-01-04,"8.01,9.01",True,8-K items 8.01,False,True,https://www.sec.gov/Archives/edgar/data/1297996/000119312519001882/d653627d8k.htm,https://data.sec.gov/submissions/CIK0001297996.json
DLR,1297996,8-K,2019-01-04,2019-01-04T16:06:41+00:00,2019-01-04 11:06:41-05:00,2019-01-04T16:21:41+00:00,15,acceptance recorded,2019-01-04,"8.01,9.01",True,8-K items 8.01,False,True,https://www.sec.gov/Archives/edgar/data/1297996/000119312519001871/d648102d8k.htm,https://data.sec.gov/submissions/CIK0001297996.json
DLR,1297996,8-K,2018-11-28,2018-11-29T02:44:12+00:00,2018-11-28 21:44:12-05:00,2018-11-29T02:59:12+00:00,15,acceptance recorded,2018-11-22,"5.02,8.01",True,8-K items 8.01,False,True,https://www.sec.gov/Archives/edgar/data/1297996/000129799618000152/form8k20181122.htm,https://data.sec.gov/submissions/CIK0001297996.json
DLR,1297996,10-Q,2018-11-02,2018-11-03T00:41:46+00:00,2018-11-02 20:41:46-04:00,2018-11-03T00:56:46+00:00,15,acceptance recorded,2018-09-30,,True,periodic report,False,True,https://www.sec.gov/Archives/edgar/data/1297996/000129799618000144/dlr930201810-q.htm,https://data.sec.gov/submissions/CIK0001297996.json
DLR,1297996,8-K,2018-10-29,2018-10-30T00:50:59+00:00,2018-10-29 20:50:59-04:00,2018-10-30T01:05:59+00:00,15,acceptance recorded,2018-10-24,"2.03,8.01",True,8-K items 8.01,False,True,https://www.sec.gov/Archives/edgar/data/1297996/000129799618000140/dlr8k10242018.htm,https://data.sec.gov/submissions/CIK0001297996.json
DLR,1297996,8-K,2018-10-25,2018-10-26T00:07:59+00:00,2018-10-25 20:07:59-04:00,2018-10-26T00:22:59+00:00,15,acceptance recorded,2018-10-25,"2.02,7.01,9.01",True,"8-K items 2.02, 7.01",False,True,https://www.sec.gov/Archives/edgar/data/1297996/000129799618000138/a8-kshellsupplementalx93018.htm,https://data.sec.gov/submissions/CIK0001297996.json
DLR,1297996,8-K,2018-10-18,2018-10-19T00:52:06+00:00,2018-10-18 20:52:06-04:00,2018-10-19T01:07:06+00:00,15,acceptance recorded,2018-10-17,"1.01,2.03,9.01",True,8-K items 1.01,False,True,https://www.sec.gov/Archives/edgar/data/1297996/000119312518302051/d635287d8k.htm,https://data.sec.gov/submissions/CIK0001297996.json
DLR,1297996,8-K,2018-10-10,2018-10-11T01:08:05+00:00,2018-10-10 21:08:05-04:00,2018-10-11T01:23:05+00:00,15,acceptance recorded,2018-10-10,8.01,True,8-K items 8.01,False,True,https://www.sec.gov/Archives/edgar/data/1297996/000119312518296912/d603848d8k.htm,https://data.sec.gov/submissions/CIK0001297996.json
DLR,1297996,8-K,2018-10-10,2018-10-10T14:07:05+00:00,2018-10-10 10:07:05-04:00,2018-10-10T14:22:05+00:00,15,acceptance recorded,2018-10-10,8.01,True,8-K items 8.01,False,True,https://www.sec.gov/Archives/edgar/data/1297996/000119312518296317/d603828d8k.htm,https://data.sec.gov/submissions/CIK0001297996.json
DLR,1297996,8-K,2018-10-03,2018-10-04T01:23:08+00:00,2018-10-03 21:23:08-04:00,2018-10-04T01:38:08+00:00,15,acceptance recorded,2018-10-03,8.01,True,8-K items 8.01,False,True,https://www.sec.gov/Archives/edgar/data/1297996/000119312518292082/d625741d8k.htm,https://data.sec.gov/submissions/CIK0001297996.json
DLR,1297996,8-K,2018-09-27,2018-09-28T00:34:08+00:00,2018-09-27 20:34:08-04:00,2018-09-28T00:49:08+00:00,15,acceptance recorded,2018-09-24,"8.01,9.01",True,8-K items 8.01,False,True,https://www.sec.gov/Archives/edgar/data/1297996/000119312518285697/d630312d8k.htm,https://data.sec.gov/submissions/CIK0001297996.json
DLR,1297996,8-K,2018-09-24,2018-09-24T14:44:04+00:00,2018-09-24 10:44:04-04:00,2018-09-24T14:59:04+00:00,15,acceptance recorded,2018-09-24,"3.03,5.03,7.01,8.01,9.01",True,"8-K items 7.01, 8.01",False,True,https://www.sec.gov/Archives/edgar/data/1297996/000119312518280457/d625056d8k.htm,https://data.sec.gov/submissions/CIK0001297996.json
DLR,1297996,10-Q,2018-08-07,2018-08-08T00:51:54+00:00,2018-08-07 20:51:54-04:00,2018-08-08T01:06:54+00:00,15,acceptance recorded,2018-06-30,,True,periodic report,False,True,https://www.sec.gov/Archives/edgar/data/1297996/000129799618000130/dlr630201810-q.htm,https://data.sec.gov/submissions/CIK0001297996.json
DLR,1297996,8-K,2018-07-26,2018-07-27T01:28:39+00:00,2018-07-26 21:28:39-04:00,2018-07-27T01:43:39+00:00,15,acceptance recorded,2018-07-26,"2.02,7.01,9.01",True,"8-K items 2.02, 7.01",False,True,https://www.sec.gov/Archives/edgar/data/1297996/000129799618000125/a8-kshelldeckx630181.htm,https://data.sec.gov/submissions/CIK0001297996.json
DLR,1297996,8-K,2018-07-26,2018-07-27T00:43:07+00:00,2018-07-26 20:43:07-04:00,2018-07-27T00:58:07+00:00,15,acceptance recorded,2018-07-26,"2.02,7.01,9.01",True,"8-K items 2.02, 7.01",False,True,https://www.sec.gov/Archives/edgar/data/1297996/000129799618000122/a8-kshellsupplementalx63018.htm,https://data.sec.gov/submissions/CIK0001297996.json
DLR,1297996,8-K,2018-07-09,2018-07-10T01:08:06+00:00,2018-07-09 21:08:06-04:00,2018-07-10T01:23:06+00:00,15,acceptance recorded,2018-07-02,"5.02,9.01",False,8-K item not on the candidate list,False,True,https://www.sec.gov/Archives/edgar/data/1297996/000129799618000114/a8k20180702.htm,https://data.sec.gov/submissions/CIK0001297996.json
DLR,1297996,8-K,2018-06-21,2018-06-22T00:46:01+00:00,2018-06-21 20:46:01-04:00,2018-06-22T01:01:01+00:00,15,acceptance recorded,2018-06-21,"1.01,2.03,8.01,9.01",True,"8-K items 1.01, 8.01",False,True,https://www.sec.gov/Archives/edgar/data/1297996/000119312518199589/d603959d8k.htm,https://data.sec.gov/submissions/CIK0001297996.json
DLR,1297996,8-K,2018-06-19,2018-06-20T01:03:15+00:00,2018-06-19 21:03:15-04:00,2018-06-20T01:18:15+00:00,15,acceptance recorded,2018-06-14,"8.01,9.01",True,8-K items 8.01,False,True,https://www.sec.gov/Archives/edgar/data/1297996/000129799618000105/a8k20180614.htm,https://data.sec.gov/submissions/CIK0001297996.json
DLR,1297996,8-K,2018-06-14,2018-06-14T17:07:01+00:00,2018-06-14 13:07:01-04:00,2018-06-14T17:22:01+00:00,15,acceptance recorded,2018-06-14,"8.01,9.01",True,8-K items 8.01,False,True,https://www.sec.gov/Archives/edgar/data/1297996/000119312518192225/d605540d8k.htm,https://data.sec.gov/submissions/CIK0001297996.json
DLR,1297996,8-K,2018-05-17,2018-05-18T00:35:43+00:00,2018-05-17 20:35:43-04:00,2018-05-18T00:50:43+00:00,15,acceptance recorded,2018-05-11,"1.01,1.02,5.02",True,"8-K items 1.01, 1.02",False,True,https://www.sec.gov/Archives/edgar/data/1297996/000129799618000103/a8-k20180517.htm,https://data.sec.gov/submissions/CIK0001297996.json
DLR,1297996,8-K,2018-05-11,2018-05-12T00:29:15+00:00,2018-05-11 20:29:15-04:00,2018-05-12T00:44:15+00:00,15,acceptance recorded,2018-05-08,5.07,False,8-K item not on the candidate list,False,True,https://www.sec.gov/Archives/edgar/data/1297996/000129799618000097/a8-kx20180508.htm,https://data.sec.gov/submissions/CIK0001297996.json
DLR,1297996,10-Q,2018-05-08,2018-05-09T00:42:06+00:00,2018-05-08 20:42:06-04:00,2018-05-09T00:57:06+00:00,15,acceptance recorded,2018-03-31,,True,periodic report,False,True,https://www.sec.gov/Archives/edgar/data/1297996/000129799618000075/dlr331201810-q1.htm,https://data.sec.gov/submissions/CIK0001297996.json
DLR,1297996,8-K,2018-04-26,2018-04-27T00:28:23+00:00,2018-04-26 20:28:23-04:00,2018-04-27T00:43:23+00:00,15,acceptance recorded,2018-04-26,"2.02,7.01,9.01",True,"8-K items 2.02, 7.01",False,True,https://www.sec.gov/Archives/edgar/data/1297996/000129799618000069/a8-kshellsupplementalx33118.htm,https://data.sec.gov/submissions/CIK0001297996.json
DLR,1297996,8-K,2018-03-08,2018-03-09T02:42:45+00:00,2018-03-08 21:42:45-05:00,2018-03-09T02:57:45+00:00,15,acceptance recorded,2018-03-02,"5.03,9.01",False,8-K item not on the candidate list,False,True,https://www.sec.gov/Archives/edgar/data/1297996/000129799618000049/dlr8k20180308.htm,https://data.sec.gov/submissions/CIK0001297996.json
DLR,1297996,10-K,2018-03-01,2018-03-01T07:30:27+00:00,2018-03-01 02:30:27-05:00,2018-03-01T07:45:27+00:00,15,acceptance recorded,2017-12-31,,True,periodic report,False,True,https://www.sec.gov/Archives/edgar/data/1297996/000129799618000026/dlr12311710k.htm,https://data.sec.gov/submissions/CIK0001297996.json
DLR,1297996,8-K,2018-02-15,2018-02-16T02:16:36+00:00,2018-02-15 21:16:36-05:00,2018-02-16T02:31:36+00:00,15,acceptance recorded,2018-02-15,"2.02,7.01,9.01",True,"8-K items 2.02, 7.01",False,True,https://www.sec.gov/Archives/edgar/data/1297996/000129799618000019/a8-kshellsupplementalx1231.htm,https://data.sec.gov/submissions/CIK0001297996.json
DLR,1297996,8-K,2018-01-17,2018-01-18T02:35:11+00:00,2018-01-17 21:35:11-05:00,2018-01-18T02:50:11+00:00,15,acceptance recorded,2018-01-11,"5.02,9.01",False,8-K item not on the candidate list,False,True,https://www.sec.gov/Archives/edgar/data/1297996/000129799618000015/a8-k20180117.htm,https://data.sec.gov/submissions/CIK0001297996.json
DLR,1297996,8-K,2017-11-29,2017-11-30T03:16:08+00:00,2017-11-29 22:16:08-05:00,2017-11-30T03:31:08+00:00,15,acceptance recorded,2017-11-27,5.02,False,8-K item not on the candidate list,False,True,https://www.sec.gov/Archives/edgar/data/1297996/000129799617000159/dlr8k112917.htm,https://data.sec.gov/submissions/CIK0001297996.json
DLR,1297996,10-Q,2017-11-09,2017-11-10T02:48:57+00:00,2017-11-09 21:48:57-05:00,2017-11-10T03:03:57+00:00,15,acceptance recorded,2017-09-30,,True,periodic report,False,True,https://www.sec.gov/Archives/edgar/data/1297996/000129799617000155/dlr930201710-q.htm,https://data.sec.gov/submissions/CIK0001297996.json
DLR,1297996,8-K,2017-10-25,2017-10-26T00:05:10+00:00,2017-10-25 20:05:10-04:00,2017-10-26T00:20:10+00:00,15,acceptance recorded,2017-10-25,"2.02,7.01,9.01",True,"8-K items 2.02, 7.01",False,True,https://www.sec.gov/Archives/edgar/data/1297996/000129799617000150/a8-kshellsupplementalx93017.htm,https://data.sec.gov/submissions/CIK0001297996.json
DLR,1297996,8-K/A,2017-09-22,2017-09-23T00:34:24+00:00,2017-09-22 20:34:24-04:00,2017-09-23T00:49:24+00:00,15,acceptance recorded,2017-05-08,5.07,False,8-K item not on the candidate list,False,True,https://www.sec.gov/Archives/edgar/data/1297996/000129799617000145/dlr8-k09222017.htm,https://data.sec.gov/submissions/CIK0001297996.json
DLR,1297996,8-K,2017-09-14,2017-09-15T00:05:00+00:00,2017-09-14 20:05:00-04:00,2017-09-15T00:20:00+00:00,15,acceptance recorded,2017-09-13,"2.01,2.03,3.02,3.03,5.02,5.03,8.01,9.01",True,8-K items 8.01,False,True,https://www.sec.gov/Archives/edgar/data/1297996/000119312517285083/d399230d8k.htm,https://data.sec.gov/submissions/CIK0001297996.json
DLR,1297996,8-K,2017-09-13,2017-09-14T00:16:20+00:00,2017-09-13 20:16:20-04:00,2017-09-14T00:31:20+00:00,15,acceptance recorded,2017-09-13,5.07,False,8-K item not on the candidate list,False,True,https://www.sec.gov/Archives/edgar/data/1297996/000129799617000134/dlr8k5070913017.htm,https://data.sec.gov/submissions/CIK0001297996.json
DLR,1297996,8-K,2017-09-01,2017-09-02T01:02:49+00:00,2017-09-01 21:02:49-04:00,2017-09-02T01:17:49+00:00,15,acceptance recorded,2017-09-01,8.01,True,8-K items 8.01,False,True,https://www.sec.gov/Archives/edgar/data/1297996/000129799617000129/dlr8-k09012017.htm,https://data.sec.gov/submissions/CIK0001297996.json
DLR,1297996,8-K,2017-08-29,2017-08-30T00:45:20+00:00,2017-08-29 20:45:20-04:00,2017-08-30T01:00:20+00:00,15,acceptance recorded,2017-08-25,8.01,True,8-K items 8.01,False,True,https://www.sec.gov/Archives/edgar/data/1297996/000129799617000123/dlr8kcommitmentl.htm,https://data.sec.gov/submissions/CIK0001297996.json
DLR,1297996,8-K,2017-08-14,2017-08-14T14:04:17+00:00,2017-08-14 10:04:17-04:00,2017-08-14T14:19:17+00:00,15,acceptance recorded,2017-08-14,"8.01,9.01",True,8-K items 8.01,False,True,https://www.sec.gov/Archives/edgar/data/1297996/000119312517256419/d435432d8k.htm,https://data.sec.gov/submissions/CIK0001297996.json
DLR,1297996,8-K,2017-08-11,2017-08-11T17:06:20+00:00,2017-08-11 13:06:20-04:00,2017-08-11T17:21:20+00:00,15,acceptance recorded,2017-08-10,"5.02,7.01,9.01",True,8-K items 7.01,False,True,https://www.sec.gov/Archives/edgar/data/1297996/000129799617000105/dlr-8xkxja.htm,https://data.sec.gov/submissions/CIK0001297996.json
DLR,1297996,10-Q,2017-08-09,2017-08-10T01:11:18+00:00,2017-08-09 21:11:18-04:00,2017-08-10T01:26:18+00:00,15,acceptance recorded,2017-06-30,,True,periodic report,False,True,https://www.sec.gov/Archives/edgar/data/1297996/000129799617000101/dlr630201710-q.htm,https://data.sec.gov/submissions/CIK0001297996.json
DLR,1297996,8-K,2017-08-09,2017-08-09T03:13:07+00:00,2017-08-08 23:13:07-04:00,2017-08-09T03:28:07+00:00,15,acceptance recorded,2017-08-07,"1.01,2.03,3.02,3.03,5.03,8.01,9.01",True,"8-K items 1.01, 8.01",False,True,https://www.sec.gov/Archives/edgar/data/1297996/000119312517251664/d437810d8k.htm,https://data.sec.gov/submissions/CIK0001297996.json
DLR,1297996,8-K,2017-08-07,2017-08-08T01:01:04+00:00,2017-08-07 21:01:04-04:00,2017-08-08T01:16:04+00:00,15,acceptance recorded,2017-08-07,"8.01,9.01",True,8-K items 8.01,False,True,https://www.sec.gov/Archives/edgar/data/1297996/000119312517249986/d408228d8k.htm,https://data.sec.gov/submissions/CIK0001297996.json
DLR,1297996,8-K,2017-08-02,2017-08-02T16:59:09+00:00,2017-08-02 12:59:09-04:00,2017-08-02T17:14:09+00:00,15,acceptance recorded,2017-08-02,"8.01,9.01",True,8-K items 8.01,False,True,https://www.sec.gov/Archives/edgar/data/1297996/000119312517245113/d434074d8k.htm,https://data.sec.gov/submissions/CIK0001297996.json
DLR,1297996,8-K,2017-07-27,2017-07-28T00:04:27+00:00,2017-07-27 20:04:27-04:00,2017-07-28T00:19:27+00:00,15,acceptance recorded,2017-07-27,"2.02,7.01,9.01",True,"8-K items 2.02, 7.01",False,True,https://www.sec.gov/Archives/edgar/data/1297996/000129799617000097/a8-kshellsupplementalx63017.htm,https://data.sec.gov/submissions/CIK0001297996.json
DLR,1297996,8-K,2017-07-21,2017-07-21T14:18:52+00:00,2017-07-21 10:18:52-04:00,2017-07-21T14:33:52+00:00,15,acceptance recorded,2017-07-21,"1.01,2.03,9.01",True,8-K items 1.01,False,True,https://www.sec.gov/Archives/edgar/data/1297996/000129799617000093/dlr-xjuly2017gbpxclosing8xk.htm,https://data.sec.gov/submissions/CIK0001297996.json
DLR,1297996,8-K,2017-07-12,2017-07-13T00:59:56+00:00,2017-07-12 20:59:56-04:00,2017-07-13T01:14:56+00:00,15,acceptance recorded,2017-07-12,8.01,True,8-K items 8.01,False,True,https://www.sec.gov/Archives/edgar/data/1297996/000129799617000090/dlr-x2017gbpbond_pricing8xk.htm,https://data.sec.gov/submissions/CIK0001297996.json
DLR,1297996,8-K,2017-07-12,2017-07-12T14:06:51+00:00,2017-07-12 10:06:51-04:00,2017-07-12T14:21:51+00:00,15,acceptance recorded,2017-07-12,8.01,True,8-K items 8.01,False,True,https://www.sec.gov/Archives/edgar/data/1297996/000129799617000088/a2017gbpbond-launch8xk.htm,https://data.sec.gov/submissions/CIK0001297996.json
DLR,1297996,8-K,2017-07-10,2017-07-10T14:12:37+00:00,2017-07-10 10:12:37-04:00,2017-07-10T14:27:37+00:00,15,acceptance recorded,2017-07-10,"8.01,9.01",True,8-K items 8.01,False,True,https://www.sec.gov/Archives/edgar/data/1297996/000119312517224675/d408238d8k.htm,https://data.sec.gov/submissions/CIK0001297996.json
DLR,1297996,8-K,2017-06-15,2017-06-16T01:02:57+00:00,2017-06-15 21:02:57-04:00,2017-06-16T01:17:57+00:00,15,acceptance recorded,2017-06-15,"8.01,9.01",True,8-K items 8.01,False,True,https://www.sec.gov/Archives/edgar/data/1297996/000119312517204792/d397528d8k.htm,https://data.sec.gov/submissions/CIK0001297996.json
DLR,1297996,8-K,2017-06-09,2017-06-09T14:38:15+00:00,2017-06-09 10:38:15-04:00,2017-06-09T14:53:15+00:00,15,acceptance recorded,2017-06-08,"1.01,9.01",True,8-K items 1.01,False,True,https://www.sec.gov/Archives/edgar/data/1297996/000119312517199091/d396176d8k.htm,https://data.sec.gov/submissions/CIK0001297996.json
DLR,1297996,8-K,2017-06-09,2017-06-09T14:16:41+00:00,2017-06-09 10:16:41-04:00,2017-06-09T14:31:41+00:00,15,acceptance recorded,2017-06-09,"7.01,8.01,9.01",True,"8-K items 7.01, 8.01",False,True,https://www.sec.gov/Archives/edgar/data/1297996/000119312517199076/d380561d8k.htm,https://data.sec.gov/submissions/CIK0001297996.json
DLR,1297996,8-K,2017-05-23,2017-05-24T01:17:37+00:00,2017-05-23 21:17:37-04:00,2017-05-24T01:32:37+00:00,15,acceptance recorded,2017-05-19,"8.01,9.01",True,8-K items 8.01,False,True,https://www.sec.gov/Archives/edgar/data/1297996/000129799617000081/dlr-2017eurobondofferingcl.htm,https://data.sec.gov/submissions/CIK0001297996.json
DLR,1297996,8-K,2017-05-11,2017-05-11T16:56:54+00:00,2017-05-11 12:56:54-04:00,2017-05-11T17:11:54+00:00,15,acceptance recorded,2017-05-08,"5.02,5.07,8.01",True,8-K items 8.01,False,True,https://www.sec.gov/Archives/edgar/data/1297996/000129799617000079/a8-kxannualresultsdraft.htm,https://data.sec.gov/submissions/CIK0001297996.json
DLR,1297996,10-Q,2017-05-10,2017-05-11T00:14:01+00:00,2017-05-10 20:14:01-04:00,2017-05-11T00:29:01+00:00,15,acceptance recorded,2017-03-31,,True,periodic report,False,True,https://www.sec.gov/Archives/edgar/data/1297996/000129799617000057/dlr331201710-q.htm,https://data.sec.gov/submissions/CIK0001297996.json
DLR,1297996,8-K,2017-04-27,2017-04-28T00:03:17+00:00,2017-04-27 20:03:17-04:00,2017-04-28T00:18:17+00:00,15,acceptance recorded,2017-04-27,"2.02,7.01,9.01",True,"8-K items 2.02, 7.01",False,True,https://www.sec.gov/Archives/edgar/data/1297996/000129799617000049/a8-kshellsupplementalx33117.htm,https://data.sec.gov/submissions/CIK0001297996.json
DLR,1297996,10-K,2017-03-01,2017-03-02T02:49:18+00:00,2017-03-01 21:49:18-05:00,2017-03-02T03:04:18+00:00,15,acceptance recorded,2016-12-31,,True,periodic report,False,True,https://www.sec.gov/Archives/edgar/data/1297996/000129799617000020/dlr12311610k.htm,https://data.sec.gov/submissions/CIK0001297996.json
DLR,1297996,8-K,2017-02-16,2017-02-17T02:03:30+00:00,2017-02-16 21:03:30-05:00,2017-02-17T02:18:30+00:00,15,acceptance recorded,2017-02-16,"2.02,7.01,9.01",True,"8-K items 2.02, 7.01",False,True,https://www.sec.gov/Archives/edgar/data/1297996/000129799617000016/a8-kshellsupplementalx1231.htm,https://data.sec.gov/submissions/CIK0001297996.json
DLR,1297996,8-K,2016-11-15,2016-11-16T02:54:17+00:00,2016-11-15 21:54:17-05:00,2016-11-16T03:09:17+00:00,15,acceptance recorded,2016-11-09,"5.03,9.01",False,8-K item not on the candidate list,False,True,https://www.sec.gov/Archives/edgar/data/1297996/000129799616000276/a8-kxbylaws.htm,https://data.sec.gov/submissions/CIK0001297996.json
DLR,1297996,10-Q,2016-11-09,2016-11-10T02:50:52+00:00,2016-11-09 21:50:52-05:00,2016-11-10T03:05:52+00:00,15,acceptance recorded,2016-09-30,,True,periodic report,False,True,https://www.sec.gov/Archives/edgar/data/1297996/000129799616000268/dlr930201610-q.htm,https://data.sec.gov/submissions/CIK0001297996.json
DLR,1297996,8-K,2016-10-27,2016-10-28T00:06:33+00:00,2016-10-27 20:06:33-04:00,2016-10-28T00:21:33+00:00,15,acceptance recorded,2016-10-27,"2.02,7.01,9.01",True,"8-K items 2.02, 7.01",False,True,https://www.sec.gov/Archives/edgar/data/1297996/000129799616000265/earningsdeckshell_093016.htm,https://data.sec.gov/submissions/CIK0001297996.json
DLR,1297996,8-K,2016-10-27,2016-10-28T00:03:12+00:00,2016-10-27 20:03:12-04:00,2016-10-28T00:18:12+00:00,15,acceptance recorded,2016-10-27,"2.02,7.01,9.01",True,"8-K items 2.02, 7.01",False,True,https://www.sec.gov/Archives/edgar/data/1297996/000129799616000264/a8-kshellsupplementalx0930.htm,https://data.sec.gov/submissions/CIK0001297996.json
DLR,1297996,10-K/A,2016-09-28,2016-09-29T01:02:03+00:00,2016-09-28 21:02:03-04:00,2016-09-29T01:17:03+00:00,15,acceptance recorded,2015-12-31,,True,periodic report,False,True,https://www.sec.gov/Archives/edgar/data/1297996/000129799616000260/dlr12311510k_am2.htm,https://data.sec.gov/submissions/CIK0001297996.json
DLR,1297996,8-K,2016-09-28,2016-09-28T16:46:07+00:00,2016-09-28 12:46:07-04:00,2016-09-28T17:01:07+00:00,15,acceptance recorded,2016-09-27,8.01,True,8-K items 8.01,False,True,https://www.sec.gov/Archives/edgar/data/1297996/000129799616000255/forwardsettlement92716.htm,https://data.sec.gov/submissions/CIK0001297996.json
DLR,1297996,8-K/A,2016-09-08,2016-09-09T00:48:16+00:00,2016-09-08 20:48:16-04:00,2016-09-09T01:03:16+00:00,15,acceptance recorded,2016-07-27,5.02,False,8-K item not on the candidate list,False,True,https://www.sec.gov/Archives/edgar/data/1297996/000129799616000242/a8-kcommittees.htm,https://data.sec.gov/submissions/CIK0001297996.json
DLR,1297996,8-K,2016-08-16,2016-08-17T01:03:24+00:00,2016-08-16 21:03:24-04:00,2016-08-17T01:18:24+00:00,15,acceptance recorded,2016-08-10,5.02,False,8-K item not on the candidate list,False,True,https://www.sec.gov/Archives/edgar/data/1297996/000129799616000235/a8-knewdirector.htm,https://data.sec.gov/submissions/CIK0001297996.json
DLR,1297996,10-Q,2016-08-09,2016-08-10T01:22:48+00:00,2016-08-09 21:22:48-04:00,2016-08-10T01:37:48+00:00,15,acceptance recorded,2016-06-30,,True,periodic report,False,True,https://www.sec.gov/Archives/edgar/data/1297996/000129799616000218/dlr630201610-q.htm,https://data.sec.gov/submissions/CIK0001297996.json
DLR,1297996,8-K,2016-08-03,2016-08-03T17:02:53+00:00,2016-08-03 13:02:53-04:00,2016-08-03T17:17:53+00:00,15,acceptance recorded,2016-08-01,"5.02,7.01,9.01",True,8-K items 7.01,False,True,https://www.sec.gov/Archives/edgar/data/1297996/000129799616000213/dlr-8xkxmm.htm,https://data.sec.gov/submissions/CIK0001297996.json
DLR,1297996,8-K,2016-07-29,2016-07-30T01:26:19+00:00,2016-07-29 21:26:19-04:00,2016-07-30T01:41:19+00:00,15,acceptance recorded,2016-07-27,5.02,False,8-K item not on the candidate list,False,True,https://www.sec.gov/Archives/edgar/data/1297996/000129799616000205/a8-krepatterson.htm,https://data.sec.gov/submissions/CIK0001297996.json
DLR,1297996,8-K,2016-07-28,2016-07-29T01:03:47+00:00,2016-07-28 21:03:47-04:00,2016-07-29T01:18:47+00:00,15,acceptance recorded,2016-07-28,"2.02,7.01,9.01",True,"8-K items 2.02, 7.01",False,True,https://www.sec.gov/Archives/edgar/data/1297996/000129799616000203/earningsdeckshell_063016.htm,https://data.sec.gov/submissions/CIK0001297996.json
DLR,1297996,8-K,2016-07-28,2016-07-29T00:37:08+00:00,2016-07-28 20:37:08-04:00,2016-07-29T00:52:08+00:00,15,acceptance recorded,2016-07-28,"2.02,7.01,9.01",True,"8-K items 2.02, 7.01",False,True,https://www.sec.gov/Archives/edgar/data/1297996/000129799616000201/a8-kshellsupplementalx0630.htm,https://data.sec.gov/submissions/CIK0001297996.json
DLR,1297996,8-K,2016-05-20,2016-05-21T00:16:40+00:00,2016-05-20 20:16:40-04:00,2016-05-21T00:31:40+00:00,15,acceptance recorded,2016-05-16,"8.01,9.01",True,8-K items 8.01,False,True,https://www.sec.gov/Archives/edgar/data/1297996/000119312516597625/d184850d8k.htm,https://data.sec.gov/submissions/CIK0001297996.json
DLR,1297996,8-K,2016-05-16,2016-05-16T15:07:37+00:00,2016-05-16 11:07:37-04:00,2016-05-16T15:22:37+00:00,15,acceptance recorded,2016-05-13,"5.03,7.01,8.01,9.01",True,"8-K items 7.01, 8.01",False,True,https://www.sec.gov/Archives/edgar/data/1297996/000119312516591074/d177165d8k.htm,https://data.sec.gov/submissions/CIK0001297996.json
DLR,1297996,8-K,2016-05-13,2016-05-14T00:42:54+00:00,2016-05-13 20:42:54-04:00,2016-05-14T00:57:54+00:00,15,acceptance recorded,2016-05-10,5.07,False,8-K item not on the candidate list,False,True,https://www.sec.gov/Archives/edgar/data/1297996/000129799616000191/a8-kreannualmeeting_2016.htm,https://data.sec.gov/submissions/CIK0001297996.json
DLR,1297996,10-Q,2016-05-06,2016-05-07T01:05:58+00:00,2016-05-06 21:05:58-04:00,2016-05-07T01:20:58+00:00,15,acceptance recorded,2016-03-31,,True,periodic report,False,True,https://www.sec.gov/Archives/edgar/data/1297996/000129799616000172/dlr331201610-q.htm,https://data.sec.gov/submissions/CIK0001297996.json
DLR,1297996,8-K,2016-04-28,2016-04-29T01:03:46+00:00,2016-04-28 21:03:46-04:00,2016-04-29T01:18:46+00:00,15,acceptance recorded,2016-04-28,"2.02,7.01,9.01",True,"8-K items 2.02, 7.01",False,True,https://www.sec.gov/Archives/edgar/data/1297996/000129799616000166/earningsdeckshell_033116.htm,https://data.sec.gov/submissions/CIK0001297996.json
DLR,1297996,8-K,2016-04-28,2016-04-29T00:08:48+00:00,2016-04-28 20:08:48-04:00,2016-04-29T00:23:48+00:00,15,acceptance recorded,2016-04-28,"2.02,7.01,9.01",True,"8-K items 2.02, 7.01",False,True,https://www.sec.gov/Archives/edgar/data/1297996/000129799616000164/a8-kshellsupplementalx0331.htm,https://data.sec.gov/submissions/CIK0001297996.json
DLR,1297996,8-K,2016-04-19,2016-04-19T03:47:40+00:00,2016-04-18 23:47:40-04:00,2016-04-19T04:02:40+00:00,15,acceptance recorded,2016-04-15,"1.01,2.03,9.01",True,8-K items 1.01,False,True,https://www.sec.gov/Archives/edgar/data/1297996/000129799616000160/dlr-x2016eurobondoffering_.htm,https://data.sec.gov/submissions/CIK0001297996.json
DLR,1297996,8-K,2016-04-08,2016-04-09T00:36:48+00:00,2016-04-08 20:36:48-04:00,2016-04-09T00:51:48+00:00,15,acceptance recorded,2016-04-08,8.01,True,8-K items 8.01,False,True,https://www.sec.gov/Archives/edgar/data/1297996/000129799616000156/dlr-eurobondpricing.htm,https://data.sec.gov/submissions/CIK0001297996.json
DLR,1297996,8-K,2016-04-08,2016-04-08T14:11:03+00:00,2016-04-08 10:11:03-04:00,2016-04-08T14:26:03+00:00,15,acceptance recorded,2016-04-08,8.01,True,8-K items 8.01,False,True,https://www.sec.gov/Archives/edgar/data/1297996/000129799616000154/dlr-2016eurobondoffering.htm,https://data.sec.gov/submissions/CIK0001297996.json
DLR,1297996,10-K/A,2016-04-01,2016-04-02T01:07:32+00:00,2016-04-01 21:07:32-04:00,2016-04-02T01:22:32+00:00,15,acceptance recorded,2015-12-31,,True,periodic report,False,True,https://www.sec.gov/Archives/edgar/data/1297996/000129799616000151/dlr12311510-ka_.htm,https://data.sec.gov/submissions/CIK0001297996.json
DLR,1297996,10-K,2016-02-29,2016-03-01T03:45:50+00:00,2016-02-29 22:45:50-05:00,2016-03-01T04:00:50+00:00,15,acceptance recorded,2015-12-31,,True,periodic report,False,True,https://www.sec.gov/Archives/edgar/data/1297996/000129799616000124/dlr12311510k.htm,https://data.sec.gov/submissions/CIK0001297996.json
DLR,1297996,8-K,2016-02-25,2016-02-26T03:03:23+00:00,2016-02-25 22:03:23-05:00,2016-02-26T03:18:23+00:00,15,acceptance recorded,2016-02-25,"2.02,7.01,9.01",True,"8-K items 2.02, 7.01",False,True,https://www.sec.gov/Archives/edgar/data/1297996/000129799616000121/earningsdeckshell_123115.htm,https://data.sec.gov/submissions/CIK0001297996.json
DLR,1297996,8-K,2016-02-25,2016-02-26T02:33:19+00:00,2016-02-25 21:33:19-05:00,2016-02-26T02:48:19+00:00,15,acceptance recorded,2016-02-25,"2.02,7.01,9.01",True,"8-K items 2.02, 7.01",False,True,https://www.sec.gov/Archives/edgar/data/1297996/000129799616000119/a8-kshellsupplementalx1231.htm,https://data.sec.gov/submissions/CIK0001297996.json
DLR,1297996,8-K,2016-01-21,2016-01-21T19:10:48+00:00,2016-01-21 14:10:48-05:00,2016-01-21T19:25:48+00:00,15,acceptance recorded,2016-01-15,2.03,False,8-K item not on the candidate list,False,True,https://www.sec.gov/Archives/edgar/data/1297996/000129799616000109/dlr-8xkxrevolverclosing.htm,https://data.sec.gov/submissions/CIK0001297996.json
DLR,1297996,8-K,2015-11-16,2015-11-16T18:55:33+00:00,2015-11-16 13:55:33-05:00,2015-11-16T19:10:33+00:00,15,acceptance recorded,2015-11-10,"5.02,9.01",False,8-K item not on the candidate list,False,True,https://www.sec.gov/Archives/edgar/data/1297996/000129799615000100/dlr-5028kpeterson.htm,https://data.sec.gov/submissions/CIK0001297996.json
DLR,1297996,8-K,2015-11-12,2015-11-12T16:19:45+00:00,2015-11-12 11:19:45-05:00,2015-11-12T16:34:45+00:00,15,acceptance recorded,2015-11-05,5.02,False,8-K item not on the candidate list,False,True,https://www.sec.gov/Archives/edgar/data/1297996/000129799615000095/dlr-8xkx502bg.htm,https://data.sec.gov/submissions/CIK0001297996.json
DLR,1297996,10-Q,2015-11-06,2015-11-07T03:06:55+00:00,2015-11-06 22:06:55-05:00,2015-11-07T03:21:55+00:00,15,acceptance recorded,2015-09-30,,True,periodic report,False,True,https://www.sec.gov/Archives/edgar/data/1297996/000129799615000092/dlr930201510-q.htm,https://data.sec.gov/submissions/CIK0001297996.json
DLR,1297996,8-K,2015-10-29,2015-10-30T01:02:31+00:00,2015-10-29 21:02:31-04:00,2015-10-30T01:17:31+00:00,15,acceptance recorded,2015-10-29,"2.02,7.01,9.01",True,"8-K items 2.02, 7.01",False,True,https://www.sec.gov/Archives/edgar/data/1297996/000129799615000086/earningsdeck8-kshell_093015.htm,https://data.sec.gov/submissions/CIK0001297996.json
DLR,1297996,8-K,2015-10-29,2015-10-30T00:09:28+00:00,2015-10-29 20:09:28-04:00,2015-10-30T00:24:28+00:00,15,acceptance recorded,2015-10-29,"2.02,7.01,9.01",True,"8-K items 2.02, 7.01",False,True,https://www.sec.gov/Archives/edgar/data/1297996/000129799615000084/a8-kshellsupplementalx0930.htm,https://data.sec.gov/submissions/CIK0001297996.json
DLR,1297996,8-K/A,2015-10-19,2015-10-20T01:01:02+00:00,2015-10-19 21:01:02-04:00,2015-10-20T01:16:02+00:00,15,acceptance recorded,2015-10-08,"1.01,3.02,3.03,5.03,8.01,9.01",True,"8-K items 1.01, 8.01",False,True,https://www.sec.gov/Archives/edgar/data/1297996/000119312515347100/d43331d8ka.htm,https://data.sec.gov/submissions/CIK0001297996.json
DLR,1297996,8-K,2015-10-09,2015-10-10T00:06:05+00:00,2015-10-09 20:06:05-04:00,2015-10-10T00:21:05+00:00,15,acceptance recorded,2015-10-08,"2.01,8.01,9.01",True,8-K items 8.01,False,True,https://www.sec.gov/Archives/edgar/data/1297996/000119312515341341/d60963d8k.htm,https://data.sec.gov/submissions/CIK0001297996.json
DLR,1297996,8-K,2015-10-02,2015-10-02T05:06:02+00:00,2015-10-02 01:06:02-04:00,2015-10-02T05:21:02+00:00,15,acceptance recorded,2015-10-01,"1.01,2.03,9.01",True,8-K items 1.01,False,True,https://www.sec.gov/Archives/edgar/data/1297996/000119312515335656/d13464d8k.htm,https://data.sec.gov/submissions/CIK0001297996.json
DLR,1297996,8-K,2015-09-24,2015-09-24T14:01:53+00:00,2015-09-24 10:01:53-04:00,2015-09-24T14:16:53+00:00,15,acceptance recorded,2015-09-23,"8.01,9.01",True,8-K items 8.01,False,True,https://www.sec.gov/Archives/edgar/data/1297996/000119312515326643/d57379d8k.htm,https://data.sec.gov/submissions/CIK0001297996.json
DLR,1297996,8-K,2015-08-24,2015-08-25T01:00:53+00:00,2015-08-24 21:00:53-04:00,2015-08-25T01:15:53+00:00,15,acceptance recorded,2015-08-21,"3.03,5.03,8.01,9.01",True,8-K items 8.01,False,True,https://www.sec.gov/Archives/edgar/data/1297996/000119312515300377/d26612d8k.htm,https://data.sec.gov/submissions/CIK0001297996.json
DLR,1297996,8-K,2015-08-17,2015-08-18T00:48:06+00:00,2015-08-17 20:48:06-04:00,2015-08-18T01:03:06+00:00,15,acceptance recorded,2015-08-11,"5.02,8.01",True,8-K items 8.01,False,True,https://www.sec.gov/Archives/edgar/data/1297996/000129799615000077/espp_8kb.htm,https://data.sec.gov/submissions/CIK0001297996.json
DLR,1297996,8-K,2015-08-13,2015-08-13T17:40:06+00:00,2015-08-13 13:40:06-04:00,2015-08-13T17:55:06+00:00,15,acceptance recorded,2015-08-13,"8.01,9.01",True,8-K items 8.01,False,True,https://www.sec.gov/Archives/edgar/data/1297996/000119312515289247/d55871d8k.htm,https://data.sec.gov/submissions/CIK0001297996.json
DLR,1297996,10-Q,2015-08-06,2015-08-07T01:28:01+00:00,2015-08-06 21:28:01-04:00,2015-08-07T01:43:01+00:00,15,acceptance recorded,2015-06-30,,True,periodic report,False,True,https://www.sec.gov/Archives/edgar/data/1297996/000129799615000073/dlr630201510-q.htm,https://data.sec.gov/submissions/CIK0001297996.json
DLR,1297996,8-K,2015-07-30,2015-07-31T01:05:37+00:00,2015-07-30 21:05:37-04:00,2015-07-31T01:20:37+00:00,15,acceptance recorded,2015-07-30,"2.02,7.01,9.01",True,"8-K items 2.02, 7.01",False,True,https://www.sec.gov/Archives/edgar/data/1297996/000129799615000069/earningsdeck8-kshell_063015.htm,https://data.sec.gov/submissions/CIK0001297996.json
DLR,1297996,8-K,2015-07-30,2015-07-31T00:08:33+00:00,2015-07-30 20:08:33-04:00,2015-07-31T00:23:33+00:00,15,acceptance recorded,2015-07-30,"2.02,7.01,9.01",True,"8-K items 2.02, 7.01",False,True,https://www.sec.gov/Archives/edgar/data/1297996/000129799615000065/a8-kshellsupplementalx0630.htm,https://data.sec.gov/submissions/CIK0001297996.json
DLR,1297996,8-K,2015-07-28,2015-07-29T01:01:05+00:00,2015-07-28 21:01:05-04:00,2015-07-29T01:16:05+00:00,15,acceptance recorded,2015-07-22,5.02,False,8-K item not on the candidate list,False,True,https://www.sec.gov/Archives/edgar/data/1297996/000119312515266218/d66903d8k.htm,https://data.sec.gov/submissions/CIK0001297996.json
DLR,1297996,8-K,2015-07-20,2015-07-21T01:01:17+00:00,2015-07-20 21:01:17-04:00,2015-07-21T01:16:17+00:00,15,acceptance recorded,2015-07-14,"8.01,9.01",True,8-K items 8.01,False,True,https://www.sec.gov/Archives/edgar/data/1297996/000119312515257076/d90673d8k.htm,https://data.sec.gov/submissions/CIK0001297996.json
DLR,1297996,8-K,2015-07-14,2015-07-14T14:59:36+00:00,2015-07-14 10:59:36-04:00,2015-07-14T15:14:36+00:00,15,acceptance recorded,2015-07-13,"1.01,5.03,7.01,8.01,9.01",True,"8-K items 1.01, 7.01, 8.01",False,True,https://www.sec.gov/Archives/edgar/data/1297996/000119312515251810/d44424d8k.htm,https://data.sec.gov/submissions/CIK0001297996.json
DLR,1297996,8-K,2015-06-23,2015-06-24T00:49:00+00:00,2015-06-23 20:49:00-04:00,2015-06-24T01:04:00+00:00,15,acceptance recorded,2015-06-23,"1.01,2.03,8.01,9.01",True,"8-K items 1.01, 8.01",False,True,https://www.sec.gov/Archives/edgar/data/1297996/000119312515232004/d946856d8k.htm,https://data.sec.gov/submissions/CIK0001297996.json
DLR,1297996,8-K,2015-05-14,2015-05-15T00:06:09+00:00,2015-05-14 20:06:09-04:00,2015-05-15T00:21:09+00:00,15,acceptance recorded,2015-05-11,5.07,False,8-K item not on the candidate list,False,True,https://www.sec.gov/Archives/edgar/data/1297996/000119312515187986/d926156d8k.htm,https://data.sec.gov/submissions/CIK0001297996.json
DLR,1297996,10-Q,2015-05-08,2015-05-09T01:11:31+00:00,2015-05-08 21:11:31-04:00,2015-05-09T01:26:31+00:00,15,acceptance recorded,2015-03-31,,True,periodic report,False,True,https://www.sec.gov/Archives/edgar/data/1297996/000129799615000042/dlr331201510-q.htm,https://data.sec.gov/submissions/CIK0001297996.json
DLR,1297996,8-K,2015-05-05,2015-05-06T01:05:42+00:00,2015-05-05 21:05:42-04:00,2015-05-06T01:20:42+00:00,15,acceptance recorded,2015-05-05,"2.02,7.01,9.01",True,"8-K items 2.02, 7.01",False,True,https://www.sec.gov/Archives/edgar/data/1297996/000129799615000036/earningsdeck8-kshell_033115.htm,https://data.sec.gov/submissions/CIK0001297996.json
DLR,1297996,8-K,2015-05-05,2015-05-06T00:09:04+00:00,2015-05-05 20:09:04-04:00,2015-05-06T00:24:04+00:00,15,acceptance recorded,2015-05-05,"2.02,7.01,9.01",True,"8-K items 2.02, 7.01",False,True,https://www.sec.gov/Archives/edgar/data/1297996/000129799615000034/a8-kshellsupplementalx0331.htm,https://data.sec.gov/submissions/CIK0001297996.json
DLR,1297996,8-K,2015-04-21,2015-04-21T16:57:53+00:00,2015-04-21 12:57:53-04:00,2015-04-21T17:12:53+00:00,15,acceptance recorded,2015-04-20,"8.01,9.01",True,8-K items 8.01,False,True,https://www.sec.gov/Archives/edgar/data/1297996/000119312515139224/d910913d8k.htm,https://data.sec.gov/submissions/CIK0001297996.json
DLR,1297996,8-K,2015-04-16,2015-04-17T00:16:06+00:00,2015-04-16 20:16:06-04:00,2015-04-17T00:31:06+00:00,15,acceptance recorded,2015-04-15,"5.02,7.01,9.01",True,8-K items 7.01,False,True,https://www.sec.gov/Archives/edgar/data/1297996/000119312515133321/d909851d8k.htm,https://data.sec.gov/submissions/CIK0001297996.json
DLR,1297996,8-K,2015-03-19,2015-03-20T00:30:40+00:00,2015-03-19 20:30:40-04:00,2015-03-20T00:45:40+00:00,15,acceptance recorded,2015-03-13,"1.01,1.02,5.02,9.01",True,"8-K items 1.01, 1.02",False,True,https://www.sec.gov/Archives/edgar/data/1297996/000119312515098579/d894292d8k.htm,https://data.sec.gov/submissions/CIK0001297996.json
DLR,1297996,10-K,2015-03-02,2015-03-03T03:07:00+00:00,2015-03-02 22:07:00-05:00,2015-03-03T03:22:00+00:00,15,acceptance recorded,2014-12-31,,True,periodic report,False,True,https://www.sec.gov/Archives/edgar/data/1297996/000129799615000010/dlr12311410k.htm,https://data.sec.gov/submissions/CIK0001297996.json
DLR,1297996,8-K,2015-02-19,2015-02-20T02:30:36+00:00,2015-02-19 21:30:36-05:00,2015-02-20T02:45:36+00:00,15,acceptance recorded,2015-02-13,"5.02,7.01,9.01",True,8-K items 7.01,False,True,https://www.sec.gov/Archives/edgar/data/1297996/000119312515054271/d877394d8k.htm,https://data.sec.gov/submissions/CIK0001297996.json
DLR,1297996,8-K,2015-02-12,2015-02-13T03:21:42+00:00,2015-02-12 22:21:42-05:00,2015-02-13T03:36:42+00:00,15,acceptance recorded,2015-02-12,"2.02,7.01,9.01",True,"8-K items 2.02, 7.01",False,True,https://www.sec.gov/Archives/edgar/data/1297996/000129799615000006/earningsdeck8-kshell_123114.htm,https://data.sec.gov/submissions/CIK0001297996.json
DLR,1297996,8-K,2015-02-12,2015-02-13T02:15:31+00:00,2015-02-12 21:15:31-05:00,2015-02-13T02:30:31+00:00,15,acceptance recorded,2015-02-12,"2.02,7.01,9.01",True,"8-K items 2.02, 7.01",False,True,https://www.sec.gov/Archives/edgar/data/1297996/000129799615000004/a8-kshellsupplementalx1231.htm,https://data.sec.gov/submissions/CIK0001297996.json
