queue_name,column,mw,projects,ticker,cik,sec_title,match_score,status
174 Power Global,developer,182.0,1,,,,0.0,unmatched
174 Power Global Properties,developer,1128.8,6,,,,0.0,unmatched
"174 Power Global Properties, LLC",developer,83.6,2,,,,0.0,unmatched
1st Rochdale Coop Group,developer,158.0,2,,,,0.519,unmatched
"212 Solar Development, LLC",developer,120.0,6,,,,0.0,unmatched
224WB 8ME LLC,developer,110.0,1,,,,0.0,unmatched
224WB 8me LLC,developer,113.9,1,,,,0.0,unmatched
229HD 8me LLC,developer,204.1,2,,,,0.0,unmatched
241BB 8ME LLC,developer,325.0,1,,,,0.0,unmatched
241BB 8me LLC,developer,330.1,1,,,,0.0,unmatched
245CK 8me LLC,developer,404.8,2,,,,0.0,unmatched
249RD 8ME,developer,307.3,3,,,,0.0,unmatched
2W Permian Solar LLC,developer,467.0,2,,,,0.0,unmatched
450CT 8ME,developer,500.0,1,,,,0.0,unmatched
7100 Tin Top LLC,developer,602.2,1,,,,0.0,unmatched
"7V Solar Ranch, LLC",developer,240.6,1,,,,0.0,unmatched
7x Energy,developer,305.1,2,,,,0.0,unmatched
8 Minute Energy,developer,200.0,1,,,,0.0,unmatched
"82 Shingle House Rd, LLC",developer,273.5,1,,,,0.0,unmatched
8minutenergy,developer,2990.0,10,,,,0.0,unmatched
ABEI & INFRASTRUCTURE S.L.,developer,77.6,1,,,,0.0,unmatched
ABEI ENERGY,developer,224.7,2,,,,0.0,unmatched
ABEI ENERGY & INFRASTRUCTURE,developer,67.6,1,,,,0.0,unmatched
ABEI ENERGY & INFRASTRUCTURE LLC,developer,560.1,2,,,,0.0,unmatched
ABEI ENERGY&INFRASTRUCTURE LLC,developer,618.5,5,,,,0.0,unmatched
ABUNDANT SOLAR POWER (US-NY-MARKHAM HOLLOW RD-001) LLC,developer,18.0,1,,,,0.0,unmatched
"ACE DEVCO NC, LLC",developer,75.6,4,,,,0.0,unmatched
ACE DevCo NC,developer,40.0,2,,,,0.0,unmatched
ACE DevCo NC LLC,developer,1771.0,10,,,,0.0,unmatched
"ACE DevCo NC, LLC",developer,3146.3,23,,,,0.0,unmatched
"ACE DevCo NC,LLC",developer,1540.0,9,,,,0.0,unmatched
ACE Development Company,developer,450.0,3,,,,0.0,unmatched
ACTX BESS Project LLC,developer,306.3,1,,,,0.0,unmatched
"AE - ESS Petracca, LLC",developer,10.0,1,,,,0.0,unmatched
AELIUS SOLAR CORP,developer,96.6,1,,,,0.0,unmatched
AEP Resources Service Corp.,developer,600.0,1,,,,0.0,unmatched
AEP Wind Energy,developer,98.0,1,,,,0.0,unmatched
AES,developer,832.2,4,AES,0000874761,AES CORP,1.0,matched
"AES Bainbridge, LLC",developer,1186.0,2,,,,0.0,unmatched
AES DE DEVCO NC LLC,developer,100.2,5,,,,0.0,unmatched
"AES Distributed Energy, Inc",developer,817.1,2,,,,0.0,unmatched
AES Energy,developer,40.0,1,AES,0000874761,AES CORP,1.0,matched
"AES Energy Storage, LLC",developer,60.0,3,,,,0.0,unmatched
"AES Keystone Wind, LLC",developer,340.0,3,,,,0.0,unmatched
"AES Long Island, LLC",developer,510.0,1,,,,0.0,unmatched
"AES NY Wind, LLC",developer,80.0,1,,,,0.0,unmatched
AES Renewable Holdings,developer,300.0,2,,,,0.0,unmatched
"AES Sea West, INC",developer,226.0,1,,,,0.0,unmatched
AES SeaWest,developer,1692.0,6,,,,0.0,unmatched
AES Seawest,developer,138.0,1,,,,0.0,unmatched
"AES Somerset 2, LLC",developer,706.0,1,,,,0.0,unmatched
"AES Somerset, LLC",developer,70.0,1,,,,0.0,unmatched
"AES Wind Generation, Inc.",developer,61.5,2,,,,0.0,unmatched
AEU BATTERY PROJECT I LLC,developer,63.1,1,,,,0.0,unmatched
AEU BATTERY PROJECT IV LLC,developer,151.2,1,,,,0.0,unmatched
AEU Battery Project III LLC,developer,337.4,1,,,,0.0,unmatched
"AG Energy, LP",developer,90.1,1,,,,0.0,unmatched
"AG Hydro, LLC",developer,7.5,1,,,,0.714,unmatched
ALAMO CITY ESS LLC,developer,128.1,1,,,,0.562,unmatched
ALPIN HOLDING LLC,developer,100.0,1,,,,0.0,unmatched
ALTA POWER LLC,developer,300.0,1,,,,0.471,unmatched
AMBAR POWER HOLDCO LLC,developer,1000.0,2,,,,0.571,unmatched
ANGELO SOLAR LLC,developer,195.4,1,,,,0.64,unmatched
AP Dutchess Properties Inc.,developer,650.0,1,,,,0.0,unmatched
AP Greenport,developer,100.5,1,,,,0.0,unmatched
AP Solar 1 LLC,developer,207.7,1,,,,0.0,unmatched
"AP Solar 4, LLC",developer,397.1,1,,,,0.0,unmatched
"AP Solar 5, LLC",developer,152.6,1,,,,0.0,unmatched
"AP Solar 6, LLC",developer,50.7,1,,,,0.0,unmatched
AP Solar Holdings LLC,developer,152.5,1,,,,0.0,unmatched
"AP Solar Holdings, LLC",developer,351.3,1,,,,0.0,unmatched
AP Sunray LLC,developer,200.0,1,,,,0.0,unmatched
APACHE HILL ENERGY CENTER,developer,200.9,1,,,,0.0,unmatched
"APPALOOSA RUN STORAGE, LLC",developer,100.0,1,,,,0.0,unmatched
APV Lonestar Energy LLC,developer,200.8,1,,,,0.0,unmatched
"ASB1, LLC",developer,132.8,1,,,,0.0,unmatched
ATLANTIC SHORES OFFSHORE WIND BIGHT LLC,developer,1400.0,1,,,,0.467,unmatched
ATLANTIC SHORES OFFSHORE WIND LLC,developer,1400.0,1,,,,0.519,unmatched
AZALEA SPRINGS SOLAR PARK LLC,developer,181.0,1,,,,0.0,unmatched
AZURE SKY WIND PROJECT LLC,developer,350.0,1,,,,0.0,unmatched
AZURE SKY WIND STORAGE LLC,developer,121.8,1,,,,0.0,unmatched
Abei Energy Green III LLC,developer,80.5,1,,,,0.0,unmatched
Abei Energy Green VII LLC,developer,37.5,1,,,,0.0,unmatched
Abei Energy Green X LLC,developer,50.2,1,,,,0.0,unmatched
Abei Energy Green XIV LLC,developer,76.2,1,,,,0.0,unmatched
Abeja Solar,developer,200.8,1,,,,0.0,unmatched
Abilene GCE LLC,developer,71.4,1,,,,0.0,unmatched
"Ables Springs Solar, LLC",developer,151.7,1,,,,0.514,unmatched
"Ables Springs Storage, LLC",developer,100.4,1,,,,0.486,unmatched
Abundant Solar Power INC.,developer,18.1,1,,,,0.4,unmatched
Abundant Solar Power Inc.,developer,39.9,2,,,,0.4,unmatched
Accalia Point Solar LLC,developer,190.5,1,,,,0.0,unmatched
Acciona,developer,344.1,3,,,,0.0,unmatched
Acciona Energy,developer,94.0,1,,,,0.0,unmatched
"Acciona Wind Energy USA, LLC",developer,300.0,1,,,,0.0,unmatched
Adam Bryant BESS LLC,developer,99.9,1,,,,0.545,unmatched
"Adams Creek Solar Project, LLC",developer,681.7,3,,,,0.393,unmatched
"Adams Solar Center, LLC",developer,10.0,1,,,,0.5,unmatched
Adapture Renewables,developer,27.0,5,,,,0.558,unmatched
"Adapture Renewables, Inc",developer,51.8,1,,,,0.558,unmatched
"Adapture Solar Development, LLC",developer,232.5,2,,,,0.4,unmatched
Adelite Storage Project LLC,developer,231.9,1,,,,0.0,unmatched
Admiral Wind LLC,developer,20.0,1,,,,0.0,unmatched
Aegle Power LLC,developer,1536.4,1,,,,0.0,unmatched
Aggreko MSR Grid PC2,developer,10.0,1,,,,0.0,unmatched
"Agilitas Energy, LLC",developer,20.0,2,,,,0.625,unmatched
"Agrifos Fertilizer, Inc",developer,16.0,1,,,,0.0,unmatched
Air Liquide,developer,7.0,1,,,,0.64,unmatched
Air Products,developer,14.0,1,,,,0.706,unmatched
"Airport Solar, LLC",developer,47.2,2,,,,0.0,unmatched
Airport Storage I LLC,developer,522.5,1,,,,0.0,unmatched
Airport Storage II LLC,developer,602.9,1,,,,0.0,unmatched
Airtricity,developer,824.0,3,,,,0.0,unmatched
"Airtricity Developments, LLC",developer,40.0,1,,,,0.0,unmatched
"Airtricity Munnsville Wind Farm, LLC",developer,34.5,1,,,,0.0,unmatched
"Airtricity Panther Creek Wind Farm, LLC",developer,150.0,1,,,,0.0,unmatched
"Airtricity, INC",developer,126.0,1,,,,0.0,unmatched
"Airtricity, Inc",developer,3878.0,16,,,,0.0,unmatched
"Airtricity, Inc.",developer,393.0,4,,,,0.0,unmatched
Akuo Energy,developer,149.3,1,,,,0.0,unmatched
Akuo Energy USA,developer,412.0,4,,,,0.0,unmatched
Akuo US Development LLC,developer,150.0,1,,,,0.0,unmatched
Al Pastor BESS LLC,developer,103.1,1,,,,0.0,unmatched
Alabama Ledge Wind Farm LLC,developer,79.8,1,,,,0.0,unmatched
"Alabama Ledge Wind Farm, LLC",developer,79.8,1,,,,0.0,unmatched
Alabama Solar Park LLC,developer,130.0,1,,,,0.0,unmatched
"Alamo Ranch Solar Project, LLC",developer,271.3,1,,,,0.465,unmatched
"Albany Energy, LLC",developer,6.4,1,,,,0.8,unmatched
"Albatross Solar, LLC",developer,311.0,3,,,,0.667,unmatched
"Alden Solar, LLC",developer,24.9,1,,,,0.414,unmatched
"Alder Creek Solar, LLC",developer,165.0,1,,,,0.432,unmatched
Aldrin Energy Storage LLC,developer,569.0,2,,,,0.0,unmatched
"Algonquin Power Fund (America), Inc.",developer,81.6,3,,,,0.783,unmatched
Alina Energy LLC,developer,409.8,2,,,,0.0,unmatched
Alle-Catt Wind Energy LLC,developer,339.1,1,,,,0.545,unmatched
"Allegany Wind, LLC",developer,72.5,1,,,,0.571,unmatched
"Alliance Energy Storage, LLC",developer,15.5,2,,,,0.788,unmatched
Allora,developer,75.0,1,,,,0.727,unmatched
Alpin Sun,developer,217.1,3,,,,0.0,unmatched
Alta Power,developer,300.0,2,,,,0.471,unmatched
Alta Power LLC,developer,900.0,4,,,,0.471,unmatched
Alta Power Lufkin Acovet,developer,150.0,1,,,,0.562,unmatched
AltaGas Renewable,developer,99.0,1,,,,0.452,unmatched
Alterra Power,developer,200.0,1,,,,0.435,unmatched
Althea Storage LLC,developer,251.3,1,,,,0.0,unmatched
Altura,developer,630.0,1,ALTUF,0001977971,Altura Energy Corp.,1.0,matched
Ambar Power Holdco LLC,developer,208.1,1,,,,0.571,unmatched
"Ambrose Energy Storage, LLC",developer,101.2,1,,,,0.0,unmatched
Ambrosia Solar,developer,90.0,1,,,,0.0,unmatched
Amerada Hess Corp.,developer,79.9,1,,,,0.609,unmatched
"Amerada Solar, LLC",developer,452.4,2,,,,0.667,unmatched
American Falls Reservoir District No. 2,developer,4.8,1,,,,0.0,unmatched
American National Power,developer,1680.0,2,ANG-PD,0001039828,American National Group Inc.,1.0,matched
"American Shoreline, Inc",developer,998.0,2,,,,0.56,unmatched
American Wintergreen Solar Energy LLC,developer,75.0,1,,,,0.7,unmatched
Americlean,developer,300.0,1,,,,0.75,unmatched
Anagram Solar,developer,130.6,1,,,,0.0,unmatched
"Anbaric Development Partners, LLC",developer,3850.0,7,,,,0.0,unmatched
"Anemoi Energy Storage, LLC",developer,210.0,2,,,,0.0,unmatched
"Angel City Energy Center, LLC",developer,221.0,1,,,,0.467,unmatched
"Angelo Storage, LLC",developer,103.0,1,,,,0.667,unmatched
Angels Creek LLC,developer,31.7,1,,,,0.48,unmatched
"Angus Solar, LLC",developer,112.0,1,,,,0.0,unmatched
"Anole Energy Storage, LLC",developer,247.1,1,,,,0.0,unmatched
Anson II Storage LLC,developer,150.6,1,,,,0.0,unmatched
"Anson Solar Center 2, LLC",developer,200.9,1,,,,0.0,unmatched
"Anson Solar Center 3, LLC",developer,200.0,1,,,,0.0,unmatched
"Anson Solar Center, LLC",developer,201.5,1,,,,0.0,unmatched
"Antelope Flats Wind, LLC",developer,282.0,1,,,,0.579,unmatched
Antelope Hills Wind,developer,172.5,1,,,,0.579,unmatched
Antelope Solar LLC,developer,202.4,1,,,,0.606,unmatched
"AntiCline Disposal, LLC",developer,2.0,1,,,,0.333,unmatched
"Anticline Wind, LLC",developer,100.0,1,,,,0.421,unmatched
"Antoninus Energy Storage, LLC",developer,101.2,1,,,,0.0,unmatched
"Apalachicola Solar, LLC",developer,74.5,1,,,,0.0,unmatched
Apalachin Solar LLC,developer,20.0,1,,,,0.0,unmatched
Apex CAES,developer,324.0,1,,,,0.636,unmatched
Apex Clean,developer,2309.7,9,,,,0.609,unmatched
Apex Clean Energy LLC,developer,110.4,1,,,,0.609,unmatched
Apex Compressed Air Energy Storage,developer,280.0,1,,,,0.5,unmatched
"Apex Energy Solutions, LLC",developer,1232.0,1,,,,0.571,unmatched
Apex Wind,developer,350.0,1,,,,0.467,unmatched
"Apollo Solar Ranch, LLC",developer,609.7,1,,,,0.645,unmatched
"Appaloosa Run Wind, LLC",developer,175.0,1,,,,0.0,unmatched
"Appaloosa Solar I, LLC",developer,200.0,1,,,,0.0,unmatched
Appaloosa Wind And Solar LLC,developer,330.0,1,,,,0.0,unmatched
"Apple, Inc.",developer,3.0,1,AAPL,0000320193,Apple Inc.,1.0,matched
Aquilla Lake 3 Wind,developer,304.6,1,,,,0.0,unmatched
Arana Creek Battery Storage LLC,developer,75.0,1,,,,0.0,unmatched
Arana Creek LLC,developer,153.5,1,,,,0.0,unmatched
"Arcade Solar, LLC",developer,94.9,2,,,,0.452,unmatched
"Archer Energy Center, LLC",developer,309.9,1,,,,0.615,unmatched
Archway Solar Energy LLC,developer,400.0,1,,,,0.538,unmatched
"Arco Wind, LLC",developer,263.0,1,,,,0.545,unmatched
Ardesia Storage Project LLC,developer,100.0,1,,,,0.333,unmatched
"Ariji BESS, LLC",developer,100.3,1,,,,0.0,unmatched
Arkoosh Hydro Inc,developer,2.1,2,,,,0.519,unmatched
Arkwright Summit Wind Farm LLC,developer,78.4,1,,,,0.0,unmatched
"Arkwright Summit Wind Farm, LLC",developer,79.8,1,,,,0.0,unmatched
"Armadillo Solar Center, LLC",developer,200.1,1,,,,0.455,unmatched
"Armadillo Solar, LLC",developer,122.4,1,,,,0.444,unmatched
"Armstrong BESS, LLC",developer,421.5,1,,,,0.6,unmatched
"Armstrong Solar, LLC",developer,509.6,1,,,,0.585,unmatched
Arnold Energy Storage,developer,79.9,1,,,,0.0,unmatched
"Arranz Wind Tuxedo I,LLC",developer,200.0,1,,,,0.474,unmatched
Arrington Solar,developer,202.6,1,,,,0.545,unmatched
Arrowrock Hydroelectric Project,developer,1.5,1,,,,0.393,unmatched
Arthur Kill Power,developer,369.9,1,,,,0.621,unmatched
Arthur Kill Power LLC,developer,369.9,1,,,,0.621,unmatched
Artio Energy Storage LLC,developer,205.9,1,,,,0.541,unmatched
Ash Creek Solar LLC,developer,417.7,1,,,,0.0,unmatched
"Ashford Wind Farm, LLC",developer,19.9,1,,,,0.556,unmatched
Aspen Power LLC,developer,45.0,1,,,,0.526,unmatched
Aster Solar,developer,203.5,1,,,,0.727,unmatched
"Astoria Energy II, LLC",developer,617.2,1,,,,0.0,unmatched
"Astoria Energy, LLC",developer,230.0,1,,,,0.0,unmatched
Astoria Generating Co.,developer,95.5,1,,,,0.0,unmatched
Astoria Generating Company,developer,108.0,1,,,,0.0,unmatched
Astoria Generating Company LP,developer,1416.2,4,,,,0.0,unmatched
"Astoria Generating Company, L.P.",developer,444.1,5,,,,0.0,unmatched
"Astoria Generating Company, LP",developer,286.6,5,,,,0.0,unmatched
Astoria Renewables LLC,developer,500.0,1,,,,0.0,unmatched
"Athena-Weston Wind Power Project, LLC",developer,302.4,2,,,,0.511,unmatched
Athens Energy Stoarge LLC,developer,300.0,1,,,,0.6,unmatched
Athens Energy Storage LLC,developer,300.0,1,,,,0.6,unmatched
Athens Gen Co./ PG&E,developer,1080.0,1,,,,0.571,unmatched
"Atlantic Energy, LLC",developer,1200.0,2,AAME,0000008177,ATLANTIC AMERICAN CORP,1.0,matched
Atlantic Renewable Energy Corp.,developer,23.1,1,,,,0.667,unmatched
Atlantic Shores Offshore Wind Bight LLC,developer,1400.0,1,,,,0.467,unmatched
"Atlantic Shores Offshore Wind Bight, LLC",developer,10500.0,5,,,,0.467,unmatched
"Atlantic Shores Offshore Wind Project 2, LLC",developer,880.0,1,,,,0.0,unmatched
"Atlantic Shores Offshore Wind Project 3, LLC",developer,1760.0,2,,,,0.0,unmatched
"Atlantic Wind, LLC",developer,1354.0,8,,,,0.762,unmatched
"Atria Energy Project, LLC",developer,112.4,1,,,,0.571,unmatched
Attentive Energy,developer,2620.0,2,,,,0.0,unmatched
Attentive Energy LLC,developer,1200.0,1,,,,0.0,unmatched
Atticus Energy Storage,developer,103.0,1,,,,0.0,unmatched
Auburn Public Power Agency,developer,3.0,1,,,,0.44,unmatched
Aurora Solar LLC,developer,1096.8,4,,,,0.72,unmatched
"Aurora Solar, LLC",developer,107.1,3,,,,0.72,unmatched
"Austin Bayou Solar, LLC",developer,1607.2,5,,,,0.621,unmatched
Austin Energy,developer,344.0,3,,,,0.706,unmatched
"Avalon BESS, LLC",developer,522.1,1,,,,0.706,unmatched
Avangrid,developer,1407.6,5,,,,0.667,unmatched
Avangrid Renewables,developer,3200.0,2,,,,0.385,unmatched
"Avangrid Renewables, LLC",developer,1229.0,1,,,,0.385,unmatched
Avant Prairie ESS LLC,developer,201.7,1,,,,0.5,unmatched
"Axis Ridge Wind, LLC",developer,750.0,1,,,,0.444,unmatched
Azalea Wind LLC,developer,200.0,4,,,,0.0,unmatched
"Azure Sky Solar Project, LLC",developer,306.0,2,,,,0.0,unmatched
"B&B Panhandle Wind,LLC",developer,1001.0,1,,,,0.0,unmatched
"B&H Wind, LLC",developer,80.0,1,,,,0.0,unmatched
BAES INFRASTRUCTURE CORPUS CHRISTI SOLAR LLC,developer,57.6,1,,,,0.0,unmatched
"BAF Storage, LLC",developer,307.2,1,,,,0.0,unmatched
BAYWA R.E. SOLAR PROJECTS,developer,203.9,1,,,,0.0,unmatched
"BC Solar, LLC",developer,10.0,2,,,,0.0,unmatched
"BDPU SOLAR NIGHTFALL, LLC",developer,181.2,1,,,,0.0,unmatched
BDPU Solar Lubio LLC,developer,54.5,1,,,,0.0,unmatched
"BDPU Solar Maratua, LLC",developer,218.0,1,,,,0.0,unmatched
"BDPU Solar Nightfall, LLC",developer,11.0,1,,,,0.0,unmatched
BDPU Solar Tormes LLC,developer,382.1,1,,,,0.0,unmatched
"BELL CREEK BESS, LLC",developer,200.9,1,,,,0.538,unmatched
BEPC,developer,636.0,5,,,,0.0,unmatched
BGTF US Development Holdings LLC,developer,960.0,9,,,,0.0,unmatched
BLUE STONE RENEWABLE VIII LLC,developer,136.4,1,,,,0.51,unmatched
BLUE STONE RENEWABLE XXI LLC,developer,306.7,2,,,,0.5,unmatched
BMP Wind LLC,developer,20.0,1,,,,0.444,unmatched
"BMP Wind, LLC",developer,350.0,1,,,,0.444,unmatched
BNB,developer,100.0,1,,,,0.0,unmatched
BNB Lamesa Solar LLC,developer,101.6,1,,,,0.5,unmatched
"BNB Renewable Energy, LLC",developer,429.0,2,,,,0.476,unmatched
BNB Renewables,developer,100.0,1,,,,0.545,unmatched
BNB Tennyson Solar LLC,developer,150.0,1,,,,0.385,unmatched
"BP Alternative Energy NA, Inc.",developer,100.0,1,,,,0.0,unmatched
BP Global Power,developer,244.0,1,,,,0.0,unmatched
"BP Wind Energy North America, Inc",developer,2025.0,4,,,,0.0,unmatched
BPL Crown Solar,developer,103.1,1,,,,0.0,unmatched
BPL Files Solar,developer,175.0,1,,,,0.0,unmatched
BPL Sol Solar,developer,103.1,1,,,,0.0,unmatched
BPP NY Lansing BESS I LLC,developer,200.0,1,,,,0.0,unmatched
BPP NY Somerset BESS I LLC,developer,199.5,1,,,,0.0,unmatched
BPUS Generation Development LLC,developer,365.0,4,,,,0.0,unmatched
BR Project 1 LLC,developer,12.1,1,,,,0.0,unmatched
"BRAZOS WIND VENTURES, LLC",developer,22.4,1,,,,0.364,unmatched
BREG - Belgian Renewable Energy Group,developer,217.3,1,,,,0.0,unmatched
BRP Ampato BESS LLC,developer,121.6,1,,,,0.0,unmatched
BRP Antlia BESS LLC,developer,72.4,1,,,,0.0,unmatched
BRP Aras BESS LLC,developer,303.6,1,,,,0.0,unmatched
BRP Artemis BESS LLC,developer,411.3,1,,,,0.0,unmatched
BRP Avila BESS LLC,developer,228.0,2,,,,0.0,unmatched
"BRP BLUE TOPAZ 11, LLC",developer,125.7,1,,,,0.0,unmatched
"BRP BLUE TOPAZ 13, LLC",developer,147.4,1,,,,0.0,unmatched
"BRP BLUE TOPAZ 7, LLC",developer,150.4,1,,,,0.0,unmatched
"BRP BLUE TOPAZ 8, LLC",developer,120.7,1,,,,0.0,unmatched
BRP Bachman BESS LLC,developer,411.0,1,,,,0.0,unmatched
BRP Batura BESS LLC,developer,251.7,1,,,,0.0,unmatched
"BRP Blue Topaz 10, LLC",developer,241.5,1,,,,0.0,unmatched
"BRP Blue Topaz 12, LLC",developer,200.9,1,,,,0.0,unmatched
"BRP Blue Topaz 14, LLC",developer,301.3,1,,,,0.0,unmatched
"BRP Blue Topaz 2, LLC",developer,252.0,2,,,,0.0,unmatched
"BRP Blue Topaz 3, LLC",developer,406.0,1,,,,0.0,unmatched
"BRP Blue Topaz 5, LLC",developer,200.8,1,,,,0.0,unmatched
"BRP Blue Topaz 6, LLC",developer,203.0,1,,,,0.0,unmatched
"BRP Blue Topaz 9, LLC",developer,200.8,1,,,,0.0,unmatched
BRP Bonete BESS LLC,developer,201.1,1,,,,0.0,unmatched
BRP Brizo BESS LLC,developer,140.8,1,,,,0.0,unmatched
BRP Cachi BESS LLC,developer,205.5,1,,,,0.0,unmatched
BRP Carina BESS LLC,developer,154.1,1,,,,0.0,unmatched
BRP Castor BESS LLC,developer,205.4,1,,,,0.0,unmatched
BRP Charon BESS LLC,developer,410.8,1,,,,0.0,unmatched
BRP Chena BESS LLC,developer,202.3,1,,,,0.0,unmatched
BRP Crater BESS LLC,developer,301.2,1,,,,0.0,unmatched
BRP Crios BESS LLC,developer,87.4,1,,,,0.0,unmatched
BRP De Los Santos BESS LLC,developer,201.0,1,,,,0.0,unmatched
BRP Denali BESS LLC,developer,258.4,1,,,,0.0,unmatched
BRP Desna BESS LLC,developer,205.5,1,,,,0.0,unmatched
BRP Diran BESS LLC,developer,100.6,1,,,,0.0,unmatched
BRP Elbus BESS LLC,developer,201.0,1,,,,0.0,unmatched
BRP Galan BESS LLC,developer,76.0,1,,,,0.0,unmatched
"BRP Garnet 1, LLC",developer,300.0,1,,,,0.0,unmatched
BRP Hemera BESS LLC,developer,207.0,1,,,,0.0,unmatched
BRP Hestia BESS LLC,developer,29.1,1,,,,0.0,unmatched
BRP Hydra BESS LLC,developer,200.8,1,,,,0.0,unmatched
BRP INTERMEDIATECO I LLC,developer,200.8,1,,,,0.0,unmatched
BRP Kabru BESS LLC,developer,202.4,1,,,,0.0,unmatched
BRP Kailas BESS LLC,developer,201.3,1,,,,0.0,unmatched
BRP Kamet BESS LLC,developer,202.5,1,,,,0.0,unmatched
BRP Kotys BESS LLC,developer,163.4,1,,,,0.0,unmatched
BRP Lyra BESS LLC,developer,202.8,1,,,,0.0,unmatched
BRP Mekong BESS LLC,developer,413.7,1,,,,0.0,unmatched
BRP Mensa BESS LLC,developer,405.0,1,,,,0.0,unmatched
BRP Merope BESS LLC,developer,401.9,1,,,,0.0,unmatched
BRP Musca BESS LLC,developer,100.5,1,,,,0.0,unmatched
BRP Nile BESS LLC,developer,202.3,1,,,,0.0,unmatched
BRP OCTANS BESS LLC,developer,129.6,1,,,,0.0,unmatched
BRP Paleo BESS LLC,developer,200.8,1,,,,0.0,unmatched
BRP Parana BESS,developer,303.7,1,,,,0.0,unmatched
BRP Passu BESS LLC,developer,301.8,1,,,,0.0,unmatched
BRP Pavo BESS LLC,developer,175.8,1,,,,0.0,unmatched
BRP Perseus BESS LLC,developer,202.5,1,,,,0.0,unmatched
BRP Pictor BESS LLC,developer,201.1,1,,,,0.0,unmatched
BRP Pobeda BESS LLC,developer,301.4,1,,,,0.0,unmatched
BRP Pollux BESS LLC,developer,163.4,1,,,,0.0,unmatched
BRP Pular BESS LLC,developer,233.1,1,,,,0.0,unmatched
BRP Pyxis BESS LLC,developer,206.9,1,,,,0.0,unmatched
BRP Quela BESS LLC,developer,301.4,1,,,,0.0,unmatched
BRP Rhea BESS LLC,developer,414.1,1,,,,0.0,unmatched
BRP Rhine BESS LLC,developer,206.9,1,,,,0.0,unmatched
BRP SNOWDON BESS LLC,developer,410.9,1,,,,0.0,unmatched
BRP Seine BESS LLC,developer,301.2,1,,,,0.0,unmatched
BRP Sepik BESS LLC,developer,200.8,1,,,,0.0,unmatched
BRP Tarim BESS LLC,developer,201.0,1,,,,0.0,unmatched
BRP Tigris BESS LLC,developer,202.4,1,,,,0.0,unmatched
BRP Tortolas BESS LLC,developer,50.3,1,,,,0.0,unmatched
BRP Triton BESS LLC,developer,205.4,1,,,,0.0,unmatched
BRP Trivor BESS LLC,developer,202.3,1,,,,0.0,unmatched
BRP Tucana BESS LLC,developer,201.3,1,,,,0.0,unmatched
BRP Volans BESS LLC,developer,206.9,1,,,,0.0,unmatched
BRP Volga BESS LLC,developer,174.6,1,,,,0.0,unmatched
BRP Yarra BESS LLC,developer,205.4,1,,,,0.0,unmatched
BRP Zelus BESS LLC,developer,201.0,1,,,,0.0,unmatched
BRP Zeya BESS LLC,developer,255.3,1,,,,0.0,unmatched
"BRT Fuel Cell, LLC",developer,18.5,1,,,,0.37,unmatched
"BT Amador Storage, LLC",developer,102.6,1,,,,0.0,unmatched
"BT Augite Storage, LLC",developer,151.4,1,,,,0.0,unmatched
"BT Barrett Solar, LLC",developer,76.5,1,,,,0.48,unmatched
"BT Brotherton Storage, LLC",developer,176.1,1,,,,0.467,unmatched
"BT Brown Solar, LLC",developer,81.2,2,,,,0.609,unmatched
"BT Cantwell Solar, LLC",developer,319.0,3,,,,0.0,unmatched
"BT Castro Storage, LLC",developer,50.5,1,,,,0.0,unmatched
"BT Claxton Solar, LLC",developer,226.3,2,,,,0.0,unmatched
"BT Coniglio Solar, LLC",developer,125.7,1,,,,0.0,unmatched
"BT Connolly Storage, LLC",developer,203.0,1,,,,0.0,unmatched
"BT Cooke Solar, LLC",developer,60.0,1,,,,0.0,unmatched
"BT Cunningham Storage, LLC",developer,196.2,1,,,,0.0,unmatched
"BT DJ4M Solar, LLC",developer,251.0,2,,,,0.0,unmatched
"BT Ferguson Solar, LLC",developer,301.7,2,,,,0.0,unmatched
BT Jungmann LLC,developer,40.2,1,,,,0.0,unmatched
"BT Kahla Storage, LLC",developer,200.9,1,,,,0.0,unmatched
"BT Kellam Solar, LLC",developer,60.0,1,,,,0.0,unmatched
"BT Kobernat Solar, LLC",developer,152.0,2,,,,0.0,unmatched
"BT Martin Solar, LLC",developer,132.0,2,,,,0.0,unmatched
"BT McGee Solar, LLC",developer,152.5,1,,,,0.0,unmatched
"BT McGee Storage, LLC",developer,151.4,1,,,,0.0,unmatched
"BT McMurtre Storage, LLC",developer,176.1,1,,,,0.0,unmatched
"BT Myers Solar, LLC",developer,176.6,2,,,,0.0,unmatched
"BT NOBLE SOLAR, LLC",developer,62.5,1,,,,0.0,unmatched
"BT Noble Solar, LLC",developer,279.0,1,,,,0.0,unmatched
"BT S7 Solar, LLC",developer,251.8,2,,,,0.0,unmatched
"BT Sandford Solar, LLC",developer,227.1,2,,,,0.0,unmatched
"BT Sky Storage, LLC",developer,151.4,1,,,,0.0,unmatched
"BT Smith Storage, LLC",developer,125.4,1,,,,0.0,unmatched
"BT Symank Solar, LLC",developer,66.5,1,,,,0.0,unmatched
"BT Unruh Solar, LLC",developer,201.2,2,,,,0.0,unmatched
"BT Van Storage, LLC",developer,125.7,1,,,,0.0,unmatched
"BT WMR Storage, LLC",developer,151.4,1,,,,0.0,unmatched
"BT Willis Storage, LLC",developer,176.1,1,,,,0.0,unmatched
"BT Wilson Storage, LLC",developer,125.7,1,,,,0.0,unmatched
"BT Yixin Solar, LLC",developer,144.6,1,,,,0.0,unmatched
"BT Yooperlite Storage, LLC",developer,175.7,1,,,,0.0,unmatched
BW Solar Holding,developer,85.0,1,,,,0.0,unmatched
BW Solar Holding Inc.,developer,117.0,2,,,,0.0,unmatched
"BWBP Origination, LLC",developer,19.0,1,,,,0.0,unmatched
"BWC Rexmere Lakes, LLC",developer,19.9,1,,,,0.0,unmatched
"Babcock & Brown, LP",developer,124.8,1,,,,0.75,unmatched
Baccharis Storage LLC,developer,5.0,1,,,,0.0,unmatched
Backbone Creek BESS LLC,developer,121.0,1,,,,0.429,unmatched
Backwater Solar LLC,developer,180.0,2,,,,0.5,unmatched
"Badger Gap PV I, LLC",developer,199.0,1,,,,0.519,unmatched
"Badra Solar, LLC",developer,20.0,1,,,,0.0,unmatched
"Baffin Bay Solar, LLC",developer,205.0,2,,,,0.0,unmatched
Bakerstand Solar LLC,developer,20.0,1,,,,0.429,unmatched
Bald Mountain Solar LLC,developer,20.0,1,,,,0.5,unmatched
"Baldwin Wind, LLC",developer,100.0,1,,,,0.69,unmatched
"Ball Hill Wind Energy, LLC",developer,103.0,1,,,,0.476,unmatched
"Ball Hill Windpark, LLC",developer,90.0,1,,,,0.48,unmatched
"Ballenger Windpower, LLC",developer,208.5,1,,,,0.462,unmatched
Banita Creek Solar LLC,developer,428.6,2,,,,0.0,unmatched
Bar Candela Solar Project LLC,developer,200.3,1,,,,0.435,unmatched
"Barber Pool  Hydro, LLC",developer,3.7,1,,,,0.0,unmatched
"Barilla Solar, LLC",developer,23.0,1,,,,0.417,unmatched
"Baron Winds, LLC",developer,238.8,1,,,,0.0,unmatched
Baronyx,developer,150.0,2,,,,0.0,unmatched
Barranca Wind Energy LLC,developer,403.2,2,,,,0.593,unmatched
"Barranca Wind Energy, LLC",developer,205.0,1,,,,0.593,unmatched
"Barre Wind, LLC",developer,120.0,1,,,,0.625,unmatched
Barrett Hempstead Battery Storage,developer,40.0,1,,,,0.456,unmatched
"Barrett Ridge Energy, LLC",developer,107.0,1,,,,0.69,unmatched
"Barrett Solar Project, LLC",developer,125.8,1,,,,0.541,unmatched
Baryonyx,developer,24.0,1,,,,0.0,unmatched
Basin Electric,developer,1240.0,12,,,,0.0,unmatched
"Basketflower Solar, LLC",developer,275.0,2,,,,0.0,unmatched
Bassett Energy Storage,developer,79.9,1,,,,0.0,unmatched
Bat Cave Energy Storage,developer,100.5,1,,,,0.0,unmatched
Bath Solar LLC,developer,185.0,1,,,,0.48,unmatched
Battery Park Storage LLC,developer,190.0,1,,,,0.595,unmatched
"Bay Breeze Solar, LLC",developer,150.0,1,,,,0.0,unmatched
"Bay Energy, LLC",developer,79.9,1,,,,0.0,unmatched
Bay State Wind,developer,10783.0,9,,,,0.0,unmatched
Bay State Wind LLC,developer,2520.0,3,,,,0.0,unmatched
BayWa r.e Solar Projects LLC,developer,399.0,3,,,,0.0,unmatched
BayWa r.e. Development LLC,developer,250.0,2,,,,0.0,unmatched
BayWa r.e. Solar Projects LLC,developer,410.0,3,,,,0.0,unmatched
"BayWa r.e. Solar Projects, LLC",developer,270.0,2,,,,0.0,unmatched
Bayonne Energy Center,developer,179.2,2,,,,0.0,unmatched
"Bayonne Energy Center, LLC",developer,500.0,1,,,,0.0,unmatched
"BdPU Texas Solar Project II, LLC",developer,151.7,1,,,,0.0,unmatched
"Beacon Harbor Solar Project, LLC",developer,195.0,1,,,,0.419,unmatched
Beacon Power,developer,20.0,1,,,,0.667,unmatched
Beacon Wind,developer,1600.0,1,,,,0.667,unmatched
Beacon Wind LLC,developer,8425.0,9,,,,0.667,unmatched
"Bear Creek Solar Center, LLC",developer,10.0,1,,,,0.0,unmatched
Bear Peak Power,developer,200.0,1,,,,0.0,unmatched
Bear Peak Power LLC,developer,200.0,1,,,,0.0,unmatched
"Bear Ridge Solar, LLC",developer,100.0,1,,,,0.0,unmatched
"Beaver Falls, LLC",developer,79.0,1,,,,0.0,unmatched
"Bell Ridge Solar, LLC",developer,74.5,1,,,,0.606,unmatched
Bell Solar 1 LLC,developer,200.8,2,,,,0.621,unmatched
"Belltown Biogas, LLC",developer,2.0,1,,,,0.6,unmatched
Belltown Power,developer,369.0,4,,,,0.526,unmatched
Belltown Power Texas,developer,242.0,3,,,,0.552,unmatched
Ben Milam Solar 1,developer,203.0,1,,,,0.0,unmatched
Ben Milam Solar 2,developer,254.0,1,,,,0.0,unmatched
Ben Milam Solar 3,developer,254.0,1,,,,0.0,unmatched
Ben Milam Solar 4,developer,500.0,1,,,,0.0,unmatched
Bennett Solar B LLC,developer,240.0,1,,,,0.0,unmatched
Bergholtz Creek LLC,developer,161.0,1,,,,0.0,unmatched
"Berkman Storage, LLC",developer,150.9,1,,,,0.462,unmatched
"Bernard Creek Solar, LLC",developer,233.5,1,,,,0.0,unmatched
Bernice Energy Storage LLC,developer,402.8,1,,,,0.0,unmatched
"Berry Farm Storage 1, LLC",developer,120.0,1,,,,0.0,unmatched
"Beryl Solar, LLC",developer,3.0,1,,,,0.0,unmatched
"Bessie Energy Storage, LLC",developer,210.8,1,,,,0.0,unmatched
"Bevan's Point Holdings, LLC",developer,2.0,1,,,,0.0,unmatched
Bexar ESS LLC,developer,102.6,1,,,,0.0,unmatched
"Bhalu Storage, LLC",developer,205.5,1,,,,0.0,unmatched
"Big Elm Solar, LLC",developer,201.0,1,,,,0.519,unmatched
"Big Elm Storage, LLC",developer,100.8,1,,,,0.545,unmatched
"Big Rooter East, LLC",developer,554.9,1,,,,0.462,unmatched
"Big Rooter West, LLC",developer,403.4,1,,,,0.424,unmatched
"Big Sampson Wind Project, LLC",developer,265.4,1,,,,0.476,unmatched
Big Sky Energy,developer,253.0,1,,,,0.56,unmatched
Big Wood Canal Company,developer,9.1,1,,,,0.56,unmatched
Bio-Energy Partners,developer,6.4,1,,,,0.0,unmatched
"Biomass One, LP",developer,30.0,1,,,,0.667,unmatched
"Birch Whistler, LLC",developer,100.0,1,,,,0.522,unmatched
"Birdie Energy Storage, LLC",developer,83.0,1,,,,0.583,unmatched
"Black & Gold Energy Storage, LLC",developer,254.6,1,,,,0.649,unmatched
"Black Canyon, LLC",developer,250.0,1,,,,0.696,unmatched
Black Cherry Wind Power,developer,1000.0,3,,,,0.667,unmatched
"Black Cherry Wind Power, LLC",developer,900.0,3,,,,0.667,unmatched
"Black Hills Colorado Electric, LLC",developer,50.0,1,,,,0.765,unmatched
Black Hills Electric Generation,developer,240.0,2,,,,0.667,unmatched
Black Hills Electric Generation LLC,developer,1008.3,12,,,,0.667,unmatched
Black Hills Generation,developer,100.0,1,,,,0.667,unmatched
Black Hills Power Inc.,developer,240.0,2,,,,0.88,unmatched
"Black Mesa Interconnection, LLC",developer,40.0,1,,,,0.545,unmatched
Black Mountain Energy Storage II,developer,1871.3,9,,,,0.63,unmatched
Black Mountain Energy Storage II LLC,developer,100.8,1,,,,0.63,unmatched
"Black Oak Wind Farm, LLC",developer,12.5,1,,,,0.629,unmatched
"Black Rock Solar, LLC",developer,94.0,1,,,,0.757,unmatched
Black Springs BESS LLC,developer,120.7,1,,,,0.625,unmatched
Blackjack Storage LLC,developer,50.6,1,,,,0.667,unmatched
"Blacks Creek Energy Center, LLC",developer,400.0,1,,,,0.65,unmatched
Blaise Energy,developer,1.1,2,,,,0.833,unmatched
Blanco Canyon Wind Development,developer,300.0,1,,,,0.0,unmatched
"Blanket Ranch North Solar, LLC",developer,280.6,2,,,,0.0,unmatched
"Blanket Ranch South Solar, LLC",developer,168.5,2,,,,0.0,unmatched
Blanquilla BESS LLC,developer,200.8,1,,,,0.0,unmatched
"Blevins Solar, LLC",developer,452.9,2,,,,0.0,unmatched
Blue Circle DG LLC,developer,18.2,1,,,,0.696,unmatched
"Blue Creek BESS, LLC",developer,208.9,1,,,,0.621,unmatched
"Blue Creek Energy Storage, LLC",developer,101.2,1,,,,0.529,unmatched
Blue Cube Operations,developer,520.0,1,,,,0.65,unmatched
"Blue Cut Solar, LLC",developer,150.0,1,,,,0.609,unmatched
"Blue Frost Energy Center, LLC",developer,1400.0,5,,,,0.545,unmatched
"Blue Heron BESS, LLC",developer,201.1,1,,,,0.645,unmatched
"Blue Heron Solar, LLC",developer,800.6,3,,,,0.562,unmatched
"Blue Hill Solar Center, LLC",developer,20.0,1,,,,0.513,unmatched
"Blue Jay Solar I, LLC",developer,261.6,3,,,,0.759,unmatched
Blue Marmot IX LLC,developer,50.0,1,,,,0.609,unmatched
"Blue Mountain Biogas, LLC",developer,3.2,1,,,,0.621,unmatched
"Blue Mountain Power Partners, LLC",developer,175.0,1,,,,0.818,unmatched
"Blue Mountain Solar, LLC",developer,80.0,1,,,,0.643,unmatched
"Blue Sky Interconnect, LLC",developer,2620.0,1,,,,0.541,unmatched
"Blue Sky Interconnect, LLC.",developer,1310.0,1,,,,0.541,unmatched
Blue Sky Solar,developer,65.0,1,,,,0.667,unmatched
Blue Sky Solar LLC,developer,101.2,1,,,,0.667,unmatched
Blue Spruce Storage LLC,developer,545.0,2,,,,0.55,unmatched
Blue Stone Renewable  XX LLC,developer,137.3,1,,,,0.513,unmatched
Blue Stone Renewable III,developer,36.6,1,,,,0.52,unmatched
Blue Stone Renewable XVI,developer,59.2,1,,,,0.5,unmatched
"Blue Stone Solar Energy, LLC",developer,20.0,1,,,,0.581,unmatched
"Blue Topaz 1, LLC",developer,304.0,1,,,,0.583,unmatched
"Blue Valley Solar, LLC",developer,148.0,1,,,,0.667,unmatched
Bluebell Solar,developer,130.0,2,,,,0.609,unmatched
"Bluebird Solar Project, LLC",developer,200.0,1,,,,0.571,unmatched
Bluebonnet trail solar LLC,developer,150.7,1,,,,0.579,unmatched
"Bluegill BESS, LLC",developer,251.0,1,,,,0.615,unmatched
"Bluepoint Grid, LLC",developer,20.0,1,,,,0.609,unmatched
Bluepoint Wind LLC,developer,9241.8,7,,,,0.609,unmatched
"Bluepoint Wind, LLC.",developer,1600.0,1,,,,0.609,unmatched
"Bluestone Wind, LLC",developer,121.8,2,,,,0.609,unmatched
Bluewave Origination LLC,developer,181.4,1,,,,0.622,unmatched
Bluewave Storage Origination LLC,developer,1572.8,13,,,,0.542,unmatched
"Bluewind Energy Center, LLC",developer,102.6,1,,,,0.583,unmatched
Bluff Creek Energy Storage LLC,developer,102.4,1,,,,0.0,unmatched
"Bly Solar Center, LLC",developer,8.5,1,,,,0.0,unmatched
BoCo BESS,developer,155.5,1,,,,0.0,unmatched
"Bobcat BESS, LLC",developer,200.8,1,,,,0.0,unmatched
Bobcat Bluff Wind Project  LLC,developer,263.0,2,,,,0.0,unmatched
"Bobcat Energy Center, LLC",developer,264.2,1,,,,0.0,unmatched
Bocanova Power II LLC,developer,150.5,1,,,,0.0,unmatched
Bocanova Power LLC,developer,150.5,1,,,,0.0,unmatched
Boling Generation,developer,400.0,1,,,,0.0,unmatched
"Bonaparte BESS, LLC",developer,153.7,1,,,,0.0,unmatched
Boralex US Development,developer,280.0,3,,,,0.326,unmatched
Boralex US Development LLC,developer,460.0,3,,,,0.326,unmatched
"Boralex US Development, LLC",developer,57.5,6,,,,0.326,unmatched
"Bordas Renewable Energy, LLC",developer,251.2,2,,,,0.0,unmatched
Bordertown BESS LLC,developer,100.0,1,,,,0.0,unmatched
"Borrego Solar Systems, inc.",developer,90.0,1,,,,0.385,unmatched
"Boswell Wind Project I, LLC",developer,320.0,1,,,,0.0,unmatched
"Bottom Grass Solar Project, LLC",developer,710.8,2,,,,0.0,unmatched
"Box Canyon Energy Storage Project, LLC",developer,306.3,1,,,,0.0,unmatched
"Boxcar Energy Storage, LLC",developer,159.2,1,,,,0.0,unmatched
Bracero Pecan Storage LLC,developer,232.0,1,,,,0.0,unmatched
Brackens BESS,developer,103.6,1,,,,0.0,unmatched
Brackens Solar,developer,177.2,1,,,,0.0,unmatched
Brady Wind,developer,150.0,1,,,,0.667,unmatched
Braen Energy LLC,developer,1500.0,3,,,,0.0,unmatched
"Braes Bayou Generating, LLC",developer,484.0,1,,,,0.409,unmatched
Bramble Energy Center LLC,developer,225.1,1,,,,0.0,unmatched
"Branscomb Solar, LLC",developer,20.0,1,,,,0.552,unmatched
Brantley Branch LLC,developer,302.4,1,,,,0.414,unmatched
Bravo BESS LLC,developer,207.4,1,,,,0.545,unmatched
"Brazoria County Solar Project, LLC",developer,203.2,1,,,,0.0,unmatched
"Brazoria Solar II, LLC",developer,251.6,2,,,,0.467,unmatched
"Brazoria Solar, LLC",developer,251.0,1,,,,0.519,unmatched
"Brazoria West Solar Project, LLC",developer,261.4,2,,,,0.0,unmatched
"Brazoria Winmill BESS, LLC",developer,9.9,1,,,,0.471,unmatched
Brazos Bend BESS LLC,developer,101.6,1,,,,0.476,unmatched
Brazos Elec Coop,developer,800.0,1,,,,0.476,unmatched
Brazos Electric Cooperative,developer,840.0,2,,,,0.387,unmatched
Brazos Electric Power Coop,developer,1120.0,2,,,,0.5,unmatched
"Brazos Energy Storage, LLC",developer,200.6,1,,,,0.526,unmatched
Brazos River BESS LLC,developer,180.4,1,,,,0.455,unmatched
"Brazos Roots BESS, LLC",developer,256.3,1,,,,0.533,unmatched
"Brazos Wind Ventures, LLC",developer,50.0,1,,,,0.364,unmatched
Brela BESS LLC,developer,251.3,1,,,,0.0,unmatched
BremRaek BESS,developer,200.6,1,,,,0.0,unmatched
"Brewster Solar, LLC",developer,25.0,1,,,,0.0,unmatched
"Briar Creek Solar 1, LLC",developer,127.2,1,,,,0.35,unmatched
Bridgelink Cave Springs LLC,developer,324.0,1,,,,0.634,unmatched
"Bridger Butte Power, LLC",developer,197.7,2,,,,0.6,unmatched
"Briggs Solar, LLC",developer,380.0,2,,,,0.467,unmatched
Brigham Young University - Idaho,developer,5.6,1,,,,0.471,unmatched
"Brightside Solar, LLC",developer,100.0,2,,,,0.629,unmatched
"Bronson Solar, LLC",developer,74.5,1,,,,0.0,unmatched
Bronx Shores Energy Storage,developer,300.0,1,,,,0.0,unmatched
Brookfield Power US Asset Management LLC,developer,20.0,1,BAM,0001937926,Brookfield Asset Management Ltd.,1.0,matched
Brookfield Renewable Power,developer,3.0,1,BEPC,0001791863,Brookfield Renewable Corp,1.0,matched
"Brookside Solar, LLC",developer,100.0,1,,,,0.643,unmatched
Brookview Reliability Project LLC,developer,203.2,1,,,,0.571,unmatched
"Broome Energy Resources, LLC",developer,1.6,1,,,,0.526,unmatched
"Brotman Generating, LLC",developer,199.0,1,,,,0.0,unmatched
"Brown ESS, LLC",developer,185.6,1,,,,0.6,unmatched
"Brownfield Group, LLC",developer,20.0,1,,,,0.545,unmatched
"Bruce Hill Wind, LLC",developer,18.0,1,,,,0.0,unmatched
Brush Solar LLC,developer,254.9,1,,,,0.0,unmatched
"Brush Solar, LLC",developer,254.9,1,,,,0.0,unmatched
"Brush Storage, LLC",developer,406.9,2,,,,0.0,unmatched
Brushy Creek Solar LLC,developer,202.2,2,,,,0.0,unmatched
"Brusselville Solar, LLC",developer,170.0,1,,,,0.0,unmatched
Bryan Texas Utilities,developer,48.0,1,,,,0.0,unmatched
"Buck Ranch Solar, LLC",developer,45.0,1,,,,0.455,unmatched
Buckeye Midway Solar,developer,73.4,1,,,,0.0,unmatched
Buckeye Nueces Bay Solar LLC,developer,159.9,1,,,,0.0,unmatched
"Buckhorn Solar, LLC",developer,3.0,1,,,,0.5,unmatched
Bucks Bayou LLC,developer,150.0,1,,,,0.471,unmatched
"Budbreak Solar, LLC",developer,200.0,2,,,,0.0,unmatched
"Budbreak Storage, LLC",developer,200.0,2,,,,0.0,unmatched
"Buffalo Gap Wind Farm 2, LLC",developer,231.8,1,,,,0.0,unmatched
"Buffalo Gap Wind Farm 3, LLC",developer,168.6,1,,,,0.0,unmatched
"Buffalo Meadow Energy Center, LLC",developer,564.8,2,,,,0.0,unmatched
Buffalo Spring Solar LLC,developer,221.2,1,,,,0.0,unmatched
"Bug Tussle Wind, LLC",developer,396.8,1,,,,0.0,unmatched
Bull Run Energy LLC,developer,449.0,1,,,,0.533,unmatched
Bull Run Solar LLC,developer,100.0,1,,,,0.48,unmatched
Bulldog Power LLC,developer,300.8,1,,,,0.667,unmatched
BumbleBee Solar Farm LLC,developer,211.6,1,,,,0.0,unmatched
"Burgundy BESS, LLC",developer,102.5,1,,,,0.0,unmatched
"Burkburnett Solar, LLC",developer,251.7,1,,,,0.45,unmatched
Burksol LLC,developer,103.3,1,,,,0.0,unmatched
Burnet County LLC,developer,104.0,1,,,,0.364,unmatched
Burrstone Energy,developer,2.2,1,,,,0.0,unmatched
"Butcherbird Solar, LLC",developer,116.0,1,,,,0.0,unmatched
Buttercup Wind LLC,developer,49.9,1,,,,0.516,unmatched
Butterfield Energy Storage LLC,developer,207.6,1,,,,0.611,unmatched
Buzzi Unicem USA,developer,18.0,1,,,,0.5,unmatched
"Bynum Solar Project, LLC",developer,56.3,1,,,,0.0,unmatched
Bypass BESS II LLC,developer,416.0,1,,,,0.0,unmatched
Bypass BESS LLC,developer,207.9,1,,,,0.0,unmatched
Byrd Ranch Storage LLC,developer,50.6,1,,,,0.0,unmatched
"C P Ironwood, LLC",developer,74.9,1,,,,0.0,unmatched
"C-Drop Hydro, LLC",developer,1.1,1,,,,0.0,unmatched
C05,developer,20.0,1,,,,0.0,unmatched
C06,developer,20.0,1,,,,0.0,unmatched
CAFCo Idaho Refuse Management LLC,developer,5.0,1,,,,0.0,unmatched
CBB PARK LLC,developer,50.0,1,,,,0.0,unmatched
"CBG Portland, LLC",developer,645.0,2,,,,0.0,unmatched
CDG Owego 2,developer,19.6,1,,,,0.0,unmatched
"CED Crane Solar 2, LLC",developer,232.1,2,,,,0.0,unmatched
"CED Crane Solar, LLC",developer,152.5,1,,,,0.0,unmatched
CED Development Inc,developer,100.0,1,,,,0.0,unmatched
CED Development Inc.,developer,1775.0,12,,,,0.0,unmatched
CEDAR HOLDCO LLC,developer,1600.0,5,,,,0.583,unmatched
CEDRO HILL WIND LLC,developer,9.9,1,,,,0.0,unmatched
"CENTURY GAS PROCESSING, LLC",developer,546.3,4,,,,0.649,unmatched
CG Grimes County LLC,developer,153.4,1,,,,0.0,unmatched
CG Leon County II LLC,developer,451.4,1,,,,0.0,unmatched
CG WHARTON COUNTY LLC,developer,80.0,1,,,,0.0,unmatched
CG Wharton County LLC,developer,76.0,1,,,,0.0,unmatched
CG Yakima County Solar I LLC,developer,150.0,1,,,,0.0,unmatched
"CGRP 04, LLC",developer,256.2,1,,,,0.0,unmatched
CH Solterra LLC,developer,143.0,1,,,,0.0,unmatched
"CHILDRESS COUNTY WIND 1, LLC",developer,120.0,1,,,,0.526,unmatched
CIP,developer,402.9,2,,,,0.0,unmatched
"CP Ironwood, LLC",developer,149.8,2,,,,0.0,unmatched
"CP Prineville, LLC",developer,3.0,1,,,,0.0,unmatched
CPS Energy,developer,225.7,5,,,,0.0,unmatched
CPV,developer,925.0,1,,,,0.0,unmatched
"CPV Basin Ranch, LLC",developer,1350.0,1,,,,0.0,unmatched
CPV Renewable Energy LLC,developer,550.0,2,,,,0.0,unmatched
"CPV Valley, LLC",developer,1510.6,2,,,,0.0,unmatched
"CR Fuel Cell, LLC",developer,13.9,1,,,,0.0,unmatched
"CRC Development, LLC",developer,36.0,1,,,,0.0,unmatched
"CRC Renewables, LLC",developer,47.0,1,,,,0.0,unmatched
"CS Grass River Solar, LLC",developer,80.0,1,,,,0.0,unmatched
"CSE STORAGE, LLC",developer,306.5,2,,,,0.0,unmatched
"CSE Storage, LLC",developer,510.7,3,,,,0.0,unmatched
"CVE North America, Inc.",developer,19.8,1,,,,0.0,unmatched
"Cado Storage, LLC",developer,205.5,1,,,,0.0,unmatched
"Cairos Solar, LLC",developer,414.5,3,,,,0.0,unmatched
"Caithness Energy, LLC",developer,750.0,1,,,,0.0,unmatched
Caithness LI Energy Storage LLC,developer,70.0,1,,,,0.0,unmatched
"Caithness LI Energy Storage, LLC",developer,100.0,3,,,,0.0,unmatched
"Caithness Long Island II, LLC",developer,632.0,1,,,,0.0,unmatched
"Caithness Long Island, LLC",developer,310.0,1,,,,0.0,unmatched
"Caladium Storage, LLC",developer,202.0,1,,,,0.0,unmatched
Caledonia Solar LLC,developer,20.0,1,,,,0.645,unmatched
Callisto I energy center LLC,developer,206.4,1,,,,0.37,unmatched
Callisto II Energy Center LLC,developer,406.1,1,,,,0.357,unmatched
Calpine,developer,1867.5,9,,,,0.0,unmatched
Calpine Eastern Corporation,developer,2314.8,6,,,,0.0,unmatched
Calpine Energy Services,developer,300.0,1,,,,0.0,unmatched
"Calpine Mid Atlantic Development, LLC",developer,94.0,3,,,,0.0,unmatched
"Calpine Mid-Atlantic Development, LLC",developer,68.0,2,,,,0.0,unmatched
Calverton Solar LLC,developer,10.0,1,,,,0.0,unmatched
Camellia Storage Project LLC,developer,90.8,1,,,,0.0,unmatched
Cameron A. Curtiss,developer,2.0,1,,,,0.435,unmatched
"Cameron Wind 1, LLC",developer,18.0,1,,,,0.5,unmatched
Camino Ranch Solar LLC,developer,238.4,1,,,,0.0,unmatched
Camino Ranch Solar Project LLC,developer,533.6,2,,,,0.0,unmatched
"Camino Solar Project, LLC",developer,196.3,1,,,,0.0,unmatched
"Camino Solar Ranch, LLC",developer,298.1,1,,,,0.0,unmatched
Campbell Cty Wind,developer,99.0,1,,,,0.667,unmatched
Canal Southampton Battery Storage,developer,100.0,1,,,,0.407,unmatched
"Canastota Wind Power, LLC",developer,30.0,1,,,,0.6,unmatched
"Cane Flats Solar Project, LLC",developer,168.1,2,,,,0.0,unmatched
Canisteo Wind Energy LLC,developer,289.8,1,,,,0.0,unmatched
"Cannibal Draw Solar, LLC",developer,248.1,2,,,,0.438,unmatched
"Cannon Solar, LLC",developer,80.0,1,,,,0.556,unmatched
"Canyon Wind Energy, LLC",developer,308.8,1,,,,0.0,unmatched
"Canyonland Energy Storage, LLC",developer,101.2,1,,,,0.0,unmatched
"Cap Rock Power, LLC",developer,150.0,1,,,,0.0,unmatched
Cape Rich BESS,developer,150.5,1,,,,0.0,unmatched
"Cape Vincent Wind Power, LLC",developer,285.2,2,,,,0.0,unmatched
Capital Dynamics,developer,450.0,2,,,,0.667,unmatched
Capital Power Solar Holdings LLC,developer,20.0,1,,,,0.833,unmatched
Capital Region Energy Storage LLC,developer,1400.0,3,,,,0.605,unmatched
Cargill Environmental Finance,developer,1.7,1,,,,0.0,unmatched
"Cartwheel BESS, LLC",developer,154.2,1,,,,0.581,unmatched
"Cascade Solar Energy, LLC",developer,175.0,1,,,,0.0,unmatched
Casella Waste Systems,developer,13.6,3,CWST,0000911177,CASELLA WASTE SYSTEMS INC,1.0,matched
"Cassadaga Wind, LLC",developer,126.5,1,,,,0.467,unmatched
"Castle Corral BESS, LLC",developer,201.1,1,,,,0.556,unmatched
Castle Gap Wind Power,developer,196.0,1,,,,0.545,unmatched
"Castle Solar, LLC",developer,40.0,1,,,,0.571,unmatched
"Castle Storage, LLC",developer,409.6,1,,,,0.562,unmatched
Castleman Power,developer,1211.0,9,,,,0.667,unmatched
"Castro Solar One, LLC",developer,222.9,1,,,,0.581,unmatched
"Cat Creek Energy, LLC",developer,990.0,2,,,,0.0,unmatched
"Cat Red Top Solar, LLC",developer,200.6,1,,,,0.0,unmatched
"Catlin Creek Energy Storage 1, LLC",developer,70.0,1,,,,0.0,unmatched
"Catskill Grid, LLC",developer,100.0,1,,,,0.0,unmatched
Cattlemen BESS LLC,developer,181.9,1,,,,0.0,unmatched
Cattlemen Solar Park II LLC,developer,150.6,1,,,,0.0,unmatched
Cavallo Power,developer,2115.0,2,,,,0.727,unmatched
"Cayuga Grid, LLC",developer,100.0,1,,,,0.0,unmatched
"Cayuga Lake Solar, LLC",developer,60.0,1,,,,0.0,unmatched
Cayuga Operating Co.,developer,20.0,1,,,,0.0,unmatched
Cayuga Solar LLC,developer,59.4,3,,,,0.0,unmatched
"Cebocell, LLC",developer,200.9,1,,,,0.0,unmatched
Cedar Bayou Cogeneration Company,developer,61.0,1,,,,0.444,unmatched
"Cedar Creek Wind, LLC",developer,151.8,1,,,,0.571,unmatched
Cedar Draw Solar LLC,developer,677.1,2,,,,0.643,unmatched
"Cedar Solar Energy, LLC",developer,14.0,1,,,,0.609,unmatched
Cedar Springs Transmission LLC,developer,870.0,2,,,,0.0,unmatched
"Cedar Valley Solar, LLC",developer,3.0,1,,,,0.6,unmatched
Centennial AD 8 LLC,developer,61.4,1,,,,0.606,unmatched
Centerfield,developer,75.0,1,,,,0.667,unmatched
Central Oregon Irrigation District,developer,5.0,1,,,,0.492,unmatched
Central Westchester Power LLC,developer,400.0,1,,,,0.565,unmatched
"Century Oak Wind Project, LLC",developer,153.0,1,,,,0.615,unmatched
"Ceres BESS, LLC",developer,202.7,1,,,,0.588,unmatched
Chamisa,developer,270.0,1,,,,0.571,unmatched
"Champagne Storage, LLC",developer,20.0,1,,,,0.524,unmatched
"Champaign BESS, LLC",developer,201.1,1,,,,0.714,unmatched
"Champion Creek Solar, LLC",developer,502.2,1,,,,0.647,unmatched
"Champion Creek Storage, LLC",developer,207.0,1,,,,0.611,unmatched
"Champs Elysees Renewables, LLC",developer,256.1,1,,,,0.419,unmatched
"Charboneau Solar, LLC",developer,20.0,1,,,,0.56,unmatched
Chariot Storage LLC,developer,50.0,1,,,,0.6,unmatched
Charro Creek Solar LLC,developer,609.0,3,,,,0.519,unmatched
"Charter Oak Solar, LLC",developer,270.0,1,,,,0.571,unmatched
"Charter Oak Storage, LLC",developer,192.0,1,,,,0.578,unmatched
Chase Power Development,developer,1320.0,2,,,,0.5,unmatched
"Chateaugay River Wind Farm, LLC",developer,120.0,1,,,,0.39,unmatched
"Chateauguay River, LLC",developer,150.0,1,,,,0.438,unmatched
Chautauqua County,developer,9.6,2,,,,0.0,unmatched
"Chautauqua Windpower, LLC",developer,50.0,1,,,,0.0,unmatched
"Chelsea Road Energy Storage 1, LLC",developer,30.4,1,,,,0.0,unmatched
Chermac,developer,201.0,1,,,,0.0,unmatched
Chermac Energy Corp,developer,609.0,1,,,,0.0,unmatched
Chermac Energy Corporation,developer,521.0,3,,,,0.0,unmatched
"Cherry Valley Energy Center, L.L.C.",developer,125.0,1,,,,0.491,unmatched
"Cherry Valley Energy Center, LLC",developer,125.0,1,,,,0.55,unmatched
Chevron Global Generation,developer,16.5,1,,,,0.0,unmatched
Cheyenne Light Fuel & Power,developer,259.0,3,,,,0.0,unmatched
"Cheyenne Light, Fuel & Power",developer,614.0,5,,,,0.0,unmatched
Chillingham Solar LLC,developer,352.4,1,,,,0.5,unmatched
Chillingham Storage LLC,developer,153.9,1,,,,0.471,unmatched
Chiloquin Solar LLC,developer,9.9,1,,,,0.552,unmatched
"Chiltepin Solar-Storage, LLC",developer,300.0,2,,,,0.541,unmatched
"Chisholm Grid, LLC",developer,101.7,1,,,,0.0,unmatched
"Choate Solar, LLC",developer,150.0,1,,,,0.0,unmatched
"Chopin Wind, LLC",developer,18.0,1,,,,0.0,unmatched
Cielo,developer,400.0,2,,,,0.0,unmatched
Cielo Wind Power,developer,160.0,2,,,,0.0,unmatched
Cielo Wind Services,developer,239.0,2,,,,0.0,unmatched
Citadel BESS LLC,developer,209.3,1,,,,0.0,unmatched
Citizens Enterprises,developer,303.0,3,,,,0.703,unmatched
"Citrus Flatts Energy Center, LLC",developer,100.8,1,,,,0.414,unmatched
City Breeze BESS LLC,developer,140.6,1,,,,0.485,unmatched
City Public Service of San Antonio,developer,750.0,1,,,,0.0,unmatched
"City of Laurens, IA",developer,7.0,1,,,,0.457,unmatched
"City of Manning, IA",developer,6.0,1,,,,0.4,unmatched
City of Nampa_x0014_Wastewater Division,developer,4.8,1,,,,0.0,unmatched
Clapton BESS,developer,208.9,1,,,,0.0,unmatched
Clapton Solar,developer,178.9,1,,,,0.0,unmatched
"Clean Energy Generation, LLC",developer,350.0,3,,,,0.643,unmatched
"Clean Energy Holdings, LLC",developer,576.3,1,ACRG,0000773717,"American Clean Resources Group, Inc.",1.0,matched
"Clear Fork BESS, LLC",developer,245.8,1,,,,0.615,unmatched
Clear Fork Creek Solar LLC,developer,760.0,2,,,,0.529,unmatched
Clear View LLC,developer,20.0,1,,,,0.7,unmatched
ClearCell Power,developer,20.1,1,,,,0.737,unmatched
Clearway Energy,developer,330.6,2,CWEN,0001567683,"Clearway Energy, Inc.",1.0,matched
Clenera,developer,301.1,1,,,,0.833,unmatched
Clip Road Solar LLC,developer,204.1,1,,,,0.552,unmatched
Clipper Wind Power Development,developer,79.9,1,,,,0.579,unmatched
Clipper Windpower,developer,1260.0,5,,,,0.581,unmatched
Clipper Windpower Dev. Co. Inc.,developer,250.0,2,,,,0.514,unmatched
"Clipper Windpower Development Company, Inc",developer,1080.0,3,,,,0.0,unmatched
"Clipper Windpower Development Company, Inc.",developer,430.0,1,,,,0.0,unmatched
"Clover Creek Solar, LLC",developer,80.0,1,,,,0.465,unmatched
"Clover Leaf Power, LLC",developer,192.8,1,,,,0.0,unmatched
"Coati Solar, LLC",developer,442.0,2,,,,0.0,unmatched
"Cobble Hill BESS, LLC",developer,150.0,1,,,,0.0,unmatched
Cobisa,developer,2023.0,1,,,,0.0,unmatched
Cobra Clean Energy Center LLC,developer,100.4,1,,,,0.0,unmatched
"Coke ESS, LLC",developer,220.3,1,,,,0.0,unmatched
Cold Creek Solar LLC,developer,1247.0,4,,,,0.0,unmatched
"Colorado Bend I Power, LLC",developer,78.0,1,,,,0.5,unmatched
Columbia Electric Corp.,developer,1100.0,1,,,,0.593,unmatched
"Columbia Energy Partners, LLC",developer,2.0,1,,,,0.593,unmatched
"Commanche Solar, LLC",developer,101.5,1,,,,0.593,unmatched
"Community Offshore Wind, LLC",developer,13154.5,16,,,,0.615,unmatched
"Compadre Solar, LLC",developer,150.6,1,,,,0.64,unmatched
Con Edison,developer,700.0,1,,,,0.0,unmatched
ConEd Development,developer,398.5,4,,,,0.424,unmatched
"Concho Bluff, LLC",developer,310.0,2,,,,0.519,unmatched
Concho County Solar 1 LLC,developer,351.3,1,,,,0.486,unmatched
"Concho Pearl Solar, LLC",developer,334.3,2,,,,0.545,unmatched
Concord Wind Power LLC,developer,101.2,1,,,,0.7,unmatched
Concurrent Holdco LLC,developer,270.0,2,,,,0.545,unmatched
"Concurrent Holdco. , LLC.",developer,9.9,1,,,,0.545,unmatched
Coneflower Storage Project LLC,developer,178.9,1,,,,0.429,unmatched
"Conjunction, LLC",developer,2000.0,1,,,,0.0,unmatched
ConnectGEN Chautauqua County LLC,developer,20.0,1,,,,0.533,unmatched
ConnectGen Cayuga County LLC,developer,550.0,4,,,,0.524,unmatched
ConnectGen Chautauqua County LLC,developer,270.0,1,,,,0.533,unmatched
ConnectGen Erie-Wyoming LLC,developer,175.0,1,,,,0.537,unmatched
ConnectGen Madison County LLC,developer,20.0,1,,,,0.558,unmatched
ConnectGen Montgomery County LLC,developer,450.0,3,,,,0.565,unmatched
ConnectGen Operating LLC,developer,437.6,2,,,,0.649,unmatched
ConocoPhillips,developer,700.0,1,COP,0001163165,CONOCOPHILLIPS,1.0,matched
Consolidated Edison,developer,11.6,1,ED,0001047862,CONSOLIDATED EDISON INC,1.0,matched
Consolidated Edison Co. of NY,developer,4.0,2,,,,0.864,unmatched
"Consolidated Edison Co. of NY, Inc.",developer,1.5,1,,,,0.864,unmatched
"Consolidated Edison Company of NY, Inc.",developer,15.0,1,,,,0.864,unmatched
Consolidated Edison of NY,developer,288.0,1,,,,0.864,unmatched
Constellation,developer,95.0,1,CEG,0001868275,Constellation Energy Corp,1.0,matched
"Conti Enterprises, Inc.",developer,60.0,3,,,,0.615,unmatched
Coopers Corner Storage Project 1 LLC,developer,250.0,1,,,,0.0,unmatched
Coopers Corner Storage Project 2 LLC,developer,250.0,1,,,,0.0,unmatched
"Copano Bay Energy Storage, LLC",developer,201.0,1,,,,0.538,unmatched
"Copenhagen Wind Farm, LLC",developer,79.9,1,,,,0.0,unmatched
"Copperhead Solar, LLC",developer,250.6,2,,,,0.615,unmatched
"Copperleaf Energy Storage, LLC",developer,167.2,1,,,,0.571,unmatched
"Corazon Energy, LLC",developer,200.0,1,,,,0.0,unmatched
"Corbin Grid, LLC",developer,202.8,1,,,,0.303,unmatched
Core Solar,developer,278.5,2,,,,0.762,unmatched
"Core Solar SPV I, LLC",developer,200.0,1,,,,0.609,unmatched
Cornell University,developer,30.0,1,,,,0.5,unmatched
Coronado Ventures,developer,1515.0,2,,,,0.562,unmatched
"Corpus Battery Storage, LLC",developer,125.4,1,,,,0.304,unmatched
"Cortland Energy Center, LLC",developer,50.0,1,,,,0.455,unmatched
"Corvus Solar, LLC",developer,200.9,1,,,,0.556,unmatched
Cottonseed Energy Storage LLC,developer,207.6,1,,,,0.0,unmatched
"Cottonwood Bayou II Storage, LLC",developer,201.1,1,,,,0.0,unmatched
"Cottonwood Bayou Solar II, LLC",developer,1019.8,2,,,,0.0,unmatched
"Cottonwood Bayou Solar, LLC",developer,551.4,2,,,,0.0,unmatched
"Cottonwood Bayou Storage, LLC",developer,153.0,1,,,,0.0,unmatched
Cottonwood Energy Company LP,developer,1160.0,1,,,,0.0,unmatched
Cottonwood Hydro,developer,1.0,1,,,,0.0,unmatched
Covanta Energy,developer,39.0,1,,,,0.0,unmatched
"Cove Mountain Solar 2, LLC",developer,122.0,1,,,,0.41,unmatched
"Cove Mountain Solar, LLC",developer,58.0,1,,,,0.432,unmatched
Coyote Crossing LLC,developer,205.6,1,,,,0.0,unmatched
"Coyote Den Energy Center, LLC",developer,156.6,1,,,,0.0,unmatched
Coyote Wind,developer,242.6,1,,,,0.0,unmatched
Cradle Solar LLC,developer,200.8,1,,,,0.0,unmatched
Crandall BESS LLC,developer,104.0,1,,,,0.556,unmatched
Crandall Solar LLC,developer,201.0,2,,,,0.435,unmatched
"Crane 2 BESS, LLC",developer,150.0,1,,,,0.588,unmatched
"Crane BESS, LLC",developer,51.1,2,,,,0.667,unmatched
Crane Brook Solar Project,developer,149.9,2,,,,0.385,unmatched
"Crescent Solar, LLC",developer,100.5,1,,,,0.75,unmatched
"Cricket Valley Energy Center, LLC",developer,2268.0,2,,,,0.0,unmatched
Crimson Orchard Solar LLC,developer,100.0,1,,,,0.485,unmatched
Crocker Wind,developer,200.0,1,,,,0.471,unmatched
"Cross Trails Energy Storage Project, LLC",developer,76.3,2,,,,0.531,unmatched
Crossbuck Energy Storage LLC,developer,100.0,1,,,,0.483,unmatched
Crossett Power Management LLC,developer,203.0,1,,,,0.516,unmatched
Crown Point Solar LLC,developer,40.0,2,,,,0.552,unmatched
"Crystal Springs Hydroelectric, L.P.",developer,2.5,1,,,,0.0,unmatched
Cumbia Energy Center LLC,developer,200.0,1,,,,0.414,unmatched
"Cumulus Grid, LLC",developer,210.7,1,,,,0.72,unmatched
Cutlass Solar II LLC,developer,202.8,1,,,,0.0,unmatched
Cutlass Solar LLC,developer,101.8,1,,,,0.0,unmatched
Cypress Creek Renewables,developer,2487.9,21,,,,0.0,unmatched
"Cypress Creek Renewables, LLC",developer,110.0,1,,,,0.0,unmatched
"Cypress Energy Center, LLC",developer,200.8,1,,,,0.0,unmatched
"DBR Solar, LLC",developer,340.7,2,,,,0.0,unmatched
DEGS Wind I,developer,50.0,1,,,,0.0,unmatched
"DEGS Wind I, LLC",developer,100.8,1,,,,0.0,unmatched
"DERIVA ENERGY STORAGE, LLC",developer,75.0,1,,,,0.0,unmatched
DESC - Generation,developer,1155.7,6,,,,0.417,unmatched
DESERT SKY WIND FARM LLC,developer,7.2,1,,,,0.0,unmatched
DESRI Rockmont Development,developer,100.0,1,,,,0.0,unmatched
"DESRI Tidewater Development, L.L.C.",developer,250.0,1,,,,0.0,unmatched
DGSP2 LLC,developer,9.9,1,,,,0.0,unmatched
"DHI POWER, LLC",developer,201.6,1,DHX,0001393883,"DHI GROUP, INC.",1.0,matched
"DHI Power, LLC",developer,201.5,1,DHX,0001393883,"DHI GROUP, INC.",1.0,matched
DKR Wind Holdings LLC,developer,300.0,1,,,,0.0,unmatched
"DKRW Wind, LLC",developer,210.0,2,,,,0.0,unmatched
"DM-BCB, LLC",developer,153.8,1,,,,0.0,unmatched
"DM-BCRCML, LLC",developer,205.0,1,,,,0.0,unmatched
"DM-BCTRM, LLC",developer,256.4,1,,,,0.0,unmatched
"DM-CCY, LLC",developer,307.5,1,,,,0.0,unmatched
"DM-KCM, LLC",developer,77.0,1,,,,0.0,unmatched
"DM-TCP, LLC",developer,205.0,1,,,,0.0,unmatched
"DM-WCM, LLC",developer,153.8,1,,,,0.0,unmatched
"DOS RIOS SOLAR, LLC",developer,164.5,1,,,,0.0,unmatched
DOVER PLAINS ENERGY PROPERTIES LLC,developer,1000.0,1,,,,0.0,unmatched
"DUTC bn, LLC",developer,300.0,1,,,,0.706,unmatched
"Dairy Hills Wind Farm, LLC",developer,120.0,1,,,,0.0,unmatched
Dan Kearney BESS LLC,developer,200.8,1,,,,0.0,unmatched
"Danish Fields Solar, LLC",developer,1004.8,3,,,,0.0,unmatched
"Danish Fields Storage, LLC",developer,152.4,1,,,,0.0,unmatched
Danskammer Energy LLC,developer,88.9,1,,,,0.0,unmatched
"Darby Solar, LLC",developer,20.0,1,,,,0.0,unmatched
Day County Wind II,developer,99.0,1,,,,0.0,unmatched
"Day County Wind, LLC",developer,100.0,1,,,,0.0,unmatched
"Daybreak Solar, LLC",developer,25.0,1,,,,0.0,unmatched
Decker Energy International,developer,50.0,1,,,,0.571,unmatched
"Declaration Energy Center, LLC",developer,850.0,2,,,,0.0,unmatched
"Deer River Wind, LLC",developer,200.0,2,,,,0.5,unmatched
Deerpark Energy Storage,developer,50.0,1,,,,0.476,unmatched
"Deerpark Energy Storage, LLC",developer,50.0,1,,,,0.476,unmatched
Delaware County Electric,developer,1.0,1,,,,0.0,unmatched
"Delaware Ranch Solar, LLC",developer,36.0,1,,,,0.0,unmatched
Delaware River Solar,developer,159.5,8,,,,0.0,unmatched
Delilah Solar Energy II LLC,developer,317.6,1,,,,0.364,unmatched
Delilah Solar Energy LLC,developer,300.0,1,,,,0.421,unmatched
"Demeter Solar, LLC",developer,291.0,3,,,,0.0,unmatched
Deming Solar Project LLC,developer,9.0,1,,,,0.0,unmatched
Denton Municipal Electric,developer,337.8,2,,,,0.452,unmatched
Deschutes Valley Water District,developer,4.3,1,,,,0.0,unmatched
Desert Palm BESS LLC,developer,201.3,1,,,,0.0,unmatched
"Desert Power, L.P.",developer,80.0,1,,,,0.0,unmatched
Desert Vine Solar LLC,developer,121.3,1,,,,0.0,unmatched
"Desert Willow Energy Storage, LLC",developer,154.4,1,,,,0.0,unmatched
"Destiny Storage, LLC",developer,205.6,1,,,,0.667,unmatched
Deville Solar LLC,developer,425.0,1,,,,0.0,unmatched
Dewdrop Wind LLC,developer,62.0,1,,,,0.0,unmatched
"Dexter Solar, LLC",developer,19.8,1,,,,0.0,unmatched
Dflex Power,developer,18.6,1,,,,0.0,unmatched
"Diablo Campo Energy Center, LLC",developer,313.5,1,,,,0.0,unmatched
Dialville BESS,developer,100.3,1,,,,0.0,unmatched
"Diamond B Storage, LLC",developer,103.5,1,,,,0.643,unmatched
Diamond Generating Corporation,developer,800.0,3,,,,0.552,unmatched
Diamond Solar Energy LLC,developer,198.8,1,,,,0.667,unmatched
Diamondback BESS,developer,203.8,1,,,,0.815,unmatched
"Diamondback Energy Storage, LLC",developer,341.8,1,,,,0.733,unmatched
Dimension NY 1 LLC,developer,128.3,9,,,,0.0,unmatched
"Dinosolar, LLC",developer,240.0,4,,,,0.571,unmatched
"Dionysus Solar, LLC",developer,230.5,2,,,,0.0,unmatched
"Dios BESS, LLC",developer,201.1,1,,,,0.0,unmatched
Direct Energy,developer,50.0,1,,,,0.6,unmatched
Distributed Generation Solutions LLC,developer,9.9,1,,,,0.815,unmatched
Ditch Creek Solar LLC,developer,199.5,1,,,,0.0,unmatched
Diver Solar,developer,225.6,1,,,,0.545,unmatched
Diversion Wind Development LLC,developer,300.0,1,,,,0.5,unmatched
Dix Hills Storage LLC,developer,100.0,1,,,,0.0,unmatched
"Dix Hills Storage, LLC",developer,100.0,1,,,,0.0,unmatched
"Dogfish ESS Assets, LLC",developer,78.2,1,,,,0.0,unmatched
Dogwood Creek Solar LLC,developer,863.3,2,,,,0.513,unmatched
"Dolan Solar, LLC",developer,20.0,1,,,,0.0,unmatched
"Dolce BESS, LLC",developer,100.7,1,,,,0.0,unmatched
"Dominguez Grid, LLC",developer,399.0,2,,,,0.636,unmatched
Domtar,developer,51.0,1,,,,0.0,unmatched
Donegalsol,developer,203.5,1,,,,0.824,unmatched
Donna Solar LLC,developer,223.1,2,,,,0.0,unmatched
"Dorena Lake, LLC",developer,6.8,1,,,,0.0,unmatched
"Double A Solar, LLC",developer,132.6,1,,,,0.538,unmatched
"Double A Storage, LLC",developer,132.4,1,,,,0.579,unmatched
"Double Lock Solar, LLC",developer,20.0,1,,,,0.483,unmatched
Double Mountain Fork LLC,developer,125.5,1,,,,0.524,unmatched
Double R Solar Farm,developer,280.0,1,,,,0.516,unmatched
Douglas County Forest Products,developer,6.2,1,,,,0.0,unmatched
"Dove Creek Solar, LLC",developer,326.1,2,,,,0.476,unmatched
Dove Energy Storage,developer,79.9,1,,,,0.588,unmatched
"Dove Run Solar Project, LLC",developer,368.6,3,,,,0.0,unmatched
"Dry Lots Wind, LLC",developer,33.0,1,,,,0.0,unmatched
"Dryden Solar, LLC",developer,5.0,1,,,,0.783,unmatched
"Duck Creek Solar, LLC",developer,602.1,1,,,,0.0,unmatched
"Duck Creek Storage, LLC",developer,409.5,1,,,,0.0,unmatched
"Duer's Patent Project, LLC",developer,19.5,1,,,,0.0,unmatched
Duffy Energy Storage LLC,developer,235.9,1,,,,0.0,unmatched
Dugway Proving Ground,developer,2.0,1,,,,0.0,unmatched
Duke Energy,developer,1012.5,6,DUK,0001326160,Duke Energy CORP,1.0,matched
"Duke Energy Florida, LLC",developer,28470.0,145,,,,0.56,unmatched
Duke Energy Generation Services,developer,1296.0,6,,,,0.571,unmatched
"Duke Energy One, Inc.",developer,19.5,1,,,,0.667,unmatched
Duke Energy Progress - Cumberland South - 500 kV,developer,1235.0,1,,,,0.0,unmatched
Duke Energy Progress LLC,developer,609.0,17,,,,0.615,unmatched
"Duke Energy Progress, LLC",developer,21840.5,62,,,,0.615,unmatched
"Duke Energy Progress, LLC - HF Lee Energy - Storage",developer,260.0,1,,,,0.0,unmatched
"Duke Energy Progress, LLC.",developer,109.0,2,,,,0.615,unmatched
Duke Energy Renewables Solar LLC,developer,300.0,3,,,,0.471,unmatched
"Duke Energy Renewables Solar, LLC",developer,141.2,4,,,,0.471,unmatched
"Duke Energy Renewables, Inc",developer,36.0,1,,,,0.571,unmatched
Dunkirk Power LLC,developer,445.0,2,,,,0.0,unmatched
"Durkee Solar, LLC",developer,3.0,1,,,,0.0,unmatched
E.on,developer,198.0,1,,,,0.727,unmatched
EC&R Development,developer,144.0,1,,,,0.0,unmatched
"EC&R Northeast, LLC",developer,170.0,2,,,,0.0,unmatched
EC&R Renewable PV Solar,developer,30.0,1,,,,0.0,unmatched
"ECOGEN, LLC",developer,157.7,2,,,,0.0,unmatched
EDF Renewable Development Inc.,developer,100.0,5,,,,0.0,unmatched
"EDF Renewable Development, Inc",developer,85.6,3,,,,0.0,unmatched
"EDF Renewable Development, Inc.",developer,3.0,1,,,,0.0,unmatched
EDF Renewable Energy,developer,632.6,3,,,,0.0,unmatched
EDF Renewables,developer,807.0,5,,,,0.0,unmatched
EDF Renewables Development,developer,5.0,1,,,,0.0,unmatched
"EDF Renewables Development, Inc.",developer,8275.2,38,,,,0.0,unmatched
EDF Renewables inc.,developer,250.0,1,,,,0.0,unmatched
EDF renewables development inc.,developer,430.0,3,,,,0.0,unmatched
EDF renewables inc.,developer,250.0,1,,,,0.0,unmatched
EDP RENEWABLES NORTH AMERICA LLC,developer,244.9,1,,,,0.778,unmatched
EDP Renewables,developer,1210.4,7,,,,0.778,unmatched
EDP Renewables North America,developer,272.6,2,,,,0.778,unmatched
EDP Renewables North America LLC,developer,382.6,4,,,,0.778,unmatched
"EIA Properties, Ltd.",developer,197.0,2,,,,0.0,unmatched
ELP Chatham Storage LLC,developer,20.0,1,,,,0.0,unmatched
ELP Claverack Solar II LLC,developer,20.0,1,,,,0.0,unmatched
ELP Clay Storage LLC,developer,364.0,2,,,,0.0,unmatched
ELP Granby Solar II LLC,developer,20.0,1,,,,0.0,unmatched
ELP Holland Solar LLC,developer,20.0,1,,,,0.0,unmatched
ELP Middleburgh Solar LLC,developer,20.0,1,,,,0.0,unmatched
ELP Rotterdam Solar LLC,developer,55.0,2,,,,0.0,unmatched
ELP Stillwater Solar LLC,developer,20.0,1,,,,0.0,unmatched
ELP Stuyvesant Solar LLC,developer,20.0,1,,,,0.0,unmatched
ELP Ticonderoga Solar LLC,developer,20.0,1,,,,0.0,unmatched
ELTEX Power Station LLC,developer,487.7,1,,,,0.444,unmatched
"EMEREN US, LLC",developer,19.9,1,,,,0.769,unmatched
EMPOWER TXMX,developer,123.4,1,,,,0.0,unmatched
ENERGOS BESS,developer,614.4,1,,,,0.7,unmatched
ENGIE,developer,426.2,2,,,,0.0,unmatched
ENGIE IR Holdings LLC,developer,805.2,3,,,,0.0,unmatched
ENGIE Long Draw Solar 2 LLC,developer,225.0,1,,,,0.0,unmatched
ENGIE North America,developer,302.4,1,,,,0.0,unmatched
ENRON,developer,60.0,1,,,,0.0,unmatched
"EPCAL Fuel Cell Park, LLC",developer,19.6,1,,,,0.0,unmatched
"ESA Solar NY, LLC",developer,2.7,2,,,,0.0,unmatched
"ESC Tioga County Power, LLC",developer,550.0,1,,,,0.0,unmatched
"ESCONDIDO DRAW RESOURCES, LLC",developer,154.1,2,,,,0.387,unmatched
"ESTX-PLD-ARLINGTON1, LLC",developer,9.9,1,,,,0.0,unmatched
"ESTX-PLD-GRANDPRAIRIE1, LLC",developer,9.9,1,,,,0.0,unmatched
"ESTX-PLD-HOUSTON1, LLC",developer,9.9,1,,,,0.0,unmatched
ESTX-PLDHOUSTON2,developer,206.3,1,,,,0.0,unmatched
ET Fuels US Inc.,developer,204.9,1,,,,0.0,unmatched
EZ ENERGY SOLUTIONS LLC,developer,328.9,1,,,,0.0,unmatched
"Eagle Creek Hydro Power, LLC",developer,1.2,1,,,,0.581,unmatched
"Eagle Springs Solar, LLC",developer,165.2,2,,,,0.625,unmatched
East Blackland Holdings LLC,developer,144.0,1,,,,0.529,unmatched
"East Bridge Storage, LLC",developer,125.0,1,,,,0.564,unmatched
East Coast Power LLC,developer,639.4,4,,,,0.609,unmatched
"East Coast Power, LLC",developer,190.0,3,,,,0.609,unmatched
East Coast Power-Linden Venture LP,developer,20.0,1,,,,0.476,unmatched
"East Hampton Solar Farm 2, LLC",developer,100.0,5,,,,0.474,unmatched
"East Hampton Solar Farm, LLC",developer,80.0,2,,,,0.5,unmatched
East Kingstson DG LLC,developer,18.3,1,,,,0.533,unmatched
"East Light Energy Center, LLC",developer,40.0,1,,,,0.529,unmatched
"East Point Energy Center, LLC",developer,50.0,1,,,,0.529,unmatched
"East River ESS, LLC",developer,100.0,1,,,,0.588,unmatched
"East Setauket Energy Storage, LLC",developer,373.0,2,,,,0.537,unmatched
"East Setauket energy Storage, LLC",developer,300.0,1,,,,0.537,unmatched
"East West Energy Storage, LLC",developer,121.0,1,,,,0.706,unmatched
"Eastern Trail Solar Center, LLC",developer,438.8,1,,,,0.591,unmatched
Easton Solar LLC,developer,20.0,1,,,,0.64,unmatched
"Easy Wind Energy Center, LLC",developer,441.1,2,,,,0.522,unmatched
"Ebony Energy Storage, LLC",developer,203.5,1,,,,0.0,unmatched
"Echo Divide Wind, LLC",developer,100.0,1,,,,0.333,unmatched
Echo Lake Solar LLC,developer,79.9,1,,,,0.609,unmatched
Eden DevCo,developer,1350.0,1,,,,0.625,unmatched
Eden Devco LP,developer,1091.0,1,,,,0.625,unmatched
Eden Renewables,developer,2700.0,2,,,,0.476,unmatched
Edgewater Battery Storage LLC,developer,50.0,1,,,,0.478,unmatched
Edwards Calverton Battery Storage,developer,60.0,1,,,,0.0,unmatched
"El Molino Solar, LLC",developer,201.3,1,,,,0.0,unmatched
"El Sauz Ranch Wind, LLC",developer,301.5,1,,,,0.0,unmatched
"Elan BESS, LLC",developer,202.7,1,,,,0.414,unmatched
"Elara Energy Project, LLC",developer,132.4,1,,,,0.0,unmatched
"Elawan Cibeles Solar, LLC",developer,251.0,1,,,,0.0,unmatched
Elawan Dileo Solar LLC,developer,71.4,1,,,,0.0,unmatched
"Elawan Pitts Dudik Solar, LLC",developer,50.0,1,,,,0.0,unmatched
"Elbe Solar Center, LLC",developer,10.0,1,,,,0.0,unmatched
Elbow Creek Wind Project LLC,developer,117.0,1,,,,0.0,unmatched
Eldora Energy LLC,developer,402.2,2,,,,0.545,unmatched
"Electra Energy Project, LLC",developer,256.5,1,,,,0.64,unmatched
Electric E Power Marketing,developer,44.4,1,,,,0.0,unmatched
"Electrotek Concepts, Inc.",developer,79.9,1,,,,0.667,unmatched
"Elektron Solar, LLC",developer,80.0,1,,,,0.0,unmatched
Element Markets,developer,249.0,1,,,,0.667,unmatched
"Element Power US, LLC",developer,50.0,1,,,,0.875,unmatched
"Elevate Arthur Kill II, LLC",developer,180.0,1,,,,0.541,unmatched
"Elevate Arthur Kill, LLC",developer,180.0,1,,,,0.588,unmatched
Elevate Bethlehem LLC,developer,120.0,1,,,,0.625,unmatched
"Elevate Bethlehem, LLC",developer,120.0,1,,,,0.625,unmatched
Elio Energy LLC,developer,477.8,2,,,,0.0,unmatched
"Elk Mountain Wind, LLC",developer,75.9,1,,,,0.0,unmatched
"Elko County Solar 1, LLC",developer,53.0,1,,,,0.0,unmatched
"Ellis Solar, LLC",developer,81.0,1,,,,0.444,unmatched
"Elm Branch Solar 1, LLC",developer,135.0,1,,,,0.0,unmatched
"Elm Flats Solar, LLC",developer,125.6,1,,,,0.0,unmatched
"Elmax Generating, LLC",developer,518.8,1,,,,0.0,unmatched
EmberGreen Energy Center,developer,900.0,1,,,,0.5,unmatched
EmberYork Energy Center,developer,900.0,1,,,,0.522,unmatched
"Emerald Grove Solar, LLC",developer,108.0,1,,,,0.462,unmatched
Emerald Hill Energy Storage LLC,developer,261.0,1,,,,0.429,unmatched
"Emeren US, LLC",developer,2053.0,17,,,,0.769,unmatched
Empire Community Solar LLC,developer,19.9,1,,,,0.526,unmatched
"Empire Generating Co., LLC",developer,635.0,1,,,,0.545,unmatched
Empire Offshore Wind LLC,developer,4572.0,7,,,,0.513,unmatched
"Empire Reserve Energy, LLC",developer,739.0,7,,,,0.6,unmatched
Empire Solar LLC,developer,60.0,1,,,,0.643,unmatched
"Empire Solar, LLC",developer,157.9,1,,,,0.643,unmatched
"Empire State Land Holdings, LLC",developer,20.0,1,,,,0.778,unmatched
"Empire State Solar, LLC",developer,20.0,1,,,,0.757,unmatched
Empire Wind 2 LLC,developer,1240.0,1,,,,0.5,unmatched
Enbridge,developer,250.0,1,ENB,0000895728,ENBRIDGE INC,1.0,matched
"Enbridge Ingleside Solar, LLC",developer,61.9,1,,,,0.0,unmatched
"Enbridge Solar (Orange Grove), LLC",developer,130.6,1,,,,0.0,unmatched
"Enbridge Solar (Sequoia I), LLC",developer,401.4,1,,,,0.0,unmatched
Enchanted Rock,developer,5.0,1,,,,0.0,unmatched
"Encino del Sol Energy, LLC",developer,203.2,1,,,,0.455,unmatched
Endurance Power LLC,developer,75.0,1,,,,0.545,unmatched
Enel,developer,449.5,1,,,,0.444,unmatched
"Enel Cove Fort, LLC",developer,25.0,1,,,,0.571,unmatched
"Enel Energy Storage Holdings, LLC",developer,100.0,1,,,,0.538,unmatched
Enel Green,developer,62.0,1,,,,0.5,unmatched
"Enel Green Power Estonian Solar Project, LLC",developer,202.5,1,,,,0.0,unmatched
Enel Green Power North America,developer,17.0,1,,,,0.5,unmatched
"Enel Green Power Roseland Solar, LLC",developer,559.6,3,,,,0.462,unmatched
EnergieKontor US TEXAS SP 13 LLC,developer,102.5,1,,,,0.0,unmatched
EnergieKontor US Texas SP 1 LLC,developer,140.0,2,,,,0.333,unmatched
EnergieKontor US Texas SP 7 LLC,developer,138.4,2,,,,0.333,unmatched
Energiekontor US Texas SP 16 LLC,developer,121.6,1,,,,0.0,unmatched
Energiekontor US Texas SP 18 LLC,developer,100.5,1,,,,0.0,unmatched
Energy City BESS LLC,developer,204.9,1,,,,0.615,unmatched
"Energy Recovery Group, LLC",developer,2.3,1,ERII,0001421517,"Energy Recovery, Inc.",1.0,matched
Energy Storage Resources,developer,100.0,1,,,,0.0,unmatched
"Energy Storage Resources, LLC",developer,457.6,7,,,,0.0,unmatched
Energy of Utah,developer,80.0,1,,,,0.0,unmatched
Enerverse,developer,1000.2,4,,,,0.667,unmatched
"Enfield Energy, LLC",developer,50.0,1,,,,0.0,unmatched
Engie,developer,835.5,5,,,,0.0,unmatched
Engie Flexible Generation NA LLC,developer,1056.8,1,,,,0.0,unmatched
"Entergy Nuclear Operations, Inc.",developer,74.0,2,,,,0.622,unmatched
Entergy Power Gen. Corp.,developer,400.0,1,,,,0.857,unmatched
"Enterprise Solar, LLC",developer,80.0,1,,,,0.667,unmatched
Enterprise Storage LLC,developer,80.0,1,,,,0.632,unmatched
"Entiv Organic, LLC",developer,346.2,3,,,,0.0,unmatched
Eon,developer,5526.6,25,EONR,0001842556,EON Resources Inc.,1.0,matched
Eon Climate & Renewables,developer,561.7,3,,,,0.0,unmatched
Equinor Wind US LLC,developer,400.0,2,,,,0.696,unmatched
"Equity Suffern Developers, LLC",developer,50.0,1,,,,0.577,unmatched
"Erath County Solar, LLC",developer,207.4,1,,,,0.0,unmatched
"Erie Boulevard Hydro Power, LP",developer,8.5,1,,,,0.412,unmatched
Erie Boulevard Hydropower,developer,14.4,1,,,,0.359,unmatched
"Erie Boulevard Hydropower, LP",developer,16.1,2,,,,0.359,unmatched
"Erie Power, LLC",developer,88.0,1,,,,0.444,unmatched
"Erika Solar, LLC",developer,204.1,1,,,,0.0,unmatched
Erin Solar LLC,developer,202.5,1,,,,0.0,unmatched
EsVolta Development,developer,150.0,1,,,,0.0,unmatched
Escalante BESS I LLC,developer,80.0,1,,,,0.583,unmatched
Escalante BESS II LLC,developer,80.0,1,,,,0.56,unmatched
Escalante BESS III LLC,developer,80.0,1,,,,0.538,unmatched
"Escalante Solar I, LLC",developer,80.0,1,,,,0.56,unmatched
"Escalante Solar II, LLC",developer,80.0,1,,,,0.538,unmatched
"Escalante Solar III, LLC",developer,80.0,1,,,,0.519,unmatched
Eurus,developer,300.0,1,,,,0.0,unmatched
"Eurus Combine Hills I, LLC",developer,41.0,1,,,,0.0,unmatched
Eurus Dry Creek Wind LLC,developer,5.0,1,,,,0.0,unmatched
Eurus Energy America Corporation,developer,600.0,1,,,,0.0,unmatched
"Eurus Middlewood Wind, LLC",developer,15.0,1,,,,0.0,unmatched
Eustace Storage LLC,developer,207.8,1,,,,0.0,unmatched
Evans Creek Energy Storage LLC,developer,103.0,1,,,,0.0,unmatched
Evelyn Energy Storage LLC,developer,221.3,1,,,,0.0,unmatched
Evergreen BioPower LLC,developer,10.0,1,,,,0.467,unmatched
Evergreen Energy Inc,developer,6.2,1,,,,0.706,unmatched
Evergreen Energy LLC,developer,100.0,1,,,,0.706,unmatched
"Evergreen Wind Power Partner, LLC",developer,378.0,3,,,,0.419,unmatched
"Evergreen Wind Power Partners, LLC",developer,110.0,1,,,,0.545,unmatched
Everpower Global,developer,69.3,1,,,,0.529,unmatched
"Excel Advantage Services, LLC dba Misae Solar Park II",developer,333.0,2,,,,0.299,unmatched
"Excelsior Energy Center, LLC",developer,300.0,2,,,,0.615,unmatched
Excelsior Reserve Energy,developer,40.0,2,,,,0.593,unmatched
Exelon,developer,2394.0,4,EXC,0001109357,EXELON CORP,1.0,matched
"Exelon Generation Company, LLC",developer,3200.0,1,,,,0.522,unmatched
Exelon Power Team,developer,3200.0,1,,,,0.706,unmatched
"Exelon Wind, LLC",developer,64.5,9,,,,0.706,unmatched
Exodus Solar LLC,developer,201.4,1,,,,0.593,unmatched
Exodus Solar LLC.,developer,181.0,1,,,,0.593,unmatched
Exxon Mobil Production Company,developer,110.0,1,,,,0.625,unmatched
FEC Development LLC,developer,40.0,1,,,,0.0,unmatched
"FGE Goodnight I, LLC",developer,531.0,1,,,,0.0,unmatched
"FGE Goodnight II, LLC",developer,259.2,1,,,,0.0,unmatched
FGE Power,developer,742.9,1,,,,0.0,unmatched
"FL Solar 10, LLC",developer,74.9,1,,,,0.0,unmatched
"FL Solar 8, LLC",developer,74.9,1,,,,0.0,unmatched
FLIFER LLC,developer,84.0,1,,,,0.0,unmatched
FLYING KITE SOLAR LLC,developer,80.4,1,,,,0.0,unmatched
"FPEC, LLC",developer,228.0,1,,,,0.0,unmatched
FPL,developer,35634.8,373,,,,0.0,unmatched
FPL Energy,developer,546.0,3,,,,0.0,unmatched
FPL Energy Burleigh Cou,developer,50.0,1,,,,0.0,unmatched
"FPL Energy Capricorn Ridge Wind, LLC",developer,704.0,4,,,,0.0,unmatched
FPL Energy Horse Hollow Wind LP,developer,224.0,1,,,,0.0,unmatched
"FPL Energy Vansycle, LLC",developer,210.0,1,,,,0.0,unmatched
"FPL Energy Wyoming, LLC",developer,146.0,1,,,,0.0,unmatched
"FPL Energy, LLC",developer,4838.0,16,,,,0.0,unmatched
"FRESH AIR ENERGY II, LLC",developer,1563.8,7,,,,0.621,unmatched
"FRP Columbia County Solar, LLC",developer,74.5,1,,,,0.0,unmatched
"FRP Gadsden County Solar, LLC",developer,74.5,1,,,,0.0,unmatched
"FRP Gilchrist County Solar, LLC",developer,74.5,1,,,,0.0,unmatched
"FRV AE Solar, LLC",developer,30.0,1,,,,0.0,unmatched
FTS Devco LLC,developer,20.0,1,,,,0.0,unmatched
Facility Innovations Group,developer,130.0,1,,,,0.0,unmatched
"Fairgreen BESS, LLC",developer,201.1,1,,,,0.5,unmatched
Fairway Storage LLC,developer,121.0,1,,,,0.48,unmatched
"Falcon BESS, LLC",developer,702.7,2,,,,0.625,unmatched
"Falls Creek HP, LP",developer,5.0,1,,,,0.0,unmatched
"Falls Park Energy Storage Project, LLC",developer,100.0,1,,,,0.0,unmatched
"Fallstone Solar, LLC",developer,62.1,2,,,,0.0,unmatched
Falvez Energy,developer,163.2,1,,,,0.0,unmatched
Faraday Interconnection LLC,developer,525.0,1,,,,0.571,unmatched
Farm East LLC,developer,19.8,1,,,,0.588,unmatched
Farmers Irrigation District,developer,10.1,2,,,,0.588,unmatched
"Farrier Station Energy Storage Project, LLC",developer,409.9,1,,,,0.0,unmatched
"Felix 1, LLC",developer,602.9,3,,,,0.0,unmatched
"Felix 2, LLC",developer,915.2,3,,,,0.0,unmatched
"Fence Post Solar Project, LLC",developer,309.5,2,,,,0.0,unmatched
"Ferdinand Grid, LLC",developer,201.2,1,,,,0.0,unmatched
Fewell Solar LLC,developer,203.5,1,,,,0.0,unmatched
"Field Day Solar Project, LLC",developer,300.0,1,,,,0.0,unmatched
Fieldstone Power Station LLC,developer,150.0,1,,,,0.0,unmatched
Fiji Solar,developer,202.7,1,,,,0.0,unmatched
Firefly Power LLC,developer,401.2,1,,,,0.583,unmatched
"First Capitol BESS, LLC",developer,256.2,1,,,,0.774,unmatched
First Solar,developer,745.4,10,FSLR,0001274494,"FIRST SOLAR, INC.",1.0,matched
First Wind,developer,150.0,1,,,,0.75,unmatched
FitzPatrick Nuclear Station,developer,112.0,1,,,,0.326,unmatched
"Five Mile Energy, LLC",developer,360.0,1,,,,0.632,unmatched
Five Wells Solar Center LLC,developer,322.8,1,,,,0.55,unmatched
Five Wells Storage LLC,developer,220.8,1,,,,0.571,unmatched
"Flag City Solar Project, LLC",developer,167.3,1,,,,0.409,unmatched
Flagtail LLC,developer,611.4,3,,,,0.0,unmatched
Flat Creek Solar NY LLC,developer,300.0,2,,,,0.0,unmatched
"Flat Rock Energy Center, LLC",developer,251.1,1,,,,0.0,unmatched
"Flat Rock Wind Power, LLC",developer,561.0,2,,,,0.0,unmatched
"Flat Rock Windpower, LLC",developer,100.0,1,,,,0.0,unmatched
"Flatland Solar Project, LLC",developer,182.2,1,,,,0.0,unmatched
Flexen USA LLC,developer,513.7,1,,,,0.8,unmatched
Flint Mine Solar LLC,developer,100.0,1,,,,0.0,unmatched
"Flint Rock Solar Project, LLC",developer,552.2,2,,,,0.0,unmatched
"Florida Renewable Partners, LLC",developer,745.0,10,,,,0.0,unmatched
"Flower Valley II, LLC",developer,101.0,1,,,,0.64,unmatched
Fluvanna Max Solar LLC,developer,200.0,2,,,,0.0,unmatched
Flying Cloud LLC,developer,183.0,1,,,,0.0,unmatched
"Flying Cloud, LLC",developer,249.0,1,,,,0.0,unmatched
"Flying Kite BESS, LLC",developer,104.7,1,,,,0.0,unmatched
Foothills Solar,developer,40.0,1,,,,0.5,unmatched
Foothills Solar LLC,developer,80.0,2,,,,0.5,unmatched
"Forest Creek Wind Farm, LLC",developer,125.1,1,,,,0.556,unmatched
Forest Glen Solar LLC,developer,20.0,1,,,,0.645,unmatched
Forest Grove Solar LLC,developer,201.8,1,,,,0.615,unmatched
Fork Valley Solar LLC,developer,20.0,1,,,,0.0,unmatched
Formosa Plactics Corporation,developer,260.0,1,,,,0.538,unmatched
Formosa Plastics,developer,240.0,1,,,,0.429,unmatched
Fort Bend Solar LLC,developer,143.6,1,,,,0.6,unmatched
Fort Chadbourne BESS,developer,50.2,1,,,,0.478,unmatched
Fort Covington Solar LLC,developer,500.0,2,,,,0.514,unmatched
Fort Duncan BESS LLC,developer,101.5,1,,,,0.533,unmatched
Fort Edward Solar,developer,100.0,1,,,,0.5,unmatched
Fort Edward Solar LLC,developer,200.0,2,,,,0.5,unmatched
"Fort Watt Storage, LLC",developer,205.4,1,,,,0.5,unmatched
Fort Worth BESS LLC,developer,206.0,1,,,,0.545,unmatched
"Fortissimo BESS, LCC",developer,202.7,1,,,,0.514,unmatched
"Fortistar Power Marketing, LLC",developer,579.9,2,,,,0.606,unmatched
"Fortistar, LLC",developer,159.8,2,,,,0.8,unmatched
Fortistar-Lockport Merchant,developer,79.9,1,,,,0.419,unmatched
FourGen LLC,developer,40.0,2,,,,0.0,unmatched
"Fox Run Energy Project, LLC",developer,301.4,1,,,,0.462,unmatched
Frame Switch,developer,92.0,1,,,,0.0,unmatched
Franklin Solar LLC,developer,100.0,1,,,,0.897,unmatched
"Franklin Solar, LLC",developer,150.0,1,,,,0.897,unmatched
"Franklin Wind Farm, LLC",developer,50.4,1,,,,0.686,unmatched
Freeport LNG,developer,11.0,1,,,,0.714,unmatched
"Freestone Power Generation, LLC",developer,438.5,2,,,,0.5,unmatched
"Freestone Solar, LLC",developer,100.5,1,,,,0.56,unmatched
"Fremont Solar, LLC",developer,99.0,1,,,,0.0,unmatched
Fresh Air Energy II,developer,300.0,3,,,,0.621,unmatched
"Fresh Air Energy II, LLC",developer,764.9,8,,,,0.621,unmatched
Fresh Kills Battery Storage LLC,developer,500.0,1,,,,0.5,unmatched
Friendswood Energy 2,developer,117.0,1,,,,0.438,unmatched
Friendswood Energy Genco,developer,129.0,1,,,,0.444,unmatched
Friesian Holdings LLC,developer,75.0,1,,,,0.444,unmatched
Frontera Generation Limited Partnership,developer,524.0,1,,,,0.5,unmatched
Fulcrum Power Services,developer,255.0,1,,,,0.0,unmatched
Funston Solar LLC,developer,351.4,1,,,,0.0,unmatched
G.S.E. ONE LLC,developer,82.3,1,,,,0.0,unmatched
G2 Landfill,developer,3.0,1,,,,0.0,unmatched
GAMAY ENERGY STORAGE LLC,developer,418.6,1,,,,0.0,unmatched
GASNA 4 LLC,developer,300.0,1,,,,0.0,unmatched
GB Arthur Kill Storage LLC,developer,15.0,1,,,,0.0,unmatched
GB II NY LLC,developer,875.0,1,,,,0.0,unmatched
GB II New York,developer,926.1,1,,,,0.0,unmatched
"GCI Eastwater, LLC",developer,100.0,1,,,,0.0,unmatched
"GCI Icebox Energy Storage, LLC",developer,50.0,1,,,,0.0,unmatched
"GCI Lighthouse Energy Storage, LLC",developer,250.0,1,,,,0.0,unmatched
"GCI Megamouth, LLC",developer,101.3,1,,,,0.0,unmatched
"GCI Orbit Energy Storage, LLC",developer,501.9,1,,,,0.0,unmatched
"GCI Pinnacle Point, LLC",developer,101.3,1,,,,0.0,unmatched
"GCI Wolf Energy Storage, LLC",developer,125.6,1,,,,0.0,unmatched
GE Energy,developer,165.0,1,,,,0.0,unmatched
GEUS,developer,25.0,1,,,,0.0,unmatched
"GH America Energy, LLC",developer,72.3,1,,,,0.0,unmatched
GIGA TEXAS ENERGY LLC,developer,100.3,2,,,,0.762,unmatched
"GRS BESS TEXAS SEVEN, LLC",developer,192.1,1,,,,0.0,unmatched
"GRS BESS TEXAS TEN, LLC",developer,157.1,1,,,,0.0,unmatched
GRS BESS Texas Eight,developer,115.9,1,,,,0.0,unmatched
GRS BESS Texas Eight LLC,developer,115.9,1,,,,0.0,unmatched
GRS BESS Texas Two,developer,102.3,1,,,,0.0,unmatched
GSE Group LLC,developer,384.0,1,,,,0.0,unmatched
GSI Development Corp.,developer,20.0,1,,,,0.483,unmatched
"GTM Energy, LLC",developer,500.0,1,,,,0.0,unmatched
Gaelectric,developer,426.0,4,,,,0.0,unmatched
"Gaia Solar, LLC",developer,229.5,2,,,,0.571,unmatched
"Gail Mountain Solar, LLC",developer,548.4,3,,,,0.0,unmatched
"Galaxy Solar, LLC",developer,303.0,2,,,,0.692,unmatched
"Galehead Development, LLC",developer,40.0,1,,,,0.439,unmatched
"Galehead Resource Development, LLC",developer,8.0,2,,,,0.36,unmatched
"Galsol, LLC",developer,70.0,1,,,,0.0,unmatched
"Galveston - Offshore Wind, LLC",developer,300.0,1,,,,0.0,unmatched
Galveston Energy Storage LLC,developer,201.9,1,,,,0.0,unmatched
Gambit Energy Storage,developer,102.4,1,,,,0.0,unmatched
Gamesa,developer,150.0,1,,,,0.75,unmatched
Gamesa Energia SW,developer,200.0,2,,,,0.519,unmatched
Gamesa Energia Southwest,developer,580.0,3,,,,0.421,unmatched
Gamesa Energy USA,developer,1040.0,9,,,,0.75,unmatched
"Gamesa Energy USA, LLC",developer,270.0,2,,,,0.75,unmatched
Gamesa energia,developer,120.0,1,,,,0.583,unmatched
"Ganado Solar, LLC",developer,220.5,2,,,,0.0,unmatched
Garcitas Creek Solar LLC,developer,201.9,1,,,,0.0,unmatched
"Garnet Energy Center, LLC",developer,200.0,1,,,,0.0,unmatched
"Garnet Energy Center, LLC,",developer,20.0,1,,,,0.0,unmatched
Gatsby Energy Storage LLC,developer,103.4,1,,,,0.0,unmatched
GenOn,developer,510.0,2,,,,0.727,unmatched
"GenPower, LLC",developer,800.0,1,,,,0.667,unmatched
"GenWy Wind, LLC",developer,478.5,1,,,,0.5,unmatched
"Generate ER-NG, LLC",developer,30.0,1,,,,0.629,unmatched
Genesee River Solar,developer,168.0,3,,,,0.556,unmatched
"Genesee River Solar, LLC",developer,59.6,3,,,,0.556,unmatched
Genova Power,developer,430.0,1,,,,0.667,unmatched
Genovia Storage LLC,developer,900.0,3,,,,0.476,unmatched
"Georgia-Pacific Consumer Projects (Camas), LLC",developer,7.1,1,,,,0.0,unmatched
"Geronimo Solar Energy, LLC",developer,20.0,1,,,,0.526,unmatched
Get Along Solar II LLC,developer,20.0,1,,,,0.0,unmatched
Get Along Solar XI LLC,developer,20.0,1,,,,0.0,unmatched
Ghost Town Storage 1 LLC,developer,102.7,1,,,,0.0,unmatched
Ghost Town Storage 2 LLC,developer,102.7,1,,,,0.0,unmatched
Gibson Branch BESS LLC,developer,142.9,1,,,,0.571,unmatched
"Giga Texas Energy, LLC",developer,133.0,1,,,,0.762,unmatched
"Giga Texas Energy, LLC.",developer,131.1,1,,,,0.762,unmatched
Gigawatt Solar LLC,developer,702.7,2,,,,0.48,unmatched
"Gilleys Energy Storage, LLC",developer,306.4,1,,,,0.0,unmatched
Glasgow Solar LLC,developer,304.5,2,,,,0.452,unmatched
"Glen Canyon Solar A, LLC",developer,95.0,1,,,,0.581,unmatched
"Glenville Energy Park, LLC",developer,540.0,1,,,,0.615,unmatched
"Global Winds Harvest, Inc.",developer,115.5,2,,,,0.667,unmatched
Glory Leasing,developer,26.1,1,,,,0.0,unmatched
Glory Leasing LLC,developer,161.5,1,,,,0.0,unmatched
"Glove City Energy Center, L.L.C.",developer,100.0,1,,,,0.0,unmatched
"Glove City Energy Center, LLC",developer,200.0,2,,,,0.0,unmatched
"Gloversville Storage, LLC",developer,50.0,1,,,,0.0,unmatched
"Goat Wind, LP",developer,140.0,2,,,,0.0,unmatched
Goby Energy Center,developer,200.7,1,,,,0.0,unmatched
"Golden Knight Solar, LLC",developer,280.0,2,,,,0.615,unmatched
Golden Spread Elec Coop,developer,975.4,4,,,,0.591,unmatched
"Golden Spread Electric Cooperative, Inc.",developer,714.0,2,,,,0.784,unmatched
Goldenrod Creek Solar LLC,developer,660.0,1,,,,0.634,unmatched
Goldenrod Wind LLC,developer,39.0,1,,,,0.692,unmatched
Goldhill Energy Storage LLC,developer,200.6,1,,,,0.667,unmatched
"Goldthwaite Energy Storage, LLC",developer,200.6,1,,,,0.6,unmatched
Goldwind,developer,160.0,1,,,,0.667,unmatched
Good Ole 77 Energy LLC,developer,100.0,1,,,,0.471,unmatched
GoodAlta Power Center LLC,developer,221.4,1,,,,0.476,unmatched
"Goose Foot Energy Storage Project, LLC",developer,305.9,1,,,,0.444,unmatched
"Gotham Power Zerega, LLC",developer,79.9,1,,,,0.0,unmatched
Grady BESS,developer,150.5,1,,,,0.0,unmatched
"Granada Solar, LLC",developer,590.0,15,,,,0.545,unmatched
"Granada Solar, LLC (Conti)",developer,190.0,2,,,,0.537,unmatched
Granby Storage LLC,developer,150.0,1,,,,0.64,unmatched
"Grand Reserve Energy, LLC",developer,509.6,2,,,,0.583,unmatched
Grande Prairie Wind,developer,400.0,2,,,,0.562,unmatched
"Grandslam Solar, L.L.C.",developer,121.9,1,,,,0.462,unmatched
Granger Electric of South Jordan LLC,developer,4.8,1,,,,0.471,unmatched
Granite Mountain BESS East LLC,developer,80.0,1,,,,0.542,unmatched
Granite Mountain BESS West LLC,developer,50.0,1,,,,0.542,unmatched
"Granite Mountain Solar East, LLC",developer,80.0,1,,,,0.531,unmatched
"Granite Mountain Solar West, LLC",developer,50.4,1,,,,0.531,unmatched
"Granite Peak Solar, LLC",developer,3.0,1,,,,0.581,unmatched
Granite Twinleaf Solar Energy LLC,developer,75.0,1,,,,0.571,unmatched
"Gransolar Texas Eight, LLC",developer,170.4,1,,,,0.5,unmatched
Gransolar Texas Eleven LLC,developer,135.2,1,,,,0.5,unmatched
"Gransolar Texas Fifteen, LLC",developer,102.3,1,,,,0.5,unmatched
Gransolar Texas Five LLC,developer,113.9,1,,,,0.545,unmatched
Gransolar Texas Four LLC,developer,380.0,2,,,,0.516,unmatched
"Gransolar Texas Fourteen, LLC",developer,76.4,1,,,,0.486,unmatched
"Gransolar Texas Nine, LLC",developer,42.6,1,,,,0.545,unmatched
"Gransolar Texas Nineteen, LLC",developer,56.3,1,,,,0.556,unmatched
"Gransolar Texas One, LLC",developer,50.8,1,,,,0.533,unmatched
Gransolar Texas Seven LLC,developer,60.2,1,,,,0.5,unmatched
"Gransolar Texas Seventeen, LLC",developer,52.9,1,,,,0.473,unmatched
"Gransolar Texas Six, LLC",developer,61.0,1,,,,0.533,unmatched
"Gransolar Texas Sixteen, LLC",developer,102.1,2,,,,0.5,unmatched
"Gransolar Texas Ten, LLC",developer,85.0,1,,,,0.533,unmatched
Gransolar Texas Thirteen LLC,developer,236.2,1,,,,0.486,unmatched
Gransolar Texas Three LLC,developer,311.2,2,,,,0.529,unmatched
Gransolar Texas Twenty LLC,developer,148.2,1,,,,0.5,unmatched
Gransolar Texas Twenty Two,developer,166.6,2,,,,0.464,unmatched
Gransolar Texas Two,developer,306.9,1,,,,0.533,unmatched
"Gransolar Texas Two, LLC",developer,305.6,1,,,,0.533,unmatched
"Grape Creek Solar, LLC",developer,302.2,1,,,,0.545,unmatched
Grapefruit Solar LLC,developer,301.2,1,,,,0.512,unmatched
Grapevine Storage LLC,developer,200.0,1,,,,0.591,unmatched
Graphic Packaging International,developer,43.4,1,GPK,0001408075,GRAPHIC PACKAGING HOLDING CO,1.0,matched
"Graphite Solar I, LLC",developer,80.0,1,,,,0.651,unmatched
"Grass Butte Solar, LLC",developer,48.0,1,,,,0.0,unmatched
Grasshopper Solar LLC,developer,407.7,1,,,,0.0,unmatched
Grateful Storage LLC,developer,350.0,2,,,,0.0,unmatched
"Grateful Storage, LLC",developer,250.0,1,,,,0.0,unmatched
"Gravel Road Solar, LLC",developer,128.0,1,,,,0.333,unmatched
Greasewood II LLC,developer,306.9,1,,,,0.467,unmatched
Greasewood III LLC,developer,274.8,1,,,,0.452,unmatched
Greasewood IV LLC,developer,231.6,1,,,,0.467,unmatched
"Great Kiskadee Storage, LLC",developer,103.0,1,,,,0.514,unmatched
Great Plains Ethanol,developer,3.0,1,,,,0.632,unmatched
Great Republic Power Partners LLC,developer,200.0,1,,,,0.696,unmatched
"Greater Bryant G Solar, LLC",developer,17.7,1,,,,0.571,unmatched
Green Power,developer,10.0,1,,,,0.714,unmatched
"Green Power Energy, LLC",developer,30.4,2,,,,0.714,unmatched
"Green River Solar I, LLC",developer,400.0,1,,,,0.581,unmatched
GreenGo Energy,developer,360.0,3,,,,0.75,unmatched
GreenHunter Wind Energy,developer,36.0,1,,,,0.615,unmatched
"GreenWing Energy, Ltd.",developer,90.0,1,,,,0.737,unmatched
GreenWing Pacific Energy Corp.,developer,127.5,1,,,,0.571,unmatched
"Greenalia Solar Power Donegal, LLC",developer,201.7,1,,,,0.526,unmatched
"Greenalia Solar Power Misae III, LLC",developer,186.8,1,,,,0.556,unmatched
Greenalia Solar Power Ratcliff,developer,85.7,1,,,,0.5,unmatched
Greenalia Solar Power Reis LLC,developer,105.5,1,,,,0.625,unmatched
Greenalia Solar Power Wensowitch LLC,developer,146.1,1,,,,0.5,unmatched
Greenalia Solar Power Wittig LLC,developer,106.9,1,,,,0.529,unmatched
Greenalia Wind Power Blue Hills,developer,276.0,1,,,,0.55,unmatched
"Greene County Energy Properties, LLC",developer,20.0,1,,,,0.667,unmatched
Greenfields Solar LLC,developer,180.0,1,,,,0.615,unmatched
Greenidge Generation,developer,106.3,1,,,,0.667,unmatched
Greening USA Corp.,developer,213.1,2,,,,0.778,unmatched
Greenray Solar Corporation,developer,251.2,2,,,,0.621,unmatched
Greens Corners Solar LLC,developer,120.0,1,,,,0.629,unmatched
"Greenville Solar, LLC",developer,2.2,1,,,,0.667,unmatched
Grenergy USA,developer,198.5,2,,,,0.0,unmatched
Greyhound Solar 2,developer,500.0,1,,,,0.444,unmatched
"Grid Connected Infrastructure, LLC",developer,553.4,3,,,,0.375,unmatched
"Grimes County Solar Project, LLC",developer,211.2,1,,,,0.0,unmatched
"Grissom Solar, LLC",developer,20.0,1,,,,0.0,unmatched
Grizzly Ridge Solar LLC,developer,100.0,1,,,,0.0,unmatched
"Guadalupe Peaking Energy Center, LLC",developer,450.0,1,,,,0.0,unmatched
"Guadalupe Power Partners, LP",developer,210.5,1,,,,0.0,unmatched
Guajillo Energy Storage LLC,developer,204.8,1,,,,0.0,unmatched
Guajillo Wind LLC,developer,204.0,1,,,,0.0,unmatched
"GulfStar Power, LLC",developer,757.1,5,,,,0.667,unmatched
Gunsight,developer,75.0,1,,,,0.0,unmatched
"Gusty Hill Wind Project, LLC",developer,350.0,1,,,,0.0,unmatched
"HAYS ENERGY, LLC",developer,36.0,2,,,,0.0,unmatched
HECATE GRID ROSALITA STORAGE LLC,developer,152.8,1,,,,0.0,unmatched
HECTATE ENERGY HARLEY HAND SOLAR LLC,developer,513.7,1,,,,0.0,unmatched
HEN INFRASTRUCTURE LLC 1,developer,69.5,7,,,,0.0,unmatched
"HEN INFRASTRUCTURE, LLC 1",developer,49.7,5,,,,0.0,unmatched
"HEN Infrastructure, LLC 1",developer,9.9,1,,,,0.0,unmatched
HEP Aquamarine Holdings LLC,developer,122.0,1,,,,0.0,unmatched
HIGH CHAPARRAL SOLAR PROJECT LLC,developer,224.0,2,,,,0.533,unmatched
"HIGH LONESOME WIND POWER, LLC",developer,50.6,1,,,,0.578,unmatched
HO CLARKE GENERATING LLC,developer,408.0,2,,,,0.0,unmatched
HP Hood LLC,developer,4.0,1,,,,0.0,unmatched
"HQC Solar Holdings 1, LLC",developer,150.0,1,,,,0.0,unmatched
"HW Power, LLC",developer,330.0,2,,,,0.0,unmatched
"HZ SOLAR I, LLC",developer,251.3,1,,,,0.0,unmatched
"HZ Solar I, LLC",developer,200.8,1,,,,0.0,unmatched
Hackberry Creek Solar LLC,developer,175.5,1,,,,0.55,unmatched
"Hadrian Energy Storage, LLC",developer,101.2,1,,,,0.476,unmatched
"Hallmark Solar, LLC",developer,43.0,1,,,,0.545,unmatched
Halyard Energy,developer,484.0,1,,,,0.0,unmatched
"Hamlet Solar, LLC",developer,408.0,2,,,,0.0,unmatched
"Hamlin Wind, LLC",developer,80.0,1,,,,0.0,unmatched
"Hancock Reservoir, LLC",developer,170.5,1,,,,0.562,unmatched
"Hancock Springs, LLC",developer,145.6,1,,,,0.667,unmatched
"Hanson Solar, LLC",developer,502.0,2,,,,0.0,unmatched
Hanwha Q CELLS USA,developer,1996.1,12,,,,0.0,unmatched
Hanwha Q CELLS USA Corp.,developer,950.0,6,,,,0.0,unmatched
Hanwha Q Cells USA,developer,200.0,1,,,,0.0,unmatched
"Hardscrabble Wind Power, LLC",developer,74.0,1,,,,0.0,unmatched
"Harlem River ESS, LLC",developer,79.9,1,,,,0.516,unmatched
Harris Centerpoint BESS LLC,developer,9.9,1,,,,0.0,unmatched
"Harris Spencer BESS, LLC",developer,9.9,1,,,,0.0,unmatched
"Harrison Street Development, LLC",developer,247.4,2,,,,0.0,unmatched
"Hart Wind, LLC",developer,163.4,1,,,,0.6,unmatched
"Hartley Rd Energy Storage 1, LLC",developer,10.0,1,,,,0.579,unmatched
Harvest Energy Services,developer,230.4,1,,,,0.737,unmatched
Harvest Wind LLC,developer,20.0,1,,,,0.75,unmatched
"Harvick BESS, LLC",developer,51.3,1,,,,0.5,unmatched
Haskell County BESS LLC,developer,104.0,1,,,,0.0,unmatched
"Hat Creek Solar, LLC",developer,251.7,1,,,,0.0,unmatched
Hatchery Solar LLC,developer,20.0,1,,,,0.0,unmatched
"Hawthorn Solar, LLC",developer,20.0,1,,,,0.727,unmatched
"Hayhurst Texas Solar, LLC",developer,24.8,1,,,,0.0,unmatched
Hays Solar,developer,20.0,1,,,,0.0,unmatched
"Heart of Texas Wind, LLC",developer,179.9,1,,,,0.5,unmatched
Heartland Wind LLC,developer,202.0,1,,,,0.645,unmatched
"Heartland Wind, LLC",developer,170.0,1,,,,0.645,unmatched
Hecate Comanche Solar LLC,developer,411.0,1,,,,0.0,unmatched
Hecate Energy,developer,2416.0,7,,,,0.0,unmatched
Hecate Energy Albany 1 LLC,developer,20.0,1,,,,0.0,unmatched
Hecate Energy Albany 2 LLC,developer,20.0,1,,,,0.0,unmatched
Hecate Energy Cider Solar LLC,developer,500.0,1,,,,0.0,unmatched
Hecate Energy Cody Road LLC,developer,19.9,1,,,,0.0,unmatched
"Hecate Energy Columbia County 1, LLC",developer,80.0,2,,,,0.0,unmatched
"Hecate Energy Columbia County 2, LLC",developer,20.0,1,,,,0.0,unmatched
"Hecate Energy Craryville 3, LLC",developer,10.0,1,,,,0.0,unmatched
Hecate Energy Diamond Solar LLC,developer,500.0,1,,,,0.0,unmatched
Hecate Energy Dovetail Solar 1 LLC,developer,666.1,1,,,,0.0,unmatched
Hecate Energy Dovetail Solar 2 LLC,developer,666.1,1,,,,0.0,unmatched
Hecate Energy Dovetail Solar Holdings LLC,developer,666.1,1,,,,0.0,unmatched
Hecate Energy Dovetail Storage LLC,developer,508.7,1,,,,0.0,unmatched
Hecate Energy Frye Storage LLC,developer,503.9,1,,,,0.0,unmatched
Hecate Energy Gedney Hill LLC,developer,20.0,1,,,,0.0,unmatched
Hecate Energy Greene 1 LLC,developer,20.0,1,,,,0.0,unmatched
Hecate Energy Greene 2 LLC,developer,10.0,1,,,,0.0,unmatched
Hecate Energy Greene County 3 LLC,developer,20.0,1,,,,0.0,unmatched
Hecate Energy Gulf Wind LLC,developer,1029.4,1,,,,0.0,unmatched
Hecate Energy Harley Hand Solar LLC,developer,509.0,1,,,,0.0,unmatched
Hecate Energy Hazel LLC,developer,1118.2,2,,,,0.0,unmatched
Hecate Energy Johnstown LLC,developer,20.0,1,,,,0.0,unmatched
Hecate Energy LLC,developer,1542.0,1,,,,0.0,unmatched
Hecate Energy Longhorn Solar LLC,developer,653.7,1,,,,0.0,unmatched
Hecate Energy Longhorn Storage LLC,developer,508.7,1,,,,0.0,unmatched
Hecate Energy Ogalalla Solar LLC,developer,251.6,1,,,,0.0,unmatched
Hecate Energy Outpost Solar LLC,developer,517.3,1,,,,0.0,unmatched
Hecate Energy Outpost Storage LLC,developer,508.1,1,,,,0.0,unmatched
Hecate Energy Point Mountain LLC,developer,514.0,1,,,,0.0,unmatched
Hecate Energy Point Mountain Solar Facility 1 LLC,developer,410.2,1,,,,0.0,unmatched
Hecate Energy Ramsey LLC,developer,514.0,1,,,,0.0,unmatched
Hecate Energy Ramsey Storage LLC,developer,510.4,1,,,,0.0,unmatched
"Hecate Energy Riverhead, LLC",developer,7.5,1,,,,0.0,unmatched
Hecate Energy Tumbleweed Solar LLC,developer,613.9,1,,,,0.0,unmatched
Hecate Energy Tumbleweed Storage LLC,developer,507.2,1,,,,0.0,unmatched
"Hecate Energy, LLC",developer,50.0,1,,,,0.0,unmatched
Hecate Grid Clermont 1 LLC,developer,100.0,1,,,,0.0,unmatched
Hecate Grid Dragan Storage LLC,developer,408.3,1,,,,0.0,unmatched
Hecate Grid East Valley Storage LLC,developer,255.0,1,,,,0.0,unmatched
Hecate Grid Intrepid 1 LLC,developer,300.0,2,,,,0.0,unmatched
Hecate Grid Swiftsure LLC,developer,650.0,1,,,,0.0,unmatched
Hecate Grid Thunder Road Storage LLC,developer,153.4,1,,,,0.0,unmatched
"Hector Solar, LLC",developer,124.3,2,,,,0.0,unmatched
"Heelstone Development, LLC",developer,20.0,1,,,,0.0,unmatched
HelioSage,developer,310.0,3,,,,0.588,unmatched
"Helix Ravenswood, LLC",developer,521.8,5,,,,0.457,unmatched
Hemlock Ridge Solar LLC,developer,200.0,1,,,,0.0,unmatched
Heritage Solar LLC,developer,152.3,1,,,,0.759,unmatched
"Heritage Solar, LLC",developer,45.0,1,,,,0.759,unmatched
"Heritage Wind, LLC",developer,200.1,1,,,,0.762,unmatched
Hess Corporation,developer,250.0,1,,,,0.444,unmatched
Hickerson Solar,developer,316.3,1,,,,0.0,unmatched
"Hickling Storage, LLC",developer,90.0,1,,,,0.0,unmatched
Hidalgo Solar LLC,developer,181.9,2,,,,0.0,unmatched
"High Bridge Wind, LLC",developer,105.8,2,,,,0.692,unmatched
"High Lonesome  Wind, LLC",developer,100.0,1,,,,0.578,unmatched
"High Lonesome Storage, LLC",developer,51.1,1,,,,0.556,unmatched
"High Noon Solar Project, LLC",developer,276.0,2,,,,0.605,unmatched
"High Plateau Windfarm, LLC",developer,10.0,1,,,,0.581,unmatched
"High River Energy Center, LLC",developer,90.0,1,,,,0.593,unmatched
High Top Solar LLC,developer,80.0,1,,,,0.645,unmatched
Highbanks Solar LLC,developer,20.0,1,,,,0.625,unmatched
"Higher Power Energy, LLC",developer,2000.0,5,,,,0.714,unmatched
Highland Wind Energy L,developer,150.0,1,,,,0.688,unmatched
Highline BESS,developer,103.0,1,,,,0.571,unmatched
"Highpeak Solar, LLC",developer,10.0,1,,,,0.727,unmatched
"Hill PV, LLC",developer,70.4,1,,,,0.714,unmatched
"Hill Solar I, LLC",developer,406.1,1,,,,0.621,unmatched
"Hill Solar II, LLC",developer,302.2,2,,,,0.6,unmatched
"Hill Valley BESS, LLC",developer,245.8,1,,,,0.424,unmatched
Hilliard Energy,developer,150.0,1,,,,0.533,unmatched
Hillsboro Solar Energy Holdings LLC,developer,404.7,2,,,,0.571,unmatched
Hodson Energy Little Falls LLC,developer,161.2,2,,,,0.0,unmatched
Hodson Energy Rush LLC,developer,21.0,1,,,,0.0,unmatched
Holbrook Energy Storage,developer,400.0,1,,,,0.0,unmatched
"Holbrook Energy Storage, LLC",developer,336.8,2,,,,0.0,unmatched
Hollow Branch Creek Solar LLC,developer,712.0,1,,,,0.0,unmatched
"Holly Branch Solar, LLC",developer,346.4,2,,,,0.417,unmatched
"Hollyhock Solar, LLC",developer,40.0,2,,,,0.476,unmatched
Holstein Solar,developer,204.5,1,,,,0.0,unmatched
Holtsville Brookhaven Battery Storage,developer,79.9,1,,,,0.0,unmatched
"Holtsville Energy Storage, LLC",developer,110.0,1,,,,0.0,unmatched
Holtsville West Storage LLC,developer,50.0,1,,,,0.0,unmatched
Homer Solar Energy Center LLC,developer,90.0,1,,,,0.552,unmatched
Homestead Power LLC,developer,336.1,2,,,,0.7,unmatched
"Hondo Creek Solar, LLC",developer,161.1,2,,,,0.429,unmatched
"Honey Mesquite Wind Farm , LLC",developer,180.5,1,,,,0.419,unmatched
Honey Ridge Solar 1,developer,80.0,1,,,,0.5,unmatched
"Honey Ridge Solar 1, LLC",developer,225.0,2,,,,0.5,unmatched
"Honeycomb Solar, LLC",developer,61.1,1,,,,0.5,unmatched
Hopkins Energy LLC,developer,320.0,1,,,,0.0,unmatched
"Hopkins Energy, LLC",developer,187.5,1,,,,0.0,unmatched
Horizon Energy Storage Green Field,developer,203.2,1,,,,0.566,unmatched
Horizon Energy Storage Greenfield Project Holdings LLC,developer,508.6,2,,,,0.5,unmatched
"Horizon Solar, LLC",developer,204.1,1,,,,0.667,unmatched
Horizon Wind Energy,developer,3401.0,13,,,,0.714,unmatched
"Horizon Wind Energy, LLC",developer,81.8,2,,,,0.714,unmatched
Horn Wind,developer,200.0,1,,,,0.385,unmatched
Hornet Solar II LLC,developer,208.9,1,,,,0.562,unmatched
Hornet Solar LLC,developer,602.4,1,,,,0.621,unmatched
"Hornshadow Solar 2, LLC",developer,200.0,1,,,,0.457,unmatched
"Hornshadow, LLC",developer,100.0,1,,,,0.519,unmatched
"Horse Wrangler Solar Project, LLC",developer,353.4,2,,,,0.0,unmatched
Horseshoe Solar Energy LLC,developer,180.0,1,,,,0.0,unmatched
"Horseshoe Solar, LLC",developer,75.0,1,,,,0.0,unmatched
House Mountain LLC,developer,63.0,1,,,,0.519,unmatched
"Houston ESS, LLC",developer,125.4,1,,,,0.583,unmatched
"Howard Wind, LLC",developer,57.4,1,,,,0.583,unmatched
Howle Solar LLC,developer,90.0,2,,,,0.0,unmatched
"Huisache Solar, LLC",developer,226.3,2,,,,0.0,unmatched
"Hunter Solar, LLC",developer,100.0,1,,,,0.6,unmatched
Hwy 183 Solar LLC,developer,7.6,1,,,,0.0,unmatched
HyFuels Green Lake Solar LLC,developer,849.1,3,,,,0.0,unmatched
HyFuels Green Lake Wind LLC,developer,253.3,1,,,,0.0,unmatched
"Hyacinth Storage, LLC",developer,103.0,1,,,,0.0,unmatched
Hydroelectric Corporation,developer,694.0,2,,,,0.545,unmatched
"Hydroland Omega, LLC",developer,2.4,1,,,,0.667,unmatched
"Hydrostor USA Holdings, Inc , a subsidiary of Hydrostor Inc",developer,2000.0,4,,,,0.0,unmatched
"Hynes Bay Energy Storage, LLC",developer,101.2,1,,,,0.0,unmatched
I-eye Storage LLC,developer,10.0,1,,,,0.0,unmatched
IBV Energy Partners LLC,developer,180.0,1,,,,0.0,unmatched
IEP Tejas Verde LLC,developer,20.0,2,,,,0.0,unmatched
"IEP Texas Verde II, llc",developer,100.0,1,,,,0.0,unmatched
IMPACT SOLAR 1 LLC,developer,198.6,1,,,,0.581,unmatched
"IP Aragorn, LLC",developer,187.2,1,,,,0.0,unmatched
"IP Blackwell, LLC",developer,1160.9,2,,,,0.0,unmatched
"IP Cavell, LLC",developer,1160.9,2,,,,0.0,unmatched
"IP Elrond, LLC",developer,313.2,1,,,,0.0,unmatched
"IP Lumina BESS, LLC",developer,640.0,2,,,,0.0,unmatched
"IP Lumina II BESS, LLC",developer,640.0,2,,,,0.0,unmatched
"IP Lumina, LLC",developer,313.2,1,,,,0.0,unmatched
"IP Meitner, LLC",developer,1539.1,2,,,,0.0,unmatched
"IP QUANTUM II, LLC",developer,374.4,1,,,,0.0,unmatched
"IP QUANTUM, LLC.",developer,374.4,1,,,,0.0,unmatched
IP Quantum,developer,61.2,1,,,,0.0,unmatched
"IP Quantum BESS, LLC",developer,321.0,1,,,,0.0,unmatched
"IP Quantum II BESS, LLC",developer,321.1,1,,,,0.0,unmatched
IP RENEWABLE ENERGY HOLDINGS LLC,developer,326.6,1,,,,0.0,unmatched
"IP Radian BESS, LLC",developer,640.0,2,,,,0.0,unmatched
"IP Radian, LLC",developer,388.6,2,,,,0.0,unmatched
IP Renewable Energy Holdings LLC,developer,326.6,1,,,,0.0,unmatched
"IP Roman II, LLC",developer,1068.4,2,,,,0.0,unmatched
"IP Roman III, LLC",developer,1068.4,2,,,,0.0,unmatched
"IP Roman, LLC",developer,1747.2,2,,,,0.0,unmatched
"IP Spectrum, LLC",developer,400.0,1,,,,0.545,unmatched
IPA Coleto Creek LLC,developer,660.0,1,,,,0.0,unmatched
IPCO,developer,65.0,1,,,,0.0,unmatched
Iberdrola,developer,426.0,3,,,,0.0,unmatched
Iberdrola Renewables,developer,300.0,1,,,,0.0,unmatched
"Iberdrola Renewables, Inc.",developer,943.6,5,,,,0.0,unmatched
"Iberdrola Renewables, LLC.",developer,20.0,1,,,,0.0,unmatched
Idaho Power Company_x0014_Power Supply,developer,585.0,8,,,,0.533,unmatched
"Ignacio Grid, LLC",developer,101.5,1,,,,0.0,unmatched
Ignis TX Solar One LLC,developer,145.8,1,,,,0.0,unmatched
Ignis TX Solar Three LLC,developer,104.9,1,,,,0.0,unmatched
Ignis TX Solar Two LLC,developer,145.6,1,,,,0.0,unmatched
Iguala Solar LLC,developer,250.0,1,,,,0.0,unmatched
"Imperial Power Plant, LLC",developer,147.6,1,,,,0.769,unmatched
"In City I, LLC",developer,100.0,1,,,,0.0,unmatched
"In-City I, LLC",developer,550.0,1,,,,0.0,unmatched
"In-City, LLC",developer,550.0,1,,,,0.0,unmatched
"Inadale BESS, LLC",developer,286.7,1,,,,0.0,unmatched
"Inadale Solar, LLC",developer,281.0,1,,,,0.0,unmatched
Indeck,developer,654.0,1,,,,0.556,unmatched
Independence BESS LLC,developer,400.0,2,,,,0.828,unmatched
Indigo BESS LLC,developer,140.5,1,,,,0.552,unmatched
Indigo Solar 2,developer,180.0,1,,,,0.562,unmatched
"Indigo Solar, LLC",developer,557.9,2,,,,0.6,unmatched
Industrial Bravo Project II LLC,developer,152.3,1,,,,0.655,unmatched
Industrial Bravo Project LLC,developer,50.5,1,,,,0.655,unmatched
Industrial Delta Project LLC,developer,61.0,1,,,,0.691,unmatched
Industrial Golf Project LLC,developer,76.7,1,,,,0.667,unmatched
Industrial Kilo Project LLC,developer,188.2,1,,,,0.704,unmatched
Industrial Lima Project LLC,developer,202.5,2,,,,0.704,unmatched
Industrial November Project LLC,developer,1006.2,3,,,,0.621,unmatched
Industrial Papa Project LLC,developer,306.8,1,,,,0.63,unmatched
Ineos,developer,96.0,1,,,,0.571,unmatched
"Inertia Energy Storage, LLC",developer,113.8,2,,,,0.0,unmatched
"Inertia Solar Project, LLC",developer,202.4,1,,,,0.0,unmatched
"Inertia Wind Project, LLC",developer,350.0,1,,,,0.0,unmatched
Infinity Renewables,developer,50.0,1,,,,0.686,unmatched
Infinity Wind,developer,48.0,1,,,,0.69,unmatched
"Inland Port Renewable Energy, LLC",developer,60.0,1,,,,0.478,unmatched
Innergex,developer,875.6,4,,,,0.533,unmatched
"Innergex Renewables USA, LLC",developer,121.0,1,,,,0.385,unmatched
Innisfree Storage LLC,developer,52.5,1,,,,0.385,unmatched
"Innovative Energy System, Inc.",developer,9.6,2,,,,0.743,unmatched
Innovative Energy Systems,developer,17.6,1,,,,0.889,unmatched
Innovative Energy Systems Inc.,developer,6.4,1,,,,0.889,unmatched
Innovative Solar,developer,50.0,2,,,,0.774,unmatched
"Innovative Solar 134, LLC",developer,200.0,1,,,,0.686,unmatched
Innovative Solar 144,developer,60.0,1,,,,0.686,unmatched
Innovative Solar 145,developer,45.0,1,,,,0.686,unmatched
Innovative Solar 165,developer,45.0,1,,,,0.686,unmatched
"Innovative Solar 206, LLC",developer,300.0,1,,,,0.686,unmatched
"Innovative Solar 245, LLC",developer,390.0,5,,,,0.686,unmatched
"Innovative Solar 377, LLC",developer,145.0,1,,,,0.686,unmatched
"Innovative Solar 408, LLC",developer,85.0,1,,,,0.686,unmatched
"Innovative Solar 416, LLC",developer,180.0,1,,,,0.686,unmatched
Innovative Solar 75,developer,40.0,1,,,,0.706,unmatched
Intermountain Power Agency,developer,8003.5,21,,,,0.564,unmatched
"Intermountain Renewable Power, LLC",developer,38.6,2,,,,0.56,unmatched
International Power America,developer,50.0,1,,,,0.0,unmatched
Intersect Power,developer,795.0,2,,,,0.8,unmatched
Invenergy,developer,8768.0,28,,,,0.588,unmatched
Invenergy (Peak View),developer,60.0,1,,,,0.552,unmatched
Invenergy Energy Transition Development LLC,developer,888.0,1,,,,0.483,unmatched
Invenergy LLC,developer,120.0,1,,,,0.588,unmatched
Invenergy NY LLC,developer,16.2,1,,,,0.5,unmatched
"Invenergy NY, LLC",developer,148.5,1,,,,0.5,unmatched
Invenergy Solar Development LLC,developer,210.0,3,,,,0.538,unmatched
Invenergy Solar Development North America LLC,developer,365.0,4,,,,0.538,unmatched
"Invenergy Solar Development, LLC",developer,40.0,1,,,,0.538,unmatched
Invenergy Solar Project Development LLC,developer,1955.0,11,,,,0.467,unmatched
Invenergy Storage Development LLC,developer,217.2,7,,,,0.492,unmatched
"Invenergy Thermal Devel., LLC",developer,700.0,1,,,,0.56,unmatched
Invenergy Wind,developer,300.0,1,,,,0.514,unmatched
Invenergy Wind Development LLC,developer,504.1,3,,,,0.511,unmatched
Invenergy Wind Development North America LLC,developer,75.0,1,,,,0.511,unmatched
"Invenergy Wind, LLC",developer,405.9,3,,,,0.514,unmatched
"Invenergy, LLC",developer,289.0,1,,,,0.588,unmatched
Iris Bloom Solar Project,developer,151.8,1,,,,0.326,unmatched
"Iris Bloom Solar Project, LLC",developer,150.0,1,,,,0.326,unmatched
"Iron Belt Energy Storage Project, LLC",developer,401.9,1,,,,0.408,unmatched
Iron Springs BESS LLC,developer,80.0,1,,,,0.467,unmatched
"Iron Springs Solar, LLC",developer,80.0,1,,,,0.452,unmatched
"Island Park Energy Center, LLC",developer,757.0,3,,,,0.0,unmatched
J&J Solar Ranch LLC,developer,138.4,1,,,,0.4,unmatched
"J&R Power DevCo, LLC",developer,403.9,2,,,,0.0,unmatched
"JC Central Bluff, LLC",developer,603.1,3,,,,0.0,unmatched
JERA Americas Inc.,developer,168.0,6,,,,0.526,unmatched
"JSB1, LLC",developer,202.6,1,,,,0.0,unmatched
JUNO BESS,developer,355.2,1,,,,0.0,unmatched
"Jack County Power Development, LLC",developer,1320.0,2,,,,0.474,unmatched
Jackgard BESS,developer,200.6,1,,,,0.5,unmatched
"Jackpot Holdings, LLC",developer,120.0,6,,,,0.636,unmatched
"Jaguarundi Solar, LLC",developer,181.4,2,,,,0.6,unmatched
"Janis Solar, LLC",developer,20.0,1,,,,0.0,unmatched
"Jasper BESS, LLC",developer,201.1,1,,,,0.6,unmatched
Jefferson Energy Storage,developer,100.0,1,,,,0.703,unmatched
"Jerboa Storage, LLC",developer,402.2,2,,,,0.0,unmatched
Jericho Power Station LLC,developer,35.0,1,,,,0.0,unmatched
"Jericho Rise Wind Farm, LLC",developer,156.9,2,,,,0.0,unmatched
Jericho Solar Park,developer,100.0,1,,,,0.0,unmatched
Jericho Solar Park LLC,developer,100.0,1,,,,0.0,unmatched
Jim Wells ESS,developer,100.3,1,,,,0.0,unmatched
"Johnson Energy Storage, LLC",developer,203.0,1,,,,0.71,unmatched
"Johnson Grass Solar ,LLC",developer,195.8,1,,,,0.629,unmatched
"Jones City Solar II, LLC",developer,392.9,2,,,,0.621,unmatched
"Jones City Solar, LLC",developer,320.2,2,,,,0.692,unmatched
"Jordan Cove Energy Project, L.P.",developer,45.0,1,,,,0.0,unmatched
"Jordanville Wind, LLC",developer,80.0,1,,,,0.0,unmatched
Jourdanton BESS LLC,developer,9.8,1,,,,0.4,unmatched
"Journey Solar, LLC",developer,124.7,1,,,,0.643,unmatched
"Jugu Bn, LLC",developer,200.0,1,,,,0.0,unmatched
Juno Power Management,developer,300.0,1,,,,0.0,unmatched
Juno Power Management LLC,developer,2530.0,9,,,,0.0,unmatched
Jupiter Power LLC,developer,200.0,1,,,,0.0,unmatched
"Just Wind, LLC",developer,81.0,1,,,,0.0,unmatched
Juwi Solar,developer,100.0,1,,,,0.0,unmatched
"KCE ID 1, LLC",developer,330.0,1,,,,0.0,unmatched
"KCE NY 1, LLC",developer,40.0,2,,,,0.0,unmatched
"KCE NY 10, LLC",developer,20.0,1,,,,0.0,unmatched
KCE NY 11 LLC,developer,20.0,1,,,,0.0,unmatched
"KCE NY 12, LLC",developer,100.0,1,,,,0.0,unmatched
KCE NY 19 LLC,developer,80.0,1,,,,0.0,unmatched
"KCE NY 2, LLC",developer,200.0,1,,,,0.0,unmatched
"KCE NY 21, LLC",developer,120.0,2,,,,0.0,unmatched
"KCE NY 22, LLC",developer,90.0,1,,,,0.0,unmatched
"KCE NY 25, LLC",developer,12.0,2,,,,0.0,unmatched
"KCE NY 26, LLC",developer,120.0,2,,,,0.0,unmatched
"KCE NY 27, LLC",developer,100.0,2,,,,0.0,unmatched
"KCE NY 28, LLC",developer,90.0,2,,,,0.0,unmatched
"KCE NY 29, LLC",developer,229.0,2,,,,0.0,unmatched
"KCE NY 30, LLC",developer,100.0,2,,,,0.0,unmatched
"KCE NY 31, LLC",developer,100.0,2,,,,0.0,unmatched
"KCE NY 32, LLC",developer,79.0,1,,,,0.0,unmatched
"KCE NY 33, LLC",developer,20.0,1,,,,0.0,unmatched
"KCE NY 34, LLC",developer,113.0,2,,,,0.0,unmatched
"KCE NY 35, LLC",developer,200.0,1,,,,0.0,unmatched
"KCE NY 36, LLC",developer,150.0,1,,,,0.0,unmatched
"KCE NY 37, LLC",developer,150.0,1,,,,0.0,unmatched
KCE NY 38 LLC,developer,250.0,1,,,,0.0,unmatched
"KCE NY 38, LLC",developer,500.0,2,,,,0.0,unmatched
"KCE NY 41, LLC",developer,100.0,1,,,,0.0,unmatched
KCE NY 5 LLC,developer,94.0,1,,,,0.0,unmatched
"KCE NY 6, LLC",developer,20.0,1,,,,0.0,unmatched
KCE NY8 LLC,developer,20.0,1,,,,0.0,unmatched
"KCE TX 10, LLC",developer,103.8,1,,,,0.0,unmatched
"KCE TX 11, LLC",developer,51.8,1,,,,0.0,unmatched
"KCE TX 12, LLC",developer,104.6,1,,,,0.0,unmatched
"KCE TX 13, LLC",developer,51.5,1,,,,0.0,unmatched
"KCE TX 14, LLC",developer,218.2,2,,,,0.0,unmatched
"KCE TX 15, LLC",developer,104.6,1,,,,0.0,unmatched
"KCE TX 16, LLC",developer,100.0,1,,,,0.0,unmatched
"KCE TX 17, LLC",developer,209.0,1,,,,0.0,unmatched
"KCE TX 18, LLC",developer,209.0,1,,,,0.0,unmatched
"KCE TX 19, LLC",developer,51.5,1,,,,0.0,unmatched
"KCE TX 20, LLC",developer,103.8,1,,,,0.0,unmatched
"KCE TX 21, LLC",developer,51.5,1,,,,0.0,unmatched
"KCE TX 22, LLC",developer,52.2,1,,,,0.0,unmatched
"KCE TX 23, LLC",developer,50.0,1,,,,0.0,unmatched
"KCE TX 24, LLC",developer,70.4,1,,,,0.0,unmatched
"KCE TX 25, LLC",developer,51.9,1,,,,0.0,unmatched
"KCE TX 26, LLC",developer,100.6,1,,,,0.0,unmatched
"KCE TX 27, LLC",developer,103.5,1,,,,0.0,unmatched
"KCE TX 28, LLC",developer,103.5,1,,,,0.0,unmatched
KINGFISHER ENERGY STORAGE LLC,developer,104.4,1,,,,0.686,unmatched
"Kalmia Storage, LLC",developer,50.0,1,,,,0.0,unmatched
"Karankawa Wind, LLC",developer,98.3,1,,,,0.552,unmatched
Karol Solar III,developer,42.4,1,,,,0.435,unmatched
Karol Solar IV,developer,105.8,1,,,,0.455,unmatched
Kearsarge Solar,developer,20.0,1,,,,0.387,unmatched
"Keechi Wind, LLC",developer,102.0,1,,,,0.0,unmatched
Kennedy Bypass Solar LLC,developer,126.8,2,,,,0.467,unmatched
"Kerhonkson, LLC",developer,100.0,1,,,,0.0,unmatched
Kerrville Public Utility Board Public Facility Corporation,developer,121.8,1,,,,0.0,unmatched
KeySpan Energy Development Corp.,developer,79.9,1,,,,0.4,unmatched
KeySpan Energy for LIPA,developer,603.8,7,,,,0.432,unmatched
"KeySpan Energy, Inc.",developer,1315.9,9,,,,0.0,unmatched
KeySpan Ravenswood,developer,440.0,1,,,,0.359,unmatched
"Keys Hollow Solar, LLC",developer,408.2,2,,,,0.526,unmatched
"Kimberlite Solar Power, LLC",developer,175.0,1,,,,0.733,unmatched
"King County Wind Energy, LLC",developer,332.0,1,,,,0.6,unmatched
"King Creek Wind Farm 3, LLC",developer,47.2,1,,,,0.419,unmatched
Kingbird Solar NY LLC,developer,20.0,1,,,,0.56,unmatched
"Kinney County Energy,  LLC",developer,101.2,1,,,,0.0,unmatched
"Kiskadee Solar, LLC",developer,40.9,1,,,,0.0,unmatched
"Kiskadee Storage, LLC",developer,40.8,1,,,,0.0,unmatched
"Kiskadee Trail Solar, LLC",developer,406.0,1,,,,0.0,unmatched
"Kiskadee Trail Storage, LLC",developer,406.0,1,,,,0.0,unmatched
"Kit Fox Storage, LLC",developer,153.6,1,,,,0.0,unmatched
"Klamath Falls Bioenergy, LLC",developer,8.6,1,,,,0.0,unmatched
"Klamath Falls Solar 2, LLC",developer,2.9,1,,,,0.0,unmatched
"Klamath Geothermal No. 1 KL-01, LLC",developer,14.0,1,,,,0.0,unmatched
"Knickerbocker Energy Storage Project, LLC",developer,300.0,1,,,,0.0,unmatched
Knickerbocker Solar LLC,developer,241.3,1,,,,0.0,unmatched
"Knightdale Energy Center, LLC",developer,100.0,1,,,,0.5,unmatched
"Kota Storage, LLC",developer,200.6,1,,,,0.0,unmatched
Koyle Hydro Inc,developer,1.4,1,,,,0.0,unmatched
Kuna BESS LLC,developer,150.0,1,,,,0.0,unmatched
"Kurtz Solar, LLC",developer,101.9,1,,,,0.0,unmatched
"LA CASA WIND, LLC",developer,148.4,1,,,,0.0,unmatched
LCRA,developer,929.1,3,,,,0.0,unmatched
LI Energy Storage System,developer,60.0,3,,,,0.0,unmatched
"LI Energy Storage System, LLC",developer,20.0,1,,,,0.0,unmatched
"LI Solar Generation, LLC",developer,22.9,1,,,,0.0,unmatched
"LONE STAR INDUSTRIAL PARK, LLC",developer,166.0,1,,,,0.0,unmatched
LS Power Associated LP,developer,800.0,1,,,,0.0,unmatched
"LS Power Associates, LP",developer,600.0,2,,,,0.0,unmatched
"LS Power Development, LLC",developer,102.6,2,,,,0.0,unmatched
LUMINANT GENERATION COMPANY LLC,developer,110.0,1,,,,0.0,unmatched
"La Frontera Holdings, LLC",developer,66.0,1,,,,0.0,unmatched
"La Mancha Solar, LLC",developer,40.9,1,,,,0.0,unmatched
"La Mancha Storage, LLC",developer,40.9,1,,,,0.0,unmatched
La Patrona Floating Solar LLC,developer,54.4,1,,,,0.0,unmatched
La Sierrita Wind LLC,developer,70.0,1,,,,0.0,unmatched
"Lacy Creek Wind, LLC",developer,293.3,1,,,,0.0,unmatched
"Laho Solar, LLC",developer,3.0,1,,,,0.609,unmatched
Laidlaw Energy Group Inc.,developer,7.0,1,,,,0.0,unmatched
"Lake Erie Wind, LLC",developer,810.0,1,,,,0.571,unmatched
Lake Ronkonkoma Storage LLC,developer,100.0,1,,,,0.5,unmatched
"Lake Whitney Solar, LLC",developer,206.1,1,,,,0.419,unmatched
"Lakeview Cogeneration, LLC",developer,19.9,1,,,,0.522,unmatched
Landrace,developer,55.0,1,,,,0.667,unmatched
"Lane City Wind, LLC",developer,125.0,1,,,,0.0,unmatched
Langer Solar LLC,developer,249.8,1,,,,0.0,unmatched
"Langer Solar, LLC",developer,61.5,1,,,,0.0,unmatched
Lantana Solar LLC,developer,125.0,2,,,,0.593,unmatched
"Lapetus Energy Project, LLC",developer,100.0,1,,,,0.0,unmatched
Larkspur Energy Storage LLC,developer,307.5,1,,,,0.0,unmatched
"Las Lomas Wind Energy, LLC",developer,201.6,1,,,,0.621,unmatched
"Las Moras Storage, LLC",developer,101.0,1,,,,0.562,unmatched
Lateral 10 Venture,developer,2.6,1,,,,0.0,unmatched
"Latigo Wind Park, LLC",developer,60.0,1,,,,0.474,unmatched
"Laurel Energy Center, LLC",developer,702.6,2,,,,0.452,unmatched
Lavender Solar LLC,developer,183.0,1,,,,0.0,unmatched
Lavender Storage Project LLC,developer,231.9,1,,,,0.0,unmatched
"Lavita BESS, LLC",developer,606.0,1,,,,0.0,unmatched
"Lazy Frog Solar, LLC",developer,105.8,1,,,,0.0,unmatched
Lazy U ESS 1,developer,251.5,1,,,,0.0,unmatched
Lazy U ESS 2,developer,251.5,1,,,,0.0,unmatched
Lazy U Solar 1,developer,252.0,1,,,,0.0,unmatched
Lazy U Solar 2,developer,252.0,1,,,,0.0,unmatched
"LeRoy, LLC",developer,20.0,1,,,,0.0,unmatched
LectricWind LLC,developer,1605.6,3,,,,0.0,unmatched
Leeward Energy,developer,10.3,2,,,,0.0,unmatched
"Leeward Renewable Energy Development, LLC",developer,1079.6,6,,,,0.0,unmatched
"Legato Storage, LLC",developer,202.7,1,,,,0.667,unmatched
Leitsol LLC,developer,98.4,1,,,,0.0,unmatched
Lendlease Energy,developer,25.0,1,,,,0.6,unmatched
Lendlease Energy Development,developer,300.0,1,,,,0.375,unmatched
Leon BESS,developer,153.7,1,,,,0.588,unmatched
"Levy Grid, LLC",developer,150.0,1,,,,0.0,unmatched
"Lewis Staley Associates, Inc.",developer,1250.0,2,,,,0.0,unmatched
"Lewis Wind, LLC",developer,100.0,1,,,,0.0,unmatched
Liberty 1 Solar,developer,60.4,1,,,,0.714,unmatched
Liberty 1 Solar LLC,developer,60.1,1,,,,0.714,unmatched
Liberty Generating Co.,developer,130.0,1,,,,0.774,unmatched
Liberty Renewables,developer,97.3,2,,,,0.667,unmatched
Liberty Renewables Inc.,developer,917.3,11,,,,0.667,unmatched
Libra Storage LLC,developer,206.2,1,,,,0.0,unmatched
Light & Power Development,developer,1310.0,1,,,,0.562,unmatched
"Light & Power Development, LLC",developer,70.0,1,,,,0.562,unmatched
"Lighthouse Wind, LLC",developer,201.3,1,,,,0.667,unmatched
Lightning Ridge Storage LLC,developer,204.7,1,,,,0.588,unmatched
"Lightsource Renewable Energy Development, LLC",developer,80.0,1,,,,0.452,unmatched
"Lily Solar, LLC",developer,197.7,2,,,,0.0,unmatched
"Limestone Wind Project, LLC",developer,399.2,2,,,,0.0,unmatched
Limewood Bell Renewables LLC,developer,254.6,2,,,,0.0,unmatched
Lincoln Clean,developer,4940.8,12,,,,0.7,unmatched
Lincoln Clean Energy Development,developer,638.8,2,,,,0.455,unmatched
Lincoln Park DG LLC,developer,18.3,1,,,,0.636,unmatched
"Lincoln Renewable Energy, LLC",developer,147.0,2,,,,0.667,unmatched
"Lincoln Solar, LLC",developer,80.0,1,,,,0.7,unmatched
Lindahl Wind,developer,150.0,1,,,,0.526,unmatched
"Little Mac Power Company, Inc",developer,1.4,1,,,,0.609,unmatched
"Little Pond Solar, LLC",developer,20.0,1,,,,0.533,unmatched
Little Wood River Irrigation District,developer,2.9,1,,,,0.0,unmatched
"Live Oak Energy Storage, LLC",developer,310.2,1,,,,0.686,unmatched
Lobo Storage,developer,155.5,1,,,,0.414,unmatched
"Loma Pinta Wind Energy, LLC",developer,203.1,1,,,,0.0,unmatched
"London Leigh Solar, LLC",developer,600.0,1,,,,0.462,unmatched
Lonestar Wind Power,developer,41.0,1,,,,0.0,unmatched
"Long Island Cable, LLC",developer,940.0,3,,,,0.529,unmatched
Long Island Clean Energy Project LLC,developer,39.8,2,,,,0.571,unmatched
Long Island Solar Farm LLC,developer,32.0,1,,,,0.41,unmatched
"Long Mount Storage, LLC",developer,101.0,1,,,,0.5,unmatched
"Long Point Solar, LLC",developer,120.0,1,,,,0.462,unmatched
"Long Point Storage, LLC",developer,100.6,1,,,,0.429,unmatched
"Long Ridge Wind, LLP",developer,2.1,1,,,,0.444,unmatched
"Longbow BESS, LLC",developer,180.8,1,,,,0.483,unmatched
"Longbow Energy Storage, LLC",developer,155.0,1,,,,0.5,unmatched
"Longbow Solar, LLC",developer,80.0,1,,,,0.522,unmatched
Longday Solar,developer,200.8,1,,,,0.522,unmatched
Longfellow Power LLC,developer,107.0,1,,,,0.6,unmatched
Longhorn Storage LLC,developer,142.1,1,,,,0.462,unmatched
"Longroad Development Company, LLC",developer,300.0,1,,,,0.6,unmatched
Longroad Energy,developer,1030.4,5,,,,0.667,unmatched
"Los Vientos Windpower IB, LLC",developer,184.8,1,,,,0.0,unmatched
"Louise Storage, LLC",developer,150.9,1,,,,0.5,unmatched
Lower Colorado River Authority,developer,376.8,2,,,,0.481,unmatched
Lower Lowline LLC,developer,2.8,1,,,,0.571,unmatched
"Lower Ridge Windfarm, LLC",developer,10.0,1,,,,0.455,unmatched
Lucky Bluff BESS LLC,developer,100.8,1,,,,0.552,unmatched
"Lucky Star Wind, LLC",developer,500.0,1,,,,0.537,unmatched
Lucy?s Energy Reserve LLC,developer,300.0,2,,,,0.0,unmatched
Luminant,developer,2466.0,8,,,,0.0,unmatched
Luminant Generation Company LLC,developer,263.1,1,,,,0.0,unmatched
"Lund Storage Center 1, LLC",developer,407.6,1,,,,0.0,unmatched
"Lunis Creek Solar Project, LLC",developer,938.3,3,,,,0.0,unmatched
"Lupinus Solar 2, LLC",developer,518.9,4,,,,0.0,unmatched
"Lupinus Solar, LLC",developer,247.8,2,,,,0.0,unmatched
"Lyford Energy, LLC",developer,101.2,1,,,,0.0,unmatched
"Lyonsdale Biomass, LLC",developer,19.9,1,,,,0.435,unmatched
"M&G Resins USA, LLC",developer,51.0,1,,,,0.0,unmatched
"M-Bar Energy I, LLC",developer,112.3,2,,,,0.0,unmatched
M-Bar Solar Facility,developer,200.0,1,,,,0.0,unmatched
MALONEY BESS LLC,developer,202.6,1,,,,0.0,unmatched
"MC6 Hydro, LLC",developer,2.3,1,,,,0.0,unmatched
ME USA PROJECT II LLC,developer,418.5,1,,,,0.0,unmatched
ME USA Project I LLC,developer,213.8,1,,,,0.0,unmatched
"MERIT SI DEVELOPMENT, LLC",developer,14.0,4,,,,0.529,unmatched
"MERIT SI, LLC",developer,159.8,1,,,,0.667,unmatched
MESQUITE STAR SPECIAL LLC,developer,418.9,1,,,,0.0,unmatched
"MIDLOTHIAN ENERGY, LLC",developer,54.0,3,,,,0.375,unmatched
MN8 Energy Development Company LLC,developer,547.5,4,,,,0.0,unmatched
MN8 Energy Operating Company,developer,500.0,3,,,,0.0,unmatched
"MPH Bastrop Peakers, LLC",developer,1104.0,1,,,,0.0,unmatched
"MRG GOODY SOLAR PROJECT, LLC",developer,171.7,1,,,,0.0,unmatched
MRG Goody Solar Project LLC,developer,50.4,1,,,,0.0,unmatched
"Machias Solar, LLC",developer,20.0,1,,,,0.48,unmatched
"Machias Wind Farm, LLC",developer,368.7,3,,,,0.417,unmatched
"Macho Creek BESS, LLC",developer,150.6,1,,,,0.435,unmatched
Macquarie Cap,developer,320.0,2,,,,0.0,unmatched
"Madero Grid, LLC",developer,101.5,1,,,,0.667,unmatched
Madison Bell Partners LP,developer,550.0,1,,,,0.625,unmatched
"Magic Valley Energy, LLC",developer,3032.0,4,,,,0.516,unmatched
Magnolia Solar Development LLC,developer,221.3,1,,,,0.571,unmatched
Malachite Solar LLC,developer,184.6,1,,,,0.0,unmatched
Malachite Storage LLC,developer,191.1,1,,,,0.0,unmatched
"Malala Storage, LLC",developer,205.5,1,,,,0.0,unmatched
Maldives Solar LLC,developer,184.0,1,,,,0.0,unmatched
Mallard Energy Storage LLC,developer,257.3,1,,,,0.0,unmatched
Mallard Place LLC,developer,193.0,2,,,,0.0,unmatched
Manchester Solar NY LLC,developer,20.0,1,,,,0.667,unmatched
"Manorville Solar, LLC",developer,16.0,1,,,,0.0,unmatched
Maple Harvest Wind,developer,162.0,1,,,,0.519,unmatched
Marathon Power,developer,135.0,1,,,,0.667,unmatched
Marathon Power LLC,developer,59.0,1,,,,0.667,unmatched
"Marble River, LLC",developer,215.2,2,,,,0.533,unmatched
"Marcelina Solar, LLC",developer,203.2,1,,,,0.476,unmatched
"Marcus Energy Storage, LLC",developer,201.0,1,,,,0.6,unmatched
Mariah Acquisition,developer,217.5,1,,,,0.37,unmatched
Marick BESS,developer,50.2,1,,,,0.556,unmatched
Mariette Solar LLC,developer,301.4,1,,,,0.533,unmatched
"Mark One Energy Storage, LLC",developer,100.5,1,,,,0.538,unmatched
Mark One II LLC,developer,102.0,1,,,,0.588,unmatched
"Marshall Springs Solar, LLC",developer,150.0,1,,,,0.348,unmatched
"Marshall Springs Storage, LLC",developer,150.0,1,,,,0.333,unmatched
"Martha Fields Energy Center, LLC",developer,400.0,1,,,,0.45,unmatched
Martin Rd Solar LLC,developer,20.0,1,,,,0.645,unmatched
Martinez Energy Storage LLC,developer,203.0,1,,,,0.611,unmatched
"Maryneal Windpower, LLC",developer,182.4,1,,,,0.333,unmatched
Masroor Energy Storage LLC,developer,203.0,1,,,,0.0,unmatched
"Massey Storage, LLC",developer,102.9,1,,,,0.476,unmatched
"Mastodon Storage 1, LLC",developer,80.0,1,,,,0.429,unmatched
"Matagorda ESS, LLC",developer,200.6,1,,,,0.6,unmatched
Matagorda Solar LLC,developer,206.3,1,,,,0.545,unmatched
Maverick Clean Energy Center,developer,10.0,1,,,,0.0,unmatched
"Maverick Creek Wind, LLC",developer,492.0,2,,,,0.0,unmatched
"Maverick ESS, LLC",developer,185.6,1,,,,0.0,unmatched
McClure Solar LLC,developer,105.7,1,,,,0.0,unmatched
"McCommas Landfill Partners, LP",developer,45.0,1,,,,0.462,unmatched
"McCrae Energy Storage, LLC",developer,306.4,1,,,,0.0,unmatched
McMullen Pond LLC,developer,142.0,1,,,,0.0,unmatched
"Meadow Creek Project Company, LLC",developer,120.0,1,,,,0.0,unmatched
"Medina PV, LLC",developer,150.5,1,,,,0.632,unmatched
"Menard PV, LLC",developer,91.0,1,,,,0.0,unmatched
"Mendoza Trail BESS, LLC",developer,203.9,1,,,,0.0,unmatched
Merchant BESS LLC,developer,201.2,1,,,,0.667,unmatched
"Mercury II Solar, LLC",developer,206.1,1,,,,0.733,unmatched
Mercury Solar,developer,203.5,1,,,,0.741,unmatched
"Mercury Solar, LLC",developer,206.1,1,,,,0.741,unmatched
Merit SI,developer,150.0,1,,,,0.667,unmatched
"Mesa Power Pampa, LLC",developer,2350.0,3,,,,0.519,unmatched
"Mesa View Storage, LLC",developer,251.3,1,,,,0.529,unmatched
Meshek USA Inc.,developer,285.7,2,,,,0.0,unmatched
Mesquite Creek LLC,developer,150.5,1,,,,0.0,unmatched
"Mesquite Solar, LLC",developer,251.0,1,,,,0.0,unmatched
Mestenas Floating Solar LLC,developer,187.0,1,,,,0.0,unmatched
"Mesteno Windpower, LLC",developer,201.6,1,,,,0.0,unmatched
Mica BESS LLC,developer,80.4,1,,,,0.0,unmatched
"Microgrid Networks, LLC",developer,312.1,6,,,,0.519,unmatched
Middlebrook Solar LLC,developer,474.8,2,,,,0.56,unmatched
Middletown Energy Storage LLC,developer,200.0,2,,,,0.485,unmatched
"Middletown Energy Storage, LLC",developer,100.0,1,,,,0.485,unmatched
"Midnight Sun Energy Storage, LLC",developer,510.0,1,,,,0.0,unmatched
"Midpoint Solar, LLC",developer,149.2,2,,,,0.0,unmatched
Midway BESS Station LLC,developer,9.9,1,,,,0.0,unmatched
Milam 2 Solar,developer,33.7,1,,,,0.0,unmatched
"Milam Energy, LLC",developer,141.2,1,,,,0.0,unmatched
"Milano Solar, LLC",developer,206.8,1,,,,0.0,unmatched
"Milford Flat Solar, LLC",developer,3.0,1,,,,0.0,unmatched
"Milford Solar I, LLC",developer,99.0,1,,,,0.0,unmatched
"Milford Wind Corridor I, LLC Phase I",developer,200.0,1,,,,0.0,unmatched
"Milford Wind Corridor I, LLC Phase II",developer,200.0,1,,,,0.0,unmatched
Milky Way Power LLC,developer,151.8,1,,,,0.0,unmatched
"Mill Creek Wind Plant, LLC",developer,50.0,1,,,,0.5,unmatched
Millennium Power Gen Co. LLC,developer,480.0,2,,,,0.833,unmatched
Miller Wind,developer,203.0,1,,,,0.645,unmatched
Miller's Branch Solar LLC,developer,133.0,1,,,,0.562,unmatched
"Miller's Branch Solar, LLC",developer,378.0,2,,,,0.562,unmatched
Millican Solar Energy LLC,developer,60.8,1,,,,0.645,unmatched
"Mills Solar, LLC",developer,33.0,1,,,,0.636,unmatched
"Mills Storage, LLC",developer,33.0,1,,,,0.583,unmatched
Mills Tx Solar LLC,developer,235.4,2,,,,0.56,unmatched
Millsing BESS,developer,501.6,1,,,,0.5,unmatched
"Mineral Basin Solar Power, LLC",developer,623.6,2,,,,0.581,unmatched
Minerva Power Connection LLC,developer,900.0,2,,,,0.667,unmatched
"Minisink Valley Solar 1, LLC",developer,15.0,1,,,,0.458,unmatched
"Minnesota Methane, LLC",developer,4.0,1,,,,0.0,unmatched
"Miranda Solar Project, LLC",developer,261.4,1,,,,0.439,unmatched
Mirant,developer,1049.9,4,,,,0.615,unmatched
Misae Energy III,developer,400.0,1,,,,0.0,unmatched
Misae Solar IV LLC,developer,210.1,1,,,,0.0,unmatched
Mission Clean Energy,developer,200.0,1,,,,0.714,unmatched
Mission Clean Energy Devco LLC,developer,379.0,2,,,,0.588,unmatched
"Mission Clean Energy Devco, LLC",developer,339.0,2,,,,0.588,unmatched
Mission Clean Energy LLC,developer,200.8,1,,,,0.714,unmatched
Mistral Wind LLC,developer,40.0,2,,,,0.632,unmatched
"Mitchell Energy Facility, LLC",developer,20.0,1,,,,0.0,unmatched
"Mitsubishi Hitachi Power Systems Americas, Inc.",developer,70.0,5,,,,0.667,unmatched
Mittel Rockefeller Storage LLC,developer,206.8,1,,,,0.0,unmatched
"Moccasin Pointe Grid, LLC",developer,503.0,2,,,,0.0,unmatched
"Mockingbird Solar Center, LLC",developer,469.4,1,,,,0.0,unmatched
Mohawk Solar LLC,developer,90.5,1,,,,0.621,unmatched
"Momentum Bock, LLC",developer,125.4,1,,,,0.667,unmatched
Momentum Energy Storage Partners,developer,225.0,1,,,,0.667,unmatched
"Momentum Energy Storage Partners,LLC",developer,175.9,2,,,,0.667,unmatched
Momentum Headcamp LLC,developer,152.9,1,,,,0.56,unmatched
Momentum Hofbrau LLC,developer,180.7,1,,,,0.588,unmatched
Momentum LRC Holdco LLC,developer,151.1,1,,,,0.519,unmatched
Momentum Lager LLC,developer,31.1,1,,,,0.636,unmatched
"Momentum STOUT, LLC",developer,125.5,1,,,,0.727,unmatched
"Monarch Creek Wind Holdings, LLC",developer,279.0,1,,,,0.564,unmatched
Monarch Energy Development LLC,developer,502.0,1,,,,0.55,unmatched
Monaville Solar LLC,developer,100.0,1,,,,0.5,unmatched
Monroe County,developer,9.6,2,,,,0.556,unmatched
Montezuma Storage LLC,developer,50.6,1,,,,0.55,unmatched
"Montgomery Energy Storage 1, LLC",developer,20.0,1,,,,0.381,unmatched
"Monticello Hills Wind, LLC",developer,19.8,1,,,,0.419,unmatched
"Moonlight Flats Solar Power, LLC",developer,250.0,1,,,,0.375,unmatched
"Moonlit Bayou Energy Center, LLC",developer,209.2,1,,,,0.383,unmatched
"Moore Wind Power, LLC",developer,149.0,1,,,,0.0,unmatched
"Moores Hollow PV1, LLC",developer,42.0,1,,,,0.0,unmatched
Moresville Energy LLC,developer,99.0,1,,,,0.0,unmatched
"Morris Ridge Solar Energy Center, LLC",developer,177.0,1,,,,0.0,unmatched
"Morrow Lake Solar, LLC",developer,201.1,1,,,,0.0,unmatched
"Morrow Lake Storage, LLC",developer,201.1,1,,,,0.0,unmatched
"Morrow Street Storage 2, LLC",developer,38.0,1,,,,0.0,unmatched
"Mosby Butte Solar, LLC",developer,200.0,1,,,,0.0,unmatched
"Mosida Solar, LLC",developer,400.0,1,,,,0.0,unmatched
Moss Ridge Solar 1,developer,46.0,1,,,,0.0,unmatched
"Moss Ridge Solar 1, LLC",developer,60.0,1,,,,0.0,unmatched
"Motif Storage, LLC",developer,201.1,1,,,,0.0,unmatched
"Mount Hope Stand Alone Storage 1, LLC",developer,100.0,2,,,,0.467,unmatched
"Mountain Creek Power, LLC",developer,1145.7,2,,,,0.545,unmatched
Mountain Springs BESS,developer,150.5,1,,,,0.531,unmatched
"Mountain Wind Power II, LLC",developer,79.5,1,,,,0.636,unmatched
"Mountain Wind Power, LLC",developer,60.0,1,,,,0.562,unmatched
"Mud Cat Solar, LLC",developer,100.5,1,,,,0.0,unmatched
Muddy Creek Energy Park LLC,developer,199.0,1,,,,0.0,unmatched
"Mulberry Energy Storage 1, LLC",developer,260.0,2,,,,0.0,unmatched
Mule Deer Solar LLC,developer,226.8,1,,,,0.0,unmatched
"Mule Hollow Windfarm, LLC",developer,10.0,1,,,,0.0,unmatched
"Mustang Creek Solar, LLC",developer,301.3,2,,,,0.6,unmatched
Mustang Mountaineer Solar LLC,developer,329.6,1,,,,0.0,unmatched
MyPower Corporation,developer,640.0,1,,,,0.0,unmatched
"Myrtle Solar II, LLC",developer,100.0,1,,,,0.0,unmatched
"Myrtle Solar, LLC",developer,321.2,1,,,,0.0,unmatched
"Myrtle Storage, LLC",developer,151.2,1,,,,0.0,unmatched
NASA,developer,12.0,1,,,,0.0,unmatched
"NEER Interconnection Holdings, LLC",developer,200.0,1,,,,0.0,unmatched
NET Power,developer,453.0,1,NPWR,0001845437,Net Power Inc.,1.0,matched
NET Power LLC,developer,25.5,1,NPWR,0001845437,Net Power Inc.,1.0,matched
NIMO/Black River Power,developer,50.0,1,,,,0.0,unmatched
NM Renewable Development,developer,100.0,2,,,,0.0,unmatched
"NMRE Holdings, LLC",developer,240.6,1,,,,0.0,unmatched
NRG,developer,457.5,4,NRG,0001013871,"NRG ENERGY, INC.",1.0,matched
NRG Arthur Kill Storage LLC,developer,80.0,2,,,,0.0,unmatched
NRG Astoria Storage LLC,developer,179.9,5,,,,0.0,unmatched
"NRG Berrians East Development, LLC",developer,94.2,1,,,,0.0,unmatched
NRG Cedar Bayou 5 LLC,developer,697.0,1,,,,0.0,unmatched
NRG Energy,developer,200.0,1,NRG,0001013871,"NRG ENERGY, INC.",1.0,matched
"NRG Energy, Inc",developer,2736.0,4,NRG,0001013871,"NRG ENERGY, INC.",1.0,matched
"NRG Energy, Inc.",developer,2746.0,5,NRG,0001013871,"NRG ENERGY, INC.",1.0,matched
NRG THW GT LLC,developer,914.0,2,,,,0.0,unmatched
NRG Texas Power,developer,445.0,1,,,,0.0,unmatched
NRG Texas Power LLC,developer,455.0,1,,,,0.0,unmatched
"NRG/ Berrians I GT Power, LLC",developer,79.9,1,,,,0.0,unmatched
NSF Aurelius BESS,developer,100.0,1,,,,0.0,unmatched
NTE Energy,developer,630.0,2,,,,0.0,unmatched
NTUA,developer,75.0,1,,,,0.0,unmatched
NY DG Holding LLC,developer,18.3,1,,,,0.0,unmatched
NY Interconnection LLC,developer,3700.3,6,,,,0.0,unmatched
"NY North Country, LLC",developer,1058.2,3,,,,0.0,unmatched
NY Power Authority,developer,902.0,12,,,,0.0,unmatched
"NY Windpower, LLC",developer,127.5,2,,,,0.0,unmatched
NYC Energy,developer,300.0,2,,,,0.0,unmatched
NYC Energy LLC,developer,159.8,2,,,,0.0,unmatched
NYG Energy LLC,developer,150.0,1,,,,0.0,unmatched
NYPA,developer,2031.6,9,,,,0.0,unmatched
NYSEG Solutions,developer,40.0,1,,,,0.0,unmatched
NYSERDA,developer,14.5,1,,,,0.0,unmatched
"Nacogdoches Power, LLC",developer,400.0,2,,,,0.0,unmatched
National Grid Generation LLC,developer,392.0,8,,,,0.703,unmatched
"National Grid Generation, LLC",developer,49.0,1,,,,0.703,unmatched
National Renewable Solutions,developer,199.0,1,,,,0.578,unmatched
Naturgy Candela DevCo LLC,developer,80.0,4,,,,0.478,unmatched
"Nautilus Heavy Storage, LLC",developer,256.2,1,,,,0.5,unmatched
Navasota,developer,548.0,1,,,,0.615,unmatched
Navasota Energy LLC,developer,550.0,2,,,,0.615,unmatched
"Navasota Energy Management, LLC",developer,97.0,2,,,,0.0,unmatched
"Navasota Energy Partners, LP",developer,275.0,1,,,,0.615,unmatched
"Navasota Energy, LLC",developer,550.0,2,,,,0.615,unmatched
Navasota Wharton Energy Partners,developer,550.0,2,,,,0.476,unmatched
Navboot BESS LLC,developer,303.7,1,,,,0.0,unmatched
Navitas Energy LLC,developer,150.5,1,,,,0.714,unmatched
Navitas Energy- Meredian BESS,developer,31.2,1,,,,0.476,unmatched
"Neal Solar, LLC",developer,214.0,1,,,,0.0,unmatched
"Neches Solar, LLC",developer,200.9,1,,,,0.0,unmatched
Neptune Solar Energy Park LLC,developer,199.0,1,,,,0.571,unmatched
"Nerva Energy Storage, LLC",developer,101.2,1,,,,0.444,unmatched
Neutron Storage,developer,104.4,1,,,,0.636,unmatched
New Bremen Solar,developer,202.3,2,,,,0.533,unmatched
"New Bremen Solar, LLC",developer,100.0,1,,,,0.533,unmatched
New Castle ESS LLC,developer,500.0,1,,,,0.615,unmatched
New Hartford Solar LLC,developer,20.0,1,,,,0.625,unmatched
New Hickory Solar LLC,developer,209.2,1,,,,0.541,unmatched
New Scotland BESS,developer,1350.0,1,,,,0.621,unmatched
"New Shepherd Energy Center, LLC",developer,150.8,1,,,,0.571,unmatched
"Newberry I Solar, LLC",developer,74.5,1,,,,0.486,unmatched
Newport Deerfield Solar,developer,130.0,1,,,,0.571,unmatched
Newport Deerfield Solar LLC,developer,260.0,2,,,,0.571,unmatched
Nexamp,developer,2.0,1,,,,0.571,unmatched
Nexamp Solar,developer,181.7,10,,,,0.7,unmatched
Nexamp Solar LLC,developer,497.9,7,,,,0.7,unmatched
NextERA Energy,developer,165.4,1,NEE,0000753308,NEXTERA ENERGY INC,1.0,matched
NextEra,developer,100.0,1,NEE,0000753308,NEXTERA ENERGY INC,1.0,matched
NextEra Energy,developer,1117.0,7,NEE,0000753308,NEXTERA ENERGY INC,1.0,matched
NextEra Energy Interconnection Holdings LLC,developer,816.0,3,,,,0.526,unmatched
"NextEra Energy Interconnection Holdings, LLC",developer,5000.8,15,,,,0.526,unmatched
NextEra Energy Resources,developer,201.0,1,NEE,0000753308,NEXTERA ENERGY INC,1.0,matched
"NextEra Energy Resources Interconnection Holdings, LL",developer,750.0,3,,,,0.488,unmatched
"NextEra Energy Resources Interconnection Holdings, LLC",developer,2020.0,8,,,,0.526,unmatched
"NextEra Energy Resources, LLC",developer,625.8,5,NEE,0000753308,NEXTERA ENERGY INC,1.0,matched
Nextera,developer,6934.8,38,NEE,0000753308,NEXTERA ENERGY INC,1.0,matched
Nexus Renewables U.S. Inc.,developer,32.0,2,,,,0.468,unmatched
"Niagara Dolomite Solar, LLC",developer,180.0,1,,,,0.41,unmatched
"Niagara Falls Solar, LLC",developer,24.9,1,,,,0.333,unmatched
"Niagara Grid I, LLC",developer,20.0,1,,,,0.452,unmatched
Niagara NY Solar LLC,developer,20.0,1,,,,0.364,unmatched
"Niagara Shore Winds, LLC",developer,70.5,1,,,,0.444,unmatched
Nickel Spruce Solar LLC,developer,150.0,1,,,,0.0,unmatched
Nicole BESS,developer,151.0,1,,,,0.69,unmatched
"Nine Mile Point Nuclear, LLC",developer,168.0,1,,,,0.595,unmatched
"Noble Allegany Windpark, LLC",developer,100.5,1,,,,0.465,unmatched
"Noble Burke Windpark, LLC",developer,120.0,1,,,,0.5,unmatched
"Noble Chateaugay Windpark II, LLC",developer,19.5,1,,,,0.458,unmatched
"Noble Chateaugay Windpark, LLC",developer,106.5,1,,,,0.444,unmatched
Noble Environmental Power,developer,301.0,2,,,,0.581,unmatched
"Noble Environmental Power, LLC",developer,932.5,12,,,,0.581,unmatched
"Noble Wethersfield Windpark, LLC",developer,126.0,1,,,,0.426,unmatched
"Nopalosa Energy Storage, LLC",developer,205.0,1,,,,0.0,unmatched
"NorWest Energy 12, LLC",developer,4.8,1,,,,0.452,unmatched
"NorWest Energy 2, LLC",developer,10.0,1,,,,0.467,unmatched
"NorWest Energy 4, LLC",developer,4.8,1,,,,0.467,unmatched
"NorWest Energy 7, LLC",developer,10.0,1,,,,0.467,unmatched
"NorWest Energy 9, LLC",developer,6.0,1,,,,0.467,unmatched
"Noria Hondo Solar, LLC",developer,220.0,2,,,,0.0,unmatched
Normangee Solar LLC,developer,120.7,1,,,,0.0,unmatched
North Bergen Liberty Generating,developer,600.0,1,,,,0.0,unmatched
North Bergen Liberty Generating LLC,developer,1200.0,1,,,,0.0,unmatched
"North Bergen Liberty Generating, LLC",developer,1172.0,1,,,,0.0,unmatched
North Bergen Liberty Generation Center LLC,developer,1000.0,1,,,,0.0,unmatched
North Catskill DG LLC,developer,18.2,1,,,,0.0,unmatched
North Creek Solar LLC,developer,406.2,2,,,,0.0,unmatched
North Farm Solar LLC,developer,19.9,1,,,,0.667,unmatched
"North Foothills Energy Center, LLC",developer,200.0,2,,,,0.541,unmatched
North Fork Energy Storage,developer,100.5,1,,,,0.0,unmatched
"North Park Energy, LLC",developer,160.0,2,,,,0.889,unmatched
North Seneca Solar Project,developer,105.0,1,,,,0.588,unmatched
North Seneca Solar Project LLC,developer,19.9,1,,,,0.588,unmatched
"North Seneca Solar Project, LLC",developer,90.0,1,,,,0.588,unmatched
North Shore Energy Storage LLC,developer,100.0,1,,,,0.621,unmatched
"North Side Energy Center, LLC",developer,180.0,1,,,,0.545,unmatched
"North Slope Wind Farm, LLC",developer,109.5,1,,,,0.0,unmatched
Northbrook Lyons Falls,developer,2.5,1,,,,0.596,unmatched
Northbrook Lyons Falls LLC,developer,11.0,1,,,,0.596,unmatched
Northeast Utilities Service Co.,developer,660.0,1,,,,0.69,unmatched
Northern Wind,developer,50.0,1,,,,0.762,unmatched
NorthernStar,developer,70.0,1,,,,0.8,unmatched
"Northington Solar, LLC",developer,129.8,1,,,,0.615,unmatched
Northland Power U.S. Projects,developer,580.0,9,,,,0.629,unmatched
Northland Power U.S. Projects Inc,developer,390.0,2,,,,0.629,unmatched
Northland Power US Projects,developer,60.0,3,,,,0.71,unmatched
"Northline Energy Center, LLC",developer,200.0,1,,,,0.643,unmatched
Northrenew,developer,336.0,1,,,,0.778,unmatched
"Northside Energy Company, Inc.",developer,10.0,1,,,,0.706,unmatched
Northwest Wind Partners,developer,174.0,2,,,,0.769,unmatched
Northwestern Energy,developer,60.0,1,NWE,0001993004,"NorthWestern Energy Group, Inc.",1.0,matched
Notrees Windpower LP,developer,93.0,1,,,,0.0,unmatched
Nova Clean Energy LLC,developer,833.2,4,,,,0.588,unmatched
"Nova Clean Energy Real Estate, LLC",developer,200.8,1,,,,0.571,unmatched
NuCoastal Power Corporation,developer,621.0,2,,,,0.571,unmatched
Nucor Corporation,developer,2.0,1,NUE,0000073309,NUCOR CORP,1.0,matched
Number Three Wind LLC,developer,103.9,1,,,,0.0,unmatched
"Nymphaea Solar, LLC",developer,181.9,2,,,,0.0,unmatched
"O'Bannion Energy Storage, LLC",developer,306.4,1,,,,0.0,unmatched
OAK HILL SOLAR LLC,developer,201.1,1,,,,0.562,unmatched
OBERON SOLAR IA LLC,developer,180.0,1,,,,0.0,unmatched
OCI Alamo 1 LLC,developer,50.0,1,,,,0.0,unmatched
OCI La Salle ESS LLC,developer,503.9,1,,,,0.0,unmatched
OCI La Salle Solar LLC,developer,503.9,1,,,,0.0,unmatched
OCI LoneSun LLC,developer,101.5,1,,,,0.0,unmatched
OCI SOLAR POWER,developer,200.0,1,,,,0.0,unmatched
OCI SOLAR POWER LLC,developer,100.8,1,,,,0.0,unmatched
OCI Solar,developer,360.0,6,,,,0.0,unmatched
OCI Solar Power LLC,developer,240.7,2,,,,0.0,unmatched
OCI SunRoper LLC,developer,530.7,2,,,,0.0,unmatched
OCI SunShiner LLC,developer,130.0,1,,,,0.0,unmatched
"OCS-A 0522, LLC",developer,2806.0,2,,,,0.0,unmatched
OE Renewables,developer,280.0,1,,,,0.0,unmatched
OLD JACKSON SOLAR LLC,developer,129.3,1,,,,0.571,unmatched
"OM Power 1, LLC",developer,92.4,3,,,,0.0,unmatched
ONCOR,developer,53.0,1,,,,0.571,unmatched
"OR Solar 2, LLC",developer,10.0,1,,,,0.0,unmatched
"OR Solar 3, LLC",developer,10.0,1,,,,0.0,unmatched
"OR Solar 4, LLC",developer,60.0,1,,,,0.0,unmatched
"OR Solar 5, LLC",developer,8.0,1,,,,0.0,unmatched
"OR Solar 6, LLC",developer,10.0,1,,,,0.0,unmatched
"OR Solar 7, LLC",developer,10.0,1,,,,0.0,unmatched
"OR Solar 8, LLC",developer,10.0,1,,,,0.0,unmatched
ORION BESS,developer,355.2,1,,,,0.857,unmatched
"OSLH, LLC",developer,10.0,1,,,,0.0,unmatched
OW Ocean Winds East,developer,1600.0,1,,,,0.0,unmatched
"OW Ocean Winds East, LLC",developer,7200.0,5,,,,0.0,unmatched
OYA Solar CDG LLC,developer,115.0,1,,,,0.0,unmatched
"Oak Forest Solar and Storage, LLC (a Delaware LLC)",developer,100.0,1,,,,0.0,unmatched
Oak Grove Management Co. LLC,developer,1710.0,2,,,,0.564,unmatched
Oak Lane,developer,1.0,1,,,,0.538,unmatched
"Oak Point Property, LLC",developer,500.0,1,,,,0.432,unmatched
"Oak Tree Energy, LLC",developer,19.5,1,,,,0.444,unmatched
Oakdale BESS,developer,1117.0,1,,,,0.0,unmatched
Oakdale Battery Storage LLC,developer,120.0,1,,,,0.0,unmatched
Oaktree Development,developer,100.0,1,,,,0.545,unmatched
"Oberon Solar III, LLC",developer,205.5,1,,,,0.0,unmatched
Oberon Solar LLC,developer,301.6,1,,,,0.0,unmatched
"Oberon Solar V, LLC",developer,205.5,1,,,,0.0,unmatched
"Obsidian Renewables, LLC",developer,10.0,1,,,,0.6,unmatched
Occidental Energy Ventures Corp,developer,291.0,1,,,,0.714,unmatched
Ochoa Energy Storage II LLC,developer,501.7,1,,,,0.0,unmatched
Ochoa Energy Storage LLC,developer,260.8,1,,,,0.0,unmatched
Ogallala BESS LLC,developer,301.0,1,,,,0.0,unmatched
"Oklaunion Power Station, LLC",developer,680.0,1,,,,0.0,unmatched
"Old 300 Solar Center, LLC",developer,50.0,1,,,,0.474,unmatched
"Old 300 Storage Center, LLC",developer,251.4,1,,,,0.412,unmatched
Old Aqueduct LLC,developer,302.9,1,,,,0.533,unmatched
Old Aqueduct Solar,developer,511.6,1,,,,0.5,unmatched
"Old Mill Solar, LLC",developer,5.0,1,,,,0.486,unmatched
One Energy Renewables,developer,168.2,3,,,,0.571,unmatched
"OneEnergy Development, LLC",developer,205.0,12,,,,0.0,unmatched
"Ontario Valley Solar 1, LLC",developer,135.0,1,,,,0.0,unmatched
"Oorja Storage, LLC",developer,201.1,1,,,,0.0,unmatched
Ophelia Solar,developer,110.5,1,,,,0.0,unmatched
"Opuntia Solar, LLC",developer,102.0,1,,,,0.0,unmatched
"Oquirrh Energy Storage, LLC",developer,500.0,1,,,,0.0,unmatched
Orangeville Energy Storage LLC,developer,20.0,1,,,,0.512,unmatched
"Oregon Environmental Industries, LLC",developer,2.9,1,,,,0.0,unmatched
Oregon Institute of Technology,developer,2.0,2,,,,0.0,unmatched
Oregon State University,developer,7.7,4,,,,0.0,unmatched
"Oregon Wind Farms, LLC",developer,40.0,4,,,,0.0,unmatched
Oriana Solar LLC,developer,241.3,2,,,,0.0,unmatched
Oriden,developer,150.0,3,,,,0.0,unmatched
Oriden LLC,developer,120.0,3,,,,0.0,unmatched
Origis Development,developer,506.0,4,,,,0.649,unmatched
Origis Development LLC,developer,629.0,4,,,,0.649,unmatched
"Origis Development,",developer,74.9,1,,,,0.649,unmatched
Origis Energy,developer,148.7,1,,,,0.588,unmatched
Orion Energy,developer,500.0,1,ORN,0001402829,Orion Group Holdings Inc,1.0,matched
"Orion Energy, LLC",developer,385.0,4,ORN,0001402829,Orion Group Holdings Inc,1.0,matched
"Orion Power Generation, LLC",developer,144.8,1,,,,0.625,unmatched
Orion Renewable Resources LLC,developer,83.9,1,,,,0.615,unmatched
Orion US Land Holding Co LLC,developer,612.1,4,,,,0.737,unmatched
Orion Wind Resources,developer,91.0,1,,,,0.667,unmatched
"Ormat Nevada, Inc.",developer,22.6,2,,,,0.533,unmatched
"Orsted Onshore Development North America, LLC",developer,405.4,1,,,,0.0,unmatched
Oswego Clean Energy Holdings,developer,24.9,1,,,,0.0,unmatched
Oswego Clean Energy LLC,developer,24.9,1,,,,0.0,unmatched
Owego Solar LLC,developer,20.0,1,,,,0.0,unmatched
Owens Solar LLC,developer,203.5,1,,,,0.667,unmatched
OwnEnergy,developer,65.0,1,,,,0.0,unmatched
"Owyhee Energy Storage, LLC",developer,600.0,1,,,,0.0,unmatched
"Oxbow Hill Solar, LLC",developer,140.0,1,,,,0.0,unmatched
Oxy Renewable Energy,developer,16.2,1,,,,0.0,unmatched
Oxy Renewable Energy LLC,developer,265.0,1,,,,0.0,unmatched
"Oxy Vinyls, Inc",developer,66.0,1,,,,0.0,unmatched
OxyVinyls LP,developer,208.0,1,,,,0.0,unmatched
Oya Solar NY LP,developer,80.0,4,,,,0.0,unmatched
"Oya Solar NY, LP",developer,160.0,1,,,,0.0,unmatched
Oyster Creek LLC,developer,250.0,1,,,,0.0,unmatched
"Oystercatcher Solar, LLC",developer,218.1,1,,,,0.0,unmatched
Ozone Renewables,developer,20.0,1,,,,0.0,unmatched
PA-Fritz Kiln LLC,developer,300.0,1,,,,0.0,unmatched
PA-Hockenberry,developer,400.0,1,,,,0.0,unmatched
PA-Hockenberry LLC,developer,400.0,1,,,,0.0,unmatched
"PARIS SOLAR FARM, LLC",developer,41.7,1,,,,0.0,unmatched
PATTERN PANHANDLE WIND 3 LLC,developer,248.0,1,,,,0.486,unmatched
PERRY GREEN POWER LLC,developer,255.6,1,,,,0.556,unmatched
"PG&E/Liberty Gen. Co., LLC",developer,2200.0,3,,,,0.4,unmatched
PHR Holdings,developer,390.0,1,,,,0.0,unmatched
"PK Solar, LLC",developer,463.1,2,,,,0.0,unmatched
"PLUM CREEK SOLAR I, LLC",developer,400.0,1,,,,0.541,unmatched
PNM _x0013_ Generation,developer,230.0,2,,,,0.0,unmatched
POWER Engineers,developer,200.0,1,,,,0.0,unmatched
PP Jaguar BESS LLC,developer,314.2,1,,,,0.0,unmatched
PP Jaguar Solar LLC,developer,300.0,1,,,,0.0,unmatched
"PP&L Global, Inc.",developer,2200.0,8,,,,0.0,unmatched
"PPM Energy, Inc",developer,1052.0,5,,,,0.0,unmatched
"PPM Energy, Inc.",developer,166.0,2,,,,0.0,unmatched
"PPM Roaring Brook, LLC",developer,79.7,1,,,,0.0,unmatched
"PPM Roaring Brook, LLC / PPM",developer,78.0,1,,,,0.0,unmatched
PPM THR Solar,developer,108.5,1,,,,0.0,unmatched
PREMIER ENGINEERING USA CORP,developer,37.8,1,,,,0.629,unmatched
PREMIER ENGINEERING USA CORP.,developer,178.9,2,,,,0.629,unmatched
PSEG Power NY,developer,422.0,2,,,,0.0,unmatched
PSEG Power NY LLC,developer,11.0,2,,,,0.0,unmatched
"PUERTO DEL SOL, LLC",developer,427.6,2,,,,0.0,unmatched
"PVS 2, LLC",developer,125.0,1,,,,0.0,unmatched
Pace Global Energy Svcs,developer,242.0,1,,,,0.0,unmatched
Pachanga Wind LLC,developer,300.0,1,,,,0.0,unmatched
PacifiCorp,developer,33289.3,189,,,,0.72,unmatched
PacifiCorp Commercial & Trading,developer,4948.4,39,,,,0.538,unmatched
PacifiCorp Energy,developer,1498.0,23,,,,0.72,unmatched
PacifiCorp Energy Supply Management,developer,233.1,5,,,,0.471,unmatched
"Paddlewheel Solar, LLC",developer,200.0,2,,,,0.0,unmatched
"Padoma Wind Power, LLC",developer,320.0,2,,,,0.0,unmatched
Padre Solar LLC,developer,308.9,1,,,,0.0,unmatched
"Padua Grid, LLC",developer,403.4,3,,,,0.0,unmatched
"Palacios Bay Energy Storage, LLC",developer,101.2,1,,,,0.35,unmatched
Palladium Energy Storage LLC,developer,200.7,1,,,,0.483,unmatched
Palladium Storage LLC,developer,395.0,2,,,,0.483,unmatched
"Palm Bluff Energy Storage, LLC",developer,101.2,1,,,,0.279,unmatched
Palmera Solar Development LLC,developer,221.8,1,,,,0.48,unmatched
Palmvalley Energy Storage LLC,developer,100.0,1,,,,0.326,unmatched
"Pampa Energy Center, LLC",developer,165.0,1,,,,0.667,unmatched
Panda Funds,developer,1333.0,2,,,,0.538,unmatched
Panda Sherman Power LLC,developer,809.0,1,,,,0.571,unmatched
Panda Temple Power,developer,67.0,1,,,,0.444,unmatched
Panda Temple Power LLC,developer,790.0,1,,,,0.444,unmatched
Panhandle Solar Group Operating Company LLC,developer,1375.8,4,,,,0.0,unmatched
"Panther Creek Wind Farm I&II, LLC",developer,19.0,2,,,,0.357,unmatched
"Papley Storage, LLC",developer,102.9,1,,,,0.0,unmatched
"Paris Energy Storage, LLC",developer,204.5,1,,,,0.0,unmatched
"Paris Farm Solar, LLC",developer,441.0,2,,,,0.0,unmatched
Parliament Solar LLC,developer,484.6,1,,,,0.0,unmatched
"Parowan Solar Energy, LLC",developer,380.0,1,,,,0.0,unmatched
"Parowan Solar, LLC",developer,58.0,1,,,,0.0,unmatched
"Parthenon Energy, LLC",developer,101.2,1,,,,0.556,unmatched
Parula Energy Center,developer,250.9,1,,,,0.0,unmatched
Pattern Energy,developer,211.0,1,PTRN,0001811935,Pattern Group Inc.,1.0,matched
Pattern Energy Group,developer,200.0,1,PTRN,0001811935,Pattern Group Inc.,1.0,matched
Pattern Energy Wind Development,developer,402.0,1,,,,0.486,unmatched
"Pattern Panhandle Wind 2, LLC",developer,182.0,1,,,,0.486,unmatched
"Pattern Panhandle Wind, LLC",developer,540.0,2,,,,0.514,unmatched
Pattern Renewables,developer,249.4,1,,,,0.56,unmatched
"Pattersonville Solar Facility, LLC",developer,20.0,1,,,,0.0,unmatched
"Pattillo Branch Power Company, LLC",developer,1200.0,1,,,,0.545,unmatched
"Pavant Solar II, LLC",developer,50.0,1,,,,0.0,unmatched
"Pavant Solar III, LLC",developer,20.0,1,,,,0.0,unmatched
"Pavant Solar, LLC",developer,50.0,1,,,,0.0,unmatched
"Peacock Energy Project, LLC",developer,155.7,1,,,,0.312,unmatched
"Pearl Moon Solar, LLC",developer,208.0,1,,,,0.522,unmatched
"Pecan Springs Energy, LLC",developer,1012.1,5,,,,0.0,unmatched
Peconic River Energy Storage LLC d/b/a North Street Energy Storage,developer,150.0,1,,,,0.0,unmatched
"Pecos Power Plant, LLC",developer,225.6,1,,,,0.0,unmatched
Peekskill BESS LLC,developer,1000.0,2,,,,0.0,unmatched
"Peeler Solar, LLC",developer,209.8,1,,,,0.0,unmatched
"Pelton Lake Energy Storage, LLC",developer,101.2,1,,,,0.513,unmatched
"Penn Real Estate Group, LTD",developer,194.0,1,,,,0.545,unmatched
Pepper Solar Farm LLC,developer,120.7,1,,,,0.0,unmatched
"Pequin Energy Storage, LLC",developer,214.5,2,,,,0.0,unmatched
"Percy Farm Solar 1, LLC",developer,198.6,1,,,,0.0,unmatched
Permian Power I LLC,developer,440.0,1,,,,0.875,unmatched
Permian Power II LLC,developer,440.0,1,,,,0.824,unmatched
"Permian Wind, LLC",developer,35.0,1,,,,0.737,unmatched
"Perry Creek Solar, LLC",developer,102.0,1,,,,0.417,unmatched
"PetaWatt Holdings, Inc.",developer,200.0,1,,,,0.0,unmatched
"Pethrus BESS, LLC",developer,174.1,1,,,,0.0,unmatched
"Petra Nova, LLC (NRG)",developer,75.0,1,,,,0.455,unmatched
PetroLogistics PDH LLC,developer,60.0,1,,,,0.538,unmatched
Pettus BESS,developer,51.9,1,,,,0.0,unmatched
Petunia Storage Project LLC,developer,231.9,1,,,,0.0,unmatched
"Pez Rojo BESS, LLC",developer,217.2,1,,,,0.0,unmatched
"Phoenix Battery Storage, LLC",developer,104.4,2,,,,0.629,unmatched
"Phoenix Wind, LLC",developer,305.0,1,,,,0.783,unmatched
"Pianissimo Storage, LLC",developer,202.0,1,,,,0.0,unmatched
"Piedra Solar, LLC",developer,401.3,2,,,,0.519,unmatched
Pigeon Cove Power Company,developer,1.8,1,,,,0.0,unmatched
Pilot Rock Solar 1 LLC,developer,2.0,1,,,,0.0,unmatched
"Pilot Rock Solar 2, LLC",developer,3.0,1,,,,0.0,unmatched
"Pin Oak Creek Energy, LLC",developer,1200.0,1,,,,0.0,unmatched
Pine Barrens Storage LLC,developer,75.0,1,,,,0.435,unmatched
"Pine City Windfarm, LLC",developer,10.0,1,,,,0.432,unmatched
"Pine Forest Hybrid I, LLC",developer,200.7,1,,,,0.478,unmatched
"Pine Forest Hybrid II, LLC",developer,201.4,1,,,,0.468,unmatched
"Pine Forest Solar I, LLC",developer,301.5,1,,,,0.444,unmatched
Pingree Solar LLC,developer,130.0,1,,,,0.387,unmatched
"Pintail Pass BESS, LLC",developer,207.2,1,,,,0.462,unmatched
Pinyon Creek Solar LLC,developer,199.0,1,,,,0.0,unmatched
Pioneer Energy,developer,99.0,1,,,,0.583,unmatched
Pioneer Green,developer,201.0,1,,,,0.6,unmatched
"Pioneer Green Energy, LLC",developer,431.0,4,,,,0.6,unmatched
Pioneer Hutt Wind Energy LLC,developer,140.3,1,,,,0.706,unmatched
Pioneer Natural Resources,developer,576.0,2,,,,0.606,unmatched
"Pioneer Ridge, LLC",developer,71.4,1,,,,0.645,unmatched
"Pioneer Wind Park I, LLC",developer,80.0,2,,,,0.6,unmatched
"Pisgah Ridge 3, LLC",developer,101.4,1,,,,0.0,unmatched
"Pisgah Ridge Solar 2, LLC",developer,101.9,1,,,,0.0,unmatched
"Pisgah Ridge Solar, LLC",developer,253.8,1,,,,0.0,unmatched
Pitts Dudik II,developer,30.2,1,,,,0.0,unmatched
"Pivot 13, LLC",developer,20.0,1,,,,0.0,unmatched
Pivot Energy Development LLC,developer,119.4,6,,,,0.0,unmatched
"Placid Solar II, LLC",developer,74.9,1,,,,0.0,unmatched
"Placid Solar, LLC",developer,74.9,1,,,,0.0,unmatched
Platinum Energy Storage LLC,developer,309.5,1,,,,0.645,unmatched
"Plattsburgh Solar, LLC",developer,20.0,1,,,,0.5,unmatched
"Pleasant Solar, LLC",developer,74.9,1,,,,0.0,unmatched
"Pleasant Valley Solar, LLC",developer,200.0,1,,,,0.0,unmatched
Pledgor BESS,developer,100.3,1,,,,0.0,unmatched
"Pleiades Storage, LLC",developer,205.5,1,,,,0.0,unmatched
"Ponderosa Solar, LLC",developer,34.6,1,,,,0.0,unmatched
Poplar Energy Center,developer,60.0,1,,,,0.0,unmatched
"Poplar Energy Center, LLC",developer,80.0,2,,,,0.0,unmatched
"Port City Energy Storage, LLC",developer,101.2,1,,,,0.529,unmatched
"Port Jefferson Energy Storage, LLC",developer,568.0,2,,,,0.537,unmatched
"Porter Solar, LLC",developer,245.8,1,,,,0.581,unmatched
"Portside Energy Center, LLC",developer,82.2,2,,,,0.588,unmatched
"Post Trail Energy, LLC",developer,103.5,1,,,,0.571,unmatched
Post Wind Farm LP,developer,84.0,1,,,,0.474,unmatched
"Power County Wind Park North, LLC",developer,21.6,1,,,,0.0,unmatched
"Power County Wind Park South, LLC",developer,21.6,1,,,,0.0,unmatched
"Powers Butte Energy Center, LLC",developer,200.0,1,,,,0.516,unmatched
Powersite,developer,396.0,1,,,,0.667,unmatched
"Pradera Solar, LLC",developer,418.0,2,,,,0.0,unmatched
"Pradera Storage, LLC",developer,153.1,1,,,,0.0,unmatched
"Prairie Blossom Storage, LLC",developer,122.5,1,,,,0.6,unmatched
"Prairie City PV1, LLC",developer,30.0,1,,,,0.579,unmatched
Prairie Ethanol LLC,developer,2.0,1,,,,0.688,unmatched
Prairie Hill LLC,developer,300.0,1,,,,0.621,unmatched
"Prairie Switch Wind, LLC",developer,163.2,1,,,,0.611,unmatched
PrairieWinds ND1 Inc.,developer,121.0,3,,,,0.545,unmatched
PrairieWinds SD1 Inc.,developer,184.0,3,,,,0.545,unmatched
"Prattsburgh Wind, LLC",developer,147.0,1,,,,0.0,unmatched
Prineville Solar Energy LLC,developer,55.0,1,,,,0.621,unmatched
Pristine Sun,developer,100.0,1,,,,0.0,unmatched
Pro Energy Services LLC,developer,847.0,2,,,,0.0,unmatched
ProEnergy Services LLC,developer,847.0,2,,,,0.357,unmatched
"Project Orange Associates, LP",developer,420.0,1,,,,0.0,unmatched
Prologis Energy LLC,developer,168.0,2,PLD,0001045609,"Prologis, Inc.",1.0,matched
"Pronghorn Solar, LLC",developer,61.5,1,,,,0.0,unmatched
"Pronghorn Storage, LLC",developer,61.5,1,,,,0.0,unmatched
Prospector Storage LLC,developer,204.6,1,,,,0.647,unmatched
"Prospero Solar II, LLC",developer,250.0,1,,,,0.621,unmatched
Prost ESS LLC,developer,202.7,1,,,,0.632,unmatched
"Puckett Solar, LLC",developer,20.0,1,,,,0.0,unmatched
PureSky Development Inc,developer,694.0,4,,,,0.488,unmatched
PureSky Development Inc.,developer,100.0,1,,,,0.488,unmatched
"Purple Sage, LLC",developer,312.0,2,,,,0.64,unmatched
"Pyron Wind Farm, LLC",developer,30.2,1,,,,0.545,unmatched
QMB 1 Energy Storage,developer,250.0,1,,,,0.0,unmatched
"QMB 2 Energy Storage, LLC",developer,200.0,1,,,,0.0,unmatched
QMB1 Energy Storage,developer,300.0,1,,,,0.0,unmatched
"QMB2 Energy Storage, LLC",developer,200.0,1,,,,0.0,unmatched
"Quail Run Energy Partners, LP",developer,51.6,1,,,,0.444,unmatched
Quanah BESS LLC,developer,104.0,1,,,,0.588,unmatched
Quanah Solar 2,developer,370.5,1,,,,0.5,unmatched
Quanah Solar LLC,developer,506.4,1,,,,0.556,unmatched
Quantum,developer,1183.2,2,,,,0.875,unmatched
Quantum DPI Group,developer,50.0,1,,,,0.857,unmatched
Quantum DPI group,developer,22.0,1,,,,0.857,unmatched
Quantum Utility Generation,developer,81.0,1,,,,0.788,unmatched
"Quarter Horse Solar, LLC",developer,204.1,1,,,,0.5,unmatched
"Queensboro Development, LLC",developer,2620.0,2,,,,0.0,unmatched
"Quichapa 1, LLC",developer,3.0,1,,,,0.4,unmatched
"Quichapa 2, LLC",developer,3.0,1,,,,0.4,unmatched
"Quichapa 3, LLC",developer,3.0,1,,,,0.4,unmatched
"Quicksilver Solar, LLC",developer,200.0,1,,,,0.444,unmatched
"Quogue Energy Storage, LLC",developer,20.0,1,,,,0.0,unmatched
RANCHLAND WIND PROJECT LLC,developer,16.0,1,,,,0.0,unmatched
RC Solar Energy LLC,developer,80.0,1,,,,0.0,unmatched
"REBU BN, LLC",developer,300.0,1,,,,0.0,unmatched
RES America Developments,developer,335.0,2,,,,0.0,unmatched
RES America Developments Inc.,developer,19.8,1,,,,0.0,unmatched
RES Americas,developer,864.0,6,,,,0.0,unmatched
RES Americas Developments Inc.,developer,120.0,1,,,,0.0,unmatched
RES North America,developer,75.0,1,,,,0.0,unmatched
"REUT Origination, LLC",developer,16.5,6,,,,0.0,unmatched
RG&E,developer,644.1,7,,,,0.0,unmatched
"RIC Development, LLC",developer,79.9,1,,,,0.0,unmatched
RICAL LLC,developer,115.0,1,,,,0.0,unmatched
"ROBP Holdings, LLC",developer,157.7,1,,,,0.0,unmatched
"ROGERS DRAW ENERGY STORAGE, LLC",developer,145.6,1,,,,0.45,unmatched
"RP Wind NY, LLC",developer,149.2,2,,,,0.0,unmatched
"RRE Austin Solar, LLC",developer,120.0,2,,,,0.5,unmatched
RRE POWER STORAGE 1 LLC,developer,60.0,1,,,,0.378,unmatched
RRE Power LLC 1,developer,120.0,1,,,,0.0,unmatched
RWE,developer,479.8,2,,,,0.0,unmatched
"RWE Clean Energy Development, LLC",developer,1133.1,8,,,,0.0,unmatched
"RWE Clean Energy, LLC",developer,199.5,1,,,,0.0,unmatched
RWE Renewables,developer,765.3,5,,,,0.0,unmatched
"RWE Renewables Development, LLC",developer,2134.1,11,,,,0.0,unmatched
RWE Solar Dev,developer,125.0,1,,,,0.0,unmatched
"RWE Solar Developement, LLC",developer,120.0,1,,,,0.0,unmatched
RWE Solar Development,developer,960.0,6,,,,0.0,unmatched
"RWE Solar Development, LLC",developer,5708.2,30,,,,0.0,unmatched
Radial Power LLC (Radial Power BESS NY LLC),developer,5.0,1,,,,0.564,unmatched
Raghorn Solar LLC,developer,91.9,1,,,,0.0,unmatched
Raghorn Storage LLC,developer,91.7,1,,,,0.0,unmatched
"RamZ BESS, LLC",developer,512.2,2,,,,0.0,unmatched
Ramadi LLC,developer,140.0,1,,,,0.667,unmatched
Ramapo Storage Project 1,developer,500.0,1,,,,0.0,unmatched
Ramapo Storage Project 2,developer,500.0,1,,,,0.0,unmatched
Rambler Solar,developer,200.0,1,,,,0.526,unmatched
Ramsay Draw LLC,developer,103.0,1,,,,0.0,unmatched
"Ranchero Battery Facility, LLC",developer,150.0,1,,,,0.0,unmatched
"Ranchland Wind Project,LLC",developer,170.4,2,,,,0.0,unmatched
"Raven Solar, LLC",developer,122.7,1,,,,0.385,unmatched
"Raven Storage, LLC",developer,101.8,1,,,,0.643,unmatched
"Ravenswood Development, LLC",developer,187.0,1,,,,0.378,unmatched
Ravenswood Energy Storage 4,developer,12.0,1,,,,0.514,unmatched
Ray Ranch Solar LLC,developer,256.2,1,,,,0.0,unmatched
"Rayos Del Sol Solar Project, LLC",developer,200.0,2,,,,0.296,unmatched
Recurrent Energy,developer,1828.0,15,,,,0.0,unmatched
"Red Bridge Energy, LLC",developer,300.0,1,,,,0.6,unmatched
Red Egret LLC,developer,310.6,1,,,,0.632,unmatched
Red Hollow Renewable Energy LLC,developer,617.2,2,,,,0.486,unmatched
Red Tailed Hawk Solar LLC,developer,355.3,1,,,,0.526,unmatched
"Redbank, LLC",developer,650.0,2,,,,0.0,unmatched
Redding Tech West,developer,130.0,1,,,,0.522,unmatched
"Regan Solar, LLC",developer,20.0,1,,,,0.583,unmatched
Regeneron Solar LLC,developer,4.0,2,,,,0.609,unmatched
Regis Carrizo Springs LLC,developer,10.0,1,,,,0.468,unmatched
"Regis Continental, LLC",developer,9.8,1,,,,0.647,unmatched
"Regis Development I, LLC",developer,9.9,1,,,,0.533,unmatched
Regis Escondido LLC,developer,10.0,1,,,,0.5,unmatched
"Regis Falfurrias, LLC",developer,9.8,1,,,,0.545,unmatched
Regis Gears-Harris LLC,developer,9.9,1,,,,0.457,unmatched
Regis Goodwin LLC,developer,10.0,1,,,,0.556,unmatched
"Regis Gregory, LLC",developer,9.9,1,,,,0.556,unmatched
"Regis Hearn Road, LLC",developer,9.9,1,,,,0.545,unmatched
"Regis Hidden Valley, LLC",developer,9.9,1,,,,0.556,unmatched
Regis Laureles LLC,developer,9.8,1,,,,0.526,unmatched
Regis Leaky LLC,developer,9.9,1,,,,0.625,unmatched
Regis Mason LLC,developer,9.8,1,,,,0.625,unmatched
Regis Medina Lake LLC,developer,9.8,1,,,,0.588,unmatched
"Regis Medina, LLC",developer,10.0,1,,,,0.621,unmatched
Regis Milton LLC,developer,9.9,1,,,,0.588,unmatched
Regis Monte Cristo LLC,developer,9.8,1,,,,0.514,unmatched
"Regis Palacios, LLC",developer,9.9,1,,,,0.526,unmatched
"Regis Sinton-Pirate, LLC",developer,9.8,1,,,,0.611,unmatched
"Regis Utopia, LLC",developer,9.8,1,,,,0.588,unmatched
Reliant Energy,developer,540.0,2,,,,0.8,unmatched
"Remy Jade Generating, LLC",developer,306.0,1,,,,0.0,unmatched
"Remy Jade III Generating, LLC",developer,102.0,1,,,,0.0,unmatched
ReneSola Power Holdings LLC,developer,19.9,1,,,,0.6,unmatched
Renegade Renewable LLC,developer,515.7,1,,,,0.467,unmatched
Renesola Power Holdings LLC,developer,78.3,4,,,,0.6,unmatched
Renew Development HoldCo LLC,developer,260.0,1,,,,0.5,unmatched
"Renewable Energy Aggregators, Inc.",developer,900.0,3,,,,0.424,unmatched
"Renewable Energy Ventures, LLC",developer,101.5,1,,,,0.467,unmatched
"Renovo Energy Center, LLC",developer,1052.0,2,,,,0.667,unmatched
"Resaca Oasis Storage, LLC",developer,200.7,1,,,,0.0,unmatched
"Resilient NY Storage, LLC by Hanwha Energy USA Holdings Corporation, its Manager",developer,349.0,1,,,,0.0,unmatched
"Reunion Power, LLC",developer,70.0,1,,,,0.0,unmatched
Reveille BESS,developer,78.0,1,,,,0.514,unmatched
"Revolution Energy, LLC.",developer,35.0,1,,,,0.667,unmatched
"Revolve Vernal BESS, LLC",developer,20.0,1,,,,0.538,unmatched
"Rex BESS, LLC",developer,256.4,1,,,,0.0,unmatched
"Riata Management, LLC",developer,501.0,3,,,,0.0,unmatched
"Ridgeline Alternative Energy, LLC",developer,64.8,1,,,,0.615,unmatched
"Ridgeline Energy, LLC",developer,533.0,2,,,,0.667,unmatched
"Ridley Solar Project, LLC",developer,200.8,1,,,,0.0,unmatched
Riggs Energy Storage LLC,developer,303.5,1,,,,0.0,unmatched
Riley Solar LLC,developer,406.0,2,,,,0.0,unmatched
Rim Rock Power Partners,developer,200.0,2,,,,0.0,unmatched
Rio Grande River Solar LLC,developer,155.6,2,,,,0.5,unmatched
Rio Grande Solar LLC,developer,1180.2,2,,,,0.48,unmatched
"Rio Lago Solar, LLC",developer,124.7,1,,,,0.5,unmatched
"Rio Vista Solar, LLC",developer,553.7,1,,,,0.583,unmatched
"Rio Vista Storage, LLC",developer,103.4,1,,,,0.538,unmatched
Ripley-Westfield Wind LLC,developer,124.2,1,,,,0.0,unmatched
"Rising Solar, LLC",developer,40.0,2,,,,0.0,unmatched
"River Hill Power Co., LLC",developer,290.0,1,,,,0.64,unmatched
Riverbank Power Corporation,developer,7000.0,7,,,,0.615,unmatched
"Riverbend Renewables, LLC",developer,301.0,1,,,,0.514,unmatched
Riverhead Energy,developer,100.0,1,,,,0.538,unmatched
"Riverhead Solar 2, LLC",developer,36.0,1,,,,0.529,unmatched
Riverhead Solar Farm LLC,developer,20.0,1,,,,0.486,unmatched
"Riverhead Solar Farm, LLC",developer,24.0,1,,,,0.486,unmatched
"Riverline Energy Center, LLC",developer,200.0,1,,,,0.545,unmatched
"Riverside Solar, LLC",developer,100.0,1,,,,0.625,unmatched
Riviera Wind,developer,135.0,1,,,,0.438,unmatched
Roadrunner Crossing BESS,developer,40.0,1,,,,0.0,unmatched
"Roadrunner Crossing Wind Farm, LLC",developer,254.7,2,,,,0.0,unmatched
"Roadrunner Solar Project, LLC",developer,200.0,1,,,,0.0,unmatched
"Roadrunner Storage, LLC",developer,51.1,1,,,,0.4,unmatched
"Roaring Brook Windpower, LLC",developer,79.9,1,,,,0.0,unmatched
"Roaring Springs Solar, LLC",developer,252.0,1,,,,0.0,unmatched
"Robinson Grid, LLC",developer,300.0,1,,,,0.556,unmatched
Rock Creek Hydro LLC,developer,1.9,1,,,,0.562,unmatched
"Rock District Solar, LLC",developer,20.0,1,,,,0.552,unmatched
Rock N Roll Solar,developer,152.0,1,,,,0.606,unmatched
"Rock N' Roll Solar, LLC",developer,206.0,1,,,,0.606,unmatched
"Rock River I, LLC",developer,50.0,1,,,,0.571,unmatched
Rock Rose Energy Storage LLC,developer,211.5,1,,,,0.545,unmatched
"Rocket Solar, LLC",developer,125.0,2,,,,0.818,unmatched
"Rockhound Solar 1, LLC",developer,250.0,1,,,,0.545,unmatched
"Rockhound Solar 2, LLC dba ""Greyhound Solar""",developer,587.8,1,,,,0.377,unmatched
"Rocksdrift Energy Center, LLC",developer,300.0,1,,,,0.519,unmatched
"Rocky Mountain Energy Development, LLC",developer,558.9,3,,,,0.683,unmatched
"Rocky Mountain Energy Holdings, LLC",developer,350.0,3,RMGL,0002034288,Rocky Mountains Group Ltd,0.966,matched
"Rodeo Ranch Energy Storage, LLC",developer,310.6,2,,,,0.0,unmatched
Rolling Plain Solar,developer,503.9,1,,,,0.538,unmatched
Rolling Plains Solar,developer,150.4,1,,,,0.0,unmatched
Rolling Upland Wind Farm LLC,developer,159.6,2,,,,0.0,unmatched
"Rolling Upland Wind Farm, LLC",developer,59.9,1,,,,0.0,unmatched
Roma Storage,developer,150.0,1,,,,0.533,unmatched
Roma Storage LLC,developer,510.0,2,,,,0.533,unmatched
"Roscsol, LLC",developer,91.0,1,,,,0.0,unmatched
Rose Hill Solar LLC,developer,133.5,2,,,,0.0,unmatched
"Rose Quartz BESS, LLC",developer,101.4,1,,,,0.0,unmatched
"Rosebud Solar, LLC",developer,130.0,1,,,,0.0,unmatched
Roseburg Forest Products Inc.,developer,30.0,2,,,,0.0,unmatched
"Roseburg LFG Energy, LLC",developer,1.6,1,,,,0.0,unmatched
"Roseway Solar, LLC",developer,19.9,1,,,,0.0,unmatched
Rosharon BESS LLC,developer,104.0,1,,,,0.0,unmatched
Rosula Solar LLC,developer,145.7,2,,,,0.0,unmatched
Route 66 LLC,developer,300.0,1,,,,0.714,unmatched
Rowdy Creek Solar LLC,developer,527.7,2,,,,0.0,unmatched
"Roxton Solar, LLC",developer,218.8,2,,,,0.0,unmatched
Royal River LLC,developer,310.7,1,,,,0.706,unmatched
Rubicon Power LLC,developer,301.4,1,RUBI,0001943421,Rubico Inc.,0.923,matched
"Running Iron Solar, LLC",developer,204.7,1,,,,0.0,unmatched
"Rush Lake Solar, LLC",developer,99.0,1,,,,0.412,unmatched
"Rutile BESS, LLC",developer,100.7,1,,,,0.0,unmatched
"Rutland Center Solar 1, LLC",developer,185.0,2,,,,0.0,unmatched
Ryan Storage LLC,developer,50.0,1,,,,0.538,unmatched
S Power,developer,1128.5,6,,,,0.0,unmatched
S&S Renewables LLC,developer,2342.9,4,,,,0.0,unmatched
"S&S Renewables, LLC",developer,1536.6,2,,,,0.0,unmatched
S. F. Phosphates Limited Company,developer,11.0,1,,,,0.0,unmatched
SALTILLO STORAGE,developer,101.0,1,,,,0.0,unmatched
SATURN ENERGY STORAGE,developer,77.3,4,,,,0.0,unmatched
"SBESS TX 3, LLC",developer,9.9,1,,,,0.0,unmatched
SBESS TX 5 LLC,developer,9.9,1,,,,0.0,unmatched
SBESS TX 6 LLC,developer,9.9,1,,,,0.0,unmatched
SBESS TX 7 LLC,developer,9.9,1,,,,0.0,unmatched
SBESS TX 9 LLC,developer,9.9,1,,,,0.0,unmatched
SBESS TX10 LLC,developer,9.9,1,,,,0.0,unmatched
SBESS TX11 LLC,developer,9.9,1,,,,0.0,unmatched
SBESS TX12 LLC,developer,9.9,1,,,,0.0,unmatched
SBESS TX14 LLC,developer,9.9,1,,,,0.0,unmatched
SBESS TX16 LLC,developer,9.9,1,,,,0.0,unmatched
SBESS TX19 LLC,developer,9.9,1,,,,0.0,unmatched
SBESS TX25 LLC,developer,200.8,1,,,,0.0,unmatched
"SBMT Energy Center, LLC",developer,160.0,1,,,,0.0,unmatched
SCPSA,developer,6811.0,22,,,,0.0,unmatched
SCPSA/SCEG,developer,318.0,1,,,,0.0,unmatched
"SCS Energy, LLC",developer,500.0,1,,,,0.0,unmatched
"SE Juno, LLC",developer,166.1,1,,,,0.0,unmatched
"SE Titan, LLC",developer,270.0,1,,,,0.0,unmatched
SEAWAY WIND ENERGY LLC,developer,289.0,1,,,,0.667,unmatched
SED NY Holding LLC,developer,260.0,4,,,,0.0,unmatched
SED NY Holdings LLC,developer,640.0,14,,,,0.0,unmatched
"SEYMOUR HILLS WIND PROJECT, LLC",developer,30.2,1,,,,0.0,unmatched
SGIP-TC,developer,20.0,1,,,,0.0,unmatched
"SGT HOSKINS SOLAR PROJECT, LLC",developer,204.1,1,,,,0.0,unmatched
SIERRA DIABLO ENERGY STORAGE LLC,developer,203.8,1,,,,0.571,unmatched
SJRR Power LLC,developer,100.0,1,,,,0.0,unmatched
"SL Energy Power Plant I, LLC",developer,1264.3,1,,,,0.0,unmatched
"SL Portland, LLC",developer,39.7,2,,,,0.0,unmatched
"SL Selkirk, LLC",developer,19.9,1,,,,0.5,unmatched
"SL York, LLC",developer,19.9,1,,,,0.0,unmatched
SMT Dallas II LLC,developer,168.6,1,,,,0.0,unmatched
SMT Dallas III LLC,developer,9.9,1,,,,0.0,unmatched
SMT Dallas LLC,developer,9.9,1,,,,0.0,unmatched
"SMT Dallas V, LLC",developer,227.9,1,,,,0.0,unmatched
SMT Dallas VII LLC,developer,9.9,1,,,,0.0,unmatched
SMT Elm Mott BESS,developer,254.8,1,,,,0.0,unmatched
SMT Harlingen III LLC,developer,110.0,1,,,,0.0,unmatched
SMT Houston,developer,227.9,1,,,,0.0,unmatched
SMT Houston IV LLC,developer,168.6,1,,,,0.0,unmatched
SMT Houston V LLC,developer,9.9,1,,,,0.0,unmatched
SMT Houston XIV LLC,developer,9.9,1,,,,0.0,unmatched
SMT Ironman BESS LLC,developer,308.4,1,,,,0.0,unmatched
SMT McAllen II LLC,developer,97.4,1,,,,0.0,unmatched
"SMT Mercedes II, LLC",developer,227.9,1,,,,0.0,unmatched
SMT Mission II LLC,developer,9.9,1,,,,0.0,unmatched
SMT Olympic BESS LLC,developer,222.8,1,,,,0.0,unmatched
SMT Temple BESS LLC,developer,228.0,1,,,,0.0,unmatched
SMT Tyler LLC,developer,305.3,1,,,,0.0,unmatched
SOLEMIO LLC,developer,81.4,1,,,,0.5,unmatched
SOSA Energy Center LLC,developer,157.4,1,,,,0.0,unmatched
SOUTHERN SELECT ENERGY STORAGE LLC,developer,404.3,1,,,,0.625,unmatched
SP-Peregrine Solar LLC,developer,301.3,1,,,,0.0,unmatched
SR1 Shift Holdco I,developer,20.0,1,,,,0.0,unmatched
SR1 Shift NY I,developer,116.0,2,,,,0.0,unmatched
SRE,developer,39.8,2,,,,0.0,unmatched
SSEV C LLC,developer,40.0,1,,,,0.0,unmatched
STEC,developer,425.0,3,,,,0.0,unmatched
STP Nuclear Operating Company,developer,2700.0,1,,,,0.0,unmatched
"SUEZ Energy Generating NA, Inc",developer,100.0,1,,,,0.0,unmatched
SUNXI LLC,developer,82.8,1,,,,0.0,unmatched
SWEB Development USA,developer,20.0,1,,,,0.0,unmatched
SWEB Development USA LLC,developer,288.6,3,,,,0.0,unmatched
"SWEB Development USA, LLC",developer,345.4,6,,,,0.0,unmatched
"Sabertooth Solar, LLC",developer,20.0,1,,,,0.0,unmatched
"Sabin Solar Center, LLC",developer,20.0,1,,,,0.562,unmatched
Saddle Horn Station BESS LLC,developer,177.4,1,,,,0.476,unmatched
Saddle Horn Station LLC,developer,174.6,1,,,,0.541,unmatched
"Saddlehorn, LLC",developer,256.8,1,,,,0.5,unmatched
"Sage Solar I, LLC",developer,20.0,1,,,,0.0,unmatched
"Sage Solar II, LLC",developer,20.0,1,,,,0.0,unmatched
"Sage Solar III, LLC",developer,20.0,1,,,,0.0,unmatched
"Sagewood BESS, LLC",developer,100.6,1,,,,0.0,unmatched
Salazar Energy Storage LLC,developer,127.8,1,,,,0.636,unmatched
"Salt Lake Energy Systems, LLC",developer,3.2,1,,,,0.0,unmatched
Salt Rush Wind Energy LLC,developer,150.0,1,,,,0.0,unmatched
"Salt-Lick Solar, LLC",developer,510.0,1,,,,0.0,unmatched
"Salt-Lick Storage, LLC",developer,155.3,1,,,,0.0,unmatched
Saltgrass Storage LLC,developer,50.0,1,,,,0.0,unmatched
"Saluga Ranch Energy, LLC",developer,106.0,1,,,,0.0,unmatched
Samson Solar Energy II LLC,developer,203.0,1,,,,0.643,unmatched
Samson Solar Energy III LLC,developer,250.0,1,,,,0.621,unmatched
Samson Solar Energy LLC,developer,250.0,1,,,,0.72,unmatched
"Samsung Solar Energy 2, LLC",developer,201.1,1,,,,0.571,unmatched
San Angelo Solar 2 LLC,developer,178.2,1,,,,0.35,unmatched
"San Bernard Solar II, LLC",developer,302.9,2,,,,0.381,unmatched
"San Bernard Storage, LLC",developer,301.6,2,,,,0.39,unmatched
Sand Creek Wind,developer,75.0,1,,,,0.5,unmatched
Sandlot Energy LLC,developer,650.0,2,,,,0.571,unmatched
"Sandow Lakes Ranch Solar I, LLC",developer,287.2,1,,,,0.0,unmatched
"Sandow Lakes Ranch Solar II, LLC",developer,215.2,1,,,,0.0,unmatched
"Sandy Creek Energy Associated, LP",developer,925.0,1,,,,0.0,unmatched
Sandy Creek Solar LLC,developer,20.0,1,,,,0.462,unmatched
"Sapphire Sun Energy Center, LLC",developer,120.0,1,,,,0.0,unmatched
Saracen II Energy Storage LLC,developer,101.5,1,,,,0.378,unmatched
"Saragosa Del Sol Energy, LLC",developer,554.2,2,,,,0.514,unmatched
Saturn 1 wind,developer,300.0,1,,,,0.0,unmatched
Saturn 2,developer,150.0,1,,,,0.0,unmatched
Saturn Energy Storage,developer,17.1,1,,,,0.0,unmatched
Saturn Energy Storage LLC,developer,212.0,11,,,,0.0,unmatched
Saugerties Energy Storage,developer,50.0,1,,,,0.0,unmatched
"Savanna Prairie Solar, LLC",developer,354.8,1,,,,0.0,unmatched
"Savanna Prairie Storage, LLC",developer,114.4,1,,,,0.0,unmatched
Savannah Oaks Solar Project LLC,developer,201.0,1,,,,0.0,unmatched
"Savannah Oaks Solar Project, LLC",developer,261.5,1,,,,0.0,unmatched
"Savion, LLC",developer,125.0,1,,,,0.0,unmatched
"Sawtooth DevCo, LLC",developer,5300.0,4,,,,0.0,unmatched
Sayle Solar LLC,developer,122.4,1,,,,0.0,unmatched
Sayle Storage LLC,developer,122.3,1,,,,0.0,unmatched
Scandia Southwest,developer,400.0,2,,,,0.593,unmatched
Scandia Wind LLC,developer,600.3,1,,,,0.667,unmatched
Scatec Energy,developer,80.0,1,,,,0.0,unmatched
"Schenectady International, Inc.",developer,9.3,1,,,,0.0,unmatched
"Schoolhouse Solar, LLC",developer,150.8,1,,,,0.483,unmatched
"Schoolhouse Storage, LLC",developer,150.7,1,,,,0.483,unmatched
"Schwendiman Wind, LLC",developer,19.5,1,,,,0.333,unmatched
Scout Clean Energy,developer,300.0,1,,,,0.0,unmatched
SeaWest WindPower,developer,120.0,1,,,,0.417,unmatched
Seadrift Solar,developer,200.0,1,,,,0.636,unmatched
Sealy Power LLC,developer,205.3,1,,,,0.727,unmatched
"See 0616, 100 MW Initia",developer,286.0,1,,,,0.0,unmatched
Sempra Generation,developer,575.0,1,,,,0.522,unmatched
Senate Solar LLC,developer,409.4,2,,,,0.0,unmatched
Senator Aggreko Solar LLC,developer,251.0,1,,,,0.0,unmatched
Senator Aggreko Storage LLC,developer,153.1,1,,,,0.0,unmatched
"Seneca Energy II, LLC",developer,18.4,3,,,,0.667,unmatched
"Sepanta Wind Energy, LLC",developer,106.0,1,,,,0.0,unmatched
"Seragio BESS, LLC",developer,201.1,1,,,,0.5,unmatched
"Setauket Energy Storage, LLC",developer,145.3,5,,,,0.0,unmatched
"Setauket Fuel Cell Park, LLC",developer,19.6,1,,,,0.0,unmatched
"Setauket energy Storage, LLC",developer,65.3,1,,,,0.0,unmatched
"Seven Creek Energy, LLC",developer,530.0,2,,,,0.667,unmatched
Seven Flags BESS LLC,developer,102.7,1,,,,0.588,unmatched
Seventus,developer,302.5,1,,,,0.667,unmatched
"Sevier Power Company, LLC",developer,8.6,1,,,,0.0,unmatched
"Shady Hills Energy Center, LLC",developer,575.0,1,,,,0.0,unmatched
Shallow Seam Energy Storage,developer,400.0,1,,,,0.0,unmatched
"Shallow Seam Energy Storage, LLC",developer,400.0,1,,,,0.0,unmatched
"Shallow Valley Storage, LLC",developer,103.4,1,,,,0.0,unmatched
Shamrock Interconnection LLC,developer,223.9,1,,,,0.0,unmatched
"Shamrock Wind, LLC",developer,10.0,1,,,,0.0,unmatched
Shannon Solar LLC,developer,1221.6,1,,,,0.0,unmatched
"Shannon Wind, LLC",developer,18.7,1,,,,0.0,unmatched
"Shannon-1 Wind Farm, LLC",developer,49.6,2,,,,0.375,unmatched
Sharon Solar LLC,developer,39.6,2,,,,0.7,unmatched
"Shaula Energy Project II, LLC",developer,205.2,1,,,,0.0,unmatched
"Shaula Energy Project III, LLC",developer,205.2,1,,,,0.0,unmatched
Shaula Energy Project LLC,developer,86.9,1,,,,0.0,unmatched
"Shaula Energy Project, LLC",developer,205.2,1,,,,0.0,unmatched
"Shawnee Bottom Solar, LLC",developer,153.0,1,,,,0.424,unmatched
"Sheldon Energy, LLC",developer,112.5,1,,,,0.667,unmatched
Shell Wind Energy Inc.,developer,120.0,1,,,,0.667,unmatched
"Shell Windenergy, Inc. & Luminant",developer,2940.0,1,,,,0.0,unmatched
Shepard Energy Storage LLC,developer,260.2,1,,,,0.0,unmatched
Sherbino I Wind Farm LLC,developer,300.0,2,,,,0.611,unmatched
Shore Rd ESS LLC,developer,275.0,1,,,,0.643,unmatched
Shoreham Solar Commons LLC,developer,25.0,1,,,,0.421,unmatched
"Shorock Hydro, LLC",developer,3.0,2,,,,0.483,unmatched
"Shortsville Solar Center, LLC",developer,20.0,1,,,,0.5,unmatched
Shoshana Storage Project LLC,developer,221.0,1,,,,0.0,unmatched
"Sibyl Energy Storage, LLC",developer,151.5,1,,,,0.0,unmatched
Sid Richardson Carbon,developer,16.0,1,,,,0.0,unmatched
Sierra Madre Solar LLC,developer,255.2,1,,,,0.762,unmatched
Signal Hill Generating LLC,developer,122.8,1,,,,0.378,unmatched
"Sigurd Solar, LLC",developer,80.0,1,,,,0.0,unmatched
"Silver Birch BESS, LLC",developer,208.8,1,,,,0.667,unmatched
"Silver Birch Solar, LLC",developer,201.0,1,,,,0.621,unmatched
"Silver Dollar Solar Project, LLC",developer,455.0,2,,,,0.436,unmatched
"Silver Lake Solar, LLC",developer,24.9,1,,,,0.643,unmatched
"Silver Sage Windpower, LLC",developer,42.0,1,,,,0.619,unmatched
"Silver Spur Energy Center, LLC",developer,200.8,1,,,,0.774,unmatched
Silver Star II Power Partners,developer,200.0,1,,,,0.788,unmatched
"Silverbell Energy Center, LLC",developer,256.2,2,,,,0.643,unmatched
"Silverline Energy Center, LLC",developer,300.0,2,,,,0.6,unmatched
"Simpson Ridge Wind Farm, LLC",developer,400.0,3,,,,0.5,unmatched
Sithe Energies,developer,1660.0,2,,,,0.0,unmatched
"Sithe/Independence Power Partners, LP",developer,27.0,1,,,,0.0,unmatched
Six Shooter Floating Solar LLC,developer,54.3,1,,,,0.453,unmatched
"Sketch Book Storage 1, LLC",developer,100.0,1,,,,0.0,unmatched
Skipper Energy Storage LLC,developer,150.6,1,,,,0.0,unmatched
"Skull Creek Solar, LLC",developer,137.3,1,,,,0.0,unmatched
Sky Global Power,developer,51.4,1,,,,0.667,unmatched
"Sky Global Power 2, LLC",developer,150.0,1,,,,0.6,unmatched
"Sky Global Power Two, LLC",developer,474.0,2,,,,0.545,unmatched
"Sky High Solar, LLC",developer,20.0,1,,,,0.636,unmatched
Sky Solar Inc.,developer,25.6,2,,,,0.706,unmatched
"Skysol, LLC",developer,55.0,1,,,,0.0,unmatched
Slate Creek Hydro Associates LP,developer,4.2,1,,,,0.0,unmatched
"Sleepy Hollow BESS, LLC",developer,123.1,1,,,,0.533,unmatched
"Sligsol, LLC",developer,81.0,1,,,,0.0,unmatched
Sloan Energy Storage LLC,developer,200.9,1,,,,0.0,unmatched
"Smith II Battery Storage, LLC",developer,125.4,1,,,,0.591,unmatched
Smith Lake Solar,developer,467.0,2,,,,0.72,unmatched
"Smokey Avenue Wind, LLC",developer,18.0,1,,,,0.0,unmatched
Smokey Hollow Solar,developer,70.0,1,,,,0.0,unmatched
"Snowy Knoll Wind Project, LLC",developer,350.0,1,,,,0.5,unmatched
"Snyder Wind Farm, LLC",developer,17.6,1,,,,0.0,unmatched
SoCore Energy,developer,25.0,1,,,,0.0,unmatched
"Sol Sienta Solar, LLC",developer,501.9,1,,,,0.533,unmatched
Solaire Direct,developer,100.0,2,,,,0.526,unmatched
"Solar Alliance Freedom, Inc.",developer,2.0,1,,,,0.5,unmatched
Solar Generation,developer,117.8,1,,,,0.545,unmatched
"Solar Liberty Energy Systems, Inc.",developer,47.5,4,,,,0.6,unmatched
Solar Prime,developer,905.0,7,,,,0.667,unmatched
Solar Prime LLC,developer,142.0,2,,,,0.667,unmatched
Solar Star Bay City Storage,developer,201.6,1,,,,0.531,unmatched
"Solar Star Frontier BESS, LLC",developer,100.3,1,,,,0.478,unmatched
"Solar Star North Herty Storage, LLC",developer,125.4,1,,,,0.435,unmatched
"Solar Star Oregon II, LLC",developer,56.0,1,,,,0.524,unmatched
Solar Star Rhome Storage,developer,220.7,1,,,,0.512,unmatched
Solar Star Texas I (SunPower Corp),developer,51.0,1,,,,0.478,unmatched
"Solar Star Western Hills Storage, LLC",developer,160.0,1,,,,0.4,unmatched
SolarCity,developer,100.0,1,,,,0.75,unmatched
SolarGen Resources LLC,developer,252.3,1,,,,0.714,unmatched
"SolarReserve, LLC",developer,1.5,1,,,,0.632,unmatched
Solaris Energy Storage LLC,developer,270.0,1,,,,0.649,unmatched
"Soleil Solar, LLC",developer,1030.4,2,,,,0.476,unmatched
Soles Rest Solar LLC,developer,149.0,1,,,,0.48,unmatched
"Solheim Solar, LLC",developer,108.7,1,,,,0.0,unmatched
"Solitude Solar, LLC d/b/a U.S. Light Energy",developer,19.6,1,,,,0.367,unmatched
Solway Solar Energy LLC,developer,100.0,1,,,,0.0,unmatched
Somerset Operating Company LLC,developer,19.9,1,,,,0.0,unmatched
Somerset Solar Development LLC,developer,39.9,2,,,,0.0,unmatched
"Somerset Solar, LLC",developer,125.0,1,,,,0.0,unmatched
"Sonora High Noon, LLC",developer,204.1,1,,,,0.593,unmatched
Sour Lake Oil and Gas,developer,101.0,1,,,,0.526,unmatched
"Sour Lake Oil and Gas, LLC",developer,101.0,1,,,,0.526,unmatched
Sourdough Energy Storage LLC,developer,100.0,1,,,,0.444,unmatched
South Bennett Solar LLC,developer,240.0,1,,,,0.571,unmatched
South Cooper Solar LLC,developer,20.0,1,,,,0.667,unmatched
"South Fork Wind, LLC",developer,136.0,2,,,,0.667,unmatched
South Forks Joint Venture,developer,8.2,1,,,,0.56,unmatched
"South Mountain Wind, LLC",developer,18.0,1,,,,0.585,unmatched
South Suffolk Energy Storage,developer,100.0,1,,,,0.5,unmatched
"South Suffolk Energy Storage, LLC",developer,77.0,1,,,,0.5,unmatched
Southern California Public Power Authority,developer,19.2,2,,,,0.71,unmatched
Southern Power Company,developer,2125.0,7,SO,0000092122,SOUTHERN CO,1.0,matched
"Southern Tier Energy Center, LLC",developer,400.0,2,,,,0.638,unmatched
"Southfork Energy Storage, LLC",developer,306.4,1,,,,0.562,unmatched
"Southside Energy, LLC",developer,101.2,1,,,,0.706,unmatched
"Southwest Wind Energy, LLC",developer,49.0,1,,,,0.75,unmatched
Sowers Energy Storage LLC,developer,203.9,1,,,,0.0,unmatched
"Spanish Fork Wind Park 2, LLC",developer,18.9,1,,,,0.533,unmatched
Sparta Solar,developer,252.3,1,,,,0.621,unmatched
Spinnaker Wind,developer,94.0,1,,,,0.545,unmatched
Spinning Star Energy LLC,developer,1070.0,4,,,,0.571,unmatched
"Spring Canyon Energy, LLC",developer,550.0,1,,,,0.522,unmatched
Springer Storage,developer,79.9,1,,,,0.6,unmatched
"Springville BESS, LLC",developer,100.0,1,,,,0.692,unmatched
"Spur Energy Storage, LLC",developer,306.4,1,,,,0.0,unmatched
St. Elizabeth Medical Center,developer,2.3,1,,,,0.0,unmatched
St. Gall Energy Storage I LLC,developer,102.6,1,,,,0.0,unmatched
St. Gall Energy Storage LLC,developer,100.2,1,,,,0.0,unmatched
St. Gall Solar LLC,developer,207.0,1,,,,0.0,unmatched
"Staccato Storage, LLC",developer,202.7,1,,,,0.0,unmatched
"Stacy Solar Center, LLC",developer,20.0,1,,,,0.0,unmatched
"Stahlbush Island Farms, Inc.",developer,1.6,1,,,,0.0,unmatched
"Stampede Solar Project, LLC",developer,328.7,2,,,,0.0,unmatched
Star Dairy Solar LLC,developer,125.6,1,,,,0.733,unmatched
Star Grass Renewable Energy LLC,developer,150.0,1,,,,0.514,unmatched
Stargazer Solar LLC,developer,262.2,2,,,,0.69,unmatched
Stark Investments,developer,810.0,1,,,,0.564,unmatched
"Starling Solar, LLC",developer,166.6,2,,,,0.714,unmatched
"Starling Storage, LLC",developer,63.6,1,,,,0.667,unmatched
"Starlit Pasture Energy Center, LLC",developer,208.8,1,,,,0.524,unmatched
Starr Solar Ranch 1 LLC,developer,136.7,1,,,,0.606,unmatched
Starwood Energy,developer,460.0,2,,,,0.706,unmatched
State Line Wind Power LLC,developer,124.8,1,,,,0.519,unmatched
"State Line Wind Power, LLC",developer,124.8,1,,,,0.519,unmatched
Staten Island Power LLC,developer,500.0,1,,,,0.56,unmatched
"Steel Solar, LLC",developer,147.0,2,,,,0.64,unmatched
"Steel Winds, LLC",developer,15.0,1,,,,0.64,unmatched
"Stephens Ranch Wind Energy, LLC",developer,12.4,1,,,,0.357,unmatched
"Stephentown Regulation Services, LLC",developer,20.0,1,,,,0.0,unmatched
Steuben Rural,developer,4.8,1,,,,0.0,unmatched
Stillhouse Solar LLC,developer,212.6,1,,,,0.0,unmatched
Stinger Energy Storage LLC,developer,200.8,1,,,,0.0,unmatched
"Stockbridge Wind, LLC",developer,72.6,1,,,,0.4,unmatched
"Stockyard Grid, LLC",developer,150.6,1,,,,0.667,unmatched
Stone Creek Peaker LLC,developer,204.7,1,,,,0.581,unmatched
"Stoneridge Solar, LLC",developer,303.5,2,,,,0.769,unmatched
"Stonewall PV, LLC",developer,60.2,1,,,,0.56,unmatched
Stonewall Solar LLC,developer,145.0,1,,,,0.545,unmatched
"Stonewall Solar, LLC",developer,145.0,1,,,,0.545,unmatched
"Stony Creek Wind Farm, LLC",developer,92.8,1,,,,0.471,unmatched
"Strawberry Acres Energy Center, LLC",developer,156.7,1,,,,0.622,unmatched
"Sturgeon Pool BESS, LLC",developer,110.0,1,,,,0.424,unmatched
"Suez Energy, NA",developer,951.0,2,,,,0.0,unmatched
Suffolk BESS LLC,developer,79.7,1,,,,0.0,unmatched
Suffolk County Energy Storage II,developer,76.8,1,,,,0.0,unmatched
"Suffolk County Energy Storage II, LLC",developer,70.0,1,,,,0.0,unmatched
Sugar Maple Solar,developer,20.0,1,,,,0.0,unmatched
"Sugar Maple Solar, LLC",developer,125.0,1,,,,0.0,unmatched
Sugar Pine Solar Project LLC,developer,300.0,1,,,,0.0,unmatched
Sugaree Solar LLC,developer,251.4,1,,,,0.0,unmatched
Sugarloaf Clean Energy LLC,developer,100.6,1,,,,0.0,unmatched
Sullivan Solar LLC,developer,243.9,2,,,,0.0,unmatched
Sultan BESS,developer,203.8,1,,,,0.0,unmatched
Sumitomo,developer,211.0,1,,,,0.0,unmatched
Summit Energy,developer,240.0,1,,,,0.571,unmatched
"Summit Navarro, LLC",developer,775.0,1,,,,0.621,unmatched
Summit Wind Farm,developer,90.0,1,,,,0.688,unmatched
Sun Angel ESS LLC,developer,201.5,1,,,,0.5,unmatched
"Sun Cactus Solar Project, LLC",developer,183.8,2,,,,0.359,unmatched
Sun Edison,developer,42.0,1,,,,0.5,unmatched
Sun Power,developer,100.0,1,SUNI,0002070845,SUN,1.0,matched
Sun Valley Solar LLC,developer,466.4,3,,,,0.387,unmatched
SunChase Power,developer,180.0,1,,,,0.667,unmatched
SunEast Dog Corners Solar LLC,developer,20.0,1,,,,0.359,unmatched
SunEast Fairway Solar LLC,developer,20.0,1,,,,0.343,unmatched
SunEast Flat Hill Solar LLC,developer,20.0,1,,,,0.324,unmatched
SunEast Grassy Knoll Solar LLC,developer,20.0,1,,,,0.3,unmatched
SunEast Highview Solar LLC,developer,20.0,1,,,,0.5,unmatched
SunEast Hills Solar LLC,developer,20.0,1,,,,0.364,unmatched
SunEast Hilltop Solar LLC,developer,20.0,1,,,,0.343,unmatched
SunEast Scipio Solar LLC.,developer,18.0,1,,,,0.588,unmatched
SunEast Skyline Solar LLC,developer,20.0,1,,,,0.343,unmatched
SunEast Tabletop Solar LLC,developer,80.0,1,,,,0.333,unmatched
SunEast Valley Solar LLC,developer,20.0,1,,,,0.353,unmatched
SunEast Watkins Road Solar LLC,developer,20.0,1,,,,0.45,unmatched
SunEdison,developer,1092.3,8,,,,0.696,unmatched
SunPower,developer,465.0,6,SPWR,0001838987,SunPower Inc.,1.0,matched
SunShiner ESS LLC,developer,200.0,1,,,,0.581,unmatched
"SunWR, LLC",developer,301.7,1,,,,0.0,unmatched
Sunchase Power,developer,607.3,6,,,,0.667,unmatched
Sunfinity Renewables,developer,182.2,1,,,,0.0,unmatched
Sunflower Wind Proj.,developer,110.0,1,,,,0.0,unmatched
Sunlit Pines BESS LLC,developer,208.1,1,,,,0.444,unmatched
Sunlit Pines Energy Center LLC,developer,206.7,1,,,,0.474,unmatched
Sunny Knoll Solar LLC,developer,20.0,1,,,,0.0,unmatched
Sunnyside Energy LLC,developer,154.0,1,,,,0.0,unmatched
"Sunnyside Energy, LLC",developer,50.4,1,,,,0.0,unmatched
Sunpower Corporation,developer,150.0,1,SPWR,0001838987,SunPower Inc.,1.0,matched
Sunrise Wind LCC,developer,1050.0,1,,,,0.6,unmatched
Sunrise Wind LLC,developer,924.0,2,,,,0.615,unmatched
Sunrose Renewable Energy LLC,developer,300.9,1,,,,0.71,unmatched
Sunscape Renewable Energy LLC,developer,522.8,1,,,,0.444,unmatched
Sunset Energy Fleet LLC,developer,520.0,1,,,,0.5,unmatched
"Sunset Hill Solar, LLC",developer,20.0,1,,,,0.585,unmatched
"Sunset Ridge Energy Center, LLC",developer,9.9,1,,,,0.465,unmatched
Sunshine Energy LLC,developer,303.6,2,,,,0.615,unmatched
Superior Renewable Energy LLC,developer,200.0,1,,,,0.514,unmatched
"Sustainable Energy Strategies, Inc.",developer,248.0,1,,,,0.0,unmatched
"Swan Lake North Hydro, LLC",developer,415.8,1,,,,0.0,unmatched
"Sweeney Ranch Wind Park, LLC",developer,100.8,1,,,,0.0,unmatched
Sweet Valley Energy Center,developer,400.0,2,,,,0.552,unmatched
"Sweet Valley Energy Center, LLC",developer,300.0,2,,,,0.552,unmatched
"Sweetwater Solar, LLC",developer,80.0,1,,,,0.462,unmatched
Sweetwater Wind 3 LLC,developer,136.0,1,,,,0.519,unmatched
Sweetwaters Energy Center LLC,developer,125.0,1,,,,0.571,unmatched
Swenson Solar LLC,developer,806.8,1,,,,0.0,unmatched
"Swift Air Solar, LLC",developer,146.5,1,,,,0.0,unmatched
Swift Current Energy,developer,250.0,1,,,,0.0,unmatched
Swift Solar LLC,developer,300.0,1,,,,0.0,unmatched
"Swoose II, LLC",developer,101.0,1,,,,0.0,unmatched
"Symphony BESS, LLC",developer,612.0,1,,,,0.0,unmatched
"Synergy Biogas, LKc",developer,2.0,1,,,,0.621,unmatched
Sypert Branch Solar LLC,developer,261.1,1,,,,0.0,unmatched
"Syracuse, LLC",developer,79.0,1,,,,0.526,unmatched
"T2 EF Cogeneration, LLC",developer,25.0,1,,,,0.0,unmatched
"TAI Norton Solar, LLC",developer,128.5,1,,,,0.0,unmatched
TC Energy Solar LLC,developer,243.5,1,,,,0.0,unmatched
"TCI Renewable, LLC",developer,57.0,1,,,,0.0,unmatched
"TDY Industries Inc,",developer,14.0,1,,,,0.0,unmatched
TEERP Power Station LLC,developer,420.0,1,,,,0.0,unmatched
TEP,developer,600.0,3,,,,0.0,unmatched
"TEXAS SOLAR NOVA 1, LLC",developer,253.5,1,,,,0.514,unmatched
"TEXAS SOLAR NOVA 2, LLC",developer,201.1,1,,,,0.514,unmatched
TG East Wind Project LLC,developer,10.0,1,,,,0.0,unmatched
TIDWELL PRAIRIE II LLC,developer,200.0,1,,,,0.0,unmatched
TIPPSOL LLC,developer,150.4,1,,,,0.0,unmatched
"TJA Clean Energy, LLC",developer,40.0,2,,,,0.0,unmatched
"TMF Biofuels, LLC",developer,4.8,1,,,,0.0,unmatched
"TOCE BESS 1, LLC",developer,205.2,1,,,,0.0,unmatched
"TOCE TX BESS 2, LLC",developer,523.4,1,,,,0.0,unmatched
"TOCE TX BESS 3, LLC",developer,515.4,1,,,,0.0,unmatched
"TOCE TX BESS 4, LLC",developer,207.8,1,,,,0.0,unmatched
"TOCE TX BESS 5, LLC",developer,174.6,1,,,,0.0,unmatched
TRENT WIND FARM LLC,developer,6.4,1,,,,0.0,unmatched
TREX US Luthor LLC,developer,101.0,1,,,,0.533,unmatched
TX BESS 3 LLC,developer,102.2,1,,,,0.0,unmatched
"TX BESS 4, LLC",developer,71.3,1,,,,0.0,unmatched
"TX BESS 5, LLC",developer,104.4,1,,,,0.0,unmatched
"TX BESS 6, LLC",developer,100.4,1,,,,0.0,unmatched
TX BESS A LLC,developer,132.7,1,,,,0.0,unmatched
TX BESS B LLC,developer,252.0,1,,,,0.0,unmatched
"TX Firebird SB 6, LLC",developer,100.4,1,,,,0.0,unmatched
TX Gulf Solar 1 LLC,developer,100.2,1,,,,0.0,unmatched
"TX Jumbo Road Wind, LLC",developer,300.0,1,,,,0.0,unmatched
"TX Nazareth Solar, LLC",developer,204.0,1,,,,0.0,unmatched
"TX Palo Pinto SB 6, LLC",developer,150.8,1,,,,0.0,unmatched
TXP Holdings,developer,530.0,4,,,,0.0,unmatched
TXU Generation,developer,3781.0,2,,,,0.0,unmatched
TXU Power,developer,7039.0,9,,,,0.0,unmatched
Tabletop Solar NY LLC,developer,80.0,1,,,,0.519,unmatched
"Taconic Solar Center, LLC",developer,10.0,1,,,,0.0,unmatched
Taku Wind LLC,developer,20.0,1,,,,0.0,unmatched
"Talitha Energy Project, LLC",developer,61.4,1,,,,0.435,unmatched
Tanzanite Energy Storage LLC,developer,265.8,1,,,,0.0,unmatched
Taormina Storage Project LLC,developer,231.9,1,,,,0.0,unmatched
"Tapaderos Solar, LLC",developer,303.4,1,,,,0.0,unmatched
"Tapaderos Storage, LLC",developer,207.1,1,,,,0.0,unmatched
Taproot Solar LLC,developer,185.0,1,,,,0.0,unmatched
"Tasco Energy, LLC",developer,1.6,1,,,,0.0,unmatched
"Tasco Engineering, Inc.",developer,1.7,1,,,,0.0,unmatched
Taurbeng LLC,developer,300.8,1,,,,0.0,unmatched
Taurus Wind LLC,developer,1000.0,1,,,,0.0,unmatched
Tawakoni Park Solar LLC,developer,258.8,1,,,,0.0,unmatched
"Tayandenega Solar, LLC",developer,20.0,1,,,,0.0,unmatched
"Taylor Biomass Energy-Montgomery, LLC",developer,22.5,1,,,,0.462,unmatched
"Techne BESS, LLC",developer,202.7,1,,,,0.571,unmatched
Tehuacana Creek Solar LLC,developer,1071.0,2,,,,0.0,unmatched
"Tejano Storage, LLC",developer,152.0,1,,,,0.0,unmatched
Tejas Power Generation LLC,developer,143.7,1,,,,0.0,unmatched
Telogia Biomass,developer,14.0,1,,,,0.5,unmatched
Tempus Power management LLC,developer,1690.9,14,,,,0.615,unmatched
Tenaska,developer,1534.0,2,,,,0.714,unmatched
"Tenaska Solar XVII, LLC",developer,150.0,1,,,,0.4,unmatched
"Tenaska Solar XVIII, LLC",developer,50.0,1,,,,0.385,unmatched
"Tenaska Trailblazers Partners, LLC",developer,850.0,1,,,,0.564,unmatched
Terna Energy,developer,465.1,3,,,,0.625,unmatched
Terra-Gen,developer,2909.4,12,,,,0.737,unmatched
Terra-Gen Development Company,developer,370.0,2,,,,0.571,unmatched
"Terra-Gen Development Company, LLC",developer,1030.8,4,,,,0.571,unmatched
"Terra-Gen Development, LLC",developer,1350.0,11,,,,0.571,unmatched
"TerraGen Power, LLC",developer,315.0,3,,,,0.778,unmatched
Tesoro Refining & Marketing Company,developer,25.0,1,,,,0.0,unmatched
Tex-Bar ESS LLC,developer,201.5,1,,,,0.0,unmatched
Texas A&M,developer,45.0,1,,,,0.593,unmatched
Texas American Power,developer,59.0,1,,,,0.5,unmatched
"Texas Bluebonnet Solar Partners, LLC",developer,9.7,1,,,,0.564,unmatched
"Texas Central Rail Holdings, LLC",developer,200.0,4,,,,0.564,unmatched
Texas GULF WIND 2 LLC,developer,47.9,1,,,,0.514,unmatched
Texas Gulf Wind LLC,developer,283.0,1,,,,0.545,unmatched
Texas Land Partners,developer,1375.0,7,,,,0.714,unmatched
Texas Land Partners LP,developer,200.0,1,,,,0.714,unmatched
"Texas Land Partners, LLC",developer,60.0,1,,,,0.714,unmatched
Texas Rose II,developer,150.0,1,,,,0.714,unmatched
"Texas Sage Solar Project, LLC",developer,100.7,1,,,,0.489,unmatched
"Texas Solar Nova 1, LLC",developer,200.2,1,,,,0.514,unmatched
The Capital Group San Antonio,developer,1.8,1,,,,0.647,unmatched
"The Commodore Storage, LLC",developer,750.0,3,,,,0.552,unmatched
The NY Power Authority,developer,130.0,1,,,,0.0,unmatched
"Themisto Solar, LLC",developer,301.2,1,,,,0.0,unmatched
Thermal Energy Corp.,developer,50.0,1,,,,0.667,unmatched
Thermal Energy Corporation,developer,50.0,1,,,,0.667,unmatched
"Thermo No. 1 BE-01, LLC",developer,14.0,2,,,,0.39,unmatched
Third Coast BESS LLC,developer,102.8,1,,,,0.789,unmatched
Third Party,developer,3389.2,34,,,,0.485,unmatched
Third Planet Wind,developer,200.0,1,,,,0.462,unmatched
Third Planet Wind Power,developer,100.0,1,,,,0.462,unmatched
Third Planet Windpower LLC,developer,502.0,2,,,,0.409,unmatched
"Third Planet Windpower, LLC",developer,150.0,1,,,,0.409,unmatched
Thirsty Valley Solar Energy LLC,developer,300.0,1,,,,0.524,unmatched
Thomas Cameron BESS LLC,developer,201.5,1,,,,0.474,unmatched
Thomason Construction LLC,developer,200.0,1,,,,0.5,unmatched
"Thornton Ranch Solar, LLC",developer,180.0,1,,,,0.457,unmatched
Three Buttes Windpower,developer,99.0,1,,,,0.444,unmatched
Three Canes Solar LLC,developer,333.0,1,,,,0.55,unmatched
"Three Peaks Power, LLC",developer,80.0,1,,,,0.556,unmatched
"Three Peaks Solar Energy, LLC",developer,20.0,1,,,,0.5,unmatched
Three Springs Interconnection A LLC,developer,40.0,1,,,,0.556,unmatched
Three Springs Interconnection B LLC,developer,80.0,1,,,,0.556,unmatched
Three Springs Interconnection C LLC,developer,40.0,1,,,,0.556,unmatched
Three W Solar LLC,developer,110.9,1,,,,0.5,unmatched
"Threemile Canyon Wind, LLC",developer,9.9,1,,,,0.5,unmatched
"Throckmorton Wind, LLC",developer,225.6,1,,,,0.0,unmatched
"Thunderbird Solar, LLC",developer,204.1,1,,,,0.585,unmatched
Thunderbird Valley  Storage,developer,150.4,1,,,,0.48,unmatched
Tidwell Prairie III LLC,developer,200.0,1,,,,0.0,unmatched
Tidwell Prairie LLC,developer,403.5,2,,,,0.0,unmatched
"Tierken Storage 1, LLC",developer,50.0,1,,,,0.5,unmatched
Tierra Blanco Solar LLC,developer,408.2,1,,,,0.588,unmatched
"Tierra Energy, LLC",developer,240.0,1,,,,0.476,unmatched
Tierra Seca BESS LLC,developer,102.7,1,,,,0.452,unmatched
"Timberline Renewables, LLC",developer,301.5,2,,,,0.513,unmatched
Tippsol,developer,60.2,1,,,,0.0,unmatched
"Titan Development, LLC",developer,3580.0,5,,,,0.552,unmatched
"Tonawanda Creek Wind, LLC",developer,75.0,1,,,,0.0,unmatched
Tooele Army Depot,developer,7.0,5,,,,0.0,unmatched
"Topaz Generating, LLC",developer,510.0,1,,,,0.56,unmatched
Topaz Power Group,developer,193.0,1,,,,0.714,unmatched
"Torrecillas Interconnect, LLC",developer,9.9,1,,,,0.0,unmatched
Tradewind Energy,developer,350.0,1,,,,0.632,unmatched
"Trailblazer Solar, LLC",developer,3.0,1,,,,0.7,unmatched
TransEnergie US Ltd.,developer,1640.0,2,,,,0.7,unmatched
"TransEnergie US, Ltd",developer,600.0,2,,,,0.7,unmatched
"TransGas Energy, LLC",developer,1100.0,1,,,,0.75,unmatched
Travis Kimbro BESS LLC,developer,36.8,1,,,,0.5,unmatched
"Trelasol, LLC",developer,200.8,1,,,,0.0,unmatched
"Trelina Solar Energy Center, LLC",developer,79.8,1,,,,0.0,unmatched
Tres Bahias Solar Power LLC,developer,195.0,1,,,,0.0,unmatched
TriGlobal,developer,1083.0,5,,,,0.0,unmatched
Triangle Ranch Wind,developer,502.0,2,,,,0.0,unmatched
"Tribes Hill Solar, LLC",developer,20.0,1,,,,0.348,unmatched
"Trigen Nassau Gen Co., LLC",developer,79.9,1,,,,0.0,unmatched
Triple B Solar LLC,developer,150.0,1,,,,0.56,unmatched
Triple Butte II LLC,developer,51.5,1,,,,0.435,unmatched
"TripleT Renewable Enrgy Solutions, LLC",developer,335.0,2,,,,0.4,unmatched
"Troutdale Grid, LLC",developer,100.0,1,,,,0.0,unmatched
True North Solar LLC,developer,238.8,1,,,,0.556,unmatched
Tumbleweed Solar LLC,developer,9.9,1,,,,0.0,unmatched
"Tumbleweed Wind Farm, LLC",developer,201.0,1,,,,0.0,unmatched
"Turkey Hollow Solar, LLC",developer,20.0,1,,,,0.408,unmatched
Turner/Ross Wind Development LLC,developer,150.0,2,,,,0.417,unmatched
"Turtle Rock Energy Center, LLC",developer,135.6,1,,,,0.533,unmatched
"Twin Oaks Solar, LLC",developer,105.5,1,,,,0.5,unmatched
"Twin Tier Power, LLC",developer,520.0,1,,,,0.667,unmatched
"Twinwood ES1, LLC",developer,154.0,1,,,,0.571,unmatched
"Twinwood PV1, LLC",developer,358.1,1,,,,0.476,unmatched
Two Barbaras BESS,developer,217.2,1,,,,0.615,unmatched
"Two Elk Generation Partners, LP",developer,285.0,1,,,,0.4,unmatched
Two Forks LLC,developer,309.8,1,,,,0.0,unmatched
"Two Rivers Solar, LLC",developer,219.3,1,,,,0.474,unmatched
"Two Rivers Wind, LLC",developer,280.0,1,,,,0.541,unmatched
Tyre Solar Energy Center,developer,125.6,1,,,,0.0,unmatched
"Tyson Nick Solar Project, LLC",developer,90.5,1,,,,0.0,unmatched
"UKA North America, LLC",developer,205.2,1,,,,0.0,unmatched
"UPC Wind Management, LLC",developer,625.0,3,,,,0.0,unmatched
UR-Silo DevCo LLC,developer,457.4,3,,,,0.0,unmatched
US PowerGen Co.,developer,444.0,1,,,,0.706,unmatched
"Uinta Wind Energy, LLC",developer,120.0,1,,,,0.0,unmatched
UniStar Nuclear Energy,developer,1660.0,1,,,,0.381,unmatched
Unicorn Energies,developer,279.0,1,,,,0.474,unmatched
"Union Energy Center, LLC",developer,116.0,1,,,,0.588,unmatched
University of Utah,developer,7.6,1,,,,0.667,unmatched
Upper Falls Solar,developer,46.0,1,,,,0.0,unmatched
Upstream Storage LLC,developer,461.6,1,,,,0.714,unmatched
Utah Associated Municipal Power Systems,developer,6.0,1,,,,0.478,unmatched
Utah Municipal Power Agency,developer,200.0,1,,,,0.571,unmatched
"Utah Red Hills Renewable Park, LLC",developer,80.0,1,,,,0.48,unmatched
VA Salt Lake City Health Care System,developer,3.7,1,,,,0.0,unmatched
VDA Solar Texas 1 LLC,developer,502.5,1,,,,0.0,unmatched
VERTUS ENERGY STORAGE LLC,developer,401.4,1,,,,0.533,unmatched
VESI,developer,25.1,1,,,,0.0,unmatched
VESI 13,developer,100.9,1,,,,0.0,unmatched
VESI 26 LLC,developer,20.0,1,,,,0.0,unmatched
VESI 29 LLC,developer,205.5,1,,,,0.0,unmatched
VESI 30 LLC,developer,10.0,1,,,,0.0,unmatched
VESI 31 LLC,developer,82.4,1,,,,0.0,unmatched
VESI 37 LLC,developer,60.4,1,,,,0.0,unmatched
VESI 38 LLC,developer,60.4,1,,,,0.0,unmatched
VESI 40 LLC,developer,158.0,2,,,,0.0,unmatched
VESI 49 LLC,developer,102.8,1,,,,0.0,unmatched
"VESI Upton County BESS, LLC",developer,25.1,1,,,,0.0,unmatched
VIOLET STORAGE,developer,151.0,1,,,,0.0,unmatched
"VISOL 1 SOLAR, LLC",developer,94.8,1,,,,0.0,unmatched
"Vaca Del Sol, LLC",developer,255.0,1,,,,0.0,unmatched
"Val Vista Grid, LLC",developer,419.9,2,,,,0.0,unmatched
"Vansycle III, LLC",developer,98.9,1,,,,0.0,unmatched
"Vaquero Solar, LLC",developer,286.8,1,,,,0.0,unmatched
"Vaquero Wind Energy, LLC",developer,787.0,4,,,,0.0,unmatched
"Vaughn Battery Storage, LLC",developer,200.6,1,,,,0.0,unmatched
Vazlon Energy LLC,developer,211.4,1,,,,0.0,unmatched
"Velado Solar, LLC",developer,96.0,1,,,,0.0,unmatched
"Velado Storage, LLC",developer,96.0,1,,,,0.0,unmatched
"Verde Light Community Solar, LLC",developer,3.0,1,,,,0.455,unmatched
Vernon Solar and Storage LLC (a Delaware LLC),developer,75.0,1,,,,0.197,unmatched
Verona Solar,developer,199.0,1,,,,0.0,unmatched
Verona Solar II LLC,developer,115.0,1,,,,0.0,unmatched
"Vidal Blanc Storage 1, LLC",developer,100.0,1,,,,0.438,unmatched
Vineyard Mid-Atlantic,developer,2680.0,2,,,,0.385,unmatched
Vineyard Mid-Atlantic LLC,developer,3838.0,3,,,,0.385,unmatched
Vineyard Northeast,developer,1350.0,1,,,,0.0,unmatched
Vineyard Northeast LLC,developer,2229.0,2,,,,0.0,unmatched
Viridity Energy Solutions,developer,195.0,2,,,,0.524,unmatched
"Viridity Energy Solutions, Inc.",developer,20.0,1,,,,0.524,unmatched
Vistra Energy/Luminant,developer,180.0,1,,,,0.571,unmatched
"Vistra Operations Company, LLC",developer,20.0,1,,,,0.632,unmatched
"Vorsavio Grid, LLC",developer,100.7,1,,,,0.0,unmatched
WKN,developer,250.1,1,,,,0.0,unmatched
"WKN Chopin, LLC",developer,320.0,2,,,,0.0,unmatched
"WKN Mozart, LLC",developer,30.0,1,,,,0.0,unmatched
WM Renewable Energy,developer,3.2,1,,,,0.0,unmatched
"WM Renewable Energy, LLC",developer,2.0,1,,,,0.0,unmatched
Waelder BESS,developer,50.2,1,,,,0.0,unmatched
"Wagon Timber Solar, LLC",developer,172.1,1,,,,0.0,unmatched
"Wallie Storage, LLC",developer,205.4,1,,,,0.4,unmatched
Walters Power,developer,9.0,1,,,,0.556,unmatched
Wander Waters BESS LLC,developer,303.5,1,,,,0.0,unmatched
"Water Valley Wind Energy, LLC",developer,180.0,1,,,,0.538,unmatched
"Waterloo Solar, LLC",developer,306.3,2,,,,0.56,unmatched
"Watkins Glen Solar Energy Center, LLC",developer,50.0,1,,,,0.0,unmatched
Watson Storage LLC,developer,100.0,2,,,,0.5,unmatched
"WattBridge Energy, LLC",developer,1466.6,7,,,,0.0,unmatched
"WattBridge Texas Holding, LLC",developer,600.0,1,,,,0.45,unmatched
"Wawayanda Solar 1, LLC",developer,12.6,1,,,,0.0,unmatched
Weatherford BESS LLC,developer,104.0,1,,,,0.815,unmatched
"Webb County Renewables, LLC",developer,406.8,2,,,,0.364,unmatched
Weimar BESS,developer,150.5,1,,,,0.0,unmatched
"Wekiva Grid, LLC",developer,202.6,1,,,,0.0,unmatched
"Welder Solar, LLC",developer,600.0,2,,,,0.0,unmatched
"Welder Storage, LLC",developer,200.0,2,,,,0.0,unmatched
"Weser Solar, LLC",developer,153.1,1,,,,0.0,unmatched
Wess Wind I LLC,developer,53.0,1,,,,0.0,unmatched
"West Babylon Energy Storage, LLC",developer,40.3,1,,,,0.564,unmatched
"West Munday Wind, LLC",developer,351.9,1,,,,0.621,unmatched
West Point RNG LLC,developer,3.2,1,,,,0.828,unmatched
West River Solar,developer,20.0,1,,,,0.6,unmatched
West Texas Solar LLC,developer,110.0,1,,,,0.583,unmatched
West Texas Solar Project II LLC,developer,203.8,1,,,,0.471,unmatched
Westerlo Solar LLC,developer,40.0,1,,,,0.606,unmatched
Western Area Power Administration,developer,1.1,1,,,,0.652,unmatched
"Western Door Wind, LLC",developer,100.0,1,,,,0.667,unmatched
"Wharton County Generation, LLC",developer,16.1,1,,,,0.0,unmatched
"Wheelhouse Solar Energy Center, LLC",developer,350.0,1,,,,0.465,unmatched
"White Camp Energy, LLC",developer,100.0,1,,,,0.889,unmatched
White Creek Solar LLC,developer,100.0,1,,,,0.593,unmatched
"White Creek Solar, LLC",developer,135.0,1,,,,0.593,unmatched
White Marco Power Company,developer,1.2,1,,,,0.667,unmatched
"White Mesa Wind, LLC",developer,848.0,2,,,,0.56,unmatched
"White Oak Energy, LLC",developer,921.5,2,,,,0.737,unmatched
"White Rock Solar, LLC",developer,165.6,1,,,,0.615,unmatched
"White Stallion Energy Center, LLC",developer,1200.0,1,,,,0.565,unmatched
White Wind Farm LLC,developer,200.0,1,,,,0.56,unmatched
White Wing I Energy Storage LLC,developer,101.6,1,,,,0.622,unmatched
White Wing II Energy Storage LLC,developer,101.6,1,,,,0.609,unmatched
"Whitehart Solar, LLC",developer,20.0,1,,,,0.64,unmatched
"Whitetail Wind Energy, LLC",developer,92.0,1,,,,0.583,unmatched
"Wichita Solar I, LLC",developer,775.5,2,,,,0.0,unmatched
Wigeon Whistle BESS,developer,122.9,1,,,,0.0,unmatched
"Wild Horse Desert Solar, LLC",developer,210.3,2,,,,0.0,unmatched
"Wild Horse Wind Farm I, LLC",developer,60.0,1,,,,0.0,unmatched
"Wild Horse Wind Farm II, LLC",developer,39.0,1,,,,0.0,unmatched
"Wild Ox Solar Project, LLC",developer,261.7,2,,,,0.0,unmatched
"Wild Paw Energy Center, LLC",developer,313.2,1,,,,0.0,unmatched
"Wild Turkey Solar, LLC",developer,74.5,1,,,,0.0,unmatched
Wildcat Creek,developer,180.1,1,,,,0.0,unmatched
"Wildwood Energy Storage, LLC",developer,491.5,3,,,,0.0,unmatched
"Wilmeth Solar, LLC",developer,160.0,1,,,,0.0,unmatched
"Wilton Wind II, LLC",developer,50.0,1,,,,0.0,unmatched
"Wilton Wind IV, LLC",developer,99.0,1,,,,0.0,unmatched
Wind Capital Group,developer,148.5,1,,,,0.444,unmatched
Wind Development Contract Co LLC,developer,244.8,1,,,,0.286,unmatched
"Wind Development Contract Co, LLC",developer,800.0,2,,,,0.286,unmatched
"Wind Management, LLC",developer,1.0,1,,,,0.41,unmatched
Wind Plus (Morgan Ranch Wind Park LLC),developer,108.0,1,,,,0.357,unmatched
Wind Tex Energy,developer,130.0,1,,,,0.0,unmatched
Wind Tex Energy LLC,developer,120.0,1,,,,0.0,unmatched
"Wind Tex Energy, LLC",developer,703.0,4,,,,0.0,unmatched
"Wind Tex Energy, LP",developer,211.0,1,,,,0.0,unmatched
WindTex,developer,165.0,1,,,,0.0,unmatched
Windecker Energy LLC,developer,419.7,1,,,,0.0,unmatched
"Windfarm Prattsburgh, LLC",developer,55.5,1,,,,0.455,unmatched
"Windjammer Windpower, LLC",developer,292.6,1,,,,0.409,unmatched
Windrock Energy LLC,developer,200.0,1,,,,0.0,unmatched
"Windthorst-2, LLC",developer,94.0,1,,,,0.5,unmatched
"Winergy Power, LLC",developer,899.0,2,,,,0.0,unmatched
"Winner Solar, LLC",developer,240.0,2,,,,0.737,unmatched
Winterberry Wind LLC,developer,150.0,2,,,,0.513,unmatched
Wintergarden BESS LLC,developer,201.2,1,,,,0.6,unmatched
"Winters Glow Solar, LLC",developer,252.9,1,,,,0.444,unmatched
"Winters Glow Storage, LLC",developer,155.3,1,,,,0.421,unmatched
Wise County Power Company LLC,developer,21.0,1,,,,0.556,unmatched
"Wizard Energy Storage, LLC",developer,150.8,1,,,,0.0,unmatched
Wolf Hollow II Power LLC,developer,306.3,1,,,,0.381,unmatched
"Wolf Ridge Wind Energy, LLC",developer,9.0,1,,,,0.636,unmatched
"Wolf Spring Solar, LLC",developer,398.4,2,,,,0.462,unmatched
"Wolverine Creek Goshen Interconnection, LLC",developer,189.0,2,,,,0.0,unmatched
Wood Street Battery Storage LLC,developer,110.0,1,,,,0.327,unmatched
"Wooderson Energy Storage, LLC",developer,306.4,1,,,,0.4,unmatched
"Woodland Energy Storage, LLC",developer,207.6,1,,,,0.5,unmatched
Woodlands Energy Renewables LLC,developer,250.0,3,,,,0.429,unmatched
"Woodline Solar, LLC",developer,8.0,1,,,,0.545,unmatched
"Woodruff Solar, LLC",developer,20.0,1,,,,0.545,unmatched
"Wren Solar, LLC",developer,170.0,1,,,,0.0,unmatched
"Wren Storage, LLC",developer,170.0,1,,,,0.0,unmatched
YSG,developer,1200.0,1,,,,0.0,unmatched
YSG Community Solar,developer,140.0,1,,,,0.0,unmatched
"YSG Land Holdings, LLC",developer,140.0,1,,,,0.0,unmatched
"Yaphank Energy Storage, LLC",developer,77.6,1,,,,0.0,unmatched
"Yaphank Fuel Cell Park, LLC",developer,27.0,2,,,,0.0,unmatched
"Yaupon Solar, LLC",developer,204.1,1,,,,0.0,unmatched
"Yellow Barn Solar, LLC",developer,320.0,2,,,,0.5,unmatched
Yellow Cat Wind LLC,developer,301.2,1,,,,0.615,unmatched
Yellow Feather Energy Center,developer,110.0,1,,,,0.438,unmatched
"Yellow Feather Energy Center, LLC",developer,90.0,1,,,,0.438,unmatched
"Yellow Viking Development One, LLC",developer,289.0,1,,,,0.0,unmatched
"Yonkers Grid, LLC",developer,100.0,1,,,,0.0,unmatched
Yonkers Renewable Energy LLC,developer,500.0,1,,,,0.0,unmatched
York Research Corp.,developer,500.0,1,,,,0.522,unmatched
"York Run Solar, LLC",developer,180.0,2,,,,0.583,unmatched
"York Solar, LLC",developer,24.9,1,,,,0.7,unmatched
"Young Wind II, LLC",developer,152.3,1,,,,0.375,unmatched
"Young Wind, LLC",developer,499.1,1,,,,0.414,unmatched
"Your Resources, LLC",developer,100.0,2,,,,0.0,unmatched
ZEPPELIN ENERGY STORAGE LLC,developer,163.9,1,,,,0.519,unmatched
"ZSS Power, LLC",developer,457.5,1,,,,0.0,unmatched
Zenith Power LLC,developer,165.0,1,,,,0.0,unmatched
Zenobe Americas Inc.,developer,200.0,2,,,,0.0,unmatched
Zenobe Harmony LLC,developer,100.0,1,,,,0.0,unmatched
Zenobe Lancaster LLC,developer,100.0,1,,,,0.0,unmatched
Zenobe Rotterdam LLC,developer,100.0,1,,,,0.0,unmatched
Zenobe Stockton LLC,developer,100.0,1,,,,0.0,unmatched
"Zier Solar, LLC",developer,223.6,3,,,,0.0,unmatched
"eBay, Inc.",developer,10.5,3,EBAY,0001065088,EBAY INC,1.0,matched
enXco Dev. Corp,developer,6.5,2,,,,0.0,unmatched
enXco Dev. Corp.,developer,5.5,3,,,,0.0,unmatched
enXco Development Corporation,developer,50.0,1,,,,0.0,unmatched
"esVolta, LP",developer,177.0,5,,,,0.0,unmatched
reNRG TX 8 LLC,developer,103.7,1,,,,0.0,unmatched
"sPower Development Company, LLC",developer,2528.5,17,,,,0.0,unmatched
the NY Power Authority,developer,486.2,5,,,,0.0,unmatched
AEC,utility,25960.2,383,,,,0.0,unmatched
AECC,utility,102.2,1,,,,0.0,unmatched
AEP,utility,227557.5,1576,,,,0.0,unmatched
AMEREN ILLINOIS,utility,60089.8,353,AILIH,0000018654,Ameren Illinois Co,1.0,matched
AMEREN MISSOURI,utility,11547.2,60,,,,0.609,unmatched
AMEREN TRANSMISSION COMPANY OF ILLINOIS,utility,14865.2,61,,,,0.392,unmatched
AMERICAN TRANSMISSION COMPANY,utility,20461.7,145,,,,0.727,unmatched
AMPT,utility,187.4,3,,,,0.0,unmatched
APS,utility,65144.8,685,,,,0.0,unmatched
ARKANSAS ELECTRIC COOPERATIVE CORPORATION,utility,2060.0,15,,,,0.0,unmatched
ATSI,utility,31683.6,289,,,,0.0,unmatched
Alliant Energy East,utility,423.1,1,,,,0.737,unmatched
Alliant Energy West,utility,1132.0,3,,,,0.737,unmatched
Ameren Missouri,utility,7079.3,33,,,,0.609,unmatched
American Transmission Co.,utility,9170.9,72,,,,0.727,unmatched
Arizona Public Service,utility,135634.0,579,,,,0.634,unmatched
"Associated Electric Cooperative, Incorporated",utility,17878.7,86,,,,0.7,unmatched
Avista Utilities,utility,12728.4,138,AVA,0000104918,AVISTA CORP,1.0,matched
BEPC,utility,17723.2,76,,,,0.0,unmatched
BGE,utility,9711.5,96,,,,0.0,unmatched
BHE,utility,135.7,3,,,,0.0,unmatched
BIG RIVERS ELECTRIC CORPORATION,utility,7989.8,53,,,,0.5,unmatched
Black Hills Cheyenne Light Fuel and Power Transmission,utility,5465.0,31,,,,0.476,unmatched
Black Hills Colorado Electric,utility,4572.7,50,,,,0.765,unmatched
Black Hills Power,utility,4645.0,26,,,,0.88,unmatched
Bonneville Power Administration,utility,255510.9,984,,,,0.0,unmatched
CBPC,utility,74.0,1,,,,0.0,unmatched
CEDAR FALLS MUNICIPAL ELECTRIC UTILITY,utility,300.0,1,,,,0.485,unmatched
CHG&E,utility,2304.1,24,,,,0.0,unmatched
CHGE,utility,5076.5,62,,,,0.0,unmatched
"CITY OF COLUMBIA, MISSOURI (WATER AND LIGHT DEPT.)",utility,100.0,1,,,,0.0,unmatched
CITY WATER LIGHT & POWER,utility,779.9,4,,,,0.545,unmatched
CLECO POWER,utility,16060.0,94,,,,0.0,unmatched
CMP,utility,478.8,51,,,,0.0,unmatched
CONED,utility,25344.6,69,,,,0.533,unmatched
CONSUMERS ENERGY COMPANY,utility,555.0,4,CMS-PB,0000201533,CONSUMERS ENERGY CO,1.0,matched
COOPERATIVE ENERGY,utility,4982.5,26,,,,0.667,unmatched
CRCM,utility,8886.2,32,,,,0.0,unmatched
CenHud,utility,22.0,2,,,,0.0,unmatched
Chelan County Public Utility District,utility,550.0,3,,,,0.0,unmatched
"City of Columbia, MO",utility,64.0,1,,,,0.333,unmatched
"City of Springfield, IL - CWLP",utility,150.0,1,,,,0.273,unmatched
Colorado Springs Utilities,utility,1918.0,10,,,,0.439,unmatched
ComEd,utility,106994.1,698,,,,0.0,unmatched
ConED,utility,580.0,2,,,,0.533,unmatched
ConEd,utility,94645.6,198,,,,0.533,unmatched
ConEd/O&R,utility,2000.0,2,,,,0.421,unmatched
Coned,utility,1350.0,1,,,,0.533,unmatched
DAIRYLAND POWER COOPERATIVE,utility,2569.0,20,,,,0.0,unmatched
DCRT,utility,16475.5,22,,,,0.0,unmatched
DEOK,utility,4091.8,54,,,,0.0,unmatched
DL,utility,7186.3,50,,,,0.0,unmatched
DPL,utility,28628.0,428,,,,0.0,unmatched
DSLK,utility,1992.4,2,,,,0.0,unmatched
DUKE ENERGY INDIANA,utility,34285.7,213,,,,0.5,unmatched
Dayton,utility,13178.3,153,,,,0.0,unmatched
Dominion,utility,124195.2,1350,D,0000715957,"DOMINION ENERGY, INC",1.0,matched
Dominion Energy South Carolina,utility,5955.9,53,,,,0.389,unmatched
Duke,utility,177.5,27,DUK,0001326160,Duke Energy CORP,1.0,matched
Duke Energy,utility,470.0,3,DUK,0001326160,Duke Energy CORP,1.0,matched
Duke Energy Carolinas,utility,23372.7,171,,,,0.667,unmatched
Duke Energy Corporation,utility,3543.4,13,DUK,0001326160,Duke Energy CORP,1.0,matched
Duke Energy Florida,utility,53830.8,355,,,,0.56,unmatched
Duke Energy Progress,utility,46162.9,384,,,,0.615,unmatched
"EAST TEXAS ELECTRIC COOPERATIVE, INC.",utility,673.3,7,,,,0.571,unmatched
EDE,utility,7795.0,48,,,,0.0,unmatched
EKPC,utility,13014.1,158,,,,0.0,unmatched
ENTERGY ARKANSAS,utility,64530.0,323,EAI,0000007323,"ENTERGY ARKANSAS, LLC",1.0,matched
ENTERGY ARKANSAS INC.,utility,124.4,1,EAI,0000007323,"ENTERGY ARKANSAS, LLC",1.0,matched
ENTERGY LOUISIANA,utility,37867.3,226,ELC,0001348952,"ENTERGY LOUISIANA, LLC",1.0,matched
ENTERGY MISSISSIPPI,utility,3176.0,18,EMP,0000066901,"ENTERGY MISSISSIPPI, LLC",1.0,matched
"ENTERGY MISSISSIPPI, LLC.",utility,25606.2,130,EMP,0000066901,"ENTERGY MISSISSIPPI, LLC",1.0,matched
ENTERGY NEW ORLEANS,utility,40.0,1,ENJ,0000071508,"ENTERGY NEW ORLEANS, LLC",1.0,matched
"ENTERGY TEXAS, INC.",utility,13388.5,62,ETI-P,0001427437,"ENTERGY TEXAS, INC.",1.0,matched
EREC,utility,98.6,1,,,,0.0,unmatched
El Paso Electric Company,utility,8411.2,49,,,,0.5,unmatched
Entergy,utility,5337.9,50,,,,0.824,unmatched
Essential Power,utility,1159.1,6,WTRG,0000078128,"Essential Utilities, Inc.",1.0,matched
Evergy,utility,8549.9,43,EVRG,0001711269,"Evergy, Inc.",1.0,matched
Florida Power & Light,utility,39024.0,407,,,,0.0,unmatched
GHP,utility,100.0,1,,,,0.0,unmatched
GLW,utility,16012.6,43,,,,0.0,unmatched
GMO,utility,2135.9,15,,,,0.0,unmatched
GRDA,utility,4580.5,23,,,,0.0,unmatched
GREAT RIVER ENERGY,utility,7993.1,47,,,,0.7,unmatched
Georgia Transmission,utility,19548.6,108,,,,0.476,unmatched
Grant County Public Utility District,utility,1750.0,9,,,,0.583,unmatched
GridLiance,utility,50.0,1,,,,0.522,unmatched
GridUnity,utility,349.9,3,,,,0.545,unmatched
HENDERSON UTILITY COMM DBA HENDERSON MUNICIPAL POWER AND LIGHT,utility,200.0,2,,,,0.0,unmatched
HOOSIER ENERGY,utility,5294.0,32,,,,0.0,unmatched
"HOOSIER ENERGY REC, INC",utility,189.0,2,,,,0.0,unmatched
HWT,utility,405.4,1,,,,0.0,unmatched
IID,utility,102.5,1,,,,0.0,unmatched
INDIANAPOLIS POWER & LIGHT COMPANY,utility,4280.8,20,,,,0.5,unmatched
INDN,utility,503.0,5,,,,0.0,unmatched
ISO-NE,utility,42451.6,307,,,,0.0,unmatched
ITC,utility,16419.2,92,,,,0.0,unmatched
ITC MIDWEST,utility,24820.6,171,,,,0.0,unmatched
ITCGP,utility,5959.1,31,,,,0.0,unmatched
ITCI,utility,1055.0,2,,,,0.0,unmatched
Idaho Power Company,utility,83170.4,780,,,,0.588,unmatched
Imperial Irrigation District,utility,4943.2,36,,,,0.476,unmatched
JCPL,utility,49833.7,491,,,,0.0,unmatched
Jacksonville Electric Authority,utility,1353.5,12,,,,0.545,unmatched
KACP,utility,65.0,1,,,,0.0,unmatched
KACY,utility,475.6,3,,,,0.0,unmatched
KCPL,utility,20946.0,73,,,,0.0,unmatched
KPP,utility,58.0,1,,,,0.0,unmatched
LAFAYETTE UTILITIES SYSTEM,utility,342.7,2,,,,0.649,unmatched
LAPT,utility,9508.2,70,,,,0.0,unmatched
LEA,utility,235.0,3,,,,0.0,unmatched
LES,utility,1366.0,9,,,,0.0,unmatched
LIPA,utility,61858.2,262,,,,0.0,unmatched
LS Power,utility,2180.0,3,,,,0.0,unmatched
LS Power/NYPA,utility,205.0,1,,,,0.0,unmatched
LSPC,utility,6441.0,13,,,,0.0,unmatched
LSPower,utility,185.0,1,,,,0.0,unmatched
LYREC,utility,98.0,1,,,,0.0,unmatched
Los Angeles Department of Water and Power,utility,37202.8,109,,,,0.0,unmatched
Louisville Gas & Electric and Kentucky Utilities Energy,utility,25495.1,117,,,,0.455,unmatched
MC Boonville,utility,19.6,1,,,,0.0,unmatched
ME,utility,22625.7,219,,,,0.0,unmatched
METC,utility,49677.7,288,,,,0.0,unmatched
MICHIGAN PUBLIC POWER AGENCY,utility,13.4,1,,,,0.0,unmatched
MIDAMERICAN ENERGY CO.,utility,12178.1,65,,,,0.0,unmatched
MIDAMERICAN ENERGY COMPANY,utility,3451.5,26,,,,0.0,unmatched
MIDW,utility,4519.0,40,,,,0.0,unmatched
MINNESOTA POWER,utility,180.0,2,,,,0.0,unmatched
MINNESOTA POWER INC.,utility,3345.8,20,,,,0.0,unmatched
MIPU,utility,2524.6,14,,,,0.0,unmatched
MISSOURI RIVER ENERGY SERVICES,utility,150.0,1,,,,0.483,unmatched
MISSOURI RIVER ENERGY SERVICES - TRANSMISSION,utility,1901.5,9,,,,0.333,unmatched
MKEC,utility,3567.0,23,,,,0.0,unmatched
MONTANA-DAKOTA UTILITIES CO.,utility,6393.0,33,,,,0.444,unmatched
MPS,utility,500.0,2,,,,0.0,unmatched
MUSCATINE POWER AND WATER,utility,23.4,1,,,,0.0,unmatched
MWEC,utility,255.0,1,,,,0.0,unmatched
Minnkota Power Cooperative,utility,6975.5,44,,,,0.0,unmatched
NEET,utility,2449.5,9,,,,0.0,unmatched
NGRID,utility,2091.0,108,,,,0.0,unmatched
NGrid,utility,64.0,3,,,,0.0,unmatched
NIPCO,utility,15.2,1,,,,0.0,unmatched
NM-NG,utility,62190.1,563,,,,0.0,unmatched
NM-NG/NYSEG,utility,282.7,4,,,,0.0,unmatched
NM/CONED,utility,2000.0,1,,,,0.0,unmatched
NORTHERN INDIANA PUBLIC SERVICE COMPANY,utility,17861.3,103,,,,0.467,unmatched
NORTHERN STATES POWER COMPANY,utility,23456.9,137,,,,0.696,unmatched
NPPD,utility,38827.4,239,,,,0.0,unmatched
NSTAR,utility,188.8,10,NSARO,0000013372,NSTAR ELECTRIC CO,1.0,matched
NU,utility,410.2,37,NU,0001691493,Nu Holdings Ltd.,1.0,matched
NV Energy,utility,104214.5,455,,,,0.0,unmatched
NYPA,utility,52487.4,139,,,,0.0,unmatched
NYPA ConEd,utility,79.9,1,,,,0.0,unmatched
NYPA/NM-NG,utility,500.0,2,,,,0.0,unmatched
NYSEG,utility,39269.9,354,,,,0.0,unmatched
"NYSEG, NM-NG",utility,106.9,1,,,,0.0,unmatched
NYSEG/NM-NG,utility,250.9,3,,,,0.0,unmatched
NYSEG;,utility,230.0,1,,,,0.0,unmatched
NYTransco,utility,97.0,3,,,,0.0,unmatched
NYTransco/NM-NG,utility,20.0,1,,,,0.0,unmatched
Navajo-Crystal,utility,2729.0,7,,,,0.421,unmatched
NextEra,utility,200.0,1,NEE,0000753308,NEXTERA ENERGY INC,1.0,matched
NorthWestern Energy,utility,35827.6,447,NWE,0001993004,"NorthWestern Energy Group, Inc.",1.0,matched
O & R,utility,20.0,1,,,,0.0,unmatched
O&R,utility,3581.3,49,,,,0.0,unmatched
ODEC,utility,763.4,32,,,,0.0,unmatched
OG&E,utility,3456.1,17,,,,0.0,unmatched
OGE,utility,63292.9,295,OGE,0001021635,OGE ENERGY CORP.,1.0,matched
OPPD,utility,10364.2,68,,,,0.0,unmatched
OTTER TAIL POWER COMPANY,utility,11758.2,67,OTTR,0001466593,Otter Tail Corp,1.0,matched
OVEC,utility,751.5,7,,,,0.0,unmatched
Orlando Utilities Commission,utility,1540.7,13,,,,0.0,unmatched
PECO,utility,30774.7,134,,,,0.0,unmatched
PENELEC,utility,45788.7,628,,,,0.0,unmatched
PEPCO,utility,31489.7,109,,,,0.0,unmatched
PGAE,utility,218088.2,1213,,,,0.0,unmatched
PPL,utility,49468.7,470,PPL,0000922224,PPL Corp,1.0,matched
"PRAIRIE POWER, INC.",utility,809.0,10,,,,0.583,unmatched
PSEG,utility,40397.1,363,,,,0.0,unmatched
PacifiCorp,utility,252308.3,2055,,,,0.72,unmatched
Platte River Power Authority,utility,5721.0,55,,,,0.378,unmatched
Portland General Electric,utility,26594.9,101,POR,0000784977,PORTLAND GENERAL ELECTRIC CO /OR/,0.914,matched
Public Service Company Of Colorado,utility,76923.9,333,,,,0.741,unmatched
Public Service Company of New Mexico,utility,31544.6,334,PNMXO,0000081023,PUBLIC SERVICE CO OF NEW MEXICO,1.0,matched
Puget Sound Energy,utility,18677.7,135,,,,0.0,unmatched
RECO,utility,6.0,1,,,,0.667,unmatched
RG&E,utility,1630.4,30,,,,0.0,unmatched
RGE,utility,286.0,4,,,,0.0,unmatched
SCE,utility,245189.0,881,,,,0.0,unmatched
SDGE,utility,66584.0,336,,,,0.0,unmatched
SMECO,utility,590.6,16,,,,0.0,unmatched
SMMPA,utility,650.0,5,,,,0.0,unmatched
SOUTH MISSISSIPPI ELECTRIC POWER ASSOCIATION,utility,125.0,2,,,,0.536,unmatched
SOUTHERN MINNESOTA MUNICIPAL POWER AGENCY,utility,2050.0,14,,,,0.533,unmatched
SPRM,utility,895.0,4,,,,0.0,unmatched
SPS,utility,106251.6,506,,,,0.0,unmatched
SUNC,utility,29623.4,148,,,,0.8,unmatched
SWPA,utility,1655.0,11,,,,0.0,unmatched
Sacramento Municipal Utility District,utility,6529.0,30,,,,0.0,unmatched
Salt River Project,utility,73960.8,197,,,,0.0,unmatched
Santee Cooper,utility,34488.0,276,,,,0.545,unmatched
Southern Company,utility,250520.3,1158,SO,0000092122,SOUTHERN CO,1.0,matched
Southern Illinois Power Cooperative,utility,1269.0,7,,,,0.607,unmatched
Southern Indiana Gas & Electric Company d/b/a Centerpoint Energy Indiana South,utility,4910.2,28,,,,0.0,unmatched
"Southern Indiana Gas & Electric Company d/b/a Vectren Energy Delivery of Indiana, Inc.",utility,2938.5,19,,,,0.0,unmatched
TMO,utility,74.1,1,,,,0.0,unmatched
TSGT,utility,104.0,1,,,,0.0,unmatched
Tacoma Public Utilities,utility,214.5,1,,,,0.0,unmatched
Tampa Electric Company,utility,7120.3,114,,,,0.0,unmatched
Tennessee Valley Authority,utility,255060.0,650,TVE,0001376986,Tennessee Valley Authority,1.0,matched
Transco,utility,2696.6,9,,,,0.8,unmatched
Tri-State,utility,447.0,4,,,,0.5,unmatched
Tri-State Generation and Transmission Association,utility,17234.4,108,,,,0.0,unmatched
Tucson Electric Power Company,utility,32967.5,120,,,,0.0,unmatched
UGI,utility,1168.6,6,,,,0.0,unmatched
UI,utility,38.7,4,,,,0.0,unmatched
Unknown,utility,1503.5,4,,,,0.0,unmatched
VEA,utility,3905.6,22,,,,0.0,unmatched
Village of Arcade,utility,625.4,8,,,,0.733,unmatched
"WABASH VALLEY POWER ASSOCIATION, INC.",utility,525.0,3,,,,0.6,unmatched
WAPA,utility,12248.2,82,,,,0.0,unmatched
WAPA Desert Southwest Region,utility,10951.4,40,,,,0.0,unmatched
WAPA Sierra Nevada,utility,4051.0,12,,,,0.0,unmatched
WAPA/BEPC/HCPD Integrated System,utility,43954.8,266,,,,0.0,unmatched
WEPL,utility,200.0,1,,,,0.0,unmatched
WERE,utility,34925.2,167,,,,0.0,unmatched
WFEC,utility,19985.8,128,,,,0.0,unmatched
WFEC & SWPA,utility,200.6,1,,,,0.0,unmatched
WOLVERINE POWER SUPPLY COOPERATIVE,utility,1954.2,13,,,,0.549,unmatched
WPEK,utility,600.8,3,,,,0.0,unmatched
Xcel,utility,370.0,3,XEL,0000072903,XCEL ENERGY INC,1.0,matched
Xcel Energy,utility,280.0,2,XEL,0000072903,XCEL ENERGY INC,1.0,matched
Xcel/SPS,utility,954.0,7,,,,0.667,unmatched
