issuer_entity,holding_name,cusip,par_usd,fair_value_usd,price_per_100,coupon_pct,maturity,fund,period
Advanced Micro Devices,"Advanced Micro Devices, Inc.",007903BJ5,875000.00000000,878998.41000000,100.457,4.31900000,2028-03-24,iSHARES TRUST,2026-04-30
Advanced Micro Devices,"Advanced Micro Devices, Inc.",007903BF3,460000.00000000,447849.77000000,97.359,3.92400000,2032-06-01,iSHARES TRUST,2026-04-30
Advanced Micro Devices,"Advanced Micro Devices, Inc.",007903BG1,920000.00000000,762312.19000000,82.860,4.39300000,2052-06-01,iSHARES TRUST,2026-04-30
Aligned Data Centers,Aligned Data Centers Issuer LLC,01627AAA6,888000.00000000,883721.70000000,99.518,1.94000000,2046-08-15,VanEck ETF Trust,2026-04-30
Aligned Data Centers,ADC_21-1A,01627AAA6,7600000.000000000000,6999664.600000000000,92.101,1.937000000000,2046-08-15,Columbia Funds Variable Series Trust II,2024-06-30
Aligned Data Centers,Aligned Data Centers Issuer LLC,01627AAA6,1800000.00000000,1773745.69000000,98.541,1.93700000,2046-08-15,"MANNING & NAPIER FUND, INC.",2026-01-30
Aligned Data Centers,Aligned Data Centers Issuer LLC,01627AAA6,240000.00000000,235747.58000000,98.228,1.94000000,2046-08-15,TCW Metropolitan West Funds,2025-12-31
Aligned Data Centers,Aligned Data Centers Issuer LLC,01627AAA6,175000.00000000,170853.27000000,97.630,1.94000000,2046-08-15,TCW Metropolitan West Funds,2025-09-30
Aligned Data Centers,Aligned Data Centers Issuer LLC,01627AAF5,1310000.00000000,1312916.85000000,100.223,5.91000000,2056-06-15,Columbia Funds Variable Series Trust II,2026-06-30
Alphabet Inc,"Alphabet, Inc.",02079KAJ6,1595000.00000000,1533954.73000000,96.173,0.80000000,2027-08-15,iSHARES TRUST,2026-04-30
Alphabet Inc,"Alphabet, Inc.",02079KAV9,600000.00000000,596944.89000000,99.491,3.87500000,2028-11-15,iSHARES TRUST,2026-04-30
Alphabet Inc,Alphabet Inc,02079KBJ5,1913000.00000000,1896612.12000000,99.143,3.70000000,2029-02-15,Columbia Funds Variable Series Trust II,2026-03-31
Alphabet Inc,"Alphabet, Inc.",02079KBJ5,2020000.00000000,1997699.59000000,98.896,3.70000000,2029-02-15,iSHARES TRUST,2026-04-30
Alphabet Inc,"Alphabet, Inc.",02079KAK3,1075000.00000000,1064971.78000000,99.067,4.00000000,2030-05-15,iSHARES TRUST,2026-04-30
Alphabet Inc,"Alphabet, Inc.",02079KAD9,2095000.00000000,1842268.69000000,87.936,1.10000000,2030-08-15,iSHARES TRUST,2026-04-30
Alphabet Inc,"Alphabet, Inc.",02079KAW7,1950000.00000000,1931940.49000000,99.074,4.10000000,2030-11-15,iSHARES TRUST,2026-04-30
Alphabet Inc,Alphabet Inc,02079KBK2,2048000.00000000,2033392.95000000,99.287,4.10000000,2031-02-15,Columbia Funds Variable Series Trust II,2026-03-31
Alphabet Inc,"Alphabet, Inc.",02079KBK2,1825000.00000000,1802799.52000000,98.784,4.10000000,2031-02-15,iSHARES TRUST,2026-04-30
Alphabet Inc,Alphabet Inc,02079KAX5,787000.00000000,782243.19000000,99.396,4.38000000,2032-11-15,Columbia Funds Variable Series Trust II,2026-03-31
Alphabet Inc,"Alphabet, Inc.",02079KAX5,700000.00000000,692194.68000000,98.885,4.37500000,2032-11-15,iSHARES TRUST,2026-04-30
Alphabet Inc,Alphabet Inc,02079KBL0,1899000.00000000,1874675.66000000,98.719,4.40000000,2033-02-15,Columbia Funds Variable Series Trust II,2026-03-31
Alphabet Inc,"Alphabet, Inc.",02079KBL0,1525000.00000000,1499826.52000000,98.349,4.40000000,2033-02-15,iSHARES TRUST,2026-04-30
Alphabet Inc,"Alphabet, Inc.",02079KAL1,1180000.00000000,1153489.25000000,97.753,4.50000000,2035-05-15,iSHARES TRUST,2026-04-30
Alphabet Inc,Alphabet Inc,02079KAY3,1836000.00000000,1814540.84000000,98.831,4.70000000,2035-11-15,Columbia Funds Variable Series Trust II,2026-03-31
Alphabet Inc,"Alphabet, Inc.",02079KAY3,3750000.00000000,3675642.10000000,98.017,4.70000000,2035-11-15,iSHARES TRUST,2026-04-30
Alphabet Inc,Alphabet Inc,02079KBM8,3966000.00000000,3947259.95000000,99.527,4.80000000,2036-02-15,Columbia Funds Variable Series Trust II,2026-03-31
Alphabet Inc,Alphabet Inc,02079KBM8,1885000.00000000,1877158.40000000,99.584,4.80000000,2036-02-15,TCW Metropolitan West Funds,2026-03-31
Alphabet Inc,"Alphabet, Inc.",02079KBM8,3005000.00000000,2961765.47000000,98.561,4.80000000,2036-02-15,iSHARES TRUST,2026-04-30
Alphabet Inc,"Alphabet, Inc.",02079KAE7,2017000.00000000,1335328.34000000,66.204,1.90000000,2040-08-15,iSHARES TRUST,2026-04-30
Alphabet Inc,"Alphabet, Inc.",02079KAZ0,1890000.00000000,1828638.86000000,96.753,5.35000000,2045-11-15,iSHARES TRUST,2026-04-30
Alphabet Inc,"Alphabet, Inc.",02079KBN6,2455000.00000000,2412491.24000000,98.268,5.50000000,2046-02-15,iSHARES TRUST,2026-04-30
Alphabet Inc,"Alphabet, Inc.",02079KAF4,2730000.00000000,1460131.29000000,53.485,2.05000000,2050-08-15,iSHARES TRUST,2026-04-30
Alphabet Inc,Alphabet Inc,02079KAM9,872000.00000000,822909.60000000,94.370,5.25000000,2055-05-15,Columbia Funds Variable Series Trust II,2026-03-31
Alphabet Inc,ALPHABET INC,02079KAM9,1129000.000000000000,1132098.220000000000,100.274,5.250000000000,2055-05-15,Columbia Funds Variable Series Trust II,2025-09-30
Alphabet Inc,"Alphabet, Inc.",02079KAM9,995000.00000000,924370.56000000,92.902,5.25000000,2055-05-15,iSHARES TRUST,2026-04-30
Alphabet Inc,Alphabet Inc,02079KBA4,407000.00000000,393670.69000000,96.725,5.45000000,2055-11-15,Columbia Funds Variable Series Trust II,2026-03-31
Alphabet Inc,"Alphabet, Inc.",02079KBA4,3980000.00000000,3804738.33000000,95.596,5.45000000,2055-11-15,iSHARES TRUST,2026-04-30
Alphabet Inc,Alphabet Inc,02079KBP1,1594000.00000000,1587656.75000000,99.602,5.65000000,2056-02-15,Columbia Funds Variable Series Trust II,2026-03-31
Alphabet Inc,"Alphabet, Inc.",02079KBP1,1470000.00000000,1440753.66000000,98.010,5.65000000,2056-02-15,iSHARES TRUST,2026-04-30
Alphabet Inc,"Alphabet, Inc.",02079KAG2,2104000.00000000,1048512.03000000,49.834,2.25000000,2060-08-15,iSHARES TRUST,2026-04-30
Alphabet Inc,Alphabet Inc,02079KAN7,872000.00000000,803328.86000000,92.125,5.30000000,2065-05-15,Columbia Funds Variable Series Trust II,2026-03-31
Alphabet Inc,ALPHABET INC,02079KAN7,1129000.000000000000,1122006.420000000000,99.381,5.300000000000,2065-05-15,Columbia Funds Variable Series Trust II,2025-09-30
Alphabet Inc,"Alphabet, Inc.",02079KAN7,1730000.00000000,1574921.68000000,91.036,5.30000000,2065-05-15,iSHARES TRUST,2026-04-30
Alphabet Inc,"Alphabet, Inc.",02079KBQ9,1845000.00000000,1797673.91000000,97.435,5.75000000,2066-02-15,iSHARES TRUST,2026-04-30
Alphabet Inc,"Alphabet, Inc.",02079KBB2,2500000.00000000,2394586.59000000,95.783,5.70000000,2075-11-15,iSHARES TRUST,2026-04-30
Amazon.com Inc,"Amazon.com, Inc.",023135CF1,1855000.00000000,1845166.75000000,99.470,3.30000000,2027-04-13,iSHARES TRUST,2026-04-30
Amazon.com Inc,"Amazon.com, Inc.",023135BR6,965000.00000000,936770.06000000,97.075,1.20000000,2027-06-03,iSHARES TRUST,2026-04-30
Amazon.com Inc,"Amazon.com, Inc.",023135BC9,3423000.00000000,3384788.45000000,98.884,3.15000000,2027-08-22,iSHARES TRUST,2026-04-30
Amazon.com Inc,"Amazon.com, Inc.",023135CP9,2590000.00000000,2610164.64000000,100.779,4.55000000,2027-12-01,iSHARES TRUST,2026-04-30
Amazon.com Inc,Amazon.com Inc,023135DB9,2553000.00000000,2542599.74000000,99.593,3.85000000,2028-03-13,Columbia Funds Variable Series Trust II,2026-03-31
Amazon.com Inc,"Amazon.com, Inc.",023135DB9,2650000.00000000,2639405.45000000,99.600,3.85000000,2028-03-13,iSHARES TRUST,2026-04-30
Amazon.com Inc,"Amazon.com, Inc.",023135BY1,2380000.00000000,2267333.69000000,95.266,1.65000000,2028-05-12,iSHARES TRUST,2026-04-30
Amazon.com Inc,Amazon.com Inc,023135CS3,596000.00000000,593235.87000000,99.536,3.90000000,2028-11-20,Columbia Funds Variable Series Trust II,2026-03-31
Amazon.com Inc,"Amazon.com, Inc.",023135CS3,2720000.00000000,2702174.46000000,99.345,3.90000000,2028-11-20,iSHARES TRUST,2026-04-30
Amazon.com Inc,Amazon.com Inc,023135DC7,2553000.00000000,2539600.97000000,99.475,4.00000000,2029-03-13,Columbia Funds Variable Series Trust II,2026-03-31
Amazon.com Inc,"Amazon.com, Inc.",023135DC7,2800000.00000000,2780260.68000000,99.295,4.00000000,2029-03-13,iSHARES TRUST,2026-04-30
Amazon.com Inc,"Amazon.com, Inc.",023135CG9,1438000.00000000,1409476.45000000,98.016,3.45000000,2029-04-13,iSHARES TRUST,2026-04-30
Amazon.com Inc,"Amazon.com, Inc.",023135CQ7,1860000.00000000,1883845.71000000,101.282,4.65000000,2029-12-01,iSHARES TRUST,2026-04-30
Amazon.com Inc,"Amazon.com, Inc.",023135BS4,2219000.00000000,1982602.10000000,89.347,1.50000000,2030-06-03,iSHARES TRUST,2026-04-30
Amazon.com Inc,Amazon.com Inc,023135CT1,596000.00000000,589077.97000000,98.839,4.10000000,2030-11-20,Columbia Funds Variable Series Trust II,2026-03-31
Amazon.com Inc,"Amazon.com, Inc.",023135CT1,2290000.00000000,2258192.00000000,98.611,4.10000000,2030-11-20,iSHARES TRUST,2026-04-30
Amazon.com Inc,Amazon.com Inc,023135DD5,2345000.00000000,2327165.38000000,99.239,4.25000000,2031-03-13,Columbia Funds Variable Series Trust II,2026-03-31
Amazon.com Inc,"Amazon.com, Inc.",023135DD5,3360000.00000000,3326217.23000000,98.995,4.25000000,2031-03-13,iSHARES TRUST,2026-04-30
Amazon.com Inc,"Amazon.com, Inc.",023135BZ8,3448000.00000000,3089363.96000000,89.599,2.10000000,2031-05-12,iSHARES TRUST,2026-04-30
Amazon.com Inc,"Amazon.com, Inc.",023135CH7,2268000.00000000,2161005.83000000,95.282,3.60000000,2032-04-13,iSHARES TRUST,2026-04-30
Amazon.com Inc,"Amazon.com, Inc.",023135CR5,2140000.00000000,2160183.99000000,100.943,4.70000000,2032-12-01,iSHARES TRUST,2026-04-30
Amazon.com Inc,Amazon.com Inc,023135DE3,1359000.00000000,1345856.04000000,99.033,4.55000000,2033-03-13,Columbia Funds Variable Series Trust II,2026-03-31
Amazon.com Inc,"Amazon.com, Inc.",023135DE3,1515000.00000000,1495410.02000000,98.707,4.55000000,2033-03-13,iSHARES TRUST,2026-04-30
Amazon.com Inc,Amazon.com Inc,023135CU8,908000.00000000,891128.95000000,98.142,4.35000000,2033-03-20,Columbia Funds Variable Series Trust II,2026-03-31
Amazon.com Inc,"Amazon.com, Inc.",023135CU8,1745000.00000000,1706226.28000000,97.778,4.35000000,2033-03-20,iSHARES TRUST,2026-04-30
Amazon.com Inc,"Amazon.com, Inc.",023135AP1,1313000.00000000,1321656.37000000,100.659,4.80000000,2034-12-05,iSHARES TRUST,2026-04-30
Amazon.com Inc,Amazon.com Inc,023135CV6,1470000.00000000,1439446.96000000,97.922,4.65000000,2035-11-20,Columbia Funds Variable Series Trust II,2026-03-31
Amazon.com Inc,"Amazon.com, Inc.",023135CV6,3645000.00000000,3546900.07000000,97.309,4.65000000,2035-11-20,iSHARES TRUST,2026-04-30
Amazon.com Inc,Amazon.com Inc,023135DF0,2532000.00000000,2508409.75000000,99.068,4.88000000,2036-03-13,Columbia Funds Variable Series Trust II,2026-03-31
Amazon.com Inc,"Amazon.com, Inc.",023135DF0,3240000.00000000,3192061.93000000,98.520,4.87500000,2036-03-13,iSHARES TRUST,2026-04-30
Amazon.com Inc,AMAZON.COM INC,023135BF2,188000.000000000000,177064.580000000000,94.183,3.875000000000,2037-08-22,Columbia Funds Variable Series Trust II,2024-09-30
Amazon.com Inc,AMAZON.COM INC,023135BF2,188000.000000000000,169727.880000000000,90.281,3.875000000000,2037-08-22,Columbia Funds Variable Series Trust II,2024-03-31
Amazon.com Inc,"Amazon.com, Inc.",023135BF2,2605000.00000000,2342843.60000000,89.936,3.87500000,2037-08-22,iSHARES TRUST,2026-04-30
Amazon.com Inc,"Amazon.com, Inc.",023135CA2,2290000.00000000,1689380.76000000,73.772,2.87500000,2041-05-12,iSHARES TRUST,2026-04-30
Amazon.com Inc,"Amazon.com, Inc.",023135AQ9,1876000.00000000,1743623.92000000,92.944,4.95000000,2044-12-05,iSHARES TRUST,2026-04-30
Amazon.com Inc,Amazon.com Inc,023135DG8,1508000.00000000,1503058.17000000,99.672,5.65000000,2046-03-13,Columbia Funds Variable Series Trust II,2026-03-31
Amazon.com Inc,"Amazon.com, Inc.",023135DG8,2065000.00000000,2034123.87000000,98.505,5.65000000,2046-03-13,iSHARES TRUST,2026-04-30
Amazon.com Inc,"Amazon.com, Inc.",023135BJ4,3478000.00000000,2762041.35000000,79.415,4.05000000,2047-08-22,iSHARES TRUST,2026-04-30
Amazon.com Inc,"Amazon.com, Inc.",023135BT2,2421000.00000000,1401048.53000000,57.871,2.50000000,2050-06-03,iSHARES TRUST,2026-04-30
Amazon.com Inc,"Amazon.com, Inc.",023135CB0,3034000.00000000,1960667.81000000,64.623,3.10000000,2051-05-12,iSHARES TRUST,2026-04-30
Amazon.com Inc,AMAZON.COM INC,023135CJ3,623000.000000000000,495930.250000000000,79.604,3.950000000000,2052-04-13,Columbia Funds Variable Series Trust II,2025-03-31
Amazon.com Inc,AMAZON.COM INC,023135CJ3,765000.000000000000,666061.660000000000,87.067,3.950000000000,2052-04-13,Columbia Funds Variable Series Trust II,2024-09-30
Amazon.com Inc,AMAZON.COM INC,023135CJ3,765000.000000000000,642710.960000000000,84.015,3.950000000000,2052-04-13,Columbia Funds Variable Series Trust II,2024-03-31
Amazon.com Inc,"Amazon.com, Inc.",023135CJ3,2305000.00000000,1747319.66000000,75.806,3.95000000,2052-04-13,iSHARES TRUST,2026-04-30
Amazon.com Inc,"Amazon.com, Inc.",023135CW4,2610000.00000000,2464573.78000000,94.428,5.45000000,2055-11-20,iSHARES TRUST,2026-04-30
Amazon.com Inc,Amazon.com Inc,023135DH6,2192000.00000000,2186641.81000000,99.756,5.80000000,2056-03-13,Columbia Funds Variable Series Trust II,2026-03-31
Amazon.com Inc,Amazon.com Inc,023135DH6,4675000.00000000,4665696.75000000,99.801,5.80000000,2056-03-13,TCW Metropolitan West Funds,2026-03-31
Amazon.com Inc,"Amazon.com, Inc.",023135DH6,2230000.00000000,2193998.82000000,98.386,5.80000000,2056-03-13,iSHARES TRUST,2026-04-30
Amazon.com Inc,"Amazon.com, Inc.",023135BM7,2159000.00000000,1667722.21000000,77.245,4.25000000,2057-08-22,iSHARES TRUST,2026-04-30
Amazon.com Inc,"Amazon.com, Inc.",023135BU9,1935000.00000000,1044943.04000000,54.002,2.70000000,2060-06-03,iSHARES TRUST,2026-04-30
Amazon.com Inc,"Amazon.com, Inc.",023135CC8,1950000.00000000,1196419.92000000,61.355,3.25000000,2061-05-12,iSHARES TRUST,2026-04-30
Amazon.com Inc,"Amazon.com, Inc.",023135CK0,1380000.00000000,1017760.66000000,73.751,4.10000000,2062-04-13,iSHARES TRUST,2026-04-30
Amazon.com Inc,Amazon.com Inc,023135CY0,685000.00000000,645785.20000000,94.275,5.55000000,2065-11-20,Columbia Funds Variable Series Trust II,2026-03-31
Amazon.com Inc,"Amazon.com, Inc.",023135CY0,2090000.00000000,1945834.66000000,93.102,5.55000000,2065-11-20,iSHARES TRUST,2026-04-30
Amazon.com Inc,Amazon.com Inc,023135DJ2,323000.00000000,323802.91000000,100.249,5.95000000,2066-03-13,Columbia Funds Variable Series Trust II,2026-03-31
Amazon.com Inc,"Amazon.com, Inc.",023135DJ2,1400000.00000000,1381032.09000000,98.645,5.95000000,2066-03-13,iSHARES TRUST,2026-04-30
Amazon.com Inc,Amazon.com Inc,023135DK9,707000.00000000,702693.12000000,99.391,6.05000000,2076-03-13,Columbia Funds Variable Series Trust II,2026-03-31
Amazon.com Inc,"Amazon.com, Inc.",023135DK9,2705000.00000000,2660943.46000000,98.371,6.05000000,2076-03-13,iSHARES TRUST,2026-04-30
American Electric Power,"American Electric Power Co., Inc.",025537AV3,620000.00000000,630837.45000000,101.748,5.75000000,2027-11-01,iSHARES TRUST,2026-04-30
American Electric Power,"American Electric Power Co., Inc.",025537AJ0,595000.00000000,584204.69000000,98.186,3.20000000,2027-11-13,iSHARES TRUST,2026-04-30
American Electric Power,"American Electric Power Co., Inc., Series J",025537AM3,630000.00000000,628356.56000000,99.739,4.30000000,2028-12-01,iSHARES TRUST,2026-04-30
American Electric Power,"American Electric Power Co., Inc.",025537AY7,1075000.00000000,1095064.79000000,101.866,5.20000000,2029-01-15,iSHARES TRUST,2026-04-30
American Electric Power,"American Electric Power Co., Inc.",025537AN1,314000.00000000,288493.51000000,91.877,2.30000000,2030-03-01,iSHARES TRUST,2026-04-30
American Electric Power,"American Electric Power Co., Inc.",025537AW1,565000.00000000,595552.87000000,105.408,5.95000000,2032-11-01,iSHARES TRUST,2026-04-30
American Electric Power,"American Electric Power Co., Inc.",025537AX9,674000.00000000,697529.18000000,103.491,5.62500000,2033-03-01,iSHARES TRUST,2026-04-30
American Electric Power,"American Electric Power Co., Inc.",025537AP6,405000.00000000,266147.63000000,65.715,3.25000000,2050-03-01,iSHARES TRUST,2026-04-30
American Electric Power,"American Electric Power Co., Inc.",025537AZ4,310000.00000000,323199.22000000,104.258,7.05000000,2054-12-15,iSHARES TRUST,2026-04-30
American Electric Power,"American Electric Power Co., Inc.",025537BA8,705000.00000000,751423.84000000,106.585,6.95000000,2054-12-15,iSHARES TRUST,2026-04-30
American Electric Power,American Electric Power Co Inc,02557TAF6,1360000.00000000,1352819.20000000,99.472,6.05000000,2056-03-15,TCW Metropolitan West Funds,2026-06-30
American Electric Power,American Electric Power Co Inc,02557TAE9,8235000.00000000,8133874.20000000,98.772,5.80000000,2056-03-15,TCW Metropolitan West Funds,2026-03-31
American Electric Power,"American Electric Power Co., Inc., Series C",02557TAE9,510000.00000000,508341.96000000,99.675,5.80000000,2056-03-15,iSHARES TRUST,2026-04-30
American Electric Power,"American Electric Power Co., Inc., Series D",02557TAF6,325000.00000000,323753.51000000,99.616,6.05000000,2056-03-15,iSHARES TRUST,2026-04-30
American Electric Power,AEP V6.05 03/15/56 D,02557TAF6,10020000.00000000,9962392.01000000,99.425,6.05000000,2056-03-15,PENN SERIES FUNDS INC,2026-06-30
American Electric Power,AEP V5.8 03/15/56 C,02557TAE9,10367000.00000000,10309914.11000000,99.449,5.80000000,2056-03-15,PENN SERIES FUNDS INC,2026-06-30
American Tower Corp,AMERICAN TOWER CORPORATION,03027XAM2,745000.000000000000,704732.850000000000,94.595,3.125000000000,2027-01-15,Columbia Funds Variable Series Trust II,2024-03-31
American Tower Corp,American Tower Corp.,03027XAP5,909000.00000000,900212.46000000,99.033,3.55000000,2027-07-15,iSHARES TRUST,2026-04-30
American Tower Corp,American Tower Corp,03027XAR1,3460000.00000000,3379061.95000000,97.661,3.60000000,2028-01-15,TCW Metropolitan West Funds,2024-09-30
American Tower Corp,American Tower Corp,03027XAR1,115000.00000000,108648.99000000,94.477,3.60000000,2028-01-15,TCW Metropolitan West Funds,2024-03-28
American Tower Corp,American Tower Corp.,03027XAR1,859000.00000000,846918.78000000,98.594,3.60000000,2028-01-15,iSHARES TRUST,2026-04-30
American Tower Corp,American Tower Corp.,03027XBJ8,830000.00000000,789437.08000000,95.113,1.50000000,2028-01-31,iSHARES TRUST,2026-04-30
American Tower Corp,AMERICAN TOWER CORPORATION,03027XBY5,1760000.000000000000,1774880.240000000000,100.845,5.500000000000,2028-03-15,Columbia Funds Variable Series Trust II,2024-03-31
American Tower Corp,American Tower Corp.,03027XBY5,916000.00000000,932333.31000000,101.783,5.50000000,2028-03-15,iSHARES TRUST,2026-04-30
American Tower Corp,American Tower Corp,03027XCC2,250000.00000000,257055.00000000,102.822,5.25000000,2028-07-15,TCW Metropolitan West Funds,2025-12-31
American Tower Corp,American Tower Corp,03027XCC2,7290000.00000000,7475967.90000000,102.551,5.25000000,2028-07-15,TCW Metropolitan West Funds,2025-06-30
American Tower Corp,American Tower Corp,03027XCC2,400000.00000000,412111.77000000,103.028,5.25000000,2028-07-15,TCW Metropolitan West Funds,2024-09-30
American Tower Corp,American Tower Corp.,03027XCC2,630000.00000000,639860.25000000,101.565,5.25000000,2028-07-15,iSHARES TRUST,2026-04-30
American Tower Corp,American Tower Corp.,03027XCE8,1120000.00000000,1153647.71000000,103.004,5.80000000,2028-11-15,iSHARES TRUST,2026-04-30
American Tower Corp,American Tower Corp.,03027XCG3,1005000.00000000,1022469.46000000,101.738,5.20000000,2029-02-15,iSHARES TRUST,2026-04-30
American Tower Corp,American Tower Corp.,03027XAU4,877000.00000000,863575.32000000,98.469,3.95000000,2029-03-15,iSHARES TRUST,2026-04-30
American Tower Corp,American Tower Corp.,03027XAW0,1867000.00000000,1824557.21000000,97.727,3.80000000,2029-08-15,iSHARES TRUST,2026-04-30
American Tower Corp,American Tower Corp,03027XBA7,5440000.00000000,5112294.40000000,93.976,2.90000000,2030-01-15,TCW Metropolitan West Funds,2026-03-31
American Tower Corp,American Tower Corp.,03027XBA7,904000.00000000,850897.85000000,94.126,2.90000000,2030-01-15,iSHARES TRUST,2026-04-30
American Tower Corp,American Tower Corp.,03027XCL2,650000.00000000,658373.23000000,101.288,5.00000000,2030-01-31,iSHARES TRUST,2026-04-30
American Tower Corp,American Tower Corp.,03027XCN8,1020000.00000000,1029984.06000000,100.979,4.90000000,2030-03-15,iSHARES TRUST,2026-04-30
American Tower Corp,American Tower Corp.,03027XBC3,911000.00000000,823647.10000000,90.411,2.10000000,2030-06-15,iSHARES TRUST,2026-04-30
American Tower Corp,American Tower Corp,03027XBG4,13336000.00000000,11168192.26000000,83.745,1.87500000,2030-10-15,TCW Metropolitan West Funds,2024-12-31
American Tower Corp,American Tower Corp,03027XBG4,13336000.00000000,10867464.79000000,81.490,1.87500000,2030-10-15,TCW Metropolitan West Funds,2024-06-28
American Tower Corp,American Tower Corp.,03027XBG4,842000.00000000,747880.22000000,88.822,1.87500000,2030-10-15,iSHARES TRUST,2026-04-30
American Tower Corp,AMERICAN TOWER CORPORATION,03027XBM1,8468000.000000000000,7154340.870000000000,84.487,2.700000000000,2031-04-15,Columbia Funds Variable Series Trust II,2024-06-30
American Tower Corp,American Tower Corp,03027XBM1,30000.00000000,27249.00000000,90.830,2.70000000,2031-04-15,TCW Metropolitan West Funds,2026-03-31
American Tower Corp,American Tower Corp,03027XBM1,42899000.00000000,36290975.32000000,84.596,2.70000000,2031-04-15,TCW Metropolitan West Funds,2024-06-28
American Tower Corp,American Tower Corp.,03027XBM1,925000.00000000,841092.87000000,90.929,2.70000000,2031-04-15,iSHARES TRUST,2026-04-30
American Tower Corp,American Tower Corp,03027XBS8,745000.00000000,641990.55000000,86.173,2.30000000,2031-09-15,TCW Metropolitan West Funds,2024-09-30
American Tower Corp,American Tower Corp.,03027XBS8,1165000.00000000,1029199.11000000,88.343,2.30000000,2031-09-15,iSHARES TRUST,2026-04-30
American Tower Corp,American Tower Corp.,03027XBW9,754000.00000000,724731.20000000,96.118,4.05000000,2032-03-15,iSHARES TRUST,2026-04-30
American Tower Corp,American Tower Corp,03027XCR9,4925000.00000000,4842457.00000000,98.324,4.70000000,2032-12-15,TCW Metropolitan West Funds,2026-03-31
American Tower Corp,American Tower Corp.,03027XCR9,430000.00000000,424341.76000000,98.684,4.70000000,2032-12-15,iSHARES TRUST,2026-04-30
American Tower Corp,American Tower Corp,03027XBZ2,4974000.00000000,5006640.08000000,100.656,5.65000000,2033-03-15,TCW Metropolitan West Funds,2024-06-28
American Tower Corp,American Tower Corp.,03027XBZ2,900000.00000000,933180.54000000,103.687,5.65000000,2033-03-15,iSHARES TRUST,2026-04-30
American Tower Corp,American Tower Corp,03027XCD0,975000.00000000,982554.57000000,100.775,5.55000000,2033-07-15,TCW Metropolitan West Funds,2024-12-31
American Tower Corp,American Tower Corp,03027XCD0,10425000.00000000,10417098.58000000,99.924,5.55000000,2033-07-15,TCW Metropolitan West Funds,2024-06-28
American Tower Corp,American Tower Corp.,03027XCD0,1075000.00000000,1105692.13000000,102.855,5.55000000,2033-07-15,iSHARES TRUST,2026-04-30
American Tower Corp,AMERICAN TOWER CORPORATION,03027XCF5,2631000.000000000000,2724701.410000000000,103.561,5.900000000000,2033-11-15,Columbia Funds Variable Series Trust II,2024-03-31
American Tower Corp,American Tower Corp.,03027XCF5,1150000.00000000,1204614.51000000,104.749,5.90000000,2033-11-15,iSHARES TRUST,2026-04-30
American Tower Corp,American Tower Corp.,03027XCH1,690000.00000000,702937.86000000,101.875,5.45000000,2034-02-15,iSHARES TRUST,2026-04-30
American Tower Corp,American Tower Corp.,03027XCM0,720000.00000000,728571.13000000,101.190,5.40000000,2035-01-31,iSHARES TRUST,2026-04-30
American Tower Corp,American Tower Corp.,03027XCP3,685000.00000000,690459.98000000,100.797,5.35000000,2035-03-15,iSHARES TRUST,2026-04-30
American Tower Corp,American Tower Corp.,03027XAY6,686000.00000000,494550.32000000,72.092,3.70000000,2049-10-15,iSHARES TRUST,2026-04-30
American Tower Corp,American Tower Corp.,03027XBD1,1207000.00000000,772459.35000000,63.998,3.10000000,2050-06-15,iSHARES TRUST,2026-04-30
American Tower Corp,AMERICAN TOWER CORPORATION,03027XBK5,441000.000000000000,284957.810000000000,64.616,2.950000000000,2051-01-15,Columbia Funds Variable Series Trust II,2024-03-31
American Tower Corp,American Tower Corp.,03027XBK5,1210000.00000000,750503.63000000,62.025,2.95000000,2051-01-15,iSHARES TRUST,2026-04-30
Bloom Energy,Bloom Energy Corp,093712AK3,3650000.00000000,4621995.00000000,126.630,3.00000000,2028-06-01,CALAMOS INVESTMENT TRUST/IL,2025-04-30
Bloom Energy,Bloom Energy Corp,093712AN7,3026000.00000000,5267872.62000000,174.087,0.00000000,2030-11-15,CALAMOS INVESTMENT TRUST/IL,2026-04-30
Broadcom Inc,BROADCOM INC,11135FBB6,742000.000000000000,735285.970000000000,99.095,3.150000000000,2025-11-15,Columbia Funds Variable Series Trust II,2025-03-31
Broadcom Inc,BROADCOM INC,11135FBB6,984000.000000000000,970444.900000000000,98.622,3.150000000000,2025-11-15,Columbia Funds Variable Series Trust II,2024-09-30
Broadcom Inc,BROADCOM INC,11135FBB6,1035000.000000000000,1001491.660000000000,96.762,3.150000000000,2025-11-15,Columbia Funds Variable Series Trust II,2024-03-31
Broadcom Inc,BROADCOM INC,11135FBZ3,2187000.000000000000,2234542.410000000000,102.174,5.050000000000,2027-07-12,Columbia Funds Variable Series Trust II,2024-09-30
Broadcom Inc,"Broadcom, Inc.",11135FBZ3,635000.00000000,641871.98000000,101.082,5.05000000,2027-07-12,iSHARES TRUST,2026-04-30
Broadcom Inc,Broadcom Corp.,11134LAR0,1030000.00000000,1018589.96000000,98.892,3.50000000,2028-01-15,iSHARES TRUST,2026-04-30
Broadcom Inc,BROADCOM INC,11135FCA7,1950000.000000000000,1955629.180000000000,100.289,4.150000000000,2028-02-15,Columbia Funds Variable Series Trust II,2025-09-30
Broadcom Inc,BROADCOM INC,11135FCA7,1575000.000000000000,1561019.240000000000,99.112,4.150000000000,2028-02-15,Columbia Funds Variable Series Trust II,2025-03-31
Broadcom Inc,"Broadcom, Inc.",11135FCP4,839000.00000000,806826.14000000,96.165,1.95000000,2028-02-15,iSHARES TRUST,2026-04-30
Broadcom Inc,"Broadcom, Inc.",11135FCE9,1025000.00000000,1036626.24000000,101.134,4.80000000,2028-04-15,iSHARES TRUST,2026-04-30
Broadcom Inc,"Broadcom, Inc.",11135FBA8,1046000.00000000,1057442.57000000,101.094,4.75000000,2029-04-15,iSHARES TRUST,2026-04-30
Broadcom Inc,"Broadcom, Inc.",11135FBR1,1360000.00000000,1346654.50000000,99.019,4.00000000,2029-04-15,iSHARES TRUST,2026-04-30
Broadcom Inc,Broadcom Inc,11135FBX8,2208000.00000000,2253768.65000000,102.073,5.05000000,2029-07-12,Columbia Funds Variable Series Trust II,2026-03-31
Broadcom Inc,BROADCOM INC,11135FBX8,2858000.000000000000,2943871.080000000000,103.005,5.0500,2029-07-12,Columbia Funds Variable Series Trust II,2025-09-30
Broadcom Inc,BROADCOM INC,11135FBX8,2308000.000000000000,2339920.370000000000,101.383,5.050000000000,2029-07-12,Columbia Funds Variable Series Trust II,2025-03-31
Broadcom Inc,BROADCOM INC,11135FBX8,3062000.000000000000,3152370.000000000000,102.951,5.050000000000,2029-07-12,Columbia Funds Variable Series Trust II,2024-09-30
Broadcom Inc,"Broadcom, Inc.",11135FBX8,1435000.00000000,1462571.87000000,101.921,5.05000000,2029-07-12,iSHARES TRUST,2026-04-30
Broadcom Inc,"Broadcom, Inc.",11135FCB5,1475000.00000000,1469311.70000000,99.614,4.35000000,2030-02-15,iSHARES TRUST,2026-04-30
Broadcom Inc,"Broadcom, Inc.",11135FBD2,520000.00000000,529224.81000000,101.774,5.00000000,2030-04-15,iSHARES TRUST,2026-04-30
Broadcom Inc,"Broadcom, Inc.",11135FCF6,720000.00000000,734429.23000000,102.004,5.05000000,2030-04-15,iSHARES TRUST,2026-04-30
Broadcom Inc,Broadcom Inc,11135FCK5,1995000.00000000,2003783.16000000,100.440,4.60000000,2030-07-15,Columbia Funds Variable Series Trust II,2026-03-31
Broadcom Inc,BROADCOM INC,11135FCK5,2584000.000000000000,2622731.890000000000,101.499,4.600000000000,2030-07-15,Columbia Funds Variable Series Trust II,2025-09-30
Broadcom Inc,"Broadcom, Inc.",11135FCK5,1510000.00000000,1516071.94000000,100.402,4.60000000,2030-07-15,iSHARES TRUST,2026-04-30
Broadcom Inc,"Broadcom, Inc.",11135FCW9,485000.00000000,479263.69000000,98.817,4.20000000,2030-10-15,iSHARES TRUST,2026-04-30
Broadcom Inc,"Broadcom, Inc.",11135FAQ4,1786000.00000000,1758360.86000000,98.452,4.15000000,2030-11-15,iSHARES TRUST,2026-04-30
Broadcom Inc,"Broadcom, Inc.",11135FCZ2,440000.00000000,436434.47000000,99.190,4.30000000,2031-01-15,iSHARES TRUST,2026-04-30
Broadcom Inc,BROADCOM INC,11135FBH3,990000.000000000000,870350.800000000000,87.914,2.450000000000,2031-02-15,Columbia Funds Variable Series Trust II,2025-03-31
Broadcom Inc,BROADCOM INC,11135FBH3,1313000.000000000000,1163073.520000000000,88.581,2.450000000000,2031-02-15,Columbia Funds Variable Series Trust II,2024-09-30
Broadcom Inc,BROADCOM INC,11135FBH3,1381000.000000000000,1163431.520000000000,84.246,2.450000000000,2031-02-15,Columbia Funds Variable Series Trust II,2024-03-31
Broadcom Inc,"Broadcom, Inc.",11135FCQ2,2840000.00000000,2587120.47000000,91.096,2.45000000,2031-02-15,iSHARES TRUST,2026-04-30
Broadcom Inc,Broadcom Inc,11135FBY6,2060000.00000000,2114403.91000000,102.641,5.15000000,2031-11-15,Columbia Funds Variable Series Trust II,2026-03-31
Broadcom Inc,BROADCOM INC,11135FBY6,2666000.000000000000,2767374.280000000000,103.802,5.150000000000,2031-11-15,Columbia Funds Variable Series Trust II,2025-09-30
Broadcom Inc,BROADCOM INC,11135FBY6,4089000.000000000000,4146173.760000000000,101.398,5.150000000000,2031-11-15,Columbia Funds Variable Series Trust II,2025-03-31
Broadcom Inc,BROADCOM INC,11135FBY6,2624000.000000000000,2720087.290000000000,103.662,5.150000000000,2031-11-15,Columbia Funds Variable Series Trust II,2024-09-30
Broadcom Inc,"Broadcom, Inc.",11135FBY6,1745000.00000000,1786877.52000000,102.400,5.15000000,2031-11-15,iSHARES TRUST,2026-04-30
Broadcom Inc,Broadcom Inc,11135FCC3,1534000.00000000,1520660.98000000,99.130,4.55000000,2032-02-15,Columbia Funds Variable Series Trust II,2026-03-31
Broadcom Inc,BROADCOM INC,11135FCC3,1986000.000000000000,1998438.870000000000,100.626,4.550000000000,2032-02-15,Columbia Funds Variable Series Trust II,2025-09-30
Broadcom Inc,BROADCOM INC,11135FCC3,1604000.000000000000,1564499.260000000000,97.537,4.550000000000,2032-02-15,Columbia Funds Variable Series Trust II,2025-03-31
Broadcom Inc,BROADCOM INC,11135FCC3,2105000.000000000000,2102233.840000000000,99.869,4.550000000000,2032-02-15,Columbia Funds Variable Series Trust II,2024-09-30
Broadcom Inc,"Broadcom, Inc.",11135FCC3,1100000.00000000,1091720.91000000,99.247,4.55000000,2032-02-15,iSHARES TRUST,2026-04-30
Broadcom Inc,"Broadcom, Inc.",11135FBT7,1335000.00000000,1294074.24000000,96.934,4.15000000,2032-04-15,iSHARES TRUST,2026-04-30
Broadcom Inc,"Broadcom, Inc.",11135FCG4,625000.00000000,640319.98000000,102.451,5.20000000,2032-04-15,iSHARES TRUST,2026-04-30
Broadcom Inc,Broadcom Inc,11135FCL3,2055000.00000000,2073504.95000000,100.900,4.90000000,2032-07-15,Columbia Funds Variable Series Trust II,2026-03-31
Broadcom Inc,BROADCOM INC,11135FCL3,2233000.000000000000,2283700.230000000000,102.270,4.900000000000,2032-07-15,Columbia Funds Variable Series Trust II,2025-09-30
Broadcom Inc,"Broadcom, Inc.",11135FCL3,1670000.00000000,1684932.64000000,100.894,4.90000000,2032-07-15,iSHARES TRUST,2026-04-30
Broadcom Inc,"Broadcom, Inc.",11135FAS0,1849000.00000000,1804609.28000000,97.599,4.30000000,2032-11-15,iSHARES TRUST,2026-04-30
Broadcom Inc,"Broadcom, Inc.",11135FDA6,910000.00000000,898899.86000000,98.780,4.60000000,2033-01-15,iSHARES TRUST,2026-04-30
Broadcom Inc,"Broadcom, Inc.",11135FCR0,1825000.00000000,1596496.52000000,87.479,2.60000000,2033-02-15,iSHARES TRUST,2026-04-30
Broadcom Inc,Broadcom Inc,11135FCU3,7000000.00000000,6379801.19000000,91.140,3.42000000,2033-04-15,Columbia Funds Variable Series Trust II,2026-06-30
Broadcom Inc,"Broadcom, Inc.",11135FCU3,2216000.00000000,2029394.46000000,91.579,3.41900000,2033-04-15,iSHARES TRUST,2026-04-30
Broadcom Inc,BROADCOM INC,11135FBL4,805000.000000000000,734484.510000000000,91.240,3.469000000000,2034-04-15,Columbia Funds Variable Series Trust II,2025-09-30
Broadcom Inc,"Broadcom, Inc.",11135FCT6,3155000.00000000,2846416.87000000,90.219,3.46900000,2034-04-15,iSHARES TRUST,2026-04-30
Broadcom Inc,Broadcom Inc,11135FCD1,2148000.00000000,2115276.86000000,98.477,4.80000000,2034-10-15,Columbia Funds Variable Series Trust II,2026-03-31
Broadcom Inc,BROADCOM INC,11135FCD1,2781000.000000000000,2797329.850000000000,100.587,4.800000000000,2034-10-15,Columbia Funds Variable Series Trust II,2025-09-30
Broadcom Inc,BROADCOM INC,11135FCD1,2246000.000000000000,2192596.020000000000,97.622,4.800000000000,2034-10-15,Columbia Funds Variable Series Trust II,2025-03-31
Broadcom Inc,BROADCOM INC,11135FCD1,2947000.000000000000,2944462.520000000000,99.914,4.800000000000,2034-10-15,Columbia Funds Variable Series Trust II,2024-09-30
Broadcom Inc,"Broadcom, Inc.",11135FCD1,1855000.00000000,1830195.69000000,98.663,4.80000000,2034-10-15,iSHARES TRUST,2026-04-30
Broadcom Inc,Broadcom Inc,11135FCM1,656000.00000000,660802.17000000,100.732,5.20000000,2035-07-15,Columbia Funds Variable Series Trust II,2026-03-31
Broadcom Inc,BROADCOM INC,11135FCM1,853000.000000000000,880111.250000000000,103.178,5.200000000000,2035-07-15,Columbia Funds Variable Series Trust II,2025-09-30
Broadcom Inc,"Broadcom, Inc.",11135FCM1,2410000.00000000,2429919.58000000,100.827,5.20000000,2035-07-15,iSHARES TRUST,2026-04-30
Broadcom Inc,Broadcom Inc,11135FBP5,2604000.00000000,2212477.25000000,84.965,3.14000000,2035-11-15,Columbia Funds Variable Series Trust II,2026-03-31
Broadcom Inc,BROADCOM INC,11135FBP5,1996000.000000000000,1727996.420000000000,86.573,3.137000000000,2035-11-15,Columbia Funds Variable Series Trust II,2025-09-30
Broadcom Inc,BROADCOM INC,11135FBP5,2707000.000000000000,2244329.530000000000,82.908,3.137000000000,2035-11-15,Columbia Funds Variable Series Trust II,2025-03-31
Broadcom Inc,BROADCOM INC,11135FBP5,3050000.000000000000,2607630.260000000000,85.496,3.137000000000,2035-11-15,Columbia Funds Variable Series Trust II,2024-09-30
Broadcom Inc,BROADCOM INC,11135FBP5,1640000.000000000000,1325693.210000000000,80.835,3.1370,2035-11-15,Columbia Funds Variable Series Trust II,2024-03-31
Broadcom Inc,"Broadcom, Inc.",11135FBP5,3355000.00000000,2859650.57000000,85.235,3.13700000,2035-11-15,iSHARES TRUST,2026-04-30
Broadcom Inc,AVGO 3.137 11/15/35 144A,11135FBP5,600000.00000000,511657.64000000,85.276,3.13700000,2035-11-15,ETFis Series Trust I,2026-04-30
Broadcom Inc,Broadcom Inc,11135FDB4,3000000.00000000,2947561.56000000,98.252,4.95000000,2036-01-15,Columbia Funds Variable Series Trust II,2026-06-30
Broadcom Inc,"Broadcom, Inc.",11135FDB4,1330000.00000000,1315047.50000000,98.876,4.95000000,2036-01-15,iSHARES TRUST,2026-04-30
Broadcom Inc,Broadcom Inc,11135FCY5,1108000.00000000,1079301.91000000,97.410,4.80000000,2036-02-15,Columbia Funds Variable Series Trust II,2026-03-31
Broadcom Inc,"Broadcom, Inc.",11135FCY5,2045000.00000000,1998205.85000000,97.712,4.80000000,2036-02-15,iSHARES TRUST,2026-04-30
Broadcom Inc,Broadcom Inc,11135FBQ3,6287000.00000000,5334497.15000000,84.850,3.19000000,2036-11-15,Columbia Funds Variable Series Trust II,2025-12-31
Broadcom Inc,"Broadcom, Inc.",11135FBQ3,2815000.00000000,2364434.97000000,83.994,3.18700000,2036-11-15,iSHARES TRUST,2026-04-30
Broadcom Inc,Broadcom Inc,11135FBV2,865000.00000000,838430.30000000,96.928,4.93000000,2037-05-15,Columbia Funds Variable Series Trust II,2026-03-31
Broadcom Inc,BROADCOM INC,11135FBV2,1120000.000000000000,1115739.710000000000,99.620,4.9260,2037-05-15,Columbia Funds Variable Series Trust II,2025-09-30
Broadcom Inc,BROADCOM INC,11135FBV2,904000.000000000000,870825.010000000000,96.330,4.9260,2037-05-15,Columbia Funds Variable Series Trust II,2025-03-31
Broadcom Inc,BROADCOM INC,11135FBV2,1199000.000000000000,1196886.370000000000,99.824,4.9260,2037-05-15,Columbia Funds Variable Series Trust II,2024-09-30
Broadcom Inc,BROADCOM INC,11135FBV2,1262000.000000000000,1196891.880000000000,94.841,4.926000000000,2037-05-15,Columbia Funds Variable Series Trust II,2024-03-31
Broadcom Inc,"Broadcom, Inc.",11135FBV2,3215000.00000000,3130815.92000000,97.382,4.92600000,2037-05-15,iSHARES TRUST,2026-04-30
Broadcom Inc,"Broadcom, Inc.",11135FCX7,1515000.00000000,1463166.88000000,96.579,4.90000000,2038-02-15,iSHARES TRUST,2026-04-30
Broadcom Inc,"Broadcom, Inc.",11135FCV1,3474000.00000000,2776723.02000000,79.929,3.50000000,2041-02-15,iSHARES TRUST,2026-04-30
Broadcom Inc,"Broadcom, Inc.",11135FCS8,1868000.00000000,1386415.53000000,74.219,3.75000000,2051-02-15,iSHARES TRUST,2026-04-30
Broadcom Inc,Broadcom Inc,11135FDD0,74000.00000000,73519.39000000,99.351,5.70000000,2056-01-15,Columbia Funds Variable Series Trust II,2026-03-31
Broadcom Inc,"Broadcom, Inc.",11135FDD0,1335000.00000000,1325384.23000000,99.280,5.70000000,2056-01-15,iSHARES TRUST,2026-04-30
Cameco Corp,Camelot Return Merger Sub Inc,13323NAA0,125000.00000000,77661.14000000,62.129,8.75000000,2028-08-01,Columbia Funds Variable Series Trust II,2026-06-30
Cameco Corp,"Camelot Return Merger Sub, Inc.",13323NAA0,735000.00000000,475172.95000000,64.649,8.75000000,2028-08-01,iSHARES TRUST,2026-04-30
Cameco Corp,Cameron LNG LLC,133434AA8,998000.00000000,914210.76000000,91.604,2.90200000,2031-07-15,iSHARES TRUST,2026-04-30
Cameco Corp,CAMLNG 3.302 01/15/35 144A,133434AB6,900000.00000000,784844.25000000,87.205,3.30200000,2035-01-15,"MANNING & NAPIER FUND, INC.",2026-04-30
Cameco Corp,CAMLNG 3.302 01/15/35 144A,133434AB6,2790000.00000000,2425092.82000000,86.921,3.30200000,2035-01-15,"MANNING & NAPIER FUND, INC.",2026-03-31
Cameco Corp,Cameron LNG LLC,133434AB6,970000.00000000,850279.91000000,87.658,3.30200000,2035-01-15,"MANNING & NAPIER FUND, INC.",2026-01-30
Cameco Corp,Cameron LNG LLC,133434AB6,735000.00000000,644683.77000000,87.712,3.30200000,2035-01-15,"MANNING & NAPIER FUND, INC.",2025-10-31
Cameco Corp,Cameron LNG LLC,133434AB6,2080000.00000000,1809616.24000000,87.001,3.30200000,2035-01-15,"MANNING & NAPIER FUND, INC.",2025-09-30
Cameco Corp,Cameron LNG LLC,133434AB6,1291000.00000000,1125815.47000000,87.205,3.30200000,2035-01-15,iSHARES TRUST,2026-04-30
Cameco Corp,Cameron LNG LLC,133434AC4,960000.00000000,839337.40000000,87.431,3.40200000,2038-01-15,iSHARES TRUST,2026-04-30
Cameco Corp,Cameron School District/WI,133650GH8,925000.00000000,994447.20000000,107.508,5.00000000,2038-04-01,"MANNING & NAPIER FUND, INC.",2025-06-30
Cameco Corp,CAMERON LNG LLC,133434AD2,302000.000000000000,260294.630000000000,86.190,3.701000000000,2039-01-15,Columbia Funds Variable Series Trust II,2024-09-30
Cameco Corp,CAMERON LNG LLC,133434AD2,302000.000000000000,251095.440000000000,83.144,3.701000000000,2039-01-15,Columbia Funds Variable Series Trust II,2024-03-31
Cameco Corp,Cameron LNG LLC,133434AD2,1170000.00000000,989910.32000000,84.608,3.70100000,2039-01-15,iSHARES TRUST,2026-04-30
Centersquare,CNSQ 2024-1A A2,15201EAA2,2000000.00000000,1938387.91000000,96.919,5.20000000,2054-10-26,"MANNING & NAPIER FUND, INC.",2026-03-31
Constellation Energy,Constellation Energy Generation LLC,210385AP5,800000.00000000,794052.37000000,99.257,3.90000000,2028-01-08,iSHARES TRUST,2026-04-30
Constellation Energy,Constellation Energy Generation LLC,210385AB6,845000.00000000,862208.81000000,102.037,5.60000000,2028-03-01,iSHARES TRUST,2026-04-30
Constellation Energy,Constellation Energy Generation LLC,210385AG5,1150000.00000000,1142675.21000000,99.363,4.62500000,2029-02-01,iSHARES TRUST,2026-04-30
Constellation Energy,Constellation Energy Generation LLC,210385AQ3,385000.00000000,381158.36000000,99.002,4.40000000,2031-01-15,iSHARES TRUST,2026-04-30
Constellation Energy,Constellation Energy Generation LLC,210385AJ9,1347000.00000000,1350900.10000000,100.290,5.00000000,2031-02-01,iSHARES TRUST,2026-04-30
Constellation Energy,Constellation Energy Generation LLC,210385AL4,880000.00000000,840531.14000000,95.515,3.75000000,2031-03-01,iSHARES TRUST,2026-04-30
Constellation Energy,CONSTELLATION ENERGY GENERATION,210385AC4,657000.000000000000,677603.580000000000,103.136,5.800000000000,2033-03-01,Columbia Funds Variable Series Trust II,2024-03-31
Constellation Energy,Constellation Energy Generation LLC,210385AC4,555000.00000000,581726.51000000,104.816,5.80000000,2033-03-01,iSHARES TRUST,2026-04-30
Constellation Energy,Constellation Energy Generation LLC,210385AD2,450000.00000000,480912.37000000,106.869,6.12500000,2034-01-15,iSHARES TRUST,2026-04-30
Constellation Energy,Constellation Energy Generation LLC,30161MAG8,945000.00000000,997722.95000000,105.579,6.25000000,2039-10-01,iSHARES TRUST,2026-04-30
Constellation Energy,EXELON CORPORATION,30161MAJ2,475000.000000000000,486896.610000000000,102.505,5.750000000000,2041-10-01,Columbia Funds Variable Series Trust II,2025-09-30
Constellation Energy,EXELON CORPORATION,30161MAJ2,644000.000000000000,634064.800000000000,98.457,5.750000000000,2041-10-01,Columbia Funds Variable Series Trust II,2025-03-31
Constellation Energy,EXELON CORPORATION,30161MAJ2,800000.000000000000,843372.290000000000,105.422,5.750000000000,2041-10-01,Columbia Funds Variable Series Trust II,2024-09-30
Constellation Energy,Constellation Energy Generation LLC,30161MAJ2,555000.00000000,558804.69000000,100.686,5.75000000,2041-10-01,iSHARES TRUST,2026-04-30
Constellation Energy,EXELON GENERATION CO LLC,30161MAN3,349000.000000000000,353373.150000000000,101.253,5.600000000000,2042-06-15,Columbia Funds Variable Series Trust II,2025-09-30
Constellation Energy,EXELON GENERATION CO LLC,30161MAN3,1260000.000000000000,1217452.290000000000,96.623,5.600000000000,2042-06-15,Columbia Funds Variable Series Trust II,2025-03-31
Constellation Energy,EXELON GENERATION CO LLC,30161MAN3,1590000.000000000000,1644890.140000000000,103.452,5.600000000000,2042-06-15,Columbia Funds Variable Series Trust II,2024-09-30
Constellation Energy,EXELON GENERATION CO LLC,30161MAN3,1590000.000000000000,1570517.400000000000,98.775,5.600000000000,2042-06-15,Columbia Funds Variable Series Trust II,2024-03-31
Constellation Energy,Constellation Energy Generation LLC,30161MAN3,925000.00000000,908454.03000000,98.211,5.60000000,2042-06-15,iSHARES TRUST,2026-04-30
Constellation Energy,CONSTELLATION ENERGY GENERATION,210385AE0,1419000.000000000000,1641567.180000000000,115.685,6.500000000000,2053-10-01,Columbia Funds Variable Series Trust II,2024-09-30
Constellation Energy,CONSTELLATION ENERGY GENERATION,210385AE0,970000.000000000000,1069409.300000000000,110.248,6.500000000000,2053-10-01,Columbia Funds Variable Series Trust II,2024-03-31
Constellation Energy,Constellation Energy Generation LLC,210385AE0,1030000.00000000,1094645.89000000,106.276,6.50000000,2053-10-01,iSHARES TRUST,2026-04-30
Constellation Energy,CONSTELLATION ENERGY GENERATION,210385AF7,505000.000000000000,534396.140000000000,105.821,5.750000000000,2054-03-15,Columbia Funds Variable Series Trust II,2024-09-30
Constellation Energy,CONSTELLATION ENERGY GENERATION,210385AF7,505000.000000000000,504550.020000000000,99.911,5.750000000000,2054-03-15,Columbia Funds Variable Series Trust II,2024-03-31
Constellation Energy,Constellation Energy Generation LLC,210385AF7,1015000.00000000,991289.33000000,97.664,5.75000000,2054-03-15,iSHARES TRUST,2026-04-30
Constellation Energy,Constellation Energy Generation LLC,210385AR1,520000.00000000,500361.85000000,96.223,5.87500000,2066-01-15,iSHARES TRUST,2026-04-30
CoreWeave Inc,CoreWeave Inc,21873SAB4,215000.00000000,216323.40000000,100.616,9.25000000,2030-06-01,Columbia Funds Variable Series Trust II,2026-06-30
CoreWeave Inc,COREWEAVE INC,21873SAB4,100000.000000000000,103274.580000000000,103.275,9.2500,2030-06-01,Columbia Funds Variable Series Trust II,2025-09-30
CoreWeave Inc,"CoreWeave, Inc.",21873SAB4,1950000.00000000,1974381.79000000,101.250,9.25000000,2030-06-01,iSHARES TRUST,2026-04-30
CoreWeave Inc,"CoreWeave, Inc.",21873SAB4,703000.00000000,708837.39000000,100.830,9.25000000,2030-06-01,iSHARES TRUST,2025-10-31
CoreWeave Inc,CoreWeave Inc,21873SAB4,1100000.00000000,1137404.40000000,103.400,9.25000000,2030-06-01,Voya INVESTORS TRUST,2025-09-30
CoreWeave Inc,CoreWeave Inc,21873SAB4,1100000.00000000,1125501.67000000,102.318,9.25000000,2030-06-01,Voya INVESTORS TRUST,2025-06-30
CoreWeave Inc,CoreWeave Inc,21873SAC2,915000.00000000,904786.64000000,98.884,9.00000000,2031-02-01,Columbia Funds Variable Series Trust II,2026-06-30
CoreWeave Inc,CRWV 9 02/01/31 144A,21873SAC2,1910000.00000000,1888680.32000000,98.884,9.00000000,2031-02-01,"MANNING & NAPIER FUND, INC.",2026-06-30
CoreWeave Inc,"CoreWeave, Inc.",21873SAC2,1885000.00000000,1873625.43000000,99.397,9.00000000,2031-02-01,iSHARES TRUST,2026-04-30
CoreWeave Inc,CRWV 9 02/01/31 144A,21873SAC2,2270000.00000000,2246084.07000000,98.946,9.00000000,2031-02-01,Voya INVESTORS TRUST,2026-06-30
CoreWeave Inc,CoreWeave Inc,21873SAG3,455000.00000000,453815.72000000,99.740,9.75000000,2031-10-01,Columbia Funds Variable Series Trust II,2026-06-30
CoreWeave Inc,"CoreWeave, Inc.",21873SAG3,595000.00000000,598686.34000000,100.620,9.75000000,2031-10-01,iSHARES TRUST,2026-04-30
CoreWeave Inc,Coreweave Financing DDTL V LLC Delayed Draw Term Loan,21882DAB6,975000.00000000,994295.25000000,101.979,0.50000000,2031-11-17,Columbia Funds Variable Series Trust II,2026-06-30
CoreWeave Inc,CRWV 1.75 12/01/31,21873SAD0,17000.00000000,22090.65000000,129.945,1.75000000,2031-12-01,ETFis Series Trust I,2026-04-30
CoreWeave Inc,CoreWeave Inc,21873SAK4,120000.00000000,118238.94000000,98.532,9.63000000,2032-07-15,Columbia Funds Variable Series Trust II,2026-06-30
CoreWeave Inc,CRWV 1.75 10/01/32,21873SAH1,15000.00000000,18030.00000000,120.200,1.75000000,2032-10-01,ETFis Series Trust I,2026-04-30
CyrusOne LP,CyrusOne Data Centers Issuer I LLC,23284BAE4,150000.00000000,150112.38000000,100.075,5.56000000,2048-11-20,VanEck ETF Trust,2026-04-30
CyrusOne LP,CyrusOne Data Centers Issuer I LLC,23284BAE4,22650000.00000000,22659834.63000000,100.043,5.56000000,2048-11-20,TCW Metropolitan West Funds,2024-12-31
CyrusOne LP,CyrusOne Data Centers Issuer I LLC,23284BAE4,22650000.00000000,22161167.70000000,97.842,5.56000000,2048-11-20,TCW Metropolitan West Funds,2024-06-28
DataBank,COLO_21-1A,23802WAA9,2850000.000000000000,2815485.080000000000,98.789,2.060000000000,2051-02-27,Columbia Funds Variable Series Trust II,2025-09-30
DataBank,COLO_21-1A,23802WAA9,2850000.000000000000,2768024.880000000000,97.124,2.060000000000,2051-02-27,Columbia Funds Variable Series Trust II,2025-03-31
DataBank,COLO_21-1A,23802WAA9,2850000.000000000000,2717373.830000000000,95.346,2.060000000000,2051-02-27,Columbia Funds Variable Series Trust II,2024-09-30
DataBank,COLO_21-1A,23802WAA9,2850000.000000000000,2611673.600000000000,91.638,2.060000000000,2051-02-27,Columbia Funds Variable Series Trust II,2024-03-31
DataBank,DataBank Issuer,23802WAA9,2400000.00000000,2369384.14000000,98.724,2.06000000,2051-02-27,"MANNING & NAPIER FUND, INC.",2025-09-30
DataBank,DataBank Issuer,23802WAA9,120000.00000000,119463.95000000,99.553,2.06000000,2051-02-27,TCW Metropolitan West Funds,2025-12-31
DataBank,DataBank Issuer,23802WAA9,1000000.00000000,978399.20000000,97.840,2.06000000,2051-02-27,TCW Metropolitan West Funds,2025-06-30
DataBank,COLO 2021-2A A2,23802WAG6,900000.00000000,885046.27000000,98.338,2.40000000,2051-10-25,"MANNING & NAPIER FUND, INC.",2026-03-31
DataBank,DataBank Issuer,23802WAG6,1630000.00000000,1586007.90000000,97.301,2.40000000,2051-10-25,"MANNING & NAPIER FUND, INC.",2025-10-31
DataBank,COLO 2023-1A A2,23802WAL5,1600000.00000000,1585355.92000000,99.085,5.11600000,2053-02-25,"MANNING & NAPIER FUND, INC.",2026-04-30
DataBank,COLO 2023-1A A2,23802WAL5,1350000.00000000,1339105.18000000,99.193,5.11600000,2053-02-25,"MANNING & NAPIER FUND, INC.",2026-03-31
DataBank,DataBank Issuer,23802WAL5,1500000.00000000,1496543.22000000,99.770,5.11600000,2053-02-25,"MANNING & NAPIER FUND, INC.",2025-10-31
DataBank,DataBank Issuer,23802WAL5,1180000.00000000,1177547.40000000,99.792,5.11600000,2053-02-25,"MANNING & NAPIER FUND, INC.",2025-09-30
Digital Realty Trust LP,Digital Realty Trust LP,25389JAR7,1055000.00000000,1044956.67000000,99.048,3.70000000,2027-08-15,iSHARES TRUST,2026-04-30
Digital Realty Trust LP,Digital Realty Trust LP,25389JAV8,940000.00000000,956211.45000000,101.725,5.55000000,2028-01-15,iSHARES TRUST,2026-04-30
Digital Realty Trust LP,Digital Realty Trust LP,25389JAT3,788000.00000000,786766.63000000,99.843,4.45000000,2028-07-15,iSHARES TRUST,2026-04-30
Digital Realty Trust LP,Digital Realty Trust LP,25389JAU0,1169000.00000000,1137364.16000000,97.294,3.60000000,2029-07-01,iSHARES TRUST,2026-04-30
Dominion Energy,"Dominion Energy, Inc.",25746UDY2,795000.00000000,797669.93000000,100.336,4.60000000,2028-05-15,iSHARES TRUST,2026-04-30
Dominion Energy,"Dominion Energy, Inc.",25746UCY3,604000.00000000,602136.99000000,99.692,4.25000000,2028-06-01,iSHARES TRUST,2026-04-30
Dominion Energy,"Dominion Energy, Inc., Series C",25746UDG1,1809000.00000000,1728874.38000000,95.571,3.37500000,2030-04-01,iSHARES TRUST,2026-04-30
Dominion Energy,"Dominion Energy, Inc.",25746UDW6,830000.00000000,842032.66000000,101.450,5.00000000,2030-06-15,iSHARES TRUST,2026-04-30
Dominion Energy,Dominion Energy Inc,25746UDL0,470000.00000000,416177.06000000,88.548,2.25000000,2031-08-15,VanEck ETF Trust,2026-04-30
Dominion Energy,"Dominion Energy, Inc., Series C",25746UDL0,565000.00000000,499899.14000000,88.478,2.25000000,2031-08-15,iSHARES TRUST,2026-04-30
Dominion Energy,"Dominion Energy South Carolina, Inc., Series A",25731VAA2,475000.00000000,421449.20000000,88.726,2.30000000,2031-12-01,iSHARES TRUST,2026-04-30
Dominion Energy,"Dominion Energy South Carolina, Inc.",837004BV1,341000.00000000,373704.18000000,109.591,6.62500000,2032-02-01,iSHARES TRUST,2026-04-30
Dominion Energy,"Dominion Energy, Inc., Series A",25746UDP1,415000.00000000,402491.12000000,96.986,4.35000000,2032-08-15,iSHARES TRUST,2026-04-30
Dominion Energy,"Dominion Energy, Inc.",25746UDR7,845000.00000000,864076.43000000,102.258,5.37500000,2032-11-15,iSHARES TRUST,2026-04-30
Dominion Energy,"Dominion Energy, Inc., Series E",25746UAN9,438000.00000000,466071.85000000,106.409,6.30000000,2033-03-15,iSHARES TRUST,2026-04-30
Dominion Energy,"Dominion Energy South Carolina, Inc.",837004BX7,585000.00000000,600304.82000000,102.616,5.30000000,2033-05-15,iSHARES TRUST,2026-04-30
Dominion Energy,"Dominion Energy, Inc., Series F",257469AJ5,165000.00000000,166611.25000000,100.977,5.25000000,2033-08-01,iSHARES TRUST,2026-04-30
Dominion Energy,"Dominion Energy South Carolina, Inc., Series 2025",25731VAC8,515000.00000000,525470.97000000,102.033,5.30000000,2035-01-15,iSHARES TRUST,2026-04-30
Dominion Energy,Dominion Energy Inc,25746UDX4,3486000.00000000,3574359.43000000,102.535,5.45000000,2035-03-15,Columbia Funds Variable Series Trust II,2025-12-31
Dominion Energy,"Dominion Energy, Inc.",25746UDX4,685000.00000000,691218.32000000,100.908,5.45000000,2035-03-15,iSHARES TRUST,2026-04-30
Dominion Energy,"Dominion Energy, Inc., Series B",25746UAV1,670000.00000000,700851.44000000,104.605,5.95000000,2035-06-15,iSHARES TRUST,2026-04-30
Dominion Energy,"Dominion Energy South Carolina, Inc.",837004CB4,294000.00000000,311154.52000000,105.835,6.05000000,2038-01-15,iSHARES TRUST,2026-04-30
Dominion Energy,"Dominion Energy, Inc.",25746UBD0,594000.00000000,657533.47000000,110.696,7.00000000,2038-06-15,iSHARES TRUST,2026-04-30
Dominion Energy,"Dominion Energy South Carolina, Inc.",837004CE8,410000.00000000,404733.93000000,98.716,5.45000000,2041-02-01,iSHARES TRUST,2026-04-30
Dominion Energy,"Dominion Energy, Inc., Series B",25746UDK2,630000.00000000,468552.57000000,74.373,3.30000000,2041-04-15,iSHARES TRUST,2026-04-30
Dominion Energy,"Dominion Energy, Inc., Series C",25746UBM0,530000.00000000,476926.70000000,89.986,4.90000000,2041-08-01,iSHARES TRUST,2026-04-30
Dominion Energy,"Dominion Energy, Inc., Series C",25746UBQ1,511000.00000000,405230.56000000,79.301,4.05000000,2042-09-15,iSHARES TRUST,2026-04-30
Dominion Energy,"Dominion Energy South Carolina, Inc.",837004CG3,379000.00000000,332164.33000000,87.642,4.60000000,2043-06-15,iSHARES TRUST,2026-04-30
Dominion Energy,"Dominion Energy, Inc.",25746UCC1,270000.00000000,229945.85000000,85.165,4.70000000,2044-12-01,iSHARES TRUST,2026-04-30
Dominion Energy,"Dominion Energy, Inc., Series A",25746UCZ0,425000.00000000,344699.46000000,81.106,4.60000000,2049-03-15,iSHARES TRUST,2026-04-30
Dominion Energy,"Dominion Energy, Inc., Series B",25746UDQ9,470000.00000000,394088.80000000,83.849,4.85000000,2052-08-15,iSHARES TRUST,2026-04-30
Dominion Energy,"Dominion Energy South Carolina, Inc.",25731VAB0,510000.00000000,535370.98000000,104.975,6.25000000,2053-10-15,iSHARES TRUST,2026-04-30
Dominion Energy,Dominion Energy Inc,25746UDU0,198000.00000000,209470.05000000,105.793,7.00000000,2054-06-01,Columbia Funds Variable Series Trust II,2026-03-31
Dominion Energy,DOMINION ENERGY INC,25746UDU0,198000.000000000000,215195.950000000000,108.685,7.000000000000,2054-06-01,Columbia Funds Variable Series Trust II,2025-09-30
Dominion Energy,DOMINION ENERGY INC,25746UDU0,269000.000000000000,283411.260000000000,105.357,7.000000000000,2054-06-01,Columbia Funds Variable Series Trust II,2025-03-31
Dominion Energy,DOMINION ENERGY INC,25746UDU0,340000.000000000000,372564.580000000000,109.578,7.000000000000,2054-06-01,Columbia Funds Variable Series Trust II,2024-09-30
Dominion Energy,"Dominion Energy, Inc., Series B",25746UDU0,1015000.00000000,1080571.77000000,106.460,7.00000000,2054-06-01,iSHARES TRUST,2026-04-30
Dominion Energy,D V7 06/01/54 B,25746UDU0,180000.00000000,192474.72000000,106.930,7.00000000,2054-06-01,ETFis Series Trust I,2026-04-30
Dominion Energy,Dominion Energy Inc,25746UDT3,311000.00000000,319305.14000000,102.670,6.88000000,2055-02-01,Columbia Funds Variable Series Trust II,2026-03-31
Dominion Energy,DOMINION ENERGY INC,25746UDT3,311000.000000000000,326017.020000000000,104.829,6.875000000000,2055-02-01,Columbia Funds Variable Series Trust II,2025-09-30
Dominion Energy,DOMINION ENERGY INC,25746UDT3,422000.000000000000,435728.210000000000,103.253,6.875000000000,2055-02-01,Columbia Funds Variable Series Trust II,2025-03-31
Dominion Energy,DOMINION ENERGY INC,25746UDT3,520000.000000000000,552378.610000000000,106.227,6.875000000000,2055-02-01,Columbia Funds Variable Series Trust II,2024-09-30
Dominion Energy,"Dominion Energy, Inc., Series A",25746UDT3,90000.00000000,93405.20000000,103.784,6.87500000,2055-02-01,iSHARES TRUST,2026-04-30
Dominion Energy,Dominion Energy Inc,25746UDV8,1024000.00000000,1034604.64000000,101.036,6.63000000,2055-05-15,Columbia Funds Variable Series Trust II,2026-03-31
Dominion Energy,DOMINION ENERGY INC,25746UDV8,785000.000000000000,814105.620000000000,103.708,6.625000000000,2055-05-15,Columbia Funds Variable Series Trust II,2025-09-30
Dominion Energy,DOMINION ENERGY INC,25746UDV8,1064000.000000000000,1058970.990000000000,99.527,6.625000000000,2055-05-15,Columbia Funds Variable Series Trust II,2025-03-31
Dominion Energy,"Dominion Energy, Inc.",25746UDV8,555000.00000000,566463.30000000,102.065,6.62500000,2055-05-15,iSHARES TRUST,2026-04-30
Dominion Energy,Dominion Energy Inc,25746UDZ9,663000.00000000,657453.90000000,99.163,6.00000000,2056-02-15,Columbia Funds Variable Series Trust II,2026-03-31
Dominion Energy,DOMINION ENERGY INC,25746UDZ9,508000.000000000000,511515.410000000000,100.692,6.000000000000,2056-02-15,Columbia Funds Variable Series Trust II,2025-09-30
Dominion Energy,Dominion Energy Inc,25746UEA3,1480000.00000000,1485875.60000000,100.397,6.20000000,2056-02-15,TCW Metropolitan West Funds,2026-06-30
Dominion Energy,Dominion Energy Inc,25746UDZ9,7030000.00000000,6985218.90000000,99.363,6.00000000,2056-02-15,TCW Metropolitan West Funds,2026-03-31
Dominion Energy,"Dominion Energy, Inc.",25746UDZ9,345000.00000000,345351.52000000,100.102,6.00000000,2056-02-15,iSHARES TRUST,2026-04-30
Dominion Energy,"Dominion Energy, Inc.",25746UEA3,915000.00000000,916054.36000000,100.115,6.20000000,2056-02-15,iSHARES TRUST,2026-04-30
Dominion Energy,D V6.2 02/15/56,25746UEA3,655000.00000000,656537.29000000,100.235,6.20000000,2056-02-15,ETFis Series Trust I,2026-04-30
Dominion Energy,"Dominion Energy South Carolina, Inc.",837004CJ7,495000.00000000,433395.94000000,87.555,5.10000000,2065-06-01,iSHARES TRUST,2026-04-30
Dominion Energy,Dominion Energy Inc,25746UDD8,338000.00000000,332532.55000000,98.382,4.65000000,N/A,Voya INVESTORS TRUST,2024-03-31
Duke Energy,Duke Energy Corp,26441CBY0,17800000.00000000,19429412.00000000,109.154,4.13000000,2026-04-15,CALAMOS INVESTMENT TRUST/IL,2025-04-30
Duke Energy,Duke Energy Corp,26441CAS4,30000.00000000,29194.57000000,97.315,2.65000000,2026-09-01,TCW Metropolitan West Funds,2024-09-30
Duke Energy,Duke Energy Corp.,26441CAX3,930000.00000000,917514.55000000,98.657,3.15000000,2027-08-15,iSHARES TRUST,2026-04-30
Duke Energy,Duke Energy Corp.,26441CBW4,683000.00000000,690178.75000000,101.051,5.00000000,2027-12-08,iSHARES TRUST,2026-04-30
Duke Energy,Duke Energy Corp,26441CBS3,1835000.00000000,1839348.95000000,100.237,4.30000000,2028-03-15,TCW Metropolitan West Funds,2025-06-30
Duke Energy,Duke Energy Corp.,26441CBS3,1150000.00000000,1148228.48000000,99.846,4.30000000,2028-03-15,iSHARES TRUST,2026-04-30
Duke Energy,Duke Energy Florida LLC,26444HAE1,678000.00000000,671701.93000000,99.071,3.80000000,2028-07-15,iSHARES TRUST,2026-04-30
Duke Energy,Duke Energy Progress LLC,26442UAG9,255000.00000000,252205.47000000,98.904,3.70000000,2028-09-01,iSHARES TRUST,2026-04-30
Duke Energy,Duke Energy Carolinas LLC,26442CAX2,375000.00000000,372106.25000000,99.228,3.95000000,2028-11-15,VanEck ETF Trust,2026-04-30
Duke Energy,Duke Energy Carolinas LLC,26442CAX2,865000.00000000,857833.49000000,99.172,3.95000000,2028-11-15,iSHARES TRUST,2026-04-30
Duke Energy,DUKE ENERGY CAROLINAS,264399DK9,162000.000000000000,169848.170000000000,104.845,6.000000000000,2028-12-01,Columbia Funds Variable Series Trust II,2025-03-31
Duke Energy,DUKE ENERGY CAROLINAS,264399DK9,205000.000000000000,220238.540000000000,107.433,6.000000000000,2028-12-01,Columbia Funds Variable Series Trust II,2024-09-30
Duke Energy,DUKE ENERGY CAROLINAS,264399DK9,205000.000000000000,215718.210000000000,105.228,6.000000000000,2028-12-01,Columbia Funds Variable Series Trust II,2024-03-31
Duke Energy,"Duke Energy Carolinas LLC, Series A",264399DK9,335000.00000000,348610.07000000,104.063,6.00000000,2028-12-01,iSHARES TRUST,2026-04-30
Duke Energy,Duke Energy Corp.,26441CCC7,390000.00000000,393883.21000000,100.996,4.85000000,2029-01-05,iSHARES TRUST,2026-04-30
Duke Energy,"Duke Energy Ohio, Inc.",26442EAF7,728000.00000000,715277.94000000,98.252,3.65000000,2029-02-01,iSHARES TRUST,2026-04-30
Duke Energy,Duke Energy Progress LLC,26442UAH7,300000.00000000,293370.17000000,97.790,3.45000000,2029-03-15,VanEck ETF Trust,2026-04-30
Duke Energy,Duke Energy Progress LLC,26442UAH7,655000.00000000,640349.68000000,97.763,3.45000000,2029-03-15,iSHARES TRUST,2026-04-30
Duke Energy,Duke Energy Corp,26441CCL7,3180000.00000000,3188872.20000000,100.279,3.00000000,2029-03-15,CALAMOS INVESTMENT TRUST/IL,2026-04-30
Duke Energy,Duke Energy Corp.,26441CBE4,260000.00000000,252124.19000000,96.971,3.40000000,2029-06-15,iSHARES TRUST,2026-04-30
Duke Energy,Duke Energy Carolinas LLC,26442CAY0,705000.00000000,663495.22000000,94.113,2.45000000,2029-08-15,iSHARES TRUST,2026-04-30
Duke Energy,Duke Energy Florida LLC,26444HAH4,400000.00000000,375481.69000000,93.870,2.50000000,2029-12-01,VanEck ETF Trust,2026-04-30
Duke Energy,Duke Energy Florida LLC,26444HAH4,1020000.00000000,957248.34000000,93.848,2.50000000,2029-12-01,iSHARES TRUST,2026-04-30
Duke Energy,Duke Energy Carolinas LLC,26442CBA1,465000.00000000,433340.96000000,93.192,2.45000000,2030-02-01,iSHARES TRUST,2026-04-30
Duke Energy,Duke Energy Carolinas LLC,26442CBP8,305000.00000000,310034.56000000,101.651,4.85000000,2030-03-15,iSHARES TRUST,2026-04-30
Duke Energy,Duke Energy Corp.,26441CBH7,847000.00000000,780984.58000000,92.206,2.45000000,2030-06-01,iSHARES TRUST,2026-04-30
Duke Energy,"Duke Energy Ohio, Inc.",26442EAH3,673000.00000000,613036.38000000,91.090,2.12500000,2030-06-01,iSHARES TRUST,2026-04-30
Duke Energy,Duke Energy Florida LLC,26444HAJ0,777000.00000000,697468.75000000,89.764,1.75000000,2030-06-15,iSHARES TRUST,2026-04-30
Duke Energy,Duke Energy Florida LLC,26444HAT8,417000.00000000,412611.10000000,98.948,4.20000000,2030-12-01,Columbia Funds Variable Series Trust II,2026-03-31
Duke Energy,Duke Energy Florida LLC,26444HAT8,75000.00000000,74099.31000000,98.799,4.20000000,2030-12-01,iSHARES TRUST,2026-04-30
Duke Energy,Duke Energy Corp,26441CCD5,2290000.00000000,2411805.75000000,105.319,3.75000000,2031-04-01,TCW Metropolitan West Funds,2024-12-31
Duke Energy,Duke Energy Corp,26441CCD5,2820000.00000000,3186461.55000000,112.995,3.75000000,2031-04-01,TCW Metropolitan West Funds,2024-09-30
Duke Energy,Duke Energy Corp,26441CCD5,2290000.00000000,2420998.57000000,105.720,3.75000000,2031-04-01,TCW Metropolitan West Funds,2024-06-28
Duke Energy,Duke Energy Carolinas LLC,26442CBB9,368000.00000000,336796.33000000,91.521,2.55000000,2031-04-15,Columbia Funds Variable Series Trust II,2026-03-31
Duke Energy,DUKE ENERGY CAROLINAS LLC,26442CBB9,477000.000000000000,436677.010000000000,91.547,2.550000000000,2031-04-15,Columbia Funds Variable Series Trust II,2025-09-30
Duke Energy,DUKE ENERGY CAROLINAS LLC,26442CBB9,385000.000000000000,341016.920000000000,88.576,2.550000000000,2031-04-15,Columbia Funds Variable Series Trust II,2025-03-31
Duke Energy,DUKE ENERGY CAROLINAS LLC,26442CBB9,511000.000000000000,459054.460000000000,89.835,2.550000000000,2031-04-15,Columbia Funds Variable Series Trust II,2024-09-30
Duke Energy,DUKE ENERGY CAROLINAS LLC,26442CBB9,530000.000000000000,457218.640000000000,86.268,2.550000000000,2031-04-15,Columbia Funds Variable Series Trust II,2024-03-31
Duke Energy,Duke Energy Carolinas LLC,26442CBB9,570000.00000000,520728.19000000,91.356,2.55000000,2031-04-15,iSHARES TRUST,2026-04-30
Duke Energy,Duke Energy Corp.,26441CBL8,980000.00000000,885151.35000000,90.322,2.55000000,2031-06-15,iSHARES TRUST,2026-04-30
Duke Energy,Duke Energy Progress LLC,26442UAL8,540000.00000000,476485.03000000,88.238,2.00000000,2031-08-15,iSHARES TRUST,2026-04-30
Duke Energy,Duke Energy Florida LLC,26444HAK7,805000.00000000,719146.13000000,89.335,2.40000000,2031-12-15,Columbia Funds Variable Series Trust II,2026-03-31
Duke Energy,DUKE ENERGY FLORIDA LLC,26444HAK7,1042000.000000000000,936321.540000000000,89.858,2.400000000000,2031-12-15,Columbia Funds Variable Series Trust II,2025-09-30
Duke Energy,DUKE ENERGY FLORIDA LLC,26444HAK7,841000.000000000000,728955.920000000000,86.677,2.400000000000,2031-12-15,Columbia Funds Variable Series Trust II,2025-03-31
Duke Energy,DUKE ENERGY FLORIDA LLC,26444HAK7,1116000.000000000000,979140.340000000000,87.737,2.400000000000,2031-12-15,Columbia Funds Variable Series Trust II,2024-09-30
Duke Energy,DUKE ENERGY FLORIDA LLC,26444HAK7,1175000.000000000000,986195.130000000000,83.932,2.400000000000,2031-12-15,Columbia Funds Variable Series Trust II,2024-03-31
Duke Energy,Duke Energy Florida LLC,26444HAK7,790000.00000000,704915.38000000,89.230,2.40000000,2031-12-15,iSHARES TRUST,2026-04-30
Duke Energy,Duke Energy Carolinas LLC,26442CBG8,1003000.00000000,912312.21000000,90.958,2.85000000,2032-03-15,Columbia Funds Variable Series Trust II,2026-03-31
Duke Energy,DUKE ENERGY CAROLINAS LLC,26442CBG8,1298000.000000000000,1183238.390000000000,91.159,2.850000000000,2032-03-15,Columbia Funds Variable Series Trust II,2025-09-30
Duke Energy,DUKE ENERGY CAROLINAS LLC,26442CBG8,1048000.000000000000,922097.620000000000,87.986,2.850000000000,2032-03-15,Columbia Funds Variable Series Trust II,2025-03-31
Duke Energy,DUKE ENERGY CAROLINAS LLC,26442CBG8,1391000.000000000000,1255196.290000000000,90.237,2.850000000000,2032-03-15,Columbia Funds Variable Series Trust II,2024-09-30
Duke Energy,DUKE ENERGY CAROLINAS LLC,26442CBG8,1464000.000000000000,1256934.530000000000,85.856,2.850000000000,2032-03-15,Columbia Funds Variable Series Trust II,2024-03-31
Duke Energy,Duke Energy Carolinas LLC,26442CBG8,595000.00000000,541404.23000000,90.992,2.85000000,2032-03-15,iSHARES TRUST,2026-04-30
Duke Energy,Duke Energy Progress LLC,26442UAN4,440000.00000000,411670.18000000,93.561,3.40000000,2032-04-01,iSHARES TRUST,2026-04-30
Duke Energy,Duke Energy Corp.,26441CBT1,1195000.00000000,1177327.86000000,98.521,4.50000000,2032-08-15,iSHARES TRUST,2026-04-30
Duke Energy,Duke Energy Carolinas LLC,264399ED4,390000.00000000,423161.44000000,108.503,6.45000000,2032-10-15,iSHARES TRUST,2026-04-30
Duke Energy,DUKE ENERGY CAROLINAS LLC,26442CBJ2,3060000.000000000000,3010085.680000000000,98.369,4.950000000000,2033-01-15,Columbia Funds Variable Series Trust II,2024-06-30
Duke Energy,DUKE ENERGY CAROLINAS LLC,26442CBJ2,882000.000000000000,877271.390000000000,99.464,4.950000000000,2033-01-15,Columbia Funds Variable Series Trust II,2024-03-31
Duke Energy,Duke Energy Carolinas LLC,26442CBJ2,1120000.00000000,1134158.45000000,101.264,4.95000000,2033-01-15,iSHARES TRUST,2026-04-30
Duke Energy,DUKE ENERGY PROGRESS LLC,26442UAQ7,2885000.000000000000,2876927.970000000000,99.720,5.250000000000,2033-03-15,Columbia Funds Variable Series Trust II,2024-06-30
Duke Energy,DUKE ENERGY PROGRESS LLC,26442UAQ7,877000.000000000000,887565.960000000000,101.205,5.250000000000,2033-03-15,Columbia Funds Variable Series Trust II,2024-03-31
Duke Energy,Duke Energy Progress LLC,26442UAQ7,415000.00000000,425803.51000000,102.603,5.25000000,2033-03-15,iSHARES TRUST,2026-04-30
Duke Energy,Duke Energy Ohio Inc,26442EAJ9,1281000.00000000,1310182.96000000,102.278,5.25000000,2033-04-01,Columbia Funds Variable Series Trust II,2026-03-31
Duke Energy,DUKE ENERGY OHIO INC,26442EAJ9,982000.000000000000,1018539.240000000000,103.721,5.250000000000,2033-04-01,Columbia Funds Variable Series Trust II,2025-09-30
Duke Energy,DUKE ENERGY OHIO INC,26442EAJ9,1331000.000000000000,1349930.980000000000,101.422,5.250000000000,2033-04-01,Columbia Funds Variable Series Trust II,2025-03-31
Duke Energy,DUKE ENERGY OHIO INC,26442EAJ9,1681000.000000000000,1755427.960000000000,104.428,5.250000000000,2033-04-01,Columbia Funds Variable Series Trust II,2024-09-30
Duke Energy,DUKE ENERGY OHIO INC,26442EAJ9,1681000.000000000000,1699130.360000000000,101.079,5.250000000000,2033-04-01,Columbia Funds Variable Series Trust II,2024-03-31
Duke Energy,"Duke Energy Ohio, Inc.",26442EAJ9,530000.00000000,541767.27000000,102.220,5.25000000,2033-04-01,iSHARES TRUST,2026-04-30
Duke Energy,Duke Energy Corp.,26441CBZ7,600000.00000000,626922.33000000,104.487,5.75000000,2033-09-15,iSHARES TRUST,2026-04-30
Duke Energy,DUKE ENERGY FLORIDA LLC,26444HAQ4,385000.000000000000,399942.740000000000,103.881,5.875000000000,2033-11-15,Columbia Funds Variable Series Trust II,2024-06-30
Duke Energy,Duke Energy Florida LLC,26444HAQ4,2409000.00000000,2510987.47000000,104.234,5.87500000,2033-11-15,TCW Metropolitan West Funds,2024-12-31
Duke Energy,Duke Energy Florida LLC,26444HAQ4,245000.00000000,268255.80000000,109.492,5.87500000,2033-11-15,TCW Metropolitan West Funds,2024-09-30
Duke Energy,Duke Energy Florida LLC,26444HAQ4,7960000.00000000,8274529.69000000,103.951,5.87500000,2033-11-15,TCW Metropolitan West Funds,2024-06-28
Duke Energy,Duke Energy Florida LLC,26444HAQ4,770000.00000000,815953.41000000,105.968,5.87500000,2033-11-15,iSHARES TRUST,2026-04-30
Duke Energy,Duke Energy Carolinas LLC,26442CBM5,685000.00000000,683568.96000000,99.791,4.85000000,2034-01-15,iSHARES TRUST,2026-04-30
Duke Energy,Duke Energy Indiana LLC,26443TAE6,430000.00000000,439403.77000000,102.187,5.25000000,2034-03-01,iSHARES TRUST,2026-04-30
Duke Energy,Duke Energy Progress LLC,26442UAS3,275000.00000000,279251.27000000,101.546,5.10000000,2034-03-15,VanEck ETF Trust,2026-04-30
Duke Energy,Duke Energy Progress LLC,26442UAS3,525000.00000000,532876.34000000,101.500,5.10000000,2034-03-15,iSHARES TRUST,2026-04-30
Duke Energy,Duke Energy Corp.,26441CCE3,730000.00000000,746555.24000000,102.268,5.45000000,2034-06-15,iSHARES TRUST,2026-04-30
Duke Energy,DUKE ENERGY CAROLINAS LLC,26442CBQ6,1140000.000000000000,1179596.590000000000,103.473,5.250000000000,2035-03-15,Columbia Funds Variable Series Trust II,2025-09-30
Duke Energy,DUKE ENERGY PROGRESS LLC,26442UAU8,614000.000000000000,624768.100000000000,101.754,5.050000000000,2035-03-15,Columbia Funds Variable Series Trust II,2025-09-30
Duke Energy,DUKE ENERGY CAROLINAS LLC,26442CBQ6,921000.000000000000,932447.180000000000,101.243,5.250000000000,2035-03-15,Columbia Funds Variable Series Trust II,2025-03-31
Duke Energy,DUKE ENERGY PROGRESS LLC,26442UAU8,833000.000000000000,828567.290000000000,99.468,5.050000000000,2035-03-15,Columbia Funds Variable Series Trust II,2025-03-31
Duke Energy,Duke Energy Carolinas LLC,26442CBQ6,760000.00000000,771803.22000000,101.553,5.25000000,2035-03-15,iSHARES TRUST,2026-04-30
Duke Energy,Duke Energy Progress LLC,26442UAU8,705000.00000000,707099.81000000,100.298,5.05000000,2035-03-15,iSHARES TRUST,2026-04-30
Duke Energy,Duke Energy Progress LLC,144141CV8,174000.00000000,179815.32000000,103.342,5.70000000,2035-04-01,Columbia Funds Variable Series Trust II,2026-03-31
Duke Energy,CAROLINA POWER &amp; LIGHT COMPANY,144141CV8,174000.000000000000,183020.170000000000,105.184,5.700000000000,2035-04-01,Columbia Funds Variable Series Trust II,2025-09-30
Duke Energy,CAROLINA POWER &amp; LIGHT COMPANY,144141CV8,236000.000000000000,242068.120000000000,102.571,5.700000000000,2035-04-01,Columbia Funds Variable Series Trust II,2025-03-31
Duke Energy,CAROLINA POWER &amp; LIGHT COMPANY,144141CV8,300000.000000000000,318814.220000000000,106.271,5.700000000000,2035-04-01,Columbia Funds Variable Series Trust II,2024-09-30
Duke Energy,CAROLINA POWER &amp; LIGHT COMPANY,144141CV8,300000.000000000000,301917.640000000000,100.639,5.700000000000,2035-04-01,Columbia Funds Variable Series Trust II,2024-03-31
Duke Energy,"Duke Energy Ohio, Inc.",26442EAM2,420000.00000000,425362.31000000,101.277,5.30000000,2035-06-15,iSHARES TRUST,2026-04-30
Duke Energy,"Duke Energy Carolinas Nc Storm Funding II LLC, Series A-1",26443UAA1,300000.00000000,294394.66000000,98.132,4.22600000,2035-07-01,iSHARES TRUST,2026-04-30
Duke Energy,DUKE ENERGY CORP,26441CCJ2,2415000.000000000000,2399047.470000000000,99.339,4.950000000000,2035-09-15,Columbia Funds Variable Series Trust II,2025-09-30
Duke Energy,Duke Energy Corp.,26441CCJ2,1185000.00000000,1159383.02000000,97.838,4.95000000,2035-09-15,iSHARES TRUST,2026-04-30
Duke Energy,Duke Energy Indiana LLC,693627AY7,161000.00000000,171296.07000000,106.395,6.12000000,2035-10-15,iSHARES TRUST,2026-04-30
Duke Energy,Duke Energy Florida LLC,26444HAU5,1717000.00000000,1680061.22000000,97.849,4.85000000,2035-12-01,Columbia Funds Variable Series Trust II,2026-06-30
Duke Energy,Duke Energy Florida LLC,26444HAU5,854000.00000000,839140.01000000,98.260,4.85000000,2035-12-01,Columbia Funds Variable Series Trust II,2026-03-31
Duke Energy,Duke Energy Florida LLC,26444HAU5,455000.00000000,446155.74000000,98.056,4.85000000,2035-12-01,iSHARES TRUST,2026-04-30
Duke Energy,"Duke Energy Indiana LLC, Series DDDD",26443TAG1,450000.00000000,442192.05000000,98.265,4.95000000,2036-03-15,iSHARES TRUST,2026-04-30
Duke Energy,"Duke Energy Florida Project Finance LLC, Series 2035",26444GAE3,125000.00000000,107675.48000000,86.140,3.11200000,2036-09-01,iSHARES TRUST,2026-04-30
Duke Energy,Duke Energy Carolinas LLC,26442CAA2,514000.00000000,546007.23000000,106.227,6.10000000,2037-06-01,iSHARES TRUST,2026-04-30
Duke Energy,Duke Energy Florida LLC,341099CH0,678000.00000000,735299.30000000,108.451,6.35000000,2037-09-15,iSHARES TRUST,2026-04-30
Duke Energy,Duke Energy Carolinas LLC,26442CAB0,335000.00000000,354475.56000000,105.814,6.00000000,2038-01-15,iSHARES TRUST,2026-04-30
Duke Energy,Duke Energy Progress LLC,144141CY2,355000.00000000,381444.76000000,107.449,6.30000000,2038-04-01,iSHARES TRUST,2026-04-30
Duke Energy,Duke Energy Carolinas LLC,26442CAE4,562000.00000000,597192.19000000,106.262,6.05000000,2038-04-15,iSHARES TRUST,2026-04-30
Duke Energy,DUK 6.4 06/15/38,341099CL1,1460000.00000000,1595208.22000000,109.261,6.40000000,2038-06-15,"MANNING & NAPIER FUND, INC.",2026-04-30
Duke Energy,DUK 6.4 06/15/38,341099CL1,3720000.00000000,4054931.49000000,109.004,6.40000000,2038-06-15,"MANNING & NAPIER FUND, INC.",2026-03-31
Duke Energy,Duke Energy Florida LLC,341099CL1,1500000.00000000,1667107.17000000,111.140,6.40000000,2038-06-15,"MANNING & NAPIER FUND, INC.",2026-01-30
Duke Energy,Duke Energy Florida LLC,341099CL1,2100000.00000000,2366206.70000000,112.677,6.40000000,2038-06-15,"MANNING & NAPIER FUND, INC.",2025-10-31
Duke Energy,Duke Energy Florida LLC,341099CL1,5880000.00000000,6601571.62000000,112.272,6.40000000,2038-06-15,"MANNING & NAPIER FUND, INC.",2025-09-30
Duke Energy,Duke Energy Florida LLC,341099CL1,906000.00000000,989903.18000000,109.261,6.40000000,2038-06-15,iSHARES TRUST,2026-04-30
Duke Energy,Duke Energy Indiana LLC,263901AA8,390000.00000000,424312.98000000,108.798,6.35000000,2038-08-15,iSHARES TRUST,2026-04-30
Duke Energy,Duke Energy Indiana LLC,263901AB6,400000.00000000,435340.42000000,108.835,6.45000000,2039-04-01,iSHARES TRUST,2026-04-30
Duke Energy,Duke Energy Carolinas LLC,26442CAH7,868000.00000000,859356.34000000,99.004,5.30000000,2040-02-15,iSHARES TRUST,2026-04-30
Duke Energy,Duke Energy Florida LLC,341099CN7,480000.00000000,487624.76000000,101.588,5.65000000,2040-04-01,iSHARES TRUST,2026-04-30
Duke Energy,Duke Energy Corp.,26441CBM6,738000.00000000,556226.61000000,75.369,3.30000000,2041-06-15,iSHARES TRUST,2026-04-30
Duke Energy,Duke Energy Carolinas LLC,26442CAM6,183000.00000000,157383.93000000,86.002,4.25000000,2041-12-15,Columbia Funds Variable Series Trust II,2026-03-31
Duke Energy,DUKE ENERGY CAROLINAS,26442CAM6,183000.000000000000,161622.280000000000,88.318,4.250000000000,2041-12-15,Columbia Funds Variable Series Trust II,2025-09-30
Duke Energy,DUKE ENERGY CAROLINAS,26442CAM6,248000.000000000000,211993.660000000000,85.481,4.250000000000,2041-12-15,Columbia Funds Variable Series Trust II,2025-03-31
Duke Energy,DUKE ENERGY CAROLINAS,26442CAM6,313000.000000000000,283865.810000000000,90.692,4.250000000000,2041-12-15,Columbia Funds Variable Series Trust II,2024-09-30
Duke Energy,DUKE ENERGY CAROLINAS,26442CAM6,900000.000000000000,753250.850000000000,83.695,4.250000000000,2041-12-15,Columbia Funds Variable Series Trust II,2024-06-30
Duke Energy,DUKE ENERGY CAROLINAS,26442CAM6,313000.000000000000,268848.280000000000,85.894,4.250000000000,2041-12-15,Columbia Funds Variable Series Trust II,2024-03-31
Duke Energy,Duke Energy Carolinas LLC,26442CAM6,14683000.00000000,12454362.43000000,84.822,4.25000000,2041-12-15,TCW Metropolitan West Funds,2024-12-31
Duke Energy,Duke Energy Carolinas LLC,26442CAM6,14683000.00000000,12287435.51000000,83.685,4.25000000,2041-12-15,TCW Metropolitan West Funds,2024-06-28
Duke Energy,Duke Energy Carolinas LLC,26442CAM6,650000.00000000,560738.95000000,86.268,4.25000000,2041-12-15,iSHARES TRUST,2026-04-30
Duke Energy,Duke Energy Progress LLC,144141DB1,478000.00000000,397903.08000000,83.243,4.10000000,2042-05-15,iSHARES TRUST,2026-04-30
Duke Energy,Duke Energy Carolinas LLC,26442CAN4,3090000.00000000,2507303.53000000,81.143,4.00000000,2042-09-30,TCW Metropolitan West Funds,2024-12-31
Duke Energy,Duke Energy Carolinas LLC,26442CAN4,11040000.00000000,8911540.77000000,80.720,4.00000000,2042-09-30,TCW Metropolitan West Funds,2024-06-28
Duke Energy,Duke Energy Carolinas LLC,26442CAN4,745000.00000000,611110.97000000,82.028,4.00000000,2042-09-30,iSHARES TRUST,2026-04-30
Duke Energy,Duke Energy Florida LLC,341099CR8,450000.00000000,360338.94000000,80.075,3.85000000,2042-11-15,iSHARES TRUST,2026-04-30
Duke Energy,Duke Energy Progress LLC,144141DD7,375000.00000000,308857.15000000,82.362,4.10000000,2043-03-15,iSHARES TRUST,2026-04-30
Duke Energy,Duke Energy Indiana LLC,263901AF7,328000.00000000,297881.19000000,90.817,4.90000000,2043-07-15,iSHARES TRUST,2026-04-30
Duke Energy,Duke Energy Progress LLC,26442RAB7,326000.00000000,273627.73000000,83.935,4.37500000,2044-03-30,iSHARES TRUST,2026-04-30
Duke Energy,Duke Energy Progress LLC,26442RAD3,485000.00000000,393182.75000000,81.069,4.15000000,2044-12-01,iSHARES TRUST,2026-04-30
Duke Energy,Duke Energy Carolinas LLC,26442CAP9,626000.00000000,478366.93000000,76.416,3.75000000,2045-06-01,iSHARES TRUST,2026-04-30
Duke Energy,Duke Energy Progress LLC,26442UAB0,724000.00000000,587717.51000000,81.176,4.20000000,2045-08-15,iSHARES TRUST,2026-04-30
Duke Energy,Duke Energy Corp.,26441CAP0,661000.00000000,566381.55000000,85.686,4.80000000,2045-12-15,iSHARES TRUST,2026-04-30
Duke Energy,Duke Energy Carolinas LLC,26442CAR5,493000.00000000,379849.92000000,77.049,3.87500000,2046-03-15,iSHARES TRUST,2026-04-30
Duke Energy,DUKE ENERGY INDIANA LLC,26443TAA4,188000.000000000000,152317.070000000000,81.020,3.750000000000,2046-05-15,Columbia Funds Variable Series Trust II,2024-09-30
Duke Energy,DUKE ENERGY INDIANA LLC,26443TAA4,188000.000000000000,147156.720000000000,78.275,3.750000000000,2046-05-15,Columbia Funds Variable Series Trust II,2024-03-31
Duke Energy,Duke Energy Indiana LLC,26443TAA4,429000.00000000,324355.56000000,75.607,3.75000000,2046-05-15,iSHARES TRUST,2026-04-30
Duke Energy,"Duke Energy Ohio, Inc.",26442EAE0,265000.00000000,196847.81000000,74.282,3.70000000,2046-06-15,iSHARES TRUST,2026-04-30
Duke Energy,Duke Energy Corp.,26441CAT2,1386000.00000000,1020174.08000000,73.606,3.75000000,2046-09-01,iSHARES TRUST,2026-04-30
Duke Energy,Duke Energy Florida LLC,26444HAA9,695000.00000000,496133.21000000,71.386,3.40000000,2046-10-01,iSHARES TRUST,2026-04-30
Duke Energy,Duke Energy Progress LLC,26442UAC8,184000.00000000,137451.87000000,74.702,3.70000000,2046-10-15,Columbia Funds Variable Series Trust II,2026-03-31
Duke Energy,DUKE ENERGY PROGRESS LLC,26442UAC8,239000.000000000000,185473.640000000000,77.604,3.700000000000,2046-10-15,Columbia Funds Variable Series Trust II,2025-09-30
Duke Energy,DUKE ENERGY PROGRESS LLC,26442UAC8,448000.000000000000,336172.900000000000,75.039,3.700000000000,2046-10-15,Columbia Funds Variable Series Trust II,2025-03-31
Duke Energy,DUKE ENERGY PROGRESS LLC,26442UAC8,323000.000000000000,259748.370000000000,80.417,3.700000000000,2046-10-15,Columbia Funds Variable Series Trust II,2024-09-30
Duke Energy,DUKE ENERGY PROGRESS LLC,26442UAC8,323000.000000000000,247385.350000000000,76.590,3.700000000000,2046-10-15,Columbia Funds Variable Series Trust II,2024-03-31
Duke Energy,Duke Energy Progress LLC,26442UAC8,568000.00000000,423408.95000000,74.544,3.70000000,2046-10-15,iSHARES TRUST,2026-04-30
Duke Energy,Duke Energy Corp.,26441CAY1,526000.00000000,392433.05000000,74.607,3.95000000,2047-08-15,iSHARES TRUST,2026-04-30
Duke Energy,DUKE ENERGY PROGRESS LLC,26442UAE4,237000.000000000000,174637.800000000000,73.687,3.600000000000,2047-09-15,Columbia Funds Variable Series Trust II,2025-03-31
Duke Energy,DUKE ENERGY PROGRESS LLC,26442UAE4,300000.000000000000,236823.200000000000,78.941,3.600000000000,2047-09-15,Columbia Funds Variable Series Trust II,2024-09-30
Duke Energy,DUKE ENERGY PROGRESS LLC,26442UAE4,300000.000000000000,223893.100000000000,74.631,3.600000000000,2047-09-15,Columbia Funds Variable Series Trust II,2024-03-31
Duke Energy,Duke Energy Progress LLC,26442UAE4,427000.00000000,309696.22000000,72.528,3.60000000,2047-09-15,iSHARES TRUST,2026-04-30
Duke Energy,Duke Energy Carolinas LLC,26442CAT1,658000.00000000,486504.75000000,73.937,3.70000000,2047-12-01,iSHARES TRUST,2026-04-30
Duke Energy,Duke Energy Carolinas LLC,26442CAU8,545000.00000000,418076.22000000,76.711,3.95000000,2048-03-15,iSHARES TRUST,2026-04-30
Duke Energy,Duke Energy Florida LLC,26444HAF8,463000.00000000,363455.76000000,78.500,4.20000000,2048-07-15,iSHARES TRUST,2026-04-30
Duke Energy,DUKE ENERGY OHIO INC,26442EAG5,234000.000000000000,186941.560000000000,79.890,4.300000000000,2049-02-01,Columbia Funds Variable Series Trust II,2025-03-31
Duke Energy,DUKE ENERGY OHIO INC,26442EAG5,295000.000000000000,255068.380000000000,86.464,4.300000000000,2049-02-01,Columbia Funds Variable Series Trust II,2024-09-30
Duke Energy,DUKE ENERGY OHIO INC,26442EAG5,295000.000000000000,245403.570000000000,83.188,4.300000000000,2049-02-01,Columbia Funds Variable Series Trust II,2024-03-31
Duke Energy,"Duke Energy Ohio, Inc.",26442EAG5,460000.00000000,364289.15000000,79.193,4.30000000,2049-02-01,iSHARES TRUST,2026-04-30
Duke Energy,Duke Energy Corp.,26441CBF1,588000.00000000,447934.88000000,76.179,4.20000000,2049-06-15,iSHARES TRUST,2026-04-30
Duke Energy,Duke Energy Carolinas LLC,26442CAZ7,795000.00000000,530056.33000000,66.674,3.20000000,2049-08-15,iSHARES TRUST,2026-04-30
Duke Energy,"Duke Energy Indiana LLC, Series YYY",26443TAB2,606000.00000000,407483.47000000,67.241,3.25000000,2049-10-01,iSHARES TRUST,2026-04-30
Duke Energy,Duke Energy Indiana LLC,26443TAC0,1452000.00000000,882052.84000000,60.747,2.75000000,2050-04-01,Columbia Funds Variable Series Trust II,2026-03-31
Duke Energy,DUKE ENERGY INDIANA LLC,26443TAC0,1113000.000000000000,706122.400000000000,63.443,2.750000000000,2050-04-01,Columbia Funds Variable Series Trust II,2025-09-30
Duke Energy,DUKE ENERGY INDIANA LLC,26443TAC0,1509000.000000000000,920943.980000000000,61.030,2.750000000000,2050-04-01,Columbia Funds Variable Series Trust II,2025-03-31
Duke Energy,DUKE ENERGY INDIANA LLC,26443TAC0,1905000.000000000000,1250407.330000000000,65.638,2.750000000000,2050-04-01,Columbia Funds Variable Series Trust II,2024-09-30
Duke Energy,DUKE ENERGY INDIANA LLC,26443TAC0,1905000.000000000000,1208125.550000000000,63.419,2.750000000000,2050-04-01,Columbia Funds Variable Series Trust II,2024-03-31
Duke Energy,Duke Energy Indiana LLC,26443TAC0,475000.00000000,287240.98000000,60.472,2.75000000,2050-04-01,iSHARES TRUST,2026-04-30
Duke Energy,Duke Energy Progress LLC,26442UAK0,815000.00000000,469588.03000000,57.618,2.50000000,2050-08-15,Columbia Funds Variable Series Trust II,2026-03-31
Duke Energy,DUKE ENERGY PROGRESS LLC,26442UAK0,1054000.000000000000,631301.070000000000,59.896,2.500000000000,2050-08-15,Columbia Funds Variable Series Trust II,2025-09-30
Duke Energy,DUKE ENERGY PROGRESS LLC,26442UAK0,852000.000000000000,498106.220000000000,58.463,2.500000000000,2050-08-15,Columbia Funds Variable Series Trust II,2025-03-31
Duke Energy,DUKE ENERGY PROGRESS LLC,26442UAK0,1130000.000000000000,716110.520000000000,63.373,2.500000000000,2050-08-15,Columbia Funds Variable Series Trust II,2024-09-30
Duke Energy,DUKE ENERGY PROGRESS LLC,26442UAK0,1189000.000000000000,715526.880000000000,60.179,2.500000000000,2050-08-15,Columbia Funds Variable Series Trust II,2024-03-31
Duke Energy,Duke Energy Progress LLC,26442UAK0,747000.00000000,425724.40000000,56.991,2.50000000,2050-08-15,iSHARES TRUST,2026-04-30
Duke Energy,Duke Energy Carolinas LLC,26442CBC7,560000.00000000,387238.67000000,69.150,3.45000000,2051-04-15,iSHARES TRUST,2026-04-30
Duke Energy,Duke Energy Corp,26441CBN4,500000.00000000,334711.78000000,66.942,3.50000000,2051-06-15,Columbia Funds Variable Series Trust II,2026-03-31
Duke Energy,DUKE ENERGY CORP,26441CBN4,648000.000000000000,456874.670000000000,70.505,3.500000000000,2051-06-15,Columbia Funds Variable Series Trust II,2025-09-30
Duke Energy,DUKE ENERGY CORP,26441CBN4,523000.000000000000,355912.150000000000,68.052,3.500000000000,2051-06-15,Columbia Funds Variable Series Trust II,2025-03-31
Duke Energy,DUKE ENERGY CORP,26441CBN4,694000.000000000000,513599.740000000000,74.006,3.500000000000,2051-06-15,Columbia Funds Variable Series Trust II,2024-09-30
Duke Energy,DUKE ENERGY CORP,26441CBN4,243000.000000000000,170642.230000000000,70.223,3.500000000000,2051-06-15,Columbia Funds Variable Series Trust II,2024-03-31
Duke Energy,Duke Energy Corp.,26441CBN4,778000.00000000,520420.09000000,66.892,3.50000000,2051-06-15,iSHARES TRUST,2026-04-30
Duke Energy,Duke Energy Progress LLC,26442UAM6,345000.00000000,211611.66000000,61.337,2.90000000,2051-08-15,iSHARES TRUST,2026-04-30
Duke Energy,Duke Energy Florida LLC,26444HAL5,655000.00000000,410938.65000000,62.739,3.00000000,2051-12-15,iSHARES TRUST,2026-04-30
Duke Energy,Duke Energy Carolinas LLC,26442CBH6,730000.00000000,514167.03000000,70.434,3.55000000,2052-03-15,Columbia Funds Variable Series Trust II,2026-03-31
Duke Energy,DUKE ENERGY CAROLINAS LLC,26442CBH6,945000.000000000000,695273.260000000000,73.574,3.550000000000,2052-03-15,Columbia Funds Variable Series Trust II,2025-09-30
Duke Energy,DUKE ENERGY CAROLINAS LLC,26442CBH6,764000.000000000000,539139.760000000000,70.568,3.550000000000,2052-03-15,Columbia Funds Variable Series Trust II,2025-03-31
Duke Energy,DUKE ENERGY CAROLINAS LLC,26442CBH6,1013000.000000000000,781115.240000000000,77.109,3.550000000000,2052-03-15,Columbia Funds Variable Series Trust II,2024-09-30
Duke Energy,DUKE ENERGY CAROLINAS LLC,26442CBH6,1066000.000000000000,777456.610000000000,72.932,3.550000000000,2052-03-15,Columbia Funds Variable Series Trust II,2024-03-31
Duke Energy,Duke Energy Carolinas LLC,26442CBH6,583000.00000000,408754.42000000,70.112,3.55000000,2052-03-15,iSHARES TRUST,2026-04-30
Duke Energy,DUKE ENERGY PROGRESS LLC,26442UAP9,500000.000000000000,378255.250000000000,75.651,4.000000000000,2052-04-01,Columbia Funds Variable Series Trust II,2024-06-30
Duke Energy,Duke Energy Progress LLC,26442UAP9,415000.00000000,312639.35000000,75.335,4.00000000,2052-04-01,iSHARES TRUST,2026-04-30
Duke Energy,Duke Energy Corp.,26441CBU8,1150000.00000000,981605.21000000,85.357,5.00000000,2052-08-15,iSHARES TRUST,2026-04-30
Duke Energy,Duke Energy Florida LLC,26444HAN1,434000.00000000,437748.73000000,100.864,5.95000000,2052-11-15,iSHARES TRUST,2026-04-30
Duke Energy,DUKE ENERGY CAROLINAS LLC,26442CBK9,916000.000000000000,897421.290000000000,97.972,5.350000000000,2053-01-15,Columbia Funds Variable Series Trust II,2025-09-30
Duke Energy,DUKE ENERGY CAROLINAS LLC,26442CBK9,740000.000000000000,706670.030000000000,95.496,5.350000000000,2053-01-15,Columbia Funds Variable Series Trust II,2025-03-31
Duke Energy,DUKE ENERGY CAROLINAS LLC,26442CBK9,1679000.000000000000,1732681.830000000000,103.197,5.350000000000,2053-01-15,Columbia Funds Variable Series Trust II,2024-09-30
Duke Energy,DUKE ENERGY CAROLINAS LLC,26442CBK9,1766000.000000000000,1744039.740000000000,98.756,5.350000000000,2053-01-15,Columbia Funds Variable Series Trust II,2024-03-31
Duke Energy,Duke Energy Carolinas LLC,26442CBK9,8611000.00000000,8196484.80000000,95.186,5.35000000,2053-01-15,TCW Metropolitan West Funds,2024-12-31
Duke Energy,Duke Energy Carolinas LLC,26442CBK9,8611000.00000000,8196528.37000000,95.187,5.35000000,2053-01-15,TCW Metropolitan West Funds,2024-06-28
Duke Energy,Duke Energy Carolinas LLC,26442CBK9,860000.00000000,803291.82000000,93.406,5.35000000,2053-01-15,iSHARES TRUST,2026-04-30
Duke Energy,Duke Energy Progress LLC,26442UAR5,5000000.00000000,4698398.15000000,93.968,5.35000000,2053-03-15,TCW Metropolitan West Funds,2024-06-28
Duke Energy,Duke Energy Progress LLC,26442UAR5,565000.00000000,525128.62000000,92.943,5.35000000,2053-03-15,iSHARES TRUST,2026-04-30
Duke Energy,DUKE ENERGY INDIANA LLC,26443TAD8,175000.000000000000,171734.680000000000,98.134,5.400000000000,2053-04-01,Columbia Funds Variable Series Trust II,2024-03-31
Duke Energy,"Duke Energy Ohio, Inc.",26442EAK6,415000.00000000,400554.96000000,96.519,5.65000000,2053-04-01,iSHARES TRUST,2026-04-30
Duke Energy,Duke Energy Indiana LLC,26443TAD8,450000.00000000,418091.83000000,92.909,5.40000000,2053-04-01,iSHARES TRUST,2026-04-30
Duke Energy,Duke Energy Corp.,26441CCA1,760000.00000000,757038.60000000,99.610,6.10000000,2053-09-15,iSHARES TRUST,2026-04-30
Duke Energy,Duke Energy Florida LLC,26444HAR2,35000000.00000000,36964217.50000000,105.612,6.20000000,2053-11-15,TCW Metropolitan West Funds,2024-12-31
Duke Energy,Duke Energy Florida LLC,26444HAR2,35000000.00000000,37138721.90000000,106.111,6.20000000,2053-11-15,TCW Metropolitan West Funds,2024-06-28
Duke Energy,Duke Energy Florida LLC,26444HAR2,575000.00000000,600923.68000000,104.508,6.20000000,2053-11-15,iSHARES TRUST,2026-04-30
Duke Energy,DUKE ENERGY CAROLINAS,26442CBL7,839000.000000000000,873931.570000000000,104.163,5.400000000000,2054-01-15,Columbia Funds Variable Series Trust II,2024-09-30
Duke Energy,DUKE ENERGY CAROLINAS,26442CBL7,879000.000000000000,874646.630000000000,99.505,5.400000000000,2054-01-15,Columbia Funds Variable Series Trust II,2024-03-31
Duke Energy,Duke Energy Carolinas LLC,26442CBL7,25000000.00000000,23985850.00000000,95.943,5.40000000,2054-01-15,TCW Metropolitan West Funds,2024-06-28
Duke Energy,Duke Energy Carolinas LLC,26442CBL7,963000.00000000,906692.34000000,94.153,5.40000000,2054-01-15,iSHARES TRUST,2026-04-30
Duke Energy,"Duke Energy Ohio, Inc.",26442EAL4,360000.00000000,342617.63000000,95.172,5.55000000,2054-03-15,iSHARES TRUST,2026-04-30
Duke Energy,Duke Energy Corp,26441CCF0,234000.00000000,224326.56000000,95.866,5.80000000,2054-06-15,Columbia Funds Variable Series Trust II,2026-03-31
Duke Energy,DUKE ENERGY CORP,26441CCF0,234000.000000000000,236578.440000000000,101.102,5.800000000000,2054-06-15,Columbia Funds Variable Series Trust II,2025-09-30
Duke Energy,DUKE ENERGY CORP,26441CCF0,317000.000000000000,309841.510000000000,97.742,5.800000000000,2054-06-15,Columbia Funds Variable Series Trust II,2025-03-31
Duke Energy,DUKE ENERGY CORP,26441CCF0,1110000.000000000000,1170032.870000000000,105.408,5.800000000000,2054-06-15,Columbia Funds Variable Series Trust II,2024-09-30
Duke Energy,Duke Energy Corp.,26441CCF0,550000.00000000,525777.35000000,95.596,5.80000000,2054-06-15,iSHARES TRUST,2026-04-30
Duke Energy,Duke Energy Corp.,26441CCG8,925000.00000000,964643.66000000,104.286,6.45000000,2054-09-01,iSHARES TRUST,2026-04-30
Duke Energy,Duke Energy Progress LLC,26442UAV6,565000.00000000,541062.03000000,95.763,5.55000000,2055-03-15,iSHARES TRUST,2026-04-30
Duke Energy,Duke Energy Indiana LLC,26443TAF3,330000.00000000,328967.80000000,99.687,5.90000000,2055-05-15,iSHARES TRUST,2026-04-30
Duke Energy,Duke Energy Corp.,26441CCK9,1415000.00000000,1333049.59000000,94.208,5.70000000,2055-09-15,iSHARES TRUST,2026-04-30
Duke Energy,Duke Energy Corp,26441CBG9,129000.00000000,128206.47000000,99.385,4.87500000,N/A,Voya INVESTORS TRUST,2024-06-30
Duke Energy,Duke Energy Corp,26441CBG9,129000.00000000,128197.75000000,99.378,4.87500000,N/A,Voya INVESTORS TRUST,2024-03-31
Eaton Corp,Eaton Vance Corp.,278265AE3,647000.00000000,643487.15000000,99.457,3.50000000,2027-04-06,iSHARES TRUST,2026-04-30
Eaton Corp,Eaton Corp.,278062AG9,130000.00000000,128269.17000000,98.669,3.10300000,2027-09-15,iSHARES TRUST,2026-04-30
Eaton Corp,Eaton Corp,278058DV1,2599000.00000000,2581024.14000000,99.308,3.85000000,2028-03-06,Columbia Funds Variable Series Trust II,2026-03-31
Eaton Corp,Eaton Corp.,278058DV1,810000.00000000,804485.51000000,99.319,3.85000000,2028-03-06,iSHARES TRUST,2026-04-30
Eaton Corp,Eaton Corp.,278062AK0,900000.00000000,901968.14000000,100.219,4.35000000,2028-05-18,iSHARES TRUST,2026-04-30
Eaton Corp,Eaton Corp,278058DW9,1646000.00000000,1629505.16000000,98.998,3.95000000,2029-03-06,Columbia Funds Variable Series Trust II,2026-03-31
Eaton Corp,Eaton Corp.,278058DW9,1535000.00000000,1519343.59000000,98.980,3.95000000,2029-03-06,iSHARES TRUST,2026-04-30
Eaton Corp,Eaton Vance Clo 2015-1 Ltd,27830KAU8,250000.00000000,250404.75000000,100.162,5.80478000,2030-01-20,Voya INVESTORS TRUST,2025-03-31
Eaton Corp,Eaton Vance Clo 2015-1 Ltd,27830KAU8,250000.00000000,250407.75000000,100.163,6.12901000,2030-01-20,Voya INVESTORS TRUST,2024-12-31
Eaton Corp,Eaton Vance Clo 2015-1 Ltd,27830KAU8,250000.00000000,250388.75000000,100.156,6.79362000,2030-01-20,Voya INVESTORS TRUST,2024-09-30
Eaton Corp,Eaton Capital ULC,27806HAA9,836000.00000000,836031.62000000,100.004,4.45000000,2030-05-09,Columbia Funds Variable Series Trust II,2026-03-31
Eaton Corp,EATON CAPITAL UNLIMITED CO,27806HAA9,1064000.000000000000,1075197.020000000000,101.052,4.450000000000,2030-05-09,Columbia Funds Variable Series Trust II,2025-09-30
Eaton Corp,Eaton Capital ULC,27806HAA9,400000.00000000,399640.73000000,99.910,4.45000000,2030-05-09,iSHARES TRUST,2026-04-30
Eaton Corp,Eaton Corp,278058DX7,1222000.00000000,1204880.80000000,98.599,4.20000000,2031-03-06,Columbia Funds Variable Series Trust II,2026-03-31
Eaton Corp,Eaton Corp.,278058DX7,565000.00000000,557051.55000000,98.593,4.20000000,2031-03-06,iSHARES TRUST,2026-04-30
Eaton Corp,Eaton Corp.,278062AD6,754000.00000000,731271.75000000,96.986,4.00000000,2032-11-02,iSHARES TRUST,2026-04-30
Eaton Corp,Eaton Corp,278058DY5,694000.00000000,684239.25000000,98.594,4.50000000,2033-03-06,Columbia Funds Variable Series Trust II,2026-03-31
Eaton Corp,Eaton Corp.,278058DY5,320000.00000000,315387.34000000,98.559,4.50000000,2033-03-06,iSHARES TRUST,2026-04-30
Eaton Corp,Eaton Corp.,278062AH7,1405000.00000000,1362225.68000000,96.956,4.15000000,2033-03-15,iSHARES TRUST,2026-04-30
Eaton Corp,Eaton Vance CLO 2013-1 Ltd,27830BBN3,23850000.00000000,23910316.65000000,100.253,6.16751000,2034-01-15,TCW Metropolitan West Funds,2024-12-31
Eaton Corp,Eaton Vance CLO 2013-1 Ltd,27830BBN3,23850000.00000000,23854054.50000000,100.017,6.84017000,2034-01-15,TCW Metropolitan West Funds,2024-06-28
Eaton Corp,Eaton Vance CLO 2020-1 Ltd,278300AL2,25000000.00000000,25001250.00000000,100.005,7.24017000,2034-10-15,TCW Metropolitan West Funds,2024-06-28
Eaton Corp,Eaton Vance CLO 2020-1 Ltd,278300AJ7,150000.00000000,150147.00000000,100.098,6.74560000,2034-10-15,TCW Metropolitan West Funds,2024-03-28
Eaton Corp,Eaton Corp,278058DZ2,1730000.00000000,1708040.74000000,98.731,4.80000000,2036-03-06,Columbia Funds Variable Series Trust II,2026-03-31
Eaton Corp,Eaton Corp.,278058DZ2,535000.00000000,526805.51000000,98.468,4.80000000,2036-03-06,iSHARES TRUST,2026-04-30
Eaton Corp,Eaton Corp.,278062AE4,993000.00000000,852140.29000000,85.815,4.15000000,2042-11-02,iSHARES TRUST,2026-04-30
Eaton Corp,Eaton Corp.,278062AF1,550000.00000000,434229.33000000,78.951,3.91500000,2047-09-15,iSHARES TRUST,2026-04-30
Eaton Corp,Eaton Corp.,278062AJ3,630000.00000000,550218.64000000,87.336,4.70000000,2052-08-23,iSHARES TRUST,2026-04-30
Eaton Corp,Eaton Corp.,278058EA6,675000.00000000,652595.79000000,96.681,5.45000000,2056-03-06,iSHARES TRUST,2026-04-30
Entergy,ENTERGY LOUISIANA LLC,29364WAU2,5900000.000000000000,5787290.880000000000,98.090,3.780000000000,2025-04-01,Columbia Funds Variable Series Trust II,2024-06-30
Entergy,Entergy Louisiana LLC,29364WAZ1,520000.00000000,513039.06000000,98.661,3.12000000,2027-09-01,iSHARES TRUST,2026-04-30
Entergy,Entergy Louisiana LLC,29364WAW8,618000.00000000,607579.79000000,98.314,3.25000000,2028-04-01,iSHARES TRUST,2026-04-30
Entergy,Entergy Arkansas LLC,29364DAV2,515000.00000000,512078.38000000,99.433,4.00000000,2028-06-01,iSHARES TRUST,2026-04-30
Entergy,Entergy Mississippi LLC,29364NAT5,540000.00000000,524485.28000000,97.127,2.85000000,2028-06-01,iSHARES TRUST,2026-04-30
Entergy,Entergy Corp.,29364GAN3,375000.00000000,356147.61000000,94.973,1.90000000,2028-06-15,iSHARES TRUST,2026-04-30
Entergy,"Entergy Texas, Inc.",29365TAG9,561000.00000000,556498.51000000,99.198,4.00000000,2029-03-30,iSHARES TRUST,2026-04-30
Entergy,Entergy Corp.,29364GAL7,657000.00000000,612167.79000000,93.176,2.80000000,2030-06-15,iSHARES TRUST,2026-04-30
Entergy,Entergy Louisiana LLC,29364WBE7,480000.00000000,421442.50000000,87.801,1.60000000,2030-12-15,iSHARES TRUST,2026-04-30
Entergy,Entergy Texas Inc,29365TAK0,1277000.00000000,1115915.77000000,87.386,1.75000000,2031-03-15,Columbia Funds Variable Series Trust II,2026-03-31
Entergy,ENTERGY TEXAS INC,29365TAK0,979000.000000000000,855186.870000000000,87.353,1.750000000000,2031-03-15,Columbia Funds Variable Series Trust II,2025-09-30
Entergy,ENTERGY TEXAS INC,29365TAK0,1327000.000000000000,1122683.020000000000,84.603,1.750000000000,2031-03-15,Columbia Funds Variable Series Trust II,2025-03-31
Entergy,ENTERGY TEXAS INC,29365TAK0,1609000.000000000000,1364732.530000000000,84.819,1.750000000000,2031-03-15,Columbia Funds Variable Series Trust II,2024-09-30
Entergy,ENTERGY TEXAS INC,29365TAK0,1609000.000000000000,1298228.730000000000,80.685,1.750000000000,2031-03-15,Columbia Funds Variable Series Trust II,2024-03-31
Entergy,"Entergy Texas, Inc.",29365TAK0,684000.00000000,599370.73000000,87.627,1.75000000,2031-03-15,iSHARES TRUST,2026-04-30
Entergy,ENTERGY LOUISIANA LLC,29364WAX6,161000.000000000000,148271.400000000000,92.094,3.050000000000,2031-06-01,Columbia Funds Variable Series Trust II,2024-09-30
Entergy,ENTERGY LOUISIANA LLC,29364WAX6,161000.000000000000,141068.110000000000,87.620,3.050000000000,2031-06-01,Columbia Funds Variable Series Trust II,2024-03-31
Entergy,Entergy Louisiana LLC,29364WAX6,438000.00000000,407359.76000000,93.005,3.05000000,2031-06-01,iSHARES TRUST,2026-04-30
Entergy,Entergy Corp.,29364GAP8,555000.00000000,495523.00000000,89.283,2.40000000,2031-06-15,iSHARES TRUST,2026-04-30
Entergy,Entergy Louisiana LLC,29364WBH0,885000.00000000,776422.08000000,87.731,2.35000000,2032-06-15,iSHARES TRUST,2026-04-30
Entergy,Entergy Arkansas LLC,29366MAD0,1211000.00000000,1232274.69000000,101.757,5.15000000,2033-01-15,Columbia Funds Variable Series Trust II,2026-03-31
Entergy,ENTERGY ARKANSAS LLC,29366MAD0,1568000.000000000000,1622356.240000000000,103.467,5.150000000000,2033-01-15,Columbia Funds Variable Series Trust II,2025-09-30
Entergy,ENTERGY ARKANSAS LLC,29366MAD0,1266000.000000000000,1279868.910000000000,101.095,5.150000000000,2033-01-15,Columbia Funds Variable Series Trust II,2025-03-31
Entergy,ENTERGY ARKANSAS LLC,29366MAD0,1680000.000000000000,1747274.470000000000,104.004,5.150000000000,2033-01-15,Columbia Funds Variable Series Trust II,2024-09-30
Entergy,ENTERGY ARKANSAS LLC,29366MAD0,1767000.000000000000,1773544.840000000000,100.370,5.150000000000,2033-01-15,Columbia Funds Variable Series Trust II,2024-03-31
Entergy,Entergy Arkansas LLC,29366MAD0,370000.00000000,376944.18000000,101.877,5.15000000,2033-01-15,iSHARES TRUST,2026-04-30
Entergy,Entergy Louisiana LLC,29364WBA5,747000.00000000,711644.83000000,95.267,4.00000000,2033-03-15,iSHARES TRUST,2026-04-30
Entergy,Entergy Mississippi LLC,29366WAD8,292000.00000000,293431.41000000,100.490,5.00000000,2033-09-01,Columbia Funds Variable Series Trust II,2026-03-31
Entergy,ENTERGY MISSISSIPPI LLC,29366WAD8,292000.000000000000,297281.900000000000,101.809,5.000000000000,2033-09-01,Columbia Funds Variable Series Trust II,2025-09-30
Entergy,ENTERGY MISSISSIPPI LLC,29366WAD8,396000.000000000000,392073.280000000000,99.008,5.000000000000,2033-09-01,Columbia Funds Variable Series Trust II,2025-03-31
Entergy,ENTERGY MISSISSIPPI LLC,29366WAD8,500000.000000000000,509327.060000000000,101.865,5.000000000000,2033-09-01,Columbia Funds Variable Series Trust II,2024-09-30
Entergy,Entergy Mississippi LLC,29366WAD8,380000.00000000,380662.27000000,100.174,5.00000000,2033-09-01,iSHARES TRUST,2026-04-30
Entergy,Entergy Arkansas LLC,29366MAE8,400000.00000000,410203.23000000,102.551,5.30000000,2033-09-15,iSHARES TRUST,2026-04-30
Entergy,Entergy Louisiana LLC,29364WBM9,425000.00000000,436264.42000000,102.650,5.35000000,2034-03-15,iSHARES TRUST,2026-04-30
Entergy,Entergy Arkansas LLC,29366MAF5,745000.00000000,766737.34000000,102.918,5.45000000,2034-06-01,iSHARES TRUST,2026-04-30
Entergy,Entergy Louisiana LLC,29364WBP2,720000.00000000,726866.97000000,100.954,5.15000000,2034-09-15,iSHARES TRUST,2026-04-30
Entergy,"Entergy Texas, Inc.",29365TAQ7,485000.00000000,489589.72000000,100.946,5.25000000,2035-04-15,iSHARES TRUST,2026-04-30
Entergy,ENTERGY TEXAS RESTORATION FUNDING II LLC,29366NAB2,585000.00000000,545224.58000000,93.201,3.70000000,2035-12-15,Columbia Funds Variable Series Trust II,2026-03-31
Entergy,ENTERGY TEXAS RESTORATION FD II,29366NAB2,585000.000000000000,550157.760000000000,94.044,3.697000000000,2035-12-15,Columbia Funds Variable Series Trust II,2025-09-30
Entergy,ENTERGY TEXAS RESTORATION FD II,29366NAB2,585000.000000000000,536555.790000000000,91.719,3.697000000000,2035-12-15,Columbia Funds Variable Series Trust II,2025-03-31
Entergy,ENTERGY TEXAS RESTORATION FD II,29366NAB2,585000.000000000000,552996.350000000000,94.529,3.697000000000,2035-12-15,Columbia Funds Variable Series Trust II,2024-09-30
Entergy,ENTERGY TEXAS RESTORATION FD II,29366NAB2,585000.000000000000,526190.920000000000,89.947,3.697000000000,2035-12-15,Columbia Funds Variable Series Trust II,2024-03-31
Entergy,Entergy Arkansas LLC,29366MAH1,530000.00000000,520939.57000000,98.290,4.95000000,2036-01-15,iSHARES TRUST,2026-04-30
Entergy,Entergy Louisiana LLC,29364WBR8,495000.00000000,482600.95000000,97.495,4.90000000,2036-04-15,iSHARES TRUST,2026-04-30
Entergy,Entergy Mississippi LLC,29366WAH9,195000.00000000,191759.19000000,98.338,5.05000000,2036-04-15,iSHARES TRUST,2026-04-30
Entergy,"Entergy Texas, Inc.",29365TAH7,570000.00000000,519247.56000000,91.096,4.50000000,2039-03-30,iSHARES TRUST,2026-04-30
Entergy,Entergy Louisiana LLC,29364WBJ6,545000.00000000,408867.77000000,75.022,3.10000000,2041-06-15,iSHARES TRUST,2026-04-30
Entergy,Entergy Louisiana LLC,29364WAV0,710000.00000000,645273.21000000,90.884,4.95000000,2045-01-15,iSHARES TRUST,2026-04-30
Entergy,Entergy Louisiana LLC,29364WBB3,956000.00000000,755871.89000000,79.066,4.20000000,2048-09-01,iSHARES TRUST,2026-04-30
Entergy,Entergy Arkansas LLC,29366MAA6,700000.00000000,548798.73000000,78.400,4.20000000,2049-04-01,iSHARES TRUST,2026-04-30
Entergy,Entergy Mississippi LLC,29366WAA4,540000.00000000,400442.03000000,74.156,3.85000000,2049-06-01,iSHARES TRUST,2026-04-30
Entergy,"Entergy Texas, Inc.",29365TAJ3,575000.00000000,402573.56000000,70.013,3.55000000,2049-09-30,iSHARES TRUST,2026-04-30
Entergy,Entergy Louisiana LLC,29364WBC1,640000.00000000,498448.64000000,77.883,4.20000000,2050-04-01,iSHARES TRUST,2026-04-30
Entergy,Entergy Corp.,29364GAK9,485000.00000000,343719.02000000,70.870,3.75000000,2050-06-15,iSHARES TRUST,2026-04-30
Entergy,Entergy Louisiana LLC,29364WBD9,671000.00000000,411674.26000000,61.352,2.90000000,2051-03-15,Columbia Funds Variable Series Trust II,2026-03-31
Entergy,ENTERGY LOUISIANA LLC,29364WBD9,514000.000000000000,329406.330000000000,64.087,2.900000000000,2051-03-15,Columbia Funds Variable Series Trust II,2025-09-30
Entergy,ENTERGY LOUISIANA LLC,29364WBD9,697000.000000000000,430818.520000000000,61.810,2.900000000000,2051-03-15,Columbia Funds Variable Series Trust II,2025-03-31
Entergy,ENTERGY LOUISIANA LLC,29364WBD9,880000.000000000000,587018.610000000000,66.707,2.900000000000,2051-03-15,Columbia Funds Variable Series Trust II,2024-09-30
Entergy,ENTERGY LOUISIANA LLC,29364WBD9,880000.000000000000,557312.640000000000,63.331,2.900000000000,2051-03-15,Columbia Funds Variable Series Trust II,2024-03-31
Entergy,Entergy Louisiana LLC,29364WBD9,789000.00000000,486970.28000000,61.720,2.90000000,2051-03-15,iSHARES TRUST,2026-04-30
Entergy,Entergy Mississippi LLC,29366WAB2,395000.00000000,272676.12000000,69.032,3.50000000,2051-06-01,iSHARES TRUST,2026-04-30
Entergy,Entergy Arkansas LLC,29366MAB4,727000.00000000,422054.63000000,58.054,2.65000000,2051-06-15,Columbia Funds Variable Series Trust II,2026-03-31
Entergy,ENTERGY ARKANSAS LLC,29366MAB4,941000.000000000000,570682.330000000000,60.646,2.650000000000,2051-06-15,Columbia Funds Variable Series Trust II,2025-09-30
Entergy,ENTERGY ARKANSAS LLC,29366MAB4,1008000.000000000000,592254.290000000000,58.755,2.650000000000,2051-06-15,Columbia Funds Variable Series Trust II,2025-03-31
Entergy,ENTERGY ARKANSAS LLC,29366MAB4,1323000.000000000000,849105.390000000000,64.180,2.650000000000,2051-06-15,Columbia Funds Variable Series Trust II,2024-09-30
Entergy,ENTERGY ARKANSAS LLC,29366MAB4,1376000.000000000000,838475.220000000000,60.936,2.650000000000,2051-06-15,Columbia Funds Variable Series Trust II,2024-03-31
Entergy,Entergy Arkansas LLC,29366MAB4,767000.00000000,444146.28000000,57.907,2.65000000,2051-06-15,iSHARES TRUST,2026-04-30
Entergy,Entergy Arkansas LLC,29366MAC2,530000.00000000,349211.78000000,65.889,3.35000000,2052-06-15,iSHARES TRUST,2026-04-30
Entergy,Entergy Louisiana LLC,29364WBL1,625000.00000000,528155.01000000,84.505,4.75000000,2052-09-15,iSHARES TRUST,2026-04-30
Entergy,"Entergy Texas, Inc.",29365TAM6,550000.00000000,480568.35000000,87.376,5.00000000,2052-09-15,iSHARES TRUST,2026-04-30
Entergy,"Entergy Texas, Inc.",29365TAN4,325000.00000000,320759.89000000,98.695,5.80000000,2053-09-01,iSHARES TRUST,2026-04-30
Entergy,Entergy Louisiana LLC,29364WBN7,211000.00000000,205095.22000000,97.202,5.70000000,2054-03-15,Columbia Funds Variable Series Trust II,2026-03-31
Entergy,ENTERGY LOUISIANA LLC,29364WBN7,211000.000000000000,213005.370000000000,100.950,5.700000000000,2054-03-15,Columbia Funds Variable Series Trust II,2025-09-30
Entergy,ENTERGY LOUISIANA LLC,29364WBN7,286000.000000000000,282253.780000000000,98.690,5.700000000000,2054-03-15,Columbia Funds Variable Series Trust II,2025-03-31
Entergy,ENTERGY LOUISIANA LLC,29364WBN7,500000.000000000000,533128.840000000000,106.626,5.700000000000,2054-03-15,Columbia Funds Variable Series Trust II,2024-09-30
Entergy,ENTERGY LOUISIANA LLC,29364WBN7,500000.000000000000,509107.700000000000,101.822,5.700000000000,2054-03-15,Columbia Funds Variable Series Trust II,2024-03-31
Entergy,Entergy Louisiana LLC,29364WBN7,580000.00000000,562756.53000000,97.027,5.70000000,2054-03-15,iSHARES TRUST,2026-04-30
Entergy,Entergy Arkansas LLC,29366MAG3,495000.00000000,482999.92000000,97.576,5.75000000,2054-06-01,iSHARES TRUST,2026-04-30
Entergy,Entergy Mississippi LLC,29366WAE6,350000.00000000,344907.56000000,98.545,5.85000000,2054-06-01,iSHARES TRUST,2026-04-30
Entergy,Entergy Texas Inc,29365TAP9,299000.00000000,282508.33000000,94.484,5.55000000,2054-09-15,Columbia Funds Variable Series Trust II,2026-03-31
Entergy,ENTERGY TEXAS INC,29365TAP9,299000.000000000000,294071.140000000000,98.352,5.550000000000,2054-09-15,Columbia Funds Variable Series Trust II,2025-09-30
Entergy,ENTERGY TEXAS INC,29365TAP9,405000.000000000000,388637.250000000000,95.960,5.550000000000,2054-09-15,Columbia Funds Variable Series Trust II,2025-03-31
Entergy,ENTERGY TEXAS INC,29365TAP9,564000.000000000000,583707.620000000000,103.494,5.550000000000,2054-09-15,Columbia Funds Variable Series Trust II,2024-09-30
Entergy,"Entergy Texas, Inc.",29365TAP9,470000.00000000,443847.15000000,94.436,5.55000000,2054-09-15,iSHARES TRUST,2026-04-30
Entergy,Entergy Corp,29364GAQ6,710000.00000000,726831.29000000,102.371,7.13000000,2054-12-01,Columbia Funds Variable Series Trust II,2026-03-31
Entergy,ENTERGY CORPORATION,29364GAQ6,544000.000000000000,569640.660000000000,104.713,7.125000000000,2054-12-01,Columbia Funds Variable Series Trust II,2025-09-30
Entergy,ENTERGY CORPORATION,29364GAQ6,738000.000000000000,749605.770000000000,101.573,7.125000000000,2054-12-01,Columbia Funds Variable Series Trust II,2025-03-31
Entergy,ENTERGY CORPORATION,29364GAQ6,910000.000000000000,945617.740000000000,103.914,7.125000000000,2054-12-01,Columbia Funds Variable Series Trust II,2024-09-30
Entergy,Entergy Corp.,29364GAQ6,900000.00000000,926476.50000000,102.942,7.12500000,2054-12-01,iSHARES TRUST,2026-04-30
Entergy,ETR V7.125 12/01/54,29364GAQ6,475000.00000000,489303.68000000,103.011,7.12500000,2054-12-01,ETFis Series Trust I,2026-04-30
Entergy,Entergy Louisiana LLC,29364WBQ0,515000.00000000,505352.92000000,98.127,5.80000000,2055-03-15,iSHARES TRUST,2026-04-30
Entergy,Entergy Mississippi LLC,29366WAG1,790000.00000000,779151.38000000,98.627,5.80000000,2055-04-15,Columbia Funds Variable Series Trust II,2026-03-31
Entergy,ENTERGY MISSISSIPPI LLC,29366WAG1,1199000.000000000000,1228354.890000000000,102.448,5.800000000000,2055-04-15,Columbia Funds Variable Series Trust II,2025-09-30
Entergy,ENTERGY MISSISSIPPI LLC,29366WAG1,826000.000000000000,821458.440000000000,99.450,5.800000000000,2055-04-15,Columbia Funds Variable Series Trust II,2025-03-31
Entergy,Entergy Mississippi LLC,29366WAG1,420000.00000000,411564.09000000,97.991,5.80000000,2055-04-15,iSHARES TRUST,2026-04-30
Entergy,Entergy Arkansas LLC,29366MAJ7,510000.00000000,497422.20000000,97.534,5.75000000,2056-01-15,iSHARES TRUST,2026-04-30
Entergy,Entergy Louisiana LLC,29364WBS6,535000.00000000,513382.06000000,95.959,5.65000000,2056-04-15,iSHARES TRUST,2026-04-30
Entergy,Entergy Corp,29364GAR4,700000.00000000,700420.00000000,100.060,5.88000000,2056-06-15,TCW Metropolitan West Funds,2026-06-30
Entergy,Entergy Corp,29364GAR4,4200000.00000000,4146282.00000000,98.721,5.88000000,2056-06-15,TCW Metropolitan West Funds,2026-03-31
Entergy,Entergy Corp.,29364GAR4,390000.00000000,389931.93000000,99.983,5.87500000,2056-06-15,iSHARES TRUST,2026-04-30
Entergy,Entergy Corp.,29364GAS2,415000.00000000,413506.67000000,99.640,6.10000000,2056-06-15,iSHARES TRUST,2026-04-30
Entergy,ETR V5.875 06/15/56 ..,29364GAR4,8275000.00000000,8276514.33000000,100.018,5.87500000,2056-06-15,PENN SERIES FUNDS INC,2026-06-30
Entergy,ETR V6.1 06/15/56,29364GAS2,7621000.00000000,7635335.10000000,100.188,6.10000000,2056-06-15,PENN SERIES FUNDS INC,2026-06-30
Equinix Inc,"Equinix, Inc.",29444UBG0,725000.00000000,703276.35000000,97.004,1.80000000,2027-07-15,iSHARES TRUST,2026-04-30
Equinix Inc,Equinix Inc,29444UBL9,385000.00000000,365698.19000000,94.987,1.55000000,2028-03-15,VanEck ETF Trust,2026-04-30
Equinix Inc,"Equinix, Inc.",29444UBL9,615000.00000000,583941.27000000,94.950,1.55000000,2028-03-15,iSHARES TRUST,2026-04-30
Equinix Inc,"Equinix, Inc.",29444UBR6,584000.00000000,556933.75000000,95.365,2.00000000,2028-05-15,iSHARES TRUST,2026-04-30
Equinix Inc,Equinix Inc,29444UBE5,25000.00000000,23995.32000000,95.981,3.20000000,2029-11-18,VanEck ETF Trust,2025-10-31
Equinix Inc,Equinix Inc,29444UBE5,25000.00000000,23616.07000000,94.464,3.20000000,2029-11-18,VanEck ETF Trust,2025-07-31
Equinix Inc,"Equinix, Inc.",29444UBE5,1186000.00000000,1131048.33000000,95.367,3.20000000,2029-11-18,iSHARES TRUST,2026-04-30
Equinix Inc,Equinix Inc,29444UBH8,25000.00000000,22615.71000000,90.463,2.15000000,2030-07-15,VanEck ETF Trust,2025-10-31
Equinix Inc,Equinix Inc,29444UBH8,25000.00000000,22250.15000000,89.001,2.15000000,2030-07-15,VanEck ETF Trust,2025-07-31
Equinix Inc,"Equinix, Inc.",29444UBH8,1168000.00000000,1052841.93000000,90.141,2.15000000,2030-07-15,iSHARES TRUST,2026-04-30
Equinix Inc,Equinix Europe 2 Financing Corp LLC,29390XAG9,1229000.00000000,1217321.07000000,99.050,4.60000000,2030-11-15,Columbia Funds Variable Series Trust II,2026-03-31
Equinix Inc,Equinix Europe 2 Financing Corp. LLC,29390XAG9,845000.00000000,839123.72000000,99.305,4.60000000,2030-11-15,iSHARES TRUST,2026-04-30
Equinix Inc,Equinix Asia Financing Corp Pte Ltd,29447KAA3,2300000.00000000,2254069.00000000,98.003,4.40000000,2031-03-15,TCW Metropolitan West Funds,2026-03-31
Equinix Inc,Equinix Asia Financing Corp. Pte. Ltd.,29447KAA3,870000.00000000,854171.18000000,98.181,4.40000000,2031-03-15,iSHARES TRUST,2026-04-30
Equinix Inc,Equinix Inc,29444UBS4,575000.00000000,515634.94000000,89.676,2.50000000,2031-05-15,VanEck ETF Trust,2026-04-30
Equinix Inc,Equinix Inc,29444UBS4,25000.00000000,22594.28000000,90.377,2.50000000,2031-05-15,VanEck ETF Trust,2025-10-31
Equinix Inc,Equinix Inc,29444UBS4,25000.00000000,22175.53000000,88.702,2.50000000,2031-05-15,VanEck ETF Trust,2025-07-31
Equinix Inc,"Equinix, Inc.",29444UBS4,745000.00000000,667591.68000000,89.610,2.50000000,2031-05-15,iSHARES TRUST,2026-04-30
Equinix Inc,Equinix Inc,29444UBU9,700000.00000000,664537.97000000,94.934,3.90000000,2032-04-15,VanEck ETF Trust,2026-04-30
Equinix Inc,Equinix Inc,29444UBU9,25000.00000000,24052.15000000,96.209,3.90000000,2032-04-15,VanEck ETF Trust,2025-10-31
Equinix Inc,Equinix Inc,29444UBU9,25000.00000000,23586.57000000,94.346,3.90000000,2032-04-15,VanEck ETF Trust,2025-07-31
Equinix Inc,"Equinix, Inc.",29444UBU9,1015000.00000000,962797.65000000,94.857,3.90000000,2032-04-15,iSHARES TRUST,2026-04-30
Equinix Inc,Equinix Europe 2 Financing Corp. LLC,29390XAH7,1135000.00000000,1110695.67000000,97.859,4.70000000,2033-03-15,iSHARES TRUST,2026-04-30
Equinix Inc,Equinix Europe 2 Financing Corp. LLC,29390XAA2,765000.00000000,779654.81000000,101.916,5.50000000,2034-06-15,iSHARES TRUST,2026-04-30
Equinix Inc,"Equinix, Inc.",29444UBJ4,1137000.00000000,711086.84000000,62.541,3.00000000,2050-07-15,iSHARES TRUST,2026-04-30
Equinix Inc,"Equinix, Inc.",29444UBM7,860000.00000000,530828.18000000,61.724,2.95000000,2051-09-15,iSHARES TRUST,2026-04-30
Equinix Inc,"Equinix, Inc.",29444UBT2,910000.00000000,606741.67000000,66.675,3.40000000,2052-02-15,iSHARES TRUST,2026-04-30
Exelon,Exelon Corp.,30161NBJ9,1060000.00000000,1072498.56000000,101.179,5.15000000,2028-03-15,iSHARES TRUST,2026-04-30
Exelon,Exelon Corp.,30161NBM2,455000.00000000,463397.08000000,101.846,5.15000000,2029-03-15,iSHARES TRUST,2026-04-30
Exelon,Exelon Corp,30161NBT7,1500000.00000000,1519830.00000000,101.322,3.25000000,2029-03-15,CALAMOS INVESTMENT TRUST/IL,2026-04-30
Exelon,Exelon Corp.,30161NAX9,1495000.00000000,1464011.00000000,97.927,4.05000000,2030-04-15,iSHARES TRUST,2026-04-30
Exelon,EXELON CORPORATION,30161NBR1,1105000.000000000000,1116686.100000000000,101.058,5.125000000000,2031-03-15,Columbia Funds Variable Series Trust II,2025-03-31
Exelon,Exelon Corp.,30161NBR1,560000.00000000,568721.24000000,101.557,5.12500000,2031-03-15,iSHARES TRUST,2026-04-30
Exelon,Exelon Corp.,30161NBE0,465000.00000000,429515.02000000,92.369,3.35000000,2032-03-15,iSHARES TRUST,2026-04-30
Exelon,Exelon Corp.,30161NBK6,655000.00000000,670070.44000000,102.301,5.30000000,2033-03-15,iSHARES TRUST,2026-04-30
Exelon,Exelon Corp,30161NBN0,2000000.00000000,2039762.80000000,101.988,5.45000000,2034-03-15,Columbia Funds Variable Series Trust II,2026-06-30
Exelon,Exelon Corp.,30161NBN0,590000.00000000,604120.32000000,102.393,5.45000000,2034-03-15,iSHARES TRUST,2026-04-30
Exelon,Exelon Corp.,30161NAC5,825000.00000000,845720.44000000,102.512,5.62500000,2035-06-15,iSHARES TRUST,2026-04-30
Exelon,Exelon Corp.,30161NAQ4,676000.00000000,657770.73000000,97.303,4.95000000,2035-06-15,iSHARES TRUST,2026-04-30
Exelon,Exelon Corp,30161NBV2,2263000.00000000,2195120.64000000,97.000,4.95000000,2036-03-15,Columbia Funds Variable Series Trust II,2026-03-31
Exelon,Exelon Corp.,30161NBV2,1025000.00000000,993081.93000000,96.886,4.95000000,2036-03-15,iSHARES TRUST,2026-04-30
Exelon,Exelon Corp.,30161NAS0,639000.00000000,577410.44000000,90.362,5.10000000,2045-06-15,iSHARES TRUST,2026-04-30
Exelon,Exelon Corp.,30161NAV3,875000.00000000,717141.95000000,81.959,4.45000000,2046-04-15,iSHARES TRUST,2026-04-30
Exelon,Exelon Corp.,30161NAY7,375000.00000000,311403.33000000,83.041,4.70000000,2050-04-15,iSHARES TRUST,2026-04-30
Exelon,Exelon Corp.,30161NBH3,750000.00000000,564540.69000000,75.272,4.10000000,2052-03-15,iSHARES TRUST,2026-04-30
Exelon,Exelon Corp.,30161NBL4,970000.00000000,913801.25000000,94.206,5.60000000,2053-03-15,iSHARES TRUST,2026-04-30
Exelon,EXELON CORPORATION,30161NBS9,1574000.000000000000,1605475.960000000000,102.000,5.875000000000,2055-03-15,Columbia Funds Variable Series Trust II,2025-09-30
Exelon,EXELON CORPORATION,30161NBQ3,190000.000000000000,189055.530000000000,99.503,6.500000000000,2055-03-15,Columbia Funds Variable Series Trust II,2025-03-31
Exelon,EXELON CORPORATION,30161NBS9,1271000.000000000000,1267656.490000000000,99.737,5.875000000000,2055-03-15,Columbia Funds Variable Series Trust II,2025-03-31
Exelon,Exelon Corp.,30161NBQ3,170000.00000000,175658.18000000,103.328,6.50000000,2055-03-15,iSHARES TRUST,2026-04-30
Exelon,Exelon Corp.,30161NBS9,505000.00000000,491379.72000000,97.303,5.87500000,2055-03-15,iSHARES TRUST,2026-04-30
Flexential,Flexential Issuer 2021-1,33938MAA7,982857.14000000,969461.53000000,98.637,3.25000000,2051-11-27,"MANNING & NAPIER FUND, INC.",2026-01-30
Flexential,Flexential Issuer 2021-1,33938MAA7,2600000.00000000,2533039.08000000,97.425,3.25000000,2051-11-27,"MANNING & NAPIER FUND, INC.",2025-10-31
Flexential,Flexential Issuer 2021-1,33938MAA7,2825000.00000000,2743290.81000000,97.108,3.25000000,2051-11-27,"MANNING & NAPIER FUND, INC.",2025-09-30
GE Vernova,"GE Vernova, Inc.",36828AAA9,395000.00000000,391348.58000000,99.076,4.25000000,2031-02-04,iSHARES TRUST,2026-04-30
GE Vernova,"GE Vernova, Inc.",36828AAB7,655000.00000000,647506.92000000,98.856,4.87500000,2036-02-04,iSHARES TRUST,2026-04-30
GE Vernova,GE Vernova Inc,36828AAC5,1217000.00000000,1170285.00000000,96.161,5.50000000,2056-02-04,Columbia Funds Variable Series Trust II,2026-03-31
GE Vernova,"GE Vernova, Inc.",36828AAC5,345000.00000000,330491.79000000,95.795,5.50000000,2056-02-04,iSHARES TRUST,2026-04-30
Hubbell Inc,"Hubbell, Inc.",443510AH5,480000.00000000,472510.80000000,98.440,3.15000000,2027-08-15,iSHARES TRUST,2026-04-30
Hubbell Inc,"Hubbell, Inc.",443510AJ1,775000.00000000,763190.62000000,98.476,3.50000000,2028-02-15,iSHARES TRUST,2026-04-30
Hubbell Inc,"Hubbell, Inc.",443510AK8,375000.00000000,338364.83000000,90.231,2.30000000,2031-03-15,iSHARES TRUST,2026-04-30
Hubbell Inc,"Hubbell, Inc.",443510AL6,250000.00000000,243637.42000000,97.455,4.80000000,2035-11-15,iSHARES TRUST,2026-04-30
Iron Mountain Inc,Iron Mountain Inc,46284VAC5,770000.00000000,768698.68000000,99.831,4.88000000,2027-09-15,Columbia Funds Variable Series Trust II,2026-03-31
Iron Mountain Inc,IRON MOUNTAIN INC,46284VAC5,750000.000000000000,746565.550000000000,99.542,4.8750,2027-09-15,Columbia Funds Variable Series Trust II,2025-09-30
Iron Mountain Inc,IRON MOUNTAIN INC,46284VAC5,1345000.000000000000,1318009.590000000000,97.993,4.875000000000,2027-09-15,Columbia Funds Variable Series Trust II,2025-03-31
Iron Mountain Inc,IRON MOUNTAIN INC,46284VAC5,1345000.000000000000,1334787.700000000000,99.241,4.8750,2027-09-15,Columbia Funds Variable Series Trust II,2024-09-30
Iron Mountain Inc,IRON MOUNTAIN INC,46284VAC5,1840000.000000000000,1776877.860000000000,96.569,4.8750,2027-09-15,Columbia Funds Variable Series Trust II,2024-03-31
Iron Mountain Inc,"Iron Mountain, Inc.",46284VAC5,1022000.00000000,1019983.04000000,99.803,4.87500000,2027-09-15,iSHARES TRUST,2026-04-30
Iron Mountain Inc,"Iron Mountain, Inc.",46284VAE1,970000.00000000,968192.88000000,99.814,5.25000000,2028-03-15,iSHARES TRUST,2026-04-30
Iron Mountain Inc,"Iron Mountain, Inc.",46284VAG6,700000.00000000,696576.92000000,99.511,5.00000000,2028-07-15,iSHARES TRUST,2026-04-30
Iron Mountain Inc,"Iron Mountain, Inc.",46284VAP6,810000.00000000,827838.56000000,102.202,7.00000000,2029-02-15,iSHARES TRUST,2026-04-30
Iron Mountain Inc,"Iron Mountain, Inc.",46284VAF8,1020000.00000000,1005244.03000000,98.553,4.87500000,2029-09-15,iSHARES TRUST,2026-04-30
Iron Mountain Inc,Iron Mountain Inc 2022 Term Loan A,46284NAU3,1443750.00000000,1429312.50000000,99.000,5.42000000,2030-03-18,TCW Metropolitan West Funds,2026-03-31
Iron Mountain Inc,"Iron Mountain, Inc.",46284VAJ0,1450000.00000000,1438842.90000000,99.231,5.25000000,2030-07-15,iSHARES TRUST,2026-04-30
Iron Mountain Inc,"Iron Mountain, Inc.",46284VAJ0,462000.00000000,460087.57000000,99.586,5.25000000,2030-07-15,iSHARES TRUST,2025-10-31
Iron Mountain Inc,IRON MOUNTAIN TLB 2.25,46284NAV1,252240.720000000000,250873.580000000000,99.458,7.59393,2031-01-31,Columbia Funds Variable Series Trust II,2024-06-30
Iron Mountain Inc,"Iron Mountain, Inc.",46284VAN1,1055000.00000000,1013583.57000000,96.074,4.50000000,2031-02-15,iSHARES TRUST,2026-04-30
Iron Mountain Inc,"Iron Mountain, Inc.",46284VAL5,745000.00000000,739658.96000000,99.283,5.62500000,2032-07-15,iSHARES TRUST,2026-04-30
Iron Mountain Inc,"Iron Mountain Information Management Services, Inc.",46285MAA8,845000.00000000,815826.28000000,96.547,5.00000000,2032-07-15,iSHARES TRUST,2026-04-30
Iron Mountain Inc,Iron Mountain Inc,46284VAQ4,106000.00000000,106925.21000000,100.873,6.25000000,2033-01-15,Columbia Funds Variable Series Trust II,2025-12-31
Iron Mountain Inc,Iron Mountain Inc,46284VAQ4,935000.00000000,927711.79000000,99.221,6.25000000,2033-01-15,TCW Metropolitan West Funds,2025-03-31
Iron Mountain Inc,"Iron Mountain, Inc.",46284VAQ4,1100000.00000000,1114283.51000000,101.299,6.25000000,2033-01-15,iSHARES TRUST,2026-04-30
Iron Mountain Inc,IRM 6.25 01/15/33 144A,46284VAQ4,390000.00000000,396244.68000000,101.601,6.25000000,2033-01-15,ETFis Series Trust I,2026-04-30
Iron Mountain Inc,IRM 6.25 01/15/33 144A,46284VAQ4,6070000.00000000,6136521.13000000,101.096,6.25000000,2033-01-15,Voya INVESTORS TRUST,2026-06-30
Iron Mountain Inc,IRM 6.25 01/15/33 144A,46284VAQ4,6070000.00000000,6055445.96000000,99.760,6.25000000,2033-01-15,Voya INVESTORS TRUST,2026-03-31
Iron Mountain Inc,Iron Mountain Inc,46284VAQ4,6070000.00000000,6124731.37000000,100.902,6.25000000,2033-01-15,Voya INVESTORS TRUST,2025-12-31
Iron Mountain Inc,Iron Mountain Inc,46284VAQ4,5955000.00000000,6078655.58000000,102.077,6.25000000,2033-01-15,Voya INVESTORS TRUST,2025-09-30
Iron Mountain Inc,Iron Mountain Inc,46284VAQ4,5955000.00000000,6127135.23000000,102.891,6.25000000,2033-01-15,Voya INVESTORS TRUST,2025-06-30
Lumen Technologies,Lumen Technologies Inc,156700BD7,45000.00000000,43407.15000000,96.460,4.50000000,2029-01-15,Columbia Funds Variable Series Trust II,2026-06-30
Lumen Technologies,"Lumen Technologies, Inc.",156700BD7,355000.00000000,341945.15000000,96.323,4.50000000,2029-01-15,iSHARES TRUST,2026-04-30
Lumen Technologies,LUMEN TECHNOLOGIES INC,550241AB9,814628.000000000000,684339.180000000000,84.006,4.125000000000,2029-04-15,Columbia Funds Variable Series Trust II,2024-09-30
Lumen Technologies,LUMEN TECHNOLOGIES INC,550241AB9,818125.000000000000,497565.440000000000,60.818,4.125000000000,2029-04-15,Columbia Funds Variable Series Trust II,2024-03-31
Lumen Technologies,"Lumen Technologies, Inc.",550241AA1,275000.00000000,265851.70000000,96.673,5.37500000,2029-06-15,iSHARES TRUST,2026-04-30
Lumen Technologies,LUMEN TECHNOLOGIES INC,550241AH6,1045883.000000000000,1028004.250000000000,98.291,4.125000000000,2030-04-15,Columbia Funds Variable Series Trust II,2025-09-30
Lumen Technologies,LUMEN TECHNOLOGIES INC,550241AH6,1045883.000000000000,913249.760000000000,87.319,4.125000000000,2030-04-15,Columbia Funds Variable Series Trust II,2025-03-31
Lumen Technologies,LUMEN TECHNOLOGIES INC,550241AH6,1045883.000000000000,787670.210000000000,75.312,4.125000000000,2030-04-15,Columbia Funds Variable Series Trust II,2024-09-30
Lumen Technologies,LUMEN TECHNOLOGIES INC,550241AC7,814710.000000000000,663994.640000000000,81.501,4.125000000000,2030-04-15,Columbia Funds Variable Series Trust II,2024-09-30
Lumen Technologies,LUMEN TECHNOLOGIES INC,550241AC7,818125.000000000000,489827.860000000000,59.872,4.125000000000,2030-04-15,Columbia Funds Variable Series Trust II,2024-03-31
Lumen Technologies,LUMEN TECHNOLOGIES INC,550241AH6,1050267.000000000000,612007.580000000000,58.272,4.125000000000,2030-04-15,Columbia Funds Variable Series Trust II,2024-03-31
Lumen Technologies,"Lumen Technologies, Inc.",550241AC7,117771.00000000,116495.43000000,98.917,4.12500000,2030-04-15,iSHARES TRUST,2025-10-31
Lumen Technologies,"Lumen Technologies, Inc., Series P",156700AM8,400000.00000000,381789.72000000,95.447,7.60000000,2039-09-15,iSHARES TRUST,2026-04-30
Lumen Technologies,"Lumen Technologies, Inc., Series U",156700AT3,250000.00000000,233113.05000000,93.245,7.65000000,2042-03-15,iSHARES TRUST,2026-04-30
Marvell Technology,"Marvell Technology, Inc.",573874AF1,786000.00000000,756508.70000000,96.248,2.45000000,2028-04-15,iSHARES TRUST,2026-04-30
Marvell Technology,"Marvell Technology, Inc.",573874AN4,659000.00000000,665452.72000000,100.979,4.87500000,2028-06-22,iSHARES TRUST,2026-04-30
Marvell Technology,MARVELL TECHNOLOGY INC,573874AP9,1315000.000000000000,1347132.000000000000,102.443,5.750000000000,2029-02-15,Columbia Funds Variable Series Trust II,2024-03-31
Marvell Technology,"Marvell Technology, Inc.",573874AP9,545000.00000000,562535.30000000,103.217,5.75000000,2029-02-15,iSHARES TRUST,2026-04-30
Marvell Technology,Marvell Technology Inc,573874AR5,140000.00000000,140466.57000000,100.333,4.75000000,2030-07-15,Columbia Funds Variable Series Trust II,2026-03-31
Marvell Technology,MARVELL TECHNOLOGY INC,573874AR5,140000.000000000000,141824.770000000000,101.303,4.750000000000,2030-07-15,Columbia Funds Variable Series Trust II,2025-09-30
Marvell Technology,"Marvell Technology, Inc.",573874AR5,525000.00000000,527336.95000000,100.445,4.75000000,2030-07-15,iSHARES TRUST,2026-04-30
Marvell Technology,"Marvell Technology, Inc.",573874AJ3,732000.00000000,675060.55000000,92.221,2.95000000,2031-04-15,iSHARES TRUST,2026-04-30
Marvell Technology,MARVELL TECHNOLOGY INC,573874AQ7,1315000.000000000000,1362923.220000000000,103.644,5.950000000000,2033-09-15,Columbia Funds Variable Series Trust II,2024-03-31
Marvell Technology,"Marvell Technology, Inc.",573874AQ7,490000.00000000,516642.36000000,105.437,5.95000000,2033-09-15,iSHARES TRUST,2026-04-30
Marvell Technology,Marvell Technology Inc,573874AS3,612000.00000000,621766.15000000,101.596,5.45000000,2035-07-15,Columbia Funds Variable Series Trust II,2026-03-31
Marvell Technology,MARVELL TECHNOLOGY INC,573874AS3,469000.000000000000,483802.190000000000,103.156,5.4500,2035-07-15,Columbia Funds Variable Series Trust II,2025-09-30
Marvell Technology,"Marvell Technology, Inc.",573874AS3,405000.00000000,414086.22000000,102.244,5.45000000,2035-07-15,iSHARES TRUST,2026-04-30
Marvell Technology,"Marvell Technology, Inc.",573874AT1,600000.00000000,601006.58000000,100.168,5.30000000,2036-04-15,iSHARES TRUST,2026-04-30
Meta Platforms Inc,"Meta Platforms, Inc.",30303M8G0,3090000.00000000,3068830.44000000,99.315,3.50000000,2027-08-15,iSHARES TRUST,2026-04-30
Meta Platforms Inc,"Meta Platforms, Inc.",30303M8L9,2445000.00000000,2468153.86000000,100.947,4.60000000,2028-05-15,iSHARES TRUST,2026-04-30
Meta Platforms Inc,META PLATFORMS INC,30303M8S4,1749000.000000000000,1775935.320000000000,101.540,4.300000000000,2029-08-15,Columbia Funds Variable Series Trust II,2024-09-30
Meta Platforms Inc,"Meta Platforms, Inc.",30303M8S4,1490000.00000000,1491969.71000000,100.132,4.30000000,2029-08-15,iSHARES TRUST,2026-04-30
Meta Platforms Inc,"Meta Platforms, Inc.",30303M8M7,1065000.00000000,1080798.19000000,101.483,4.80000000,2030-05-15,iSHARES TRUST,2026-04-30
Meta Platforms Inc,"Meta Platforms, Inc.",30303MAB8,2440000.00000000,2410714.59000000,98.800,4.20000000,2030-11-15,iSHARES TRUST,2026-04-30
Meta Platforms Inc,META PLATFORMS INC,30303M8T2,989000.000000000000,991351.620000000000,100.238,4.550000000000,2031-08-15,Columbia Funds Variable Series Trust II,2025-03-31
Meta Platforms Inc,META PLATFORMS INC,30303M8T2,1312000.000000000000,1341260.510000000000,102.230,4.550000000000,2031-08-15,Columbia Funds Variable Series Trust II,2024-09-30
Meta Platforms Inc,"Meta Platforms, Inc.",30303M8T2,1120000.00000000,1122749.86000000,100.246,4.55000000,2031-08-15,iSHARES TRUST,2026-04-30
Meta Platforms Inc,"Meta Platforms, Inc.",30303M8H8,2945000.00000000,2805576.69000000,95.266,3.85000000,2032-08-15,iSHARES TRUST,2026-04-30
Meta Platforms Inc,Meta Platforms Inc,30303MAC6,5710000.00000000,5615050.41000000,98.337,4.60000000,2032-11-15,Columbia Funds Variable Series Trust II,2026-06-30
Meta Platforms Inc,"Meta Platforms, Inc.",30303MAC6,3840000.00000000,3791554.54000000,98.738,4.60000000,2032-11-15,iSHARES TRUST,2026-04-30
Meta Platforms Inc,"Meta Platforms, Inc.",30303M8N5,1910000.00000000,1915574.02000000,100.292,4.95000000,2033-05-15,iSHARES TRUST,2026-04-30
Meta Platforms Inc,META PLATFORMS INC,30303M8U9,1648000.000000000000,1636046.210000000000,99.275,4.750000000000,2034-08-15,Columbia Funds Variable Series Trust II,2025-03-31
Meta Platforms Inc,META PLATFORMS INC,30303M8U9,2186000.000000000000,2231043.730000000000,102.061,4.750000000000,2034-08-15,Columbia Funds Variable Series Trust II,2024-09-30
Meta Platforms Inc,"Meta Platforms, Inc.",30303M8U9,2725000.00000000,2677103.75000000,98.242,4.75000000,2034-08-15,iSHARES TRUST,2026-04-30
Meta Platforms Inc,Meta Platforms Inc,30303M8U9,454000.00000000,463573.82000000,102.109,4.75000000,2034-08-15,Voya INVESTORS TRUST,2024-09-30
Meta Platforms Inc,Meta Platforms Inc,30303MAD4,1806000.00000000,1771339.98000000,98.081,4.88000000,2035-11-15,Columbia Funds Variable Series Trust II,2026-03-31
Meta Platforms Inc,Meta Platforms Inc,30303MAD4,12600000.00000000,12365892.00000000,98.142,4.88000000,2035-11-15,TCW Metropolitan West Funds,2026-03-31
Meta Platforms Inc,"Meta Platforms, Inc.",30303MAD4,6595000.00000000,6430675.47000000,97.508,4.87500000,2035-11-15,iSHARES TRUST,2026-04-30
Meta Platforms Inc,Meta Platforms Inc,30303M8X3,1732000.00000000,1640151.81000000,94.697,5.50000000,2045-11-15,Columbia Funds Variable Series Trust II,2026-03-31
Meta Platforms Inc,"Meta Platforms, Inc.",30303M8X3,5165000.00000000,4800849.85000000,92.950,5.50000000,2045-11-15,iSHARES TRUST,2026-04-30
Meta Platforms Inc,"Meta Platforms, Inc.",30303M8J4,2790000.00000000,2162785.87000000,77.519,4.45000000,2052-08-15,iSHARES TRUST,2026-04-30
Meta Platforms Inc,Meta Platforms Inc,30303M8Q8,829000.00000000,773421.90000000,93.296,5.60000000,2053-05-15,Columbia Funds Variable Series Trust II,2026-03-31
Meta Platforms Inc,META PLATFORMS INC,30303M8Q8,635000.000000000000,643159.460000000000,101.285,5.600000000000,2053-05-15,Columbia Funds Variable Series Trust II,2025-09-30
Meta Platforms Inc,META PLATFORMS INC,30303M8Q8,1371000.000000000000,1381653.010000000000,100.777,5.600000000000,2053-05-15,Columbia Funds Variable Series Trust II,2025-03-31
Meta Platforms Inc,META PLATFORMS INC,30303M8Q8,1730000.000000000000,1875682.630000000000,108.421,5.600000000000,2053-05-15,Columbia Funds Variable Series Trust II,2024-09-30
Meta Platforms Inc,META PLATFORMS INC,30303M8Q8,2211000.000000000000,2337508.150000000000,105.722,5.600000000000,2053-05-15,Columbia Funds Variable Series Trust II,2024-03-31
Meta Platforms Inc,"Meta Platforms, Inc.",30303M8Q8,2625000.00000000,2412023.84000000,91.887,5.60000000,2053-05-15,iSHARES TRUST,2026-04-30
Meta Platforms Inc,Meta Platforms Inc,30303M8V7,1591000.00000000,1440740.49000000,90.556,5.40000000,2054-08-15,Columbia Funds Variable Series Trust II,2026-03-31
Meta Platforms Inc,META PLATFORMS INC,30303M8V7,1035000.000000000000,1023111.090000000000,98.851,5.400000000000,2054-08-15,Columbia Funds Variable Series Trust II,2025-09-30
Meta Platforms Inc,META PLATFORMS INC,30303M8V7,1155000.000000000000,1131862.600000000000,97.997,5.400000000000,2054-08-15,Columbia Funds Variable Series Trust II,2025-03-31
Meta Platforms Inc,META PLATFORMS INC,30303M8V7,3041000.000000000000,3184389.960000000000,104.715,5.400000000000,2054-08-15,Columbia Funds Variable Series Trust II,2024-09-30
Meta Platforms Inc,"Meta Platforms, Inc.",30303M8V7,3290000.00000000,2924026.27000000,88.876,5.40000000,2054-08-15,iSHARES TRUST,2026-04-30
Meta Platforms Inc,Meta Platforms Inc,30303M8V7,519000.00000000,508888.09000000,98.052,5.40000000,2054-08-15,Voya INVESTORS TRUST,2025-03-31
Meta Platforms Inc,Meta Platforms Inc,30303M8V7,519000.00000000,503051.28000000,96.927,5.40000000,2054-08-15,Voya INVESTORS TRUST,2024-12-31
Meta Platforms Inc,Meta Platforms Inc,30303M8V7,519000.00000000,544140.28000000,104.844,5.40000000,2054-08-15,Voya INVESTORS TRUST,2024-09-30
Meta Platforms Inc,Meta Platforms Inc,30303MAE2,1957000.00000000,1833113.59000000,93.670,5.63000000,2055-11-15,Columbia Funds Variable Series Trust II,2026-03-31
Meta Platforms Inc,Meta Platforms Inc,30303MAE2,3199000.00000000,3075567.32000000,96.142,5.63000000,2055-11-15,Columbia Funds Variable Series Trust II,2025-12-31
Meta Platforms Inc,Meta Platforms Inc,30303MAE2,1300000.00000000,1219348.00000000,93.796,5.63000000,2055-11-15,TCW Metropolitan West Funds,2026-03-31
Meta Platforms Inc,"Meta Platforms, Inc.",30303MAE2,6520000.00000000,5973932.52000000,91.625,5.62500000,2055-11-15,iSHARES TRUST,2026-04-30
Meta Platforms Inc,"Meta Platforms, Inc.",30303M8K1,1765000.00000000,1336113.71000000,75.700,4.65000000,2062-08-15,iSHARES TRUST,2026-04-30
Meta Platforms Inc,META PLATFORMS INC,30303M8R6,1671000.000000000000,1792826.440000000000,107.291,5.750000000000,2063-05-15,Columbia Funds Variable Series Trust II,2024-03-31
Meta Platforms Inc,"Meta Platforms, Inc.",30303M8R6,1900000.00000000,1742657.01000000,91.719,5.75000000,2063-05-15,iSHARES TRUST,2026-04-30
Meta Platforms Inc,Meta Platforms Inc,30303M8W5,225000.00000000,202083.58000000,89.815,5.55000000,2064-08-15,Columbia Funds Variable Series Trust II,2026-03-31
Meta Platforms Inc,META PLATFORMS INC,30303M8W5,2181000.000000000000,2164922.100000000000,99.263,5.550000000000,2064-08-15,Columbia Funds Variable Series Trust II,2025-09-30
Meta Platforms Inc,META PLATFORMS INC,30303M8W5,1761000.000000000000,1732338.600000000000,98.372,5.550000000000,2064-08-15,Columbia Funds Variable Series Trust II,2025-03-31
Meta Platforms Inc,META PLATFORMS INC,30303M8W5,2885000.000000000000,3058472.480000000000,106.013,5.550000000000,2064-08-15,Columbia Funds Variable Series Trust II,2024-09-30
Meta Platforms Inc,"Meta Platforms, Inc.",30303M8W5,2925000.00000000,2581135.77000000,88.244,5.55000000,2064-08-15,iSHARES TRUST,2026-04-30
Meta Platforms Inc,Meta Platforms Inc,30303M8W5,519000.00000000,511046.91000000,98.468,5.55000000,2064-08-15,Voya INVESTORS TRUST,2025-03-31
Meta Platforms Inc,Meta Platforms Inc,30303M8W5,519000.00000000,506383.87000000,97.569,5.55000000,2064-08-15,Voya INVESTORS TRUST,2024-12-31
Meta Platforms Inc,Meta Platforms Inc,30303M8W5,519000.00000000,554788.45000000,106.896,5.55000000,2064-08-15,Voya INVESTORS TRUST,2024-09-30
Meta Platforms Inc,Meta Platforms Inc,30303M8Y1,3522000.00000000,3364496.30000000,95.528,5.75000000,2065-11-15,Columbia Funds Variable Series Trust II,2025-12-31
Meta Platforms Inc,"Meta Platforms, Inc.",30303M8Y1,4890000.00000000,4442523.97000000,90.849,5.75000000,2065-11-15,iSHARES TRUST,2026-04-30
Meta Platforms Inc,META 5.75 11/15/65,30303M8Y1,995000.00000000,906024.74000000,91.058,5.75000000,2065-11-15,ETFis Series Trust I,2026-04-30
Micron Technology,MICRON TECHNOLOGY INC,595112CA9,4203000.000000000000,4330291.550000000000,103.029,5.375000000000,2028-04-15,Columbia Funds Variable Series Trust II,2024-09-30
Micron Technology,MICRON TECHNOLOGY INC,595112CA9,4422000.000000000000,4465115.250000000000,100.975,5.375000000000,2028-04-15,Columbia Funds Variable Series Trust II,2024-03-31
Micron Technology,"Micron Technology, Inc.",595112BS1,1085000.00000000,969007.61000000,89.309,2.70300000,2032-04-15,iSHARES TRUST,2026-04-30
Micron Technology,MICRON TECHNOLOGY INC,595112BZ5,519000.000000000000,536531.260000000000,103.378,5.875000000000,2033-02-09,Columbia Funds Variable Series Trust II,2024-03-31
Micron Technology,Micron Technology Inc,595112CH4,1040000.00000000,1121749.79000000,107.861,6.05000000,2035-11-01,Columbia Funds Variable Series Trust II,2026-03-31
Micron Technology,"Micron Technology, Inc.",595112BT9,645000.00000000,497995.30000000,77.209,3.36600000,2041-11-01,iSHARES TRUST,2026-04-30
Micron Technology,"Micron Technology, Inc.",595112BU6,665000.00000000,463036.63000000,69.630,3.47700000,2051-11-01,iSHARES TRUST,2026-04-30
Microsoft Corp,Microsoft Corp.,594918CQ5,1195000.00000000,1189581.00000000,99.547,3.40000000,2027-06-15,iSHARES TRUST,2026-04-30
Microsoft Corp,Microsoft Corp.,594918CS1,823000.00000000,732349.90000000,88.985,1.35000000,2030-09-15,iSHARES TRUST,2026-04-30
Microsoft Corp,Microsoft Corp.,594918BC7,1774000.00000000,1646218.26000000,92.797,3.50000000,2035-02-12,iSHARES TRUST,2026-04-30
Microsoft Corp,Microsoft Corp.,594918BK9,705000.00000000,687592.36000000,97.531,4.20000000,2035-11-03,iSHARES TRUST,2026-04-30
Microsoft Corp,Microsoft Corp.,594918BS2,1881000.00000000,1684207.45000000,89.538,3.45000000,2036-08-08,iSHARES TRUST,2026-04-30
Microsoft Corp,Microsoft Corp.,594918BZ6,1063000.00000000,1007397.03000000,94.769,4.10000000,2037-02-06,iSHARES TRUST,2026-04-30
Microsoft Corp,Microsoft Corp.,594918AD6,790000.00000000,814099.93000000,103.051,5.20000000,2039-06-01,iSHARES TRUST,2026-04-30
Microsoft Corp,Microsoft Corp.,594918AJ3,600000.00000000,569410.80000000,94.902,4.50000000,2040-10-01,iSHARES TRUST,2026-04-30
Microsoft Corp,Microsoft Corp.,594918AM6,1105000.00000000,1124959.27000000,101.806,5.30000000,2041-02-08,iSHARES TRUST,2026-04-30
Microsoft Corp,Microsoft Corp.,594918AR5,513000.00000000,409553.94000000,79.835,3.50000000,2042-11-15,iSHARES TRUST,2026-04-30
Microsoft Corp,Microsoft Corp.,594918BD5,700000.00000000,563649.37000000,80.521,3.75000000,2045-02-12,iSHARES TRUST,2026-04-30
Microsoft Corp,Microsoft Corp.,594918BL7,1203000.00000000,1058435.68000000,87.983,4.45000000,2045-11-03,iSHARES TRUST,2026-04-30
Microsoft Corp,Microsoft Corp.,594918BT0,1780000.00000000,1394487.73000000,78.342,3.70000000,2046-08-08,iSHARES TRUST,2026-04-30
Microsoft Corp,Microsoft Corp.,594918CA0,1185000.00000000,1007025.88000000,84.981,4.25000000,2047-02-06,iSHARES TRUST,2026-04-30
Microsoft Corp,Microsoft Corp.,594918CU6,596000.00000000,518684.94000000,87.028,4.50000000,2047-06-15,iSHARES TRUST,2026-04-30
Microsoft Corp,Microsoft Corp.,594918CC6,6318000.00000000,3727298.98000000,58.995,2.52500000,2050-06-01,iSHARES TRUST,2026-04-30
Microsoft Corp,Microsoft Corp.,594918CW2,1749000.00000000,1028210.44000000,58.788,2.50000000,2050-09-15,iSHARES TRUST,2026-04-30
Microsoft Corp,Microsoft Corp.,594918CE2,5497000.00000000,3499338.31000000,63.659,2.92100000,2052-03-17,iSHARES TRUST,2026-04-30
Microsoft Corp,Microsoft Corp.,594918BE3,575000.00000000,441673.88000000,76.813,4.00000000,2055-02-12,iSHARES TRUST,2026-04-30
Microsoft Corp,Microsoft Corp.,594918BM5,100.00000000,88.63000000,88.630,4.75000000,2055-11-03,iSHARES TRUST,2026-04-30
Microsoft Corp,Microsoft Corp.,594918BU7,700000.00000000,530008.97000000,75.716,3.95000000,2056-08-08,iSHARES TRUST,2026-04-30
Microsoft Corp,Microsoft Corp.,594918CB8,1230000.00000000,1038314.53000000,84.416,4.50000000,2057-02-06,iSHARES TRUST,2026-04-30
Microsoft Corp,Microsoft Corp.,594918CD4,3374000.00000000,1858562.54000000,55.085,2.67500000,2060-06-01,iSHARES TRUST,2026-04-30
Microsoft Corp,Microsoft Corp.,594918CF9,1844000.00000000,1101245.96000000,59.720,3.04100000,2062-03-17,iSHARES TRUST,2026-04-30
NRG Energy,NRG ENERGY INC,629377CN0,86000.000000000000,84199.070000000000,97.906,2.000000000000,2025-12-02,Columbia Funds Variable Series Trust II,2025-03-31
NRG Energy,NRG ENERGY INC,629377CN0,293000.000000000000,282656.950000000000,96.470,2.000000000000,2025-12-02,Columbia Funds Variable Series Trust II,2024-09-30
NRG Energy,NRG ENERGY INC,629377CN0,293000.000000000000,275051.350000000000,93.874,2.000000000000,2025-12-02,Columbia Funds Variable Series Trust II,2024-03-31
NRG Energy,NRG ENERGY INC,629377CC4,107000.000000000000,107034.960000000000,100.033,6.625000000000,2027-01-15,Columbia Funds Variable Series Trust II,2024-09-30
NRG Energy,NRG ENERGY INC,629377CC4,107000.000000000000,107147.570000000000,100.138,6.625000000000,2027-01-15,Columbia Funds Variable Series Trust II,2024-03-31
NRG Energy,NRG Energy Inc,629377CP5,25000.00000000,23984.38000000,95.938,2.45000000,2027-12-02,VanEck ETF Trust,2025-10-31
NRG Energy,NRG Energy Inc,629377CP5,25000.00000000,23698.02000000,94.792,2.45000000,2027-12-02,VanEck ETF Trust,2025-07-31
NRG Energy,NRG Energy Inc,629377CP5,191000.00000000,183986.17000000,96.328,2.45000000,2027-12-02,Columbia Funds Variable Series Trust II,2026-03-31
NRG Energy,NRG ENERGY INC,629377CP5,191000.000000000000,183095.320000000000,95.861,2.450000000000,2027-12-02,Columbia Funds Variable Series Trust II,2025-09-30
NRG Energy,NRG ENERGY INC,629377CP5,259000.000000000000,242875.380000000000,93.774,2.450000000000,2027-12-02,Columbia Funds Variable Series Trust II,2025-03-31
NRG Energy,NRG ENERGY INC,629377CP5,327000.000000000000,306394.750000000000,93.699,2.450000000000,2027-12-02,Columbia Funds Variable Series Trust II,2024-09-30
NRG Energy,NRG ENERGY INC,629377CP5,327000.000000000000,294123.390000000000,89.946,2.450000000000,2027-12-02,Columbia Funds Variable Series Trust II,2024-03-31
NRG Energy,"NRG Energy, Inc.",629377CP5,920000.00000000,889219.83000000,96.654,2.45000000,2027-12-02,iSHARES TRUST,2026-04-30
NRG Energy,NRG ENERGY INC,629377CE0,705000.000000000000,704211.830000000000,99.888,5.750000000000,2028-01-15,Columbia Funds Variable Series Trust II,2025-03-31
NRG Energy,NRG ENERGY INC,629377CE0,920000.000000000000,926745.780000000000,100.733,5.7500,2028-01-15,Columbia Funds Variable Series Trust II,2024-09-30
NRG Energy,NRG ENERGY INC,629377CE0,920000.000000000000,914959.710000000000,99.452,5.7500,2028-01-15,Columbia Funds Variable Series Trust II,2024-03-31
NRG Energy,"NRG Energy, Inc.",629377CE0,781000.00000000,782504.58000000,100.193,5.75000000,2028-01-15,iSHARES TRUST,2026-04-30
NRG Energy,"NRG Energy, Inc.",629377CQ3,575000.00000000,549059.01000000,95.489,3.37500000,2029-02-15,iSHARES TRUST,2026-04-30
NRG Energy,NRG Energy Inc,629377CH3,225000.00000000,224429.69000000,99.747,5.25000000,2029-06-15,Columbia Funds Variable Series Trust II,2026-06-30
NRG Energy,NRG Energy Inc,629377CH3,2005000.00000000,1987370.26000000,99.121,5.25000000,2029-06-15,Columbia Funds Variable Series Trust II,2026-03-31
NRG Energy,NRG ENERGY INC,629377CH3,1165000.000000000000,1162094.240000000000,99.751,5.250000000000,2029-06-15,Columbia Funds Variable Series Trust II,2025-09-30
NRG Energy,NRG ENERGY INC,629377CH3,1165000.000000000000,1135371.920000000000,97.457,5.250000000000,2029-06-15,Columbia Funds Variable Series Trust II,2025-03-31
NRG Energy,NRG ENERGY INC,629377CL4,154000.000000000000,149360.970000000000,96.988,4.450000000000,2029-06-15,Columbia Funds Variable Series Trust II,2025-03-31
NRG Energy,NRG ENERGY INC,629377CH3,1165000.000000000000,1161172.640000000000,99.671,5.250000000000,2029-06-15,Columbia Funds Variable Series Trust II,2024-09-30
NRG Energy,NRG ENERGY INC,629377CL4,199000.000000000000,194507.980000000000,97.743,4.450000000000,2029-06-15,Columbia Funds Variable Series Trust II,2024-09-30
NRG Energy,NRG ENERGY INC,629377CH3,1505000.000000000000,1443440.680000000000,95.910,5.250000000000,2029-06-15,Columbia Funds Variable Series Trust II,2024-03-31
NRG Energy,NRG ENERGY INC,629377CL4,199000.000000000000,188337.670000000000,94.642,4.450000000000,2029-06-15,Columbia Funds Variable Series Trust II,2024-03-31
NRG Energy,"NRG Energy, Inc.",629377CH3,835000.00000000,831820.24000000,99.619,5.25000000,2029-06-15,iSHARES TRUST,2026-04-30
NRG Energy,"NRG Energy, Inc.",629377CL4,881000.00000000,868455.44000000,98.576,4.45000000,2029-06-15,iSHARES TRUST,2026-04-30
NRG Energy,NRG Energy Inc,629377CY6,200000.00000000,200032.71000000,100.016,5.75000000,2029-07-15,Columbia Funds Variable Series Trust II,2026-06-30
NRG Energy,NRG Energy Inc,629377CY6,34000.00000000,34160.26000000,100.471,5.75000000,2029-07-15,Columbia Funds Variable Series Trust II,2025-12-31
NRG Energy,"NRG Energy, Inc.",629377CY6,800000.00000000,799417.44000000,99.927,5.75000000,2029-07-15,iSHARES TRUST,2026-04-30
NRG Energy,NRG Energy Inc,629377DA7,180000.00000000,177867.40000000,98.815,4.73000000,2030-10-15,Columbia Funds Variable Series Trust II,2026-03-31
NRG Energy,NRG ENERGY INC,629377DA7,1788000.000000000000,1787852.710000000000,99.992,4.734000000000,2030-10-15,Columbia Funds Variable Series Trust II,2025-09-30
NRG Energy,"NRG Energy, Inc.",629377DA7,550000.00000000,543685.30000000,98.852,4.73400000,2030-10-15,iSHARES TRUST,2026-04-30
NRG Energy,NRG Energy Inc,629377CR1,115000.00000000,106777.10000000,92.850,3.63000000,2031-02-15,Columbia Funds Variable Series Trust II,2026-06-30
NRG Energy,NRG Energy Inc,629377CR1,791000.00000000,738977.21000000,93.423,3.63000000,2031-02-15,Columbia Funds Variable Series Trust II,2025-12-31
NRG Energy,"NRG Energy, Inc.",629377CR1,935000.00000000,868463.24000000,92.884,3.62500000,2031-02-15,iSHARES TRUST,2026-04-30
NRG Energy,"NRG Energy, Inc.",629377DE9,205000.00000000,203569.59000000,99.302,4.95500000,2031-04-30,iSHARES TRUST,2026-04-30
NRG Energy,"NRG Energy, Inc.",629377CS9,496000.00000000,458270.39000000,92.393,3.87500000,2032-02-15,iSHARES TRUST,2026-04-30
NRG Energy,NRG Energy Inc,629377CW0,315000.00000000,316707.47000000,100.542,6.00000000,2033-02-01,Columbia Funds Variable Series Trust II,2026-06-30
NRG Energy,NRG Energy Inc,629377CW0,327000.00000000,333663.94000000,102.038,6.00000000,2033-02-01,Columbia Funds Variable Series Trust II,2025-12-31
NRG Energy,"NRG Energy, Inc.",629377CW0,995000.00000000,1002820.82000000,100.786,6.00000000,2033-02-01,iSHARES TRUST,2026-04-30
NRG Energy,NRG Energy Inc,629377CW0,710000.00000000,717519.61000000,101.059,6.00000000,2033-02-01,Voya INVESTORS TRUST,2025-06-30
NRG Energy,"NRG Energy, Inc.",629377CT7,745000.00000000,809904.95000000,108.712,7.00000000,2033-03-15,iSHARES TRUST,2026-04-30
NRG Energy,NRG 7 03/15/33 144A,629377CT7,651000.00000000,708064.71000000,108.766,7.00000000,2033-03-15,ETFis Series Trust I,2026-04-30
NRG Energy,NRG Energy Term Loan B (Incremental) 175 2033-04-12,62937NBF3,120000.00000000,120585.00000000,100.487,0.00000000,2033-04-15,ETFis Series Trust I,2026-04-30
NRG Energy,NRG Energy Inc,629377DC3,290000.00000000,287383.45000000,99.098,5.75000000,2034-01-15,Columbia Funds Variable Series Trust II,2026-06-30
NRG Energy,NRG Energy Inc,629377DC3,305000.00000000,301538.61000000,98.865,5.75000000,2034-01-15,Columbia Funds Variable Series Trust II,2026-03-31
NRG Energy,NRG Energy Inc,629377DC3,374000.00000000,377197.44000000,100.855,5.75000000,2034-01-15,Columbia Funds Variable Series Trust II,2025-12-31
NRG Energy,"NRG Energy, Inc.",629377DC3,1220000.00000000,1210972.03000000,99.260,5.75000000,2034-01-15,iSHARES TRUST,2026-04-30
NRG Energy,"NRG Energy, Inc.",629377DF6,185000.00000000,184331.23000000,99.639,5.87500000,2034-05-15,iSHARES TRUST,2026-04-30
NRG Energy,NRG Energy Inc,629377CX8,240000.00000000,242981.79000000,101.242,6.25000000,2034-11-01,Columbia Funds Variable Series Trust II,2026-06-30
NRG Energy,NRG Energy Inc,629377CX8,425000.00000000,436476.62000000,102.700,6.25000000,2034-11-01,Columbia Funds Variable Series Trust II,2025-12-31
NRG Energy,"NRG Energy, Inc.",629377CX8,935000.00000000,946153.50000000,101.193,6.25000000,2034-11-01,iSHARES TRUST,2026-04-30
NRG Energy,NRG Energy Inc,629377CX8,1500000.00000000,1477064.70000000,98.471,6.25000000,2034-11-01,PENN SERIES FUNDS INC,2025-03-31
NRG Energy,NRG 6.25 11/01/34 144A,629377CX8,4605000.00000000,4664696.55000000,101.296,6.25000000,2034-11-01,Voya INVESTORS TRUST,2026-06-30
NRG Energy,NRG 6.25 11/01/34 144A,629377CX8,3740000.00000000,3772864.09000000,100.879,6.25000000,2034-11-01,Voya INVESTORS TRUST,2026-03-31
NRG Energy,NRG Energy Inc,629377CX8,3740000.00000000,3844551.70000000,102.795,6.25000000,2034-11-01,Voya INVESTORS TRUST,2025-12-31
NRG Energy,NRG Energy Inc,629377CX8,3105000.00000000,3184848.18000000,102.572,6.25000000,2034-11-01,Voya INVESTORS TRUST,2025-09-30
NRG Energy,NRG Energy Inc,629377CX8,770000.00000000,784994.23000000,101.947,6.25000000,2034-11-01,Voya INVESTORS TRUST,2025-06-30
NRG Energy,NRG Energy Inc,629377DB5,255000.00000000,249745.61000000,97.939,5.41000000,2035-10-15,Columbia Funds Variable Series Trust II,2026-03-31
NRG Energy,NRG ENERGY INC,629377DB5,1059000.000000000000,1062466.300000000000,100.327,5.407000000000,2035-10-15,Columbia Funds Variable Series Trust II,2025-09-30
NRG Energy,"NRG Energy, Inc.",629377DB5,625000.00000000,612687.17000000,98.030,5.40700000,2035-10-15,iSHARES TRUST,2026-04-30
NRG Energy,NRG Energy Inc,629377DD1,290000.00000000,289094.36000000,99.688,6.00000000,2036-01-15,Columbia Funds Variable Series Trust II,2026-06-30
NRG Energy,NRG Energy Inc,629377DD1,374000.00000000,379066.69000000,101.355,6.00000000,2036-01-15,Columbia Funds Variable Series Trust II,2025-12-31
NRG Energy,"NRG Energy, Inc.",629377DD1,2335000.00000000,2318882.74000000,99.310,6.00000000,2036-01-15,iSHARES TRUST,2026-04-30
NRG Energy,"NRG Energy, Inc.",629377DG4,90000.00000000,89650.80000000,99.612,6.12500000,2036-05-15,iSHARES TRUST,2026-04-30
NRG Energy,NRG 6.125 05/15/36 144A,629377DG4,185000.00000000,184381.46000000,99.666,6.12500000,2036-05-15,ETFis Series Trust I,2026-04-30
Nebius Group,Nebius Group NV,63954QAJ5,1542000.00000000,1714518.96000000,111.188,1.25000000,2031-03-15,CALAMOS INVESTMENT TRUST/IL,2026-04-30
NextEra Energy,NextEra Energy Capital Holdings Inc,65339KCY4,4940000.00000000,5534578.40000000,112.036,3.00000000,2027-03-01,CALAMOS INVESTMENT TRUST/IL,2025-04-30
NextEra Energy,NextEra Energy Capital Holdings Inc,65339KCX6,13750000.00000000,16587587.50000000,120.637,3.00000000,2027-03-01,CALAMOS INVESTMENT TRUST/IL,2024-07-31
NextEra Energy,NEE 3 03/01/27,65339KCY4,34000.00000000,49461.50000000,145.475,3.00000000,2027-03-01,ETFis Series Trust I,2026-04-30
NextEra Energy,"NextEra Energy Capital Holdings, Inc.",65339KAT7,1303000.00000000,1293878.12000000,99.300,3.55000000,2027-05-01,iSHARES TRUST,2026-04-30
NextEra Energy,"NextEra Energy Capital Holdings, Inc.",65339KCH1,1185000.00000000,1189659.95000000,100.393,4.62500000,2027-07-15,iSHARES TRUST,2026-04-30
NextEra Energy,"NextEra Energy Capital Holdings, Inc.",65339KCL2,515000.00000000,517391.13000000,100.464,4.68500000,2027-09-01,iSHARES TRUST,2026-04-30
NextEra Energy,"NextEra Energy Capital Holdings, Inc.",65339KDG2,550000.00000000,554609.20000000,100.838,4.85000000,2028-02-04,iSHARES TRUST,2026-04-30
NextEra Energy,"NextEra Energy Capital Holdings, Inc.",65339KCM0,1470000.00000000,1482718.13000000,100.865,4.90000000,2028-02-28,iSHARES TRUST,2026-04-30
NextEra Energy,NextEra Energy Capital Holdings Inc,65339KBW9,806000.00000000,766212.77000000,95.064,1.90000000,2028-06-15,VanEck ETF Trust,2026-04-30
NextEra Energy,"NextEra Energy Capital Holdings, Inc.",65339KBW9,1447000.00000000,1375206.39000000,95.038,1.90000000,2028-06-15,iSHARES TRUST,2026-04-30
NextEra Energy,"NextEra Energy Capital Holdings, Inc.",65339KCT5,1020000.00000000,1033255.49000000,101.300,4.90000000,2029-03-15,iSHARES TRUST,2026-04-30
NextEra Energy,"NextEra Energy Capital Holdings, Inc.",65339KBJ8,625000.00000000,608950.81000000,97.432,3.50000000,2029-04-01,iSHARES TRUST,2026-04-30
NextEra Energy,"NextEra Energy Capital Holdings, Inc.",65339KBM1,1162000.00000000,1100801.90000000,94.733,2.75000000,2029-11-01,iSHARES TRUST,2026-04-30
NextEra Energy,"NextEra Energy Capital Holdings, Inc.",65339KCN8,645000.00000000,655137.07000000,101.572,5.00000000,2030-02-28,iSHARES TRUST,2026-04-30
NextEra Energy,"NextEra Energy Capital Holdings, Inc.",65339KDJ6,890000.00000000,905494.16000000,101.741,5.05000000,2030-03-15,iSHARES TRUST,2026-04-30
NextEra Energy,"NextEra Energy Capital Holdings, Inc.",65339KBR0,2117000.00000000,1931263.47000000,91.226,2.25000000,2030-06-01,iSHARES TRUST,2026-04-30
NextEra Energy,"NextEra Energy Capital Holdings, Inc.",65339KDY3,600000.00000000,595629.48000000,99.272,4.40000000,2031-03-01,iSHARES TRUST,2026-04-30
NextEra Energy,"NextEra Energy Capital Holdings, Inc.",65339KBZ2,803000.00000000,709230.55000000,88.323,2.44000000,2032-01-15,iSHARES TRUST,2026-04-30
NextEra Energy,"NextEra Energy Capital Holdings, Inc.",65339KDK3,845000.00000000,866239.70000000,102.514,5.30000000,2032-03-15,iSHARES TRUST,2026-04-30
NextEra Energy,"NextEra Energy Capital Holdings, Inc.",65339KCJ7,795000.00000000,802382.17000000,100.929,5.00000000,2032-07-15,iSHARES TRUST,2026-04-30
NextEra Energy,"NextEra Energy Capital Holdings, Inc.",65339KCP3,1340000.00000000,1353599.68000000,101.015,5.05000000,2033-02-28,iSHARES TRUST,2026-04-30
NextEra Energy,"NextEra Energy Capital Holdings, Inc.",65339KCU2,1100000.00000000,1113939.07000000,101.267,5.25000000,2034-03-15,iSHARES TRUST,2026-04-30
NextEra Energy,NextEra Energy Capital Holdings Inc,65339KDL1,4960000.00000000,5133411.69000000,103.496,5.45000000,2035-03-15,Columbia Funds Variable Series Trust II,2025-12-31
NextEra Energy,"NextEra Energy Capital Holdings, Inc.",65339KDL1,1015000.00000000,1034753.55000000,101.946,5.45000000,2035-03-15,iSHARES TRUST,2026-04-30
NextEra Energy,"NextEra Energy Capital Holdings, Inc.",65339KCA6,625000.00000000,384582.27000000,61.533,3.00000000,2052-01-15,iSHARES TRUST,2026-04-30
NextEra Energy,"NextEra Energy Capital Holdings, Inc.",65339KCQ1,1125000.00000000,1013523.56000000,90.091,5.25000000,2053-02-28,iSHARES TRUST,2026-04-30
NextEra Energy,"NextEra Energy Capital Holdings, Inc.",65339KCV0,375000.00000000,351485.34000000,93.729,5.55000000,2054-03-15,iSHARES TRUST,2026-04-30
NextEra Energy,NextEra Energy Capital Holdings Inc,65339KDB3,286000.00000000,296520.33000000,103.678,6.75000000,2054-06-15,Columbia Funds Variable Series Trust II,2026-03-31
NextEra Energy,NEXTERA ENERGY CAPITAL HOLDINGS,65339KDB3,286000.000000000000,308160.870000000000,107.749,6.750000000000,2054-06-15,Columbia Funds Variable Series Trust II,2025-09-30
NextEra Energy,NEXTERA ENERGY CAPITAL HOLDINGS,65339KDB3,388000.000000000000,396965.930000000000,102.311,6.750000000000,2054-06-15,Columbia Funds Variable Series Trust II,2025-03-31
NextEra Energy,NEXTERA ENERGY CAPITAL HOLDINGS,65339KDB3,490000.000000000000,529553.850000000000,108.072,6.750000000000,2054-06-15,Columbia Funds Variable Series Trust II,2024-09-30
NextEra Energy,"NextEra Energy Capital Holdings, Inc.",65339KDB3,1420000.00000000,1486780.58000000,104.703,6.75000000,2054-06-15,iSHARES TRUST,2026-04-30
NextEra Energy,"NextEra Energy Capital Holdings, Inc.",65339KCW8,870000.00000000,892445.55000000,102.580,6.70000000,2054-09-01,iSHARES TRUST,2026-04-30
NextEra Energy,"NextEra Energy Capital Holdings, Inc.",65339KDM9,805000.00000000,788726.51000000,97.978,5.90000000,2055-03-15,iSHARES TRUST,2026-04-30
NextEra Energy,NextEra Energy Capital Holdings Inc,65339KDE7,299000.00000000,303575.00000000,101.530,6.38000000,2055-08-15,Columbia Funds Variable Series Trust II,2026-03-31
NextEra Energy,NextEra Energy Capital Holdings Inc,65339KDF4,225000.00000000,231921.71000000,103.076,6.50000000,2055-08-15,Columbia Funds Variable Series Trust II,2026-03-31
NextEra Energy,NEXTERA ENERGY CAPITAL HOLDINGS IN,65339KDE7,299000.000000000000,310937.980000000000,103.993,6.3750,2055-08-15,Columbia Funds Variable Series Trust II,2025-09-30
NextEra Energy,NEXTERA ENERGY CAPITAL HOLDINGS IN,65339KDF4,225000.000000000000,238580.450000000000,106.036,6.500000000000,2055-08-15,Columbia Funds Variable Series Trust II,2025-09-30
NextEra Energy,NEXTERA ENERGY CAPITAL HOLDINGS IN,65339KDE7,405000.000000000000,407088.620000000000,100.516,6.375000000000,2055-08-15,Columbia Funds Variable Series Trust II,2025-03-31
NextEra Energy,NEXTERA ENERGY CAPITAL HOLDINGS IN,65339KDF4,305000.000000000000,308643.210000000000,101.194,6.500000000000,2055-08-15,Columbia Funds Variable Series Trust II,2025-03-31
NextEra Energy,"NextEra Energy Capital Holdings, Inc.",65339KDE7,1480000.00000000,1511948.32000000,102.159,6.37500000,2055-08-15,iSHARES TRUST,2026-04-30
NextEra Energy,"NextEra Energy Capital Holdings, Inc.",65339KDF4,680000.00000000,706063.60000000,103.833,6.50000000,2055-08-15,iSHARES TRUST,2026-04-30
NextEra Energy,NEE V6.5 08/15/55 .,65339KDF4,750000.00000000,782152.50000000,104.287,6.50000000,2055-08-15,ETFis Series Trust I,2026-04-30
NextEra Energy,"NextEra Energy Capital Holdings, Inc.",65339KDX5,630000.00000000,612162.52000000,97.169,5.85000000,2056-03-01,iSHARES TRUST,2026-04-30
NextEra Energy,"NextEra Energy Capital Holdings, Inc.",65339KAU4,330000.00000000,296169.26000000,89.748,5.11000000,2057-09-29,iSHARES TRUST,2026-04-30
NextEra Energy,"NextEra Energy Capital Holdings, Inc.",65339KAV2,650000.00000000,637867.45000000,98.133,4.80000000,2077-12-01,iSHARES TRUST,2026-04-30
NextEra Energy,"NextEra Energy Capital Holdings, Inc.",65339KBK5,449000.00000000,446834.22000000,99.518,5.65000000,2079-05-01,iSHARES TRUST,2026-04-30
NextEra Energy,NextEra Energy Capital Holdings Inc,65339KBK5,489000.00000000,479987.24000000,98.157,5.65000000,2079-05-01,Voya INVESTORS TRUST,2025-03-31
NextEra Energy,NextEra Energy Capital Holdings Inc,65339KBK5,489000.00000000,479086.36000000,97.973,5.65000000,2079-05-01,Voya INVESTORS TRUST,2024-12-31
NextEra Energy,NextEra Energy Capital Holdings Inc,65339KBK5,489000.00000000,487469.56000000,99.687,5.65000000,2079-05-01,Voya INVESTORS TRUST,2024-09-30
NextEra Energy,NextEra Energy Capital Holdings Inc,65339KBK5,275000.00000000,263845.37000000,95.944,5.65000000,2079-05-01,Voya INVESTORS TRUST,2024-06-30
NextEra Energy,NextEra Energy Capital Holdings Inc,65339KBK5,275000.00000000,264392.65000000,96.143,5.65000000,2079-05-01,Voya INVESTORS TRUST,2024-03-31
Nvidia Corp,NVIDIA Corp.,67066GAM6,1560000.00000000,1481770.61000000,94.985,1.55000000,2028-06-15,iSHARES TRUST,2026-04-30
Nvidia Corp,NVIDIA Corp.,67066GAF1,1817000.00000000,1722426.54000000,94.795,2.85000000,2030-04-01,iSHARES TRUST,2026-04-30
Nvidia Corp,NVIDIA Corp.,67066GAN4,1404000.00000000,1258527.14000000,89.639,2.00000000,2031-06-15,iSHARES TRUST,2026-04-30
Nvidia Corp,NVIDIA Corp.,67066GAG9,1484000.00000000,1235618.59000000,83.263,3.50000000,2040-04-01,iSHARES TRUST,2026-04-30
Nvidia Corp,NVIDIA Corp.,67066GAH7,1958000.00000000,1438553.72000000,73.471,3.50000000,2050-04-01,iSHARES TRUST,2026-04-30
Nvidia Corp,NVIDIA Corp.,67066GAJ3,885000.00000000,633617.18000000,71.595,3.70000000,2060-04-01,iSHARES TRUST,2026-04-30
Oracle Corp,Oracle Corp.,68389XBU8,1640000.00000000,1615098.97000000,98.482,2.80000000,2027-04-01,iSHARES TRUST,2026-04-30
Oracle Corp,Oracle Corp.,68389XBN4,2819000.00000000,2757862.56000000,97.831,3.25000000,2027-11-15,iSHARES TRUST,2026-04-30
Oracle Corp,ORACLE CORPORATION,68389XCD5,206000.000000000000,193569.650000000000,93.966,2.300000000000,2028-03-25,Columbia Funds Variable Series Trust II,2025-03-31
Oracle Corp,ORACLE CORPORATION,68389XCD5,312000.000000000000,292836.320000000000,93.858,2.300000000000,2028-03-25,Columbia Funds Variable Series Trust II,2024-09-30
Oracle Corp,ORACLE CORPORATION,68389XCD5,312000.000000000000,281683.220000000000,90.283,2.300000000000,2028-03-25,Columbia Funds Variable Series Trust II,2024-03-31
Oracle Corp,Oracle Corp.,68389XCD5,1831000.00000000,1748396.15000000,95.489,2.30000000,2028-03-25,iSHARES TRUST,2026-04-30
Oracle Corp,Oracle Corp.,68389XCM5,960000.00000000,955432.87000000,99.524,4.50000000,2028-05-06,iSHARES TRUST,2026-04-30
Oracle Corp,Oracle Corp,68389XCY9,50000.00000000,50247.50000000,100.495,4.80000000,2028-08-03,TCW Metropolitan West Funds,2025-12-31
Oracle Corp,Oracle Corp,68389XCY9,950000.00000000,965789.00000000,101.662,4.80000000,2028-08-03,TCW Metropolitan West Funds,2025-06-30
Oracle Corp,Oracle Corp.,68389XCY9,1700000.00000000,1697578.27000000,99.858,4.80000000,2028-08-03,iSHARES TRUST,2026-04-30
Oracle Corp,Oracle Corp,68389XDW2,95000.00000000,93670.99000000,98.601,4.55000000,2029-02-04,Columbia Funds Variable Series Trust II,2026-06-30
Oracle Corp,Oracle Corp,68389XDW2,1536000.00000000,1516265.96000000,98.715,4.55000000,2029-02-04,Columbia Funds Variable Series Trust II,2026-03-31
Oracle Corp,Oracle Corp.,68389XDW2,3410000.00000000,3367162.28000000,98.744,4.55000000,2029-02-04,iSHARES TRUST,2026-04-30
Oracle Corp,Oracle Corp.,68389XCS2,1630000.00000000,1582756.00000000,97.102,4.20000000,2029-09-27,iSHARES TRUST,2026-04-30
Oracle Corp,Oracle Corp.,68389XCH6,1300000.00000000,1338197.66000000,102.938,6.15000000,2029-11-09,iSHARES TRUST,2026-04-30
Oracle Corp,Oracle Corp.,68389XBV6,3120000.00000000,2857651.70000000,91.591,2.95000000,2030-04-01,iSHARES TRUST,2026-04-30
Oracle Corp,Oracle Corp.,68389XCN3,735000.00000000,720121.76000000,97.976,4.65000000,2030-05-06,iSHARES TRUST,2026-04-30
Oracle Corp,Oracle Corp.,68389XBD6,622000.00000000,575748.78000000,92.564,3.25000000,2030-05-15,iSHARES TRUST,2026-04-30
Oracle Corp,ORACLE CORPORATION,68389XDH5,1688000.000000000000,1687458.160000000000,99.968,4.450000000000,2030-09-26,Columbia Funds Variable Series Trust II,2025-09-30
Oracle Corp,Oracle Corp.,68389XDH5,2215000.00000000,2135880.91000000,96.428,4.45000000,2030-09-26,iSHARES TRUST,2026-04-30
Oracle Corp,Oracle Corp,68389XDX0,190000.00000000,186104.46000000,97.950,4.95000000,2031-02-04,Columbia Funds Variable Series Trust II,2026-06-30
Oracle Corp,Oracle Corp,68389XDX0,1420000.00000000,1389949.56000000,97.884,4.95000000,2031-02-04,Columbia Funds Variable Series Trust II,2026-03-31
Oracle Corp,Oracle Corp.,68389XDX0,3510000.00000000,3434481.27000000,97.848,4.95000000,2031-02-04,iSHARES TRUST,2026-04-30
Oracle Corp,Oracle Corp.,68389XCE3,3194000.00000000,2837915.34000000,88.851,2.87500000,2031-03-25,iSHARES TRUST,2026-04-30
Oracle Corp,Oracle Corp.,68389XCZ6,1320000.00000000,1299258.54000000,98.429,5.25000000,2032-02-03,iSHARES TRUST,2026-04-30
Oracle Corp,Oracle Corp,68389XDK8,7033000.00000000,6691816.37000000,95.149,4.80000000,2032-09-26,Columbia Funds Variable Series Trust II,2026-06-30
Oracle Corp,Oracle Corp,68389XDK8,977000.00000000,929617.25000000,95.150,4.80000000,2032-09-26,Columbia Funds Variable Series Trust II,2026-03-31
Oracle Corp,ORACLE CORPORATION,68389XDK8,1688000.000000000000,1690494.000000000000,100.148,4.800000000000,2032-09-26,Columbia Funds Variable Series Trust II,2025-09-30
Oracle Corp,Oracle Corp.,68389XDK8,2990000.00000000,2842599.30000000,95.070,4.80000000,2032-09-26,iSHARES TRUST,2026-04-30
Oracle Corp,Oracle Corp.,68389XCJ2,2130000.00000000,2184983.20000000,102.581,6.25000000,2032-11-09,iSHARES TRUST,2026-04-30
Oracle Corp,ORCL 6.25 11/09/32,68389XCJ2,400000.00000000,410719.56000000,102.680,6.25000000,2032-11-09,ETFis Series Trust I,2026-04-30
Oracle Corp,ORACLE CORPORATION,68389XCP8,945000.000000000000,925028.770000000000,97.887,4.9000,2033-02-06,Columbia Funds Variable Series Trust II,2024-03-31
Oracle Corp,Oracle Corp.,68389XCP8,1620000.00000000,1538138.07000000,94.947,4.90000000,2033-02-06,iSHARES TRUST,2026-04-30
Oracle Corp,Oracle Corp,68389XDY8,3885000.00000000,3773138.88000000,97.121,5.35000000,2033-05-04,Columbia Funds Variable Series Trust II,2026-06-30
Oracle Corp,Oracle Corp,68389XDY8,1420000.00000000,1381615.63000000,97.297,5.35000000,2033-05-04,Columbia Funds Variable Series Trust II,2026-03-31
Oracle Corp,Oracle Corp.,68389XDY8,3435000.00000000,3337259.00000000,97.155,5.35000000,2033-05-04,iSHARES TRUST,2026-04-30
Oracle Corp,ORACLE CORPORATION,68389XAV7,164000.000000000000,158735.710000000000,96.790,4.300000000000,2034-07-08,Columbia Funds Variable Series Trust II,2024-09-30
Oracle Corp,ORACLE CORPORATION,68389XAV7,164000.000000000000,151284.500000000000,92.247,4.300000000000,2034-07-08,Columbia Funds Variable Series Trust II,2024-03-31
Oracle Corp,Oracle Corp.,68389XAV7,1975000.00000000,1755264.94000000,88.874,4.30000000,2034-07-08,iSHARES TRUST,2026-04-30
Oracle Corp,Oracle Corp.,68389XCT0,1915000.00000000,1745585.85000000,91.153,4.70000000,2034-09-27,iSHARES TRUST,2026-04-30
Oracle Corp,ORACLE CORPORATION,68389XBE4,200000.000000000000,177942.040000000000,88.971,3.900000000000,2035-05-15,Columbia Funds Variable Series Trust II,2025-03-31
Oracle Corp,ORACLE CORPORATION,68389XBE4,251000.000000000000,231964.600000000000,92.416,3.900000000000,2035-05-15,Columbia Funds Variable Series Trust II,2024-09-30
Oracle Corp,ORACLE CORPORATION,68389XBE4,251000.000000000000,220366.200000000000,87.795,3.900000000000,2035-05-15,Columbia Funds Variable Series Trust II,2024-03-31
Oracle Corp,Oracle Corp.,68389XBE4,1455000.00000000,1229088.87000000,84.473,3.90000000,2035-05-15,iSHARES TRUST,2026-04-30
Oracle Corp,ORACLE CORPORATION,68389XDA0,170000.000000000000,171253.940000000000,100.738,5.500000000000,2035-08-03,Columbia Funds Variable Series Trust II,2025-03-31
Oracle Corp,Oracle Corp.,68389XDA0,1955000.00000000,1862198.79000000,95.253,5.50000000,2035-08-03,iSHARES TRUST,2026-04-30
Oracle Corp,ORCL 5.5 08/03/35,68389XDA0,245000.00000000,233563.31000000,95.332,5.50000000,2035-08-03,ETFis Series Trust I,2026-04-30
Oracle Corp,Oracle Corp,68389XDM4,3965000.00000000,3710877.88000000,93.591,5.20000000,2035-09-26,Columbia Funds Variable Series Trust II,2026-06-30
Oracle Corp,Oracle Corp,68389XDM4,647000.00000000,606388.48000000,93.723,5.20000000,2035-09-26,Columbia Funds Variable Series Trust II,2026-03-31
Oracle Corp,ORACLE CORPORATION,68389XDM4,2008000.000000000000,2018293.060000000000,100.513,5.200000000000,2035-09-26,Columbia Funds Variable Series Trust II,2025-09-30
Oracle Corp,Oracle Corp.,68389XDM4,4130000.00000000,3844945.77000000,93.098,5.20000000,2035-09-26,iSHARES TRUST,2026-04-30
Oracle Corp,Oracle Corp,68389XDZ5,1842000.00000000,1786020.96000000,96.961,5.70000000,2036-02-04,Columbia Funds Variable Series Trust II,2026-06-30
Oracle Corp,Oracle Corp,68389XDZ5,1847000.00000000,1775733.57000000,96.142,5.70000000,2036-02-04,Columbia Funds Variable Series Trust II,2026-03-31
Oracle Corp,Oracle Corp.,68389XDZ5,2760000.00000000,2649641.12000000,96.001,5.70000000,2036-02-04,iSHARES TRUST,2026-04-30
Oracle Corp,Oracle Corp,68389XBH7,25000.00000000,21858.05000000,87.432,3.85000000,2036-07-15,VanEck ETF Trust,2025-10-31
Oracle Corp,Oracle Corp,68389XBH7,25000.00000000,21801.80000000,87.207,3.85000000,2036-07-15,VanEck ETF Trust,2025-07-31
Oracle Corp,ORACLE CORPORATION,68389XBH7,226000.000000000000,195830.050000000000,86.650,3.850000000000,2036-07-15,Columbia Funds Variable Series Trust II,2025-03-31
Oracle Corp,ORACLE CORPORATION,68389XBH7,285000.000000000000,257563.700000000000,90.373,3.850000000000,2036-07-15,Columbia Funds Variable Series Trust II,2024-09-30
Oracle Corp,ORACLE CORPORATION,68389XBH7,285000.000000000000,243639.770000000000,85.488,3.850000000000,2036-07-15,Columbia Funds Variable Series Trust II,2024-03-31
Oracle Corp,Oracle Corp.,68389XBH7,1450000.00000000,1193024.64000000,82.278,3.85000000,2036-07-15,iSHARES TRUST,2026-04-30
Oracle Corp,Oracle Corp,68389XBP9,50000.00000000,42318.54000000,84.637,3.80000000,2037-11-15,VanEck ETF Trust,2025-10-31
Oracle Corp,Oracle Corp,68389XBP9,50000.00000000,42443.13000000,84.886,3.80000000,2037-11-15,VanEck ETF Trust,2025-07-31
Oracle Corp,ORACLE CORPORATION,68389XBP9,2010000.000000000000,1685625.820000000000,83.862,3.800000000000,2037-11-15,Columbia Funds Variable Series Trust II,2024-03-31
Oracle Corp,Oracle Corp.,68389XBP9,1842000.00000000,1456558.65000000,79.075,3.80000000,2037-11-15,iSHARES TRUST,2026-04-30
Oracle Corp,Oracle Corp.,68389XAE5,1207000.00000000,1205858.55000000,99.905,6.50000000,2038-04-15,iSHARES TRUST,2026-04-30
Oracle Corp,Oracle Corp,68389XAH8,25000.00000000,25779.11000000,103.116,6.13000000,2039-07-08,VanEck ETF Trust,2025-10-31
Oracle Corp,Oracle Corp,68389XAH8,25000.00000000,26033.56000000,104.134,6.13000000,2039-07-08,VanEck ETF Trust,2025-07-31
Oracle Corp,Oracle Corp.,68389XAH8,1248000.00000000,1202573.17000000,96.360,6.12500000,2039-07-08,iSHARES TRUST,2026-04-30
Oracle Corp,Oracle Corp,68389XBW4,75000.00000000,58765.73000000,78.354,3.60000000,2040-04-01,VanEck ETF Trust,2025-10-31
Oracle Corp,Oracle Corp,68389XBW4,75000.00000000,59227.01000000,78.969,3.60000000,2040-04-01,VanEck ETF Trust,2025-07-31
Oracle Corp,Oracle Corp,68389XBW4,1325000.00000000,966288.01000000,72.927,3.60000000,2040-04-01,Columbia Funds Variable Series Trust II,2026-06-30
Oracle Corp,Oracle Corp,68389XBW4,701000.00000000,508777.43000000,72.579,3.60000000,2040-04-01,Columbia Funds Variable Series Trust II,2026-03-31
Oracle Corp,ORACLE CORPORATION,68389XBW4,537000.000000000000,431125.990000000000,80.284,3.600000000000,2040-04-01,Columbia Funds Variable Series Trust II,2025-09-30
Oracle Corp,ORACLE CORPORATION,68389XBW4,728000.000000000000,572095.080000000000,78.584,3.600000000000,2040-04-01,Columbia Funds Variable Series Trust II,2025-03-31
Oracle Corp,ORACLE CORPORATION,68389XBW4,921000.000000000000,765998.930000000000,83.170,3.600000000000,2040-04-01,Columbia Funds Variable Series Trust II,2024-09-30
Oracle Corp,ORACLE CORPORATION,68389XBW4,921000.000000000000,726253.190000000000,78.855,3.600000000000,2040-04-01,Columbia Funds Variable Series Trust II,2024-03-31
Oracle Corp,Oracle Corp.,68389XBW4,3174000.00000000,2285876.19000000,72.019,3.60000000,2040-04-01,iSHARES TRUST,2026-04-30
Oracle Corp,Oracle Corp,68389XAM7,100000.00000000,95346.74000000,95.347,5.38000000,2040-07-15,VanEck ETF Trust,2025-10-31
Oracle Corp,Oracle Corp,68389XAM7,100000.00000000,96288.76000000,96.289,5.38000000,2040-07-15,VanEck ETF Trust,2025-07-31
Oracle Corp,Oracle Corp.,68389XAM7,2315000.00000000,2015146.18000000,87.047,5.37500000,2040-07-15,iSHARES TRUST,2026-04-30
Oracle Corp,Oracle Corp.,68389XBZ7,2149000.00000000,1520067.45000000,70.734,3.65000000,2041-03-25,iSHARES TRUST,2026-04-30
Oracle Corp,Oracle Corp.,68389XAW5,706000.00000000,519487.44000000,73.582,4.50000000,2044-07-08,iSHARES TRUST,2026-04-30
Oracle Corp,Oracle Corp.,68389XBF1,1993000.00000000,1367139.85000000,68.597,4.12500000,2045-05-15,iSHARES TRUST,2026-04-30
Oracle Corp,Oracle Corp,68389XDP7,1244000.00000000,1074263.53000000,86.356,5.88000000,2045-09-26,Columbia Funds Variable Series Trust II,2026-03-31
Oracle Corp,ORACLE CORPORATION,68389XDP7,2189000.000000000000,2196571.380000000000,100.346,5.875000000000,2045-09-26,Columbia Funds Variable Series Trust II,2025-09-30
Oracle Corp,Oracle Corp.,68389XDP7,3365000.00000000,2899305.85000000,86.161,5.87500000,2045-09-26,iSHARES TRUST,2026-04-30
Oracle Corp,Oracle Corp,68389XEA9,135000.00000000,127344.16000000,94.329,6.55000000,2046-02-04,Columbia Funds Variable Series Trust II,2026-06-30
Oracle Corp,Oracle Corp,68389XEA9,765000.00000000,714227.20000000,93.363,6.55000000,2046-02-04,Columbia Funds Variable Series Trust II,2026-03-31
Oracle Corp,Oracle Corp.,68389XEA9,4225000.00000000,3921324.96000000,92.812,6.55000000,2046-02-04,iSHARES TRUST,2026-04-30
Oracle Corp,Oracle Corp,68389XBJ3,50000.00000000,37498.03000000,74.996,4.00000000,2046-07-15,VanEck ETF Trust,2025-10-31
Oracle Corp,Oracle Corp,68389XBJ3,50000.00000000,38215.66000000,76.431,4.00000000,2046-07-15,VanEck ETF Trust,2025-07-31
Oracle Corp,Oracle Corp,68389XBJ3,1130000.00000000,761978.46000000,67.432,4.00000000,2046-07-15,Columbia Funds Variable Series Trust II,2026-03-31
Oracle Corp,ORACLE CORPORATION,68389XBJ3,1360000.000000000000,1058497.240000000000,77.831,4.000000000000,2046-07-15,Columbia Funds Variable Series Trust II,2025-09-30
Oracle Corp,ORACLE CORPORATION,68389XBJ3,1098000.000000000000,839677.200000000000,76.473,4.000000000000,2046-07-15,Columbia Funds Variable Series Trust II,2025-03-31
Oracle Corp,ORACLE CORPORATION,68389XBJ3,1457000.000000000000,1208496.240000000000,82.944,4.000000000000,2046-07-15,Columbia Funds Variable Series Trust II,2024-09-30
Oracle Corp,ORACLE CORPORATION,68389XBJ3,1533000.000000000000,1207739.740000000000,78.783,4.000000000000,2046-07-15,Columbia Funds Variable Series Trust II,2024-03-31
Oracle Corp,Oracle Corp.,68389XBJ3,2881000.00000000,1922304.78000000,66.724,4.00000000,2046-07-15,iSHARES TRUST,2026-04-30
Oracle Corp,Oracle Corp.,68389XBQ7,2200000.00000000,1447683.67000000,65.804,4.00000000,2047-11-15,iSHARES TRUST,2026-04-30
Oracle Corp,Oracle Corp,68389XBX2,1777000.00000000,1072051.71000000,60.329,3.60000000,2050-04-01,Columbia Funds Variable Series Trust II,2026-03-31
Oracle Corp,Oracle Corp.,68389XBX2,4180000.00000000,2496661.93000000,59.729,3.60000000,2050-04-01,iSHARES TRUST,2026-04-30
Oracle Corp,Oracle Corp,68389XCA1,50000.00000000,35672.49000000,71.345,3.95000000,2051-03-25,VanEck ETF Trust,2025-10-31
Oracle Corp,Oracle Corp,68389XCA1,50000.00000000,36349.57000000,72.699,3.95000000,2051-03-25,VanEck ETF Trust,2025-07-31
Oracle Corp,Oracle Corp,68389XCA1,150000.00000000,95096.37000000,63.398,3.95000000,2051-03-25,Columbia Funds Variable Series Trust II,2026-03-31
Oracle Corp,ORACLE CORPORATION,68389XCA1,4468000.000000000000,3302772.770000000000,73.921,3.950000000000,2051-03-25,Columbia Funds Variable Series Trust II,2024-06-30
Oracle Corp,Oracle Corp.,68389XCA1,3189000.00000000,2005507.58000000,62.888,3.95000000,2051-03-25,iSHARES TRUST,2026-04-30
Oracle Corp,Oracle Corp.,68389XCK9,2390000.00000000,2257869.80000000,94.472,6.90000000,2052-11-09,iSHARES TRUST,2026-04-30
Oracle Corp,Oracle Corp,68389XCQ6,653000.00000000,520880.10000000,79.767,5.55000000,2053-02-06,Columbia Funds Variable Series Trust II,2026-03-31
Oracle Corp,ORACLE CORPORATION,68389XCQ6,844000.000000000000,796574.250000000000,94.381,5.550000000000,2053-02-06,Columbia Funds Variable Series Trust II,2025-09-30
Oracle Corp,ORACLE CORPORATION,68389XCQ6,745000.000000000000,704557.470000000000,94.571,5.550000000000,2053-02-06,Columbia Funds Variable Series Trust II,2024-06-30
Oracle Corp,ORACLE CORPORATION,68389XCQ6,410000.000000000000,400522.710000000000,97.688,5.550000000000,2053-02-06,Columbia Funds Variable Series Trust II,2024-03-31
Oracle Corp,Oracle Corp.,68389XCQ6,2228000.00000000,1767138.06000000,79.315,5.55000000,2053-02-06,iSHARES TRUST,2026-04-30
Oracle Corp,ORCL 5.55 02/06/53,68389XCQ6,120000.00000000,95518.64000000,79.599,5.55000000,2053-02-06,ETFis Series Trust I,2026-04-30
Oracle Corp,Oracle Corp,68389XCU7,790000.00000000,611097.32000000,77.354,5.38000000,2054-09-27,Columbia Funds Variable Series Trust II,2026-03-31
Oracle Corp,ORACLE CORPORATION,68389XCU7,1022000.000000000000,939098.150000000000,91.888,5.375000000000,2054-09-27,Columbia Funds Variable Series Trust II,2025-09-30
Oracle Corp,ORACLE CORPORATION,68389XCU7,150000.000000000000,136411.090000000000,90.941,5.375000000000,2054-09-27,Columbia Funds Variable Series Trust II,2025-03-31
Oracle Corp,ORACLE CORPORATION,68389XCU7,866000.000000000000,866926.330000000000,100.107,5.375000000000,2054-09-27,Columbia Funds Variable Series Trust II,2024-09-30
Oracle Corp,Oracle Corp.,68389XCU7,1695000.00000000,1305986.09000000,77.049,5.37500000,2054-09-27,iSHARES TRUST,2026-04-30
Oracle Corp,Oracle Corp,68389XBG9,50000.00000000,37718.21000000,75.436,4.38000000,2055-05-15,VanEck ETF Trust,2025-10-31
Oracle Corp,Oracle Corp,68389XBG9,50000.00000000,38445.97000000,76.892,4.38000000,2055-05-15,VanEck ETF Trust,2025-07-31
Oracle Corp,Oracle Corp,68389XBG9,564000.00000000,372797.63000000,66.099,4.38000000,2055-05-15,Columbia Funds Variable Series Trust II,2026-03-31
Oracle Corp,Oracle Corp.,68389XBG9,1280000.00000000,840029.54000000,65.627,4.37500000,2055-05-15,iSHARES TRUST,2026-04-30
Oracle Corp,Oracle Corp,68389XDB8,3016000.00000000,2528744.68000000,83.844,6.00000000,2055-08-03,Columbia Funds Variable Series Trust II,2026-03-31
Oracle Corp,ORACLE CORPORATION,68389XDB8,4766000.000000000000,4785155.930000000000,100.402,6.000000000000,2055-08-03,Columbia Funds Variable Series Trust II,2025-09-30
Oracle Corp,ORACLE CORPORATION,68389XDB8,1221000.000000000000,1218139.350000000000,99.766,6.000000000000,2055-08-03,Columbia Funds Variable Series Trust II,2025-03-31
Oracle Corp,Oracle Corp.,68389XDB8,1750000.00000000,1464206.71000000,83.669,6.00000000,2055-08-03,iSHARES TRUST,2026-04-30
Oracle Corp,ORACLE CORPORATION,68389XDR3,2487000.000000000000,2479407.050000000000,99.695,5.950000000000,2055-09-26,Columbia Funds Variable Series Trust II,2025-09-30
Oracle Corp,Oracle Corp.,68389XDR3,2500000.00000000,2094600.03000000,83.784,5.95000000,2055-09-26,iSHARES TRUST,2026-04-30
Oracle Corp,Oracle Corp,68389XEB7,2627000.00000000,2433286.35000000,92.626,6.70000000,2056-02-04,Columbia Funds Variable Series Trust II,2026-03-31
Oracle Corp,Oracle Corp.,68389XEB7,4080000.00000000,3759409.90000000,92.142,6.70000000,2056-02-04,iSHARES TRUST,2026-04-30
Oracle Corp,Oracle Corp,68389XBY0,25000.00000000,16537.65000000,66.151,3.85000000,2060-04-01,VanEck ETF Trust,2025-10-31
Oracle Corp,Oracle Corp,68389XBY0,25000.00000000,16873.62000000,67.494,3.85000000,2060-04-01,VanEck ETF Trust,2025-07-31
Oracle Corp,Oracle Corp.,68389XBY0,3470000.00000000,2005770.46000000,57.803,3.85000000,2060-04-01,iSHARES TRUST,2026-04-30
Oracle Corp,Oracle Corp,68389XCB9,50000.00000000,34476.41000000,68.953,4.10000000,2061-03-25,VanEck ETF Trust,2025-10-31
Oracle Corp,Oracle Corp,68389XCB9,50000.00000000,35399.98000000,70.800,4.10000000,2061-03-25,VanEck ETF Trust,2025-07-31
Oracle Corp,Oracle Corp.,68389XCB9,1493000.00000000,904399.92000000,60.576,4.10000000,2061-03-25,iSHARES TRUST,2026-04-30
Oracle Corp,Oracle Corp,68389XCV5,25000.00000000,21824.62000000,87.298,5.50000000,2064-09-27,VanEck ETF Trust,2025-10-31
Oracle Corp,Oracle Corp,68389XCV5,25000.00000000,22353.34000000,89.413,5.50000000,2064-09-27,VanEck ETF Trust,2025-07-31
Oracle Corp,ORACLE CORPORATION,68389XCV5,866000.000000000000,862559.280000000000,99.603,5.500000000000,2064-09-27,Columbia Funds Variable Series Trust II,2024-09-30
Oracle Corp,Oracle Corp.,68389XCV5,1260000.00000000,957170.96000000,75.966,5.50000000,2064-09-27,iSHARES TRUST,2026-04-30
Oracle Corp,Oracle Corp.,68389XDC6,990000.00000000,820590.67000000,82.888,6.12500000,2065-08-03,iSHARES TRUST,2026-04-30
Oracle Corp,Oracle Corp,68389XDT9,8490000.00000000,7496548.11000000,88.299,6.10000000,2065-09-26,Columbia Funds Variable Series Trust II,2025-12-31
Oracle Corp,ORACLE CORPORATION,68389XDT9,1607000.000000000000,1605885.300000000000,99.931,6.100000000000,2065-09-26,Columbia Funds Variable Series Trust II,2025-09-30
Oracle Corp,Oracle Corp.,68389XDT9,2260000.00000000,1860803.40000000,82.336,6.10000000,2065-09-26,iSHARES TRUST,2026-04-30
Oracle Corp,Oracle Corp,68389XEC5,2021000.00000000,1855462.26000000,91.809,6.85000000,2066-02-04,Columbia Funds Variable Series Trust II,2026-03-31
Oracle Corp,Oracle Corp.,68389XEC5,4075000.00000000,3734452.32000000,91.643,6.85000000,2066-02-04,iSHARES TRUST,2026-04-30
PPL Corp,Apple Inc,037833BY5,20000.00000000,19826.13000000,99.131,3.25000000,2026-02-23,TCW Metropolitan West Funds,2024-09-30
PPL Corp,TEXAS ST MUNI GAS ACQUISITION &amp; SPLY CORP I GAS SPLY REVENUE,88256CEX3,360000.00000000,364184.57000000,101.162,6.25000000,2026-12-15,VanEck ETF Trust,2026-07-31
PPL Corp,TEXAS ST MUNI GAS ACQUISITION &amp; SPLY CORP I GAS SPLY REVENUE,88256CEX3,360000.00000000,371329.81000000,103.147,6.25000000,2026-12-15,VanEck ETF Trust,2026-01-31
PPL Corp,"Applied Materials, Inc.",038222AL9,1504000.00000000,1495085.19000000,99.407,3.30000000,2027-04-01,iSHARES TRUST,2026-04-30
PPL Corp,"Apple, Inc.",037833CR9,1834000.00000000,1822008.05000000,99.346,3.20000000,2027-05-11,iSHARES TRUST,2026-04-30
PPL Corp,Apple Inc,037833CX6,575000.00000000,569321.13000000,99.012,3.00000000,2027-06-20,VanEck ETF Trust,2026-04-30
PPL Corp,"Apple, Inc.",037833CX6,1382000.00000000,1367880.11000000,98.978,3.00000000,2027-06-20,iSHARES TRUST,2026-04-30
PPL Corp,"Apple, Inc.",037833DB3,1741000.00000000,1716915.71000000,98.617,2.90000000,2027-09-12,iSHARES TRUST,2026-04-30
PPL Corp,"Apple, Inc.",037833DK3,1659000.00000000,1636330.92000000,98.634,3.00000000,2027-11-13,iSHARES TRUST,2026-04-30
PPL Corp,American Builders &amp; Contractors Supply Co Inc,024747AF4,420000.00000000,412005.31000000,98.097,4.00000000,2028-01-15,Columbia Funds Variable Series Trust II,2026-03-31
PPL Corp,ABC SUPPLY CO INC,024747AF4,885000.000000000000,851812.500000000000,96.250,4.000000000000,2028-01-15,Columbia Funds Variable Series Trust II,2024-09-30
PPL Corp,ABC SUPPLY CO INC,024747AF4,885000.000000000000,828439.880000000000,93.609,4.000000000000,2028-01-15,Columbia Funds Variable Series Trust II,2024-03-31
PPL Corp,"American Builders &amp; Contractors Supply Co., Inc.",024747AF4,860000.00000000,849423.99000000,98.770,4.00000000,2028-01-15,iSHARES TRUST,2026-04-30
PPL Corp,"Apple, Inc.",037833EC0,2612000.00000000,2489718.09000000,95.318,1.20000000,2028-02-08,iSHARES TRUST,2026-04-30
PPL Corp,TEXAS ST MUNI GAS ACQUISITION &amp; SPLY CORP VI GAS SPLY REV,88256FAL6,500000.00000000,509791.30000000,101.958,5.00000000,2028-03-01,VanEck ETF Trust,2026-07-31
PPL Corp,PPL Capital Funding Inc,69352PAS2,3246000.00000000,3744780.36000000,115.366,2.88000000,2028-03-15,CALAMOS INVESTMENT TRUST/IL,2026-04-30
PPL Corp,PPL Capital Funding Inc,69352PAS2,16315000.00000000,18623083.05000000,114.147,2.88000000,2028-03-15,CALAMOS INVESTMENT TRUST/IL,2025-04-30
PPL Corp,PPL Capital Funding Inc,69352PAS2,1307000.00000000,1367618.66000000,104.638,2.88000000,2028-03-15,CALAMOS INVESTMENT TRUST/IL,2024-10-31
PPL Corp,PPL Capital Funding Inc,69352PAS2,9500000.00000000,9442620.00000000,99.396,2.88000000,2028-03-15,CALAMOS INVESTMENT TRUST/IL,2024-07-31
PPL Corp,PPL Capital Funding Inc,69352PAS2,1307000.00000000,1242564.90000000,95.070,2.88000000,2028-03-15,CALAMOS INVESTMENT TRUST/IL,2024-04-30
PPL Corp,Science Applications International Corp,808625AA5,105000.00000000,104850.34000000,99.857,4.87500000,2028-04-01,"MANNING & NAPIER FUND, INC.",2025-12-31
PPL Corp,Science Applications International Corp,808625AA5,2023000.00000000,1936317.35000000,95.715,4.87500000,2028-04-01,TCW Metropolitan West Funds,2025-03-31
PPL Corp,Science Applications International Corp.,808625AA5,430000.00000000,425835.04000000,99.031,4.87500000,2028-04-01,iSHARES TRUST,2026-04-30
PPL Corp,SAIC 4.875 04/01/28 144A,808625AA5,80000.00000000,79511.76000000,99.390,4.87500000,2028-04-01,ETFis Series Trust I,2026-04-30
PPL Corp,"Apple, Inc.",037833ET3,1545000.00000000,1545824.57000000,100.053,4.00000000,2028-05-10,iSHARES TRUST,2026-04-30
PPL Corp,APPLE INC,037833EY2,1198000.000000000000,1205660.570000000000,100.639,4.000000000000,2028-05-12,Columbia Funds Variable Series Trust II,2025-09-30
PPL Corp,"Apple, Inc.",037833EY2,1115000.00000000,1114626.61000000,99.967,4.00000000,2028-05-12,iSHARES TRUST,2026-04-30
PPL Corp,"Apple, Inc.",037833EH9,1990000.00000000,1882049.18000000,94.575,1.40000000,2028-08-05,iSHARES TRUST,2026-04-30
PPL Corp,TEXAS ST MUNI GAS ACQUISITION&amp; SPLY CORP III GAS SPLY REVEN,88256HBD9,925000.00000000,956009.15000000,103.352,5.00000000,2028-12-15,VanEck ETF Trust,2026-07-31
PPL Corp,TEXAS ST MUNI GAS ACQUISITION&amp; SPLY CORP III GAS SPLY REVEN,88256HBD9,925000.00000000,973816.78000000,105.277,5.00000000,2028-12-15,VanEck ETF Trust,2026-01-31
PPL Corp,TEXAS ST MUNI GAS ACQUISITION &amp; SPLY CORP VI GAS SPLY REV,88256FAM4,250000.00000000,257123.08000000,102.849,5.00000000,2029-03-01,VanEck ETF Trust,2026-07-31
PPL Corp,APPLIED MATERIALS INC,038222AS4,856000.000000000000,882083.900000000000,103.047,4.800000000000,2029-06-15,Columbia Funds Variable Series Trust II,2024-09-30
PPL Corp,"Applied Materials, Inc.",038222AS4,770000.00000000,783011.69000000,101.690,4.80000000,2029-06-15,iSHARES TRUST,2026-04-30
PPL Corp,"Apple, Inc.",037833EN6,1015000.00000000,991192.99000000,97.654,3.25000000,2029-08-08,iSHARES TRUST,2026-04-30
PPL Corp,"Apple, Inc.",037833DP2,1641000.00000000,1549547.80000000,94.427,2.20000000,2029-09-11,iSHARES TRUST,2026-04-30
PPL Corp,PLASTIPAK HLDG 10/14/24,96350TAH3,177750.00000000,177210.53000000,99.697,6.91774000,2029-10-19,ETFis Series Trust I,2026-04-30
PPL Corp,"American Builders &amp; Contractors Supply Co., Inc.",024747AG2,475000.00000000,453314.59000000,95.435,3.87500000,2029-11-15,iSHARES TRUST,2026-04-30
PPL Corp,AppLovin Corp.,03831WAB4,975000.00000000,982758.07000000,100.796,5.12500000,2029-12-01,iSHARES TRUST,2026-04-30
PPL Corp,TEXAS ST MUNI GAS ACQUISITION&amp; SPLY CORP III GAS SPLY REVEN,88256HBE7,1375000.00000000,1425549.13000000,103.676,5.00000000,2029-12-15,VanEck ETF Trust,2026-07-31
PPL Corp,TEXAS ST MUNI GAS ACQUISITION&amp; SPLY CORP III GAS SPLY REVEN,88256HBE7,1375000.00000000,1468064.68000000,106.768,5.00000000,2029-12-15,VanEck ETF Trust,2026-01-31
PPL Corp,"PPL Capital Funding, Inc.",69352PAQ6,210000.00000000,206318.68000000,98.247,4.12500000,2030-04-15,iSHARES TRUST,2026-04-30
PPL Corp,"Apple, Inc.",037833EU0,580000.00000000,580779.38000000,100.134,4.15000000,2030-05-10,iSHARES TRUST,2026-04-30
PPL Corp,"Apple, Inc.",037833DU1,1797000.00000000,1630436.86000000,90.731,1.65000000,2030-05-11,iSHARES TRUST,2026-04-30
PPL Corp,APPLE INC,037833EZ9,2060000.000000000000,2082330.450000000000,101.084,4.200000000000,2030-05-12,Columbia Funds Variable Series Trust II,2025-09-30
PPL Corp,"Apple, Inc.",037833EZ9,1030000.00000000,1034234.05000000,100.411,4.20000000,2030-05-12,iSHARES TRUST,2026-04-30
PPL Corp,"Applied Materials, Inc.",038222AN5,1025000.00000000,922785.75000000,90.028,1.75000000,2030-06-01,iSHARES TRUST,2026-04-30
PPL Corp,"Apple, Inc.",037833DY3,1246000.00000000,1101723.84000000,88.421,1.25000000,2030-08-20,iSHARES TRUST,2026-04-30
PPL Corp,Tractor Supply Co.,892356AA4,740000.00000000,653427.47000000,88.301,1.75000000,2030-11-01,iSHARES TRUST,2026-04-30
PPL Corp,White Cap Supply Holdings LLC,96467GAC2,642000.00000000,663600.10000000,103.365,7.38000000,2030-11-15,Columbia Funds Variable Series Trust II,2025-12-31
PPL Corp,White Cap Supply Holdings LLC,96467GAC2,360000.00000000,363988.72000000,101.108,7.37500000,2030-11-15,iSHARES TRUST,2026-04-30
PPL Corp,White Cap Supply Holdings LLC,96467GAC2,55000.00000000,55607.16000000,101.104,7.37500000,2030-11-15,iSHARES TRUST,2025-10-31
PPL Corp,WHTCAP 7.375 11/15/30 144A,96467GAC2,120000.00000000,121426.56000000,101.189,7.37500000,2030-11-15,ETFis Series Trust I,2026-04-30
PPL Corp,"Applied Materials, Inc.",038222AT2,445000.00000000,436434.98000000,98.075,4.00000000,2031-01-15,iSHARES TRUST,2026-04-30
PPL Corp,"Apple, Inc.",037833ED8,2975000.00000000,2653766.51000000,89.202,1.65000000,2031-02-08,iSHARES TRUST,2026-04-30
PPL Corp,Applied Systems Inc 2024 1st Lien Term Loan,03827FBD2,600000.00000000,588750.00000000,98.125,5.90000000,2031-02-24,Columbia Funds Variable Series Trust II,2026-06-30
PPL Corp,Applied Systems First-lien Term Loan 275 2031-02-01,03827FBD2,68397826.21600000,67115366.97000000,98.125,5.98222000,2031-02-24,PENN SERIES FUNDS INC,2026-06-30
PPL Corp,APPLIED Sy 02/24/31,03827FBD2,336577.20000000,332619.05000000,98.824,5.94961000,2031-02-24,ETFis Series Trust I,2026-04-30
PPL Corp,Johnstone Supply LLC 2026 Term Loan B,47947BAG7,299238.58000000,298801.69000000,99.854,5.87000000,2031-06-09,Columbia Funds Variable Series Trust II,2026-06-30
PPL Corp,Johnstone Supply LLC Term Loan B,47947BAF9,421861.50000000,423911.75000000,100.486,6.23000000,2031-06-09,Columbia Funds Variable Series Trust II,2025-12-31
PPL Corp,"Apple, Inc.",037833EJ5,853000.00000000,752654.23000000,88.236,1.70000000,2031-08-05,iSHARES TRUST,2026-04-30
PPL Corp,KKR Apple Bidco LLC 2025 Term Loan,48254EAG6,393550.94000000,395463.60000000,100.486,6.22000000,2031-09-23,Columbia Funds Variable Series Trust II,2025-12-31
PPL Corp,AppLovin Corp.,03831WAC2,625000.00000000,631376.52000000,101.020,5.37500000,2031-12-01,iSHARES TRUST,2026-04-30
PPL Corp,Applied Systems Second-lien Term Loan 450 2031-02-01,03827FBC4,9928116.00000000,9776116.54000000,98.469,8.23222000,2032-02-23,PENN SERIES FUNDS INC,2026-06-30
PPL Corp,APPLIED Sy 02/23/32,03827FBC4,10000.00000000,9945.85000000,99.459,8.19961000,2032-02-23,ETFis Series Trust I,2026-04-30
PPL Corp,"Apple, Inc.",037833FA3,1010000.00000000,1025316.30000000,101.516,4.50000000,2032-05-12,iSHARES TRUST,2026-04-30
PPL Corp,"Apple, Inc.",037833EP1,1215000.00000000,1157225.30000000,95.245,3.35000000,2032-08-08,iSHARES TRUST,2026-04-30
PPL Corp,TEXAS ST MUNI GAS ACQUISITION&amp; SPLY CORP III GAS SPLY REVEN,88256HBH0,3425000.00000000,3591669.06000000,104.866,5.00000000,2032-12-15,VanEck ETF Trust,2026-07-31
PPL Corp,TEXAS ST MUNI GAS ACQUISITION&amp; SPLY CORP III GAS SPLY REVEN,88256HBH0,3425000.00000000,3732500.61000000,108.978,5.00000000,2032-12-15,VanEck ETF Trust,2026-01-31
PPL Corp,White 02/10/33,96350TAK6,255000.00000000,253565.63000000,99.438,7.16774000,2033-02-10,ETFis Series Trust I,2026-04-30
PPL Corp,Appleton Area School District,038106SS0,1260000.00000000,1349402.88000000,107.095,5.00000000,2033-03-01,"MANNING & NAPIER FUND, INC.",2025-06-30
PPL Corp,"Apple, Inc.",037833EV8,1045000.00000000,1046155.92000000,100.111,4.30000000,2033-05-10,iSHARES TRUST,2026-04-30
PPL Corp,PPL Electric Utilities Corp.,69351UBA0,785000.00000000,792174.81000000,100.914,5.00000000,2033-05-15,iSHARES TRUST,2026-04-30
PPL Corp,Tractor Supply Co.,892356AB2,370000.00000000,373371.33000000,100.911,5.25000000,2033-05-15,iSHARES TRUST,2026-04-30
PPL Corp,Science Applications International Corp,808625AB3,100000.00000000,97809.23000000,97.809,5.88000000,2033-11-01,Columbia Funds Variable Series Trust II,2026-03-31
PPL Corp,Science Applications International Corp,808625AB3,551000.00000000,558641.22000000,101.387,5.88000000,2033-11-01,Columbia Funds Variable Series Trust II,2025-12-31
PPL Corp,Science Applications International Corp,808625AB3,1485000.00000000,1464239.70000000,98.602,5.88000000,2033-11-01,TCW Metropolitan West Funds,2026-06-30
PPL Corp,Science Applications International Corp.,808625AB3,370000.00000000,364849.03000000,98.608,5.87500000,2033-11-01,iSHARES TRUST,2026-04-30
PPL Corp,SAIC 5.875 11/01/33 144A,808625AB3,285000.00000000,281411.59000000,98.741,5.87500000,2033-11-01,ETFis Series Trust I,2026-04-30
PPL Corp,PPL Electric Utilities Corp.,69351UBC6,765000.00000000,763730.21000000,99.834,4.85000000,2034-02-15,iSHARES TRUST,2026-04-30
PPL Corp,PPL CAPITAL FUNDING INC,69352PAT0,726000.000000000000,742491.200000000000,102.272,5.250000000000,2034-09-01,Columbia Funds Variable Series Trust II,2025-09-30
PPL Corp,PPL CAPITAL FUNDING INC,69352PAT0,587000.000000000000,584087.340000000000,99.504,5.250000000000,2034-09-01,Columbia Funds Variable Series Trust II,2025-03-31
PPL Corp,PPL CAPITAL FUNDING INC,69352PAT0,1114000.000000000000,1146794.010000000000,102.944,5.250000000000,2034-09-01,Columbia Funds Variable Series Trust II,2024-09-30
PPL Corp,"PPL Capital Funding, Inc.",69352PAT0,270000.00000000,272547.16000000,100.943,5.25000000,2034-09-01,iSHARES TRUST,2026-04-30
PPL Corp,AppLovin Corp.,03831WAD0,1240000.00000000,1237051.09000000,99.762,5.50000000,2034-12-01,iSHARES TRUST,2026-04-30
PPL Corp,"Apple, Inc.",037833FB1,1065000.00000000,1075939.24000000,101.027,4.75000000,2035-05-12,iSHARES TRUST,2026-04-30
PPL Corp,"Applied Materials, Inc.",038222AK1,592000.00000000,600598.31000000,101.452,5.10000000,2035-10-01,iSHARES TRUST,2026-04-30
PPL Corp,TEXAS ST MUNI GAS ACQUISITION &amp; SPLY CORP VI GAS SPLY REV,88256FAK8,3500000.00000000,3609167.10000000,103.119,5.00000000,2036-01-01,VanEck ETF Trust,2026-07-31
PPL Corp,TEXAS ST MUNI GAS ACQUISITION &amp; SPLY CORP VI GAS SPLY REV,88256FAK8,3500000.00000000,3797090.50000000,108.488,5.00000000,2036-01-01,VanEck ETF Trust,2026-01-31
PPL Corp,"Applied Materials, Inc.",038222AU9,425000.00000000,412138.41000000,96.974,4.60000000,2036-01-15,iSHARES TRUST,2026-04-30
PPL Corp,"Apple, Inc.",037833BW9,1220000.00000000,1211449.02000000,99.299,4.50000000,2036-02-23,iSHARES TRUST,2026-04-30
PPL Corp,PPL Electric Utilities Corp.,69351UAM5,225000.00000000,242789.60000000,107.906,6.25000000,2039-05-15,iSHARES TRUST,2026-04-30
PPL Corp,Apple Inc,037833EE6,440000.00000000,311875.24000000,70.881,2.38000000,2041-02-08,Columbia Funds Variable Series Trust II,2026-03-31
PPL Corp,APPLE INC,037833EE6,570000.000000000000,410298.910000000000,71.982,2.375000000000,2041-02-08,Columbia Funds Variable Series Trust II,2025-09-30
PPL Corp,APPLE INC,037833EE6,460000.000000000000,321751.590000000000,69.946,2.375000000000,2041-02-08,Columbia Funds Variable Series Trust II,2025-03-31
PPL Corp,APPLE INC,037833EE6,611000.000000000000,458446.330000000000,75.032,2.375000000000,2041-02-08,Columbia Funds Variable Series Trust II,2024-09-30
PPL Corp,APPLE INC,037833EE6,642000.000000000000,457233.430000000000,71.220,2.375000000000,2041-02-08,Columbia Funds Variable Series Trust II,2024-03-31
PPL Corp,"Apple, Inc.",037833EE6,1608000.00000000,1139646.74000000,70.874,2.37500000,2041-02-08,iSHARES TRUST,2026-04-30
PPL Corp,"Applied Materials, Inc.",038222AG0,741000.00000000,773794.77000000,104.426,5.85000000,2041-06-15,iSHARES TRUST,2026-04-30
PPL Corp,"Apple, Inc.",037833AL4,3228000.00000000,2669126.87000000,82.687,3.85000000,2043-05-04,iSHARES TRUST,2026-04-30
PPL Corp,PPL Electric Utilities Corp.,69351UAR4,220000.00000000,196417.32000000,89.281,4.75000000,2043-07-15,iSHARES TRUST,2026-04-30
PPL Corp,"Apple, Inc.",037833AT7,1012000.00000000,897966.31000000,88.732,4.45000000,2044-05-06,iSHARES TRUST,2026-04-30
PPL Corp,PPL Electric Utilities Corp.,69351UAS2,583000.00000000,478200.02000000,82.024,4.12500000,2044-06-15,iSHARES TRUST,2026-04-30
PPL Corp,"Apple, Inc.",037833BA7,2129000.00000000,1616798.37000000,75.942,3.45000000,2045-02-09,iSHARES TRUST,2026-04-30
PPL Corp,"Apple, Inc.",037833BH2,1989000.00000000,1732233.68000000,87.091,4.37500000,2045-05-13,iSHARES TRUST,2026-04-30
PPL Corp,APPLE VY MN SENIOR HSG REVENUE,03800RBJ4,420000.00000000,432107.09000000,102.883,5.38000000,2045-09-01,VanEck ETF Trust,2026-07-31
PPL Corp,APPLE VY MN SENIOR HSG REVENUE,03800RBJ4,420000.00000000,426569.18000000,101.564,5.38000000,2045-09-01,VanEck ETF Trust,2026-01-31
PPL Corp,PPL Electric Utilities Corp.,69351UAT0,300000.00000000,244367.57000000,81.456,4.15000000,2045-10-01,iSHARES TRUST,2026-04-30
PPL Corp,"Apple, Inc.",037833BX7,3650000.00000000,3278271.85000000,89.816,4.65000000,2046-02-23,iSHARES TRUST,2026-04-30
PPL Corp,"Apple, Inc.",037833CD0,2046000.00000000,1625984.08000000,79.471,3.85000000,2046-08-04,iSHARES TRUST,2026-04-30
PPL Corp,"Apple, Inc.",037833CH1,1063000.00000000,890711.60000000,83.792,4.25000000,2047-02-09,iSHARES TRUST,2026-04-30
PPL Corp,"Applied Materials, Inc.",038222AM7,1121000.00000000,945731.39000000,84.365,4.35000000,2047-04-01,iSHARES TRUST,2026-04-30
PPL Corp,PPL Electric Utilities Corp.,69351UAU7,650000.00000000,503198.79000000,77.415,3.95000000,2047-06-01,iSHARES TRUST,2026-04-30
PPL Corp,"Apple, Inc.",037833DD9,1112000.00000000,860059.24000000,77.343,3.75000000,2047-09-12,iSHARES TRUST,2026-04-30
PPL Corp,"Apple, Inc.",037833DG2,938000.00000000,721794.68000000,76.950,3.75000000,2047-11-13,iSHARES TRUST,2026-04-30
PPL Corp,PPL Electric Utilities Corp.,69351UAV5,665000.00000000,527900.63000000,79.384,4.15000000,2048-06-15,iSHARES TRUST,2026-04-30
PPL Corp,Applebee's Funding LLC / IHOP Funding LLC,03789XAE8,148500.00000000,145806.83000000,98.186,4.72300000,2049-06-05,Voya INVESTORS TRUST,2025-03-31
PPL Corp,Applebee's Funding LLC / IHOP Funding LLC,03789XAE8,148500.00000000,146000.94000000,98.317,4.72300000,2049-06-05,Voya INVESTORS TRUST,2024-12-31
PPL Corp,Applebee's Funding LLC / IHOP Funding LLC,03789XAE8,148500.00000000,146202.30000000,98.453,4.72300000,2049-06-05,Voya INVESTORS TRUST,2024-09-30
PPL Corp,Applebee's Funding LLC / IHOP Funding LLC,03789XAE8,148500.00000000,143256.05000000,96.469,4.72300000,2049-06-05,Voya INVESTORS TRUST,2024-06-30
PPL Corp,Applebee's Funding LLC / IHOP Funding LLC,03789XAE8,148500.00000000,143012.26000000,96.305,4.72300000,2049-06-05,Voya INVESTORS TRUST,2024-03-31
PPL Corp,"Apple, Inc.",037833DQ0,1910000.00000000,1258091.99000000,65.869,2.95000000,2049-09-11,iSHARES TRUST,2026-04-30
PPL Corp,PPL Electric Utilities Corp.,69351UAW3,395000.00000000,254211.47000000,64.357,3.00000000,2049-10-01,iSHARES TRUST,2026-04-30
PPL Corp,Apple Inc,037833DW7,850000.00000000,520003.99000000,61.177,2.65000000,2050-05-11,Columbia Funds Variable Series Trust II,2026-03-31
PPL Corp,APPLE INC,037833DW7,621000.000000000000,397254.100000000000,63.970,2.650000000000,2050-05-11,Columbia Funds Variable Series Trust II,2025-09-30
PPL Corp,APPLE INC,037833DW7,501000.000000000000,315499.840000000000,62.974,2.650000000000,2050-05-11,Columbia Funds Variable Series Trust II,2025-03-31
PPL Corp,APPLE INC,037833DW7,665000.000000000000,460222.270000000000,69.206,2.650000000000,2050-05-11,Columbia Funds Variable Series Trust II,2024-09-30
PPL Corp,APPLE INC,037833DW7,700000.000000000000,464354.200000000000,66.336,2.650000000000,2050-05-11,Columbia Funds Variable Series Trust II,2024-03-31
PPL Corp,"Apple, Inc.",037833DW7,2508000.00000000,1534413.92000000,61.181,2.65000000,2050-05-11,iSHARES TRUST,2026-04-30
PPL Corp,"Applied Materials, Inc.",038222AP0,742000.00000000,467433.68000000,62.996,2.75000000,2050-06-01,iSHARES TRUST,2026-04-30
PPL Corp,"Apple, Inc.",037833DZ0,1402000.00000000,809818.99000000,57.762,2.40000000,2050-08-20,iSHARES TRUST,2026-04-30
PPL Corp,"NY Society for Relief of Ruptured &amp; Crippled Maintaining Hosp Special Surgery, Series 2020",44107HAF9,385000.00000000,231876.06000000,60.228,2.66700000,2050-10-01,iSHARES TRUST,2026-04-30
PPL Corp,APPLE INC,037833EF3,479000.000000000000,304140.940000000000,63.495,2.650000000000,2051-02-08,Columbia Funds Variable Series Trust II,2025-09-30
PPL Corp,APPLE INC,037833EF3,387000.000000000000,242205.990000000000,62.586,2.650000000000,2051-02-08,Columbia Funds Variable Series Trust II,2025-03-31
PPL Corp,APPLE INC,037833EF3,514000.000000000000,352927.970000000000,68.663,2.650000000000,2051-02-08,Columbia Funds Variable Series Trust II,2024-09-30
PPL Corp,APPLE INC,037833EF3,541000.000000000000,356251.970000000000,65.851,2.650000000000,2051-02-08,Columbia Funds Variable Series Trust II,2024-03-31
PPL Corp,"Apple, Inc.",037833EF3,2820000.00000000,1712980.32000000,60.744,2.65000000,2051-02-08,iSHARES TRUST,2026-04-30
PPL Corp,"Apple, Inc.",037833EK2,1770000.00000000,1079193.18000000,60.971,2.70000000,2051-08-05,iSHARES TRUST,2026-04-30
PPL Corp,Apple Inc,037833EQ9,1158000.00000000,900485.12000000,77.762,3.95000000,2052-08-08,Columbia Funds Variable Series Trust II,2026-03-31
PPL Corp,APPLE INC,037833EQ9,1499000.000000000000,1218019.990000000000,81.256,3.950000000000,2052-08-08,Columbia Funds Variable Series Trust II,2025-09-30
PPL Corp,APPLE INC,037833EQ9,1211000.000000000000,974056.400000000000,80.434,3.950000000000,2052-08-08,Columbia Funds Variable Series Trust II,2025-03-31
PPL Corp,APPLE INC,037833EQ9,1606000.000000000000,1412068.000000000000,87.925,3.950000000000,2052-08-08,Columbia Funds Variable Series Trust II,2024-09-30
PPL Corp,APPLE INC,037833EQ9,1240000.000000000000,1044214.530000000000,84.211,3.950000000000,2052-08-08,Columbia Funds Variable Series Trust II,2024-03-31
PPL Corp,"Apple, Inc.",037833EQ9,1795000.00000000,1390981.19000000,77.492,3.95000000,2052-08-08,iSHARES TRUST,2026-04-30
PPL Corp,DIN 2023-1A A2,03789XAF5,549000.00000000,554894.67000000,101.074,7.82400000,2053-03-05,ETFis Series Trust I,2026-04-30
PPL Corp,APPLE INC,037833EW6,448000.000000000000,445419.240000000000,99.424,4.850000000000,2053-05-10,Columbia Funds Variable Series Trust II,2024-03-31
PPL Corp,"Apple, Inc.",037833EW6,1175000.00000000,1075951.42000000,91.570,4.85000000,2053-05-10,iSHARES TRUST,2026-04-30
PPL Corp,PPL ELECTRIC UTILITIES CORPORATION,69351UBB8,159000.000000000000,152020.860000000000,95.611,5.250000000000,2053-05-15,Columbia Funds Variable Series Trust II,2025-03-31
PPL Corp,PPL ELECTRIC UTILITIES CORPORATION,69351UBB8,220000.000000000000,227629.540000000000,103.468,5.250000000000,2053-05-15,Columbia Funds Variable Series Trust II,2024-09-30
PPL Corp,PPL ELECTRIC UTILITIES CORPORATION,69351UBB8,220000.000000000000,217763.040000000000,98.983,5.250000000000,2053-05-15,Columbia Funds Variable Series Trust II,2024-03-31
PPL Corp,PPL Electric Utilities Corp.,69351UBB8,860000.00000000,795949.92000000,92.552,5.25000000,2053-05-15,iSHARES TRUST,2026-04-30
PPL Corp,AppLovin Corp.,03831WAE8,695000.00000000,638442.55000000,91.862,5.95000000,2054-12-01,iSHARES TRUST,2026-04-30
PPL Corp,TEXAS ST MUNI GAS ACQUISITION &amp; SPLY CORP V GAS SPLY REVENUE,88256RAK2,2000000.00000000,2074198.20000000,103.710,5.00000000,2055-01-01,VanEck ETF Trust,2026-07-31
PPL Corp,TEXAS ST MUNI GAS ACQUISITION &amp; SPLY CORP V GAS SPLY REVENUE,88256RAK2,2000000.00000000,2165324.60000000,108.266,5.00000000,2055-01-01,VanEck ETF Trust,2026-01-31
PPL Corp,PPL Electric Utilities Corp.,69351UBD4,915000.00000000,884174.13000000,96.631,5.55000000,2055-08-15,iSHARES TRUST,2026-04-30
PPL Corp,APPLE VY MN SENIOR HSG REVENUE,03800RBK1,600000.00000000,610145.22000000,101.691,5.50000000,2055-09-01,VanEck ETF Trust,2026-07-31
PPL Corp,APPLE VY MN SENIOR HSG REVENUE,03800RBK1,600000.00000000,606655.74000000,101.109,5.50000000,2055-09-01,VanEck ETF Trust,2026-01-31
PPL Corp,"Apple, Inc.",037833EA4,2235000.00000000,1195254.39000000,53.479,2.55000000,2060-08-20,iSHARES TRUST,2026-04-30
PPL Corp,"Apple, Inc.",037833EG1,1730000.00000000,984686.35000000,56.918,2.80000000,2061-02-08,iSHARES TRUST,2026-04-30
PPL Corp,APPLE INC,037833EL0,1643000.000000000000,999471.360000000000,60.832,2.850000000000,2061-08-05,Columbia Funds Variable Series Trust II,2025-09-30
PPL Corp,APPLE INC,037833EL0,2228000.000000000000,1353751.530000000000,60.761,2.850000000000,2061-08-05,Columbia Funds Variable Series Trust II,2025-03-31
PPL Corp,APPLE INC,037833EL0,2845000.000000000000,1926941.660000000000,67.731,2.850000000000,2061-08-05,Columbia Funds Variable Series Trust II,2024-09-30
PPL Corp,APPLE INC,037833EL0,2845000.000000000000,1833162.150000000000,64.435,2.850000000000,2061-08-05,Columbia Funds Variable Series Trust II,2024-03-31
PPL Corp,"Apple, Inc.",037833EL0,1575000.00000000,910942.75000000,57.838,2.85000000,2061-08-05,iSHARES TRUST,2026-04-30
PPL Corp,"Apple, Inc.",037833ER7,1325000.00000000,1009332.33000000,76.176,4.10000000,2062-08-08,iSHARES TRUST,2026-04-30
PPL Corp,APPLE VY MN SENIOR HSG REVENUE,03800RBL9,815000.00000000,817869.45000000,100.352,5.63000000,2065-09-01,VanEck ETF Trust,2026-07-31
PPL Corp,APPLE VY MN SENIOR HSG REVENUE,03800RBL9,815000.00000000,828891.35000000,101.704,5.63000000,2065-09-01,VanEck ETF Trust,2026-01-31
Quanta Services,"Quanta Services, Inc.",74762EAK8,450000.00000000,451915.03000000,100.426,4.75000000,2027-08-09,iSHARES TRUST,2026-04-30
Quanta Services,"Quanta Services, Inc.",74762EAM4,510000.00000000,509151.19000000,99.834,4.30000000,2028-08-09,iSHARES TRUST,2026-04-30
Quanta Services,"Quanta Services, Inc.",74762EAF9,1085000.00000000,1010798.16000000,93.161,2.90000000,2030-10-01,iSHARES TRUST,2026-04-30
Quanta Services,"Quanta Services, Inc.",74762EAN2,620000.00000000,615688.73000000,99.305,4.50000000,2031-01-15,iSHARES TRUST,2026-04-30
Quanta Services,"Quanta Services, Inc.",74762EAH5,730000.00000000,640289.24000000,87.711,2.35000000,2032-01-15,iSHARES TRUST,2026-04-30
Quanta Services,Quanta Services Inc,74762EAL6,932000.00000000,937835.63000000,100.626,5.25000000,2034-08-09,Columbia Funds Variable Series Trust II,2026-03-31
Quanta Services,"Quanta Services, Inc.",74762EAL6,710000.00000000,718434.38000000,101.188,5.25000000,2034-08-09,iSHARES TRUST,2026-04-30
Quanta Services,"Quanta Services, Inc.",74762EAP7,440000.00000000,438426.80000000,99.642,5.10000000,2035-08-09,iSHARES TRUST,2026-04-30
Quanta Services,"Quanta Services, Inc.",74762EAJ1,470000.00000000,343601.06000000,73.107,3.05000000,2041-10-01,iSHARES TRUST,2026-04-30
Southern Co,Southern Co Gas Capital Corp,001192AL7,1950000.00000000,1944969.00000000,99.742,3.88000000,2025-11-15,TCW Metropolitan West Funds,2025-06-30
Southern Co,Southern Co Gas Capital Corp,001192AL7,100000.00000000,97500.00000000,97.500,3.87500000,2025-11-15,TCW Metropolitan West Funds,2024-03-28
Southern Co,Southern Co/The,842587DP9,15555000.00000000,17478842.40000000,112.368,3.88000000,2025-12-15,CALAMOS INVESTMENT TRUST/IL,2025-04-30
Southern Co,Southern Co/The,842587DP9,651000.00000000,726939.15000000,111.665,3.88000000,2025-12-15,CALAMOS INVESTMENT TRUST/IL,2024-10-31
Southern Co,Southern Co/The,842587DP9,8250000.00000000,8741947.50000000,105.963,3.88000000,2025-12-15,CALAMOS INVESTMENT TRUST/IL,2024-07-31
Southern Co,Southern Co/The,842587DP9,651000.00000000,649893.30000000,99.830,3.88000000,2025-12-15,CALAMOS INVESTMENT TRUST/IL,2024-04-30
Southern Co,Norfolk Southern Corp,655844BS6,8164000.00000000,8126983.56000000,99.547,2.90000000,2026-06-15,Columbia Funds Variable Series Trust II,2025-12-31
Southern Co,AGL CAPITAL CORP,001192AM5,169000.000000000000,166444.770000000000,98.488,3.250000000000,2026-06-15,Columbia Funds Variable Series Trust II,2024-09-30
Southern Co,AGL CAPITAL CORP,001192AM5,169000.000000000000,161845.390000000000,95.767,3.250000000000,2026-06-15,Columbia Funds Variable Series Trust II,2024-03-31
Southern Co,Southern Co/The,842587CV7,25000.00000000,24731.78000000,98.927,3.25000000,2026-07-01,VanEck ETF Trust,2025-07-31
Southern Co,Southern California Gas Co.,842434CW0,720000.00000000,712979.18000000,99.025,2.95000000,2027-04-15,iSHARES TRUST,2026-04-30
Southern Co,Norfolk Southern Corp.,655844AJ7,310000.00000000,321110.95000000,103.584,7.80000000,2027-05-15,iSHARES TRUST,2026-04-30
Southern Co,Norfolk Southern Corp.,655844BT4,350000.00000000,345860.93000000,98.817,3.15000000,2027-06-01,iSHARES TRUST,2026-04-30
Southern Co,"Southern California Edison Co., Series D",842400HQ9,935000.00000000,937729.55000000,100.292,4.70000000,2027-06-01,iSHARES TRUST,2026-04-30
Southern Co,Southern Co/The,842587DZ7,2838000.00000000,3170131.14000000,111.703,4.50000000,2027-06-15,CALAMOS INVESTMENT TRUST/IL,2026-04-30
Southern Co,Southern Co. (The),842587DD6,540000.00000000,544350.41000000,100.806,5.11300000,2027-08-01,iSHARES TRUST,2026-04-30
Southern Co,Southern California Edison Co.,842400HS5,810000.00000000,824773.36000000,101.824,5.85000000,2027-11-01,iSHARES TRUST,2026-04-30
Southern Co,SOUTHERN CALIFORNIA EDISON COMPANY,842400GJ6,147000.000000000000,142275.720000000000,96.786,3.650000000000,2028-03-01,Columbia Funds Variable Series Trust II,2025-03-31
Southern Co,SOUTHERN CALIFORNIA EDISON COMPANY,842400GJ6,200000.000000000000,195927.320000000000,97.964,3.650000000000,2028-03-01,Columbia Funds Variable Series Trust II,2024-09-30
Southern Co,SOUTHERN CALIFORNIA EDISON COMPANY,842400GJ6,200000.000000000000,190449.900000000000,95.225,3.650000000000,2028-03-01,Columbia Funds Variable Series Trust II,2024-03-31
Southern Co,SOUTHERN CALIFORNIA EDISON COMPANY,842400HU0,2305000.000000000000,2331350.710000000000,101.143,5.300000000000,2028-03-01,Columbia Funds Variable Series Trust II,2024-03-31
Southern Co,"Southern California Edison Co., Series B",842400GJ6,558000.00000000,548466.03000000,98.291,3.65000000,2028-03-01,iSHARES TRUST,2026-04-30
Southern Co,Southern California Edison Co.,842400HU0,535000.00000000,541410.48000000,101.198,5.30000000,2028-03-01,iSHARES TRUST,2026-04-30
Southern Co,"Southern Co. (The), Series 21-B",842587DH7,260000.00000000,247907.81000000,95.349,1.75000000,2028-03-15,iSHARES TRUST,2026-04-30
Southern Co,Southern Co. (The),842587DQ7,625000.00000000,630254.80000000,100.841,4.85000000,2028-06-15,iSHARES TRUST,2026-04-30
Southern Co,Western-Southern Global Funding,95954A2B8,645000.00000000,644001.63000000,99.845,4.50000000,2028-07-16,iSHARES TRUST,2026-04-30
Southern Co,Norfolk Southern Corp.,655844BZ0,943000.00000000,933966.65000000,99.042,3.80000000,2028-08-01,iSHARES TRUST,2026-04-30
Southern Co,"Southern Co. Gas Capital Corp., Series A",8426EPAJ7,435000.00000000,431201.68000000,99.127,4.05000000,2028-09-15,iSHARES TRUST,2026-04-30
Southern Co,Southern California Edison Co.,842400HY2,555000.00000000,567169.23000000,102.193,5.65000000,2028-10-01,iSHARES TRUST,2026-04-30
Southern Co,Western-Southern Global Funding,95954A2D4,575000.00000000,569020.90000000,98.960,4.25000000,2029-01-29,iSHARES TRUST,2026-04-30
Southern Co,"Southern California Edison Co., Series A",842400GQ0,1169000.00000000,1151705.70000000,98.521,4.20000000,2029-03-01,iSHARES TRUST,2026-04-30
Southern Co,Southern Co. (The),842587DS3,1020000.00000000,1048821.48000000,102.826,5.50000000,2029-03-15,iSHARES TRUST,2026-04-30
Southern Co,Southern California Edison Co.,842400EB5,324000.00000000,338254.04000000,104.399,6.65000000,2029-04-01,iSHARES TRUST,2026-04-30
Southern Co,Southern California Edison Co.,842400JC8,935000.00000000,946082.54000000,101.185,5.15000000,2029-06-01,iSHARES TRUST,2026-04-30
Southern Co,Southern California Edison Co.,842400GS6,1060000.00000000,1000473.51000000,94.384,2.85000000,2029-08-01,iSHARES TRUST,2026-04-30
Southern Co,Norfolk Southern Corp.,655844CE6,455000.00000000,428664.10000000,94.212,2.55000000,2029-11-01,iSHARES TRUST,2026-04-30
Southern Co,Southern California Gas Co,842434CU4,215000.00000000,201322.70000000,93.638,2.55000000,2030-02-01,Columbia Funds Variable Series Trust II,2026-03-31
Southern Co,SOUTHERN CALIFORNIA GAS COMPANY,842434CU4,215000.000000000000,200736.680000000000,93.366,2.550000000000,2030-02-01,Columbia Funds Variable Series Trust II,2025-09-30
Southern Co,SOUTHERN CALIFORNIA GAS COMPANY,842434CU4,292000.000000000000,264858.640000000000,90.705,2.550000000000,2030-02-01,Columbia Funds Variable Series Trust II,2025-03-31
Southern Co,SOUTHERN CALIFORNIA GAS COMPANY,842434CU4,374000.000000000000,343102.620000000000,91.739,2.550000000000,2030-02-01,Columbia Funds Variable Series Trust II,2024-09-30
Southern Co,SOUTHERN CALIFORNIA GAS COMPANY,842434CU4,374000.000000000000,327955.420000000000,87.689,2.550000000000,2030-02-01,Columbia Funds Variable Series Trust II,2024-03-31
Southern Co,"Southern California Gas Co., Series XX",842434CU4,1165000.00000000,1091841.22000000,93.720,2.55000000,2030-02-01,iSHARES TRUST,2026-04-30
Southern Co,Southern California Edison Co,842400JJ3,943000.00000000,957407.31000000,101.528,5.25000000,2030-03-15,Columbia Funds Variable Series Trust II,2026-03-31
Southern Co,SOUTHERN CALIFORNIA EDISON COMPANY,842400JJ3,723000.000000000000,737458.330000000000,102.000,5.250000000000,2030-03-15,Columbia Funds Variable Series Trust II,2025-09-30
Southern Co,SOUTHERN CALIFORNIA EDISON COMPANY,842400JJ3,1625000.000000000000,1634254.840000000000,100.570,5.250000000000,2030-03-15,Columbia Funds Variable Series Trust II,2025-03-31
Southern Co,Southern California Edison Co.,842400JJ3,665000.00000000,674808.14000000,101.475,5.25000000,2030-03-15,iSHARES TRUST,2026-04-30
Southern Co,"Southern Co. (The), Series A",842587DE4,800000.00000000,775107.98000000,96.888,3.70000000,2030-04-30,iSHARES TRUST,2026-04-30
Southern Co,Western-Southern Global Funding,95954A2A0,600000.00000000,603336.68000000,100.556,4.90000000,2030-05-01,iSHARES TRUST,2026-04-30
Southern Co,Southern California Edison Co.,842400GU1,1037000.00000000,939300.58000000,90.579,2.25000000,2030-06-01,iSHARES TRUST,2026-04-30
Southern Co,Norfolk Southern Corp.,655844CR7,654000.00000000,668475.40000000,102.213,5.05000000,2030-08-01,iSHARES TRUST,2026-04-30
Southern Co,"Southern Power Co., Series A",843646AX8,530000.00000000,523724.48000000,98.816,4.25000000,2030-10-01,iSHARES TRUST,2026-04-30
Southern Co,"Southern Co. Gas Capital Corp., Series 20-A",8426EPAD0,660000.00000000,580404.05000000,87.940,1.75000000,2031-01-15,iSHARES TRUST,2026-04-30
Southern Co,Norfolk Southern Corp.,655844CK2,1072000.00000000,964625.71000000,89.984,2.30000000,2031-05-15,iSHARES TRUST,2026-04-30
Southern Co,Southern California Edison Co,842400JE4,257000.00000000,262991.32000000,102.331,5.45000000,2031-06-01,Columbia Funds Variable Series Trust II,2026-03-31
Southern Co,SOUTHERN CALIFORNIA EDISON COMPANY,842400JE4,257000.000000000000,264485.140000000000,102.913,5.450000000000,2031-06-01,Columbia Funds Variable Series Trust II,2025-09-30
Southern Co,SOUTHERN CALIFORNIA EDISON COMPANY,842400JE4,349000.000000000000,353473.540000000000,101.282,5.450000000000,2031-06-01,Columbia Funds Variable Series Trust II,2025-03-31
Southern Co,SOUTHERN CALIFORNIA EDISON COMPANY,842400JE4,440000.000000000000,465437.740000000000,105.781,5.450000000000,2031-06-01,Columbia Funds Variable Series Trust II,2024-09-30
Southern Co,"Southern California Edison Co., Series G",842400HD8,710000.00000000,633638.84000000,89.245,2.50000000,2031-06-01,iSHARES TRUST,2026-04-30
Southern Co,Southern California Edison Co.,842400JE4,800000.00000000,818255.93000000,102.282,5.45000000,2031-06-01,iSHARES TRUST,2026-04-30
Southern Co,Southern Veterinary Partners LLC 2025 Term Loan B,84410HAQ3,700000.00000000,698796.00000000,99.828,6.17000000,2031-12-04,Columbia Funds Variable Series Trust II,2026-06-30
Southern Co,Southern Veterinary Partners LLC 2025 Term Loan B,84410HAQ3,349125.00000000,348548.94000000,99.835,6.37000000,2031-12-04,Columbia Funds Variable Series Trust II,2025-12-31
Southern Co,Southern Veterinary Partners LLC 2024 1st Lien Term Loan,84410HAN0,50294.88000000,50410.56000000,100.230,7.53000000,2031-12-04,TCW Metropolitan West Funds,2025-06-30
Southern Co,Southern Veterin 12/04/31,84410HAQ3,272133.74000000,271948.69000000,99.932,6.15431000,2031-12-04,ETFis Series Trust I,2026-04-30
Southern Co,Southern California Edison Co.,842400HM8,550000.00000000,489958.59000000,89.083,2.75000000,2032-02-01,iSHARES TRUST,2026-04-30
Southern Co,SOUTHERN NATURAL GAS COMPANY,843452AZ6,123000.000000000000,141884.880000000000,115.354,8.000000000000,2032-03-01,Columbia Funds Variable Series Trust II,2024-03-31
Southern Co,Norfolk Southern Corp.,655844CM8,535000.00000000,490135.97000000,91.614,3.00000000,2032-03-15,iSHARES TRUST,2026-04-30
Southern Co,Southern Co. Gas Capital Corp.,8426EPAF5,220000.00000000,223252.92000000,101.479,5.15000000,2032-09-15,iSHARES TRUST,2026-04-30
Southern Co,Southern Co. (The),842587DL8,350000.00000000,365793.48000000,104.512,5.70000000,2032-10-15,iSHARES TRUST,2026-04-30
Southern Co,Southern California Edison Co.,842400HT3,675000.00000000,705316.32000000,104.491,5.95000000,2032-11-01,iSHARES TRUST,2026-04-30
Southern Co,Western-Southern Global Funding,95954A2C6,375000.00000000,364986.92000000,97.330,4.70000000,2032-12-10,iSHARES TRUST,2026-04-30
Southern Co,Norfolk Southern Corp.,655844CQ9,515000.00000000,506387.50000000,98.328,4.45000000,2033-03-01,iSHARES TRUST,2026-04-30
Southern Co,Southern California Edison Co.,842400JL8,725000.00000000,709634.15000000,97.881,4.80000000,2033-03-15,iSHARES TRUST,2026-04-30
Southern Co,Southern California Gas Co.,842434CZ3,500000.00000000,509157.90000000,101.832,5.20000000,2033-06-01,iSHARES TRUST,2026-04-30
Southern Co,Southern Co. (The),842587DR5,760000.00000000,768479.24000000,101.116,5.20000000,2033-06-15,iSHARES TRUST,2026-04-30
Southern Co,"Western &amp; Southern Financial Group, Inc.",957576AA9,660000.00000000,683929.39000000,103.626,5.75000000,2033-07-15,iSHARES TRUST,2026-04-30
Southern Co,Southern Co Gas Capital Corp,8426EPAG3,1422000.00000000,1478112.46000000,103.946,5.75000000,2033-09-15,Columbia Funds Variable Series Trust II,2026-03-31
Southern Co,Southern Co. Gas Capital Corp.,8426EPAG3,585000.00000000,609000.98000000,104.103,5.75000000,2033-09-15,iSHARES TRUST,2026-04-30
Southern Co,Southern California Edison Co.,842400ES8,528000.00000000,548107.17000000,103.808,6.00000000,2034-01-15,iSHARES TRUST,2026-04-30
Southern Co,Norfolk Southern Corp.,655844CT3,460000.00000000,477784.33000000,103.866,5.55000000,2034-03-15,iSHARES TRUST,2026-04-30
Southern Co,Southern Co. (The),842587DT1,995000.00000000,1030064.30000000,103.524,5.70000000,2034-03-15,iSHARES TRUST,2026-04-30
Southern Co,Southern California Edison Co,842400HZ9,155000.00000000,153936.25000000,99.314,5.20000000,2034-06-01,Columbia Funds Variable Series Trust II,2026-03-31
Southern Co,SOUTHERN CALIFORNIA EDISON COMPANY,842400HZ9,155000.000000000000,154249.450000000000,99.516,5.200000000000,2034-06-01,Columbia Funds Variable Series Trust II,2025-09-30
Southern Co,SOUTHERN CALIFORNIA EDISON COMPANY,842400HZ9,210000.000000000000,204824.750000000000,97.536,5.200000000000,2034-06-01,Columbia Funds Variable Series Trust II,2025-03-31
Southern Co,Southern California Edison Co.,842400HZ9,890000.00000000,880642.80000000,98.949,5.20000000,2034-06-01,iSHARES TRUST,2026-04-30
Southern Co,Southern California Gas Co.,842434DB5,620000.00000000,622849.12000000,100.460,5.05000000,2034-09-01,iSHARES TRUST,2026-04-30
Southern Co,Southern Co. Gas Capital Corp.,8426EPAH1,270000.00000000,266296.31000000,98.628,4.95000000,2034-09-15,iSHARES TRUST,2026-04-30
Southern Co,Southern California Edison Co,842400JG9,1414000.00000000,1421270.75000000,100.514,5.45000000,2035-03-01,Columbia Funds Variable Series Trust II,2026-03-31
Southern Co,SOUTHERN CALIFORNIA EDISON COMPANY,842400JG9,895000.000000000000,905279.940000000000,101.149,5.450000000000,2035-03-01,Columbia Funds Variable Series Trust II,2025-09-30
Southern Co,SOUTHERN CALIFORNIA EDISON COMPANY,842400JG9,999000.000000000000,990164.100000000000,99.116,5.450000000000,2035-03-01,Columbia Funds Variable Series Trust II,2025-03-31
Southern Co,Southern California Edison Co.,842400JG9,640000.00000000,639449.14000000,99.914,5.45000000,2035-03-01,iSHARES TRUST,2026-04-30
Southern Co,Southern Co. (The),842587EA1,685000.00000000,666696.84000000,97.328,4.85000000,2035-03-15,iSHARES TRUST,2026-04-30
Southern Co,STHRN UTE INDIAN TRIBE OF STHRN UTE INDIAN RESERVATION CO,844090AD2,3000000.00000000,3180560.10000000,106.019,5.00000000,2035-04-01,VanEck ETF Trust,2026-07-31
Southern Co,STHRN UTE INDIAN TRIBE OF STHRN UTE INDIAN RESERVATION CO,844090AD2,3000000.00000000,3321874.20000000,110.729,5.00000000,2035-04-01,VanEck ETF Trust,2026-01-31
Southern Co,"Southern California Edison Co., Series 04-G",842400EV1,485000.00000000,491096.25000000,101.257,5.75000000,2035-04-01,iSHARES TRUST,2026-04-30
Southern Co,Norfolk Southern Corp,655844CV8,1058000.00000000,1061385.24000000,100.320,5.10000000,2035-05-01,Columbia Funds Variable Series Trust II,2026-03-31
Southern Co,NORFOLK SOUTHERN CORPORATION,655844CV8,1370000.000000000000,1398178.810000000000,102.057,5.100000000000,2035-05-01,Columbia Funds Variable Series Trust II,2025-09-30
Southern Co,Norfolk Southern Corp.,655844CV8,260000.00000000,261937.53000000,100.745,5.10000000,2035-05-01,iSHARES TRUST,2026-04-30
Southern Co,Southern California Gas Co.,842434DC3,800000.00000000,819318.54000000,102.415,5.45000000,2035-06-15,iSHARES TRUST,2026-04-30
Southern Co,"Southern California Edison Co., Series 05-E",842400FA6,410000.00000000,404616.01000000,98.687,5.35000000,2035-07-15,iSHARES TRUST,2026-04-30
Southern Co,Southern Copper Corp.,84265VAA3,970000.00000000,1132046.46000000,116.706,7.50000000,2035-07-27,iSHARES TRUST,2026-04-30
Southern Co,Southern Natural Gas Co. LLC,84346LAD2,210000.00000000,213291.72000000,101.567,5.45000000,2035-08-01,iSHARES TRUST,2026-04-30
Southern Co,Southern Co Gas Capital Corp,8426EPAK4,3600000.00000000,3569299.06000000,99.147,5.10000000,2035-09-15,Columbia Funds Variable Series Trust II,2026-06-30
Southern Co,"Southern Co. Gas Capital Corp., Series B",8426EPAK4,705000.00000000,696908.94000000,98.852,5.10000000,2035-09-15,iSHARES TRUST,2026-04-30
Southern Co,"Southern Power Co., Series B",843646AY6,725000.00000000,702375.08000000,96.879,4.90000000,2035-10-01,iSHARES TRUST,2026-04-30
Southern Co,SOUTHERN CALIFORNIA EDISON COMPANY,842400EZ2,130000.000000000000,135951.480000000000,104.578,5.550000000000,2036-01-15,Columbia Funds Variable Series Trust II,2024-09-30
Southern Co,SOUTHERN CALIFORNIA EDISON COMPANY,842400EZ2,130000.000000000000,129820.330000000000,99.862,5.550000000000,2036-01-15,Columbia Funds Variable Series Trust II,2024-03-31
Southern Co,Southern California Edison Co.,842400FC2,368000.00000000,366765.77000000,99.665,5.62500000,2036-02-01,iSHARES TRUST,2026-04-30
Southern Co,Southern Co. (The),842587CW5,715000.00000000,657729.28000000,91.990,4.25000000,2036-07-01,iSHARES TRUST,2026-04-30
Southern Co,"Southern California Edison Co., Series 06-E",842400FF5,385000.00000000,383457.94000000,99.599,5.55000000,2037-01-15,iSHARES TRUST,2026-04-30
Southern Co,SOUTHERN CALIFORNIA EDISON COMPANY,842400FH1,166000.000000000000,166916.900000000000,100.552,5.950000000000,2038-02-01,Columbia Funds Variable Series Trust II,2025-03-31
Southern Co,SOUTHERN CALIFORNIA EDISON COMPANY,842400FH1,210000.000000000000,229740.610000000000,109.400,5.950000000000,2038-02-01,Columbia Funds Variable Series Trust II,2024-09-30
Southern Co,SOUTHERN CALIFORNIA EDISON COMPANY,842400FH1,210000.000000000000,217304.740000000000,103.478,5.950000000000,2038-02-01,Columbia Funds Variable Series Trust II,2024-03-31
Southern Co,"Southern California Edison Co., Series 08-A",842400FH1,635000.00000000,641646.61000000,101.047,5.95000000,2038-02-01,iSHARES TRUST,2026-04-30
Southern Co,Southern California Edison Co.,842400FL2,413000.00000000,419107.42000000,101.479,6.05000000,2039-03-15,iSHARES TRUST,2026-04-30
Southern Co,University of Southern California,914886AB2,763000.00000000,624486.59000000,81.846,3.02800000,2039-10-01,iSHARES TRUST,2026-04-30
Southern Co,Southern California Edison Co.,842400FP3,555000.00000000,534013.70000000,96.219,5.50000000,2040-03-15,iSHARES TRUST,2026-04-30
Southern Co,Southern Copper Corp,84265VAE5,50000.00000000,53910.00000000,107.820,6.75000000,2040-04-16,iSHARES TRUST,2026-07-31
Southern Co,Southern Copper Corp.,84265VAE5,1333000.00000000,1483097.81000000,111.260,6.75000000,2040-04-16,iSHARES TRUST,2026-04-30
Southern Co,Southern California Edison Co.,842400FQ1,565000.00000000,485597.21000000,85.946,4.50000000,2040-09-01,iSHARES TRUST,2026-04-30
Southern Co,Southern California Gas Co.,842434CJ9,420000.00000000,403686.43000000,96.116,5.12500000,2040-11-15,iSHARES TRUST,2026-04-30
Southern Co,Southern Co. Gas Capital Corp.,001192AH6,434000.00000000,442978.07000000,102.069,5.87500000,2041-03-15,iSHARES TRUST,2026-04-30
Southern Co,Southern Power Co,843646AH3,232000.00000000,218123.09000000,94.019,5.15000000,2041-09-15,Columbia Funds Variable Series Trust II,2026-03-31
Southern Co,SOUTHERN POWER COMPANY,843646AH3,232000.000000000000,222846.730000000000,96.055,5.150000000000,2041-09-15,Columbia Funds Variable Series Trust II,2025-09-30
Southern Co,SOUTHERN POWER COMPANY,843646AH3,315000.000000000000,296325.800000000000,94.072,5.150000000000,2041-09-15,Columbia Funds Variable Series Trust II,2025-03-31
Southern Co,SOUTHERN POWER COMPANY,843646AH3,398000.000000000000,392548.770000000000,98.630,5.150000000000,2041-09-15,Columbia Funds Variable Series Trust II,2024-09-30
Southern Co,SOUTHERN POWER COMPANY,843646AH3,398000.000000000000,371219.740000000000,93.271,5.150000000000,2041-09-15,Columbia Funds Variable Series Trust II,2024-03-31
Southern Co,Southern Power Co.,843646AH3,655000.00000000,618136.29000000,94.372,5.15000000,2041-09-15,iSHARES TRUST,2026-04-30
Southern Co,Norfolk Southern Corp.,655844BH0,670000.00000000,620283.50000000,92.580,4.83700000,2041-10-01,iSHARES TRUST,2026-04-30
Southern Co,Southern California Edison Co.,842400FV0,497000.00000000,388970.06000000,78.264,4.05000000,2042-03-15,iSHARES TRUST,2026-04-30
Southern Co,Southern California Gas Co.,842434CK6,428000.00000000,333945.55000000,78.025,3.75000000,2042-09-15,iSHARES TRUST,2026-04-30
Southern Co,Norfolk Southern Corp.,655844BM9,565000.00000000,460798.62000000,81.557,3.95000000,2042-10-01,iSHARES TRUST,2026-04-30
Southern Co,Southern Copper Corp.,84265VAG0,900000.00000000,854478.17000000,94.942,5.25000000,2042-11-08,iSHARES TRUST,2026-04-30
Southern Co,"Southern California Edison Co., Series 13-A",842400FW8,555000.00000000,419630.66000000,75.609,3.90000000,2043-03-15,iSHARES TRUST,2026-04-30
Southern Co,Southern Co. Gas Capital Corp.,001192AK9,660000.00000000,551847.00000000,83.613,4.40000000,2043-06-01,iSHARES TRUST,2026-04-30
Southern Co,Southern Power Co.,843646AJ9,419000.00000000,391326.12000000,93.395,5.25000000,2043-07-15,iSHARES TRUST,2026-04-30
Southern Co,Southern California Edison Co.,842400FZ1,845000.00000000,705407.22000000,83.480,4.65000000,2043-10-01,iSHARES TRUST,2026-04-30
Southern Co,"Southern California Edison Co., Series C",842400GE7,677000.00000000,477106.61000000,70.474,3.60000000,2045-02-01,iSHARES TRUST,2026-04-30
Southern Co,Southern Copper Corp.,84265VAJ4,1636000.00000000,1653478.34000000,101.068,5.87500000,2045-04-23,iSHARES TRUST,2026-04-30
Southern Co,Norfolk Southern Corp.,655844BQ0,670000.00000000,570167.37000000,85.100,4.45000000,2045-06-15,iSHARES TRUST,2026-04-30
Southern Co,Norfolk Southern Corp.,655844BR8,711000.00000000,618066.68000000,86.929,4.65000000,2046-01-15,iSHARES TRUST,2026-04-30
Southern Co,TOBACCO SECURITIZATION AUTH STHRN CA TOBACCO SETTLEMENT REVE,888804AZ4,5000000.00000000,1139744.50000000,22.795,0.00000000,2046-06-01,VanEck ETF Trust,2026-07-31
Southern Co,TOBACCO SECURITIZATION AUTH STHRN CA TOBACCO SETTLEMENT REVE,888804AZ4,5000000.00000000,1236892.50000000,24.738,0.00000000,2046-06-01,VanEck ETF Trust,2026-01-31
Southern Co,Southern Co. (The),842587CX3,1914000.00000000,1576031.70000000,82.342,4.40000000,2046-07-01,iSHARES TRUST,2026-04-30
Southern Co,SOUTHERN COMPANY GAS CAPITAL CORP,8426EPAB4,247000.000000000000,203363.970000000000,82.334,3.950000000000,2046-10-01,Columbia Funds Variable Series Trust II,2024-09-30
Southern Co,SOUTHERN COMPANY GAS CAPITAL CORP,8426EPAB4,247000.000000000000,191049.340000000000,77.348,3.950000000000,2046-10-01,Columbia Funds Variable Series Trust II,2024-03-31
Southern Co,Southern Co. Gas Capital Corp.,8426EPAB4,600000.00000000,456140.80000000,76.023,3.95000000,2046-10-01,iSHARES TRUST,2026-04-30
Southern Co,"Southern Power Co., Series F",843646AU4,436000.00000000,380043.63000000,87.166,4.95000000,2046-12-15,iSHARES TRUST,2026-04-30
Southern Co,Southern Natural Gas Co. LLC,84346LAA8,662000.00000000,566993.48000000,85.649,4.80000000,2047-03-15,iSHARES TRUST,2026-04-30
Southern Co,Southern California Edison Co.,842400GG2,1825000.00000000,1345840.21000000,73.745,4.00000000,2047-04-01,iSHARES TRUST,2026-04-30
Southern Co,Southern Co Gas Capital Corp,8426EPAC2,50000.00000000,41172.76000000,82.346,4.40000000,2047-05-30,TCW Metropolitan West Funds,2024-12-31
Southern Co,Southern Co Gas Capital Corp,8426EPAC2,50000.00000000,40761.39000000,81.523,4.40000000,2047-05-30,TCW Metropolitan West Funds,2024-06-28
Southern Co,Southern Co. Gas Capital Corp.,8426EPAC2,362000.00000000,294220.80000000,81.276,4.40000000,2047-05-30,iSHARES TRUST,2026-04-30
Southern Co,"University of Southern California, Series 2017",914886AC0,483000.00000000,378258.65000000,78.314,3.84100000,2047-10-01,iSHARES TRUST,2026-04-30
Southern Co,Norfolk Southern Corp.,655844BX5,778000.00000000,600565.77000000,77.194,3.94200000,2047-11-01,iSHARES TRUST,2026-04-30
Southern Co,Norfolk Southern Corp.,655844BY3,770000.00000000,614013.79000000,79.742,4.15000000,2048-02-28,iSHARES TRUST,2026-04-30
Southern Co,Southern California Edison Co,842400GK3,92000.00000000,69208.93000000,75.227,4.13000000,2048-03-01,Columbia Funds Variable Series Trust II,2026-03-31
Southern Co,SOUTHERN CALIFORNIA EDISON COMPANY,842400GK3,787000.000000000000,602697.550000000000,76.582,4.125000000000,2048-03-01,Columbia Funds Variable Series Trust II,2025-09-30
Southern Co,SOUTHERN CALIFORNIA EDISON COMPANY,842400GK3,636000.000000000000,479075.620000000000,75.326,4.125000000000,2048-03-01,Columbia Funds Variable Series Trust II,2025-03-31
Southern Co,SOUTHERN CALIFORNIA EDISON COMPANY,842400GK3,843000.000000000000,712823.590000000000,84.558,4.125000000000,2048-03-01,Columbia Funds Variable Series Trust II,2024-09-30
Southern Co,SOUTHERN CALIFORNIA EDISON COMPANY,842400GK3,888000.000000000000,717455.830000000000,80.795,4.125000000000,2048-03-01,Columbia Funds Variable Series Trust II,2024-03-31
Southern Co,"Southern California Edison Co., Series C",842400GK3,1298000.00000000,967654.84000000,74.550,4.12500000,2048-03-01,iSHARES TRUST,2026-04-30
Southern Co,TOBACCO SECURITIZATION AUTH STHRN CA TOBACCO SETTLEMENT REVE,888804CT6,1860000.00000000,1815615.75000000,97.614,5.00000000,2048-06-01,VanEck ETF Trust,2026-07-31
Southern Co,"Southern California Gas Co., Series UU",842434CR1,490000.00000000,377487.86000000,77.038,4.12500000,2048-06-01,iSHARES TRUST,2026-04-30
Southern Co,"Southern California Gas Co., Series VV",842434CS9,603000.00000000,478991.39000000,79.435,4.30000000,2049-01-15,iSHARES TRUST,2026-04-30
Southern Co,Western &amp; Southern Life Insurance Co. (The),95765PAA7,585000.00000000,513913.81000000,87.849,5.15000000,2049-01-15,iSHARES TRUST,2026-04-30
Southern Co,"Southern California Edison Co., Series B",842400GR8,686000.00000000,568494.17000000,82.871,4.87500000,2049-03-01,iSHARES TRUST,2026-04-30
Southern Co,Norfolk Southern Corp.,655844CC0,488000.00000000,379069.40000000,77.678,4.10000000,2049-05-15,iSHARES TRUST,2026-04-30
Southern Co,Norfolk Southern Corp.,655844CD8,515000.00000000,353925.74000000,68.723,3.40000000,2049-11-01,iSHARES TRUST,2026-04-30
Southern Co,Southern California Edison Co.,842400GT4,1365000.00000000,933734.89000000,68.405,3.65000000,2050-02-01,iSHARES TRUST,2026-04-30
Southern Co,"Southern California Gas Co., Series WW",842434CT7,438000.00000000,327758.24000000,74.831,3.95000000,2050-02-15,iSHARES TRUST,2026-04-30
Southern Co,Norfolk Southern Corp.,655844CF3,959000.00000000,616457.80000000,64.281,3.05000000,2050-05-15,iSHARES TRUST,2026-04-30
Southern Co,University of Southern California,914886AE6,115000.00000000,71838.27000000,62.468,2.80500000,2050-10-01,iSHARES TRUST,2026-04-30
Southern Co,"Southern California Edison Co., Series 20A",842400GY3,740000.00000000,441478.19000000,59.659,2.95000000,2051-02-01,iSHARES TRUST,2026-04-30
Southern Co,"Southern California Edison Co., Series H",842400HF3,510000.00000000,346318.54000000,67.906,3.65000000,2051-06-01,iSHARES TRUST,2026-04-30
Southern Co,Norfolk Southern Corp.,655844CL0,785000.00000000,482484.35000000,61.463,2.90000000,2051-08-25,iSHARES TRUST,2026-04-30
Southern Co,Southern Co/The,842587DJ3,2374000.00000000,2368254.92000000,99.758,3.75000000,2051-09-15,TCW Metropolitan West Funds,2026-06-30
Southern Co,Southern Co/The,842587DJ3,1000000.00000000,991600.00000000,99.160,3.75000000,2051-09-15,TCW Metropolitan West Funds,2026-03-31
Southern Co,Southern Co Gas Capital Corp,8426EPAE8,454000.00000000,290793.29000000,64.051,3.15000000,2051-09-30,Columbia Funds Variable Series Trust II,2026-03-31
Southern Co,SOUTHERN COMPANY GAS CAPITAL CORP,8426EPAE8,348000.000000000000,227706.700000000000,65.433,3.150000000000,2051-09-30,Columbia Funds Variable Series Trust II,2025-09-30
Southern Co,SOUTHERN COMPANY GAS CAPITAL CORP,8426EPAE8,472000.000000000000,298944.070000000000,63.336,3.150000000000,2051-09-30,Columbia Funds Variable Series Trust II,2025-03-31
Southern Co,SOUTHERN COMPANY GAS CAPITAL CORP,8426EPAE8,750000.000000000000,518421.590000000000,69.123,3.150000000000,2051-09-30,Columbia Funds Variable Series Trust II,2024-09-30
Southern Co,SOUTHERN CO GAS CAPITAL CORP,8426EPAE8,750000.000000000000,487719.970000000000,65.029,3.150000000000,2051-09-30,Columbia Funds Variable Series Trust II,2024-03-31
Southern Co,"Southern Co. Gas Capital Corp., Series 21A",8426EPAE8,675000.00000000,430512.41000000,63.780,3.15000000,2051-09-30,iSHARES TRUST,2026-04-30
Southern Co,"University of Southern California, Series 21A",914886AF3,345000.00000000,220398.37000000,63.884,2.94500000,2051-10-01,iSHARES TRUST,2026-04-30
Southern Co,Southern California Edison Co.,842400HN6,670000.00000000,435033.60000000,64.930,3.45000000,2052-02-01,iSHARES TRUST,2026-04-30
Southern Co,"Southern California Edison Co., Series E",842400HR7,405000.00000000,357579.97000000,88.291,5.45000000,2052-06-01,iSHARES TRUST,2026-04-30
Southern Co,Norfolk Southern Corp.,655844BV9,843000.00000000,642138.56000000,76.173,4.05000000,2052-08-15,iSHARES TRUST,2026-04-30
Southern Co,Southern California Gas Co.,842434CX8,600000.00000000,631933.50000000,105.322,6.35000000,2052-11-15,iSHARES TRUST,2026-04-30
Southern Co,Southern California Edison Co,842400HV8,505000.00000000,465802.42000000,92.238,5.70000000,2053-03-01,Columbia Funds Variable Series Trust II,2026-03-31
Southern Co,Southern California Edison Co.,842400HV8,440000.00000000,402224.69000000,91.415,5.70000000,2053-03-01,iSHARES TRUST,2026-04-30
Southern Co,Norfolk Southern Corp.,655844CN6,495000.00000000,352081.83000000,71.128,3.70000000,2053-03-15,iSHARES TRUST,2026-04-30
Southern Co,Norfolk Southern Corp.,655844CP1,815000.00000000,674457.73000000,82.756,4.55000000,2053-06-01,iSHARES TRUST,2026-04-30
Southern Co,Southern California Gas Co.,842434CY6,615000.00000000,596557.05000000,97.001,5.75000000,2053-06-01,iSHARES TRUST,2026-04-30
Southern Co,STHRN CALIFORNIA ST PUBLIC PWR AUTH STHRN TRANSMISSION SYSTE,842469DL9,1000000.00000000,1041986.80000000,104.199,5.00000000,2053-07-01,VanEck ETF Trust,2026-07-31
Southern Co,STHRN CALIFORNIA ST PUBLIC PWR AUTH STHRN TRANSMISSION SYSTE,842469DL9,1000000.00000000,1062195.80000000,106.220,5.00000000,2053-07-01,VanEck ETF Trust,2026-01-31
Southern Co,University of Southern California,914886AH9,380000.00000000,345154.80000000,90.830,4.97600000,2053-10-01,iSHARES TRUST,2026-04-30
Southern Co,Southern California Edison Co,842400HX4,697000.00000000,660875.99000000,94.817,5.88000000,2053-12-01,Columbia Funds Variable Series Trust II,2026-03-31
Southern Co,SOUTHERN CALIFORNIA EDISON COMPANY,842400HX4,915000.000000000000,884321.260000000000,96.647,5.875000000000,2053-12-01,Columbia Funds Variable Series Trust II,2025-09-30
Southern Co,SOUTHERN CALIFORNIA EDISON COMPANY,842400HX4,1241000.000000000000,1189114.170000000000,95.819,5.875000000000,2053-12-01,Columbia Funds Variable Series Trust II,2025-03-31
Southern Co,SOUTHERN CALIFORNIA EDISON COMPANY,842400HX4,1566000.000000000000,1698306.990000000000,108.449,5.875000000000,2053-12-01,Columbia Funds Variable Series Trust II,2024-09-30
Southern Co,SOUTHERN CALIFORNIA EDISON COMPANY,842400HX4,1066000.000000000000,1101635.890000000000,103.343,5.875000000000,2053-12-01,Columbia Funds Variable Series Trust II,2024-03-31
Southern Co,Southern California Edison Co.,842400HX4,640000.00000000,601432.29000000,93.974,5.87500000,2053-12-01,iSHARES TRUST,2026-04-30
Southern Co,Southern California Gas Co.,842434DA7,585000.00000000,556267.40000000,95.088,5.60000000,2054-04-01,iSHARES TRUST,2026-04-30
Southern Co,Southern California Edison Co.,842400JD6,455000.00000000,417004.17000000,91.649,5.75000000,2054-04-15,iSHARES TRUST,2026-04-30
Southern Co,Norfolk Southern Corp.,655844CS5,985000.00000000,918511.99000000,93.250,5.35000000,2054-08-01,iSHARES TRUST,2026-04-30
Southern Co,SOUTHERN CALIFORNIA EDISON COMPANY,842400JH7,250000.000000000000,240508.870000000000,96.204,5.900000000000,2055-03-01,Columbia Funds Variable Series Trust II,2025-03-31
Southern Co,Southern California Edison Co.,842400JH7,530000.00000000,498947.05000000,94.141,5.90000000,2055-03-01,iSHARES TRUST,2026-04-30
Southern Co,Southern Co/The,842587EB9,1000000.00000000,1027852.50000000,102.785,6.37500000,2055-03-15,TCW Metropolitan West Funds,2025-03-31
Southern Co,"Southern Co. (The), Series 2025",842587EB9,835000.00000000,860589.97000000,103.065,6.37500000,2055-03-15,iSHARES TRUST,2026-04-30
Southern Co,Norfolk Southern Corp.,655844CH9,777000.00000000,491598.40000000,63.269,3.15500000,2055-05-15,iSHARES TRUST,2026-04-30
Southern Co,Southern California Gas Co.,842434DD1,475000.00000000,476189.09000000,100.250,6.00000000,2055-06-15,iSHARES TRUST,2026-04-30
Southern Co,Southern California Edison Co.,842400JK0,690000.00000000,676287.03000000,98.013,6.20000000,2055-09-15,iSHARES TRUST,2026-04-30
Southern Co,Southern Co/The,842587EJ2,955000.00000000,957645.35000000,100.277,6.00000000,2058-04-01,TCW Metropolitan West Funds,2026-06-30
Southern Co,Southern Co/The,842587EJ2,4000000.00000000,4022360.00000000,100.559,6.00000000,2058-04-01,TCW Metropolitan West Funds,2026-03-31
Southern Co,Southern Co. (The),842587EJ2,400000.00000000,404197.92000000,101.049,6.00000000,2058-04-01,iSHARES TRUST,2026-04-30
Southern Co,SO V6 04/01/58,842587EJ2,11717000.00000000,11745425.44000000,100.243,6.00000000,2058-04-01,PENN SERIES FUNDS INC,2026-06-30
Southern Co,Western &amp; Southern Life Insurance Co. (The),95765PAE9,622000.00000000,408928.00000000,65.744,3.75000000,2061-04-28,iSHARES TRUST,2026-04-30
Southern Co,Norfolk Southern Corp.,655844CU0,515000.00000000,513220.96000000,99.655,5.95000000,2064-03-15,iSHARES TRUST,2026-04-30
Southern Co,University of Southern California,914886AA4,255000.00000000,229312.11000000,89.926,5.25000000,2111-10-01,iSHARES TRUST,2026-04-30
Southern Co,Norfolk Southern Corp.,655844CB2,415000.00000000,353589.23000000,85.202,5.10000000,2118-08-01,iSHARES TRUST,2026-04-30
Southern Co,UNIVERSITY OF SOUTHERN CALIFORNIA,914886AD8,235000.000000000000,155058.010000000000,65.982,3.226000000000,2120-10-01,Columbia Funds Variable Series Trust II,2024-09-30
Southern Co,UNIVERSITY OF SOUTHERN CALIFORNIA,914886AD8,690000.000000000000,432220.030000000000,62.641,3.226000000000,2120-10-01,Columbia Funds Variable Series Trust II,2024-03-31
Southern Co,"University of Southern California, Series A",914886AD8,208000.00000000,115148.38000000,55.360,3.22600000,2120-10-01,iSHARES TRUST,2026-04-30
Southern Co,Norfolk Southern Corp.,655844CJ5,680000.00000000,460255.22000000,67.685,4.10000000,2121-05-15,iSHARES TRUST,2026-04-30
Switch Inc,Switch ABS Issuer LLC,871044AA1,75000.00000000,76494.86000000,101.993,6.28000000,2054-03-25,TCW Metropolitan West Funds,2025-09-30
Switch Inc,Switch ABS Issuer LLC,871044AC7,100000.00000000,101550.65000000,101.551,6.50000000,2054-03-25,TCW Metropolitan West Funds,2025-09-30
Switch Inc,Switch ABS Issuer LLC,871044AJ2,6215000.00000000,6343624.40000000,102.070,10.03000000,2054-06-25,TCW Metropolitan West Funds,2026-03-31
Switch Inc,SWTCH 2024-2A A2,871044AE3,700000.00000000,695126.46000000,99.304,5.43600000,2054-06-25,ETFis Series Trust I,2026-04-30
Switch Inc,Switch ABS Issuer LLC,871044AY9,3375000.00000000,3304349.78000000,97.907,6.24000000,2055-10-25,TCW Metropolitan West Funds,2026-03-31
Talen Energy,TALEN ENERGY SUPPLY LLC,87422LAU4,1005289.66000000,1011085.15000000,100.576,0.00000000,2030-05-17,TCW Metropolitan West Funds,2024-12-31
Talen Energy,Talen Energy Supply LLC,87422VAK4,424000.00000000,449965.11000000,106.124,8.62500000,2030-06-01,iSHARES TRUST,2025-10-31
Talen Energy,Talen Energy Supply LLC,87422VAK4,1300000.00000000,1379089.40000000,106.084,8.62500000,2030-06-01,PENN SERIES FUNDS INC,2025-03-31
Talen Energy,Talen Energy Supply LLC 2025 Term Loan B,87422LBA7,398997.49000000,395506.26000000,99.125,5.64000000,2032-11-26,Columbia Funds Variable Series Trust II,2026-06-30
Talen Energy,Talen Energy Supply LLC,87422VAM0,260000.00000000,258383.51000000,99.378,6.25000000,2034-02-01,Columbia Funds Variable Series Trust II,2026-06-30
Talen Energy,Talen Energy Supply LLC,87422VAM0,165000.00000000,163878.12000000,99.320,6.25000000,2034-02-01,Columbia Funds Variable Series Trust II,2026-03-31
Talen Energy,Talen Energy Supply LLC,87422VAM0,441000.00000000,449765.15000000,101.988,6.25000000,2034-02-01,Columbia Funds Variable Series Trust II,2025-12-31
Talen Energy,Talen Energy Supply LLC,87422VAM0,1330000.00000000,1319340.70000000,99.199,6.25000000,2034-02-01,iSHARES TRUST,2026-04-30
Talen Energy,Talen Energy Supply LLC,87422VAN8,260000.00000000,262033.89000000,100.782,6.50000000,2036-02-01,Columbia Funds Variable Series Trust II,2026-06-30
Talen Energy,Talen Energy Supply LLC,87422VAN8,441000.00000000,456219.01000000,103.451,6.50000000,2036-02-01,Columbia Funds Variable Series Trust II,2025-12-31
Talen Energy,Talen Energy Supply LLC,87422VAN8,1125000.00000000,1129737.74000000,100.421,6.50000000,2036-02-01,iSHARES TRUST,2026-04-30
Talen Energy,TLN 6.5 02/01/36 144A,87422VAN8,3800000.00000000,3832535.60000000,100.856,6.50000000,2036-02-01,Voya INVESTORS TRUST,2026-06-30
Talen Energy,TLN 6.5 02/01/36 144A,87422VAN8,3800000.00000000,3828426.77000000,100.748,6.50000000,2036-02-01,Voya INVESTORS TRUST,2026-03-31
Talen Energy,Talen Energy Supply LLC,87422VAN8,3800000.00000000,3931915.67000000,103.471,6.50000000,2036-02-01,Voya INVESTORS TRUST,2025-12-31
Vertiv Holdings,Vertiv Group Corp.,92535UAB0,1042000.00000000,1029528.08000000,98.803,4.12500000,2028-11-15,iSHARES TRUST,2026-04-30
Vertiv Holdings,Vertiv Holdings Co.,92537NAA6,240000.00000000,233332.37000000,97.222,4.85000000,2036-03-15,iSHARES TRUST,2026-04-30
Vertiv Holdings,Vertiv Holdings Co.,92537NAB4,305000.00000000,293199.36000000,96.131,5.65000000,2046-03-15,iSHARES TRUST,2026-04-30
Vertiv Holdings,Vertiv Holdings Co.,92537NAC2,140000.00000000,135476.98000000,96.769,5.80000000,2056-03-15,iSHARES TRUST,2026-04-30
Vertiv Holdings,Vertiv Holdings Co.,92537NAD0,340000.00000000,328714.70000000,96.681,5.95000000,2066-03-15,iSHARES TRUST,2026-04-30
Vistra Corp,Vistra Operations Co LLC,92840VAA0,1025000.00000000,1026618.48000000,100.158,5.50000000,2026-09-01,Voya INVESTORS TRUST,2025-06-30
Vistra Corp,Vistra Operations Co LLC,92840VAT9,1004000.00000000,1007104.98000000,100.309,5.05000000,2026-12-30,Columbia Funds Variable Series Trust II,2026-03-31
Vistra Corp,VISTRA OPERATIONS COMPANY LLC,92840VAT9,1004000.000000000000,1011124.260000000000,100.710,5.050000000000,2026-12-30,Columbia Funds Variable Series Trust II,2025-09-30
Vistra Corp,VISTRA OPERATIONS COMPANY LLC,92840VAT9,1361000.000000000000,1366406.220000000000,100.397,5.050000000000,2026-12-30,Columbia Funds Variable Series Trust II,2025-03-31
Vistra Corp,Vistra Operations Co LLC,92840VAB8,980000.00000000,979937.77000000,99.994,5.63000000,2027-02-15,Columbia Funds Variable Series Trust II,2026-03-31
Vistra Corp,Vistra Operations Co LLC,92840VAB8,222000.00000000,222129.61000000,100.058,5.63000000,2027-02-15,Columbia Funds Variable Series Trust II,2025-12-31
Vistra Corp,VISTRA OPERATIONS COMPANY LLC,92840VAB8,580000.000000000000,580217.040000000000,100.037,5.6250,2027-02-15,Columbia Funds Variable Series Trust II,2025-09-30
Vistra Corp,VISTRA OPERATIONS COMPANY LLC,92840VAB8,1115000.000000000000,1111298.580000000000,99.668,5.625000000000,2027-02-15,Columbia Funds Variable Series Trust II,2025-03-31
Vistra Corp,VISTRA OPERATIONS COMPANY LLC,92840VAB8,1860000.000000000000,1857606.780000000000,99.871,5.625000000000,2027-02-15,Columbia Funds Variable Series Trust II,2024-09-30
Vistra Corp,VISTRA OPERATIONS COMPANY LLC,92840VAB8,1860000.000000000000,1831345.470000000000,98.459,5.6250,2027-02-15,Columbia Funds Variable Series Trust II,2024-03-31
Vistra Corp,Vistra Operations Co LLC,92840VAB8,475000.00000000,475621.78000000,100.131,5.62500000,2027-02-15,Voya INVESTORS TRUST,2025-06-30
Vistra Corp,Vistra Operations Co LLC,92840VAB8,255000.00000000,254251.55000000,99.706,5.62500000,2027-02-15,Voya INVESTORS TRUST,2025-03-31
Vistra Corp,Vistra Operations Co LLC,92840VAB8,255000.00000000,254744.73000000,99.900,5.62500000,2027-02-15,Voya INVESTORS TRUST,2024-12-31
Vistra Corp,Vistra Operations Co LLC,92840VAB8,255000.00000000,254797.66000000,99.921,5.62500000,2027-02-15,Voya INVESTORS TRUST,2024-09-30
Vistra Corp,Vistra Operations Co LLC,92840VAB8,255000.00000000,250908.73000000,98.396,5.62500000,2027-02-15,Voya INVESTORS TRUST,2024-06-30
Vistra Corp,Vistra Operations Co LLC,92840VAB8,70000.00000000,68981.14000000,98.544,5.62500000,2027-02-15,Voya INVESTORS TRUST,2024-03-31
Vistra Corp,VISTRA OPERATIONS COMPANY LLC,92840VAF9,690000.000000000000,680224.290000000000,98.583,5.000000000000,2027-07-31,Columbia Funds Variable Series Trust II,2025-03-31
Vistra Corp,VISTRA OPERATIONS COMPANY LLC,92840VAF9,690000.000000000000,685582.180000000000,99.360,5.0000,2027-07-31,Columbia Funds Variable Series Trust II,2024-09-30
Vistra Corp,VISTRA OPERATIONS COMPANY LLC,92840VAF9,690000.000000000000,668590.150000000000,96.897,5.0000,2027-07-31,Columbia Funds Variable Series Trust II,2024-03-31
Vistra Corp,Vistra Operations Co. LLC,92840VAF9,1175000.00000000,1174998.57000000,100.000,5.00000000,2027-07-31,iSHARES TRUST,2026-04-30
Vistra Corp,Vistra Operations Co LLC,92840VAF9,1400000.00000000,1378271.16000000,98.448,5.00000000,2027-07-31,PENN SERIES FUNDS INC,2025-03-31
Vistra Corp,Vistra Operations Co LLC,92840VAX0,1571000.00000000,1554007.94000000,98.918,4.30000000,2028-10-15,Columbia Funds Variable Series Trust II,2026-03-31
Vistra Corp,Vistra Operations Co. LLC,92840VAX0,245000.00000000,242281.43000000,98.890,4.30000000,2028-10-15,iSHARES TRUST,2026-04-30
Vistra Corp,Vistra Operations Co. LLC,92840VBD3,765000.00000000,763703.26000000,99.830,4.55000000,2028-10-30,iSHARES TRUST,2026-04-30
Vistra Corp,Vistra Operations Co LLC,92840VAH5,1403000.00000000,1385059.94000000,98.721,4.38000000,2029-05-01,Columbia Funds Variable Series Trust II,2025-12-31
Vistra Corp,Vistra Operations Co. LLC,92840VAH5,1251000.00000000,1229065.09000000,98.247,4.37500000,2029-05-01,iSHARES TRUST,2026-04-30
Vistra Corp,Vistra Operations Co LLC,92840VAH5,550000.00000000,536414.07000000,97.530,4.37500000,2029-05-01,Voya INVESTORS TRUST,2025-06-30
Vistra Corp,Vistra Operations Co LLC,92840VAE2,25000.00000000,24764.17000000,99.057,4.30000000,2029-07-15,VanEck ETF Trust,2025-10-31
Vistra Corp,Vistra Operations Co LLC,92840VAE2,25000.00000000,24620.78000000,98.483,4.30000000,2029-07-15,VanEck ETF Trust,2025-07-31
Vistra Corp,Vistra Operations Co. LLC,92840VAE2,1022000.00000000,1002355.87000000,98.078,4.30000000,2029-07-15,iSHARES TRUST,2026-04-30
Vistra Corp,Vistra Operations Co LLC,92840VAV4,67000.00000000,65819.09000000,98.237,4.60000000,2030-10-15,Columbia Funds Variable Series Trust II,2026-03-31
Vistra Corp,Vistra Operations Co. LLC,92840VAV4,135000.00000000,132552.29000000,98.187,4.60000000,2030-10-15,iSHARES TRUST,2026-04-30
Vistra Corp,Vistra Operations Company LLC 1st Lien Term Loan B3,88233FAK6,637736.16000000,639397.46000000,100.260,5.42000000,2030-12-20,TCW Metropolitan West Funds,2026-03-31
Vistra Corp,Vistra Operations Company LLC 1st Lien Term Loan B3,88233FAK6,219419.28000000,220234.42000000,100.371,6.08000000,2030-12-20,TCW Metropolitan West Funds,2025-06-30
Vistra Corp,VISTRA OPERATIONS CO LLC,88233FAK6,5107326.91000000,5124742.89000000,100.341,6.10701000,2030-12-20,TCW Metropolitan West Funds,2024-12-31
Vistra Corp,VISTRA OPERATIONS CO LLC,88233FAK6,17768.06000000,17789.38000000,100.120,6.96090000,2030-12-20,TCW Metropolitan West Funds,2024-09-30
Vistra Corp,Vistra Operations Co LLC,92840VAY8,1040000.00000000,1023587.23000000,98.422,4.70000000,2031-01-31,Columbia Funds Variable Series Trust II,2026-03-31
Vistra Corp,Vistra Operations Co. LLC,92840VAY8,535000.00000000,526305.69000000,98.375,4.70000000,2031-01-31,iSHARES TRUST,2026-04-30
Vistra Corp,Vistra Operations Co. LLC,92840VBA9,935000.00000000,932477.23000000,99.730,5.00000000,2031-04-30,iSHARES TRUST,2026-04-30
Vistra Corp,Vistra Operations Co LLC,92840VAP7,235000.00000000,246198.13000000,104.765,7.75000000,2031-10-15,Columbia Funds Variable Series Trust II,2026-06-30
Vistra Corp,Vistra Operations Co LLC,92840VAP7,640000.00000000,670511.42000000,104.767,7.75000000,2031-10-15,Columbia Funds Variable Series Trust II,2026-03-31
Vistra Corp,Vistra Operations Co LLC,92840VAP7,835000.00000000,885465.00000000,106.044,7.75000000,2031-10-15,Columbia Funds Variable Series Trust II,2025-12-31
Vistra Corp,VISTRA OPERATIONS COMPANY LLC,92840VAP7,370000.000000000000,392018.250000000000,105.951,7.750000000000,2031-10-15,Columbia Funds Variable Series Trust II,2025-09-30
Vistra Corp,VISTRA OPERATIONS COMPANY LLC,92840VAP7,370000.000000000000,387658.580000000000,104.773,7.750000000000,2031-10-15,Columbia Funds Variable Series Trust II,2025-03-31
Vistra Corp,VISTRA OPERATIONS COMPANY LLC,92840VAP7,370000.000000000000,398235.950000000000,107.631,7.750000000000,2031-10-15,Columbia Funds Variable Series Trust II,2024-09-30
Vistra Corp,VISTRA OPERATIONS COMPANY LLC,92840VAP7,370000.000000000000,387259.870000000000,104.665,7.750000000000,2031-10-15,Columbia Funds Variable Series Trust II,2024-03-31
Vistra Corp,Vistra Operations Co. LLC,92840VAP7,1305000.00000000,1368732.36000000,104.884,7.75000000,2031-10-15,iSHARES TRUST,2026-04-30
Vistra Corp,Vistra Operations Co LLC,92840VAP7,600000.00000000,638132.10000000,106.355,7.75000000,2031-10-15,Voya INVESTORS TRUST,2025-06-30
Vistra Corp,Vistra Operations Co LLC,92840VAR3,165000.00000000,170925.33000000,103.591,6.88000000,2032-04-15,Columbia Funds Variable Series Trust II,2026-06-30
Vistra Corp,Vistra Operations Co LLC,92840VAR3,2240000.00000000,2321692.80000000,103.647,6.88000000,2032-04-15,TCW Metropolitan West Funds,2026-06-30
Vistra Corp,Vistra Operations Co LLC,92840VAR3,540000.00000000,559180.80000000,103.552,6.88000000,2032-04-15,TCW Metropolitan West Funds,2026-03-31
Vistra Corp,Vistra Operations Co. LLC,92840VAR3,1139000.00000000,1188854.71000000,104.377,6.87500000,2032-04-15,iSHARES TRUST,2026-04-30
Vistra Corp,VST 6.875 04/15/32 144A,92840VAR3,310000.00000000,323757.18000000,104.438,6.87500000,2032-04-15,ETFis Series Trust I,2026-04-30
Vistra Corp,Vistra Operations Co LLC,92840VBB7,2000000.00000000,1986094.00000000,99.305,5.25000000,2033-04-30,Columbia Funds Variable Series Trust II,2026-06-30
Vistra Corp,Vistra Operations Co. LLC,92840VBB7,910000.00000000,906201.31000000,99.583,5.25000000,2033-04-30,iSHARES TRUST,2026-04-30
Vistra Corp,Vistra Operations Co LLC,92840VAQ5,50000.00000000,55659.28000000,111.319,6.95000000,2033-10-15,VanEck ETF Trust,2025-10-31
Vistra Corp,Vistra Operations Co LLC,92840VAQ5,50000.00000000,55010.25000000,110.021,6.95000000,2033-10-15,VanEck ETF Trust,2025-07-31
Vistra Corp,Vistra Operations Co. LLC,92840VAQ5,1050000.00000000,1143493.18000000,108.904,6.95000000,2033-10-15,iSHARES TRUST,2026-04-30
Vistra Corp,Vistra Operations Co LLC,92840VAS1,2508000.00000000,2585507.42000000,103.090,6.00000000,2034-04-15,Columbia Funds Variable Series Trust II,2026-03-31
Vistra Corp,VISTRA OPERATIONS COMPANY LLC,92840VAS1,2345000.000000000000,2471684.360000000000,105.402,6.000000000000,2034-04-15,Columbia Funds Variable Series Trust II,2025-09-30
Vistra Corp,VISTRA OPERATIONS COMPANY LLC,92840VAS1,3180000.000000000000,3228755.900000000000,101.533,6.000000000000,2034-04-15,Columbia Funds Variable Series Trust II,2025-03-31
Vistra Corp,VISTRA OPERATIONS COMPANY LLC,92840VAS1,3844000.000000000000,4103828.650000000000,106.759,6.000000000000,2034-04-15,Columbia Funds Variable Series Trust II,2024-09-30
Vistra Corp,Vistra Operations Co. LLC,92840VAS1,555000.00000000,571664.18000000,103.003,6.00000000,2034-04-15,iSHARES TRUST,2026-04-30
Vistra Corp,Vistra Operations Co. LLC,92840VAU6,775000.00000000,781431.20000000,100.830,5.70000000,2034-12-30,iSHARES TRUST,2026-04-30
Vistra Corp,VST 5.7 12/30/34 144A,92840VAU6,425000.00000000,429438.70000000,101.044,5.70000000,2034-12-30,ETFis Series Trust I,2026-04-30
Vistra Corp,Vistra Operations Co. LLC,92840VAW2,415000.00000000,402825.89000000,97.066,5.25000000,2035-10-15,iSHARES TRUST,2026-04-30
Vistra Corp,Vistra Operations Co LLC,92840VAZ5,450000.00000000,440386.92000000,97.864,5.35000000,2036-01-31,Columbia Funds Variable Series Trust II,2026-03-31
Vistra Corp,Vistra Operations Co. LLC,92840VAZ5,670000.00000000,653942.42000000,97.603,5.35000000,2036-01-31,iSHARES TRUST,2026-04-30
Vistra Corp,Vistra Operations Co LLC,92840VBC5,2000000.00000000,1989489.96000000,99.474,5.55000000,2036-04-30,Columbia Funds Variable Series Trust II,2026-06-30
Vistra Corp,Vistra Operations Co. LLC,92840VBC5,910000.00000000,902188.29000000,99.142,5.55000000,2036-04-30,iSHARES TRUST,2026-04-30
Vistra Corp,Vistra Corp,92840MAB8,1500000.00000000,1540153.50000000,102.677,8.00000000,N/A,PENN SERIES FUNDS INC,2025-03-31
Vistra Corp,VST V8 PERP 144A,92840MAB8,51000.00000000,51472.41000000,100.926,8.00000000,N/A,ETFis Series Trust I,2026-04-30
Zayo Group,Zayo Group Holdings Inc,98919VAA3,145000.00000000,136115.85000000,93.873,4.00000000,2027-03-01,TCW Metropolitan West Funds,2025-06-30
Zayo Group,Zayo Group Holdings Inc,98919VAA3,3817000.00000000,3042895.80000000,79.720,4.00000000,2027-03-01,TCW Metropolitan West Funds,2024-06-28
Zayo Group,Zayo Group Holdings Inc USD Term Loan,98919XAB7,431904.94000000,411948.77000000,95.379,7.44000000,2027-03-09,TCW Metropolitan West Funds,2025-06-30
Zayo Group,Zayo Group Holdings Inc,98919XAB7,500000.00000000,466610.00000000,93.322,7.43940000,2027-03-09,TCW Metropolitan West Funds,2025-03-31
Zayo Group,Zayo Group Holdings Inc,98919XAB7,28170277.75000000,26445975.05000000,93.879,7.47149000,2027-03-09,TCW Metropolitan West Funds,2024-12-31
Zayo Group,Zayo Group Holdings Inc,98919XAE1,62353.99400000,57650.32000000,92.456,9.09544000,2027-03-09,TCW Metropolitan West Funds,2024-09-30
Zayo Group,Zayo Group Holdings Inc,98919XAB7,350394.74000000,321085.97000000,91.635,7.95992000,2027-03-09,TCW Metropolitan West Funds,2024-09-30
Zayo Group,Zayo Group Holdings Inc,98919XAB7,30632428.53000000,26752371.97000000,87.333,8.45841000,2027-03-09,TCW Metropolitan West Funds,2024-06-28
Zayo Group,Zayo Group Holdings Inc,98919VAC9,505386.00000000,506139.03000000,100.149,9.25000000,2030-03-09,TCW Metropolitan West Funds,2026-06-30
Zayo Group,Zayo Group Holdings Inc,98919VAC9,939230.00000000,933904.57000000,99.433,9.25000000,2030-03-09,TCW Metropolitan West Funds,2026-03-31
Zayo Group,Zayo Group Holdings Inc,98919VAC9,19299.00000000,18358.37000000,95.126,9.25000000,2030-03-09,TCW Metropolitan West Funds,2025-12-31
Zayo Group,Zayo Group Holdings Inc 2025 USD Term Loan,98919XAH4,586036.55000000,576481.22000000,98.369,6.78000000,2030-03-11,TCW Metropolitan West Funds,2026-03-31
