ticker,concept,period_start,period_end,value_usd,form,filed,fy,fp
A,PaymentsToAcquirePropertyPlantAndEquipment,2008-11-01,2009-01-31,34000000,10-Q,2010-03-10,2010,Q1
A,PaymentsToAcquirePropertyPlantAndEquipment,2009-11-01,2010-01-31,25000000,10-Q,2010-03-10,2010,Q1
A,PaymentsToAcquirePropertyPlantAndEquipment,2010-11-01,2011-01-31,-38000000,10-Q,2011-03-09,2011,Q1
A,PaymentsToAcquirePropertyPlantAndEquipment,2011-11-01,2012-01-31,46000000,10-Q,2012-03-05,2012,Q1
A,PaymentsToAcquirePropertyPlantAndEquipment,2012-11-01,2013-01-31,59000000,10-Q,2013-03-06,2013,Q1
A,PaymentsToAcquirePropertyPlantAndEquipment,2013-11-01,2014-01-31,45000000,10-Q,2014-03-05,2014,Q1
A,PaymentsToAcquirePropertyPlantAndEquipment,2014-11-01,2015-01-31,32000000,10-Q,2015-03-10,2015,Q1
A,PaymentsToAcquirePropertyPlantAndEquipment,2015-11-01,2016-01-31,38000000,10-Q,2016-03-08,2016,Q1
A,PaymentsToAcquirePropertyPlantAndEquipment,2016-11-01,2017-01-31,32000000,10-Q,2017-03-08,2017,Q1
A,PaymentsToAcquirePropertyPlantAndEquipment,2017-11-01,2018-01-31,60000000,10-Q,2018-03-06,2018,Q1
A,PaymentsToAcquirePropertyPlantAndEquipment,2018-11-01,2019-01-31,39000000,10-Q,2019-03-05,2019,Q1
A,PaymentsToAcquirePropertyPlantAndEquipment,2019-11-01,2020-01-31,34000000,10-Q,2020-03-03,2020,Q1
A,PaymentsToAcquirePropertyPlantAndEquipment,2020-11-01,2021-01-31,41000000,10-Q,2021-03-02,2020,Q1
A,PaymentsToAcquirePropertyPlantAndEquipment,2021-11-01,2022-01-31,75000000,10-Q,2022-03-03,2022,Q1
A,PaymentsToAcquirePropertyPlantAndEquipment,2022-11-01,2023-01-31,76000000,10-Q,2023-03-03,2023,Q1
A,PaymentsToAcquirePropertyPlantAndEquipment,2023-11-01,2024-01-31,90000000,10-Q,2024-03-05,2024,Q1
A,PaymentsToAcquirePropertyPlantAndEquipment,2024-11-01,2025-01-31,97000000,10-Q,2025-03-03,2025,Q1
A,PaymentsToAcquirePropertyPlantAndEquipment,2025-11-01,2026-01-31,93000000,10-Q,2026-03-03,2026,Q1
ABM,PaymentsToAcquirePropertyPlantAndEquipment,2009-11-01,2010-01-31,7379000,10-Q,2011-03-10,2011,Q1
ABM,PaymentsToAcquirePropertyPlantAndEquipment,2010-11-01,2011-01-31,5213000,10-Q,2011-03-10,2011,Q1
ABM,PaymentsToAcquirePropertyPlantAndEquipment,2011-11-01,2012-01-31,11926000,10-Q,2012-03-06,2012,Q1
ABM,PaymentsToAcquirePropertyPlantAndEquipment,2012-11-01,2013-01-31,4090000,10-Q,2013-03-07,2013,Q1
ABM,PaymentsToAcquirePropertyPlantAndEquipment,2013-11-01,2014-01-31,9762000,10-Q,2014-03-05,2014,Q1
ABM,PaymentsToAcquirePropertyPlantAndEquipment,2014-11-01,2015-01-31,6400000,10-Q,2015-03-04,2015,Q1
ABM,PaymentsToAcquirePropertyPlantAndEquipment,2015-11-01,2016-01-31,6800000,10-Q,2016-03-09,2016,Q1
ABM,PaymentsToAcquirePropertyPlantAndEquipment,2016-11-01,2017-01-31,11000000,10-Q,2017-03-08,2017,Q1
ABM,PaymentsToAcquirePropertyPlantAndEquipment,2017-11-01,2018-01-31,10600000,10-Q,2018-03-07,2018,Q1
ABM,PaymentsToAcquirePropertyPlantAndEquipment,2018-11-01,2019-01-31,11600000,10-Q,2019-03-07,2019,Q1
ABM,PaymentsToAcquirePropertyPlantAndEquipment,2019-11-01,2020-01-31,11500000,10-Q,2020-03-05,2020,Q1
ABM,PaymentsToAcquirePropertyPlantAndEquipment,2020-11-01,2021-01-31,6600000,10-Q,2021-03-10,2021,Q1
ABM,PaymentsToAcquirePropertyPlantAndEquipment,2021-11-01,2022-01-31,9600000,10-Q,2022-03-09,2022,Q1
ABM,PaymentsToAcquirePropertyPlantAndEquipment,2022-11-01,2023-01-31,13800000,10-Q,2023-03-08,2023,Q1
ABM,PaymentsToAcquirePropertyPlantAndEquipment,2023-11-01,2024-01-31,13600000,10-Q,2024-03-07,2024,Q1
ABM,PaymentsToAcquirePropertyPlantAndEquipment,2024-11-01,2025-01-31,16700000,10-Q,2025-03-12,2025,Q1
ABM,PaymentsToAcquirePropertyPlantAndEquipment,2025-11-01,2026-01-31,13200000,10-Q,2026-03-10,2026,Q1
ACDC,PaymentsToAcquirePropertyPlantAndEquipment,2021-01-01,2021-03-31,17357000,10-Q,2022-06-24,2022,Q1
ACDC,PaymentsToAcquirePropertyPlantAndEquipment,2022-01-01,2022-03-31,41492000,10-Q,2022-06-24,2022,Q1
ACDC,PaymentsToAcquirePropertyPlantAndEquipment,2023-01-01,2023-03-31,83200000,10-Q,2023-05-12,2023,Q1
ACDC,PaymentsToAcquirePropertyPlantAndEquipment,2024-01-01,2024-03-31,59900000,10-Q,2024-05-10,2024,Q1
ACDC,PaymentsToAcquirePropertyPlantAndEquipment,2025-01-01,2025-03-31,52500000,10-Q,2025-05-07,2025,Q1
ACDC,PaymentsToAcquirePropertyPlantAndEquipment,2026-01-01,2026-03-31,40700000,10-Q,2026-05-08,2026,Q1
ACIW,PaymentsToAcquirePropertyPlantAndEquipment,2010-01-01,2010-03-31,1179000,10-Q,2011-04-29,2011,Q1
ACIW,PaymentsToAcquirePropertyPlantAndEquipment,2011-01-01,2011-03-31,5188000,10-Q,2011-04-29,2011,Q1
ACIW,PaymentsToAcquirePropertyPlantAndEquipment,2012-01-01,2012-03-31,1316000,10-Q,2012-05-10,2012,Q1
ACIW,PaymentsToAcquirePropertyPlantAndEquipment,2013-01-01,2013-03-31,6241000,10-Q,2013-05-07,2013,Q1
ACIW,PaymentsToAcquirePropertyPlantAndEquipment,2014-01-01,2014-03-31,4228000,10-Q,2014-05-02,2014,Q1
ACIW,PaymentsToAcquirePropertyPlantAndEquipment,2015-01-01,2015-03-31,9138000,10-Q,2015-04-30,2015,Q1
ACIW,PaymentsToAcquirePropertyPlantAndEquipment,2016-01-01,2016-03-31,7138000,10-Q,2016-05-05,2016,Q1
ACIW,PaymentsToAcquirePropertyPlantAndEquipment,2017-01-01,2017-03-31,6566000,10-Q,2017-05-04,2017,Q1
ACIW,PaymentsToAcquirePropertyPlantAndEquipment,2018-01-01,2018-03-31,5937000,10-Q,2018-05-10,2018,Q1
ACIW,PaymentsToAcquirePropertyPlantAndEquipment,2019-01-01,2019-03-31,5250000,10-Q,2019-05-09,2019,Q1
ACIW,PaymentsToAcquirePropertyPlantAndEquipment,2020-01-01,2020-03-31,3597000,10-Q,2020-05-07,2020,Q1
ACIW,PaymentsToAcquirePropertyPlantAndEquipment,2021-01-01,2021-03-31,4346000,10-Q,2021-05-06,2021,Q1
ACIW,PaymentsToAcquirePropertyPlantAndEquipment,2022-01-01,2022-03-31,2280000,10-Q,2022-05-05,2022,Q1
ACIW,PaymentsToAcquirePropertyPlantAndEquipment,2023-01-01,2023-03-31,2258000,10-Q,2023-05-04,2023,Q1
ACIW,PaymentsToAcquirePropertyPlantAndEquipment,2024-01-01,2024-03-31,3208000,10-Q,2024-04-30,2024,Q1
ACIW,PaymentsToAcquirePropertyPlantAndEquipment,2025-01-01,2025-03-31,2170000,10-Q,2025-05-08,2025,Q1
ACIW,PaymentsToAcquirePropertyPlantAndEquipment,2026-01-01,2026-03-31,3003000,10-Q,2026-05-07,2026,Q1
ACM,PaymentsToAcquirePropertyPlantAndEquipment,2009-10-01,2009-12-31,14520000,10-Q,2011-02-09,2011,Q1
ACM,PaymentsToAcquirePropertyPlantAndEquipment,2010-10-01,2010-12-31,16019000,10-Q,2011-02-09,2011,Q1
ACM,PaymentsToAcquirePropertyPlantAndEquipment,2011-10-01,2011-12-31,18284000,10-Q,2012-02-06,2012,Q1
ACM,PaymentsToAcquirePropertyPlantAndEquipment,2012-10-01,2012-12-31,12925000,10-Q,2013-02-06,2013,Q1
ACM,PaymentsToAcquirePropertyPlantAndEquipment,2013-10-01,2013-12-31,20771000,10-Q,2014-02-05,2014,Q1
ACM,PaymentsToAcquirePropertyPlantAndEquipment,2014-10-01,2014-12-31,29733000,10-Q,2015-02-11,2015,Q1
ACM,PaymentsToAcquirePropertyPlantAndEquipment,2015-10-01,2015-12-31,843000,10-Q,2016-02-10,2016,Q1
ACM,PaymentsToAcquirePropertyPlantAndEquipment,2016-10-01,2016-12-31,23584000,10-Q,2017-02-08,2017,Q1
ACM,PaymentsToAcquirePropertyPlantAndEquipment,2017-10-01,2017-12-31,29510000,10-Q,2018-02-07,2018,Q1
ACM,PaymentsToAcquirePropertyPlantAndEquipment,2018-10-01,2018-12-31,23576000,10-Q,2019-02-06,2019,Q1
ACM,PaymentsToAcquirePropertyPlantAndEquipment,2019-10-01,2019-12-31,31594000,10-Q,2020-02-05,2020,Q1
ACM,PaymentsToAcquirePropertyPlantAndEquipment,2020-10-01,2020-12-31,30902000,10-Q,2021-02-10,2021,Q1
ACM,PaymentsToAcquirePropertyPlantAndEquipment,2021-10-01,2021-12-31,32665000,10-Q,2022-02-09,2022,Q1
ACM,PaymentsToAcquirePropertyPlantAndEquipment,2022-10-01,2022-12-31,36369000,10-Q,2023-02-07,2023,Q1
ACM,PaymentsToAcquirePropertyPlantAndEquipment,2023-10-01,2023-12-31,56245000,10-Q,2024-02-07,2024,Q1
ACM,PaymentsToAcquirePropertyPlantAndEquipment,2024-10-01,2024-12-31,40215000,10-Q,2025-02-04,2025,Q1
ACM,PaymentsToAcquirePropertyPlantAndEquipment,2025-10-01,2025-12-31,28318000,10-Q,2026-02-10,2026,Q1
ACN,PaymentsToAcquirePropertyPlantAndEquipment,2008-09-01,2008-11-30,71876000,10-Q,2009-12-18,2010,Q1
ACN,PaymentsToAcquirePropertyPlantAndEquipment,2009-09-01,2009-11-30,34817000,10-Q,2009-12-18,2010,Q1
ACN,PaymentsToAcquirePropertyPlantAndEquipment,2010-09-01,2010-11-30,75483000,10-Q,2010-12-20,2011,Q1
ACN,PaymentsToAcquirePropertyPlantAndEquipment,2011-09-01,2011-11-30,80875000,10-Q,2011-12-20,2012,Q1
ACN,PaymentsToAcquirePropertyPlantAndEquipment,2012-09-01,2012-11-30,86547000,10-Q,2012-12-20,2013,Q1
ACN,PaymentsToAcquirePropertyPlantAndEquipment,2013-09-01,2013-11-30,58959000,10-Q,2013-12-19,2014,Q1
ACN,PaymentsToAcquirePropertyPlantAndEquipment,2014-09-01,2014-11-30,51858000,10-Q,2014-12-18,2015,Q1
ACN,PaymentsToAcquirePropertyPlantAndEquipment,2015-09-01,2015-11-30,94777000,10-Q,2015-12-17,2016,Q1
ACN,PaymentsToAcquirePropertyPlantAndEquipment,2016-09-01,2016-11-30,84553000,10-Q,2016-12-21,2017,Q1
ACN,PaymentsToAcquirePropertyPlantAndEquipment,2017-09-01,2017-11-30,133352000,10-Q,2017-12-21,2018,Q1
ACN,PaymentsToAcquirePropertyPlantAndEquipment,2018-09-01,2018-11-30,77691000,10-Q,2018-12-20,2019,Q1
ACN,PaymentsToAcquirePropertyPlantAndEquipment,2019-09-01,2019-11-30,95063000,10-Q,2019-12-19,2019,Q1
ACN,PaymentsToAcquirePropertyPlantAndEquipment,2020-09-01,2020-11-30,93115000,10-Q,2020-12-17,2021,Q1
ACN,PaymentsToAcquirePropertyPlantAndEquipment,2021-09-01,2021-11-30,181671000,10-Q,2021-12-16,2022,Q1
ACN,PaymentsToAcquirePropertyPlantAndEquipment,2022-09-01,2022-11-30,98830000,10-Q,2022-12-16,2023,Q1
ACN,PaymentsToAcquirePropertyPlantAndEquipment,2023-09-01,2023-11-30,68933000,10-Q,2023-12-19,2024,Q1
ACN,PaymentsToAcquirePropertyPlantAndEquipment,2024-09-01,2024-11-30,152205000,10-Q,2024-12-19,2025,Q1
ACN,PaymentsToAcquirePropertyPlantAndEquipment,2025-09-01,2025-11-30,156582000,10-Q,2025-12-18,2026,Q1
AD,PaymentsToAcquirePropertyPlantAndEquipment,2022-01-01,2022-03-31,150000000,10-Q,2023-05-04,2023,Q1
AD,PaymentsToAcquirePropertyPlantAndEquipment,2023-01-01,2023-03-31,196000000,10-Q,2023-05-04,2023,Q1
AD,PaymentsToAcquirePropertyPlantAndEquipment,2024-01-01,2024-03-31,133000000,10-Q,2024-05-03,2024,Q1
AD,PaymentsToAcquirePropertyPlantAndEquipment,2025-01-01,2025-03-31,72000000,10-Q,2025-05-02,2025,Q1
AD,PaymentsToAcquirePropertyPlantAndEquipment,2026-01-01,2026-03-31,13822000,10-Q,2026-05-08,2026,Q1
ADBE,PaymentsToAcquirePropertyPlantAndEquipment,2008-11-29,2009-02-27,15916000,10-Q,2010-04-09,2010,Q1
ADBE,PaymentsToAcquirePropertyPlantAndEquipment,2009-11-28,2010-03-05,25547000,10-Q,2010-04-09,2010,Q1
ADBE,PaymentsToAcquirePropertyPlantAndEquipment,2010-12-04,2011-03-04,32421000,10-Q,2011-04-08,2011,Q1
ADBE,PaymentsToAcquirePropertyPlantAndEquipment,2011-12-03,2012-03-02,51088000,10-Q,2012-03-30,2012,Q1
ADBE,PaymentsToAcquirePropertyPlantAndEquipment,2012-12-01,2013-03-01,60190000,10-Q,2013-03-28,2013,Q1
ADBE,PaymentsToAcquirePropertyPlantAndEquipment,2013-11-30,2014-02-28,29393000,10-Q,2014-03-28,2014,Q1
ADBE,PaymentsToAcquirePropertyPlantAndEquipment,2014-11-29,2015-02-27,35546000,10-Q,2015-03-25,2015,Q1
ADBE,PaymentsToAcquirePropertyPlantAndEquipment,2015-11-28,2016-03-04,46200000,10-Q,2016-03-30,2016,Q1
ADBE,PaymentsToAcquirePropertyPlantAndEquipment,2016-12-03,2017-03-03,30903000,10-Q,2017-03-29,2017,Q1
ADBE,PaymentsToAcquirePropertyPlantAndEquipment,2017-12-02,2018-03-02,95142000,10-Q,2018-03-28,2018,Q1
ADBE,PaymentsToAcquirePropertyPlantAndEquipment,2018-12-01,2019-03-01,65268000,10-Q,2019-03-27,2019,Q1
ADBE,PaymentsToAcquirePropertyPlantAndEquipment,2019-11-30,2020-02-28,94000000,10-Q,2020-03-25,2020,Q1
ADBE,PaymentsToAcquirePropertyPlantAndEquipment,2020-11-28,2021-03-05,59000000,10-Q,2021-03-31,2021,Q1
ADBE,PaymentsToAcquirePropertyPlantAndEquipment,2021-12-04,2022-03-04,100000000,10-Q,2022-03-30,2022,Q1
ADBE,PaymentsToAcquirePropertyPlantAndEquipment,2022-12-03,2023-03-03,101000000,10-Q,2023-03-29,2023,Q1
ADBE,PaymentsToAcquirePropertyPlantAndEquipment,2023-12-02,2024-03-01,37000000,10-Q,2024-03-27,2024,Q1
ADBE,PaymentsToAcquirePropertyPlantAndEquipment,2024-11-30,2025-02-28,26000000,10-Q,2025-03-26,2025,Q1
ADBE,PaymentsToAcquirePropertyPlantAndEquipment,2025-11-29,2026-02-27,37000000,10-Q,2026-03-25,2026,Q1
ADEA,PaymentsToAcquirePropertyPlantAndEquipment,2020-01-01,2020-03-31,688000,10-Q,2021-05-05,2021,Q1
ADEA,PaymentsToAcquirePropertyPlantAndEquipment,2021-01-01,2021-03-31,1772000,10-Q,2021-05-05,2021,Q1
ADEA,PaymentsToAcquirePropertyPlantAndEquipment,2022-01-01,2022-03-31,4289000,10-Q,2022-05-09,2022,Q1
ADEA,PaymentsToAcquirePropertyPlantAndEquipment,2023-01-01,2023-03-31,390000,10-Q,2023-05-08,2023,Q1
ADEA,PaymentsToAcquirePropertyPlantAndEquipment,2024-01-01,2024-03-31,793000,10-Q,2024-05-08,2024,Q1
ADEA,PaymentsToAcquirePropertyPlantAndEquipment,2025-01-01,2025-03-31,228000,10-Q,2025-05-06,2025,Q1
ADEA,PaymentsToAcquirePropertyPlantAndEquipment,2026-01-01,2026-03-31,434000,10-Q,2026-05-06,2026,Q1
ADSK,PaymentsToAcquirePropertyPlantAndEquipment,2008-02-01,2008-04-30,13400000,10-Q,2009-06-03,2009,Q1
ADSK,PaymentsToAcquirePropertyPlantAndEquipment,2009-02-01,2009-04-30,13600000,10-Q,2009-06-03,2009,Q1
ADSK,PaymentsToAcquirePropertyPlantAndEquipment,2010-02-01,2010-04-30,5800000,10-Q,2010-06-04,2010,Q1
ADSK,PaymentsToAcquirePropertyPlantAndEquipment,2011-02-01,2011-04-30,23400000,10-Q,2011-06-03,2011,Q1
ADSK,PaymentsToAcquirePropertyPlantAndEquipment,2012-02-01,2012-04-30,11500000,10-Q,2012-06-01,2012,Q1
ADSK,PaymentsToAcquirePropertyPlantAndEquipment,2013-02-01,2013-04-30,25800000,10-Q,2013-06-05,2013,Q1
ADSK,PaymentsToAcquirePropertyPlantAndEquipment,2014-02-01,2014-04-30,14500000,10-Q,2014-06-03,2015,Q1
ADSK,PaymentsToAcquirePropertyPlantAndEquipment,2015-02-01,2015-04-30,12500000,10-Q,2015-05-28,2016,Q1
ADSK,PaymentsToAcquirePropertyPlantAndEquipment,2016-02-01,2016-04-30,22300000,10-Q,2016-06-06,2017,Q1
ADSK,PaymentsToAcquirePropertyPlantAndEquipment,2017-02-01,2017-04-30,8600000,10-Q,2017-05-31,2018,Q1
ADSK,PaymentsToAcquirePropertyPlantAndEquipment,2018-02-01,2018-04-30,16700000,10-Q,2018-06-08,2019,Q1
ADSK,PaymentsToAcquirePropertyPlantAndEquipment,2019-02-01,2019-04-30,14700000,10-Q,2019-06-04,2020,Q1
ADSK,PaymentsToAcquirePropertyPlantAndEquipment,2020-02-01,2020-04-30,19900000,10-Q,2020-06-02,2021,Q1
ADSK,PaymentsToAcquirePropertyPlantAndEquipment,2021-02-01,2021-04-30,20300000,10-Q,2021-06-03,2022,Q1
ADSK,PaymentsToAcquirePropertyPlantAndEquipment,2022-02-01,2022-04-30,12000000,10-Q,2022-06-02,2023,Q1
ADSK,PaymentsToAcquirePropertyPlantAndEquipment,2023-02-01,2023-04-30,9000000,10-Q,2023-06-01,2024,Q1
ADSK,PaymentsToAcquirePropertyPlantAndEquipment,2024-02-01,2024-04-30,7000000,10-Q,2024-06-10,2025,Q1
ADSK,PaymentsToAcquirePropertyPlantAndEquipment,2025-02-01,2025-04-30,8000000,10-Q,2025-05-29,2026,Q1
ADSK,PaymentsToAcquirePropertyPlantAndEquipment,2026-02-01,2026-04-30,17000000,10-Q,2026-05-29,2027,Q1
AEHR,PaymentsToAcquirePropertyPlantAndEquipment,2010-06-01,2010-08-31,0,10-Q,2011-10-14,2012,Q1
AEHR,PaymentsToAcquirePropertyPlantAndEquipment,2011-06-01,2011-08-31,-7000,10-Q,2011-10-14,2012,Q1
AEHR,PaymentsToAcquirePropertyPlantAndEquipment,2012-06-01,2012-08-31,16000,10-Q,2012-10-12,2013,Q1
AEHR,PaymentsToAcquirePropertyPlantAndEquipment,2013-06-01,2013-08-31,6000,10-Q,2013-10-15,2014,Q1
AEHR,PaymentsToAcquirePropertyPlantAndEquipment,2014-06-01,2014-08-31,21000,10-Q,2014-10-14,2015,Q1
AEHR,PaymentsToAcquirePropertyPlantAndEquipment,2015-06-01,2015-08-31,21000,10-Q,2015-10-14,2016,Q1
AEHR,PaymentsToAcquirePropertyPlantAndEquipment,2016-06-01,2016-08-31,21000,10-Q,2016-10-14,2017,Q1
AEHR,PaymentsToAcquirePropertyPlantAndEquipment,2017-06-01,2017-08-31,184000,10-Q,2017-10-13,2018,Q1
AEHR,PaymentsToAcquirePropertyPlantAndEquipment,2018-06-01,2018-08-31,84000,10-Q,2018-10-12,2019,Q1
AEHR,PaymentsToAcquirePropertyPlantAndEquipment,2019-06-01,2019-08-31,50000,10-Q,2019-10-15,2020,Q1
AEHR,PaymentsToAcquirePropertyPlantAndEquipment,2020-06-01,2020-08-31,47000,10-Q,2020-10-14,2021,Q1
AEHR,PaymentsToAcquirePropertyPlantAndEquipment,2021-06-01,2021-08-31,59000,10-Q,2021-10-14,2021,Q1
AEHR,PaymentsToAcquirePropertyPlantAndEquipment,2022-06-01,2022-08-31,84000,10-Q,2022-10-14,2023,Q1
AEHR,PaymentsToAcquirePropertyPlantAndEquipment,2023-06-01,2023-08-31,284000,10-Q,2023-10-12,2024,Q1
AEHR,PaymentsToAcquirePropertyPlantAndEquipment,2024-06-01,2024-08-30,197000,10-Q,2024-10-11,2025,Q1
AEHR,PaymentsToAcquirePropertyPlantAndEquipment,2025-05-31,2025-08-29,1391000,10-Q,2025-10-08,2026,Q1
AEP,PaymentsToAcquirePropertyPlantAndEquipment,2011-01-01,2011-03-31,2000000,10-Q,2012-04-27,2012,Q1
AEP,PaymentsToAcquirePropertyPlantAndEquipment,2012-01-01,2012-03-31,85000000,10-Q,2012-04-27,2012,Q1
AEP,PaymentsToAcquirePropertyPlantAndEquipment,2013-01-01,2013-03-31,2000000,10-Q,2013-04-26,2013,Q1
AEP,PaymentsToAcquirePropertyPlantAndEquipment,2014-01-01,2014-03-31,43000000,10-Q,2014-04-25,2014,Q1
AEP,PaymentsToAcquirePropertyPlantAndEquipment,2015-01-01,2015-03-31,2000000,10-Q,2015-04-23,2015,Q1
AEP,PaymentsToAcquirePropertyPlantAndEquipment,2020-01-01,2020-03-31,0,10-Q,2021-04-22,2020,Q3
AEP,PaymentsToAcquirePropertyPlantAndEquipment,2021-01-01,2021-03-31,102900000,10-Q,2021-04-22,2020,Q3
AES,PaymentsToAcquirePropertyPlantAndEquipment,2009-01-01,2009-03-31,574000000,10-Q,2010-05-07,2010,Q1
AES,PaymentsToAcquirePropertyPlantAndEquipment,2010-01-01,2010-03-31,493000000,10-Q,2010-05-07,2010,Q1
AES,PaymentsToAcquirePropertyPlantAndEquipment,2011-01-01,2011-03-31,479000000,10-Q,2011-05-09,2011,Q1
AES,PaymentsToAcquirePropertyPlantAndEquipment,2012-01-01,2012-03-31,579000000,10-Q,2012-05-04,2012,Q1
AES,PaymentsToAcquirePropertyPlantAndEquipment,2013-01-01,2013-03-31,546000000,10-Q,2013-05-09,2013,Q1
AES,PaymentsToAcquirePropertyPlantAndEquipment,2014-01-01,2014-03-31,399000000,10-Q,2014-05-08,2014,Q1
AES,PaymentsToAcquirePropertyPlantAndEquipment,2015-01-01,2015-03-31,619000000,10-Q,2015-05-11,2015,Q1
AES,PaymentsToAcquirePropertyPlantAndEquipment,2016-01-01,2016-03-31,640000000,10-Q,2016-05-09,2016,Q1
AES,PaymentsToAcquirePropertyPlantAndEquipment,2017-01-01,2017-03-31,474000000,10-Q,2017-05-08,2017,Q1
AES,PaymentsToAcquirePropertyPlantAndEquipment,2018-01-01,2018-03-31,495000000,10-Q,2018-05-08,2018,Q1
AES,PaymentsToAcquirePropertyPlantAndEquipment,2019-01-01,2019-03-31,504000000,10-Q,2019-05-07,2019,Q1
AES,PaymentsToAcquirePropertyPlantAndEquipment,2020-01-01,2020-03-31,576000000,10-Q,2020-05-07,2020,Q1
AES,PaymentsToAcquirePropertyPlantAndEquipment,2021-01-01,2021-03-31,432000000,10-Q,2021-05-06,2021,Q1
AES,PaymentsToAcquirePropertyPlantAndEquipment,2022-01-01,2022-03-31,766000000,10-Q,2022-05-05,2022,Q1
AES,PaymentsToAcquirePropertyPlantAndEquipment,2023-01-01,2023-03-31,1551000000,10-Q,2023-05-04,2022,Q2
AES,PaymentsToAcquirePropertyPlantAndEquipment,2024-01-01,2024-03-31,2148000000,10-Q,2024-05-02,2022,Q2
AES,PaymentsToAcquirePropertyPlantAndEquipment,2025-01-01,2025-03-31,1254000000,10-Q,2025-05-01,2025,Q1
AES,PaymentsToAcquirePropertyPlantAndEquipment,2026-01-01,2026-03-31,1766000000,10-Q,2026-05-05,2026,Q1
AGCO,PaymentsToAcquirePropertyPlantAndEquipment,2010-01-01,2010-03-31,24100000,10-Q,2011-05-06,2011,Q1
AGCO,PaymentsToAcquirePropertyPlantAndEquipment,2011-01-01,2011-03-31,36800000,10-Q,2011-05-06,2011,Q1
AGCO,PaymentsToAcquirePropertyPlantAndEquipment,2012-01-01,2012-03-31,87100000,10-Q,2012-05-09,2012,Q1
AGCO,PaymentsToAcquirePropertyPlantAndEquipment,2013-01-01,2013-03-31,94000000,10-Q,2013-05-08,2013,Q1
AGCO,PaymentsToAcquirePropertyPlantAndEquipment,2014-01-01,2014-03-31,101200000,10-Q,2014-05-09,2014,Q1
AGCO,PaymentsToAcquirePropertyPlantAndEquipment,2015-01-01,2015-03-31,62900000,10-Q,2015-05-07,2015,Q1
AGCO,PaymentsToAcquirePropertyPlantAndEquipment,2016-01-01,2016-03-31,35700000,10-Q,2016-05-06,2016,Q1
AGCO,PaymentsToAcquirePropertyPlantAndEquipment,2017-01-01,2017-03-31,57100000,10-Q,2017-05-09,2017,Q1
AGCO,PaymentsToAcquirePropertyPlantAndEquipment,2018-01-01,2018-03-31,46100000,10-Q,2018-05-09,2018,Q1
AGCO,PaymentsToAcquirePropertyPlantAndEquipment,2019-01-01,2019-03-31,60900000,10-Q,2019-05-09,2019,Q1
AGCO,PaymentsToAcquirePropertyPlantAndEquipment,2020-01-01,2020-03-31,60600000,10-Q,2020-05-08,2020,Q1
AGCO,PaymentsToAcquirePropertyPlantAndEquipment,2021-01-01,2021-03-31,63500000,10-Q,2021-05-07,2021,Q1
AGCO,PaymentsToAcquirePropertyPlantAndEquipment,2022-01-01,2022-03-31,66300000,10-Q,2022-05-10,2022,Q1
AGCO,PaymentsToAcquirePropertyPlantAndEquipment,2023-01-01,2023-03-31,125300000,10-Q,2023-05-09,2023,Q1
AGCO,PaymentsToAcquirePropertyPlantAndEquipment,2024-01-01,2024-03-31,95000000,10-Q,2024-05-03,2024,Q1
AGCO,PaymentsToAcquirePropertyPlantAndEquipment,2025-01-01,2025-03-31,48200000,10-Q,2025-05-01,2025,Q1
AGCO,PaymentsToAcquirePropertyPlantAndEquipment,2026-01-01,2026-03-31,44600000,10-Q,2026-05-05,2026,Q1
AGIO,PaymentsToAcquirePropertyPlantAndEquipment,2013-01-01,2013-03-31,275000,10-Q,2014-05-09,2014,Q1
AGIO,PaymentsToAcquirePropertyPlantAndEquipment,2014-01-01,2014-03-31,13000,10-Q,2014-05-09,2014,Q1
AGIO,PaymentsToAcquirePropertyPlantAndEquipment,2015-01-01,2015-03-31,3797000,10-Q,2015-05-11,2015,Q1
AGIO,PaymentsToAcquirePropertyPlantAndEquipment,2016-01-01,2016-03-31,2533000,10-Q,2016-05-09,2016,Q1
AGIO,PaymentsToAcquirePropertyPlantAndEquipment,2017-01-01,2017-03-31,293000,10-Q,2017-05-04,2017,Q1
AGIO,PaymentsToAcquirePropertyPlantAndEquipment,2018-01-01,2018-03-31,1432000,10-Q,2018-05-04,2018,Q1
AGIO,PaymentsToAcquirePropertyPlantAndEquipment,2019-01-01,2019-03-31,2038000,10-Q,2019-05-02,2019,Q1
AGIO,PaymentsToAcquirePropertyPlantAndEquipment,2020-01-01,2020-03-31,4455000,10-Q,2020-04-30,2020,Q1
AGIO,PaymentsToAcquirePropertyPlantAndEquipment,2021-01-01,2021-03-31,1012000,10-Q,2021-04-29,2021,Q1
AGIO,PaymentsToAcquirePropertyPlantAndEquipment,2022-01-01,2022-03-31,2804000,10-Q,2022-05-05,2022,Q1
AGIO,PaymentsToAcquirePropertyPlantAndEquipment,2023-01-01,2023-03-31,399000,10-Q,2023-05-04,2023,Q1
AGIO,PaymentsToAcquirePropertyPlantAndEquipment,2024-01-01,2024-03-31,141000,10-Q,2024-05-02,2024,Q1
AGIO,PaymentsToAcquirePropertyPlantAndEquipment,2025-01-01,2025-03-31,766000,10-Q,2025-05-01,2025,Q1
AGIO,PaymentsToAcquirePropertyPlantAndEquipment,2026-01-01,2026-03-31,769000,10-Q,2026-04-29,2026,Q1
AGX,PaymentsToAcquirePropertyPlantAndEquipment,2011-02-01,2011-04-30,9000,10-Q,2012-06-12,2012,Q1
AGX,PaymentsToAcquirePropertyPlantAndEquipment,2011-05-01,2011-07-31,50000,10-Q,2012-09-14,2012,Q2
AGX,PaymentsToAcquirePropertyPlantAndEquipment,2011-08-01,2011-10-31,76000,10-Q,2012-12-14,2012,Q3
AGX,PaymentsToAcquirePropertyPlantAndEquipment,2012-02-01,2012-04-30,1164000,10-Q,2012-06-12,2012,Q1
AGX,PaymentsToAcquirePropertyPlantAndEquipment,2012-05-01,2012-07-31,2627000,10-Q,2012-09-14,2012,Q2
AGX,PaymentsToAcquirePropertyPlantAndEquipment,2012-08-01,2012-10-31,2139000,10-Q,2012-12-14,2012,Q3
AGX,PaymentsToAcquirePropertyPlantAndEquipment,2013-02-01,2013-04-30,684000,10-Q,2013-06-07,2013,Q1
AGX,PaymentsToAcquirePropertyPlantAndEquipment,2013-05-01,2013-07-31,174000,10-Q,2013-09-06,2013,Q2
AGX,PaymentsToAcquirePropertyPlantAndEquipment,2013-08-01,2013-10-31,84000,10-Q,2013-12-09,2013,Q3
AGX,PaymentsToAcquirePropertyPlantAndEquipment,2014-02-01,2014-04-30,46000,10-Q,2014-06-09,2014,Q1
AGX,PaymentsToAcquirePropertyPlantAndEquipment,2015-02-01,2015-04-30,1207000,10-Q,2015-06-09,2015,Q1
AGX,PaymentsToAcquirePropertyPlantAndEquipment,2016-02-01,2016-04-30,245000,10-Q,2016-06-08,2016,Q1
AGX,PaymentsToAcquirePropertyPlantAndEquipment,2017-02-01,2017-04-30,1863000,10-Q,2017-06-07,2017,Q1
AGX,PaymentsToAcquirePropertyPlantAndEquipment,2018-02-01,2018-04-30,3691000,10-Q,2018-06-11,2018,Q1
AGX,PaymentsToAcquirePropertyPlantAndEquipment,2019-02-01,2019-04-30,1985000,10-Q,2019-06-10,2020,Q1
AGX,PaymentsToAcquirePropertyPlantAndEquipment,2020-02-01,2020-04-30,684000,10-Q,2020-06-09,2021,Q1
AGX,PaymentsToAcquirePropertyPlantAndEquipment,2021-02-01,2021-04-30,844000,10-Q,2021-06-08,2022,Q1
AGX,PaymentsToAcquirePropertyPlantAndEquipment,2022-02-01,2022-04-30,238000,10-Q,2023-06-08,2024,Q1
AGX,PaymentsToAcquirePropertyPlantAndEquipment,2023-02-01,2023-04-30,645000,10-Q,2023-06-08,2024,Q1
AGX,PaymentsToAcquirePropertyPlantAndEquipment,2024-02-01,2024-04-30,322000,10-Q,2024-06-06,2025,Q1
AGX,PaymentsToAcquirePropertyPlantAndEquipment,2025-02-01,2025-04-30,395000,10-Q,2025-06-04,2026,Q1
AGX,PaymentsToAcquirePropertyPlantAndEquipment,2026-02-01,2026-04-30,2433000,10-Q,2026-06-04,2027,Q1
AI,PaymentsToAcquirePropertyPlantAndEquipment,2020-05-01,2020-07-31,654000,10-Q,2021-09-02,2022,Q1
AI,PaymentsToAcquirePropertyPlantAndEquipment,2021-05-01,2021-07-31,511000,10-Q,2021-09-02,2022,Q1
AI,PaymentsToAcquirePropertyPlantAndEquipment,2022-05-01,2022-07-31,15536000,10-Q,2022-09-01,2023,Q1
AI,PaymentsToAcquirePropertyPlantAndEquipment,2023-05-01,2023-07-31,11338000,10-Q,2023-09-07,2024,Q1
AI,PaymentsToAcquirePropertyPlantAndEquipment,2024-05-01,2024-07-31,924000,10-Q,2024-09-05,2025,Q1
AI,PaymentsToAcquirePropertyPlantAndEquipment,2025-05-01,2025-07-31,760000,10-Q,2025-09-09,2026,Q1
AI,PaymentsToAcquirePropertyPlantAndEquipment,2026-05-01,2026-07-31,8000,10-Q,2026-09-09,2027,Q1
AIFA,PaymentsToAcquirePropertyPlantAndEquipment,2019-01-01,2019-03-31,452550,10-Q,2020-05-11,2020,Q1
AIFA,PaymentsToAcquirePropertyPlantAndEquipment,2020-01-01,2020-03-31,225567,10-Q,2020-05-11,2020,Q1
AIFA,PaymentsToAcquirePropertyPlantAndEquipment,2021-01-01,2021-03-31,10203,10-Q,2021-05-24,2021,Q1
AIFA,PaymentsToAcquirePropertyPlantAndEquipment,2022-01-01,2022-03-31,9446,10-Q,2022-06-24,2022,Q1
AIFA,PaymentsToAcquirePropertyPlantAndEquipment,2023-01-01,2023-03-31,36934,10-Q,2023-05-11,2023,Q1
AIFA,PaymentsToAcquirePropertyPlantAndEquipment,2024-01-01,2024-03-31,10639,10-Q,2024-05-20,2024,Q1
AIFA,PaymentsToAcquirePropertyPlantAndEquipment,2025-01-01,2025-03-31,32257,10-Q,2025-07-07,2025,Q1
AIN,PaymentsToAcquirePropertyPlantAndEquipment,2010-01-01,2010-03-31,6821000,10-Q,2011-05-06,2011,Q1
AIN,PaymentsToAcquirePropertyPlantAndEquipment,2010-04-01,2010-06-30,7094000,10-Q/A,2011-08-09,2011,Q2
AIN,PaymentsToAcquirePropertyPlantAndEquipment,2010-07-01,2010-09-30,4029000,10-Q,2011-11-04,2011,Q3
AIN,PaymentsToAcquirePropertyPlantAndEquipment,2011-01-01,2011-03-31,4919000,10-Q,2011-05-06,2011,Q1
AIN,PaymentsToAcquirePropertyPlantAndEquipment,2011-04-01,2011-06-30,8975000,10-Q/A,2011-08-09,2011,Q2
AIN,PaymentsToAcquirePropertyPlantAndEquipment,2011-07-01,2011-09-30,4261000,10-Q,2011-11-04,2011,Q3
AIN,PaymentsToAcquirePropertyPlantAndEquipment,2012-01-01,2012-03-31,4309000,10-Q,2012-05-09,2012,Q1
AIN,PaymentsToAcquirePropertyPlantAndEquipment,2012-04-01,2012-06-30,9881000,10-Q,2012-08-03,2012,Q2
AIN,PaymentsToAcquirePropertyPlantAndEquipment,2012-07-01,2012-09-30,11047000,10-Q,2012-11-02,2012,Q3
AIN,PaymentsToAcquirePropertyPlantAndEquipment,2013-01-01,2013-03-31,13188000,10-Q,2013-05-03,2013,Q1
AIN,PaymentsToAcquirePropertyPlantAndEquipment,2013-04-01,2013-06-30,14620000,10-Q,2013-08-02,2013,Q2
AIN,PaymentsToAcquirePropertyPlantAndEquipment,2013-07-01,2013-09-30,18378000,10-Q,2013-11-05,2013,Q3
AIN,PaymentsToAcquirePropertyPlantAndEquipment,2014-01-01,2014-03-31,14603000,10-Q,2014-05-06,2014,Q1
AIN,PaymentsToAcquirePropertyPlantAndEquipment,2014-04-01,2014-06-30,12799000,10-Q,2014-08-07,2014,Q2
AIN,PaymentsToAcquirePropertyPlantAndEquipment,2014-07-01,2014-09-30,18704000,10-Q,2014-11-04,2014,Q3
AIN,PaymentsToAcquirePropertyPlantAndEquipment,2015-01-01,2015-03-31,12211000,10-Q,2015-05-05,2015,Q1
AIN,PaymentsToAcquirePropertyPlantAndEquipment,2015-04-01,2015-06-30,18455000,10-Q,2015-08-05,2015,Q2
AIN,PaymentsToAcquirePropertyPlantAndEquipment,2015-07-01,2015-09-30,9023000,10-Q,2015-10-28,2015,Q3
AIN,PaymentsToAcquirePropertyPlantAndEquipment,2016-01-01,2016-03-31,7993000,10-Q,2016-05-03,2016,Q1
AIN,PaymentsToAcquirePropertyPlantAndEquipment,2016-04-01,2016-06-30,20112000,10-Q,2016-08-02,2016,Q2
AIN,PaymentsToAcquirePropertyPlantAndEquipment,2016-07-01,2016-09-30,21924000,10-Q,2016-11-01,2016,Q3
AIN,PaymentsToAcquirePropertyPlantAndEquipment,2017-01-01,2017-03-31,25045000,10-Q,2017-05-05,2017,Q1
AIN,PaymentsToAcquirePropertyPlantAndEquipment,2017-04-01,2017-06-30,21360000,10-Q,2017-08-02,2017,Q2
AIN,PaymentsToAcquirePropertyPlantAndEquipment,2017-07-01,2017-09-30,15319000,10-Q,2017-10-31,2017,Q3
AIN,PaymentsToAcquirePropertyPlantAndEquipment,2018-01-01,2018-03-31,15771000,10-Q,2018-05-08,2018,Q1
AIN,PaymentsToAcquirePropertyPlantAndEquipment,2018-04-01,2018-06-30,23352000,10-Q,2018-08-07,2018,Q2
AIN,PaymentsToAcquirePropertyPlantAndEquipment,2018-07-01,2018-09-30,21441000,10-Q,2018-10-31,2018,Q3
AIN,PaymentsToAcquirePropertyPlantAndEquipment,2019-01-01,2019-03-31,20798000,10-Q,2019-05-01,2019,Q1
AIN,PaymentsToAcquirePropertyPlantAndEquipment,2019-04-01,2019-06-30,14606000,10-Q,2019-07-31,2019,Q2
AIN,PaymentsToAcquirePropertyPlantAndEquipment,2019-07-01,2019-09-30,13442000,10-Q,2019-10-30,2019,Q3
AIN,PaymentsToAcquirePropertyPlantAndEquipment,2020-01-01,2020-03-31,12759000,10-Q,2020-04-30,2020,Q1
AIN,PaymentsToAcquirePropertyPlantAndEquipment,2020-04-01,2020-06-30,9212000,10-Q,2020-07-30,2020,Q2
AIN,PaymentsToAcquirePropertyPlantAndEquipment,2020-07-01,2020-09-30,9349000,10-Q,2020-10-29,2020,Q3
AIN,PaymentsToAcquirePropertyPlantAndEquipment,2021-01-01,2021-03-31,12534000,10-Q,2021-04-27,2021,Q1
AIN,PaymentsToAcquirePropertyPlantAndEquipment,2021-04-01,2021-06-30,10302000,10-Q,2021-07-28,2021,Q2
AIN,PaymentsToAcquirePropertyPlantAndEquipment,2021-07-01,2021-09-30,8918000,10-Q,2021-10-26,2021,Q3
AIN,PaymentsToAcquirePropertyPlantAndEquipment,2022-01-01,2022-03-31,15719000,10-Q,2022-04-26,2022,Q1
AIN,PaymentsToAcquirePropertyPlantAndEquipment,2022-04-01,2022-06-30,19940000,10-Q,2022-07-26,2022,Q2
AIN,PaymentsToAcquirePropertyPlantAndEquipment,2022-07-01,2022-09-30,15289000,10-Q,2022-10-25,2022,Q3
AIN,PaymentsToAcquirePropertyPlantAndEquipment,2023-01-01,2023-03-31,16275000,10-Q,2023-04-26,2023,Q1
AIN,PaymentsToAcquirePropertyPlantAndEquipment,2024-01-01,2024-03-31,26859000,10-Q,2024-04-29,2024,Q1
AIN,PaymentsToAcquirePropertyPlantAndEquipment,2025-01-01,2025-03-31,15597000,10-Q,2025-04-30,2025,Q1
AIN,PaymentsToAcquirePropertyPlantAndEquipment,2026-01-01,2026-03-31,9290000,10-Q,2026-04-30,2026,Q1
AIP,PaymentsToAcquirePropertyPlantAndEquipment,2021-01-01,2021-03-31,39000,10-Q,2022-05-10,2022,Q1
AIP,PaymentsToAcquirePropertyPlantAndEquipment,2022-01-01,2022-03-31,92000,10-Q,2022-05-10,2022,Q1
AIP,PaymentsToAcquirePropertyPlantAndEquipment,2023-01-01,2023-03-31,120000,10-Q,2023-05-04,2023,Q1
AIP,PaymentsToAcquirePropertyPlantAndEquipment,2024-01-01,2024-03-31,196000,10-Q,2024-05-02,2024,Q1
AIP,PaymentsToAcquirePropertyPlantAndEquipment,2025-01-01,2025-03-31,183000,10-Q,2025-05-13,2025,Q1
AIP,PaymentsToAcquirePropertyPlantAndEquipment,2026-01-01,2026-03-31,295000,10-Q,2026-05-12,2026,Q1
AIR,PaymentsToAcquirePropertyPlantAndEquipment,2009-06-01,2009-08-31,8943000,10-Q,2010-09-23,2011,Q1
AIR,PaymentsToAcquirePropertyPlantAndEquipment,2010-06-01,2010-08-31,37046000,10-Q,2010-09-23,2011,Q1
AIR,PaymentsToAcquirePropertyPlantAndEquipment,2011-06-01,2011-08-31,41751000,10-Q,2011-09-23,2012,Q1
AIR,PaymentsToAcquirePropertyPlantAndEquipment,2012-06-01,2012-08-31,11000000,10-Q,2012-09-25,2013,Q1
AIR,PaymentsToAcquirePropertyPlantAndEquipment,2013-06-01,2013-08-31,7200000,10-Q,2013-09-25,2014,Q1
AIR,PaymentsToAcquirePropertyPlantAndEquipment,2014-06-01,2014-08-31,9000000,10-Q,2014-09-24,2015,Q1
AIR,PaymentsToAcquirePropertyPlantAndEquipment,2015-06-01,2015-08-31,15000000,10-Q,2015-09-25,2016,Q1
AIR,PaymentsToAcquirePropertyPlantAndEquipment,2016-06-01,2016-08-31,9400000,10-Q,2016-09-23,2017,Q1
AIR,PaymentsToAcquirePropertyPlantAndEquipment,2017-06-01,2017-08-31,8200000,10-Q,2017-09-20,2018,Q1
AIR,PaymentsToAcquirePropertyPlantAndEquipment,2018-06-01,2018-08-31,4200000,10-Q,2018-09-27,2019,Q1
AIR,PaymentsToAcquirePropertyPlantAndEquipment,2019-06-01,2019-08-31,4500000,10-Q,2019-09-26,2020,Q1
AIR,PaymentsToAcquirePropertyPlantAndEquipment,2020-06-01,2020-08-31,3300000,10-Q,2020-09-24,2021,Q1
AIR,PaymentsToAcquirePropertyPlantAndEquipment,2021-06-01,2021-08-31,2200000,10-Q,2021-09-23,2022,Q1
AIR,PaymentsToAcquirePropertyPlantAndEquipment,2022-06-01,2022-08-31,6700000,10-Q,2022-09-22,2023,Q1
AIR,PaymentsToAcquirePropertyPlantAndEquipment,2023-06-01,2023-08-31,9100000,10-Q,2023-09-26,2023,Q1
AIR,PaymentsToAcquirePropertyPlantAndEquipment,2024-06-01,2024-08-31,7900000,10-Q,2024-09-24,2025,Q1
AIR,PaymentsToAcquirePropertyPlantAndEquipment,2025-06-01,2025-08-31,8700000,10-Q,2025-09-23,2026,Q1
AIR,PaymentsToAcquirePropertyPlantAndEquipment,2026-06-01,2026-08-31,11800000,10-Q,2026-09-29,2027,Q1
AIRG,PaymentsToAcquirePropertyPlantAndEquipment,2016-01-01,2016-03-31,41030,10-Q,2017-05-12,2017,Q1
AIRG,PaymentsToAcquirePropertyPlantAndEquipment,2017-01-01,2017-03-31,119312,10-Q,2017-05-12,2017,Q1
AIRG,PaymentsToAcquirePropertyPlantAndEquipment,2018-01-01,2018-03-31,503214,10-Q,2018-05-10,2018,Q1
AIRG,PaymentsToAcquirePropertyPlantAndEquipment,2019-01-01,2019-03-31,159126,10-Q,2019-05-10,2019,Q1
AIRG,PaymentsToAcquirePropertyPlantAndEquipment,2020-01-01,2020-03-31,115000,10-Q,2020-05-07,2020,Q1
AIRG,PaymentsToAcquirePropertyPlantAndEquipment,2021-01-01,2021-03-31,61000,10-Q,2021-05-06,2021,Q1
AIRG,PaymentsToAcquirePropertyPlantAndEquipment,2022-01-01,2022-03-31,128000,10-Q,2022-05-10,2022,Q1
AIRG,PaymentsToAcquirePropertyPlantAndEquipment,2023-01-01,2023-03-31,89000,10-Q,2023-05-11,2023,Q1
AIRG,PaymentsToAcquirePropertyPlantAndEquipment,2024-01-01,2024-03-31,60000,10-Q,2024-05-08,2024,Q1
AIRG,PaymentsToAcquirePropertyPlantAndEquipment,2025-01-01,2025-03-31,42000,10-Q,2025-05-07,2025,Q1
AIRG,PaymentsToAcquirePropertyPlantAndEquipment,2026-01-01,2026-03-31,55000,10-Q,2026-05-06,2026,Q1
AIRI,PaymentsToAcquirePropertyPlantAndEquipment,2012-01-01,2012-03-31,54000,10-Q,2013-05-10,2013,Q1
AIRI,PaymentsToAcquirePropertyPlantAndEquipment,2013-01-01,2013-03-31,45000,10-Q,2013-05-10,2013,Q1
AIRI,PaymentsToAcquirePropertyPlantAndEquipment,2014-01-01,2014-03-31,187000,10-Q,2014-05-08,2014,Q1
AIRI,PaymentsToAcquirePropertyPlantAndEquipment,2015-01-01,2015-03-31,143000,10-Q,2015-05-15,2015,Q1
AIRI,PaymentsToAcquirePropertyPlantAndEquipment,2016-01-01,2016-03-31,355000,10-Q,2016-05-16,2016,Q1
AIRI,PaymentsToAcquirePropertyPlantAndEquipment,2017-01-01,2017-03-31,89000,10-Q/A,2017-06-02,2017,Q1
AIRI,PaymentsToAcquirePropertyPlantAndEquipment,2018-01-01,2018-03-31,144000,10-Q,2018-05-15,2018,Q1
AIRI,PaymentsToAcquirePropertyPlantAndEquipment,2019-01-01,2019-03-31,30000,10-Q,2019-05-10,2019,Q1
AIRI,PaymentsToAcquirePropertyPlantAndEquipment,2020-01-01,2020-03-31,78000,10-Q,2020-05-15,2020,Q1
AIRI,PaymentsToAcquirePropertyPlantAndEquipment,2021-01-01,2021-03-31,273000,10-Q,2021-05-11,2021,Q1
AIRI,PaymentsToAcquirePropertyPlantAndEquipment,2022-01-01,2022-03-31,430000,10-Q,2022-05-11,2022,Q1
AIRI,PaymentsToAcquirePropertyPlantAndEquipment,2023-01-01,2023-03-31,973000,10-Q,2023-08-11,2023,Q1
AIRI,PaymentsToAcquirePropertyPlantAndEquipment,2024-01-01,2024-03-31,111000,10-Q,2024-05-15,2024,Q1
AIRI,PaymentsToAcquirePropertyPlantAndEquipment,2025-01-01,2025-03-31,1217000,10-Q,2025-05-15,2025,Q1
AIRI,PaymentsToAcquirePropertyPlantAndEquipment,2026-01-01,2026-03-31,425000,10-Q,2026-05-13,2026,Q1
AJG,PaymentsToAcquirePropertyPlantAndEquipment,2010-01-01,2010-03-31,6000000,10-Q,2011-04-29,2011,Q1
AJG,PaymentsToAcquirePropertyPlantAndEquipment,2011-01-01,2011-03-31,8300000,10-Q,2011-04-29,2011,Q1
AJG,PaymentsToAcquirePropertyPlantAndEquipment,2012-01-01,2012-03-31,13400000,10-Q,2012-05-02,2012,Q1
AJG,PaymentsToAcquirePropertyPlantAndEquipment,2013-01-01,2013-03-31,9300000,10-Q,2013-05-01,2013,Q1
AJG,PaymentsToAcquirePropertyPlantAndEquipment,2014-01-01,2014-03-31,19800000,10-Q,2014-04-24,2014,Q1
AJG,PaymentsToAcquirePropertyPlantAndEquipment,2015-01-01,2015-03-31,17800000,10-Q,2015-04-28,2015,Q1
AJG,PaymentsToAcquirePropertyPlantAndEquipment,2016-01-01,2016-03-31,61900000,10-Q,2016-05-02,2016,Q1
AJG,PaymentsToAcquirePropertyPlantAndEquipment,2017-01-01,2017-03-31,29300000,10-Q,2017-04-28,2017,Q1
AKAM,PaymentsToAcquirePropertyPlantAndEquipment,2010-01-01,2010-03-31,28203000,10-Q,2011-05-10,2011,Q1
AKAM,PaymentsToAcquirePropertyPlantAndEquipment,2011-01-01,2011-03-31,35600000,10-Q,2011-05-10,2011,Q1
AKAM,PaymentsToAcquirePropertyPlantAndEquipment,2012-01-01,2012-03-31,30433000,10-Q,2012-05-10,2012,Q1
AKAM,PaymentsToAcquirePropertyPlantAndEquipment,2013-01-01,2013-03-31,46478000,10-Q,2013-05-10,2013,Q1
AKAM,PaymentsToAcquirePropertyPlantAndEquipment,2014-01-01,2014-03-31,52011000,10-Q,2014-05-12,2014,Q1
AKAM,PaymentsToAcquirePropertyPlantAndEquipment,2015-01-01,2015-03-31,91924000,10-Q,2015-05-11,2015,Q1
AKAM,PaymentsToAcquirePropertyPlantAndEquipment,2016-01-01,2016-03-31,41806000,10-Q,2016-05-09,2016,Q1
AKAM,PaymentsToAcquirePropertyPlantAndEquipment,2017-01-01,2017-03-31,45224000,10-Q,2017-05-09,2017,Q1
AKAM,PaymentsToAcquirePropertyPlantAndEquipment,2018-01-01,2018-03-31,51584000,10-Q,2018-05-09,2018,Q1
AKAM,PaymentsToAcquirePropertyPlantAndEquipment,2019-01-01,2019-03-31,69752000,10-Q,2019-05-09,2019,Q1
AKAM,PaymentsToAcquirePropertyPlantAndEquipment,2020-01-01,2020-03-31,141095000,10-Q,2020-05-08,2020,Q1
AKAM,PaymentsToAcquirePropertyPlantAndEquipment,2021-01-01,2021-03-31,87222000,10-Q,2021-05-07,2021,Q1
AKAM,PaymentsToAcquirePropertyPlantAndEquipment,2022-01-01,2022-03-31,51005000,10-Q,2022-05-09,2022,Q1
AKAM,PaymentsToAcquirePropertyPlantAndEquipment,2023-01-01,2023-03-31,141700000,10-Q,2023-05-09,2023,Q1
AKAM,PaymentsToAcquirePropertyPlantAndEquipment,2024-01-01,2024-03-31,93751000,10-Q,2024-05-09,2024,Q1
AKAM,PaymentsToAcquirePropertyPlantAndEquipment,2025-01-01,2025-03-31,117776000,10-Q,2025-05-09,2025,Q1
AKAM,PaymentsToAcquirePropertyPlantAndEquipment,2026-01-01,2026-03-31,101686000,10-Q,2026-05-08,2026,Q1
ALGN,PaymentsToAcquirePropertyPlantAndEquipment,2010-01-01,2010-03-31,4530000,10-Q,2011-05-05,2011,Q1
ALGN,PaymentsToAcquirePropertyPlantAndEquipment,2011-01-01,2011-03-31,2825000,10-Q,2011-05-05,2011,Q1
ALGN,PaymentsToAcquirePropertyPlantAndEquipment,2012-01-01,2012-03-31,12559000,10-Q,2012-05-08,2012,Q1
ALGN,PaymentsToAcquirePropertyPlantAndEquipment,2013-01-01,2013-03-31,5608000,10-Q,2013-05-03,2013,Q1
ALGN,PaymentsToAcquirePropertyPlantAndEquipment,2014-01-01,2014-03-31,4996000,10-Q,2014-05-01,2014,Q1
ALGN,PaymentsToAcquirePropertyPlantAndEquipment,2015-01-01,2015-03-31,15612000,10-Q,2015-05-01,2015,Q1
ALGN,PaymentsToAcquirePropertyPlantAndEquipment,2016-01-01,2016-03-31,20207000,10-Q,2016-05-05,2016,Q1
ALGN,PaymentsToAcquirePropertyPlantAndEquipment,2017-01-01,2017-03-31,59569000,10-Q,2017-05-04,2017,Q1
ALGN,PaymentsToAcquirePropertyPlantAndEquipment,2018-01-01,2018-03-31,57578000,10-Q,2018-05-03,2018,Q1
ALGN,PaymentsToAcquirePropertyPlantAndEquipment,2019-01-01,2019-03-31,35261000,10-Q,2019-05-02,2019,Q1
ALGN,PaymentsToAcquirePropertyPlantAndEquipment,2019-10-01,2019-12-31,24400000,10-K,2020-02-28,2019,FY
ALGN,PaymentsToAcquirePropertyPlantAndEquipment,2020-01-01,2020-03-31,46085000,10-Q,2020-05-05,2020,Q1
ALGN,PaymentsToAcquirePropertyPlantAndEquipment,2021-01-01,2021-03-31,43431000,10-Q,2021-05-05,2021,Q1
ALGN,PaymentsToAcquirePropertyPlantAndEquipment,2022-01-01,2022-03-31,87328000,10-Q,2022-05-05,2022,Q1
ALGN,PaymentsToAcquirePropertyPlantAndEquipment,2023-01-01,2023-03-31,64119000,10-Q,2023-05-05,2023,Q1
ALGN,PaymentsToAcquirePropertyPlantAndEquipment,2024-01-01,2024-03-31,9369000,10-Q,2024-05-03,2024,Q1
ALGN,PaymentsToAcquirePropertyPlantAndEquipment,2025-01-01,2025-03-31,25289000,10-Q,2025-05-08,2025,Q1
ALGN,PaymentsToAcquirePropertyPlantAndEquipment,2026-01-01,2026-03-31,30785000,10-Q,2026-05-06,2026,Q1
ALKT,PaymentsToAcquirePropertyPlantAndEquipment,2020-01-01,2020-03-31,1195000,10-Q,2021-05-12,2021,Q1
ALKT,PaymentsToAcquirePropertyPlantAndEquipment,2021-01-01,2021-03-31,180000,10-Q,2021-05-12,2021,Q1
ALKT,PaymentsToAcquirePropertyPlantAndEquipment,2022-01-01,2022-03-31,282000,10-Q,2022-05-06,2022,Q1
ALKT,PaymentsToAcquirePropertyPlantAndEquipment,2023-01-01,2023-03-31,229000,10-Q,2023-05-04,2023,Q1
ALKT,PaymentsToAcquirePropertyPlantAndEquipment,2024-01-01,2024-03-31,306000,10-Q,2024-05-02,2024,Q1
ALKT,PaymentsToAcquirePropertyPlantAndEquipment,2025-01-01,2025-03-31,485000,10-Q,2025-05-01,2025,Q1
AM,PaymentsToAcquirePropertyPlantAndEquipment,2019-01-01,2019-03-31,7677000,10-Q,2019-05-01,2019,Q1
AM,PaymentsToAcquirePropertyPlantAndEquipment,2020-01-01,2020-03-31,54659000,10-Q,2020-04-29,2019,Q3
AM,PaymentsToAcquirePropertyPlantAndEquipment,2021-01-01,2021-03-31,15059000,10-Q,2021-04-28,2021,Q1
AMBA,PaymentsToAcquirePropertyPlantAndEquipment,2012-02-01,2012-04-30,147000,10-Q,2013-06-12,2013,Q1
AMBA,PaymentsToAcquirePropertyPlantAndEquipment,2013-02-01,2013-04-30,579000,10-Q,2013-06-12,2013,Q1
AMBA,PaymentsToAcquirePropertyPlantAndEquipment,2014-02-01,2014-04-30,224000,10-Q,2014-06-06,2015,Q1
AMBA,PaymentsToAcquirePropertyPlantAndEquipment,2015-02-01,2015-04-30,376000,10-Q,2015-06-08,2016,Q1
AMBA,PaymentsToAcquirePropertyPlantAndEquipment,2016-02-01,2016-04-30,469000,10-Q,2016-06-08,2017,Q1
AMBA,PaymentsToAcquirePropertyPlantAndEquipment,2017-02-01,2017-04-30,955000,10-Q,2017-06-08,2018,Q1
AMBA,PaymentsToAcquirePropertyPlantAndEquipment,2018-02-01,2018-04-30,671000,10-Q,2018-06-08,2019,Q1
AMBA,PaymentsToAcquirePropertyPlantAndEquipment,2019-02-01,2019-04-30,513000,10-Q,2019-06-07,2020,Q1
AMBA,PaymentsToAcquirePropertyPlantAndEquipment,2020-02-01,2020-04-30,428000,10-Q,2020-06-08,2021,Q1
AMD,PaymentsToAcquirePropertyPlantAndEquipment,2009-12-27,2010-03-27,48000000,10-Q,2011-05-10,2011,Q1
AMD,PaymentsToAcquirePropertyPlantAndEquipment,2010-12-26,2011-04-02,38000000,10-Q,2011-05-10,2011,Q1
AMD,PaymentsToAcquirePropertyPlantAndEquipment,2012-01-01,2012-03-31,40000000,10-Q,2012-05-09,2012,Q1
AMD,PaymentsToAcquirePropertyPlantAndEquipment,2012-12-30,2013-03-30,20000000,10-Q,2013-05-06,2013,Q1
AMD,PaymentsToAcquirePropertyPlantAndEquipment,2013-12-29,2014-03-29,21000000,10-Q,2014-05-01,2014,Q1
AMD,PaymentsToAcquirePropertyPlantAndEquipment,2014-12-28,2015-03-28,22000000,10-Q,2015-04-29,2015,Q1
AMD,PaymentsToAcquirePropertyPlantAndEquipment,2015-12-27,2016-03-26,26000000,10-Q,2016-04-28,2016,Q1
AMD,PaymentsToAcquirePropertyPlantAndEquipment,2017-01-01,2017-04-01,23000000,10-Q,2017-05-08,2017,Q1
AMD,PaymentsToAcquirePropertyPlantAndEquipment,2017-12-31,2018-03-31,46000000,10-Q,2018-05-03,2018,Q1
AMD,PaymentsToAcquirePropertyPlantAndEquipment,2018-12-30,2019-03-30,62000000,10-Q,2019-05-01,2019,Q1
AMD,PaymentsToAcquirePropertyPlantAndEquipment,2019-12-29,2020-03-28,55000000,10-Q,2020-04-29,2020,Q1
AMD,PaymentsToAcquirePropertyPlantAndEquipment,2020-12-27,2021-03-27,66000000,10-Q,2021-04-28,2021,Q1
AMD,PaymentsToAcquirePropertyPlantAndEquipment,2021-12-26,2022-03-26,71000000,10-Q,2022-05-04,2022,Q1
AMD,PaymentsToAcquirePropertyPlantAndEquipment,2023-01-01,2023-04-01,158000000,10-Q,2023-05-03,2023,Q1
AMD,PaymentsToAcquirePropertyPlantAndEquipment,2023-12-31,2024-03-30,142000000,10-Q,2024-05-01,2024,Q1
AMD,PaymentsToAcquirePropertyPlantAndEquipment,2024-12-29,2025-03-29,212000000,10-Q,2025-05-07,2025,Q1
AMD,PaymentsToAcquirePropertyPlantAndEquipment,2025-12-28,2026-03-28,389000000,10-Q,2026-05-06,2026,Q1
AME,PaymentsToAcquirePropertyPlantAndEquipment,2009-01-01,2009-03-31,6106000,10-Q,2010-05-05,2010,Q1
AME,PaymentsToAcquirePropertyPlantAndEquipment,2010-01-01,2010-03-31,5811000,10-Q,2010-05-05,2010,Q1
AME,PaymentsToAcquirePropertyPlantAndEquipment,2011-01-01,2011-03-31,10371000,10-Q,2011-05-05,2011,Q1
AME,PaymentsToAcquirePropertyPlantAndEquipment,2012-01-01,2012-03-31,8398000,10-Q,2012-05-03,2012,Q1
AME,PaymentsToAcquirePropertyPlantAndEquipment,2013-01-01,2013-03-31,10921000,10-Q,2013-05-02,2013,Q1
AME,PaymentsToAcquirePropertyPlantAndEquipment,2014-01-01,2014-03-31,14460000,10-Q,2014-05-06,2014,Q1
AME,PaymentsToAcquirePropertyPlantAndEquipment,2015-01-01,2015-03-31,14372000,10-Q,2015-05-01,2015,Q1
AME,PaymentsToAcquirePropertyPlantAndEquipment,2016-01-01,2016-03-31,11115000,10-Q,2016-05-04,2016,Q1
AME,PaymentsToAcquirePropertyPlantAndEquipment,2017-01-01,2017-03-31,13385000,10-Q,2017-05-08,2017,Q1
AME,PaymentsToAcquirePropertyPlantAndEquipment,2018-01-01,2018-03-31,12270000,10-Q,2018-05-03,2018,Q1
AME,PaymentsToAcquirePropertyPlantAndEquipment,2019-01-01,2019-03-31,21417000,10-Q,2019-05-02,2019,Q1
AME,PaymentsToAcquirePropertyPlantAndEquipment,2020-01-01,2020-03-31,16931000,10-Q,2020-05-05,2020,Q1
AME,PaymentsToAcquirePropertyPlantAndEquipment,2021-01-01,2021-03-31,17537000,10-Q,2021-05-04,2021,Q1
AME,PaymentsToAcquirePropertyPlantAndEquipment,2022-01-01,2022-03-31,26389000,10-Q,2022-05-03,2022,Q1
AME,PaymentsToAcquirePropertyPlantAndEquipment,2023-01-01,2023-03-31,20006000,10-Q,2023-05-02,2023,Q1
AME,PaymentsToAcquirePropertyPlantAndEquipment,2024-01-01,2024-03-31,27652000,10-Q,2024-05-02,2024,Q1
AME,PaymentsToAcquirePropertyPlantAndEquipment,2025-01-01,2025-03-31,23069000,10-Q,2025-05-01,2025,Q1
AME,PaymentsToAcquirePropertyPlantAndEquipment,2026-01-01,2026-03-31,25468000,10-Q,2026-04-30,2026,Q1
AMPL,PaymentsToAcquirePropertyPlantAndEquipment,2021-01-01,2021-03-31,250000,10-Q,2022-05-05,2022,Q1
AMPL,PaymentsToAcquirePropertyPlantAndEquipment,2022-01-01,2022-03-31,713000,10-Q,2022-05-05,2022,Q1
AMPL,PaymentsToAcquirePropertyPlantAndEquipment,2023-01-01,2023-03-31,329000,10-Q,2023-05-10,2023,Q1
AMPL,PaymentsToAcquirePropertyPlantAndEquipment,2024-01-01,2024-03-31,357000,10-Q,2024-05-09,2024,Q1
AMPL,PaymentsToAcquirePropertyPlantAndEquipment,2025-01-01,2025-03-31,439000,10-Q,2025-05-07,2025,Q1
AMPL,PaymentsToAcquirePropertyPlantAndEquipment,2026-01-01,2026-03-31,435000,10-Q,2026-05-07,2026,Q1
AMPX,PaymentsToAcquirePropertyPlantAndEquipment,2022-01-01,2022-03-31,34000,10-Q,2023-05-11,2023,Q1
AMPX,PaymentsToAcquirePropertyPlantAndEquipment,2023-01-01,2023-03-31,1140000,10-Q,2023-05-11,2023,Q1
AMPX,PaymentsToAcquirePropertyPlantAndEquipment,2024-01-01,2024-03-31,3896000,10-Q,2024-05-09,2024,Q1
AMPX,PaymentsToAcquirePropertyPlantAndEquipment,2025-01-01,2025-03-31,913000,10-Q,2025-05-08,2025,Q1
AMPX,PaymentsToAcquirePropertyPlantAndEquipment,2026-01-01,2026-03-31,980000,10-Q,2026-05-07,2026,Q1
AMRC,PaymentsToAcquirePropertyPlantAndEquipment,2010-04-01,2010-06-30,59719,10-Q,2011-08-12,2011,Q2
AMRC,PaymentsToAcquirePropertyPlantAndEquipment,2010-07-01,2010-09-30,877781,10-Q,2011-11-14,2011,Q3
AMRC,PaymentsToAcquirePropertyPlantAndEquipment,2011-01-01,2011-03-31,895230,10-Q,2012-05-10,2012,Q1
AMRC,PaymentsToAcquirePropertyPlantAndEquipment,2011-04-01,2011-06-30,911404,10-Q,2011-08-12,2011,Q2
AMRC,PaymentsToAcquirePropertyPlantAndEquipment,2011-07-01,2011-09-30,863145,10-Q,2011-11-14,2011,Q3
AMRC,PaymentsToAcquirePropertyPlantAndEquipment,2012-01-01,2012-03-31,1276533,10-Q,2012-05-10,2012,Q1
AMRC,PaymentsToAcquirePropertyPlantAndEquipment,2012-04-01,2012-06-30,1105037,10-Q,2012-08-08,2012,Q2
AMRC,PaymentsToAcquirePropertyPlantAndEquipment,2012-07-01,2012-09-30,1715410,10-Q,2012-11-09,2012,Q3
AMRC,PaymentsToAcquirePropertyPlantAndEquipment,2013-01-01,2013-03-31,1094380,10-Q,2013-05-10,2013,Q1
AMRC,PaymentsToAcquirePropertyPlantAndEquipment,2013-04-01,2013-06-30,446197,10-Q,2013-08-09,2013,Q2
AMRC,PaymentsToAcquirePropertyPlantAndEquipment,2013-07-01,2013-09-30,790427,10-Q,2013-11-08,2013,Q3
AMRC,PaymentsToAcquirePropertyPlantAndEquipment,2014-01-01,2014-03-31,266000,10-Q,2014-05-09,2014,Q1
AMRC,PaymentsToAcquirePropertyPlantAndEquipment,2015-01-01,2015-03-31,285000,10-Q,2015-05-07,2015,Q1
AMRC,PaymentsToAcquirePropertyPlantAndEquipment,2016-01-01,2016-03-31,497000,10-Q,2016-05-05,2016,Q1
AMRC,PaymentsToAcquirePropertyPlantAndEquipment,2017-01-01,2017-03-31,387000,10-Q,2017-05-02,2017,Q1
AMRC,PaymentsToAcquirePropertyPlantAndEquipment,2018-01-01,2018-03-31,1015000,10-Q,2018-05-03,2018,Q1
AMRC,PaymentsToAcquirePropertyPlantAndEquipment,2019-01-01,2019-03-31,1287000,10-Q,2019-05-02,2019,Q1
AMRC,PaymentsToAcquirePropertyPlantAndEquipment,2020-01-01,2020-03-31,724000,10-Q,2020-05-05,2020,Q1
AMRC,PaymentsToAcquirePropertyPlantAndEquipment,2021-01-01,2021-03-31,656000,10-Q,2021-05-05,2021,Q1
AMRC,PaymentsToAcquirePropertyPlantAndEquipment,2022-01-01,2022-03-31,889000,10-Q,2022-05-03,2022,Q1
AMRC,PaymentsToAcquirePropertyPlantAndEquipment,2023-01-01,2023-03-31,1657000,10-Q,2023-05-02,2023,Q1
AMRC,PaymentsToAcquirePropertyPlantAndEquipment,2024-01-01,2024-03-31,962000,10-Q,2024-05-07,2024,Q1
AMRC,PaymentsToAcquirePropertyPlantAndEquipment,2025-01-01,2025-03-31,422000,10-Q,2025-05-06,2025,Q1
AMRC,PaymentsToAcquirePropertyPlantAndEquipment,2026-01-01,2026-03-31,542000,10-Q,2026-05-05,2026,Q1
AMWL,PaymentsToAcquirePropertyPlantAndEquipment,2020-01-01,2020-03-31,1254000,10-Q,2021-05-13,2021,Q1
AMWL,PaymentsToAcquirePropertyPlantAndEquipment,2021-01-01,2021-03-31,148000,10-Q,2021-05-13,2021,Q1
AMWL,PaymentsToAcquirePropertyPlantAndEquipment,2022-01-01,2022-03-31,68000,10-Q,2022-05-10,2022,Q1
AMWL,PaymentsToAcquirePropertyPlantAndEquipment,2023-01-01,2023-03-31,18000,10-Q,2023-05-03,2023,Q1
AMWL,PaymentsToAcquirePropertyPlantAndEquipment,2024-01-01,2024-03-31,75000,10-Q,2024-05-01,2024,Q1
AMWL,PaymentsToAcquirePropertyPlantAndEquipment,2025-01-01,2025-03-31,9000,10-Q,2025-05-01,2025,Q1
AMWL,PaymentsToAcquirePropertyPlantAndEquipment,2026-01-01,2026-03-31,5000,10-Q,2026-05-05,2026,Q1
AN,PaymentsToAcquirePropertyPlantAndEquipment,2010-01-01,2010-03-31,14000000,10-Q,2011-04-26,2011,Q1
AN,PaymentsToAcquirePropertyPlantAndEquipment,2011-01-01,2011-03-31,24700000,10-Q,2011-04-26,2011,Q1
AN,PaymentsToAcquirePropertyPlantAndEquipment,2012-01-01,2012-03-31,36300000,10-Q,2012-04-25,2012,Q1
AN,PaymentsToAcquirePropertyPlantAndEquipment,2013-01-01,2013-03-31,37200000,10-Q,2014-04-18,2014,Q1
AN,PaymentsToAcquirePropertyPlantAndEquipment,2014-01-01,2014-03-31,49300000,10-Q,2014-04-18,2014,Q1
AN,PaymentsToAcquirePropertyPlantAndEquipment,2015-01-01,2015-03-31,66400000,10-Q,2015-04-22,2015,Q1
AN,PaymentsToAcquirePropertyPlantAndEquipment,2016-01-01,2016-03-31,54700000,10-Q,2016-04-22,2016,Q1
AN,PaymentsToAcquirePropertyPlantAndEquipment,2017-01-01,2017-03-31,90100000,10-Q,2017-04-25,2017,Q1
AN,PaymentsToAcquirePropertyPlantAndEquipment,2018-01-01,2018-03-31,101500000,10-Q,2018-05-01,2018,Q1
AN,PaymentsToAcquirePropertyPlantAndEquipment,2019-01-01,2019-03-31,60000000,10-Q,2019-04-26,2019,Q1
AN,PaymentsToAcquirePropertyPlantAndEquipment,2020-01-01,2020-03-31,42200000,10-Q,2020-05-11,2020,Q1
AN,PaymentsToAcquirePropertyPlantAndEquipment,2021-01-01,2021-03-31,41300000,10-Q,2021-04-22,2021,Q1
AN,PaymentsToAcquirePropertyPlantAndEquipment,2022-01-01,2022-03-31,56600000,10-Q,2022-04-21,2022,Q1
AN,PaymentsToAcquirePropertyPlantAndEquipment,2023-01-01,2023-03-31,95300000,10-Q,2023-04-20,2023,Q1
AN,PaymentsToAcquirePropertyPlantAndEquipment,2024-01-01,2024-03-31,93700000,10-Q,2024-04-26,2024,Q1
AN,PaymentsToAcquirePropertyPlantAndEquipment,2025-01-01,2025-03-31,75200000,10-Q,2025-04-25,2025,Q1
AN,PaymentsToAcquirePropertyPlantAndEquipment,2026-01-01,2026-03-31,56400000,10-Q,2026-05-01,2026,Q1
ANET,PaymentsToAcquirePropertyPlantAndEquipment,2014-01-01,2014-03-31,3103000,10-Q,2015-05-15,2015,Q1
ANET,PaymentsToAcquirePropertyPlantAndEquipment,2015-01-01,2015-03-31,5136000,10-Q,2015-05-15,2015,Q1
ANET,PaymentsToAcquirePropertyPlantAndEquipment,2016-01-01,2016-03-31,7962000,10-Q,2016-05-05,2016,Q1
ANET,PaymentsToAcquirePropertyPlantAndEquipment,2017-01-01,2017-03-31,4645000,10-Q,2017-05-08,2017,Q1
ANET,PaymentsToAcquirePropertyPlantAndEquipment,2018-01-01,2018-03-31,6336000,10-Q,2018-05-04,2018,Q1
ANET,PaymentsToAcquirePropertyPlantAndEquipment,2019-01-01,2019-03-31,5237000,10-Q,2019-05-06,2019,Q1
ANET,PaymentsToAcquirePropertyPlantAndEquipment,2020-01-01,2020-03-31,3107000,10-Q,2020-05-06,2020,Q1
ANET,PaymentsToAcquirePropertyPlantAndEquipment,2021-01-01,2021-03-31,5096000,10-Q,2021-05-06,2021,Q1
ANET,PaymentsToAcquirePropertyPlantAndEquipment,2022-01-01,2022-03-31,14876000,10-Q,2022-05-03,2022,Q1
ANET,PaymentsToAcquirePropertyPlantAndEquipment,2023-01-01,2023-03-31,5631000,10-Q,2023-05-02,2023,Q1
ANET,PaymentsToAcquirePropertyPlantAndEquipment,2024-01-01,2024-03-31,9395000,10-Q,2024-05-08,2024,Q1
ANET,PaymentsToAcquirePropertyPlantAndEquipment,2025-01-01,2025-03-31,28400000,10-Q,2025-05-07,2025,Q1
ANET,PaymentsToAcquirePropertyPlantAndEquipment,2026-01-01,2026-03-31,54500000,10-Q,2026-05-06,2026,Q1
APD,PaymentsToAcquirePropertyPlantAndEquipment,2008-10-01,2008-12-31,291700000,10-Q,2010-01-26,2010,Q1
APD,PaymentsToAcquirePropertyPlantAndEquipment,2009-10-01,2009-12-31,288800000,10-Q,2010-01-26,2010,Q1
APD,PaymentsToAcquirePropertyPlantAndEquipment,2010-10-01,2010-12-31,306900000,10-Q,2011-01-26,2011,Q1
APD,PaymentsToAcquirePropertyPlantAndEquipment,2011-10-01,2011-12-31,349700000,10-Q,2012-01-27,2012,Q1
APD,PaymentsToAcquirePropertyPlantAndEquipment,2012-10-01,2012-12-31,357000000,10-Q,2013-01-25,2013,Q1
APD,PaymentsToAcquirePropertyPlantAndEquipment,2013-10-01,2013-12-31,391100000,10-Q,2014-01-29,2014,Q1
APD,PaymentsToAcquirePropertyPlantAndEquipment,2014-10-01,2014-12-31,446500000,10-Q,2015-01-30,2015,Q1
APD,PaymentsToAcquirePropertyPlantAndEquipment,2015-10-01,2015-12-31,350600000,10-Q,2016-01-29,2016,Q1
APD,PaymentsToAcquirePropertyPlantAndEquipment,2016-10-01,2016-12-31,239200000,10-Q,2017-01-27,2017,Q1
APD,PaymentsToAcquirePropertyPlantAndEquipment,2017-10-01,2017-12-31,256600000,10-Q,2018-01-26,2018,Q1
APD,PaymentsToAcquirePropertyPlantAndEquipment,2018-10-01,2018-12-31,403400000,10-Q,2019-01-25,2019,Q1
APD,PaymentsToAcquirePropertyPlantAndEquipment,2019-10-01,2019-12-31,447700000,10-Q,2020-01-24,2020,Q1
APD,PaymentsToAcquirePropertyPlantAndEquipment,2020-10-01,2020-12-31,664200000,10-Q,2021-02-04,2021,Q1
APD,PaymentsToAcquirePropertyPlantAndEquipment,2021-10-01,2021-12-31,663800000,10-Q,2022-02-04,2022,Q1
APD,PaymentsToAcquirePropertyPlantAndEquipment,2022-10-01,2022-12-31,834200000,10-Q,2023-02-02,2023,Q1
APD,PaymentsToAcquirePropertyPlantAndEquipment,2023-10-01,2023-12-31,1445500000,10-Q,2024-02-05,2024,Q1
APD,PaymentsToAcquirePropertyPlantAndEquipment,2024-10-01,2024-12-31,2117600000,10-Q,2025-02-06,2025,Q1
APD,PaymentsToAcquirePropertyPlantAndEquipment,2025-10-01,2025-12-31,1251200000,10-Q,2026-01-30,2026,Q1
APG,PaymentsToAcquirePropertyPlantAndEquipment,2019-01-01,2019-03-31,22000000,10-Q,2020-06-02,2020,Q1
APG,PaymentsToAcquirePropertyPlantAndEquipment,2020-01-01,2020-03-31,11000000,10-Q,2020-06-02,2020,Q1
APG,PaymentsToAcquirePropertyPlantAndEquipment,2021-01-01,2021-03-31,18000000,10-Q,2021-05-12,2021,Q1
APG,PaymentsToAcquirePropertyPlantAndEquipment,2022-01-01,2022-03-31,12000000,10-Q,2022-05-04,2022,Q1
APG,PaymentsToAcquirePropertyPlantAndEquipment,2023-01-01,2023-03-31,21000000,10-Q,2023-05-04,2023,Q1
APG,PaymentsToAcquirePropertyPlantAndEquipment,2024-01-01,2024-03-31,22000000,10-Q,2024-05-02,2024,Q1
APG,PaymentsToAcquirePropertyPlantAndEquipment,2025-01-01,2025-03-31,12000000,10-Q,2025-05-01,2025,Q1
APG,PaymentsToAcquirePropertyPlantAndEquipment,2026-01-01,2026-03-31,18000000,10-Q,2026-04-30,2026,Q1
APLD,PaymentsToAcquirePropertyPlantAndEquipment,2021-06-01,2021-08-31,988000,10-Q,2022-10-12,2023,Q1
APLD,PaymentsToAcquirePropertyPlantAndEquipment,2022-06-01,2022-08-31,31673000,10-Q,2022-10-12,2023,Q1
APLD,PaymentsToAcquirePropertyPlantAndEquipment,2023-06-01,2023-08-31,75659000,10-Q,2023-10-10,2024,Q1
APOG,PaymentsToAcquirePropertyPlantAndEquipment,2011-02-27,2011-05-28,1614000,10-Q,2012-07-12,2012,Q1
APOG,PaymentsToAcquirePropertyPlantAndEquipment,2012-03-04,2012-06-02,9509000,10-Q,2012-07-12,2012,Q1
APOG,PaymentsToAcquirePropertyPlantAndEquipment,2013-03-03,2013-06-01,1512000,10-Q,2013-07-11,2013,Q1
APOG,PaymentsToAcquirePropertyPlantAndEquipment,2014-03-02,2014-05-31,8738000,10-Q,2014-07-10,2014,Q1
APOG,PaymentsToAcquirePropertyPlantAndEquipment,2015-03-01,2015-05-30,8753000,10-Q,2015-07-09,2015,Q1
APOG,PaymentsToAcquirePropertyPlantAndEquipment,2016-02-28,2016-05-28,17725000,10-Q,2016-07-07,2016,Q1
APOG,PaymentsToAcquirePropertyPlantAndEquipment,2017-03-05,2017-06-03,11430000,10-Q,2017-07-12,2017,Q1
APOG,PaymentsToAcquirePropertyPlantAndEquipment,2018-03-04,2018-06-02,9327000,10-Q,2018-07-12,2018,Q1
APOG,PaymentsToAcquirePropertyPlantAndEquipment,2019-03-03,2019-06-01,11198000,10-Q,2019-07-11,2020,Q1
APOG,PaymentsToAcquirePropertyPlantAndEquipment,2020-03-01,2020-05-30,8606000,10-Q,2020-07-09,2021,Q1
APOG,PaymentsToAcquirePropertyPlantAndEquipment,2021-02-28,2021-05-29,4705000,10-Q,2021-07-01,2022,Q1
APOG,PaymentsToAcquirePropertyPlantAndEquipment,2022-02-27,2022-05-28,5125000,10-Q,2022-07-01,2023,Q1
APOG,PaymentsToAcquirePropertyPlantAndEquipment,2023-02-26,2023-05-27,7398000,10-Q,2023-06-28,2024,Q1
APOG,PaymentsToAcquirePropertyPlantAndEquipment,2024-03-03,2024-06-01,7229000,10-Q,2024-07-09,2025,Q1
APOG,PaymentsToAcquirePropertyPlantAndEquipment,2025-03-02,2025-05-31,7167000,10-Q,2025-07-02,2026,Q1
APOG,PaymentsToAcquirePropertyPlantAndEquipment,2026-03-01,2026-05-30,6289000,10-Q,2026-06-30,2027,Q1
APPF,PaymentsToAcquirePropertyPlantAndEquipment,2015-01-01,2015-03-31,721000,10-Q,2016-05-09,2016,Q1
APPF,PaymentsToAcquirePropertyPlantAndEquipment,2016-01-01,2016-03-31,1891000,10-Q,2016-05-09,2016,Q1
APPF,PaymentsToAcquirePropertyPlantAndEquipment,2017-01-01,2017-03-31,392000,10-Q,2017-05-05,2017,Q1
APPF,PaymentsToAcquirePropertyPlantAndEquipment,2018-01-01,2018-03-31,263000,10-Q,2018-04-30,2018,Q1
APPF,PaymentsToAcquirePropertyPlantAndEquipment,2019-01-01,2019-03-31,1030000,10-Q,2019-05-02,2019,Q1
APPF,PaymentsToAcquirePropertyPlantAndEquipment,2020-01-01,2020-03-31,7992000,10-Q,2020-05-04,2020,Q1
APPF,PaymentsToAcquirePropertyPlantAndEquipment,2021-01-01,2021-03-31,938000,10-Q,2021-05-10,2021,Q1
APPF,PaymentsToAcquirePropertyPlantAndEquipment,2022-01-01,2022-03-31,1830000,10-Q,2022-05-09,2022,Q1
APPF,PaymentsToAcquirePropertyPlantAndEquipment,2023-01-01,2023-03-31,794000,10-Q,2023-04-28,2023,Q1
APPF,PaymentsToAcquirePropertyPlantAndEquipment,2024-01-01,2024-03-31,1420000,10-Q,2024-04-26,2024,Q1
APPF,PaymentsToAcquirePropertyPlantAndEquipment,2025-01-01,2025-03-31,230000,10-Q,2025-04-24,2025,Q1
APPF,PaymentsToAcquirePropertyPlantAndEquipment,2026-01-01,2026-03-31,231000,10-Q,2026-04-23,2026,Q1
APPN,PaymentsToAcquirePropertyPlantAndEquipment,2017-01-01,2017-03-31,105000,10-Q,2018-05-03,2018,Q1
APPN,PaymentsToAcquirePropertyPlantAndEquipment,2018-01-01,2018-03-31,1036000,10-Q,2018-05-03,2018,Q1
APPN,PaymentsToAcquirePropertyPlantAndEquipment,2019-01-01,2019-03-31,16595000,10-Q,2019-05-02,2019,Q1
APPN,PaymentsToAcquirePropertyPlantAndEquipment,2020-01-01,2020-03-31,202000,10-Q,2020-05-07,2020,Q1
APPN,PaymentsToAcquirePropertyPlantAndEquipment,2021-01-01,2021-03-31,468000,10-Q,2021-05-06,2021,Q1
APPN,PaymentsToAcquirePropertyPlantAndEquipment,2022-01-01,2022-03-31,3390000,10-Q,2022-05-05,2022,Q1
APPN,PaymentsToAcquirePropertyPlantAndEquipment,2023-01-01,2023-03-31,4421000,10-Q,2023-05-09,2023,Q1
APPN,PaymentsToAcquirePropertyPlantAndEquipment,2024-01-01,2024-03-31,2198000,10-Q,2024-05-02,2024,Q1
APPN,PaymentsToAcquirePropertyPlantAndEquipment,2025-01-01,2025-03-31,651000,10-Q,2025-05-08,2025,Q1
APPN,PaymentsToAcquirePropertyPlantAndEquipment,2026-01-01,2026-03-31,188000,10-Q,2026-05-07,2026,Q1
ARAY,PaymentsToAcquirePropertyPlantAndEquipment,2010-07-01,2010-09-30,1332000,10-Q,2011-11-08,2012,Q1
ARAY,PaymentsToAcquirePropertyPlantAndEquipment,2011-07-01,2011-09-30,995000,10-Q,2011-11-08,2012,Q1
ARAY,PaymentsToAcquirePropertyPlantAndEquipment,2012-07-01,2012-09-30,5319000,10-Q,2012-11-08,2013,Q1
ARAY,PaymentsToAcquirePropertyPlantAndEquipment,2013-07-01,2013-09-30,3206000,10-Q,2013-11-08,2014,Q1
ARAY,PaymentsToAcquirePropertyPlantAndEquipment,2014-07-01,2014-09-30,2691000,10-Q,2014-11-07,2015,Q1
ARAY,PaymentsToAcquirePropertyPlantAndEquipment,2015-07-01,2015-09-30,1544000,10-Q,2015-11-05,2016,Q1
ARAY,PaymentsToAcquirePropertyPlantAndEquipment,2016-07-01,2016-09-30,1299000,10-Q,2016-11-01,2017,Q1
ARAY,PaymentsToAcquirePropertyPlantAndEquipment,2017-07-01,2017-09-30,929000,10-Q,2017-11-03,2018,Q1
ARAY,PaymentsToAcquirePropertyPlantAndEquipment,2018-07-01,2018-09-30,1602000,10-Q,2018-11-06,2019,Q1
ARAY,PaymentsToAcquirePropertyPlantAndEquipment,2019-07-01,2019-09-30,1267000,10-Q,2019-11-06,2020,Q1
ARAY,PaymentsToAcquirePropertyPlantAndEquipment,2020-07-01,2020-09-30,569000,10-Q,2020-11-04,2021,Q1
ARAY,PaymentsToAcquirePropertyPlantAndEquipment,2021-07-01,2021-09-30,1456000,10-Q,2021-11-04,2022,Q1
ARAY,PaymentsToAcquirePropertyPlantAndEquipment,2022-07-01,2022-09-30,1272000,10-Q,2022-11-03,2022,Q1
ARAY,PaymentsToAcquirePropertyPlantAndEquipment,2023-07-01,2023-09-30,1092000,10-Q,2023-11-07,2024,Q1
ARAY,PaymentsToAcquirePropertyPlantAndEquipment,2024-07-01,2024-09-30,1120000,10-Q,2024-11-06,2024,Q1
ARAY,PaymentsToAcquirePropertyPlantAndEquipment,2025-07-01,2025-09-30,1904000,10-Q,2025-11-05,2025,Q1
ARBE,PaymentsToAcquirePropertyPlantAndEquipment,2024-01-01,2024-03-31,81000,6-K,2025-05-20,2025,Q1
ARBE,PaymentsToAcquirePropertyPlantAndEquipment,2024-04-01,2024-06-30,126000,6-K,2025-08-07,2025,Q2
ARBE,PaymentsToAcquirePropertyPlantAndEquipment,2024-07-01,2024-09-30,119000,6-K,2025-11-17,2025,Q3
ARBE,PaymentsToAcquirePropertyPlantAndEquipment,2024-10-01,2024-12-31,65000,6-K,2026-02-26,2025,FY
ARBE,PaymentsToAcquirePropertyPlantAndEquipment,2025-01-01,2025-03-31,25000,6-K,2025-05-20,2025,Q1
ARBE,PaymentsToAcquirePropertyPlantAndEquipment,2025-04-01,2025-06-30,59000,6-K,2025-08-07,2025,Q2
ARBE,PaymentsToAcquirePropertyPlantAndEquipment,2025-07-01,2025-09-30,153000,6-K,2025-11-17,2025,Q3
ARBE,PaymentsToAcquirePropertyPlantAndEquipment,2025-10-01,2025-12-31,29000,6-K,2026-02-26,2025,FY
ARLO,PaymentsToAcquirePropertyPlantAndEquipment,2018-01-01,2018-04-01,410000,10-Q,2019-05-06,2019,Q1
ARLO,PaymentsToAcquirePropertyPlantAndEquipment,2019-01-01,2019-03-31,4260000,10-Q,2019-05-06,2019,Q1
ARLO,PaymentsToAcquirePropertyPlantAndEquipment,2020-01-01,2020-03-29,1111000,10-Q,2020-05-11,2020,Q1
ARLO,PaymentsToAcquirePropertyPlantAndEquipment,2021-01-01,2021-03-28,803000,10-Q,2021-05-06,2021,Q1
ARLO,PaymentsToAcquirePropertyPlantAndEquipment,2022-01-01,2022-04-03,298000,10-Q,2022-05-11,2022,Q1
ARLO,PaymentsToAcquirePropertyPlantAndEquipment,2023-01-01,2023-04-02,923000,10-Q,2023-05-11,2023,Q1
ARLO,PaymentsToAcquirePropertyPlantAndEquipment,2024-01-01,2024-03-31,356000,10-Q,2024-05-09,2024,Q1
ARLO,PaymentsToAcquirePropertyPlantAndEquipment,2025-01-01,2025-03-30,2803000,10-Q,2025-05-08,2025,Q1
ARLP,PaymentsToAcquirePropertyPlantAndEquipment,2010-01-01,2010-03-31,77457000,10-Q,2011-05-09,2011,Q1
ARLP,PaymentsToAcquirePropertyPlantAndEquipment,2010-04-01,2010-06-30,97391000,10-Q,2011-08-08,2011,Q2
ARLP,PaymentsToAcquirePropertyPlantAndEquipment,2011-01-01,2011-03-31,63782000,10-Q,2011-05-09,2011,Q1
ARLP,PaymentsToAcquirePropertyPlantAndEquipment,2011-04-01,2011-06-30,78651000,10-Q,2011-08-08,2011,Q2
ARLP,PaymentsToAcquirePropertyPlantAndEquipment,2012-01-01,2012-03-31,105339000,10-Q,2012-05-09,2012,Q1
ARLP,PaymentsToAcquirePropertyPlantAndEquipment,2013-01-01,2013-03-31,70306000,10-Q,2013-05-09,2013,Q1
ARLP,PaymentsToAcquirePropertyPlantAndEquipment,2014-01-01,2014-03-31,69463000,10-Q,2014-05-09,2014,Q1
ARLP,PaymentsToAcquirePropertyPlantAndEquipment,2015-01-01,2015-03-31,50330000,10-Q,2015-05-08,2015,Q1
ARLP,PaymentsToAcquirePropertyPlantAndEquipment,2016-01-01,2016-03-31,31733000,10-Q,2016-05-10,2016,Q1
ARLP,PaymentsToAcquirePropertyPlantAndEquipment,2017-01-01,2017-03-31,30346000,10-Q,2017-05-08,2017,Q1
ARLP,PaymentsToAcquirePropertyPlantAndEquipment,2018-01-01,2018-03-31,51525000,10-Q,2018-05-07,2018,Q1
ARLP,PaymentsToAcquirePropertyPlantAndEquipment,2019-01-01,2019-03-31,84043000,10-Q,2019-05-06,2019,Q1
ARLP,PaymentsToAcquirePropertyPlantAndEquipment,2020-01-01,2020-03-31,50364000,10-Q,2020-05-08,2020,Q1
ARLP,PaymentsToAcquirePropertyPlantAndEquipment,2021-01-01,2021-03-31,31437000,10-Q,2021-05-07,2021,Q1
ARLP,PaymentsToAcquirePropertyPlantAndEquipment,2022-01-01,2022-03-31,59153000,10-Q,2022-05-09,2022,Q1
ARLP,PaymentsToAcquirePropertyPlantAndEquipment,2023-01-01,2023-03-31,95474000,10-Q,2023-05-09,2023,Q1
ARLP,PaymentsToAcquirePropertyPlantAndEquipment,2024-01-01,2024-03-31,123846000,10-Q,2024-05-09,2024,Q1
ARLP,PaymentsToAcquirePropertyPlantAndEquipment,2025-01-01,2025-03-31,86776000,10-Q,2025-05-09,2025,Q1
ARLP,PaymentsToAcquirePropertyPlantAndEquipment,2026-01-01,2026-03-31,95690000,10-Q,2026-05-08,2026,Q1
ARM,PaymentsToAcquirePropertyPlantAndEquipment,2023-04-01,2023-06-30,26000000,6-K,2024-08-01,2024,Q1
ARM,PaymentsToAcquirePropertyPlantAndEquipment,2024-04-01,2024-06-30,29000000,6-K,2024-08-01,2024,Q1
ARM,PaymentsToAcquirePropertyPlantAndEquipment,2025-04-01,2025-06-30,154000000,6-K,2025-07-30,2026,Q1
ARM,PaymentsToAcquirePropertyPlantAndEquipment,2026-04-01,2026-06-30,197000000,6-K,2026-07-29,2027,Q1
ARRY,PaymentsToAcquirePropertyPlantAndEquipment,2020-01-01,2020-03-31,168000,10-Q,2021-05-11,2021,Q1
ARRY,PaymentsToAcquirePropertyPlantAndEquipment,2021-01-01,2021-03-31,570000,10-Q,2021-05-11,2021,Q1
ARRY,PaymentsToAcquirePropertyPlantAndEquipment,2022-01-01,2022-03-31,2357000,10-Q,2022-05-10,2022,Q1
ARRY,PaymentsToAcquirePropertyPlantAndEquipment,2023-01-01,2023-03-31,3883000,10-Q,2023-05-10,2023,Q1
ARRY,PaymentsToAcquirePropertyPlantAndEquipment,2024-01-01,2024-03-31,2396000,10-Q,2024-05-09,2024,Q1
ARRY,PaymentsToAcquirePropertyPlantAndEquipment,2025-01-01,2025-03-31,2352000,10-Q,2025-05-06,2025,Q1
ARRY,PaymentsToAcquirePropertyPlantAndEquipment,2026-01-01,2026-03-31,7511000,10-Q,2026-05-06,2026,Q1
ARVN,PaymentsToAcquirePropertyPlantAndEquipment,2018-01-01,2018-03-31,638643,10-Q,2019-05-09,2019,Q1
ARVN,PaymentsToAcquirePropertyPlantAndEquipment,2019-01-01,2019-03-31,380644,10-Q,2019-05-09,2019,Q1
ARVN,PaymentsToAcquirePropertyPlantAndEquipment,2020-01-01,2020-03-31,1362224,10-Q,2020-04-28,2020,Q1
ARVN,PaymentsToAcquirePropertyPlantAndEquipment,2021-01-01,2021-03-31,989902,10-Q,2021-05-04,2021,Q1
ARVN,PaymentsToAcquirePropertyPlantAndEquipment,2022-01-01,2022-03-31,2100000,10-Q,2022-05-05,2022,Q1
ARVN,PaymentsToAcquirePropertyPlantAndEquipment,2023-01-01,2023-03-31,1100000,10-Q,2023-05-05,2023,Q1
ARVN,PaymentsToAcquirePropertyPlantAndEquipment,2024-01-01,2024-03-31,100000,10-Q,2024-05-07,2024,Q1
ARVN,PaymentsToAcquirePropertyPlantAndEquipment,2025-01-01,2025-03-31,400000,10-Q,2025-05-01,2025,Q1
ARVN,PaymentsToAcquirePropertyPlantAndEquipment,2026-01-01,2026-03-31,1300000,10-Q,2026-05-11,2026,Q1
ASAN,PaymentsToAcquirePropertyPlantAndEquipment,2020-02-01,2020-04-30,2081000,10-Q,2021-06-04,2022,Q1
ASAN,PaymentsToAcquirePropertyPlantAndEquipment,2021-02-01,2021-04-30,16969000,10-Q,2021-06-04,2022,Q1
ASAN,PaymentsToAcquirePropertyPlantAndEquipment,2022-02-01,2022-04-30,1048000,10-Q,2022-06-03,2023,Q1
ASAN,PaymentsToAcquirePropertyPlantAndEquipment,2023-02-01,2023-04-30,1866000,10-Q,2023-06-01,2024,Q1
ASAN,PaymentsToAcquirePropertyPlantAndEquipment,2024-02-01,2024-04-30,1002000,10-Q,2024-05-30,2025,Q1
ASAN,PaymentsToAcquirePropertyPlantAndEquipment,2025-02-01,2025-04-30,638000,10-Q,2025-06-03,2026,Q1
ASAN,PaymentsToAcquirePropertyPlantAndEquipment,2026-02-01,2026-04-30,2808000,10-Q,2026-05-28,2027,Q1
ASNS,PaymentsToAcquirePropertyPlantAndEquipment,2021-01-01,2021-03-31,2000,10-Q,2022-06-22,2022,Q1
ASNS,PaymentsToAcquirePropertyPlantAndEquipment,2022-01-01,2022-03-31,15000,10-Q,2022-06-22,2022,Q1
ASNS,PaymentsToAcquirePropertyPlantAndEquipment,2023-01-01,2023-03-31,3000,10-Q,2023-05-12,2023,Q1
ASNS,PaymentsToAcquirePropertyPlantAndEquipment,2024-01-01,2024-03-31,1000,10-Q,2024-05-14,2024,Q1
ASNS,PaymentsToAcquirePropertyPlantAndEquipment,2026-01-01,2026-03-31,45000,10-Q,2026-05-14,2026,Q1
ASUR,PaymentsToAcquirePropertyPlantAndEquipment,2010-01-01,2010-03-31,-77000,10-Q,2011-05-13,2011,Q1
ASUR,PaymentsToAcquirePropertyPlantAndEquipment,2011-01-01,2011-03-31,-8000,10-Q,2011-05-13,2011,Q1
ASUR,PaymentsToAcquirePropertyPlantAndEquipment,2012-01-01,2012-03-31,45000,10-Q,2012-05-15,2012,Q1
ASUR,PaymentsToAcquirePropertyPlantAndEquipment,2013-01-01,2013-03-31,140000,10-Q,2013-05-15,2013,Q1
ASUR,PaymentsToAcquirePropertyPlantAndEquipment,2014-01-01,2014-03-31,168000,10-Q,2014-05-14,2014,Q1
ASUR,PaymentsToAcquirePropertyPlantAndEquipment,2015-01-01,2015-03-31,658000,10-Q,2015-05-13,2015,Q1
ASUR,PaymentsToAcquirePropertyPlantAndEquipment,2016-01-01,2016-03-31,5000,10-Q,2016-05-12,2016,Q1
ASUR,PaymentsToAcquirePropertyPlantAndEquipment,2017-01-01,2017-03-31,21000,10-Q,2017-05-11,2017,Q1
ASUR,PaymentsToAcquirePropertyPlantAndEquipment,2018-01-01,2018-03-31,566000,10-Q,2018-05-10,2018,Q1
ASUR,PaymentsToAcquirePropertyPlantAndEquipment,2019-01-01,2019-03-31,926000,10-Q,2019-05-10,2019,Q1
ASUR,PaymentsToAcquirePropertyPlantAndEquipment,2020-01-01,2020-03-31,241000,10-Q,2020-05-11,2020,Q1
ASUR,PaymentsToAcquirePropertyPlantAndEquipment,2021-01-01,2021-03-31,48000,10-Q,2021-05-10,2021,Q1
ASUR,PaymentsToAcquirePropertyPlantAndEquipment,2022-01-01,2022-03-31,55000,10-Q,2022-05-09,2022,Q1
ASUR,PaymentsToAcquirePropertyPlantAndEquipment,2023-01-01,2023-03-31,726000,10-Q,2023-05-08,2023,Q1
ASUR,PaymentsToAcquirePropertyPlantAndEquipment,2024-01-01,2024-03-31,240000,10-Q,2024-05-02,2024,Q1
ASUR,PaymentsToAcquirePropertyPlantAndEquipment,2025-01-01,2025-03-31,192000,10-Q,2025-05-01,2025,Q1
ASUR,PaymentsToAcquirePropertyPlantAndEquipment,2026-01-01,2026-03-31,218000,10-Q,2026-04-30,2026,Q1
ASYS,PaymentsToAcquirePropertyPlantAndEquipment,2010-10-01,2010-12-31,609000,10-Q,2012-02-09,2012,Q1
ASYS,PaymentsToAcquirePropertyPlantAndEquipment,2011-10-01,2011-12-31,465000,10-Q,2012-02-09,2012,Q1
ASYS,PaymentsToAcquirePropertyPlantAndEquipment,2012-10-01,2012-12-31,121000,10-Q,2013-02-07,2013,Q1
ASYS,PaymentsToAcquirePropertyPlantAndEquipment,2013-10-01,2013-12-31,154000,10-Q,2014-02-06,2014,Q1
ASYS,PaymentsToAcquirePropertyPlantAndEquipment,2014-10-01,2014-12-31,155000,10-Q,2015-02-05,2015,Q1
ASYS,PaymentsToAcquirePropertyPlantAndEquipment,2015-10-01,2015-12-31,108000,10-Q,2016-02-09,2015,Q1
ASYS,PaymentsToAcquirePropertyPlantAndEquipment,2016-10-01,2016-12-31,86000,10-Q,2017-02-09,2017,Q1
ASYS,PaymentsToAcquirePropertyPlantAndEquipment,2017-10-01,2017-12-31,93000,10-Q,2018-02-08,2018,Q1
ASYS,PaymentsToAcquirePropertyPlantAndEquipment,2018-10-01,2018-12-31,152000,10-Q,2019-02-07,2019,Q1
ASYS,PaymentsToAcquirePropertyPlantAndEquipment,2019-10-01,2019-12-31,173000,10-Q,2020-02-06,2020,Q1
ASYS,PaymentsToAcquirePropertyPlantAndEquipment,2020-10-01,2020-12-31,198000,10-Q,2021-02-11,2021,Q1
ASYS,PaymentsToAcquirePropertyPlantAndEquipment,2021-10-01,2021-12-31,45000,10-Q,2022-02-14,2022,Q1
ASYS,PaymentsToAcquirePropertyPlantAndEquipment,2022-10-01,2022-12-31,224000,10-Q,2023-02-08,2023,Q1
ASYS,PaymentsToAcquirePropertyPlantAndEquipment,2023-10-01,2023-12-31,756000,10-Q,2024-02-09,2024,Q1
ASYS,PaymentsToAcquirePropertyPlantAndEquipment,2024-10-01,2024-12-31,143000,10-Q,2025-02-05,2025,Q1
ASYS,PaymentsToAcquirePropertyPlantAndEquipment,2025-10-01,2025-12-31,277000,10-Q,2026-02-05,2026,Q1
ATEN,PaymentsToAcquirePropertyPlantAndEquipment,2013-01-01,2013-03-31,708000,10-Q,2014-05-13,2014,Q1
ATEN,PaymentsToAcquirePropertyPlantAndEquipment,2014-01-01,2014-03-31,2022000,10-Q,2014-05-13,2014,Q1
ATEN,PaymentsToAcquirePropertyPlantAndEquipment,2015-01-01,2015-03-31,901000,10-Q,2015-05-06,2015,Q1
ATEN,PaymentsToAcquirePropertyPlantAndEquipment,2016-01-01,2016-03-31,1388000,10-Q,2016-05-05,2016,Q1
ATEN,PaymentsToAcquirePropertyPlantAndEquipment,2017-01-01,2017-03-31,678000,10-Q,2017-05-05,2017,Q1
ATEN,PaymentsToAcquirePropertyPlantAndEquipment,2018-01-01,2018-03-31,1133000,10-Q,2018-09-24,2018,Q1
ATEN,PaymentsToAcquirePropertyPlantAndEquipment,2019-01-01,2019-03-31,936000,10-Q,2019-05-08,2019,Q1
ATEN,PaymentsToAcquirePropertyPlantAndEquipment,2020-01-01,2020-03-31,868000,10-Q,2020-05-08,2020,Q1
ATEN,PaymentsToAcquirePropertyPlantAndEquipment,2021-01-01,2021-03-31,769000,10-Q,2021-04-30,2021,Q1
ATEN,PaymentsToAcquirePropertyPlantAndEquipment,2022-01-01,2022-03-31,3137000,10-Q,2022-05-05,2022,Q1
ATEN,PaymentsToAcquirePropertyPlantAndEquipment,2023-01-01,2023-03-31,2675000,10-Q,2023-05-04,2023,Q1
ATEN,PaymentsToAcquirePropertyPlantAndEquipment,2024-01-01,2024-03-31,2925000,10-Q,2024-05-03,2024,Q1
ATEN,PaymentsToAcquirePropertyPlantAndEquipment,2025-01-01,2025-03-31,4494000,10-Q,2025-05-06,2024,Q1
ATEN,PaymentsToAcquirePropertyPlantAndEquipment,2026-01-01,2026-03-31,2920000,10-Q,2026-05-07,2026,Q1
ATNI,PaymentsToAcquirePropertyPlantAndEquipment,2011-01-01,2011-03-31,16270000,10-Q,2012-05-10,2012,Q1
ATNI,PaymentsToAcquirePropertyPlantAndEquipment,2012-01-01,2012-03-31,19055000,10-Q,2012-05-10,2012,Q1
ATNI,PaymentsToAcquirePropertyPlantAndEquipment,2013-01-01,2013-03-31,20876000,10-Q,2013-05-10,2013,Q1
ATNI,PaymentsToAcquirePropertyPlantAndEquipment,2014-01-01,2014-03-31,8736000,10-Q,2014-05-12,2014,Q1
ATNI,PaymentsToAcquirePropertyPlantAndEquipment,2015-01-01,2015-03-31,13812000,10-Q,2015-05-06,2015,Q1
ATNI,PaymentsToAcquirePropertyPlantAndEquipment,2016-01-01,2016-03-31,16445000,10-Q,2016-05-10,2016,Q1
ATNI,PaymentsToAcquirePropertyPlantAndEquipment,2017-01-01,2017-03-31,45702000,10-Q,2017-05-09,2017,Q1
ATNI,PaymentsToAcquirePropertyPlantAndEquipment,2018-01-01,2018-03-31,51892000,10-Q,2018-05-09,2018,Q1
ATNI,PaymentsToAcquirePropertyPlantAndEquipment,2019-01-01,2019-03-31,17764000,10-Q,2019-05-09,2019,Q1
ATNI,PaymentsToAcquirePropertyPlantAndEquipment,2020-01-01,2020-03-31,14061000,10-Q,2020-05-11,2020,Q1
ATNI,PaymentsToAcquirePropertyPlantAndEquipment,2021-01-01,2021-03-31,25680000,10-Q,2021-05-10,2021,Q1
ATNI,PaymentsToAcquirePropertyPlantAndEquipment,2022-01-01,2022-03-31,34468000,10-Q,2022-05-10,2022,Q1
ATNI,PaymentsToAcquirePropertyPlantAndEquipment,2023-01-01,2023-03-31,52725000,10-Q,2023-05-10,2023,Q1
ATNI,PaymentsToAcquirePropertyPlantAndEquipment,2024-01-01,2024-03-31,36016000,10-Q,2024-05-10,2024,Q1
ATNI,PaymentsToAcquirePropertyPlantAndEquipment,2025-01-01,2025-03-31,20832000,10-Q,2025-05-12,2025,Q1
ATNI,PaymentsToAcquirePropertyPlantAndEquipment,2026-01-01,2026-03-31,21017000,10-Q,2026-05-11,2026,Q1
ATR,PaymentsToAcquirePropertyPlantAndEquipment,2010-01-01,2010-03-31,29871000,10-Q,2011-05-09,2011,Q1
ATR,PaymentsToAcquirePropertyPlantAndEquipment,2011-01-01,2011-03-31,25137000,10-Q,2011-05-09,2011,Q1
ATR,PaymentsToAcquirePropertyPlantAndEquipment,2012-01-01,2012-03-31,42496000,10-Q,2012-05-08,2012,Q1
ATR,PaymentsToAcquirePropertyPlantAndEquipment,2013-01-01,2013-03-31,34832000,10-Q,2013-05-06,2013,Q1
ATR,PaymentsToAcquirePropertyPlantAndEquipment,2014-01-01,2014-03-31,42914000,10-Q,2014-05-05,2014,Q1
ATR,PaymentsToAcquirePropertyPlantAndEquipment,2015-01-01,2015-03-31,26885000,10-Q,2015-05-04,2015,Q1
ATR,PaymentsToAcquirePropertyPlantAndEquipment,2016-01-01,2016-03-31,24218000,10-Q,2016-05-03,2016,Q1
ATR,PaymentsToAcquirePropertyPlantAndEquipment,2017-01-01,2017-03-31,34848000,10-Q,2017-05-01,2017,Q1
ATR,PaymentsToAcquirePropertyPlantAndEquipment,2018-01-01,2018-03-31,40019000,10-Q,2018-05-03,2018,Q1
ATR,PaymentsToAcquirePropertyPlantAndEquipment,2019-01-01,2019-03-31,51742000,10-Q,2019-05-01,2019,Q1
ATR,PaymentsToAcquirePropertyPlantAndEquipment,2020-01-01,2020-03-31,61625000,10-Q,2020-05-01,2020,Q1
ATR,PaymentsToAcquirePropertyPlantAndEquipment,2021-01-01,2021-03-31,63884000,10-Q,2021-04-30,2021,Q1
ATR,PaymentsToAcquirePropertyPlantAndEquipment,2022-01-01,2022-03-31,73058000,10-Q,2022-04-29,2022,Q1
ATR,PaymentsToAcquirePropertyPlantAndEquipment,2023-01-01,2023-03-31,77825000,10-Q,2023-04-28,2023,Q1
ATR,PaymentsToAcquirePropertyPlantAndEquipment,2024-01-01,2024-03-31,75661000,10-Q,2024-04-26,2024,Q1
ATR,PaymentsToAcquirePropertyPlantAndEquipment,2025-01-01,2025-03-31,56862000,10-Q,2025-05-02,2025,Q1
ATR,PaymentsToAcquirePropertyPlantAndEquipment,2026-01-01,2026-03-31,65396000,10-Q,2026-05-01,2026,Q1
ATRO,PaymentsToAcquirePropertyPlantAndEquipment,2011-01-02,2011-04-02,754000,10-Q,2012-05-04,2012,Q1
ATRO,PaymentsToAcquirePropertyPlantAndEquipment,2012-01-01,2012-03-31,1665000,10-Q,2012-05-04,2012,Q1
AUID,PaymentsToAcquirePropertyPlantAndEquipment,2015-01-01,2015-03-31,33538,10-Q,2017-03-31,2016,Q1
AUID,PaymentsToAcquirePropertyPlantAndEquipment,2016-01-01,2016-03-31,11307,10-Q,2017-03-31,2016,Q1
AUID,PaymentsToAcquirePropertyPlantAndEquipment,2017-01-01,2017-03-31,4563,10-Q,2017-08-04,2017,Q1
AUID,PaymentsToAcquirePropertyPlantAndEquipment,2018-01-01,2018-03-31,10474,10-Q,2018-05-04,2018,Q1
AUID,PaymentsToAcquirePropertyPlantAndEquipment,2019-01-01,2019-03-31,14900,10-Q,2019-05-07,2019,Q1
AUID,PaymentsToAcquirePropertyPlantAndEquipment,2020-01-01,2020-03-31,2394,10-Q,2020-05-11,2020,Q1
AVA,PaymentsToAcquirePropertyPlantAndEquipment,2010-01-01,2010-03-31,42552000,10-Q,2011-05-06,2011,Q1
AVA,PaymentsToAcquirePropertyPlantAndEquipment,2011-01-01,2011-03-31,49654000,10-Q,2011-05-06,2011,Q1
AVA,PaymentsToAcquirePropertyPlantAndEquipment,2012-01-01,2012-03-31,57771000,10-Q,2012-05-04,2012,Q1
AVA,PaymentsToAcquirePropertyPlantAndEquipment,2013-01-01,2013-03-31,70645000,10-Q,2013-05-03,2013,Q1
AVA,PaymentsToAcquirePropertyPlantAndEquipment,2014-01-01,2014-03-31,59725000,10-Q,2014-05-07,2014,Q1
AVA,PaymentsToAcquirePropertyPlantAndEquipment,2015-01-01,2015-03-31,81597000,10-Q,2015-05-06,2015,Q1
AVA,PaymentsToAcquirePropertyPlantAndEquipment,2016-01-01,2016-03-31,88878000,10-Q,2016-05-04,2016,Q1
AVA,PaymentsToAcquirePropertyPlantAndEquipment,2017-01-01,2017-03-31,86763000,10-Q,2017-05-03,2017,Q1
AVA,PaymentsToAcquirePropertyPlantAndEquipment,2018-01-01,2018-03-31,81817000,10-Q,2018-05-02,2018,Q1
AVA,PaymentsToAcquirePropertyPlantAndEquipment,2019-01-01,2019-03-31,93615000,10-Q,2019-05-01,2019,Q1
AVA,PaymentsToAcquirePropertyPlantAndEquipment,2020-01-01,2020-03-31,95525000,10-Q,2020-05-08,2020,Q1
AVA,PaymentsToAcquirePropertyPlantAndEquipment,2021-01-01,2021-03-31,97203000,10-Q,2021-05-05,2021,Q1
AVA,PaymentsToAcquirePropertyPlantAndEquipment,2022-01-01,2022-03-31,95987000,10-Q,2022-05-04,2022,Q1
AVA,PaymentsToAcquirePropertyPlantAndEquipment,2023-01-01,2023-03-31,100490000,10-Q,2023-05-03,2023,Q1
AVA,PaymentsToAcquirePropertyPlantAndEquipment,2024-01-01,2024-03-31,118709000,10-Q,2024-05-01,2024,Q1
AVA,PaymentsToAcquirePropertyPlantAndEquipment,2025-01-01,2025-03-31,103000000,10-Q,2025-05-07,2025,Q1
AVA,PaymentsToAcquirePropertyPlantAndEquipment,2026-01-01,2026-03-31,150000000,10-Q,2026-05-05,2026,Q1
AVAV,PaymentsToAcquirePropertyPlantAndEquipment,2010-05-01,2010-07-31,1881000,10-Q,2011-09-08,2012,Q1
AVAV,PaymentsToAcquirePropertyPlantAndEquipment,2011-05-01,2011-07-30,2606000,10-Q,2011-09-08,2012,Q1
AVAV,PaymentsToAcquirePropertyPlantAndEquipment,2012-05-01,2012-07-28,2548000,10-Q,2012-09-06,2013,Q1
AVAV,PaymentsToAcquirePropertyPlantAndEquipment,2013-05-01,2013-07-27,4457000,10-Q,2013-08-28,2014,Q1
AVAV,PaymentsToAcquirePropertyPlantAndEquipment,2014-05-01,2014-08-02,29000,10-Q,2014-09-04,2015,Q1
AVAV,PaymentsToAcquirePropertyPlantAndEquipment,2015-05-01,2015-08-01,906000,10-Q,2015-09-02,2016,Q1
AVAV,PaymentsToAcquirePropertyPlantAndEquipment,2016-05-01,2016-07-30,2634000,10-Q,2016-08-31,2017,Q1
AVAV,PaymentsToAcquirePropertyPlantAndEquipment,2017-05-01,2017-07-29,2973000,10-Q,2017-08-30,2018,Q1
AVAV,PaymentsToAcquirePropertyPlantAndEquipment,2018-05-01,2018-07-28,1423000,10-Q,2018-09-06,2019,Q1
AVAV,PaymentsToAcquirePropertyPlantAndEquipment,2019-05-01,2019-07-27,1902000,10-Q,2019-09-05,2020,Q1
AVAV,PaymentsToAcquirePropertyPlantAndEquipment,2020-05-01,2020-08-01,4067000,10-Q,2020-09-10,2021,Q1
AVAV,PaymentsToAcquirePropertyPlantAndEquipment,2021-05-01,2021-07-31,5428000,10-Q,2021-09-09,2022,Q1
AVAV,PaymentsToAcquirePropertyPlantAndEquipment,2022-05-01,2022-07-30,5393000,10-Q,2022-09-08,2023,Q1
AVAV,PaymentsToAcquirePropertyPlantAndEquipment,2023-05-01,2023-07-29,3632000,10-Q,2023-09-06,2023,Q1
AVAV,PaymentsToAcquirePropertyPlantAndEquipment,2024-05-01,2024-07-27,5430000,10-Q,2024-09-05,2025,Q1
AVAV,PaymentsToAcquirePropertyPlantAndEquipment,2025-05-01,2025-08-02,22728000,10-Q,2025-09-10,2026,Q1
AVAV,PaymentsToAcquirePropertyPlantAndEquipment,2026-05-01,2026-08-01,44033000,10-Q,2026-09-10,2027,Q1
AVGO,PaymentsToAcquirePropertyPlantAndEquipment,2017-10-30,2018-02-04,220000000,10-Q,2019-03-15,2019,Q1
AVGO,PaymentsToAcquirePropertyPlantAndEquipment,2018-11-05,2019-02-03,99000000,10-Q,2019-03-15,2019,Q1
AVGO,PaymentsToAcquirePropertyPlantAndEquipment,2019-11-04,2020-02-02,108000000,10-Q,2020-03-13,2020,Q1
AVGO,PaymentsToAcquirePropertyPlantAndEquipment,2020-11-02,2021-01-31,114000000,10-Q,2021-03-12,2021,Q1
AVGO,PaymentsToAcquirePropertyPlantAndEquipment,2021-11-01,2022-01-30,101000000,10-Q,2022-03-10,2022,Q1
AVGO,PaymentsToAcquirePropertyPlantAndEquipment,2022-10-31,2023-01-29,103000000,10-Q,2023-03-08,2023,Q1
AVGO,PaymentsToAcquirePropertyPlantAndEquipment,2023-10-30,2024-02-04,122000000,10-Q,2024-03-14,2024,Q1
AVGO,PaymentsToAcquirePropertyPlantAndEquipment,2024-11-04,2025-02-02,100000000,10-Q,2025-03-12,2025,Q1
AVGO,PaymentsToAcquirePropertyPlantAndEquipment,2025-11-03,2026-02-01,250000000,10-Q,2026-03-11,2026,Q1
AVNW,PaymentsToAcquirePropertyPlantAndEquipment,2010-07-03,2010-10-01,1300000,10-Q,2011-11-09,2012,Q1
AVNW,PaymentsToAcquirePropertyPlantAndEquipment,2011-07-02,2011-09-30,2800000,10-Q,2012-11-06,2013,Q1
AVNW,PaymentsToAcquirePropertyPlantAndEquipment,2011-07-03,2011-09-30,2800000,10-Q,2011-11-09,2012,Q1
AVNW,PaymentsToAcquirePropertyPlantAndEquipment,2012-06-30,2012-09-28,1300000,10-Q,2012-11-06,2013,Q1
AVNW,PaymentsToAcquirePropertyPlantAndEquipment,2013-06-29,2013-09-27,3800000,10-Q,2013-11-06,2014,Q1
AVNW,PaymentsToAcquirePropertyPlantAndEquipment,2014-06-28,2014-09-26,1200000,10-Q,2014-12-22,2015,Q1
AVNW,PaymentsToAcquirePropertyPlantAndEquipment,2015-07-04,2015-10-02,400000,10-Q,2015-11-12,2016,Q1
AVNW,PaymentsToAcquirePropertyPlantAndEquipment,2016-07-02,2016-09-30,1323000,10-Q,2016-11-14,2017,Q1
AVNW,PaymentsToAcquirePropertyPlantAndEquipment,2017-07-01,2017-09-29,1378000,10-Q,2017-11-13,2018,Q1
AVNW,PaymentsToAcquirePropertyPlantAndEquipment,2018-06-30,2018-09-28,1802000,10-Q,2018-11-13,2019,Q1
AVNW,PaymentsToAcquirePropertyPlantAndEquipment,2019-06-29,2019-09-27,1302000,10-Q,2019-11-07,2020,Q1
AVNW,PaymentsToAcquirePropertyPlantAndEquipment,2020-07-04,2020-10-02,1018000,10-Q,2020-11-05,2021,Q1
AVNW,PaymentsToAcquirePropertyPlantAndEquipment,2021-07-03,2021-10-01,349000,10-Q,2021-11-03,2022,Q1
AVNW,PaymentsToAcquirePropertyPlantAndEquipment,2022-07-02,2022-09-30,474000,10-Q,2022-11-02,2023,Q1
AVNW,PaymentsToAcquirePropertyPlantAndEquipment,2023-07-01,2023-09-29,717000,10-Q,2023-11-01,2024,Q1
AVNW,PaymentsToAcquirePropertyPlantAndEquipment,2024-06-29,2024-09-27,5421000,10-Q,2024-11-05,2025,Q1
AVNW,PaymentsToAcquirePropertyPlantAndEquipment,2025-06-28,2025-09-26,1727000,10-Q,2025-11-04,2026,Q1
AVPT,PaymentsToAcquirePropertyPlantAndEquipment,2021-01-01,2021-03-31,266000,10-Q,2022-05-16,2022,Q1
AVPT,PaymentsToAcquirePropertyPlantAndEquipment,2022-01-01,2022-03-31,969000,10-Q,2022-05-16,2022,Q1
AVPT,PaymentsToAcquirePropertyPlantAndEquipment,2023-01-01,2023-03-31,225000,10-Q,2023-05-10,2023,Q1
AVPT,PaymentsToAcquirePropertyPlantAndEquipment,2024-01-01,2024-03-31,502000,10-Q,2024-05-09,2024,Q1
AVPT,PaymentsToAcquirePropertyPlantAndEquipment,2025-01-01,2025-03-31,1514000,10-Q,2025-05-08,2025,Q1
AVPT,PaymentsToAcquirePropertyPlantAndEquipment,2026-01-01,2026-03-31,1277000,10-Q,2026-05-07,2026,Q1
AWR,PaymentsToAcquirePropertyPlantAndEquipment,2012-01-01,2012-03-31,14967000,10-Q,2013-05-10,2013,Q1
AWR,PaymentsToAcquirePropertyPlantAndEquipment,2013-01-01,2013-03-31,18425000,10-Q,2013-05-10,2013,Q1
AWR,PaymentsToAcquirePropertyPlantAndEquipment,2014-01-01,2014-03-31,20531000,10-Q,2014-05-06,2014,Q1
AWR,PaymentsToAcquirePropertyPlantAndEquipment,2015-01-01,2015-03-31,17390000,10-Q,2015-05-05,2015,Q1
AWR,PaymentsToAcquirePropertyPlantAndEquipment,2016-01-01,2016-03-31,29454000,10-Q,2016-05-04,2016,Q1
AWR,PaymentsToAcquirePropertyPlantAndEquipment,2017-01-01,2017-03-31,23994000,10-Q,2017-05-02,2017,Q1
AWR,PaymentsToAcquirePropertyPlantAndEquipment,2018-01-01,2018-03-31,30364000,10-Q,2018-05-07,2018,Q1
AWR,PaymentsToAcquirePropertyPlantAndEquipment,2019-01-01,2019-03-31,40562000,10-Q,2019-05-06,2019,Q1
AWR,PaymentsToAcquirePropertyPlantAndEquipment,2020-01-01,2020-03-31,33544000,10-Q,2020-05-04,2020,Q1
AWR,PaymentsToAcquirePropertyPlantAndEquipment,2021-01-01,2021-03-31,37093000,10-Q,2021-05-03,2021,Q1
AWR,PaymentsToAcquirePropertyPlantAndEquipment,2022-01-01,2022-03-31,35170000,10-Q,2022-05-02,2022,Q1
AWR,PaymentsToAcquirePropertyPlantAndEquipment,2023-01-01,2023-03-31,49337000,10-Q,2023-05-10,2023,Q1
AWR,PaymentsToAcquirePropertyPlantAndEquipment,2024-01-01,2024-03-31,47550000,10-Q,2024-05-07,2024,Q1
AWR,PaymentsToAcquirePropertyPlantAndEquipment,2025-01-01,2025-03-31,67565000,10-Q,2025-05-07,2025,Q1
AWR,PaymentsToAcquirePropertyPlantAndEquipment,2026-01-01,2026-03-31,49051000,10-Q,2026-05-06,2026,Q1
AWRE,PaymentsToAcquirePropertyPlantAndEquipment,2010-01-01,2010-03-31,47000,10-Q,2011-04-27,2011,Q1
AWRE,PaymentsToAcquirePropertyPlantAndEquipment,2011-01-01,2011-03-31,56000,10-Q,2011-04-27,2011,Q1
AWRE,PaymentsToAcquirePropertyPlantAndEquipment,2012-01-01,2012-03-31,33000,10-Q,2012-05-03,2012,Q1
AWRE,PaymentsToAcquirePropertyPlantAndEquipment,2013-01-01,2013-03-31,70000,10-Q,2013-04-29,2013,Q1
AWRE,PaymentsToAcquirePropertyPlantAndEquipment,2014-01-01,2014-03-31,11000,10-Q,2014-04-28,2014,Q1
AWRE,PaymentsToAcquirePropertyPlantAndEquipment,2015-01-01,2015-03-31,14000,10-Q,2015-04-24,2015,Q1
AWRE,PaymentsToAcquirePropertyPlantAndEquipment,2016-01-01,2016-03-31,5000,10-Q,2016-04-27,2016,Q1
AWRE,PaymentsToAcquirePropertyPlantAndEquipment,2017-01-01,2017-03-31,5000,10-Q,2017-04-28,2017,Q1
AWRE,PaymentsToAcquirePropertyPlantAndEquipment,2018-01-01,2018-03-31,96000,10-Q,2018-04-27,2018,Q1
AWRE,PaymentsToAcquirePropertyPlantAndEquipment,2019-01-01,2019-03-31,20000,10-Q,2019-05-03,2019,Q1
AWRE,PaymentsToAcquirePropertyPlantAndEquipment,2020-01-01,2020-03-31,286000,10-Q,2020-05-01,2020,Q1
AWRE,PaymentsToAcquirePropertyPlantAndEquipment,2023-01-01,2023-03-31,16000,10-Q,2023-05-03,2023,Q1
AWRE,PaymentsToAcquirePropertyPlantAndEquipment,2025-01-01,2025-03-31,45000,10-Q,2025-05-02,2025,Q1
AWRE,PaymentsToAcquirePropertyPlantAndEquipment,2026-01-01,2026-03-31,0,10-Q,2026-05-01,2026,Q1
AXON,PaymentsToAcquirePropertyPlantAndEquipment,2011-01-01,2011-03-31,325376,10-Q,2012-05-10,2012,Q1
AXON,PaymentsToAcquirePropertyPlantAndEquipment,2011-04-01,2011-06-30,803367,10-Q,2012-08-09,2012,Q2
AXON,PaymentsToAcquirePropertyPlantAndEquipment,2011-07-01,2011-09-30,511321,10-Q,2012-11-09,2012,Q3
AXON,PaymentsToAcquirePropertyPlantAndEquipment,2012-01-01,2012-03-31,277267,10-Q,2012-05-10,2012,Q1
AXON,PaymentsToAcquirePropertyPlantAndEquipment,2012-04-01,2012-06-30,302572,10-Q,2012-08-09,2012,Q2
AXON,PaymentsToAcquirePropertyPlantAndEquipment,2012-07-01,2012-09-30,285307,10-Q,2012-11-09,2012,Q3
AXON,PaymentsToAcquirePropertyPlantAndEquipment,2013-01-01,2013-03-31,383089,10-Q,2013-05-07,2013,Q1
AXON,PaymentsToAcquirePropertyPlantAndEquipment,2013-04-01,2013-06-30,455906,10-Q,2013-08-07,2013,Q2
AXON,PaymentsToAcquirePropertyPlantAndEquipment,2013-07-01,2013-09-30,335425,10-Q,2013-11-05,2013,Q3
AXON,PaymentsToAcquirePropertyPlantAndEquipment,2014-01-01,2014-03-31,799000,10-Q,2014-05-06,2014,Q1
AXON,PaymentsToAcquirePropertyPlantAndEquipment,2014-04-01,2014-06-30,423000,10-Q,2014-08-05,2014,Q2
AXON,PaymentsToAcquirePropertyPlantAndEquipment,2014-07-01,2014-09-30,844000,10-Q,2014-11-05,2014,Q3
AXON,PaymentsToAcquirePropertyPlantAndEquipment,2015-01-01,2015-03-31,424000,10-Q,2015-05-08,2015,Q1
AXON,PaymentsToAcquirePropertyPlantAndEquipment,2015-04-01,2015-06-30,1346000,10-Q,2016-08-10,2016,Q2
AXON,PaymentsToAcquirePropertyPlantAndEquipment,2015-07-01,2015-09-30,2069000,10-Q,2015-11-06,2015,Q3
AXON,PaymentsToAcquirePropertyPlantAndEquipment,2016-01-01,2016-03-31,1280000,10-Q,2016-05-10,2016,Q1
AXON,PaymentsToAcquirePropertyPlantAndEquipment,2016-04-01,2016-06-30,684000,10-Q,2016-08-10,2016,Q2
AXON,PaymentsToAcquirePropertyPlantAndEquipment,2016-07-01,2016-09-30,1371000,10-Q,2016-11-09,2016,Q3
AXON,PaymentsToAcquirePropertyPlantAndEquipment,2017-01-01,2017-03-31,2343000,10-Q,2017-05-10,2017,Q1
AXON,PaymentsToAcquirePropertyPlantAndEquipment,2017-04-01,2017-06-30,3398000,10-Q,2017-08-09,2017,Q2
AXON,PaymentsToAcquirePropertyPlantAndEquipment,2017-07-01,2017-09-30,3331000,10-Q,2017-11-09,2017,Q3
AXON,PaymentsToAcquirePropertyPlantAndEquipment,2018-01-01,2018-03-31,1063000,10-Q,2018-05-10,2018,Q1
AXON,PaymentsToAcquirePropertyPlantAndEquipment,2019-01-01,2019-03-31,5271000,10-Q,2019-05-10,2019,Q1
AXON,PaymentsToAcquirePropertyPlantAndEquipment,2020-01-01,2020-03-31,2209000,10-Q,2020-05-08,2020,Q1
AXON,PaymentsToAcquirePropertyPlantAndEquipment,2021-01-01,2021-03-31,10521000,10-Q,2021-05-07,2021,Q1
AXON,PaymentsToAcquirePropertyPlantAndEquipment,2022-01-01,2022-03-31,17098000,10-Q,2022-05-10,2022,Q1
AXON,PaymentsToAcquirePropertyPlantAndEquipment,2023-01-01,2023-03-31,8513000,10-Q,2023-05-09,2023,Q1
AXON,PaymentsToAcquirePropertyPlantAndEquipment,2024-01-01,2024-03-31,16194000,10-Q,2024-05-07,2024,Q1
AXON,PaymentsToAcquirePropertyPlantAndEquipment,2025-01-01,2025-03-31,24862000,10-Q,2025-05-07,2025,Q1
AXON,PaymentsToAcquirePropertyPlantAndEquipment,2026-01-01,2026-03-31,23125000,10-Q,2026-05-07,2026,Q1
AZTA,PaymentsToAcquirePropertyPlantAndEquipment,2010-10-01,2010-12-31,1638000,10-Q,2012-02-09,2012,Q1
AZTA,PaymentsToAcquirePropertyPlantAndEquipment,2011-10-01,2011-12-31,2063000,10-Q,2012-02-09,2012,Q1
AZTA,PaymentsToAcquirePropertyPlantAndEquipment,2012-10-01,2012-12-31,641000,10-Q,2013-01-31,2013,Q1
AZTA,PaymentsToAcquirePropertyPlantAndEquipment,2013-10-01,2013-12-31,1015000,10-Q,2014-02-06,2014,Q1
AZTA,PaymentsToAcquirePropertyPlantAndEquipment,2014-10-01,2014-12-31,1576000,10-Q,2015-02-05,2015,Q1
AZTA,PaymentsToAcquirePropertyPlantAndEquipment,2015-10-01,2015-12-31,2486000,10-Q,2016-02-03,2016,Q1
AZTA,PaymentsToAcquirePropertyPlantAndEquipment,2016-10-01,2016-12-31,3768000,10-Q,2017-02-07,2017,Q1
AZTA,PaymentsToAcquirePropertyPlantAndEquipment,2017-10-01,2017-12-31,2700000,10-Q,2018-02-05,2018,Q1
AZTA,PaymentsToAcquirePropertyPlantAndEquipment,2018-10-01,2018-12-31,3560000,10-Q,2019-02-08,2019,Q1
AZTA,PaymentsToAcquirePropertyPlantAndEquipment,2019-10-01,2019-12-31,9614000,10-Q,2020-02-06,2020,Q1
AZTA,PaymentsToAcquirePropertyPlantAndEquipment,2020-10-01,2020-12-31,15227000,10-Q,2021-02-03,2021,Q1
AZTA,PaymentsToAcquirePropertyPlantAndEquipment,2021-10-01,2021-12-31,18409000,10-Q,2022-02-09,2022,Q1
AZTA,PaymentsToAcquirePropertyPlantAndEquipment,2022-10-01,2022-12-31,12842000,10-Q,2023-02-09,2023,Q1
AZTA,PaymentsToAcquirePropertyPlantAndEquipment,2023-10-01,2023-12-31,11919000,10-Q,2024-02-08,2024,Q1
AZTA,PaymentsToAcquirePropertyPlantAndEquipment,2024-10-01,2024-12-31,8580000,10-Q,2025-02-10,2025,Q1
AZTA,PaymentsToAcquirePropertyPlantAndEquipment,2025-10-01,2025-12-31,6192000,10-Q,2026-02-05,2026,Q1
AZZ,PaymentsToAcquirePropertyPlantAndEquipment,2011-03-01,2011-05-31,4692469,10-Q,2012-07-03,2012,Q1
AZZ,PaymentsToAcquirePropertyPlantAndEquipment,2012-03-01,2012-05-31,3489235,10-Q,2012-07-03,2012,Q1
AZZ,PaymentsToAcquirePropertyPlantAndEquipment,2013-03-01,2013-05-31,11607540,10-Q,2013-07-03,2013,Q1
AZZ,PaymentsToAcquirePropertyPlantAndEquipment,2014-03-01,2014-05-31,5854132,10-Q,2014-06-27,2014,Q1
AZZ,PaymentsToAcquirePropertyPlantAndEquipment,2015-03-01,2015-05-31,6470000,10-Q,2015-07-01,2015,Q1
AZZ,PaymentsToAcquirePropertyPlantAndEquipment,2016-03-01,2016-05-31,10503000,10-Q,2016-07-05,2016,Q1
AZZ,PaymentsToAcquirePropertyPlantAndEquipment,2017-03-01,2017-05-31,10141000,10-Q,2017-07-06,2017,Q1
AZZ,PaymentsToAcquirePropertyPlantAndEquipment,2018-03-01,2018-05-31,2847000,10-Q,2018-07-03,2018,Q1
AZZ,PaymentsToAcquirePropertyPlantAndEquipment,2019-03-01,2019-05-31,4686000,10-Q,2019-07-08,2020,Q1
AZZ,PaymentsToAcquirePropertyPlantAndEquipment,2020-03-01,2020-05-31,10847000,10-Q,2020-07-09,2021,Q1
AZZ,PaymentsToAcquirePropertyPlantAndEquipment,2021-03-01,2021-05-31,7489000,10-Q,2021-07-09,2022,Q1
AZZ,PaymentsToAcquirePropertyPlantAndEquipment,2022-03-01,2022-05-31,7809000,10-Q,2022-07-11,2023,Q1
AZZ,PaymentsToAcquirePropertyPlantAndEquipment,2023-03-01,2023-05-31,17036000,10-Q,2023-07-07,2024,Q1
AZZ,PaymentsToAcquirePropertyPlantAndEquipment,2024-03-01,2024-05-31,27396000,10-Q,2024-07-10,2025,Q1
AZZ,PaymentsToAcquirePropertyPlantAndEquipment,2025-03-01,2025-05-31,20896000,10-Q,2025-07-09,2026,Q1
AZZ,PaymentsToAcquirePropertyPlantAndEquipment,2026-03-01,2026-05-31,18747000,10-Q,2026-07-08,2027,Q1
BA,PaymentsToAcquirePropertyPlantAndEquipment,2009-01-01,2009-03-31,442000000,10-Q,2010-04-21,2010,Q1
BA,PaymentsToAcquirePropertyPlantAndEquipment,2010-01-01,2010-03-31,186000000,10-Q,2010-04-21,2010,Q1
BA,PaymentsToAcquirePropertyPlantAndEquipment,2011-01-01,2011-03-31,417000000,10-Q,2011-04-27,2011,Q1
BA,PaymentsToAcquirePropertyPlantAndEquipment,2012-01-01,2012-03-31,424000000,10-Q,2012-04-25,2012,Q1
BA,PaymentsToAcquirePropertyPlantAndEquipment,2013-01-01,2013-03-31,521000000,10-Q,2013-04-24,2013,Q1
BA,PaymentsToAcquirePropertyPlantAndEquipment,2014-01-01,2014-03-31,497000000,10-Q,2014-04-23,2014,Q1
BA,PaymentsToAcquirePropertyPlantAndEquipment,2015-01-01,2015-03-31,574000000,10-Q,2015-04-22,2015,Q1
BA,PaymentsToAcquirePropertyPlantAndEquipment,2016-01-01,2016-03-31,748000000,10-Q,2016-04-27,2016,Q1
BA,PaymentsToAcquirePropertyPlantAndEquipment,2017-01-01,2017-03-31,466000000,10-Q,2017-04-26,2017,Q1
BA,PaymentsToAcquirePropertyPlantAndEquipment,2018-01-01,2018-03-31,394000000,10-Q,2018-04-25,2018,Q1
BA,PaymentsToAcquirePropertyPlantAndEquipment,2019-01-01,2019-03-31,501000000,10-Q,2019-04-24,2019,Q1
BA,PaymentsToAcquirePropertyPlantAndEquipment,2020-01-01,2020-03-31,428000000,10-Q,2020-04-29,2020,Q1
BA,PaymentsToAcquirePropertyPlantAndEquipment,2021-01-01,2021-03-31,291000000,10-Q,2021-04-28,2021,Q1
BA,PaymentsToAcquirePropertyPlantAndEquipment,2022-01-01,2022-03-31,349000000,10-Q,2022-04-27,2022,Q1
BA,PaymentsToAcquirePropertyPlantAndEquipment,2023-01-01,2023-03-31,468000000,10-Q,2023-04-26,2023,Q1
BA,PaymentsToAcquirePropertyPlantAndEquipment,2024-01-01,2024-03-31,567000000,10-Q,2024-04-24,2024,Q1
BA,PaymentsToAcquirePropertyPlantAndEquipment,2025-01-01,2025-03-31,674000000,10-Q,2025-04-23,2025,Q1
BA,PaymentsToAcquirePropertyPlantAndEquipment,2026-01-01,2026-03-31,1275000000,10-Q,2026-04-22,2026,Q1
BAH,PaymentsToAcquirePropertyPlantAndEquipment,2010-04-01,2010-06-30,16213000,10-Q,2011-08-10,2011,Q1
BAH,PaymentsToAcquirePropertyPlantAndEquipment,2011-04-01,2011-06-30,17601000,10-Q,2011-08-10,2011,Q1
BAH,PaymentsToAcquirePropertyPlantAndEquipment,2012-04-01,2012-06-30,3969000,10-Q/A,2012-08-30,2012,Q1
BAH,PaymentsToAcquirePropertyPlantAndEquipment,2013-04-01,2013-06-30,2430000,10-Q,2013-07-31,2013,Q1
BAH,PaymentsToAcquirePropertyPlantAndEquipment,2014-04-01,2014-06-30,2652000,10-Q,2014-07-30,2015,Q1
BAH,PaymentsToAcquirePropertyPlantAndEquipment,2015-04-01,2015-06-30,13140000,10-Q,2015-07-29,2016,Q1
BAH,PaymentsToAcquirePropertyPlantAndEquipment,2016-04-01,2016-06-30,6171000,10-Q,2016-07-27,2017,Q1
BAH,PaymentsToAcquirePropertyPlantAndEquipment,2017-04-01,2017-06-30,11536000,10-Q,2017-08-07,2018,Q1
BAH,PaymentsToAcquirePropertyPlantAndEquipment,2018-04-01,2018-06-30,20465000,10-Q,2018-07-30,2019,Q1
BALL,PaymentsToAcquirePropertyPlantAndEquipment,2010-01-01,2010-03-28,33300000,10-Q,2011-05-10,2011,Q1
BALL,PaymentsToAcquirePropertyPlantAndEquipment,2011-01-01,2011-04-03,95000000,10-Q,2011-05-10,2011,Q1
BALL,PaymentsToAcquirePropertyPlantAndEquipment,2012-01-01,2012-04-01,76000000,10-Q,2012-05-07,2012,Q1
BALL,PaymentsToAcquirePropertyPlantAndEquipment,2013-01-01,2013-03-31,88700000,10-Q,2013-05-06,2013,Q1
BALL,PaymentsToAcquirePropertyPlantAndEquipment,2014-01-01,2014-03-31,61400000,10-Q,2014-05-02,2014,Q1
BALL,PaymentsToAcquirePropertyPlantAndEquipment,2015-01-01,2015-03-31,105500000,10-Q,2015-05-08,2015,Q1
BALL,PaymentsToAcquirePropertyPlantAndEquipment,2016-01-01,2016-03-31,138000000,10-Q,2016-04-29,2016,Q1
BALL,PaymentsToAcquirePropertyPlantAndEquipment,2017-01-01,2017-03-31,125000000,10-Q,2017-05-08,2017,Q1
BALL,PaymentsToAcquirePropertyPlantAndEquipment,2018-01-01,2018-03-31,242000000,10-Q,2018-05-04,2018,Q1
BALL,PaymentsToAcquirePropertyPlantAndEquipment,2019-01-01,2019-03-31,154000000,10-Q,2019-05-03,2019,Q1
BALL,PaymentsToAcquirePropertyPlantAndEquipment,2020-01-01,2020-03-31,213000000,10-Q,2020-05-08,2020,Q1
BALL,PaymentsToAcquirePropertyPlantAndEquipment,2021-01-01,2021-03-31,363000000,10-Q,2021-05-07,2021,Q1
BALL,PaymentsToAcquirePropertyPlantAndEquipment,2022-01-01,2022-03-31,362000000,10-Q,2022-05-05,2022,Q1
BALL,PaymentsToAcquirePropertyPlantAndEquipment,2023-01-01,2023-03-31,343000000,10-Q,2023-05-04,2023,Q1
BALL,PaymentsToAcquirePropertyPlantAndEquipment,2024-01-01,2024-03-31,154000000,10-Q,2024-05-07,2024,Q1
BALL,PaymentsToAcquirePropertyPlantAndEquipment,2025-01-01,2025-03-31,81000000,10-Q,2025-05-06,2025,Q1
BALL,PaymentsToAcquirePropertyPlantAndEquipment,2026-01-01,2026-03-31,161000000,10-Q,2026-05-05,2026,Q1
BB,PaymentsToAcquirePropertyPlantAndEquipment,2019-03-01,2019-05-31,2000000,10-Q,2020-06-25,2021,Q1
BB,PaymentsToAcquirePropertyPlantAndEquipment,2020-03-01,2020-05-31,1000000,10-Q,2020-06-25,2021,Q1
BB,PaymentsToAcquirePropertyPlantAndEquipment,2021-03-01,2021-05-31,2000000,10-Q,2021-06-25,2022,Q1
BB,PaymentsToAcquirePropertyPlantAndEquipment,2022-03-01,2022-05-31,1000000,10-Q,2022-06-24,2023,Q1
BB,PaymentsToAcquirePropertyPlantAndEquipment,2023-03-01,2023-05-31,2000000,10-Q,2023-06-30,2024,Q1
BB,PaymentsToAcquirePropertyPlantAndEquipment,2024-03-01,2024-05-31,1000000,10-Q,2024-06-27,2025,Q1
BB,PaymentsToAcquirePropertyPlantAndEquipment,2025-03-01,2025-05-31,900000,10-Q,2025-06-25,2025,Q1
BB,PaymentsToAcquirePropertyPlantAndEquipment,2026-03-01,2026-05-31,2900000,10-Q,2026-06-25,2027,Q1
BBAI,PaymentsToAcquirePropertyPlantAndEquipment,2021-01-01,2021-03-31,170000,10-Q,2022-05-12,2022,Q1
BBAI,PaymentsToAcquirePropertyPlantAndEquipment,2022-01-01,2022-03-31,359000,10-Q,2022-05-12,2022,Q1
BBAI,PaymentsToAcquirePropertyPlantAndEquipment,2023-01-01,2023-03-31,0,10-Q,2023-05-15,2023,Q1
BBAI,PaymentsToAcquirePropertyPlantAndEquipment,2024-01-01,2024-03-31,38000,10-Q,2024-05-10,2024,Q1
BBAI,PaymentsToAcquirePropertyPlantAndEquipment,2025-01-01,2025-03-31,80000,10-Q,2025-05-02,2025,Q1
BBAI,PaymentsToAcquirePropertyPlantAndEquipment,2026-01-01,2026-03-31,319000,10-Q,2026-05-05,2026,Q1
BC,PaymentsToAcquirePropertyPlantAndEquipment,2010-01-01,2010-04-03,8600000,10-Q,2011-05-06,2011,Q1
BC,PaymentsToAcquirePropertyPlantAndEquipment,2011-01-01,2011-04-02,13200000,10-Q,2011-05-06,2011,Q1
BC,PaymentsToAcquirePropertyPlantAndEquipment,2012-01-01,2012-03-31,17500000,10-Q,2012-05-04,2012,Q1
BC,PaymentsToAcquirePropertyPlantAndEquipment,2013-01-01,2013-03-30,21200000,10-Q,2013-05-01,2013,Q1
BC,PaymentsToAcquirePropertyPlantAndEquipment,2014-01-01,2014-03-29,21900000,10-Q,2014-04-30,2014,Q1
BC,PaymentsToAcquirePropertyPlantAndEquipment,2015-01-01,2015-04-04,33800000,10-Q,2015-05-07,2015,Q1
BC,PaymentsToAcquirePropertyPlantAndEquipment,2016-01-01,2016-04-02,46200000,10-Q,2016-05-05,2016,Q1
BC,PaymentsToAcquirePropertyPlantAndEquipment,2017-01-01,2017-04-01,60800000,10-Q,2017-05-04,2017,Q1
BC,PaymentsToAcquirePropertyPlantAndEquipment,2018-01-01,2018-03-31,34500000,10-Q,2018-05-03,2018,Q1
BC,PaymentsToAcquirePropertyPlantAndEquipment,2019-01-01,2019-03-30,88100000,10-Q,2019-05-01,2019,Q1
BC,PaymentsToAcquirePropertyPlantAndEquipment,2020-01-01,2020-03-28,55900000,10-Q,2020-05-07,2020,Q1
BC,PaymentsToAcquirePropertyPlantAndEquipment,2021-01-01,2021-04-03,42900000,10-Q,2021-05-11,2021,Q1
BC,PaymentsToAcquirePropertyPlantAndEquipment,2022-01-01,2022-04-02,100900000,10-Q,2022-05-10,2022,Q1
BC,PaymentsToAcquirePropertyPlantAndEquipment,2023-01-01,2023-04-01,93500000,10-Q,2023-05-04,2023,Q1
BC,PaymentsToAcquirePropertyPlantAndEquipment,2024-01-01,2024-03-30,54000000,10-Q,2024-05-02,2024,Q1
BC,PaymentsToAcquirePropertyPlantAndEquipment,2024-03-31,2024-06-29,47100000,10-Q,2025-07-30,2025,Q2
BC,PaymentsToAcquirePropertyPlantAndEquipment,2024-06-30,2024-09-28,36000000,10-Q,2025-10-30,2025,Q3
BC,PaymentsToAcquirePropertyPlantAndEquipment,2025-01-01,2025-03-29,37700000,10-Q,2025-04-30,2025,Q1
BC,PaymentsToAcquirePropertyPlantAndEquipment,2025-03-30,2025-06-28,44900000,10-Q,2025-07-30,2025,Q2
BC,PaymentsToAcquirePropertyPlantAndEquipment,2025-06-29,2025-09-27,33900000,10-Q,2025-10-30,2025,Q3
BC,PaymentsToAcquirePropertyPlantAndEquipment,2026-01-01,2026-04-04,57200000,10-Q,2026-05-07,2026,Q1
BC,PaymentsToAcquirePropertyPlantAndEquipment,2026-04-05,2026-07-04,41400000,10-Q,2026-08-05,2026,Q2
BELFA,PaymentsToAcquirePropertyPlantAndEquipment,2011-01-01,2011-03-31,611000,10-Q,2012-05-07,2012,Q1
BELFA,PaymentsToAcquirePropertyPlantAndEquipment,2012-01-01,2012-03-31,1130000,10-Q,2012-05-07,2012,Q1
BELFA,PaymentsToAcquirePropertyPlantAndEquipment,2013-01-01,2013-03-31,1151000,10-Q,2013-05-09,2013,Q1
BELFA,PaymentsToAcquirePropertyPlantAndEquipment,2014-01-01,2014-03-31,1242000,10-Q,2014-05-12,2014,Q1
BELFA,PaymentsToAcquirePropertyPlantAndEquipment,2015-01-01,2015-03-31,2750000,10-Q,2015-05-08,2015,Q1
BELFA,PaymentsToAcquirePropertyPlantAndEquipment,2016-01-01,2016-03-31,1640000,10-Q,2016-05-10,2016,Q1
BELFA,PaymentsToAcquirePropertyPlantAndEquipment,2017-01-01,2017-03-31,1009000,10-Q,2017-05-05,2017,Q1
BELFA,PaymentsToAcquirePropertyPlantAndEquipment,2018-01-01,2018-03-31,2216000,10-Q,2018-05-10,2018,Q1
BELFA,PaymentsToAcquirePropertyPlantAndEquipment,2019-01-01,2019-03-31,2437000,10-Q,2019-05-09,2019,Q1
BELFA,PaymentsToAcquirePropertyPlantAndEquipment,2020-01-01,2020-03-31,1832000,10-Q,2020-05-08,2020,Q1
BELFA,PaymentsToAcquirePropertyPlantAndEquipment,2021-01-01,2021-03-31,1203000,10-Q,2021-05-10,2021,Q1
BELFA,PaymentsToAcquirePropertyPlantAndEquipment,2022-01-01,2022-03-31,2040000,10-Q,2022-05-06,2022,Q1
BELFA,PaymentsToAcquirePropertyPlantAndEquipment,2023-01-01,2023-03-31,3761000,10-Q,2023-05-05,2023,Q1
BELFA,PaymentsToAcquirePropertyPlantAndEquipment,2024-01-01,2024-03-31,2929000,10-Q,2024-04-30,2024,Q1
BELFA,PaymentsToAcquirePropertyPlantAndEquipment,2025-01-01,2025-03-31,2790000,10-Q,2025-05-01,2025,Q1
BELFA,PaymentsToAcquirePropertyPlantAndEquipment,2026-01-01,2026-03-31,2643000,10-Q,2026-05-05,2026,Q1
BFLY,PaymentsToAcquirePropertyPlantAndEquipment,2020-01-01,2020-03-31,480000,10-Q,2021-05-17,2021,Q1
BFLY,PaymentsToAcquirePropertyPlantAndEquipment,2021-01-01,2021-03-31,1289000,10-Q,2021-05-17,2021,Q1
BFLY,PaymentsToAcquirePropertyPlantAndEquipment,2022-01-01,2022-03-31,4506000,10-Q,2022-05-06,2022,Q1
BFLY,PaymentsToAcquirePropertyPlantAndEquipment,2023-01-01,2023-03-31,1342000,10-Q,2023-05-11,2023,Q1
BFLY,PaymentsToAcquirePropertyPlantAndEquipment,2024-01-01,2024-03-31,1138000,10-Q,2024-05-01,2024,Q1
BFLY,PaymentsToAcquirePropertyPlantAndEquipment,2025-01-01,2025-03-31,353000,10-Q,2025-05-02,2025,Q1
BFLY,PaymentsToAcquirePropertyPlantAndEquipment,2026-01-01,2026-03-31,950000,10-Q,2026-04-30,2026,Q1
BILL,PaymentsToAcquirePropertyPlantAndEquipment,2019-07-01,2019-09-30,1946000,10-Q,2020-11-06,2021,Q1
BILL,PaymentsToAcquirePropertyPlantAndEquipment,2020-07-01,2020-09-30,5894000,10-Q,2020-11-06,2021,Q1
BILL,PaymentsToAcquirePropertyPlantAndEquipment,2021-07-01,2021-09-30,1404000,10-Q,2021-11-08,2022,Q1
BILL,PaymentsToAcquirePropertyPlantAndEquipment,2022-07-01,2022-09-30,1376000,10-Q,2022-11-04,2023,Q1
BILL,PaymentsToAcquirePropertyPlantAndEquipment,2023-07-01,2023-09-30,403000,10-Q,2023-11-03,2024,Q1
BILL,PaymentsToAcquirePropertyPlantAndEquipment,2024-07-01,2024-09-30,17000,10-Q,2025-11-07,2026,Q1
BILL,PaymentsToAcquirePropertyPlantAndEquipment,2025-07-01,2025-09-30,1299000,10-Q,2025-11-07,2026,Q1
BJ,PaymentsToAcquirePropertyPlantAndEquipment,2018-02-04,2018-05-05,42145000,10-Q,2019-06-04,2019,Q1
BJ,PaymentsToAcquirePropertyPlantAndEquipment,2019-02-03,2019-05-04,36534000,10-Q,2019-06-04,2019,Q1
BJ,PaymentsToAcquirePropertyPlantAndEquipment,2020-02-02,2020-05-02,35212000,10-Q,2020-05-29,2020,Q1
BJ,PaymentsToAcquirePropertyPlantAndEquipment,2021-01-31,2021-05-01,74690000,10-Q,2021-05-28,2021,Q1
BJ,PaymentsToAcquirePropertyPlantAndEquipment,2022-01-30,2022-04-30,90533000,10-Q,2022-05-27,2022,Q1
BJ,PaymentsToAcquirePropertyPlantAndEquipment,2023-01-29,2023-04-29,92084000,10-Q,2023-05-26,2023,Q1
BJ,PaymentsToAcquirePropertyPlantAndEquipment,2024-02-04,2024-05-04,105741000,10-Q,2024-05-30,2024,Q1
BJ,PaymentsToAcquirePropertyPlantAndEquipment,2025-02-02,2025-05-03,140497000,10-Q,2025-05-29,2025,Q1
BJ,PaymentsToAcquirePropertyPlantAndEquipment,2026-02-01,2026-05-02,182004000,10-Q,2026-05-28,2026,Q1
BL,PaymentsToAcquirePropertyPlantAndEquipment,2016-01-01,2016-03-31,409000,10-Q,2017-05-12,2017,Q1
BL,PaymentsToAcquirePropertyPlantAndEquipment,2017-01-01,2017-03-31,488000,10-Q,2017-05-12,2017,Q1
BL,PaymentsToAcquirePropertyPlantAndEquipment,2018-01-01,2018-03-31,1634000,10-Q,2018-05-09,2018,Q1
BL,PaymentsToAcquirePropertyPlantAndEquipment,2019-01-01,2019-03-31,1103000,10-Q,2019-05-09,2019,Q1
BL,PaymentsToAcquirePropertyPlantAndEquipment,2020-01-01,2020-03-31,1152000,10-Q,2020-05-06,2020,Q1
BL,PaymentsToAcquirePropertyPlantAndEquipment,2021-01-01,2021-03-31,1096000,10-Q,2021-05-07,2021,Q1
BL,PaymentsToAcquirePropertyPlantAndEquipment,2022-01-01,2022-03-31,1528000,10-Q,2022-05-10,2022,Q1
BL,PaymentsToAcquirePropertyPlantAndEquipment,2023-01-01,2023-03-31,1676000,10-Q,2023-05-05,2023,Q1
BL,PaymentsToAcquirePropertyPlantAndEquipment,2024-01-01,2024-03-31,299000,10-Q,2024-05-08,2024,Q1
BL,PaymentsToAcquirePropertyPlantAndEquipment,2025-01-01,2025-03-31,5951000,10-Q,2025-05-07,2025,Q1
BL,PaymentsToAcquirePropertyPlantAndEquipment,2026-01-01,2026-03-31,2117000,10-Q,2026-05-07,2026,Q1
BLIN,PaymentsToAcquirePropertyPlantAndEquipment,2010-10-01,2010-12-31,122000,10-Q,2012-02-14,2012,Q1
BLIN,PaymentsToAcquirePropertyPlantAndEquipment,2011-10-01,2011-12-31,523000,10-Q,2012-02-14,2012,Q1
BLIN,PaymentsToAcquirePropertyPlantAndEquipment,2012-10-01,2012-12-31,62000,10-Q,2013-02-14,2013,Q1
BLIN,PaymentsToAcquirePropertyPlantAndEquipment,2013-10-01,2013-12-31,147000,10-Q,2014-02-14,2014,Q1
BLIN,PaymentsToAcquirePropertyPlantAndEquipment,2014-10-01,2014-12-31,54000,10-Q,2015-02-17,2015,Q1
BLIN,PaymentsToAcquirePropertyPlantAndEquipment,2017-10-01,2017-12-31,8000,10-Q,2018-02-14,2018,Q1
BLIN,PaymentsToAcquirePropertyPlantAndEquipment,2018-10-01,2018-12-31,7000,10-Q,2019-02-14,2019,Q1
BLIN,PaymentsToAcquirePropertyPlantAndEquipment,2020-10-01,2020-12-31,11000,10-Q,2021-02-11,2021,Q1
BLIN,PaymentsToAcquirePropertyPlantAndEquipment,2021-10-01,2021-12-31,18000,10-Q,2022-02-10,2022,Q1
BLIN,PaymentsToAcquirePropertyPlantAndEquipment,2022-10-01,2022-12-31,6000,10-Q,2023-02-14,2023,Q1
BLIN,PaymentsToAcquirePropertyPlantAndEquipment,2023-10-01,2023-12-31,0,10-Q,2024-02-14,2024,Q1
BLIN,PaymentsToAcquirePropertyPlantAndEquipment,2024-10-01,2024-12-31,5000,10-Q,2025-02-14,2025,Q1
BLIN,PaymentsToAcquirePropertyPlantAndEquipment,2025-10-01,2025-12-31,7000,10-Q,2026-02-12,2026,Q1
BLKB,PaymentsToAcquirePropertyPlantAndEquipment,2010-01-01,2010-03-31,5069000,10-Q,2011-05-10,2011,Q1
BLKB,PaymentsToAcquirePropertyPlantAndEquipment,2011-01-01,2011-03-31,1073000,10-Q,2011-05-10,2011,Q1
BLKB,PaymentsToAcquirePropertyPlantAndEquipment,2012-01-01,2012-03-31,6297000,10-Q,2012-05-08,2012,Q1
BLKB,PaymentsToAcquirePropertyPlantAndEquipment,2013-01-01,2013-03-31,6292000,10-Q,2013-05-07,2013,Q1
BLKB,PaymentsToAcquirePropertyPlantAndEquipment,2014-01-01,2014-03-31,6119000,10-Q,2014-05-07,2014,Q1
BLKB,PaymentsToAcquirePropertyPlantAndEquipment,2015-01-01,2015-03-31,2521000,10-Q,2015-05-06,2015,Q1
BLKB,PaymentsToAcquirePropertyPlantAndEquipment,2016-01-01,2016-03-31,7837000,10-Q,2016-05-04,2016,Q1
BLKB,PaymentsToAcquirePropertyPlantAndEquipment,2017-01-01,2017-03-31,2719000,10-Q,2017-05-05,2017,Q1
BLKB,PaymentsToAcquirePropertyPlantAndEquipment,2018-01-01,2018-03-31,5771000,10-Q,2018-05-04,2018,Q1
BLKB,PaymentsToAcquirePropertyPlantAndEquipment,2019-01-01,2019-03-31,1152000,10-Q,2019-05-03,2019,Q1
BLKB,PaymentsToAcquirePropertyPlantAndEquipment,2020-01-01,2020-03-31,2867000,10-Q,2020-05-07,2020,Q1
BLKB,PaymentsToAcquirePropertyPlantAndEquipment,2021-01-01,2021-03-31,3470000,10-Q,2021-05-04,2021,Q1
BLKB,PaymentsToAcquirePropertyPlantAndEquipment,2022-01-01,2022-03-31,4266000,10-Q,2022-05-05,2022,Q1
BLKB,PaymentsToAcquirePropertyPlantAndEquipment,2023-01-01,2023-03-31,1364000,10-Q,2023-05-04,2023,Q1
BLKB,PaymentsToAcquirePropertyPlantAndEquipment,2024-01-01,2024-03-31,261000,10-Q,2024-05-01,2024,Q1
BLKB,PaymentsToAcquirePropertyPlantAndEquipment,2025-01-01,2025-03-31,688000,10-Q,2025-04-30,2025,Q1
BLKB,PaymentsToAcquirePropertyPlantAndEquipment,2026-01-01,2026-03-31,1668000,10-Q,2026-04-29,2026,Q1
BLND,PaymentsToAcquirePropertyPlantAndEquipment,2021-01-01,2021-03-31,302000,10-Q,2022-05-13,2022,Q1
BLND,PaymentsToAcquirePropertyPlantAndEquipment,2022-01-01,2022-03-31,268000,10-Q,2022-05-13,2022,Q1
BLZE,PaymentsToAcquirePropertyPlantAndEquipment,2021-01-01,2021-03-31,2610000,10-Q,2022-05-10,2022,Q1
BLZE,PaymentsToAcquirePropertyPlantAndEquipment,2022-01-01,2022-03-31,516000,10-Q,2022-05-10,2022,Q1
BLZE,PaymentsToAcquirePropertyPlantAndEquipment,2023-01-01,2023-03-31,3023000,10-Q,2023-05-12,2023,Q1
BLZE,PaymentsToAcquirePropertyPlantAndEquipment,2024-01-01,2024-03-31,423000,10-Q,2024-05-08,2024,Q1
BLZE,PaymentsToAcquirePropertyPlantAndEquipment,2025-01-01,2025-03-31,503000,10-Q,2025-05-07,2025,Q1
BLZE,PaymentsToAcquirePropertyPlantAndEquipment,2026-01-01,2026-03-31,651000,10-Q,2026-05-04,2026,Q1
BMI,PaymentsToAcquirePropertyPlantAndEquipment,2011-01-01,2011-03-31,1616000,10-Q,2012-04-26,2012,Q1
BMI,PaymentsToAcquirePropertyPlantAndEquipment,2012-01-01,2012-03-31,1294000,10-Q,2012-04-26,2012,Q1
BMI,PaymentsToAcquirePropertyPlantAndEquipment,2013-01-01,2013-03-31,2803000,10-Q,2013-04-24,2013,Q1
BMI,PaymentsToAcquirePropertyPlantAndEquipment,2014-01-01,2014-03-31,3328000,10-Q,2014-04-23,2014,Q1
BMI,PaymentsToAcquirePropertyPlantAndEquipment,2015-01-01,2015-03-31,3197000,10-Q,2015-04-23,2015,Q1
BMI,PaymentsToAcquirePropertyPlantAndEquipment,2016-01-01,2016-03-31,3247000,10-Q,2016-04-26,2016,Q1
BMI,PaymentsToAcquirePropertyPlantAndEquipment,2017-01-01,2017-03-31,3806000,10-Q,2017-04-24,2017,Q1
BMI,PaymentsToAcquirePropertyPlantAndEquipment,2018-01-01,2018-03-31,3043000,10-Q,2018-04-24,2018,Q1
BMI,PaymentsToAcquirePropertyPlantAndEquipment,2019-01-01,2019-03-31,2160000,10-Q,2019-04-30,2019,Q1
BMI,PaymentsToAcquirePropertyPlantAndEquipment,2020-01-01,2020-03-31,1942000,10-Q,2020-04-29,2020,Q1
BMI,PaymentsToAcquirePropertyPlantAndEquipment,2021-01-01,2021-03-31,1759000,10-Q,2021-04-28,2021,Q1
BMI,PaymentsToAcquirePropertyPlantAndEquipment,2022-01-01,2022-03-31,1141000,10-Q,2022-04-28,2022,Q1
BMI,PaymentsToAcquirePropertyPlantAndEquipment,2023-01-01,2023-03-31,4271000,10-Q,2023-04-25,2023,Q1
BMI,PaymentsToAcquirePropertyPlantAndEquipment,2024-01-01,2024-03-31,2676000,10-Q,2024-04-19,2024,Q1
BMI,PaymentsToAcquirePropertyPlantAndEquipment,2025-01-01,2025-03-31,2966000,10-Q,2025-04-18,2025,Q1
BMI,PaymentsToAcquirePropertyPlantAndEquipment,2026-01-01,2026-03-31,4427000,10-Q,2026-04-20,2026,Q1
BNC,PaymentsToAcquirePropertyPlantAndEquipment,2015-01-01,2015-03-31,2600,10-Q,2016-05-16,2016,Q1
BNC,PaymentsToAcquirePropertyPlantAndEquipment,2016-01-01,2016-03-31,8351,10-Q,2016-05-16,2016,Q1
BNC,PaymentsToAcquirePropertyPlantAndEquipment,2018-01-01,2018-03-31,159927,10-Q,2018-05-15,2018,Q1
BNC,PaymentsToAcquirePropertyPlantAndEquipment,2021-01-01,2021-03-31,12326,10-Q,2021-05-11,2021,Q1
BNC,PaymentsToAcquirePropertyPlantAndEquipment,2022-01-01,2022-03-31,13948,10-Q,2022-05-12,2022,Q1
BNC,PaymentsToAcquirePropertyPlantAndEquipment,2026-05-01,2026-07-31,123000,10-Q,2026-09-11,2027,Q1
BNGO,PaymentsToAcquirePropertyPlantAndEquipment,2018-01-01,2018-03-31,11830,10-Q,2019-05-09,2019,Q1
BNGO,PaymentsToAcquirePropertyPlantAndEquipment,2019-01-01,2019-03-31,0,10-Q,2019-05-09,2019,Q1
BNGO,PaymentsToAcquirePropertyPlantAndEquipment,2020-01-01,2020-03-31,0,10-Q,2021-05-13,2021,Q1
BNGO,PaymentsToAcquirePropertyPlantAndEquipment,2021-01-01,2021-03-31,24000,10-Q,2021-05-13,2021,Q1
BOX,PaymentsToAcquirePropertyPlantAndEquipment,2014-02-01,2014-04-30,5961000,10-Q,2015-06-12,2016,Q1
BOX,PaymentsToAcquirePropertyPlantAndEquipment,2014-05-01,2014-07-31,16293000,10-Q,2015-09-11,2016,Q2
BOX,PaymentsToAcquirePropertyPlantAndEquipment,2014-08-01,2014-10-31,7510000,10-Q,2015-12-14,2016,Q3
BOX,PaymentsToAcquirePropertyPlantAndEquipment,2015-02-01,2015-04-30,9901000,10-Q,2015-06-12,2016,Q1
BOX,PaymentsToAcquirePropertyPlantAndEquipment,2015-05-01,2015-07-31,17943000,10-Q,2015-09-11,2016,Q2
BOX,PaymentsToAcquirePropertyPlantAndEquipment,2015-08-01,2015-10-31,19998000,10-Q,2015-12-14,2016,Q3
BOX,PaymentsToAcquirePropertyPlantAndEquipment,2016-02-01,2016-04-30,10976000,10-Q,2016-06-09,2016,Q1
BOX,PaymentsToAcquirePropertyPlantAndEquipment,2016-05-01,2016-07-31,771000,10-Q,2016-09-07,2016,Q2
BOX,PaymentsToAcquirePropertyPlantAndEquipment,2016-08-01,2016-10-31,1892000,10-Q,2016-12-08,2016,Q3
BOX,PaymentsToAcquirePropertyPlantAndEquipment,2017-02-01,2017-04-30,784000,10-Q,2017-06-09,2018,Q1
BOX,PaymentsToAcquirePropertyPlantAndEquipment,2017-05-01,2017-07-31,1013000,10-Q,2017-09-08,2018,Q2
BOX,PaymentsToAcquirePropertyPlantAndEquipment,2017-08-01,2017-10-31,3003000,10-Q,2017-12-08,2018,Q3
BOX,PaymentsToAcquirePropertyPlantAndEquipment,2018-02-01,2018-04-30,4040000,10-Q,2018-06-08,2019,Q1
BOX,PaymentsToAcquirePropertyPlantAndEquipment,2018-05-01,2018-07-31,3326000,10-Q,2018-09-07,2019,Q2
BOX,PaymentsToAcquirePropertyPlantAndEquipment,2018-08-01,2018-10-31,5247000,10-Q,2018-12-06,2019,Q3
BOX,PaymentsToAcquirePropertyPlantAndEquipment,2019-02-01,2019-04-30,1614000,10-Q,2019-06-06,2020,Q1
BOX,PaymentsToAcquirePropertyPlantAndEquipment,2019-05-01,2019-07-31,1552000,10-Q,2019-09-06,2020,Q2
BOX,PaymentsToAcquirePropertyPlantAndEquipment,2019-08-01,2019-10-31,1055000,10-Q,2019-12-06,2020,Q3
BOX,PaymentsToAcquirePropertyPlantAndEquipment,2020-02-01,2020-04-30,1443000,10-Q,2020-06-04,2021,Q1
BOX,PaymentsToAcquirePropertyPlantAndEquipment,2020-05-01,2020-07-31,2671000,10-Q,2020-09-04,2021,Q2
BOX,PaymentsToAcquirePropertyPlantAndEquipment,2020-08-01,2020-10-31,3337000,10-Q,2020-12-07,2021,Q3
BOX,PaymentsToAcquirePropertyPlantAndEquipment,2023-02-01,2023-04-30,2952000,10-Q,2024-05-30,2024,Q1
BOX,PaymentsToAcquirePropertyPlantAndEquipment,2024-02-01,2024-04-30,1276000,10-Q,2024-05-30,2024,Q1
BOX,PaymentsToAcquirePropertyPlantAndEquipment,2025-02-01,2025-04-30,349000,10-Q,2025-05-29,2025,Q1
BOX,PaymentsToAcquirePropertyPlantAndEquipment,2026-02-01,2026-04-30,1273000,10-Q,2026-05-27,2026,Q1
BOXL,PaymentsToAcquirePropertyPlantAndEquipment,2025-01-01,2025-03-31,127000,10-Q,2026-05-15,2026,Q1
BOXL,PaymentsToAcquirePropertyPlantAndEquipment,2026-01-01,2026-03-31,42000,10-Q,2026-05-15,2026,Q1
BRKR,PaymentsToAcquirePropertyPlantAndEquipment,2010-01-01,2010-03-31,5400000,10-Q,2011-05-09,2011,Q1
BRKR,PaymentsToAcquirePropertyPlantAndEquipment,2011-01-01,2011-03-31,9900000,10-Q,2011-05-09,2011,Q1
BRKR,PaymentsToAcquirePropertyPlantAndEquipment,2012-01-01,2012-03-31,10800000,10-Q,2012-05-09,2012,Q1
BRKR,PaymentsToAcquirePropertyPlantAndEquipment,2013-01-01,2013-03-31,14600000,10-Q,2013-05-09,2013,Q1
BRKR,PaymentsToAcquirePropertyPlantAndEquipment,2014-01-01,2014-03-31,9200000,10-Q,2014-05-09,2014,Q1
BRKR,PaymentsToAcquirePropertyPlantAndEquipment,2015-01-01,2015-03-31,5700000,10-Q,2015-05-08,2015,Q1
BRKR,PaymentsToAcquirePropertyPlantAndEquipment,2016-01-01,2016-03-31,8000000,10-Q,2016-05-06,2016,Q1
BRKR,PaymentsToAcquirePropertyPlantAndEquipment,2017-01-01,2017-03-31,11500000,10-Q,2017-05-10,2017,Q1
BRKR,PaymentsToAcquirePropertyPlantAndEquipment,2018-01-01,2018-03-31,8500000,10-Q,2018-05-10,2018,Q1
BRKR,PaymentsToAcquirePropertyPlantAndEquipment,2019-01-01,2019-03-31,10600000,10-Q,2019-05-08,2019,Q1
BRKR,PaymentsToAcquirePropertyPlantAndEquipment,2020-01-01,2020-03-31,30500000,10-Q,2020-05-11,2020,Q1
BRKR,PaymentsToAcquirePropertyPlantAndEquipment,2021-01-01,2021-03-31,24700000,10-Q,2021-05-10,2021,Q1
BRKR,PaymentsToAcquirePropertyPlantAndEquipment,2022-01-01,2022-03-31,19000000,10-Q,2022-05-06,2022,Q1
BRKR,PaymentsToAcquirePropertyPlantAndEquipment,2023-01-01,2023-03-31,25000000,10-Q,2023-05-10,2023,Q1
BRKR,PaymentsToAcquirePropertyPlantAndEquipment,2024-01-01,2024-03-31,21400000,10-Q,2024-05-10,2024,Q1
BRKR,PaymentsToAcquirePropertyPlantAndEquipment,2025-01-01,2025-03-31,26000000,10-Q,2025-05-07,2025,Q1
BRKR,PaymentsToAcquirePropertyPlantAndEquipment,2026-01-01,2026-03-31,24200000,10-Q,2026-05-07,2026,Q1
BROS,PaymentsToAcquirePropertyPlantAndEquipment,2021-01-01,2021-03-31,7942000,10-Q,2022-05-12,2022,Q1
BROS,PaymentsToAcquirePropertyPlantAndEquipment,2022-01-01,2022-03-31,39982000,10-Q,2022-05-12,2022,Q1
BROS,PaymentsToAcquirePropertyPlantAndEquipment,2023-01-01,2023-03-31,43283000,10-Q,2023-05-10,2023,Q1
BROS,PaymentsToAcquirePropertyPlantAndEquipment,2024-01-01,2024-03-31,57462000,10-Q,2024-05-08,2024,Q1
BROS,PaymentsToAcquirePropertyPlantAndEquipment,2025-01-01,2025-03-31,45551000,10-Q,2025-05-08,2025,Q1
BROS,PaymentsToAcquirePropertyPlantAndEquipment,2026-01-01,2026-03-31,57000000,10-Q,2026-05-06,2026,Q1
BRZE,PaymentsToAcquirePropertyPlantAndEquipment,2021-02-01,2021-04-30,298000,10-Q,2022-06-14,2023,Q1
BRZE,PaymentsToAcquirePropertyPlantAndEquipment,2022-02-01,2022-04-30,1960000,10-Q,2022-06-14,2023,Q1
BRZE,PaymentsToAcquirePropertyPlantAndEquipment,2023-02-01,2023-04-30,40000,10-Q,2023-06-09,2024,Q1
BRZE,PaymentsToAcquirePropertyPlantAndEquipment,2024-02-01,2024-04-30,6915000,10-Q,2024-06-07,2025,Q1
BRZE,PaymentsToAcquirePropertyPlantAndEquipment,2025-02-01,2025-04-30,217000,10-Q,2025-06-06,2026,Q1
BRZE,PaymentsToAcquirePropertyPlantAndEquipment,2026-02-01,2026-04-30,108000,10-Q,2026-05-28,2027,Q1
BSY,PaymentsToAcquirePropertyPlantAndEquipment,2020-01-01,2020-03-31,4500000,10-Q,2021-05-11,2020,FY
BSY,PaymentsToAcquirePropertyPlantAndEquipment,2021-01-01,2021-03-31,2655000,10-Q,2021-05-11,2020,FY
BSY,PaymentsToAcquirePropertyPlantAndEquipment,2022-01-01,2022-03-31,4176000,10-Q,2022-05-10,2022,Q1
BSY,PaymentsToAcquirePropertyPlantAndEquipment,2023-01-01,2023-03-31,4284000,10-Q,2023-05-09,2023,Q1
BSY,PaymentsToAcquirePropertyPlantAndEquipment,2024-01-01,2024-03-31,3599000,10-Q,2024-05-07,2024,Q1
BSY,PaymentsToAcquirePropertyPlantAndEquipment,2025-01-01,2025-03-31,3044000,10-Q,2025-05-07,2025,Q1
BSY,PaymentsToAcquirePropertyPlantAndEquipment,2026-01-01,2026-03-31,5551000,10-Q,2026-05-07,2026,Q1
BTLN,PaymentsToAcquirePropertyPlantAndEquipment,2020-07-01,2020-09-30,15004,10-Q,2021-11-15,2022,Q1
BTLN,PaymentsToAcquirePropertyPlantAndEquipment,2021-07-01,2021-09-30,18225,10-Q,2021-11-15,2022,Q1
BTLN,PaymentsToAcquirePropertyPlantAndEquipment,2022-07-01,2022-09-30,83765,10-Q,2022-11-14,2023,Q1
BTLN,PaymentsToAcquirePropertyPlantAndEquipment,2024-07-01,2024-09-30,9456,10-Q,2025-11-13,2026,Q1
BTLN,PaymentsToAcquirePropertyPlantAndEquipment,2025-07-01,2025-09-30,8084,10-Q,2025-11-13,2026,Q1
BV,PaymentsToAcquirePropertyPlantAndEquipment,2017-04-01,2017-06-30,18635000,10-Q,2018-08-09,2018,Q3
BV,PaymentsToAcquirePropertyPlantAndEquipment,2017-10-01,2017-12-31,29788000,10-Q,2019-02-07,2019,Q1
BV,PaymentsToAcquirePropertyPlantAndEquipment,2018-01-01,2018-03-31,14307000,10-Q,2019-05-08,2019,Q2
BV,PaymentsToAcquirePropertyPlantAndEquipment,2018-04-01,2018-06-30,27648000,10-Q,2018-08-09,2018,Q3
BV,PaymentsToAcquirePropertyPlantAndEquipment,2018-10-01,2018-12-31,17328000,10-Q,2019-02-07,2019,Q1
BV,PaymentsToAcquirePropertyPlantAndEquipment,2019-01-01,2019-03-31,25281000,10-Q,2019-05-08,2019,Q2
BV,PaymentsToAcquirePropertyPlantAndEquipment,2019-04-01,2019-06-30,34616000,10-Q,2019-08-07,2019,Q3
BV,PaymentsToAcquirePropertyPlantAndEquipment,2019-10-01,2019-12-31,14500000,10-Q,2020-02-06,2020,Q1
BV,PaymentsToAcquirePropertyPlantAndEquipment,2020-01-01,2020-03-31,20600000,10-Q,2020-05-07,2020,Q2
BV,PaymentsToAcquirePropertyPlantAndEquipment,2020-04-01,2020-06-30,10800000,10-Q,2020-08-05,2020,Q3
BV,PaymentsToAcquirePropertyPlantAndEquipment,2020-10-01,2020-12-31,9700000,10-Q,2021-02-04,2021,Q1
BV,PaymentsToAcquirePropertyPlantAndEquipment,2021-01-01,2021-03-31,18200000,10-Q,2021-05-06,2021,Q2
BV,PaymentsToAcquirePropertyPlantAndEquipment,2021-04-01,2021-06-30,16800000,10-Q,2021-08-05,2021,Q3
BV,PaymentsToAcquirePropertyPlantAndEquipment,2021-10-01,2021-12-31,28600000,10-Q,2022-02-03,2021,Q1
BV,PaymentsToAcquirePropertyPlantAndEquipment,2022-01-01,2022-03-31,35700000,10-Q,2022-05-05,2022,Q2
BV,PaymentsToAcquirePropertyPlantAndEquipment,2022-04-01,2022-06-30,23900000,10-Q,2022-08-04,2022,Q3
BV,PaymentsToAcquirePropertyPlantAndEquipment,2022-10-01,2022-12-31,27200000,10-Q,2023-02-07,2022,Q1
BV,PaymentsToAcquirePropertyPlantAndEquipment,2023-01-01,2023-03-31,15500000,10-Q,2023-05-04,2023,Q2
BV,PaymentsToAcquirePropertyPlantAndEquipment,2023-04-01,2023-06-30,15200000,10-Q,2023-08-03,2023,Q3
BV,PaymentsToAcquirePropertyPlantAndEquipment,2023-10-01,2023-12-31,10100000,10-Q,2024-01-31,2024,Q1
BV,PaymentsToAcquirePropertyPlantAndEquipment,2024-10-01,2024-12-31,58700000,10-Q,2025-02-05,2025,Q1
BV,PaymentsToAcquirePropertyPlantAndEquipment,2025-10-01,2025-12-31,54700000,10-Q,2026-02-03,2026,Q1
BW,PaymentsToAcquirePropertyPlantAndEquipment,2015-01-01,2015-03-31,5776000,10-Q,2016-05-10,2016,Q1
BW,PaymentsToAcquirePropertyPlantAndEquipment,2016-01-01,2016-03-31,4043000,10-Q,2016-05-10,2016,Q1
BW,PaymentsToAcquirePropertyPlantAndEquipment,2017-01-01,2017-03-31,4459000,10-Q,2017-05-09,2017,Q1
BW,PaymentsToAcquirePropertyPlantAndEquipment,2018-01-01,2018-03-31,3204000,10-Q,2018-05-08,2018,Q1
BW,PaymentsToAcquirePropertyPlantAndEquipment,2019-01-01,2019-03-31,288000,10-Q,2019-05-09,2019,Q1
BW,PaymentsToAcquirePropertyPlantAndEquipment,2020-01-01,2020-03-31,2394000,10-Q,2020-05-15,2020,Q1
BW,PaymentsToAcquirePropertyPlantAndEquipment,2021-01-01,2021-03-31,1410000,10-Q,2021-05-13,2021,Q1
BW,PaymentsToAcquirePropertyPlantAndEquipment,2022-01-01,2022-03-31,1004000,10-Q,2022-05-09,2022,Q1
BW,PaymentsToAcquirePropertyPlantAndEquipment,2023-01-01,2023-03-31,2208000,10-Q,2023-05-10,2023,Q1
BW,PaymentsToAcquirePropertyPlantAndEquipment,2024-01-01,2024-03-31,3394000,10-Q,2024-05-09,2024,Q1
BW,PaymentsToAcquirePropertyPlantAndEquipment,2025-01-01,2025-03-31,4328000,10-Q,2025-05-12,2025,Q1
BW,PaymentsToAcquirePropertyPlantAndEquipment,2026-01-01,2026-03-31,7127000,10-Q,2026-05-11,2026,Q1
BWMN,PaymentsToAcquirePropertyPlantAndEquipment,2020-01-01,2020-03-31,183000,10-Q,2021-06-14,2021,Q1
BWMN,PaymentsToAcquirePropertyPlantAndEquipment,2021-01-01,2021-03-31,438000,10-Q,2021-06-14,2021,Q1
BWMN,PaymentsToAcquirePropertyPlantAndEquipment,2022-01-01,2022-03-31,198000,10-Q,2022-05-12,2022,Q1
BWMN,PaymentsToAcquirePropertyPlantAndEquipment,2023-01-01,2023-03-31,536000,10-Q,2023-05-09,2023,Q1
BWMN,PaymentsToAcquirePropertyPlantAndEquipment,2024-01-01,2024-03-31,262000,10-Q,2024-05-07,2024,Q1
BWMN,PaymentsToAcquirePropertyPlantAndEquipment,2025-01-01,2025-03-31,1043000,10-Q,2025-05-07,2025,Q1
BWMN,PaymentsToAcquirePropertyPlantAndEquipment,2026-01-01,2026-03-31,1933000,10-Q,2026-05-06,2026,Q1
BWXT,PaymentsToAcquirePropertyPlantAndEquipment,2011-01-01,2011-03-31,20753000,10-Q,2012-05-09,2012,Q1
BWXT,PaymentsToAcquirePropertyPlantAndEquipment,2012-01-01,2012-03-31,21441000,10-Q,2012-05-09,2012,Q1
BWXT,PaymentsToAcquirePropertyPlantAndEquipment,2013-01-01,2013-03-31,18799000,10-Q,2013-05-07,2013,Q1
BWXT,PaymentsToAcquirePropertyPlantAndEquipment,2014-01-01,2014-03-31,21214000,10-Q,2014-05-12,2014,Q1
BWXT,PaymentsToAcquirePropertyPlantAndEquipment,2015-01-01,2015-03-31,21349000,10-Q,2015-05-06,2015,Q1
BWXT,PaymentsToAcquirePropertyPlantAndEquipment,2016-01-01,2016-03-31,10082000,10-Q,2016-05-02,2016,Q1
BWXT,PaymentsToAcquirePropertyPlantAndEquipment,2017-01-01,2017-03-31,13713000,10-Q,2017-05-01,2017,Q1
BWXT,PaymentsToAcquirePropertyPlantAndEquipment,2018-01-01,2018-03-31,17634000,10-Q,2018-05-04,2018,Q1
BWXT,PaymentsToAcquirePropertyPlantAndEquipment,2019-01-01,2019-03-31,44519000,10-Q,2019-05-01,2019,Q1
BWXT,PaymentsToAcquirePropertyPlantAndEquipment,2020-01-01,2020-03-31,64768000,10-Q,2020-05-04,2020,Q1
BWXT,PaymentsToAcquirePropertyPlantAndEquipment,2021-01-01,2021-03-31,101932000,10-Q,2021-05-03,2021,Q1
BWXT,PaymentsToAcquirePropertyPlantAndEquipment,2022-01-01,2022-03-31,52411000,10-Q,2022-05-09,2022,Q1
BWXT,PaymentsToAcquirePropertyPlantAndEquipment,2023-01-01,2023-03-31,29780000,10-Q,2023-05-08,2023,Q1
BWXT,PaymentsToAcquirePropertyPlantAndEquipment,2024-01-01,2024-03-31,30422000,10-Q,2024-05-06,2024,Q1
BWXT,PaymentsToAcquirePropertyPlantAndEquipment,2025-01-01,2025-03-31,33369000,10-Q,2025-05-05,2025,Q1
BWXT,PaymentsToAcquirePropertyPlantAndEquipment,2026-01-01,2026-03-31,42506000,10-Q,2026-05-04,2026,Q1
BZFD,PaymentsToAcquirePropertyPlantAndEquipment,2021-01-01,2021-03-31,907000,10-Q,2022-05-16,2022,Q1
BZFD,PaymentsToAcquirePropertyPlantAndEquipment,2022-01-01,2022-03-31,2369000,10-Q,2022-05-16,2022,Q1
BZFD,PaymentsToAcquirePropertyPlantAndEquipment,2023-01-01,2023-03-31,402000,10-Q,2023-05-10,2023,Q1
BZFD,PaymentsToAcquirePropertyPlantAndEquipment,2024-01-01,2024-03-31,88000,10-Q,2024-05-14,2024,Q1
BZFD,PaymentsToAcquirePropertyPlantAndEquipment,2025-01-01,2025-03-31,388000,10-Q,2025-05-08,2025,Q1
BZFD,PaymentsToAcquirePropertyPlantAndEquipment,2026-01-01,2026-03-31,244000,10-Q,2026-05-11,2026,Q1
CALX,PaymentsToAcquirePropertyPlantAndEquipment,2011-01-01,2011-03-26,1722000,10-Q,2012-05-03,2012,Q1
CALX,PaymentsToAcquirePropertyPlantAndEquipment,2012-01-01,2012-03-31,3012000,10-Q,2012-05-03,2012,Q1
CALX,PaymentsToAcquirePropertyPlantAndEquipment,2013-01-01,2013-03-30,1326000,10-Q,2013-05-02,2013,Q1
CALX,PaymentsToAcquirePropertyPlantAndEquipment,2014-01-01,2014-03-29,1908000,10-Q,2014-05-01,2014,Q1
CALX,PaymentsToAcquirePropertyPlantAndEquipment,2015-01-01,2015-03-28,1742000,10-Q,2015-05-04,2015,Q1
CALX,PaymentsToAcquirePropertyPlantAndEquipment,2016-01-01,2016-03-26,1453000,10-Q,2016-05-04,2016,Q1
CALX,PaymentsToAcquirePropertyPlantAndEquipment,2017-01-01,2017-04-01,2106000,10-Q,2017-05-10,2017,Q1
CALX,PaymentsToAcquirePropertyPlantAndEquipment,2018-01-01,2018-03-31,1875000,10-Q,2018-05-10,2018,Q1
CALX,PaymentsToAcquirePropertyPlantAndEquipment,2019-01-01,2019-03-30,5039000,10-Q,2019-05-01,2019,Q1
CALX,PaymentsToAcquirePropertyPlantAndEquipment,2020-01-01,2020-03-28,1729000,10-Q,2020-04-30,2020,Q1
CALX,PaymentsToAcquirePropertyPlantAndEquipment,2021-01-01,2021-04-03,2274000,10-Q,2021-04-27,2021,Q1
CALX,PaymentsToAcquirePropertyPlantAndEquipment,2022-01-01,2022-04-02,3231000,10-Q,2022-04-26,2022,Q1
CALX,PaymentsToAcquirePropertyPlantAndEquipment,2023-01-01,2023-04-01,4618000,10-Q,2023-04-24,2023,Q1
CALX,PaymentsToAcquirePropertyPlantAndEquipment,2024-01-01,2024-03-30,3709000,10-Q,2024-04-23,2024,Q1
CALX,PaymentsToAcquirePropertyPlantAndEquipment,2025-01-01,2025-03-29,4310000,10-Q,2025-04-22,2025,Q1
CALX,PaymentsToAcquirePropertyPlantAndEquipment,2026-01-01,2026-03-28,8118000,10-Q,2026-04-22,2026,Q1
CARG,PaymentsToAcquirePropertyPlantAndEquipment,2017-01-01,2017-03-31,159000,10-Q,2018-05-03,2018,Q1
CARG,PaymentsToAcquirePropertyPlantAndEquipment,2018-01-01,2018-03-31,434000,10-Q,2018-05-03,2018,Q1
CARG,PaymentsToAcquirePropertyPlantAndEquipment,2019-01-01,2019-03-31,5700000,10-Q,2019-05-09,2019,Q1
CARG,PaymentsToAcquirePropertyPlantAndEquipment,2020-01-01,2020-03-31,1214000,10-Q,2020-05-07,2020,Q1
CARG,PaymentsToAcquirePropertyPlantAndEquipment,2021-01-01,2021-03-31,1227000,10-Q,2021-05-07,2021,Q1
CARG,PaymentsToAcquirePropertyPlantAndEquipment,2022-01-01,2022-03-31,1230000,10-Q,2022-05-09,2022,Q1
CARG,PaymentsToAcquirePropertyPlantAndEquipment,2023-01-01,2023-03-31,2398000,10-Q,2023-05-09,2023,Q1
CARG,PaymentsToAcquirePropertyPlantAndEquipment,2024-01-01,2024-03-31,28665000,10-Q,2024-05-09,2024,Q1
CARG,PaymentsToAcquirePropertyPlantAndEquipment,2025-01-01,2025-03-31,2240000,10-Q,2025-05-08,2025,Q1
CARG,PaymentsToAcquirePropertyPlantAndEquipment,2026-01-01,2026-03-31,391000,10-Q,2026-05-07,2026,Q1
CARM,PaymentsToAcquirePropertyPlantAndEquipment,2014-01-01,2014-03-31,50000,10-Q,2014-05-15,2014,Q1
CARM,PaymentsToAcquirePropertyPlantAndEquipment,2015-01-01,2015-03-31,32000,10-Q,2015-04-30,2015,Q1
CARM,PaymentsToAcquirePropertyPlantAndEquipment,2016-01-01,2016-03-31,0,10-Q,2016-05-05,2016,Q1
CARM,PaymentsToAcquirePropertyPlantAndEquipment,2022-01-01,2022-03-31,1007000,10-Q,2023-05-11,2023,Q1
CARM,PaymentsToAcquirePropertyPlantAndEquipment,2023-01-01,2023-03-31,135000,10-Q,2023-05-11,2023,Q1
CARM,PaymentsToAcquirePropertyPlantAndEquipment,2024-01-01,2024-03-31,17000,10-Q,2024-05-09,2024,Q1
CARM,PaymentsToAcquirePropertyPlantAndEquipment,2025-01-01,2025-03-31,0,10-Q,2025-05-13,2025,Q1
CAT,PaymentsToAcquirePropertyPlantAndEquipment,2019-01-01,2019-03-31,278000000,10-Q,2020-05-06,2020,Q1
CAT,PaymentsToAcquirePropertyPlantAndEquipment,2020-01-01,2020-03-31,305000000,10-Q,2020-05-06,2020,Q1
CAT,PaymentsToAcquirePropertyPlantAndEquipment,2021-01-01,2021-03-31,252000000,10-Q,2021-05-05,2021,Q1
CAT,PaymentsToAcquirePropertyPlantAndEquipment,2022-01-01,2022-03-31,346000000,10-Q,2022-05-04,2022,Q1
CAT,PaymentsToAcquirePropertyPlantAndEquipment,2023-01-01,2023-03-31,422000000,10-Q,2023-05-03,2023,Q1
CAT,PaymentsToAcquirePropertyPlantAndEquipment,2024-01-01,2024-03-31,500000000,10-Q,2024-05-01,2024,Q1
CAT,PaymentsToAcquirePropertyPlantAndEquipment,2025-01-01,2025-03-31,710000000,10-Q,2025-05-07,2025,Q1
CAT,PaymentsToAcquirePropertyPlantAndEquipment,2026-01-01,2026-03-31,728000000,10-Q,2026-05-06,2026,Q1
CBU,PaymentsToAcquirePropertyPlantAndEquipment,2011-01-01,2011-03-31,2137000,10-Q,2012-05-10,2012,Q1
CBU,PaymentsToAcquirePropertyPlantAndEquipment,2012-01-01,2012-03-31,560000,10-Q,2012-05-10,2012,Q1
CBU,PaymentsToAcquirePropertyPlantAndEquipment,2013-01-01,2013-03-31,2502000,10-Q,2013-05-10,2013,Q1
CBU,PaymentsToAcquirePropertyPlantAndEquipment,2014-01-01,2014-03-31,1395000,10-Q,2014-05-12,2014,Q1
CBU,PaymentsToAcquirePropertyPlantAndEquipment,2015-01-01,2015-03-31,3321000,10-Q,2015-05-08,2015,Q1
CBU,PaymentsToAcquirePropertyPlantAndEquipment,2016-01-01,2016-03-31,2639000,10-Q,2016-05-09,2016,Q1
CBU,PaymentsToAcquirePropertyPlantAndEquipment,2017-01-01,2017-03-31,2088000,10-Q,2017-05-10,2017,Q1
CBU,PaymentsToAcquirePropertyPlantAndEquipment,2018-01-01,2018-03-31,1556000,10-Q,2018-05-10,2018,Q1
CBU,PaymentsToAcquirePropertyPlantAndEquipment,2019-01-01,2019-03-31,1227000,10-Q,2019-05-10,2019,Q1
CBU,PaymentsToAcquirePropertyPlantAndEquipment,2020-01-01,2020-03-31,3020000,10-Q,2020-05-11,2020,Q1
CBU,PaymentsToAcquirePropertyPlantAndEquipment,2021-01-01,2021-03-31,876000,10-Q,2021-05-10,2021,Q1
CBU,PaymentsToAcquirePropertyPlantAndEquipment,2022-01-01,2022-03-31,2214000,10-Q,2022-05-10,2022,Q1
CBU,PaymentsToAcquirePropertyPlantAndEquipment,2023-01-01,2023-03-31,4070000,10-Q,2023-05-10,2023,Q1
CBU,PaymentsToAcquirePropertyPlantAndEquipment,2024-01-01,2024-03-31,2559000,10-Q,2024-05-10,2024,Q1
CBU,PaymentsToAcquirePropertyPlantAndEquipment,2025-01-01,2025-03-31,10555000,10-Q,2025-05-09,2025,Q1
CBU,PaymentsToAcquirePropertyPlantAndEquipment,2026-01-01,2026-03-31,11260000,10-Q,2026-05-08,2026,Q1
CCC,PaymentsToAcquirePropertyPlantAndEquipment,2021-01-01,2021-03-31,4637000,10-Q,2022-05-06,2022,Q1
CCC,PaymentsToAcquirePropertyPlantAndEquipment,2022-01-01,2022-03-31,14280000,10-Q,2022-05-06,2022,Q1
CCC,PaymentsToAcquirePropertyPlantAndEquipment,2023-01-01,2023-03-31,14534000,10-Q,2023-05-02,2023,Q1
CCC,PaymentsToAcquirePropertyPlantAndEquipment,2024-01-01,2024-03-31,15663000,10-Q,2024-04-30,2024,Q1
CCC,PaymentsToAcquirePropertyPlantAndEquipment,2025-01-01,2025-03-31,14846000,10-Q,2025-05-06,2025,Q1
CCEL,PaymentsToAcquirePropertyPlantAndEquipment,2010-12-01,2011-02-28,229602,10-Q,2012-04-16,2012,Q1
CCEL,PaymentsToAcquirePropertyPlantAndEquipment,2011-12-01,2012-02-29,79241,10-Q,2012-04-16,2012,Q1
CCEL,PaymentsToAcquirePropertyPlantAndEquipment,2012-12-01,2013-02-28,77293,10-Q,2013-04-15,2013,Q1
CCEL,PaymentsToAcquirePropertyPlantAndEquipment,2013-12-01,2014-02-28,11025,10-Q,2014-04-14,2014,Q1
CCEL,PaymentsToAcquirePropertyPlantAndEquipment,2013-12-02,2014-02-28,11025,10-Q,2015-04-14,2015,Q1
CCEL,PaymentsToAcquirePropertyPlantAndEquipment,2014-12-01,2015-02-28,23303,10-Q,2015-04-14,2015,Q1
CCEL,PaymentsToAcquirePropertyPlantAndEquipment,2015-12-01,2016-02-29,30723,10-Q,2016-04-14,2016,Q1
CCEL,PaymentsToAcquirePropertyPlantAndEquipment,2016-12-01,2017-02-28,2921,10-Q,2017-04-13,2017,Q1
CCEL,PaymentsToAcquirePropertyPlantAndEquipment,2017-12-01,2018-02-28,253704,10-Q,2018-04-16,2018,Q1
CCEL,PaymentsToAcquirePropertyPlantAndEquipment,2018-12-01,2019-02-28,49085,10-Q,2019-04-15,2019,Q1
CCEL,PaymentsToAcquirePropertyPlantAndEquipment,2019-12-01,2020-02-29,6961,10-Q,2020-04-14,2020,Q1
CCEL,PaymentsToAcquirePropertyPlantAndEquipment,2020-12-01,2021-02-28,11978,10-Q,2021-04-14,2021,Q1
CCEL,PaymentsToAcquirePropertyPlantAndEquipment,2021-12-01,2022-02-28,647637,10-Q,2022-04-13,2022,Q1
CCEL,PaymentsToAcquirePropertyPlantAndEquipment,2022-12-01,2023-02-28,375600,10-Q,2023-04-21,2023,Q1
CCEL,PaymentsToAcquirePropertyPlantAndEquipment,2023-12-01,2024-02-29,457722,10-Q,2024-04-15,2024,Q1
CCEL,PaymentsToAcquirePropertyPlantAndEquipment,2024-12-01,2025-02-28,62053,10-Q,2025-04-14,2025,Q1
CCEL,PaymentsToAcquirePropertyPlantAndEquipment,2025-12-01,2026-02-28,67065,10-Q,2026-04-14,2026,Q1
CCLD,PaymentsToAcquirePropertyPlantAndEquipment,2020-01-01,2020-03-31,539000,10-Q,2021-05-06,2021,Q1
CCLD,PaymentsToAcquirePropertyPlantAndEquipment,2021-01-01,2021-03-31,695000,10-Q,2021-05-06,2021,Q1
CCLD,PaymentsToAcquirePropertyPlantAndEquipment,2022-01-01,2022-03-31,544000,10-Q,2022-05-09,2022,Q1
CCLD,PaymentsToAcquirePropertyPlantAndEquipment,2023-01-01,2023-03-31,835000,10-Q,2023-05-04,2023,Q1
CCLD,PaymentsToAcquirePropertyPlantAndEquipment,2024-01-01,2024-03-31,298000,10-Q,2024-05-14,2024,Q1
CCLD,PaymentsToAcquirePropertyPlantAndEquipment,2025-01-01,2025-03-31,624000,10-Q,2025-05-06,2025,Q1
CCLD,PaymentsToAcquirePropertyPlantAndEquipment,2026-01-01,2026-03-31,412000,10-Q,2026-05-07,2026,Q1
CCO,PaymentsToAcquirePropertyPlantAndEquipment,2011-01-01,2011-03-31,46361000,10-Q,2012-05-04,2012,Q1
CCO,PaymentsToAcquirePropertyPlantAndEquipment,2011-04-01,2011-06-30,59413000,10-Q,2012-08-02,2012,Q2
CCO,PaymentsToAcquirePropertyPlantAndEquipment,2011-07-01,2011-09-30,60370000,10-Q,2012-11-02,2012,Q3
CCO,PaymentsToAcquirePropertyPlantAndEquipment,2012-01-01,2012-03-31,55990000,10-Q,2012-05-04,2012,Q1
CCO,PaymentsToAcquirePropertyPlantAndEquipment,2012-04-01,2012-06-30,74806000,10-Q,2012-08-02,2012,Q2
CCO,PaymentsToAcquirePropertyPlantAndEquipment,2012-07-01,2012-09-30,56573000,10-Q,2012-11-02,2012,Q3
CCO,PaymentsToAcquirePropertyPlantAndEquipment,2013-01-01,2013-03-31,39441000,10-Q,2013-05-02,2013,Q1
CCO,PaymentsToAcquirePropertyPlantAndEquipment,2013-04-01,2013-06-30,40664000,10-Q,2013-08-01,2013,Q2
CCO,PaymentsToAcquirePropertyPlantAndEquipment,2013-07-01,2013-09-30,34240000,10-Q,2013-11-07,2013,Q3
CCO,PaymentsToAcquirePropertyPlantAndEquipment,2014-01-01,2014-03-31,38628000,10-Q,2014-04-24,2014,Q1
CCO,PaymentsToAcquirePropertyPlantAndEquipment,2014-04-01,2014-06-30,54339000,10-Q,2014-07-23,2014,Q2
CCO,PaymentsToAcquirePropertyPlantAndEquipment,2014-07-01,2014-09-30,42490000,10-Q,2014-10-28,2014,Q2
CCO,PaymentsToAcquirePropertyPlantAndEquipment,2015-01-01,2015-03-31,41815000,10-Q,2015-04-30,2015,Q1
CCO,PaymentsToAcquirePropertyPlantAndEquipment,2015-04-01,2015-06-30,48218000,10-Q,2015-07-30,2015,Q2
CCO,PaymentsToAcquirePropertyPlantAndEquipment,2015-07-01,2015-09-30,48585000,10-Q,2015-11-05,2015,Q3
CCO,PaymentsToAcquirePropertyPlantAndEquipment,2016-01-01,2016-03-31,47202000,10-Q,2016-05-04,2016,Q1
CCO,PaymentsToAcquirePropertyPlantAndEquipment,2016-04-01,2016-06-30,49853000,10-Q,2016-08-04,2016,Q2
CCO,PaymentsToAcquirePropertyPlantAndEquipment,2016-07-01,2016-09-30,50950000,10-Q,2016-11-09,2016,Q3
CCO,PaymentsToAcquirePropertyPlantAndEquipment,2017-01-01,2017-03-31,36344000,10-Q,2017-05-04,2017,Q1
CCO,PaymentsToAcquirePropertyPlantAndEquipment,2017-04-01,2017-06-30,66735000,10-Q,2017-08-03,2017,Q2
CCO,PaymentsToAcquirePropertyPlantAndEquipment,2017-07-01,2017-09-30,31789000,10-Q,2017-11-08,2017,Q3
CCO,PaymentsToAcquirePropertyPlantAndEquipment,2018-01-01,2018-03-31,28672000,10-Q,2018-05-22,2018,Q1
CCO,PaymentsToAcquirePropertyPlantAndEquipment,2018-04-01,2018-06-30,32643000,10-Q,2018-07-31,2018,Q2
CCO,PaymentsToAcquirePropertyPlantAndEquipment,2018-07-01,2018-09-30,48806000,10-Q,2018-11-08,2018,Q3
CCO,PaymentsToAcquirePropertyPlantAndEquipment,2019-01-01,2019-03-31,28173000,10-Q,2019-04-25,2019,Q1
CCO,PaymentsToAcquirePropertyPlantAndEquipment,2019-04-01,2019-06-30,51108000,10-Q,2019-08-01,2019,Q2
CCO,PaymentsToAcquirePropertyPlantAndEquipment,2020-01-01,2020-03-31,32815000,10-Q,2020-05-06,2020,Q1
CCO,PaymentsToAcquirePropertyPlantAndEquipment,2021-01-01,2021-03-31,17918000,10-Q,2021-05-10,2021,Q1
CCO,PaymentsToAcquirePropertyPlantAndEquipment,2022-01-01,2022-03-31,35809000,10-Q,2022-05-10,2022,Q1
CCO,PaymentsToAcquirePropertyPlantAndEquipment,2023-01-01,2023-03-31,38427000,10-Q,2023-05-09,2023,Q1
CCO,PaymentsToAcquirePropertyPlantAndEquipment,2024-01-01,2024-03-31,26204000,10-Q,2024-05-09,2024,Q1
CCO,PaymentsToAcquirePropertyPlantAndEquipment,2025-01-01,2025-03-31,25526000,10-Q,2025-05-01,2025,Q1
CCO,PaymentsToAcquirePropertyPlantAndEquipment,2026-01-01,2026-03-31,16001000,10-Q,2026-05-06,2026,Q1
CDLX,PaymentsToAcquirePropertyPlantAndEquipment,2017-01-01,2017-03-31,386000,10-Q,2018-05-10,2018,Q1
CDLX,PaymentsToAcquirePropertyPlantAndEquipment,2018-01-01,2018-03-31,418000,10-Q,2018-05-10,2018,Q1
CDLX,PaymentsToAcquirePropertyPlantAndEquipment,2019-01-01,2019-03-31,1492000,10-Q,2019-05-09,2019,Q1
CDLX,PaymentsToAcquirePropertyPlantAndEquipment,2020-01-01,2020-03-31,492000,10-Q,2020-05-11,2020,Q1
CDLX,PaymentsToAcquirePropertyPlantAndEquipment,2021-01-01,2021-03-31,1377000,10-Q,2021-05-04,2021,Q1
CDLX,PaymentsToAcquirePropertyPlantAndEquipment,2022-01-01,2022-03-31,397000,10-Q,2022-05-02,2022,Q1
CDLX,PaymentsToAcquirePropertyPlantAndEquipment,2023-01-01,2023-03-31,360000,10-Q,2023-05-04,2023,Q1
CDLX,PaymentsToAcquirePropertyPlantAndEquipment,2024-01-01,2024-03-31,651000,10-Q,2024-05-08,2024,Q1
CDLX,PaymentsToAcquirePropertyPlantAndEquipment,2025-01-01,2025-03-31,119000,10-Q,2025-05-07,2025,Q1
CDLX,PaymentsToAcquirePropertyPlantAndEquipment,2026-01-01,2026-03-31,28000,10-Q,2026-05-07,2026,Q1
CDRE,PaymentsToAcquirePropertyPlantAndEquipment,2021-01-01,2021-03-31,788000,10-Q,2022-05-16,2022,Q1
CDRE,PaymentsToAcquirePropertyPlantAndEquipment,2022-01-01,2022-03-31,950000,10-Q,2022-05-16,2022,Q1
CDRE,PaymentsToAcquirePropertyPlantAndEquipment,2023-01-01,2023-03-31,781000,10-Q,2023-05-09,2023,Q1
CDRE,PaymentsToAcquirePropertyPlantAndEquipment,2024-01-01,2024-03-31,1343000,10-Q,2024-05-08,2024,Q1
CDRE,PaymentsToAcquirePropertyPlantAndEquipment,2025-01-01,2025-03-31,1309000,10-Q,2025-05-06,2025,Q1
CDRE,PaymentsToAcquirePropertyPlantAndEquipment,2026-01-01,2026-03-31,2680000,10-Q,2026-05-11,2026,Q1
CDW,PaymentsToAcquirePropertyPlantAndEquipment,2015-01-01,2015-03-31,10000000,10-Q,2016-05-05,2016,Q1
CDW,PaymentsToAcquirePropertyPlantAndEquipment,2016-01-01,2016-03-31,11000000,10-Q,2016-05-05,2016,Q1
CDW,PaymentsToAcquirePropertyPlantAndEquipment,2017-01-01,2017-03-31,19600000,10-Q,2017-05-04,2017,Q1
CDW,PaymentsToAcquirePropertyPlantAndEquipment,2018-01-01,2018-03-31,15900000,10-Q,2018-05-03,2018,Q1
CDW,PaymentsToAcquirePropertyPlantAndEquipment,2019-01-01,2019-03-31,19400000,10-Q,2019-05-01,2019,Q1
CDW,PaymentsToAcquirePropertyPlantAndEquipment,2020-01-01,2020-03-31,25400000,10-Q,2020-05-06,2020,Q1
CDW,PaymentsToAcquirePropertyPlantAndEquipment,2021-01-01,2021-03-31,20700000,10-Q,2021-05-05,2021,Q1
CDW,PaymentsToAcquirePropertyPlantAndEquipment,2022-01-01,2022-03-31,41300000,10-Q,2022-05-04,2022,Q1
CDW,PaymentsToAcquirePropertyPlantAndEquipment,2023-01-01,2023-03-31,31700000,10-Q,2023-05-03,2023,Q1
CDW,PaymentsToAcquirePropertyPlantAndEquipment,2024-01-01,2024-03-31,29500000,10-Q,2024-05-01,2024,Q1
CDW,PaymentsToAcquirePropertyPlantAndEquipment,2025-01-01,2025-03-31,26900000,10-Q,2025-05-07,2025,Q1
CDW,PaymentsToAcquirePropertyPlantAndEquipment,2026-01-01,2026-03-31,26400000,10-Q,2026-05-06,2026,Q1
CDXS,PaymentsToAcquirePropertyPlantAndEquipment,2011-01-01,2011-03-31,891000,10-Q,2012-05-10,2012,Q1
CDXS,PaymentsToAcquirePropertyPlantAndEquipment,2012-01-01,2012-03-31,2107000,10-Q,2012-05-10,2012,Q1
CDXS,PaymentsToAcquirePropertyPlantAndEquipment,2013-01-01,2013-03-31,48000,10-Q,2013-05-09,2013,Q1
CDXS,PaymentsToAcquirePropertyPlantAndEquipment,2014-01-01,2014-03-31,21000,10-Q,2014-05-08,2014,Q1
CDXS,PaymentsToAcquirePropertyPlantAndEquipment,2015-01-01,2015-03-31,62000,10-Q,2015-05-07,2015,Q1
CDXS,PaymentsToAcquirePropertyPlantAndEquipment,2016-01-01,2016-03-31,265000,10-Q,2016-05-09,2016,Q1
CDXS,PaymentsToAcquirePropertyPlantAndEquipment,2017-01-01,2017-03-31,237000,10-Q,2017-05-09,2017,Q1
CDXS,PaymentsToAcquirePropertyPlantAndEquipment,2018-01-01,2018-03-31,16000,10-Q,2018-05-10,2018,Q1
CDXS,PaymentsToAcquirePropertyPlantAndEquipment,2019-01-01,2019-03-31,445000,10-Q,2019-05-08,2019,Q1
CDXS,PaymentsToAcquirePropertyPlantAndEquipment,2020-01-01,2020-03-31,761000,10-Q,2020-05-08,2020,Q1
CDXS,PaymentsToAcquirePropertyPlantAndEquipment,2021-01-01,2021-03-31,2550000,10-Q,2021-05-07,2021,Q1
CDXS,PaymentsToAcquirePropertyPlantAndEquipment,2022-01-01,2022-03-31,5089000,10-Q,2022-05-09,2022,Q1
CDXS,PaymentsToAcquirePropertyPlantAndEquipment,2023-01-01,2023-03-31,2539000,10-Q,2023-05-04,2023,Q1
CDXS,PaymentsToAcquirePropertyPlantAndEquipment,2024-01-01,2024-03-31,1130000,10-Q,2024-05-02,2024,Q1
CDXS,PaymentsToAcquirePropertyPlantAndEquipment,2025-01-01,2025-03-31,1256000,10-Q,2025-05-14,2025,Q1
CDXS,PaymentsToAcquirePropertyPlantAndEquipment,2026-01-01,2026-03-31,176000,10-Q,2026-05-07,2026,Q1
CE,PaymentsToAcquirePropertyPlantAndEquipment,2009-01-01,2009-03-31,56000000,10-Q,2010-04-27,2010,Q1
CE,PaymentsToAcquirePropertyPlantAndEquipment,2010-01-01,2010-03-31,44000000,10-Q,2010-04-27,2010,Q1
CE,PaymentsToAcquirePropertyPlantAndEquipment,2011-01-01,2011-03-31,77000000,10-Q,2011-04-26,2011,Q1
CE,PaymentsToAcquirePropertyPlantAndEquipment,2012-01-01,2012-03-31,106000000,10-Q,2012-04-24,2012,Q1
CE,PaymentsToAcquirePropertyPlantAndEquipment,2013-01-01,2013-03-31,74000000,10-Q,2013-04-19,2013,Q1
CE,PaymentsToAcquirePropertyPlantAndEquipment,2014-01-01,2014-03-31,78000000,10-Q,2014-04-22,2014,Q1
CE,PaymentsToAcquirePropertyPlantAndEquipment,2015-01-01,2015-03-31,64000000,10-Q,2015-04-17,2015,Q1
CE,PaymentsToAcquirePropertyPlantAndEquipment,2016-01-01,2016-03-31,70000000,10-Q,2016-04-19,2016,Q1
CE,PaymentsToAcquirePropertyPlantAndEquipment,2017-01-01,2017-03-31,62000000,10-Q,2017-04-18,2017,Q1
CE,PaymentsToAcquirePropertyPlantAndEquipment,2018-01-01,2018-03-31,86000000,10-Q,2018-04-17,2018,Q1
CE,PaymentsToAcquirePropertyPlantAndEquipment,2019-01-01,2019-03-31,79000000,10-Q,2019-04-23,2019,Q1
CE,PaymentsToAcquirePropertyPlantAndEquipment,2020-01-01,2020-03-31,119000000,10-Q,2020-04-28,2020,Q1
CE,PaymentsToAcquirePropertyPlantAndEquipment,2021-01-01,2021-03-31,92000000,10-Q,2021-04-23,2021,Q1
CE,PaymentsToAcquirePropertyPlantAndEquipment,2022-01-01,2022-03-31,137000000,10-Q,2022-04-29,2022,Q1
CE,PaymentsToAcquirePropertyPlantAndEquipment,2023-01-01,2023-03-31,164000000,10-Q,2023-05-10,2023,Q1
CE,PaymentsToAcquirePropertyPlantAndEquipment,2024-01-01,2024-03-31,137000000,10-Q,2024-05-10,2024,Q1
CE,PaymentsToAcquirePropertyPlantAndEquipment,2025-01-01,2025-03-31,102000000,10-Q,2025-05-06,2025,Q1
CE,PaymentsToAcquirePropertyPlantAndEquipment,2026-01-01,2026-03-31,66000000,10-Q,2026-05-06,2026,Q1
CEG,PaymentsToAcquirePropertyPlantAndEquipment,2021-01-01,2021-03-31,382000000,10-Q,2022-05-12,2022,Q1
CEG,PaymentsToAcquirePropertyPlantAndEquipment,2022-01-01,2022-03-31,410000000,10-Q,2022-05-12,2022,Q1
CEG,PaymentsToAcquirePropertyPlantAndEquipment,2023-01-01,2023-03-31,660000000,10-Q,2023-05-04,2023,Q1
CEG,PaymentsToAcquirePropertyPlantAndEquipment,2024-01-01,2024-03-31,738000000,10-Q,2024-05-09,2024,Q1
CEG,PaymentsToAcquirePropertyPlantAndEquipment,2025-01-01,2025-03-31,806000000,10-Q,2025-05-06,2025,Q1
CEG,PaymentsToAcquirePropertyPlantAndEquipment,2026-01-01,2026-03-31,1275000000,10-Q,2026-05-11,2026,Q1
CEPL,PaymentsToAcquirePropertyPlantAndEquipment,2015-04-01,2015-06-30,915000,10-Q,2016-08-04,2017,Q1
CEPL,PaymentsToAcquirePropertyPlantAndEquipment,2016-04-01,2016-06-30,9000,10-Q,2016-08-04,2017,Q1
CEPL,PaymentsToAcquirePropertyPlantAndEquipment,2017-04-01,2017-06-30,178000,10-Q,2017-08-09,2018,Q1
CEPL,PaymentsToAcquirePropertyPlantAndEquipment,2018-04-01,2018-06-30,163000,10-Q,2018-08-07,2019,Q1
CEPL,PaymentsToAcquirePropertyPlantAndEquipment,2019-04-01,2019-06-30,977000,10-Q,2019-08-08,2020,Q1
CEPL,PaymentsToAcquirePropertyPlantAndEquipment,2020-04-01,2020-06-30,74000,10-Q,2020-08-06,2021,Q1
CEPL,PaymentsToAcquirePropertyPlantAndEquipment,2021-04-01,2021-06-30,1200000,10-Q,2021-08-11,2022,Q1
CEPL,PaymentsToAcquirePropertyPlantAndEquipment,2022-04-01,2022-06-30,1887000,10-Q,2022-08-11,2023,Q1
CEPL,PaymentsToAcquirePropertyPlantAndEquipment,2023-04-01,2023-06-30,2190000,10-Q,2024-08-05,2024,Q1
CEPL,PaymentsToAcquirePropertyPlantAndEquipment,2024-04-01,2024-06-30,149000,10-Q,2024-10-17,2025,Q1
CEPL,PaymentsToAcquirePropertyPlantAndEquipment,2025-04-01,2025-06-30,126000,10-Q,2025-08-08,2026,Q1
CEPL,PaymentsToAcquirePropertyPlantAndEquipment,2026-04-01,2026-06-30,894000,10-Q,2026-08-12,2027,Q1
CERT,PaymentsToAcquirePropertyPlantAndEquipment,2020-01-01,2020-03-31,459000,10-Q,2021-05-07,2021,Q1
CERT,PaymentsToAcquirePropertyPlantAndEquipment,2021-01-01,2021-03-31,222000,10-Q,2021-05-07,2021,Q1
CERT,PaymentsToAcquirePropertyPlantAndEquipment,2022-01-01,2022-03-31,506000,10-Q,2022-05-05,2022,Q1
CERT,PaymentsToAcquirePropertyPlantAndEquipment,2023-01-01,2023-03-31,317000,10-Q,2023-05-08,2023,Q1
CERT,PaymentsToAcquirePropertyPlantAndEquipment,2024-01-01,2024-03-31,619000,10-Q,2024-05-07,2024,Q1
CERT,PaymentsToAcquirePropertyPlantAndEquipment,2025-01-01,2025-03-31,600000,10-Q,2025-05-05,2025,Q1
CERT,PaymentsToAcquirePropertyPlantAndEquipment,2026-01-01,2026-03-31,631000,10-Q,2026-05-11,2026,Q1
CF,PaymentsToAcquirePropertyPlantAndEquipment,2009-01-01,2009-03-31,71900000,10-Q,2010-05-07,2010,Q1
CF,PaymentsToAcquirePropertyPlantAndEquipment,2010-01-01,2010-03-31,29000000,10-Q,2010-05-07,2010,Q1
CF,PaymentsToAcquirePropertyPlantAndEquipment,2011-01-01,2011-03-31,54900000,10-Q,2011-05-06,2011,Q1
CF,PaymentsToAcquirePropertyPlantAndEquipment,2012-01-01,2012-03-31,64300000,10-Q,2012-05-04,2012,Q1
CF,PaymentsToAcquirePropertyPlantAndEquipment,2013-01-01,2013-03-31,152800000,10-Q,2013-05-09,2013,Q1
CF,PaymentsToAcquirePropertyPlantAndEquipment,2014-01-01,2014-03-31,392400000,10-Q,2014-05-08,2014,Q1
CF,PaymentsToAcquirePropertyPlantAndEquipment,2015-01-01,2015-03-31,444800000,10-Q,2015-05-07,2015,Q1
CF,PaymentsToAcquirePropertyPlantAndEquipment,2016-01-01,2016-03-31,676000000,10-Q,2016-05-05,2016,Q1
CF,PaymentsToAcquirePropertyPlantAndEquipment,2017-01-01,2017-03-31,94000000,10-Q,2017-05-04,2017,Q1
CF,PaymentsToAcquirePropertyPlantAndEquipment,2018-01-01,2018-03-31,68000000,10-Q,2018-05-03,2018,Q1
CF,PaymentsToAcquirePropertyPlantAndEquipment,2019-01-01,2019-03-31,80000000,10-Q,2019-05-02,2019,Q1
CF,PaymentsToAcquirePropertyPlantAndEquipment,2020-01-01,2020-03-31,67000000,10-Q,2020-05-07,2020,Q1
CF,PaymentsToAcquirePropertyPlantAndEquipment,2021-01-01,2021-03-31,71000000,10-Q,2021-05-06,2021,Q1
CF,PaymentsToAcquirePropertyPlantAndEquipment,2022-01-01,2022-03-31,63000000,10-Q,2022-05-05,2022,Q1
CF,PaymentsToAcquirePropertyPlantAndEquipment,2023-01-01,2023-03-31,69000000,10-Q,2023-05-02,2023,Q1
CF,PaymentsToAcquirePropertyPlantAndEquipment,2024-01-01,2024-03-31,98000000,10-Q,2024-05-02,2024,Q1
CF,PaymentsToAcquirePropertyPlantAndEquipment,2025-01-01,2025-03-31,132000000,10-Q,2025-05-08,2025,Q1
CF,PaymentsToAcquirePropertyPlantAndEquipment,2026-01-01,2026-03-31,223000000,10-Q,2026-05-07,2026,Q1
CFOR,PaymentsToAcquirePropertyPlantAndEquipment,2014-01-01,2014-03-31,25926,10-Q,2015-06-18,2015,Q1
CFOR,PaymentsToAcquirePropertyPlantAndEquipment,2015-01-01,2015-03-31,10034,10-Q,2015-06-18,2015,Q1
CFOR,PaymentsToAcquirePropertyPlantAndEquipment,2016-01-01,2016-03-31,1644,10-Q,2016-05-16,2016,Q1
CFOR,PaymentsToAcquirePropertyPlantAndEquipment,2017-01-01,2017-03-31,27022,10-Q,2017-05-03,2017,Q1
CFOR,PaymentsToAcquirePropertyPlantAndEquipment,2018-01-01,2018-03-31,0,10-Q,2018-05-14,2018,Q1
CFOR,PaymentsToAcquirePropertyPlantAndEquipment,2019-01-01,2019-03-31,8493,10-Q,2019-05-15,2019,Q1
CFOR,PaymentsToAcquirePropertyPlantAndEquipment,2020-01-01,2020-03-31,1057,10-Q,2020-05-08,2020,Q1
CFOR,PaymentsToAcquirePropertyPlantAndEquipment,2021-01-01,2021-03-31,850885,10-Q,2021-05-14,2021,Q1
CFOR,PaymentsToAcquirePropertyPlantAndEquipment,2022-01-01,2022-03-31,38713,10-Q,2022-05-13,2022,Q1
CFOR,PaymentsToAcquirePropertyPlantAndEquipment,2023-01-01,2023-03-31,330446,10-Q,2023-05-15,2023,Q1
CHDN,PaymentsToAcquirePropertyPlantAndEquipment,2012-01-01,2012-03-31,9120000,10-Q,2013-04-24,2013,Q1
CHDN,PaymentsToAcquirePropertyPlantAndEquipment,2013-01-01,2013-03-31,13694000,10-Q,2013-04-24,2013,Q1
CHDN,PaymentsToAcquirePropertyPlantAndEquipment,2014-01-01,2014-03-31,20169000,10-Q,2014-04-23,2014,Q1
CHDN,PaymentsToAcquirePropertyPlantAndEquipment,2015-01-01,2015-03-31,9784000,10-Q,2015-04-27,2015,Q1
CHDN,PaymentsToAcquirePropertyPlantAndEquipment,2016-01-01,2016-03-31,16400000,10-Q,2016-04-28,2016,Q1
CHDN,PaymentsToAcquirePropertyPlantAndEquipment,2017-01-01,2017-03-31,10200000,10-Q,2017-04-26,2017,Q1
CHDN,PaymentsToAcquirePropertyPlantAndEquipment,2018-01-01,2018-03-31,7500000,10-Q,2018-04-25,2018,Q1
CHDN,PaymentsToAcquirePropertyPlantAndEquipment,2019-01-01,2019-03-31,13900000,10-Q,2019-04-24,2019,Q1
CHGG,PaymentsToAcquirePropertyPlantAndEquipment,2013-01-01,2013-03-31,1544000,10-Q,2014-05-12,2014,Q1
CHGG,PaymentsToAcquirePropertyPlantAndEquipment,2014-01-01,2014-03-31,1285000,10-Q,2014-05-12,2014,Q1
CHGG,PaymentsToAcquirePropertyPlantAndEquipment,2015-01-01,2015-03-31,1486000,10-Q,2015-05-08,2015,Q1
CHGG,PaymentsToAcquirePropertyPlantAndEquipment,2016-01-01,2016-03-31,4800000,10-Q,2016-05-03,2016,Q1
CHGG,PaymentsToAcquirePropertyPlantAndEquipment,2017-01-01,2017-03-31,4770000,10-Q,2017-05-01,2017,Q1
CHGG,PaymentsToAcquirePropertyPlantAndEquipment,2018-01-01,2018-03-31,4883000,10-Q,2018-04-26,2018,Q1
CHGG,PaymentsToAcquirePropertyPlantAndEquipment,2019-01-01,2019-03-31,14060000,10-Q,2019-04-29,2019,Q1
CHGG,PaymentsToAcquirePropertyPlantAndEquipment,2020-01-01,2020-03-31,19965000,10-Q,2020-05-04,2020,Q1
CHGG,PaymentsToAcquirePropertyPlantAndEquipment,2021-01-01,2021-03-31,18984000,10-Q,2021-05-03,2021,Q1
CHGG,PaymentsToAcquirePropertyPlantAndEquipment,2022-01-01,2022-03-31,29533000,10-Q,2022-05-02,2022,Q1
CHGG,PaymentsToAcquirePropertyPlantAndEquipment,2023-01-01,2023-03-31,17166000,10-Q,2023-05-01,2023,Q1
CHGG,PaymentsToAcquirePropertyPlantAndEquipment,2024-01-01,2024-03-31,28017000,10-Q,2024-04-29,2024,Q1
CHGG,PaymentsToAcquirePropertyPlantAndEquipment,2025-01-01,2025-03-31,8665000,10-Q,2025-05-12,2025,Q1
CHGG,PaymentsToAcquirePropertyPlantAndEquipment,2026-01-01,2026-03-31,1042000,10-Q,2026-05-11,2026,Q1
CHH,PaymentsToAcquirePropertyPlantAndEquipment,2010-01-01,2010-03-31,4558000,10-Q,2011-05-09,2011,Q1
CHH,PaymentsToAcquirePropertyPlantAndEquipment,2011-01-01,2011-03-31,1835000,10-Q,2011-05-09,2011,Q1
CHH,PaymentsToAcquirePropertyPlantAndEquipment,2012-01-01,2012-03-31,3129000,10-Q,2012-05-09,2012,Q1
CHH,PaymentsToAcquirePropertyPlantAndEquipment,2013-01-01,2013-03-31,13645000,10-Q,2013-05-08,2013,Q1
CHH,PaymentsToAcquirePropertyPlantAndEquipment,2014-01-01,2014-03-31,3015000,10-Q,2014-05-08,2014,Q1
CHH,PaymentsToAcquirePropertyPlantAndEquipment,2015-01-01,2015-03-31,6804000,10-Q,2015-05-07,2015,Q1
CHH,PaymentsToAcquirePropertyPlantAndEquipment,2016-01-01,2016-03-31,5306000,10-Q,2016-05-05,2016,Q1
CHH,PaymentsToAcquirePropertyPlantAndEquipment,2017-01-01,2017-03-31,4718000,10-Q,2017-05-05,2017,Q1
CHH,PaymentsToAcquirePropertyPlantAndEquipment,2018-01-01,2018-03-31,4996000,10-Q,2018-05-10,2018,Q1
CHH,PaymentsToAcquirePropertyPlantAndEquipment,2019-01-01,2019-03-31,14906000,10-Q,2019-05-09,2019,Q1
CHH,PaymentsToAcquirePropertyPlantAndEquipment,2020-01-01,2020-03-31,6229000,10-Q,2020-05-11,2020,Q1
CHPT,PaymentsToAcquirePropertyPlantAndEquipment,2020-02-01,2020-04-30,2772000,10-Q,2021-06-11,2021,Q1
CHPT,PaymentsToAcquirePropertyPlantAndEquipment,2021-02-01,2021-04-30,4138000,10-Q,2021-06-11,2021,Q1
CHPT,PaymentsToAcquirePropertyPlantAndEquipment,2022-02-01,2022-04-30,3190000,10-Q,2022-06-07,2023,Q1
CHPT,PaymentsToAcquirePropertyPlantAndEquipment,2023-02-01,2023-04-30,5840000,10-Q,2023-06-08,2024,Q1
CHPT,PaymentsToAcquirePropertyPlantAndEquipment,2024-02-01,2024-04-30,3468000,10-Q,2024-06-06,2025,Q1
CHPT,PaymentsToAcquirePropertyPlantAndEquipment,2025-02-01,2025-04-30,1060000,10-Q,2025-06-06,2026,Q1
CHPT,PaymentsToAcquirePropertyPlantAndEquipment,2026-02-01,2026-04-30,1137000,10-Q,2026-06-08,2027,Q1
CIEN,PaymentsToAcquirePropertyPlantAndEquipment,2009-11-01,2010-01-31,7009000,10-Q,2011-03-10,2011,Q1
CIEN,PaymentsToAcquirePropertyPlantAndEquipment,2010-11-01,2011-01-31,17265000,10-Q,2011-03-10,2011,Q1
CIEN,PaymentsToAcquirePropertyPlantAndEquipment,2011-11-01,2012-01-31,7898000,10-Q,2012-03-08,2012,Q1
CIEN,PaymentsToAcquirePropertyPlantAndEquipment,2012-11-01,2013-01-31,12243000,10-Q,2013-03-13,2013,Q1
CIEN,PaymentsToAcquirePropertyPlantAndEquipment,2013-11-01,2014-01-31,15776000,10-Q,2014-03-07,2014,Q1
CIEN,PaymentsToAcquirePropertyPlantAndEquipment,2014-11-01,2015-01-31,11194000,10-Q,2015-03-12,2015,Q1
CIEN,PaymentsToAcquirePropertyPlantAndEquipment,2015-11-01,2016-01-31,28873000,10-Q,2016-03-09,2016,Q1
CIEN,PaymentsToAcquirePropertyPlantAndEquipment,2016-11-01,2017-01-31,25706000,10-Q,2017-03-08,2017,Q1
CIEN,PaymentsToAcquirePropertyPlantAndEquipment,2017-11-01,2018-01-31,25662000,10-Q,2018-03-07,2018,Q1
CIEN,PaymentsToAcquirePropertyPlantAndEquipment,2018-11-01,2019-01-31,15345000,10-Q,2019-03-11,2019,Q1
CIEN,PaymentsToAcquirePropertyPlantAndEquipment,2019-11-01,2020-01-31,26820000,10-Q,2020-03-11,2020,Q1
CIEN,PaymentsToAcquirePropertyPlantAndEquipment,2019-11-03,2020-02-01,26820000,10-Q,2021-03-10,2021,Q1
CIEN,PaymentsToAcquirePropertyPlantAndEquipment,2020-11-01,2021-01-30,20868000,10-Q,2021-03-10,2021,Q1
CIEN,PaymentsToAcquirePropertyPlantAndEquipment,2021-10-31,2022-01-29,25804000,10-Q,2022-03-09,2022,Q1
CIEN,PaymentsToAcquirePropertyPlantAndEquipment,2022-10-30,2023-01-28,30030000,10-Q,2023-03-08,2023,Q1
CIEN,PaymentsToAcquirePropertyPlantAndEquipment,2023-10-29,2024-01-27,16599000,10-Q,2024-03-07,2024,Q1
CIEN,PaymentsToAcquirePropertyPlantAndEquipment,2024-11-03,2025-02-01,26884000,10-Q,2025-03-12,2025,Q1
CIEN,PaymentsToAcquirePropertyPlantAndEquipment,2025-11-02,2026-01-31,73885000,10-Q,2026-03-05,2026,Q1
CLNE,PaymentsToAcquirePropertyPlantAndEquipment,2011-01-01,2011-03-31,10816000,10-Q,2012-05-07,2012,Q1
CLNE,PaymentsToAcquirePropertyPlantAndEquipment,2012-01-01,2012-03-31,38929000,10-Q,2012-05-07,2012,Q1
CLNE,PaymentsToAcquirePropertyPlantAndEquipment,2013-01-01,2013-03-31,21703000,10-Q,2013-05-08,2013,Q1
CLNE,PaymentsToAcquirePropertyPlantAndEquipment,2014-01-01,2014-03-31,46851000,10-Q,2014-05-08,2014,Q1
CLNE,PaymentsToAcquirePropertyPlantAndEquipment,2015-01-01,2015-03-31,11403000,10-Q,2015-05-11,2015,Q1
CLNE,PaymentsToAcquirePropertyPlantAndEquipment,2016-01-01,2016-03-31,5246000,10-Q,2016-05-05,2016,Q1
CLNE,PaymentsToAcquirePropertyPlantAndEquipment,2017-01-01,2017-03-31,7579000,10-Q,2017-05-04,2017,Q1
CLNE,PaymentsToAcquirePropertyPlantAndEquipment,2018-01-01,2018-03-31,7131000,10-Q,2018-05-10,2018,Q1
CLNE,PaymentsToAcquirePropertyPlantAndEquipment,2019-01-01,2019-03-31,4316000,10-Q,2019-05-09,2019,Q1
CLNE,PaymentsToAcquirePropertyPlantAndEquipment,2020-01-01,2020-03-31,3658000,10-Q,2020-05-07,2020,Q1
CLNE,PaymentsToAcquirePropertyPlantAndEquipment,2021-01-01,2021-03-31,3328000,10-Q,2021-05-06,2021,Q1
CLNE,PaymentsToAcquirePropertyPlantAndEquipment,2022-01-01,2022-03-31,7366000,10-Q,2022-05-05,2022,Q1
CLNE,PaymentsToAcquirePropertyPlantAndEquipment,2023-01-01,2023-03-31,17777000,10-Q,2023-05-09,2023,Q1
CLNE,PaymentsToAcquirePropertyPlantAndEquipment,2024-01-01,2024-03-31,18208000,10-Q,2024-05-09,2024,Q1
CLNE,PaymentsToAcquirePropertyPlantAndEquipment,2025-01-01,2025-03-31,7490000,10-Q,2025-05-08,2025,Q1
CLNE,PaymentsToAcquirePropertyPlantAndEquipment,2026-01-01,2026-03-31,6894000,10-Q,2026-05-07,2026,Q1
CMBMF,PaymentsToAcquirePropertyPlantAndEquipment,2019-01-01,2019-03-31,1128000,10-Q,2020-05-13,2020,Q1
CMBMF,PaymentsToAcquirePropertyPlantAndEquipment,2020-01-01,2020-03-31,1053000,10-Q,2020-05-13,2020,Q1
CMBMF,PaymentsToAcquirePropertyPlantAndEquipment,2021-01-01,2021-03-31,814000,10-Q,2021-05-07,2021,Q1
CMBMF,PaymentsToAcquirePropertyPlantAndEquipment,2022-01-01,2022-03-31,714000,10-Q,2022-05-06,2022,Q1
CMBMF,PaymentsToAcquirePropertyPlantAndEquipment,2023-01-01,2023-03-31,1569000,10-Q,2023-05-09,2023,Q1
CMBMF,PaymentsToAcquirePropertyPlantAndEquipment,2024-01-01,2024-03-31,1767000,10-Q,2024-05-10,2024,Q1
CMBMF,PaymentsToAcquirePropertyPlantAndEquipment,2025-01-01,2025-03-31,217000,10-Q,2026-04-30,2025,Q1
CMBMF,PaymentsToAcquirePropertyPlantAndEquipment,2026-01-01,2026-03-31,69000,10-Q,2026-05-20,2026,Q1
CMC,PaymentsToAcquirePropertyPlantAndEquipment,2009-09-01,2009-11-30,46514000,10-Q,2011-01-07,2011,Q1
CMC,PaymentsToAcquirePropertyPlantAndEquipment,2010-09-01,2010-11-30,11904000,10-Q,2011-01-07,2011,Q1
CMC,PaymentsToAcquirePropertyPlantAndEquipment,2011-09-01,2011-11-30,29925000,10-Q,2012-01-09,2012,Q1
CMC,PaymentsToAcquirePropertyPlantAndEquipment,2012-09-01,2012-11-30,24757000,10-Q,2013-01-09,2013,Q1
CMC,PaymentsToAcquirePropertyPlantAndEquipment,2013-09-01,2013-11-30,14085000,10-Q,2014-01-09,2014,Q1
CMC,PaymentsToAcquirePropertyPlantAndEquipment,2014-09-01,2014-11-30,22450000,10-Q,2015-01-09,2015,Q1
CMC,PaymentsToAcquirePropertyPlantAndEquipment,2015-09-01,2015-11-30,11169000,10-Q,2016-01-08,2016,Q1
CMC,PaymentsToAcquirePropertyPlantAndEquipment,2016-09-01,2016-11-30,42965000,10-Q,2017-01-09,2017,Q1
CMC,PaymentsToAcquirePropertyPlantAndEquipment,2017-09-01,2017-11-30,59681000,10-Q,2018-01-08,2018,Q1
CMC,PaymentsToAcquirePropertyPlantAndEquipment,2018-09-01,2018-11-30,37914000,10-Q,2019-01-08,2019,Q1
CMC,PaymentsToAcquirePropertyPlantAndEquipment,2019-09-01,2019-11-30,45559000,10-Q,2020-01-07,2020,Q1
CMC,PaymentsToAcquirePropertyPlantAndEquipment,2020-09-01,2020-11-30,37201000,10-Q,2021-01-11,2021,Q1
CMC,PaymentsToAcquirePropertyPlantAndEquipment,2021-09-01,2021-11-30,70150000,10-Q,2022-01-10,2022,Q1
CMC,PaymentsToAcquirePropertyPlantAndEquipment,2022-09-01,2022-11-30,133052000,10-Q,2023-01-09,2023,Q1
CMC,PaymentsToAcquirePropertyPlantAndEquipment,2023-09-01,2023-11-30,66991000,10-Q,2024-01-08,2024,Q1
CMC,PaymentsToAcquirePropertyPlantAndEquipment,2024-09-01,2024-11-30,118187000,10-Q,2025-01-06,2025,Q1
CMC,PaymentsToAcquirePropertyPlantAndEquipment,2025-09-01,2025-11-30,125437000,10-Q,2026-01-08,2026,Q1
CMCO,PaymentsToAcquirePropertyPlantAndEquipment,2019-04-01,2019-06-30,1854000,10-Q,2020-07-30,2021,Q1
CMCO,PaymentsToAcquirePropertyPlantAndEquipment,2020-04-01,2020-06-30,-1088000,10-Q,2020-07-30,2021,Q1
CMCO,PaymentsToAcquirePropertyPlantAndEquipment,2021-04-01,2021-06-30,-3648000,10-Q,2021-07-29,2022,Q1
CMCO,PaymentsToAcquirePropertyPlantAndEquipment,2022-04-01,2022-06-30,2953000,10-Q,2022-07-28,2023,Q1
CMCO,PaymentsToAcquirePropertyPlantAndEquipment,2023-04-01,2023-06-30,5273000,10-Q,2023-08-02,2023,Q1
CMCO,PaymentsToAcquirePropertyPlantAndEquipment,2024-04-01,2024-06-30,4629000,10-Q,2024-07-31,2025,Q1
CMCO,PaymentsToAcquirePropertyPlantAndEquipment,2025-04-01,2025-06-30,3202000,10-Q,2025-07-30,2026,Q1
CMCO,PaymentsToAcquirePropertyPlantAndEquipment,2026-04-01,2026-06-30,5668000,10-Q,2026-07-30,2027,Q1
CMCT,PaymentsToAcquirePropertyPlantAndEquipment,2011-01-01,2011-03-31,31000,10-Q,2012-05-10,2012,Q1
CMCT,PaymentsToAcquirePropertyPlantAndEquipment,2012-01-01,2012-03-31,7000,10-Q,2012-05-10,2012,Q1
CMI,PaymentsToAcquirePropertyPlantAndEquipment,2009-01-01,2009-03-29,64000000,10-Q,2010-04-29,2010,Q1
CMI,PaymentsToAcquirePropertyPlantAndEquipment,2010-01-01,2010-03-28,47000000,10-Q,2010-04-29,2010,Q1
CMI,PaymentsToAcquirePropertyPlantAndEquipment,2011-01-01,2011-03-27,91000000,10-Q,2011-04-28,2011,Q1
CMI,PaymentsToAcquirePropertyPlantAndEquipment,2012-01-01,2012-04-01,126000000,10-Q,2012-05-02,2012,Q1
CMI,PaymentsToAcquirePropertyPlantAndEquipment,2013-01-01,2013-03-31,114000000,10-Q,2013-05-01,2013,Q1
CMI,PaymentsToAcquirePropertyPlantAndEquipment,2014-01-01,2014-03-30,107000000,10-Q,2014-04-30,2014,Q1
CMI,PaymentsToAcquirePropertyPlantAndEquipment,2015-01-01,2015-03-29,100000000,10-Q,2015-04-29,2015,Q1
CMI,PaymentsToAcquirePropertyPlantAndEquipment,2016-01-01,2016-04-03,71000000,10-Q,2016-05-03,2016,Q1
CMI,PaymentsToAcquirePropertyPlantAndEquipment,2017-01-01,2017-04-02,81000000,10-Q,2017-05-02,2017,Q1
CMI,PaymentsToAcquirePropertyPlantAndEquipment,2018-01-01,2018-04-01,72000000,10-Q,2018-05-01,2018,Q1
CMI,PaymentsToAcquirePropertyPlantAndEquipment,2019-01-01,2019-03-31,109000000,10-Q,2019-04-30,2019,Q1
CMI,PaymentsToAcquirePropertyPlantAndEquipment,2020-01-01,2020-03-29,75000000,10-Q,2020-04-28,2020,Q1
CMI,PaymentsToAcquirePropertyPlantAndEquipment,2021-01-01,2021-04-04,87000000,10-Q,2021-05-04,2021,Q1
CMI,PaymentsToAcquirePropertyPlantAndEquipment,2022-01-01,2022-03-31,104000000,10-Q,2022-05-03,2022,Q1
CMI,PaymentsToAcquirePropertyPlantAndEquipment,2023-01-01,2023-03-31,193000000,10-Q,2023-05-02,2023,Q1
CMI,PaymentsToAcquirePropertyPlantAndEquipment,2024-01-01,2024-03-31,169000000,10-Q,2024-05-02,2024,Q1
CMI,PaymentsToAcquirePropertyPlantAndEquipment,2025-01-01,2025-03-31,162000000,10-Q,2025-05-05,2025,Q1
CMI,PaymentsToAcquirePropertyPlantAndEquipment,2026-01-01,2026-03-31,189000000,10-Q,2026-05-05,2026,Q1
CMLS,PaymentsToAcquirePropertyPlantAndEquipment,2011-01-01,2011-03-31,502000,10-Q,2012-05-07,2012,Q1
CMLS,PaymentsToAcquirePropertyPlantAndEquipment,2012-01-01,2012-03-31,1122000,10-Q,2012-05-07,2012,Q1
CMLS,PaymentsToAcquirePropertyPlantAndEquipment,2013-01-01,2013-03-31,1986000,10-Q,2013-05-07,2013,Q1
CMLS,PaymentsToAcquirePropertyPlantAndEquipment,2014-01-01,2014-03-31,1335000,10-Q,2014-04-29,2014,Q1
CMLS,PaymentsToAcquirePropertyPlantAndEquipment,2015-01-01,2015-03-31,10095000,10-Q,2015-04-30,2015,Q1
CMLS,PaymentsToAcquirePropertyPlantAndEquipment,2016-01-01,2016-03-31,4161000,10-Q,2016-05-05,2016,Q1
CMLS,PaymentsToAcquirePropertyPlantAndEquipment,2017-01-01,2017-03-31,5736000,10-Q,2017-05-15,2017,Q1
CMLS,PaymentsToAcquirePropertyPlantAndEquipment,2018-01-01,2018-03-31,9005000,10-Q,2018-05-15,2018,Q1
CMLS,PaymentsToAcquirePropertyPlantAndEquipment,2019-01-01,2019-03-31,5126000,10-Q,2020-05-11,2020,Q1
CMLS,PaymentsToAcquirePropertyPlantAndEquipment,2020-01-01,2020-03-31,3108000,10-Q,2020-05-11,2020,Q1
CMLS,PaymentsToAcquirePropertyPlantAndEquipment,2021-01-01,2021-03-31,2890000,10-Q,2021-05-05,2021,Q1
CMLS,PaymentsToAcquirePropertyPlantAndEquipment,2022-01-01,2022-03-31,5269000,10-Q,2022-05-04,2022,Q1
CMLS,PaymentsToAcquirePropertyPlantAndEquipment,2023-01-01,2023-03-31,7372000,10-Q,2023-04-27,2023,Q1
CMLS,PaymentsToAcquirePropertyPlantAndEquipment,2024-01-01,2024-03-31,8166000,10-Q,2024-05-03,2024,Q1
CMLS,PaymentsToAcquirePropertyPlantAndEquipment,2025-01-01,2025-03-31,5540000,10-Q,2025-05-01,2025,Q1
CMLS,PaymentsToAcquirePropertyPlantAndEquipment,2026-01-01,2026-03-31,3893000,10-Q,2026-04-29,2026,Q1
CMTL,PaymentsToAcquirePropertyPlantAndEquipment,2009-08-01,2009-10-31,1220000,10-Q,2010-12-08,2011,Q1
CMTL,PaymentsToAcquirePropertyPlantAndEquipment,2010-08-01,2010-10-31,2000000,10-Q,2010-12-08,2011,Q1
CMTL,PaymentsToAcquirePropertyPlantAndEquipment,2011-08-01,2011-10-31,1443000,10-Q,2011-12-08,2012,Q1
CMTL,PaymentsToAcquirePropertyPlantAndEquipment,2012-08-01,2012-10-31,1063000,10-Q,2012-12-06,2013,Q1
CMTL,PaymentsToAcquirePropertyPlantAndEquipment,2013-02-01,2013-04-30,1560000,10-Q,2014-06-05,2014,Q3
CMTL,PaymentsToAcquirePropertyPlantAndEquipment,2013-08-01,2013-10-31,1027000,10-Q,2013-12-09,2014,Q1
CMTL,PaymentsToAcquirePropertyPlantAndEquipment,2013-11-01,2014-01-31,2397000,10-Q,2015-03-11,2015,Q2
CMTL,PaymentsToAcquirePropertyPlantAndEquipment,2014-02-01,2014-04-30,1112000,10-Q,2014-06-05,2014,Q3
CMTL,PaymentsToAcquirePropertyPlantAndEquipment,2014-08-01,2014-10-31,747000,10-Q,2014-12-10,2015,Q1
CMTL,PaymentsToAcquirePropertyPlantAndEquipment,2014-11-01,2015-01-31,1398000,10-Q,2015-03-11,2015,Q2
CMTL,PaymentsToAcquirePropertyPlantAndEquipment,2015-02-01,2015-04-30,688000,10-Q,2015-06-04,2015,Q3
CMTL,PaymentsToAcquirePropertyPlantAndEquipment,2015-08-01,2015-10-31,636000,10-Q,2015-12-09,2016,Q1
CMTL,PaymentsToAcquirePropertyPlantAndEquipment,2015-11-01,2016-01-31,827000,10-Q,2016-03-10,2016,Q2
CMTL,PaymentsToAcquirePropertyPlantAndEquipment,2016-02-01,2016-04-30,1600000,10-Q,2016-06-08,2016,Q3
CMTL,PaymentsToAcquirePropertyPlantAndEquipment,2016-08-01,2016-10-31,2075000,10-Q,2016-12-07,2017,Q1
CMTL,PaymentsToAcquirePropertyPlantAndEquipment,2016-11-01,2017-01-31,2072000,10-Q,2017-03-08,2017,Q2
CMTL,PaymentsToAcquirePropertyPlantAndEquipment,2017-02-01,2017-04-30,2076000,10-Q,2017-06-07,2017,Q3
CMTL,PaymentsToAcquirePropertyPlantAndEquipment,2017-08-01,2017-10-31,1108000,10-Q,2017-12-06,2018,Q1
CMTL,PaymentsToAcquirePropertyPlantAndEquipment,2017-11-01,2018-01-31,1728000,10-Q,2018-03-07,2018,Q2
CMTL,PaymentsToAcquirePropertyPlantAndEquipment,2018-02-01,2018-04-30,2463000,10-Q,2018-06-06,2018,Q3
CMTL,PaymentsToAcquirePropertyPlantAndEquipment,2018-08-01,2018-10-31,1645000,10-Q,2018-12-06,2019,Q1
CMTL,PaymentsToAcquirePropertyPlantAndEquipment,2018-11-01,2019-01-31,2536000,10-Q,2019-03-06,2019,Q2
CMTL,PaymentsToAcquirePropertyPlantAndEquipment,2019-02-01,2019-04-30,2207000,10-Q,2019-06-05,2019,Q3
CMTL,PaymentsToAcquirePropertyPlantAndEquipment,2019-08-01,2019-10-31,1250000,10-Q,2019-12-04,2020,Q1
CMTL,PaymentsToAcquirePropertyPlantAndEquipment,2019-11-01,2020-01-31,1258000,10-Q,2020-03-04,2020,Q2
CMTL,PaymentsToAcquirePropertyPlantAndEquipment,2020-02-01,2020-04-30,1912000,10-Q,2020-06-03,2020,Q3
CMTL,PaymentsToAcquirePropertyPlantAndEquipment,2020-08-01,2020-10-31,890000,10-Q,2020-12-09,2021,Q1
CMTL,PaymentsToAcquirePropertyPlantAndEquipment,2020-11-01,2021-01-31,2796000,10-Q,2021-03-11,2021,Q2
CMTL,PaymentsToAcquirePropertyPlantAndEquipment,2021-02-01,2021-04-30,4551000,10-Q,2021-06-08,2021,Q3
CMTL,PaymentsToAcquirePropertyPlantAndEquipment,2021-08-01,2021-10-31,3638000,10-Q,2021-12-09,2022,Q1
CMTL,PaymentsToAcquirePropertyPlantAndEquipment,2021-11-01,2022-01-31,5173000,10-Q,2022-03-10,2022,Q2
CMTL,PaymentsToAcquirePropertyPlantAndEquipment,2022-02-01,2022-04-30,5608000,10-Q,2022-06-09,2022,Q3
CMTL,PaymentsToAcquirePropertyPlantAndEquipment,2022-08-01,2022-10-31,7221000,10-Q,2022-12-08,2023,Q1
CMTL,PaymentsToAcquirePropertyPlantAndEquipment,2022-11-01,2023-01-31,2697000,10-Q,2023-03-09,2023,Q2
CMTL,PaymentsToAcquirePropertyPlantAndEquipment,2023-02-01,2023-04-30,4955000,10-Q,2023-06-08,2023,Q3
CMTL,PaymentsToAcquirePropertyPlantAndEquipment,2023-08-01,2023-10-31,3216000,10-Q,2023-12-07,2024,Q1
CMTL,PaymentsToAcquirePropertyPlantAndEquipment,2023-11-01,2024-01-31,4273000,10-Q/A,2024-03-22,2024,Q2
CMTL,PaymentsToAcquirePropertyPlantAndEquipment,2024-02-01,2024-04-30,2667000,10-Q,2024-06-18,2024,Q3
CMTL,PaymentsToAcquirePropertyPlantAndEquipment,2024-08-01,2024-10-31,2415000,10-Q,2025-01-13,2025,Q1
CMTL,PaymentsToAcquirePropertyPlantAndEquipment,2025-08-01,2025-10-31,3256000,10-Q,2025-12-11,2026,Q1
CNA,PaymentsToAcquirePropertyPlantAndEquipment,2011-01-01,2011-03-31,11000000,10-Q,2012-05-01,2012,Q1
CNA,PaymentsToAcquirePropertyPlantAndEquipment,2012-01-01,2012-03-31,22000000,10-Q,2012-05-01,2012,Q1
CNA,PaymentsToAcquirePropertyPlantAndEquipment,2013-01-01,2013-03-31,21000000,10-Q,2013-04-30,2013,Q1
CNA,PaymentsToAcquirePropertyPlantAndEquipment,2014-01-01,2014-03-31,10000000,10-Q,2014-04-29,2014,Q1
CNA,PaymentsToAcquirePropertyPlantAndEquipment,2015-01-01,2015-03-31,20000000,10-Q,2015-05-05,2015,Q1
CNA,PaymentsToAcquirePropertyPlantAndEquipment,2016-01-01,2016-03-31,33000000,10-Q,2016-05-03,2016,Q1
CNA,PaymentsToAcquirePropertyPlantAndEquipment,2017-01-01,2017-03-31,30000000,10-Q,2017-05-01,2017,Q1
CNA,PaymentsToAcquirePropertyPlantAndEquipment,2018-01-01,2018-03-31,38000000,10-Q,2018-04-30,2018,Q1
CNA,PaymentsToAcquirePropertyPlantAndEquipment,2019-01-01,2019-03-31,8000000,10-Q,2019-04-29,2019,Q1
CNA,PaymentsToAcquirePropertyPlantAndEquipment,2020-01-01,2020-03-31,3000000,10-Q,2020-05-04,2020,Q1
CNA,PaymentsToAcquirePropertyPlantAndEquipment,2021-01-01,2021-03-31,3000000,10-Q,2021-05-07,2021,Q1
CNA,PaymentsToAcquirePropertyPlantAndEquipment,2022-01-01,2022-03-31,12000000,10-Q,2022-05-02,2022,Q1
CNA,PaymentsToAcquirePropertyPlantAndEquipment,2023-01-01,2023-03-31,20000000,10-Q,2023-05-01,2023,FY
CNA,PaymentsToAcquirePropertyPlantAndEquipment,2024-01-01,2024-03-31,20000000,10-Q,2024-05-06,2024,Q1
CNA,PaymentsToAcquirePropertyPlantAndEquipment,2025-01-01,2025-03-31,18000000,10-Q,2025-05-05,2025,Q1
CNA,PaymentsToAcquirePropertyPlantAndEquipment,2026-01-01,2026-03-31,13000000,10-Q,2026-05-04,2026,Q1
CNDT,PaymentsToAcquirePropertyPlantAndEquipment,2015-07-01,2015-09-30,25000000,10-Q,2016-11-10,2016,Q3
CNDT,PaymentsToAcquirePropertyPlantAndEquipment,2016-01-01,2016-03-31,30000000,10-Q,2017-05-12,2017,Q1
CNDT,PaymentsToAcquirePropertyPlantAndEquipment,2016-04-01,2016-06-30,25000000,10-Q,2017-08-09,2017,Q2
CNDT,PaymentsToAcquirePropertyPlantAndEquipment,2016-07-01,2016-09-30,31000000,10-Q,2016-11-10,2016,Q3
CNDT,PaymentsToAcquirePropertyPlantAndEquipment,2017-01-01,2017-03-31,17000000,10-Q,2017-05-12,2017,Q1
CNDT,PaymentsToAcquirePropertyPlantAndEquipment,2017-04-01,2017-06-30,20000000,10-Q,2017-08-09,2017,Q2
CNDT,PaymentsToAcquirePropertyPlantAndEquipment,2017-07-01,2017-09-30,20000000,10-Q,2017-11-08,2017,Q3
CNDT,PaymentsToAcquirePropertyPlantAndEquipment,2018-01-01,2018-03-31,33000000,10-Q,2018-05-09,2018,Q1
CNDT,PaymentsToAcquirePropertyPlantAndEquipment,2018-04-01,2018-06-30,43000000,10-Q,2018-08-08,2018,Q2
CNDT,PaymentsToAcquirePropertyPlantAndEquipment,2018-07-01,2018-09-30,43000000,10-Q,2018-11-09,2018,Q3
CNDT,PaymentsToAcquirePropertyPlantAndEquipment,2019-01-01,2019-03-31,53000000,10-Q,2019-05-09,2019,Q1
CNDT,PaymentsToAcquirePropertyPlantAndEquipment,2020-01-01,2020-03-31,11000000,10-Q,2020-05-08,2020,Q1
CNDT,PaymentsToAcquirePropertyPlantAndEquipment,2021-01-01,2021-03-31,14000000,10-Q,2021-05-05,2021,Q1
CNDT,PaymentsToAcquirePropertyPlantAndEquipment,2022-01-01,2022-03-31,34000000,10-Q,2022-05-03,2022,Q1
CNDT,PaymentsToAcquirePropertyPlantAndEquipment,2023-01-01,2023-03-31,11000000,10-Q,2023-05-03,2023,Q1
CNDT,PaymentsToAcquirePropertyPlantAndEquipment,2024-01-01,2024-03-31,13000000,10-Q,2024-05-02,2024,Q1
CNDT,PaymentsToAcquirePropertyPlantAndEquipment,2025-01-01,2025-03-31,14000000,10-Q,2025-05-07,2025,Q1
CNDT,PaymentsToAcquirePropertyPlantAndEquipment,2026-01-01,2026-03-31,9000000,10-Q,2026-05-11,2026,Q1
CNK,PaymentsToAcquirePropertyPlantAndEquipment,2010-01-01,2010-03-31,19517000,10-Q,2011-05-05,2011,Q1
CNK,PaymentsToAcquirePropertyPlantAndEquipment,2010-04-01,2010-06-30,37443000,10-Q,2011-08-05,2011,Q2
CNK,PaymentsToAcquirePropertyPlantAndEquipment,2010-07-01,2010-09-30,31297000,10-Q,2011-11-04,2011,Q3
CNK,PaymentsToAcquirePropertyPlantAndEquipment,2011-01-01,2011-03-31,35769000,10-Q,2011-05-05,2011,Q1
CNK,PaymentsToAcquirePropertyPlantAndEquipment,2011-04-01,2011-06-30,49533000,10-Q,2011-08-05,2011,Q2
CNK,PaymentsToAcquirePropertyPlantAndEquipment,2011-07-01,2011-09-30,40881000,10-Q,2011-11-04,2011,Q3
CNK,PaymentsToAcquirePropertyPlantAndEquipment,2012-01-01,2012-03-31,46984000,10-Q,2012-05-07,2012,Q1
CNK,PaymentsToAcquirePropertyPlantAndEquipment,2012-04-01,2012-06-30,46603000,10-Q,2012-08-06,2012,Q2
CNK,PaymentsToAcquirePropertyPlantAndEquipment,2012-07-01,2012-09-30,52940000,10-Q,2012-11-06,2012,Q3
CNK,PaymentsToAcquirePropertyPlantAndEquipment,2013-01-01,2013-03-31,36889000,10-Q,2013-05-07,2013,Q1
CNK,PaymentsToAcquirePropertyPlantAndEquipment,2013-04-01,2013-06-30,53499000,10-Q,2013-08-06,2013,Q2
CNK,PaymentsToAcquirePropertyPlantAndEquipment,2013-06-25,2013-09-30,69100000,10-Q,2014-11-06,2014,Q3
CNK,PaymentsToAcquirePropertyPlantAndEquipment,2013-06-28,2013-09-30,69100000,10-Q,2013-11-07,2013,Q3
CNK,PaymentsToAcquirePropertyPlantAndEquipment,2014-01-01,2014-03-31,52806000,10-Q,2014-05-06,2014,Q1
CNK,PaymentsToAcquirePropertyPlantAndEquipment,2014-04-01,2014-06-30,49757000,10-Q,2014-08-05,2014,Q2
CNK,PaymentsToAcquirePropertyPlantAndEquipment,2014-07-01,2014-09-30,53605000,10-Q,2014-11-06,2014,Q3
CNK,PaymentsToAcquirePropertyPlantAndEquipment,2015-01-01,2015-03-31,85747000,10-Q,2015-05-07,2015,Q1
CNK,PaymentsToAcquirePropertyPlantAndEquipment,2015-04-01,2015-06-30,69965000,10-Q,2015-08-06,2015,Q2
CNK,PaymentsToAcquirePropertyPlantAndEquipment,2015-07-01,2015-09-30,76639000,10-Q,2015-11-05,2015,Q3
CNK,PaymentsToAcquirePropertyPlantAndEquipment,2016-01-01,2016-03-31,47745000,10-Q,2016-05-10,2016,Q1
CNK,PaymentsToAcquirePropertyPlantAndEquipment,2016-04-01,2016-06-30,83779000,10-Q,2016-08-09,2016,Q2
CNK,PaymentsToAcquirePropertyPlantAndEquipment,2016-07-01,2016-09-30,98823000,10-Q,2016-11-08,2016,Q3
CNK,PaymentsToAcquirePropertyPlantAndEquipment,2017-01-01,2017-03-31,91187000,10-Q,2017-05-03,2017,Q1
CNK,PaymentsToAcquirePropertyPlantAndEquipment,2017-04-01,2017-06-30,91613000,10-Q,2017-08-04,2017,Q2
CNK,PaymentsToAcquirePropertyPlantAndEquipment,2017-07-01,2017-09-30,79930000,10-Q,2017-11-03,2017,Q3
CNK,PaymentsToAcquirePropertyPlantAndEquipment,2018-01-01,2018-03-31,80163000,10-Q,2018-05-09,2018,Q1
CNK,PaymentsToAcquirePropertyPlantAndEquipment,2018-04-01,2018-06-30,82426000,10-Q,2018-08-08,2018,Q2
CNK,PaymentsToAcquirePropertyPlantAndEquipment,2018-07-01,2018-09-30,83373000,10-Q,2018-11-02,2018,Q3
CNK,PaymentsToAcquirePropertyPlantAndEquipment,2019-01-01,2019-03-31,57569000,10-Q,2019-05-07,2019,Q1
CNK,PaymentsToAcquirePropertyPlantAndEquipment,2019-04-01,2019-06-30,57600000,10-Q,2019-08-02,2019,Q2
CNK,PaymentsToAcquirePropertyPlantAndEquipment,2019-07-01,2019-09-30,71343000,10-Q,2019-11-05,2019,Q3
CNK,PaymentsToAcquirePropertyPlantAndEquipment,2020-01-01,2020-03-31,34143000,10-Q,2020-06-03,2020,Q1
CNK,PaymentsToAcquirePropertyPlantAndEquipment,2020-04-01,2020-06-30,12816000,10-Q,2020-08-04,2020,Q2
CNK,PaymentsToAcquirePropertyPlantAndEquipment,2020-07-01,2020-09-30,20659000,10-Q,2020-11-05,2020,Q3
CNK,PaymentsToAcquirePropertyPlantAndEquipment,2021-01-01,2021-03-31,17680000,10-Q,2021-05-07,2021,Q1
CNK,PaymentsToAcquirePropertyPlantAndEquipment,2021-04-01,2021-06-30,15139000,10-Q,2021-08-06,2021,Q2
CNK,PaymentsToAcquirePropertyPlantAndEquipment,2021-07-01,2021-09-30,24425000,10-Q,2021-11-05,2021,Q3
CNK,PaymentsToAcquirePropertyPlantAndEquipment,2022-01-01,2022-03-31,18700000,10-Q,2022-05-06,2022,Q1
CNK,PaymentsToAcquirePropertyPlantAndEquipment,2022-04-01,2022-06-30,21900000,10-Q,2023-08-04,2023,Q2
CNK,PaymentsToAcquirePropertyPlantAndEquipment,2022-07-01,2022-09-30,24700000,10-Q,2023-11-03,2023,Q3
CNK,PaymentsToAcquirePropertyPlantAndEquipment,2023-01-01,2023-03-31,26300000,10-Q,2023-05-05,2023,Q1
CNK,PaymentsToAcquirePropertyPlantAndEquipment,2023-04-01,2023-06-30,28300000,10-Q,2023-08-04,2023,Q2
CNK,PaymentsToAcquirePropertyPlantAndEquipment,2023-07-01,2023-09-30,35100000,10-Q,2023-11-03,2023,Q3
CNNE,PaymentsToAcquirePropertyPlantAndEquipment,2017-01-01,2017-03-31,6300000,10-Q,2018-05-10,2018,Q1
CNNE,PaymentsToAcquirePropertyPlantAndEquipment,2018-01-01,2018-03-31,3100000,10-Q,2018-05-10,2018,Q1
CNNE,PaymentsToAcquirePropertyPlantAndEquipment,2019-01-01,2019-03-31,3200000,10-Q,2019-05-09,2019,Q1
CNP,PaymentsToAcquirePropertyPlantAndEquipment,2024-01-01,2024-03-31,845000000,10-Q,2025-04-24,2025,Q1
CNP,PaymentsToAcquirePropertyPlantAndEquipment,2025-01-01,2025-03-31,1038000000,10-Q,2025-04-24,2025,Q1
CNP,PaymentsToAcquirePropertyPlantAndEquipment,2026-01-01,2026-03-31,1198000000,10-Q,2026-04-23,2026,Q1
CNX,PaymentsToAcquirePropertyPlantAndEquipment,2009-01-01,2009-03-31,299560000,10-Q,2010-05-04,2010,Q1
CNX,PaymentsToAcquirePropertyPlantAndEquipment,2010-01-01,2010-03-31,265344000,10-Q,2010-05-04,2010,Q1
CNX,PaymentsToAcquirePropertyPlantAndEquipment,2011-01-01,2011-03-31,254778000,10-Q,2011-05-03,2011,Q1
CNX,PaymentsToAcquirePropertyPlantAndEquipment,2012-01-01,2012-03-31,306446000,10-Q,2012-04-30,2012,Q1
CNX,PaymentsToAcquirePropertyPlantAndEquipment,2013-01-01,2013-03-31,405972000,10-Q,2013-05-07,2013,Q1
CNX,PaymentsToAcquirePropertyPlantAndEquipment,2014-01-01,2014-03-31,451009000,10-Q,2014-05-06,2014,Q1
CNX,PaymentsToAcquirePropertyPlantAndEquipment,2015-01-01,2015-03-31,294019000,10-Q,2015-05-05,2015,Q1
CNX,PaymentsToAcquirePropertyPlantAndEquipment,2016-01-01,2016-03-31,78968000,10-Q,2016-04-28,2016,Q1
CNX,PaymentsToAcquirePropertyPlantAndEquipment,2017-01-01,2017-03-31,112978000,10-Q,2017-05-02,2017,Q1
CNX,PaymentsToAcquirePropertyPlantAndEquipment,2018-01-01,2018-03-31,232485000,10-Q,2018-05-03,2018,Q1
CNX,PaymentsToAcquirePropertyPlantAndEquipment,2019-01-01,2019-03-31,299138000,10-Q,2019-04-30,2019,Q1
CNX,PaymentsToAcquirePropertyPlantAndEquipment,2020-01-01,2020-03-31,152049000,10-Q,2020-04-27,2020,Q1
CNX,PaymentsToAcquirePropertyPlantAndEquipment,2021-01-01,2021-03-31,123429000,10-Q,2021-04-29,2021,Q1
CNX,PaymentsToAcquirePropertyPlantAndEquipment,2022-01-01,2022-03-31,122316000,10-Q,2022-04-28,2022,Q1
CNX,PaymentsToAcquirePropertyPlantAndEquipment,2023-01-01,2023-03-31,170028000,10-Q,2023-04-27,2023,Q1
CNX,PaymentsToAcquirePropertyPlantAndEquipment,2024-01-01,2024-03-31,168184000,10-Q,2024-04-25,2024,Q1
CNX,PaymentsToAcquirePropertyPlantAndEquipment,2025-01-01,2025-03-31,131465000,10-Q,2025-04-24,2025,Q1
CNX,PaymentsToAcquirePropertyPlantAndEquipment,2026-01-01,2026-03-31,169906000,10-Q,2026-04-30,2026,Q1
COGT,PaymentsToAcquirePropertyPlantAndEquipment,2017-01-01,2017-03-31,320000,10-Q,2018-05-14,2018,Q1
COGT,PaymentsToAcquirePropertyPlantAndEquipment,2018-01-01,2018-03-31,75000,10-Q,2018-05-14,2018,Q1
COGT,PaymentsToAcquirePropertyPlantAndEquipment,2019-01-01,2019-03-31,42000,10-Q,2019-05-13,2019,Q1
COGT,PaymentsToAcquirePropertyPlantAndEquipment,2022-01-01,2022-03-31,441000,10-Q,2022-05-10,2022,Q1
COGT,PaymentsToAcquirePropertyPlantAndEquipment,2023-01-01,2023-03-31,1103000,10-Q,2023-05-09,2023,Q1
COGT,PaymentsToAcquirePropertyPlantAndEquipment,2024-01-01,2024-03-31,70000,10-Q,2024-05-07,2024,Q1
COGT,PaymentsToAcquirePropertyPlantAndEquipment,2025-01-01,2025-03-31,547000,10-Q,2025-05-06,2025,Q1
COGT,PaymentsToAcquirePropertyPlantAndEquipment,2026-01-01,2026-03-31,449000,10-Q,2026-05-05,2026,Q1
COHU,PaymentsToAcquirePropertyPlantAndEquipment,2010-12-26,2011-03-26,187000,10-Q,2012-05-08,2012,Q1
COHU,PaymentsToAcquirePropertyPlantAndEquipment,2012-01-01,2012-03-31,957000,10-Q,2012-05-08,2012,Q1
COHU,PaymentsToAcquirePropertyPlantAndEquipment,2012-12-30,2013-03-30,209000,10-Q,2013-05-08,2013,Q1
COHU,PaymentsToAcquirePropertyPlantAndEquipment,2013-12-29,2014-03-29,730000,10-Q,2014-05-02,2014,Q1
COHU,PaymentsToAcquirePropertyPlantAndEquipment,2014-12-28,2015-03-28,1071000,10-Q,2015-05-04,2015,Q1
COHU,PaymentsToAcquirePropertyPlantAndEquipment,2015-12-27,2016-03-26,895000,10-Q,2016-04-29,2016,Q1
COHU,PaymentsToAcquirePropertyPlantAndEquipment,2017-01-01,2017-03-25,1430000,10-Q,2017-05-03,2017,Q1
COHU,PaymentsToAcquirePropertyPlantAndEquipment,2017-12-31,2018-03-31,1074000,10-Q,2018-05-10,2018,Q1
COHU,PaymentsToAcquirePropertyPlantAndEquipment,2018-12-30,2019-03-30,3526000,10-Q,2019-05-09,2019,Q1
COHU,PaymentsToAcquirePropertyPlantAndEquipment,2019-12-29,2020-03-28,1584000,10-Q,2020-05-07,2020,Q1
COHU,PaymentsToAcquirePropertyPlantAndEquipment,2020-12-27,2021-03-27,2700000,10-Q,2021-05-04,2021,Q1
COHU,PaymentsToAcquirePropertyPlantAndEquipment,2021-12-26,2022-03-26,2669000,10-Q,2022-04-29,2022,Q1
COHU,PaymentsToAcquirePropertyPlantAndEquipment,2023-01-01,2023-04-01,5075000,10-Q,2023-05-05,2023,Q1
COHU,PaymentsToAcquirePropertyPlantAndEquipment,2023-12-31,2024-03-30,3327000,10-Q,2024-05-03,2024,Q1
COHU,PaymentsToAcquirePropertyPlantAndEquipment,2024-12-29,2025-03-29,10964000,10-Q,2025-05-02,2025,Q1
COHU,PaymentsToAcquirePropertyPlantAndEquipment,2025-12-28,2026-03-28,2026000,10-Q,2026-05-01,2026,Q1
COLD,PaymentsToAcquirePropertyPlantAndEquipment,2019-01-01,2019-03-31,24934000,10-Q,2020-05-08,2020,Q1
COLD,PaymentsToAcquirePropertyPlantAndEquipment,2020-01-01,2020-03-31,62264000,10-Q,2020-05-08,2020,Q1
COLD,PaymentsToAcquirePropertyPlantAndEquipment,2021-01-01,2021-03-31,100466000,10-Q,2021-05-07,2021,Q1
COLD,PaymentsToAcquirePropertyPlantAndEquipment,2022-01-01,2022-03-31,93020000,10-Q,2022-05-06,2022,Q1
COLD,PaymentsToAcquirePropertyPlantAndEquipment,2023-01-01,2023-03-31,69262000,10-Q,2023-05-04,2023,Q1
COLD,PaymentsToAcquirePropertyPlantAndEquipment,2024-01-01,2024-03-31,45753000,10-Q,2024-05-10,2024,Q1
COLD,PaymentsToAcquirePropertyPlantAndEquipment,2025-01-01,2025-03-31,112543000,10-Q,2025-05-08,2025,Q1
COLD,PaymentsToAcquirePropertyPlantAndEquipment,2026-01-01,2026-03-31,109985000,10-Q,2026-05-07,2026,Q1
CORZ,PaymentsToAcquirePropertyPlantAndEquipment,2021-01-01,2021-03-31,10757000,10-Q,2022-05-13,2022,Q1
CORZ,PaymentsToAcquirePropertyPlantAndEquipment,2022-01-01,2022-03-31,133223000,10-Q,2022-05-13,2022,Q1
CORZ,PaymentsToAcquirePropertyPlantAndEquipment,2022-07-01,2022-09-30,5200000,10-Q,2022-11-22,2022,Q3
CORZ,PaymentsToAcquirePropertyPlantAndEquipment,2023-01-01,2023-03-31,1539000,10-Q,2023-05-15,2023,Q1
CORZ,PaymentsToAcquirePropertyPlantAndEquipment,2024-01-01,2024-03-31,31894000,10-Q,2024-05-09,2024,Q1
CORZ,PaymentsToAcquirePropertyPlantAndEquipment,2025-01-01,2025-03-31,88422000,10-Q,2025-05-07,2025,Q1
CORZ,PaymentsToAcquirePropertyPlantAndEquipment,2026-01-01,2026-03-31,389226000,10-Q,2026-05-06,2026,Q1
CPRI,PaymentsToAcquirePropertyPlantAndEquipment,2012-04-01,2012-06-30,17370000,10-Q,2013-08-08,2013,Q1
CPRI,PaymentsToAcquirePropertyPlantAndEquipment,2013-03-31,2013-06-29,33309000,10-Q,2013-08-08,2013,Q1
CPRI,PaymentsToAcquirePropertyPlantAndEquipment,2014-03-30,2014-06-28,73187000,10-Q,2014-08-07,2014,Q1
CPRI,PaymentsToAcquirePropertyPlantAndEquipment,2015-03-29,2015-06-27,105998000,10-Q,2015-08-06,2016,Q1
CPRI,PaymentsToAcquirePropertyPlantAndEquipment,2016-04-03,2016-07-02,46900000,10-Q,2016-08-11,2017,Q1
CPRI,PaymentsToAcquirePropertyPlantAndEquipment,2017-04-02,2017-07-01,14800000,10-Q,2017-08-09,2018,Q1
CPRI,PaymentsToAcquirePropertyPlantAndEquipment,2018-04-01,2018-06-30,40700000,10-Q,2018-08-08,2019,Q1
CPRI,PaymentsToAcquirePropertyPlantAndEquipment,2019-03-31,2019-06-29,54000000,10-Q,2019-08-13,2020,Q1
CPRI,PaymentsToAcquirePropertyPlantAndEquipment,2020-03-29,2020-06-27,32000000,10-Q,2020-08-05,2021,Q1
CPRI,PaymentsToAcquirePropertyPlantAndEquipment,2021-03-28,2021-06-26,23000000,10-Q,2021-07-30,2022,Q1
CPRI,PaymentsToAcquirePropertyPlantAndEquipment,2022-04-03,2022-07-02,36000000,10-Q,2022-08-09,2023,Q1
CPRI,PaymentsToAcquirePropertyPlantAndEquipment,2023-04-02,2023-07-01,50000000,10-Q,2023-08-10,2024,Q1
CPRI,PaymentsToAcquirePropertyPlantAndEquipment,2024-03-31,2024-06-29,43000000,10-Q,2024-08-08,2025,Q1
CPRI,PaymentsToAcquirePropertyPlantAndEquipment,2025-03-30,2025-06-28,13000000,10-Q,2025-08-07,2026,Q1
CPRI,PaymentsToAcquirePropertyPlantAndEquipment,2026-03-29,2026-06-27,25000000,10-Q,2026-08-05,2027,Q1
CQP,PaymentsToAcquirePropertyPlantAndEquipment,2011-01-01,2011-03-31,1521000,10-Q,2012-05-04,2012,Q1
CQP,PaymentsToAcquirePropertyPlantAndEquipment,2012-01-01,2012-03-31,414000,10-Q,2012-05-04,2012,Q1
CQP,PaymentsToAcquirePropertyPlantAndEquipment,2013-01-01,2013-03-31,462731000,10-Q,2013-05-03,2013,Q1
CQP,PaymentsToAcquirePropertyPlantAndEquipment,2014-01-01,2014-03-31,751808000,10-Q,2014-05-01,2014,Q1
CQP,PaymentsToAcquirePropertyPlantAndEquipment,2015-01-01,2015-03-31,542114000,10-Q,2015-04-30,2015,Q1
CQP,PaymentsToAcquirePropertyPlantAndEquipment,2016-01-01,2016-03-31,714616000,10-Q,2016-05-05,2016,Q1
CQP,PaymentsToAcquirePropertyPlantAndEquipment,2017-01-01,2017-03-31,524000000,10-Q,2017-05-04,2017,Q1
CQP,PaymentsToAcquirePropertyPlantAndEquipment,2018-01-01,2018-03-31,194000000,10-Q,2018-05-04,2018,Q1
CQP,PaymentsToAcquirePropertyPlantAndEquipment,2019-01-01,2019-03-31,283000000,10-Q,2019-05-09,2019,Q1
CQP,PaymentsToAcquirePropertyPlantAndEquipment,2020-01-01,2020-03-31,317000000,10-Q,2020-04-30,2020,Q1
CQP,PaymentsToAcquirePropertyPlantAndEquipment,2021-01-01,2021-03-31,146000000,10-Q,2021-05-04,2021,Q1
CQP,PaymentsToAcquirePropertyPlantAndEquipment,2022-01-01,2022-03-31,87000000,10-Q,2022-05-04,2022,Q1
CQP,PaymentsToAcquirePropertyPlantAndEquipment,2023-01-01,2023-03-31,89000000,10-Q,2023-05-02,2023,Q1
CQP,PaymentsToAcquirePropertyPlantAndEquipment,2024-01-01,2024-03-31,36000000,10-Q,2024-05-03,2024,Q1
CQP,PaymentsToAcquirePropertyPlantAndEquipment,2025-01-01,2025-03-31,60000000,10-Q,2025-05-08,2025,Q1
CQP,PaymentsToAcquirePropertyPlantAndEquipment,2026-01-01,2026-03-31,31000000,10-Q,2026-05-07,2026,Q1
CRBU,PaymentsToAcquirePropertyPlantAndEquipment,2021-01-01,2021-03-31,22000,10-Q,2022-05-09,2022,Q1
CRBU,PaymentsToAcquirePropertyPlantAndEquipment,2022-01-01,2022-03-31,723000,10-Q,2022-05-09,2022,Q1
CRBU,PaymentsToAcquirePropertyPlantAndEquipment,2023-01-01,2023-03-31,2031000,10-Q,2023-05-09,2023,Q1
CRBU,PaymentsToAcquirePropertyPlantAndEquipment,2024-01-01,2024-03-31,1448000,10-Q,2024-05-07,2024,Q1
CRBU,PaymentsToAcquirePropertyPlantAndEquipment,2025-01-01,2025-03-31,1042000,10-Q,2025-05-08,2025,Q1
CRBU,PaymentsToAcquirePropertyPlantAndEquipment,2026-01-01,2026-03-31,72000,10-Q,2026-05-07,2026,Q1
CRD-A,PaymentsToAcquirePropertyPlantAndEquipment,2009-01-01,2009-03-31,2438000,10-Q,2010-05-10,2010,Q1
CRD-A,PaymentsToAcquirePropertyPlantAndEquipment,2010-01-01,2010-03-31,2035000,10-Q,2010-05-10,2010,Q1
CRD-A,PaymentsToAcquirePropertyPlantAndEquipment,2011-01-01,2011-03-31,3683000,10-Q,2011-05-05,2011,Q1
CRD-A,PaymentsToAcquirePropertyPlantAndEquipment,2012-01-01,2012-03-31,4176000,10-Q,2012-05-08,2012,Q1
CRD-A,PaymentsToAcquirePropertyPlantAndEquipment,2013-01-01,2013-03-31,1647000,10-Q,2013-05-06,2013,Q1
CRD-A,PaymentsToAcquirePropertyPlantAndEquipment,2014-01-01,2014-03-31,2571000,10-Q,2014-05-05,2014,Q1
CRD-A,PaymentsToAcquirePropertyPlantAndEquipment,2015-01-01,2015-03-31,2032000,10-Q,2015-05-07,2015,Q1
CRD-A,PaymentsToAcquirePropertyPlantAndEquipment,2016-01-01,2016-03-31,1535000,10-Q,2016-05-09,2016,Q1
CRD-A,PaymentsToAcquirePropertyPlantAndEquipment,2017-01-01,2017-03-31,695000,10-Q,2017-05-08,2017,Q1
CRD-A,PaymentsToAcquirePropertyPlantAndEquipment,2018-01-01,2018-03-31,5141000,10-Q,2018-05-10,2018,Q1
CRD-A,PaymentsToAcquirePropertyPlantAndEquipment,2019-01-01,2019-03-31,1737000,10-Q,2019-05-06,2019,Q1
CRD-A,PaymentsToAcquirePropertyPlantAndEquipment,2020-01-01,2020-03-31,2708000,10-Q,2020-05-05,2020,Q1
CRD-A,PaymentsToAcquirePropertyPlantAndEquipment,2021-01-01,2021-03-31,618000,10-Q,2021-05-05,2021,Q1
CRD-A,PaymentsToAcquirePropertyPlantAndEquipment,2022-01-01,2022-03-31,1340000,10-Q,2022-05-09,2022,Q1
CRD-A,PaymentsToAcquirePropertyPlantAndEquipment,2023-01-01,2023-03-31,1031000,10-Q,2023-05-03,2023,Q1
CRD-A,PaymentsToAcquirePropertyPlantAndEquipment,2024-01-01,2024-03-31,1541000,10-Q,2024-05-01,2024,Q1
CRD-A,PaymentsToAcquirePropertyPlantAndEquipment,2025-01-01,2025-03-31,994000,10-Q,2025-05-05,2025,Q1
CRD-A,PaymentsToAcquirePropertyPlantAndEquipment,2026-01-01,2026-03-31,1901000,10-Q,2026-05-04,2026,Q1
CRH,PaymentsToAcquirePropertyPlantAndEquipment,2023-01-01,2023-03-31,332000000,10-Q,2024-05-10,2024,Q1
CRH,PaymentsToAcquirePropertyPlantAndEquipment,2024-01-01,2024-03-31,506000000,10-Q,2024-05-10,2024,Q1
CRH,PaymentsToAcquirePropertyPlantAndEquipment,2025-01-01,2025-03-31,645000000,10-Q,2025-05-05,2025,Q1
CRM,PaymentsToAcquirePropertyPlantAndEquipment,2008-05-01,2008-07-31,13036000,10-Q,2009-08-25,2009,Q2
CRM,PaymentsToAcquirePropertyPlantAndEquipment,2008-08-01,2008-10-31,11614000,10-Q,2009-11-25,2009,Q3
CRM,PaymentsToAcquirePropertyPlantAndEquipment,2009-02-01,2009-04-30,13428000,10-Q,2010-05-28,2010,Q1
CRM,PaymentsToAcquirePropertyPlantAndEquipment,2009-05-01,2009-07-31,19328000,10-Q,2009-08-25,2009,Q2
CRM,PaymentsToAcquirePropertyPlantAndEquipment,2009-08-01,2009-10-31,14089000,10-Q,2009-11-25,2009,Q3
CRM,PaymentsToAcquirePropertyPlantAndEquipment,2010-02-01,2010-04-30,12190000,10-Q,2010-05-28,2010,Q1
CRM,PaymentsToAcquirePropertyPlantAndEquipment,2010-05-01,2010-07-31,27831000,10-Q,2010-09-09,2010,Q2
CRM,PaymentsToAcquirePropertyPlantAndEquipment,2010-08-01,2010-10-31,20790000,10-Q,2010-11-24,2010,Q3
CRM,PaymentsToAcquirePropertyPlantAndEquipment,2011-02-01,2011-04-30,27314000,10-Q,2011-05-26,2011,Q1
CRM,PaymentsToAcquirePropertyPlantAndEquipment,2011-05-01,2011-07-31,45051000,10-Q,2011-09-06,2011,Q2
CRM,PaymentsToAcquirePropertyPlantAndEquipment,2011-08-01,2011-10-31,34678000,10-Q,2011-11-29,2011,Q3
CRM,PaymentsToAcquirePropertyPlantAndEquipment,2012-02-01,2012-04-30,44721000,10-Q,2012-05-25,2012,Q1
CRM,PaymentsToAcquirePropertyPlantAndEquipment,2012-05-01,2012-07-31,29304000,10-Q,2012-08-31,2012,Q2
CRM,PaymentsToAcquirePropertyPlantAndEquipment,2012-08-01,2012-10-31,51054000,10-Q,2012-11-28,2012,Q3
CRM,PaymentsToAcquirePropertyPlantAndEquipment,2013-02-01,2013-04-30,54010000,10-Q,2013-05-24,2013,Q1
CRM,PaymentsToAcquirePropertyPlantAndEquipment,2013-05-01,2013-07-31,102549000,10-Q,2013-08-30,2013,Q2
CRM,PaymentsToAcquirePropertyPlantAndEquipment,2013-08-01,2013-10-31,72702000,10-Q,2013-11-25,2013,Q3
CRM,PaymentsToAcquirePropertyPlantAndEquipment,2014-02-01,2014-04-30,60098000,10-Q,2014-05-30,2014,Q1
CRM,PaymentsToAcquirePropertyPlantAndEquipment,2014-05-01,2014-07-31,71576000,10-Q,2014-08-26,2015,Q2
CRM,PaymentsToAcquirePropertyPlantAndEquipment,2014-08-01,2014-10-31,73426000,10-Q,2014-11-26,2015,Q3
CRM,PaymentsToAcquirePropertyPlantAndEquipment,2015-02-01,2015-04-30,71087000,10-Q,2015-05-22,2016,Q1
CRM,PaymentsToAcquirePropertyPlantAndEquipment,2015-05-01,2015-07-31,64883000,10-Q,2015-08-25,2016,Q2
CRM,PaymentsToAcquirePropertyPlantAndEquipment,2015-08-01,2015-10-31,80041000,10-Q,2015-11-20,2016,Q3
CRM,PaymentsToAcquirePropertyPlantAndEquipment,2016-02-01,2016-04-30,83301000,10-Q,2016-05-20,2017,Q1
CRM,PaymentsToAcquirePropertyPlantAndEquipment,2016-05-01,2016-07-31,96030000,10-Q,2016-09-01,2017,Q2
CRM,PaymentsToAcquirePropertyPlantAndEquipment,2016-08-01,2016-10-31,140653000,10-Q,2016-11-21,2017,Q3
CRM,PaymentsToAcquirePropertyPlantAndEquipment,2017-02-01,2017-04-30,156602000,10-Q,2017-05-22,2018,Q1
CRM,PaymentsToAcquirePropertyPlantAndEquipment,2017-05-01,2017-07-31,128388000,10-Q,2017-08-25,2018,Q2
CRM,PaymentsToAcquirePropertyPlantAndEquipment,2017-08-01,2017-10-31,111278000,10-Q,2017-11-22,2018,Q3
CRM,PaymentsToAcquirePropertyPlantAndEquipment,2018-02-01,2018-04-30,122000000,10-Q,2018-05-31,2019,Q1
CRM,PaymentsToAcquirePropertyPlantAndEquipment,2018-05-01,2018-07-31,170000000,10-Q,2018-08-31,2019,Q2
CRM,PaymentsToAcquirePropertyPlantAndEquipment,2018-08-01,2018-10-31,136000000,10-Q,2018-11-28,2019,Q3
CRM,PaymentsToAcquirePropertyPlantAndEquipment,2019-02-01,2019-04-30,159000000,10-Q,2019-06-05,2020,Q1
CRM,PaymentsToAcquirePropertyPlantAndEquipment,2019-05-01,2019-07-31,178000000,10-Q,2019-08-23,2020,Q2
CRM,PaymentsToAcquirePropertyPlantAndEquipment,2019-08-01,2019-10-31,170000000,10-Q,2019-12-04,2020,Q3
CRM,PaymentsToAcquirePropertyPlantAndEquipment,2020-02-01,2020-04-30,323000000,10-Q,2020-06-01,2021,Q1
CRM,PaymentsToAcquirePropertyPlantAndEquipment,2020-05-01,2020-07-31,114000000,10-Q,2020-08-28,2021,Q2
CRM,PaymentsToAcquirePropertyPlantAndEquipment,2020-08-01,2020-10-31,124000000,10-Q,2020-12-04,2021,Q3
CRM,PaymentsToAcquirePropertyPlantAndEquipment,2021-02-01,2021-04-30,171000000,10-Q,2021-06-02,2022,Q1
CRM,PaymentsToAcquirePropertyPlantAndEquipment,2021-05-01,2021-07-31,213000000,10-Q,2021-08-27,2022,Q2
CRM,PaymentsToAcquirePropertyPlantAndEquipment,2021-08-01,2021-10-31,166000000,10-Q,2021-12-02,2022,Q3
CRM,PaymentsToAcquirePropertyPlantAndEquipment,2022-02-01,2022-04-30,179000000,10-Q,2022-06-01,2023,Q1
CRM,PaymentsToAcquirePropertyPlantAndEquipment,2022-05-01,2022-07-31,203000000,10-Q,2022-08-25,2023,Q2
CRM,PaymentsToAcquirePropertyPlantAndEquipment,2022-08-01,2022-10-31,198000000,10-Q,2022-12-01,2023,Q3
CRM,PaymentsToAcquirePropertyPlantAndEquipment,2023-02-01,2023-04-30,243000000,10-Q,2023-06-01,2024,Q1
CRM,PaymentsToAcquirePropertyPlantAndEquipment,2023-05-01,2023-07-31,180000000,10-Q,2023-08-31,2024,Q2
CRM,PaymentsToAcquirePropertyPlantAndEquipment,2023-08-01,2023-10-31,166000000,10-Q,2023-11-30,2024,Q3
CRM,PaymentsToAcquirePropertyPlantAndEquipment,2024-02-01,2024-04-30,163000000,10-Q,2024-05-30,2025,Q1
CRM,PaymentsToAcquirePropertyPlantAndEquipment,2024-05-01,2024-07-31,137000000,10-Q,2024-08-29,2025,Q2
CRM,PaymentsToAcquirePropertyPlantAndEquipment,2024-08-01,2024-10-31,204000000,10-Q,2024-12-04,2025,Q3
CRM,PaymentsToAcquirePropertyPlantAndEquipment,2025-02-01,2025-04-30,179000000,10-Q,2025-05-29,2026,Q1
CRM,PaymentsToAcquirePropertyPlantAndEquipment,2025-05-01,2025-07-31,135000000,10-Q,2025-09-04,2026,Q2
CRM,PaymentsToAcquirePropertyPlantAndEquipment,2025-08-01,2025-10-31,139000000,10-Q,2025-12-04,2026,Q3
CRM,PaymentsToAcquirePropertyPlantAndEquipment,2026-02-01,2026-04-30,145000000,10-Q,2026-05-28,2027,Q1
CRM,PaymentsToAcquirePropertyPlantAndEquipment,2026-05-01,2026-07-31,171000000,10-Q,2026-08-27,2027,Q2
CRNC,PaymentsToAcquirePropertyPlantAndEquipment,2018-10-01,2018-12-31,498000,10-Q,2020-02-13,2020,Q1
CRNC,PaymentsToAcquirePropertyPlantAndEquipment,2019-10-01,2019-12-31,3612000,10-Q,2020-02-13,2020,Q1
CRNC,PaymentsToAcquirePropertyPlantAndEquipment,2020-10-01,2020-12-31,2369000,10-Q,2021-02-08,2021,Q1
CRNC,PaymentsToAcquirePropertyPlantAndEquipment,2021-10-01,2021-12-31,4410000,10-Q,2022-02-08,2022,Q1
CRNC,PaymentsToAcquirePropertyPlantAndEquipment,2022-10-01,2022-12-31,683000,10-Q,2023-02-08,2023,Q1
CRNC,PaymentsToAcquirePropertyPlantAndEquipment,2023-10-01,2023-12-31,931000,10-Q,2024-02-08,2024,Q1
CRNC,PaymentsToAcquirePropertyPlantAndEquipment,2024-10-01,2024-12-31,1360000,10-Q,2025-02-06,2025,Q1
CRNC,PaymentsToAcquirePropertyPlantAndEquipment,2025-10-01,2025-12-31,2249000,10-Q,2026-02-05,2026,Q1
CRVL,PaymentsToAcquirePropertyPlantAndEquipment,2010-04-01,2010-06-30,5090000,10-Q,2011-08-05,2011,Q1
CRVL,PaymentsToAcquirePropertyPlantAndEquipment,2011-04-01,2011-06-30,6963000,10-Q,2011-08-05,2011,Q1
CRVL,PaymentsToAcquirePropertyPlantAndEquipment,2012-04-01,2012-06-30,3404000,10-Q,2012-08-07,2012,Q1
CRVL,PaymentsToAcquirePropertyPlantAndEquipment,2013-04-01,2013-06-30,5477000,10-Q,2013-08-05,2013,Q1
CRVL,PaymentsToAcquirePropertyPlantAndEquipment,2014-04-01,2014-06-30,4588000,10-Q,2014-08-05,2015,Q1
CRVL,PaymentsToAcquirePropertyPlantAndEquipment,2015-04-01,2015-06-30,4696000,10-Q,2015-08-06,2016,Q1
CRVL,PaymentsToAcquirePropertyPlantAndEquipment,2016-04-01,2016-06-30,5285000,10-Q,2016-08-04,2017,Q1
CRVL,PaymentsToAcquirePropertyPlantAndEquipment,2017-04-01,2017-06-30,5299000,10-Q,2017-08-04,2018,Q1
CRVL,PaymentsToAcquirePropertyPlantAndEquipment,2018-04-01,2018-06-30,2969000,10-Q,2018-08-03,2019,Q1
CRVL,PaymentsToAcquirePropertyPlantAndEquipment,2019-04-01,2019-06-30,8030000,10-Q,2019-08-05,2020,Q1
CRVL,PaymentsToAcquirePropertyPlantAndEquipment,2020-04-01,2020-06-30,3607000,10-Q,2020-08-06,2021,Q1
CRVL,PaymentsToAcquirePropertyPlantAndEquipment,2021-04-01,2021-06-30,6463000,10-Q,2021-08-05,2022,Q1
CRVL,PaymentsToAcquirePropertyPlantAndEquipment,2022-04-01,2022-06-30,8380000,10-Q,2022-08-04,2022,Q1
CRVL,PaymentsToAcquirePropertyPlantAndEquipment,2023-04-01,2023-06-30,5049000,10-Q,2023-08-03,2023,Q1
CRVL,PaymentsToAcquirePropertyPlantAndEquipment,2024-04-01,2024-06-30,7673000,10-Q,2024-08-01,2024,Q1
CRVL,PaymentsToAcquirePropertyPlantAndEquipment,2025-04-01,2025-06-30,15463000,10-Q,2025-08-07,2025,Q1
CRVL,PaymentsToAcquirePropertyPlantAndEquipment,2026-04-01,2026-06-30,6836000,10-Q,2026-08-06,2026,Q1
CRVW,PaymentsToAcquirePropertyPlantAndEquipment,2011-01-01,2011-03-31,852471,10-Q,2012-05-09,2012,Q1
CRVW,PaymentsToAcquirePropertyPlantAndEquipment,2012-01-01,2012-03-31,498977,10-Q,2012-05-09,2012,Q1
CRVW,PaymentsToAcquirePropertyPlantAndEquipment,2013-01-01,2013-03-31,811,10-Q,2013-05-10,2013,Q1
CRVW,PaymentsToAcquirePropertyPlantAndEquipment,2014-01-01,2014-03-31,58453,10-Q,2014-05-08,2014,Q1
CRVW,PaymentsToAcquirePropertyPlantAndEquipment,2015-01-01,2015-03-31,103098,10-Q,2015-05-14,2015,Q1
CRVW,PaymentsToAcquirePropertyPlantAndEquipment,2016-01-01,2016-03-31,474838,10-Q,2016-05-13,2016,Q1
CRVW,PaymentsToAcquirePropertyPlantAndEquipment,2017-01-01,2017-03-31,99264,10-Q,2017-05-15,2017,Q1
CRVW,PaymentsToAcquirePropertyPlantAndEquipment,2018-01-01,2018-03-31,92506,10-Q,2018-05-15,2018,Q1
CRVW,PaymentsToAcquirePropertyPlantAndEquipment,2019-01-01,2019-03-31,16337,10-Q,2019-05-14,2019,Q1
CRVW,PaymentsToAcquirePropertyPlantAndEquipment,2020-01-01,2020-03-31,12402,10-Q,2020-05-15,2020,Q1
CRVW,PaymentsToAcquirePropertyPlantAndEquipment,2024-01-01,2024-03-31,9219,10-Q,2025-05-15,2025,Q1
CRVW,PaymentsToAcquirePropertyPlantAndEquipment,2025-01-01,2025-03-31,1082,10-Q,2025-05-15,2025,Q1
CRVW,PaymentsToAcquirePropertyPlantAndEquipment,2026-01-01,2026-03-31,9282,10-Q,2026-05-13,2026,Q1
CRWD,PaymentsToAcquirePropertyPlantAndEquipment,2018-02-01,2018-04-30,8649000,10-Q,2019-07-19,2020,Q1
CRWD,PaymentsToAcquirePropertyPlantAndEquipment,2019-02-01,2019-04-30,15541000,10-Q,2019-07-19,2020,Q1
CRWD,PaymentsToAcquirePropertyPlantAndEquipment,2020-02-01,2020-04-30,9694000,10-Q,2020-06-03,2020,Q1
CRWD,PaymentsToAcquirePropertyPlantAndEquipment,2021-02-01,2021-04-30,25796000,10-Q,2021-06-04,2021,Q1
CRWD,PaymentsToAcquirePropertyPlantAndEquipment,2022-02-01,2022-04-30,52211000,10-Q,2022-06-03,2023,Q1
CRWD,PaymentsToAcquirePropertyPlantAndEquipment,2023-02-01,2023-04-30,62264000,10-Q,2023-06-01,2024,Q1
CRWD,PaymentsToAcquirePropertyPlantAndEquipment,2024-02-01,2024-04-30,49683000,10-Q,2024-06-05,2025,Q1
CRWD,PaymentsToAcquirePropertyPlantAndEquipment,2025-02-01,2025-04-30,85751000,10-Q,2025-06-04,2025,Q1
CRWD,PaymentsToAcquirePropertyPlantAndEquipment,2026-02-01,2026-04-30,97624000,10-Q,2026-06-04,2027,Q1
CSCO,PaymentsToAcquirePropertyPlantAndEquipment,2008-07-27,2008-10-25,361000000,10-Q,2009-11-18,2010,Q1
CSCO,PaymentsToAcquirePropertyPlantAndEquipment,2009-07-26,2009-10-24,160000000,10-Q,2009-11-18,2010,Q1
CSCO,PaymentsToAcquirePropertyPlantAndEquipment,2010-08-01,2010-10-30,326000000,10-Q,2010-11-23,2011,Q1
CSCO,PaymentsToAcquirePropertyPlantAndEquipment,2011-07-31,2011-10-29,265000000,10-Q,2011-11-22,2012,Q1
CSCO,PaymentsToAcquirePropertyPlantAndEquipment,2012-07-29,2012-10-27,265000000,10-Q,2012-11-20,2013,Q1
CSCO,PaymentsToAcquirePropertyPlantAndEquipment,2013-07-28,2013-10-26,315000000,10-Q,2013-11-22,2014,Q1
CSCO,PaymentsToAcquirePropertyPlantAndEquipment,2014-07-27,2014-10-25,285000000,10-Q,2014-11-20,2015,Q1
CSCO,PaymentsToAcquirePropertyPlantAndEquipment,2015-07-26,2015-10-24,262000000,10-Q,2015-11-19,2016,Q1
CSCO,PaymentsToAcquirePropertyPlantAndEquipment,2016-07-31,2016-10-29,275000000,10-Q,2016-11-22,2017,Q1
CSCO,PaymentsToAcquirePropertyPlantAndEquipment,2017-07-30,2017-10-28,168000000,10-Q,2017-11-21,2018,Q1
CSCO,PaymentsToAcquirePropertyPlantAndEquipment,2018-07-29,2018-10-27,212000000,10-Q,2018-11-20,2019,Q1
CSCO,PaymentsToAcquirePropertyPlantAndEquipment,2019-07-28,2019-10-26,202000000,10-Q,2019-11-19,2020,Q1
CSCO,PaymentsToAcquirePropertyPlantAndEquipment,2020-07-26,2020-10-24,171000000,10-Q,2020-11-17,2021,Q1
CSCO,PaymentsToAcquirePropertyPlantAndEquipment,2021-08-01,2021-10-30,122000000,10-Q,2021-11-23,2022,Q1
CSCO,PaymentsToAcquirePropertyPlantAndEquipment,2022-07-31,2022-10-29,176000000,10-Q,2022-11-22,2023,Q1
CSCO,PaymentsToAcquirePropertyPlantAndEquipment,2023-07-30,2023-10-28,134000000,10-Q,2023-11-21,2024,Q1
CSCO,PaymentsToAcquirePropertyPlantAndEquipment,2024-07-28,2024-10-26,217000000,10-Q,2024-11-19,2025,Q1
CSCO,PaymentsToAcquirePropertyPlantAndEquipment,2025-07-27,2025-10-25,323000000,10-Q,2025-11-18,2026,Q1
CSGP,PaymentsToAcquirePropertyPlantAndEquipment,2021-01-01,2021-03-31,123259000,10-Q,2022-04-28,2022,Q1
CSGP,PaymentsToAcquirePropertyPlantAndEquipment,2022-01-01,2022-03-31,0,10-Q,2022-04-28,2022,Q1
CSGP,PaymentsToAcquirePropertyPlantAndEquipment,2023-01-01,2023-03-31,15713000,10-Q,2023-04-26,2023,Q1
CSGP,PaymentsToAcquirePropertyPlantAndEquipment,2024-01-01,2024-03-31,376700000,10-Q,2024-04-24,2024,Q1
CSGP,PaymentsToAcquirePropertyPlantAndEquipment,2025-01-01,2025-03-31,53700000,10-Q,2025-05-01,2025,Q1
CSGP,PaymentsToAcquirePropertyPlantAndEquipment,2026-01-01,2026-03-31,45000000,10-Q,2026-04-29,2026,Q1
CSGS,PaymentsToAcquirePropertyPlantAndEquipment,2011-01-01,2011-03-31,4250000,10-Q,2012-05-09,2012,Q1
CSGS,PaymentsToAcquirePropertyPlantAndEquipment,2012-01-01,2012-03-31,2318000,10-Q,2012-05-09,2012,Q1
CSGS,PaymentsToAcquirePropertyPlantAndEquipment,2013-01-01,2013-03-31,4492000,10-Q,2013-05-07,2013,Q1
CSGS,PaymentsToAcquirePropertyPlantAndEquipment,2014-01-01,2014-03-31,4499000,10-Q,2014-05-08,2014,Q1
CSGS,PaymentsToAcquirePropertyPlantAndEquipment,2015-01-01,2015-03-31,6695000,10-Q,2015-05-08,2015,Q1
CSGS,PaymentsToAcquirePropertyPlantAndEquipment,2016-01-01,2016-03-31,5262000,10-Q,2016-05-06,2016,Q1
CSGS,PaymentsToAcquirePropertyPlantAndEquipment,2017-01-01,2017-03-31,9557000,10-Q,2017-05-05,2017,Q1
CSGS,PaymentsToAcquirePropertyPlantAndEquipment,2018-01-01,2018-03-31,12235000,10-Q,2018-05-04,2018,Q1
CSGS,PaymentsToAcquirePropertyPlantAndEquipment,2019-01-01,2019-03-31,8286000,10-Q,2019-05-03,2019,Q1
CSGS,PaymentsToAcquirePropertyPlantAndEquipment,2020-01-01,2020-03-31,4822000,10-Q,2020-05-07,2020,Q1
CSGS,PaymentsToAcquirePropertyPlantAndEquipment,2021-01-01,2021-03-31,8239000,10-Q,2021-05-06,2021,Q1
CSGS,PaymentsToAcquirePropertyPlantAndEquipment,2022-01-01,2022-03-31,10375000,10-Q,2022-05-05,2022,Q1
CSGS,PaymentsToAcquirePropertyPlantAndEquipment,2023-01-01,2023-03-31,8700000,10-Q,2023-05-04,2023,Q1
CSGS,PaymentsToAcquirePropertyPlantAndEquipment,2024-01-01,2024-03-31,4774000,10-Q,2024-05-02,2024,Q1
CSGS,PaymentsToAcquirePropertyPlantAndEquipment,2025-01-01,2025-03-31,4401000,10-Q,2025-05-08,2025,Q1
CSGS,PaymentsToAcquirePropertyPlantAndEquipment,2026-01-01,2026-03-31,1742000,10-Q,2026-05-07,2026,Q1
CSPI,PaymentsToAcquirePropertyPlantAndEquipment,2010-10-01,2010-12-31,111000,10-Q,2012-02-13,2012,Q1
CSPI,PaymentsToAcquirePropertyPlantAndEquipment,2011-10-01,2011-12-31,85000,10-Q,2012-02-13,2012,Q1
CSPI,PaymentsToAcquirePropertyPlantAndEquipment,2012-10-01,2012-12-31,135000,10-Q,2013-02-14,2013,Q1
CSPI,PaymentsToAcquirePropertyPlantAndEquipment,2013-10-01,2013-12-31,273000,10-Q,2014-02-14,2014,Q1
CSPI,PaymentsToAcquirePropertyPlantAndEquipment,2014-10-01,2014-12-31,103000,10-Q,2015-02-13,2014,Q1
CSPI,PaymentsToAcquirePropertyPlantAndEquipment,2015-10-01,2015-12-31,189000,10-Q,2016-02-16,2016,Q1
CSPI,PaymentsToAcquirePropertyPlantAndEquipment,2016-10-01,2016-12-31,72000,10-Q,2017-02-23,2017,Q1
CSPI,PaymentsToAcquirePropertyPlantAndEquipment,2017-10-01,2017-12-31,109000,10-Q,2018-02-14,2018,Q1
CSPI,PaymentsToAcquirePropertyPlantAndEquipment,2018-10-01,2018-12-31,233000,10-Q,2019-02-13,2019,Q1
CSPI,PaymentsToAcquirePropertyPlantAndEquipment,2019-10-01,2019-12-31,207000,10-Q,2020-02-12,2020,Q1
CSPI,PaymentsToAcquirePropertyPlantAndEquipment,2020-10-01,2020-12-31,33000,10-Q,2021-02-11,2021,Q1
CSPI,PaymentsToAcquirePropertyPlantAndEquipment,2021-10-01,2021-12-31,137000,10-Q,2022-02-09,2022,Q1
CSPI,PaymentsToAcquirePropertyPlantAndEquipment,2022-10-01,2022-12-31,44000,10-Q,2023-02-09,2023,Q1
CSPI,PaymentsToAcquirePropertyPlantAndEquipment,2023-10-01,2023-12-31,120000,10-Q,2024-02-14,2024,Q1
CSPI,PaymentsToAcquirePropertyPlantAndEquipment,2024-10-01,2024-12-31,47000,10-Q,2025-02-10,2025,Q1
CSPI,PaymentsToAcquirePropertyPlantAndEquipment,2025-10-01,2025-12-31,105000,10-Q,2026-02-12,2026,Q1
CTKB,PaymentsToAcquirePropertyPlantAndEquipment,2021-01-01,2021-03-31,509000,10-Q,2022-05-12,2022,Q1
CTKB,PaymentsToAcquirePropertyPlantAndEquipment,2022-01-01,2022-03-31,780000,10-Q,2022-05-12,2022,Q1
CTKB,PaymentsToAcquirePropertyPlantAndEquipment,2023-01-01,2023-03-31,505000,10-Q,2023-05-09,2023,Q1
CTKB,PaymentsToAcquirePropertyPlantAndEquipment,2024-01-01,2024-03-31,567000,10-Q,2024-05-08,2024,Q1
CTKB,PaymentsToAcquirePropertyPlantAndEquipment,2025-01-01,2025-03-31,849000,10-Q,2025-05-08,2025,Q1
CTKB,PaymentsToAcquirePropertyPlantAndEquipment,2026-01-01,2026-03-31,2168000,10-Q,2026-05-07,2026,Q1
CTRI,PaymentsToAcquirePropertyPlantAndEquipment,2023-01-01,2023-04-02,23237000,10-Q,2024-05-08,2024,Q1
CTRI,PaymentsToAcquirePropertyPlantAndEquipment,2024-01-01,2024-03-31,30499000,10-Q,2024-05-08,2024,Q1
CTRI,PaymentsToAcquirePropertyPlantAndEquipment,2024-12-30,2025-03-30,24362000,10-Q,2025-05-12,2025,Q1
CTRI,PaymentsToAcquirePropertyPlantAndEquipment,2025-12-29,2026-03-29,20234000,10-Q,2026-05-06,2026,Q1
CUE,PaymentsToAcquirePropertyPlantAndEquipment,2017-01-01,2017-03-31,556000,10-Q,2018-05-14,2018,Q1
CUE,PaymentsToAcquirePropertyPlantAndEquipment,2018-01-01,2018-03-31,673000,10-Q,2018-05-14,2018,Q1
CUE,PaymentsToAcquirePropertyPlantAndEquipment,2019-01-01,2019-03-31,19000,10-Q,2019-05-08,2019,Q1
CUE,PaymentsToAcquirePropertyPlantAndEquipment,2021-01-01,2021-03-31,648000,10-Q,2021-05-10,2021,Q1
CUE,PaymentsToAcquirePropertyPlantAndEquipment,2022-01-01,2022-03-31,27000,10-Q,2022-05-10,2022,Q1
CUE,PaymentsToAcquirePropertyPlantAndEquipment,2023-01-01,2023-03-31,0,10-Q,2023-05-09,2023,Q1
CUE,PaymentsToAcquirePropertyPlantAndEquipment,2024-01-01,2024-03-31,55000,10-Q,2024-05-09,2024,Q1
CUE,PaymentsToAcquirePropertyPlantAndEquipment,2025-01-01,2025-03-31,150000,10-Q,2025-05-12,2025,Q1
CUE,PaymentsToAcquirePropertyPlantAndEquipment,2026-01-01,2026-03-31,121000,10-Q,2026-05-14,2026,Q1
CURI,PaymentsToAcquirePropertyPlantAndEquipment,2020-01-01,2020-03-31,194000,10-Q,2021-05-12,2021,Q1
CURI,PaymentsToAcquirePropertyPlantAndEquipment,2022-01-01,2022-03-31,22000,10-Q,2022-05-16,2022,Q1
CURI,PaymentsToAcquirePropertyPlantAndEquipment,2023-01-01,2023-03-31,5000,10-Q,2023-05-11,2023,Q1
CURI,PaymentsToAcquirePropertyPlantAndEquipment,2024-01-01,2024-03-31,0,10-Q,2024-05-08,2024,Q1
CURI,PaymentsToAcquirePropertyPlantAndEquipment,2025-01-01,2025-03-31,77000,10-Q,2025-05-06,2025,Q1
CURI,PaymentsToAcquirePropertyPlantAndEquipment,2026-01-01,2026-03-31,0,10-Q,2026-05-14,2026,Q1
CVAT,PaymentsToAcquirePropertyPlantAndEquipment,2013-07-01,2013-09-30,13500,10-Q,2014-11-14,2015,Q1
CVAT,PaymentsToAcquirePropertyPlantAndEquipment,2014-07-01,2014-09-30,0,10-Q,2014-11-14,2015,Q1
CVAT,PaymentsToAcquirePropertyPlantAndEquipment,2019-07-01,2019-09-30,0,10-Q,2020-11-10,2021,Q1
CVAT,PaymentsToAcquirePropertyPlantAndEquipment,2020-07-01,2020-09-30,75000,10-Q,2020-11-10,2021,Q1
CVAT,PaymentsToAcquirePropertyPlantAndEquipment,2021-07-01,2021-09-30,250000,10-Q,2021-11-22,2022,Q1
CVAT,PaymentsToAcquirePropertyPlantAndEquipment,2022-07-01,2022-09-30,0,10-Q,2022-11-14,2023,Q1
CVEO,PaymentsToAcquirePropertyPlantAndEquipment,2013-01-01,2013-03-31,69916000,10-Q,2014-06-18,2014,Q1
CVEO,PaymentsToAcquirePropertyPlantAndEquipment,2013-04-01,2013-06-30,90689000,10-Q,2014-08-13,2014,Q2
CVEO,PaymentsToAcquirePropertyPlantAndEquipment,2013-07-01,2013-09-30,74189000,10-Q,2014-11-06,2014,Q3
CVEO,PaymentsToAcquirePropertyPlantAndEquipment,2014-01-01,2014-03-31,63525000,10-Q,2014-06-18,2014,Q1
CVEO,PaymentsToAcquirePropertyPlantAndEquipment,2014-04-01,2014-06-30,78142000,10-Q,2014-08-13,2014,Q2
CVEO,PaymentsToAcquirePropertyPlantAndEquipment,2014-07-01,2014-09-30,66630000,10-Q,2014-11-06,2014,Q3
CVEO,PaymentsToAcquirePropertyPlantAndEquipment,2015-01-01,2015-03-31,10702000,10-Q,2015-04-30,2015,Q1
CVEO,PaymentsToAcquirePropertyPlantAndEquipment,2015-04-01,2015-06-30,13400000,10-Q,2015-07-31,2015,Q2
CVEO,PaymentsToAcquirePropertyPlantAndEquipment,2015-07-01,2015-09-30,19599000,10-Q,2015-11-03,2015,Q3
CVEO,PaymentsToAcquirePropertyPlantAndEquipment,2016-01-01,2016-03-31,4761000,10-Q,2016-04-28,2016,Q1
CVEO,PaymentsToAcquirePropertyPlantAndEquipment,2016-04-01,2016-06-30,5133000,10-Q,2016-07-29,2016,Q2
CVEO,PaymentsToAcquirePropertyPlantAndEquipment,2016-07-01,2016-09-30,5353000,10-Q,2016-10-31,2016,Q3
CVEO,PaymentsToAcquirePropertyPlantAndEquipment,2017-01-01,2017-03-31,3883000,10-Q,2017-04-27,2017,Q1
CVEO,PaymentsToAcquirePropertyPlantAndEquipment,2017-04-01,2017-06-30,2154000,10-Q,2017-07-28,2017,Q2
CVEO,PaymentsToAcquirePropertyPlantAndEquipment,2017-07-01,2017-09-30,1983000,10-Q,2017-10-26,2017,Q3
CVEO,PaymentsToAcquirePropertyPlantAndEquipment,2018-01-01,2018-03-31,2696000,10-Q,2018-04-27,2018,Q1
CVEO,PaymentsToAcquirePropertyPlantAndEquipment,2018-04-01,2018-06-30,3247000,10-Q,2018-07-27,2018,Q2
CVEO,PaymentsToAcquirePropertyPlantAndEquipment,2018-07-01,2018-09-30,2723000,10-Q,2018-10-31,2018,Q3
CVEO,PaymentsToAcquirePropertyPlantAndEquipment,2019-01-01,2019-03-31,9679000,10-Q,2019-04-26,2019,Q1
CVEO,PaymentsToAcquirePropertyPlantAndEquipment,2019-04-01,2019-06-30,11529000,10-Q,2019-07-29,2019,Q2
CVEO,PaymentsToAcquirePropertyPlantAndEquipment,2019-07-01,2019-09-30,4309000,10-Q,2019-10-29,2019,Q3
CVEO,PaymentsToAcquirePropertyPlantAndEquipment,2020-01-01,2020-03-31,2651000,10-Q,2020-05-07,2020,Q1
CVEO,PaymentsToAcquirePropertyPlantAndEquipment,2020-04-01,2020-06-30,1196000,10-Q,2020-07-29,2020,Q2
CVEO,PaymentsToAcquirePropertyPlantAndEquipment,2020-07-01,2020-09-30,2397000,10-Q,2020-10-28,2020,Q3
CVEO,PaymentsToAcquirePropertyPlantAndEquipment,2021-01-01,2021-03-31,3372000,10-Q,2021-04-30,2021,Q1
CVEO,PaymentsToAcquirePropertyPlantAndEquipment,2021-04-01,2021-06-30,3158000,10-Q,2021-07-30,2021,Q2
CVEO,PaymentsToAcquirePropertyPlantAndEquipment,2021-07-01,2021-09-30,3389000,10-Q,2021-10-28,2021,Q3
CVEO,PaymentsToAcquirePropertyPlantAndEquipment,2022-01-01,2022-03-31,3592000,10-Q,2022-04-29,2022,Q1
CVEO,PaymentsToAcquirePropertyPlantAndEquipment,2022-04-01,2022-06-30,5055000,10-Q,2022-08-04,2022,Q2
CVEO,PaymentsToAcquirePropertyPlantAndEquipment,2022-07-01,2022-09-30,8819000,10-Q,2022-10-28,2022,Q3
CVEO,PaymentsToAcquirePropertyPlantAndEquipment,2023-01-01,2023-03-31,4772000,10-Q,2023-04-28,2023,Q1
CVEO,PaymentsToAcquirePropertyPlantAndEquipment,2023-04-01,2023-06-30,6945000,10-Q,2023-07-28,2023,Q2
CVEO,PaymentsToAcquirePropertyPlantAndEquipment,2023-07-01,2023-09-30,9462000,10-Q,2023-10-27,2023,Q3
CVEO,PaymentsToAcquirePropertyPlantAndEquipment,2024-01-01,2024-03-31,5613000,10-Q,2024-04-26,2024,Q1
CVEO,PaymentsToAcquirePropertyPlantAndEquipment,2025-01-01,2025-03-31,5271000,10-Q,2025-04-30,2025,Q1
CVEO,PaymentsToAcquirePropertyPlantAndEquipment,2026-01-01,2026-03-31,4133000,10-Q,2026-05-01,2026,Q1
CVLT,PaymentsToAcquirePropertyPlantAndEquipment,2009-04-01,2009-06-30,913000,10-Q,2010-08-05,2010,Q1
CVLT,PaymentsToAcquirePropertyPlantAndEquipment,2010-04-01,2010-06-30,773000,10-Q,2010-08-05,2010,Q1
CVLT,PaymentsToAcquirePropertyPlantAndEquipment,2011-04-01,2011-06-30,1518000,10-Q,2011-08-04,2011,Q1
CVLT,PaymentsToAcquirePropertyPlantAndEquipment,2012-04-01,2012-06-30,1681000,10-Q,2012-08-02,2012,Q1
CVLT,PaymentsToAcquirePropertyPlantAndEquipment,2013-04-01,2013-06-30,1312000,10-Q,2013-08-01,2013,Q1
CVLT,PaymentsToAcquirePropertyPlantAndEquipment,2014-04-01,2014-06-30,1372000,10-Q,2014-07-31,2015,Q1
CVLT,PaymentsToAcquirePropertyPlantAndEquipment,2015-04-01,2015-06-30,1678000,10-Q,2015-07-30,2016,Q1
CVLT,PaymentsToAcquirePropertyPlantAndEquipment,2016-04-01,2016-06-30,1033000,10-Q,2016-07-28,2017,Q1
CVLT,PaymentsToAcquirePropertyPlantAndEquipment,2017-04-01,2017-06-30,1474000,10-Q,2017-07-26,2018,Q1
CVLT,PaymentsToAcquirePropertyPlantAndEquipment,2018-04-01,2018-06-30,3521000,10-Q,2018-07-25,2019,Q1
CVLT,PaymentsToAcquirePropertyPlantAndEquipment,2019-04-01,2019-06-30,841000,10-Q,2019-07-31,2020,Q1
CVLT,PaymentsToAcquirePropertyPlantAndEquipment,2020-04-01,2020-06-30,1643000,10-Q,2020-07-29,2021,Q1
CVLT,PaymentsToAcquirePropertyPlantAndEquipment,2021-04-01,2021-06-30,1442000,10-Q,2021-07-28,2022,Q1
CVLT,PaymentsToAcquirePropertyPlantAndEquipment,2022-04-01,2022-06-30,867000,10-Q,2022-07-27,2023,Q1
CVLT,PaymentsToAcquirePropertyPlantAndEquipment,2023-04-01,2023-06-30,1147000,10-Q,2023-08-01,2024,Q1
CVLT,PaymentsToAcquirePropertyPlantAndEquipment,2024-04-01,2024-06-30,863000,10-Q,2024-07-31,2025,Q1
CVLT,PaymentsToAcquirePropertyPlantAndEquipment,2025-04-01,2025-06-30,1879000,10-Q,2025-07-30,2026,Q1
CVLT,PaymentsToAcquirePropertyPlantAndEquipment,2026-04-01,2026-06-30,569000,10-Q,2026-07-29,2027,Q1
CVR,PaymentsToAcquirePropertyPlantAndEquipment,2013-01-01,2013-03-31,82590,10-Q,2014-05-09,2014,Q1
CVR,PaymentsToAcquirePropertyPlantAndEquipment,2013-04-01,2013-06-30,1892359,10-Q,2014-08-08,2014,Q2
CVR,PaymentsToAcquirePropertyPlantAndEquipment,2013-07-01,2013-09-30,785371,10-Q,2014-11-07,2014,Q3
CVR,PaymentsToAcquirePropertyPlantAndEquipment,2014-01-01,2014-03-31,550618,10-Q,2014-05-09,2014,Q1
CVR,PaymentsToAcquirePropertyPlantAndEquipment,2014-04-01,2014-06-30,249469,10-Q,2014-08-08,2014,Q2
CVR,PaymentsToAcquirePropertyPlantAndEquipment,2014-07-01,2014-09-30,549049,10-Q,2014-11-07,2014,Q3
CVR,PaymentsToAcquirePropertyPlantAndEquipment,2015-01-01,2015-03-31,413684,10-Q,2015-05-06,2015,Q1
CVR,PaymentsToAcquirePropertyPlantAndEquipment,2015-04-01,2015-06-30,473171,10-Q,2015-08-07,2015,Q2
CVR,PaymentsToAcquirePropertyPlantAndEquipment,2015-07-01,2015-09-30,455262,10-Q,2015-11-06,2015,Q3
CVR,PaymentsToAcquirePropertyPlantAndEquipment,2016-01-01,2016-03-31,599381,10-Q,2016-05-05,2016,Q1
CVR,PaymentsToAcquirePropertyPlantAndEquipment,2016-04-01,2016-06-30,339315,10-Q,2016-08-05,2016,Q2
CVR,PaymentsToAcquirePropertyPlantAndEquipment,2016-07-01,2016-09-30,844190,10-Q,2016-11-04,2016,Q3
CVR,PaymentsToAcquirePropertyPlantAndEquipment,2017-01-01,2017-03-31,177314,10-Q,2017-05-05,2017,Q1
CVR,PaymentsToAcquirePropertyPlantAndEquipment,2017-04-01,2017-06-30,621844,10-Q,2017-08-08,2017,Q2
CVR,PaymentsToAcquirePropertyPlantAndEquipment,2017-07-01,2017-09-30,271888,10-Q,2017-11-06,2017,Q3
CVR,PaymentsToAcquirePropertyPlantAndEquipment,2018-01-01,2018-03-31,226427,10-Q,2018-05-04,2018,Q1
CVR,PaymentsToAcquirePropertyPlantAndEquipment,2018-04-01,2018-06-30,409291,10-Q,2018-08-09,2018,Q2
CVR,PaymentsToAcquirePropertyPlantAndEquipment,2018-07-01,2018-09-30,1006736,10-Q,2018-11-06,2018,Q3
CVR,PaymentsToAcquirePropertyPlantAndEquipment,2023-07-01,2023-09-30,189614,10-Q,2024-11-12,2024,Q3
CVR,PaymentsToAcquirePropertyPlantAndEquipment,2024-07-01,2024-09-30,310732,10-Q,2024-11-12,2024,Q3
CVU,PaymentsToAcquirePropertyPlantAndEquipment,2011-01-01,2011-03-31,205934,10-Q,2012-05-09,2012,Q1
CVU,PaymentsToAcquirePropertyPlantAndEquipment,2012-01-01,2012-03-31,505807,10-Q,2012-05-09,2012,Q1
CVU,PaymentsToAcquirePropertyPlantAndEquipment,2013-01-01,2013-03-31,294632,10-Q,2013-05-10,2013,Q1
CVU,PaymentsToAcquirePropertyPlantAndEquipment,2014-01-01,2014-03-31,56137,10-Q,2014-05-09,2014,Q1
CVU,PaymentsToAcquirePropertyPlantAndEquipment,2015-01-01,2015-03-31,105442,10-Q,2015-05-08,2015,Q1
CVU,PaymentsToAcquirePropertyPlantAndEquipment,2016-01-01,2016-03-31,89737,10-Q,2016-05-10,2016,Q1
CVU,PaymentsToAcquirePropertyPlantAndEquipment,2017-01-01,2017-03-31,90017,10-Q,2017-05-10,2017,Q1
CVU,PaymentsToAcquirePropertyPlantAndEquipment,2018-01-01,2018-03-31,156006,10-Q,2018-05-15,2018,Q1
CVU,PaymentsToAcquirePropertyPlantAndEquipment,2019-01-01,2019-03-31,210695,10-Q,2019-05-10,2019,Q1
CVU,PaymentsToAcquirePropertyPlantAndEquipment,2020-01-01,2020-03-31,3200,10-Q,2020-09-30,2020,Q1
CVU,PaymentsToAcquirePropertyPlantAndEquipment,2022-01-01,2022-03-31,25317,10-Q,2022-09-06,2022,Q1
CVU,PaymentsToAcquirePropertyPlantAndEquipment,2023-01-01,2023-03-31,43525,10-Q,2023-05-15,2023,Q1
CVU,PaymentsToAcquirePropertyPlantAndEquipment,2024-01-01,2024-03-31,46775,10-Q,2024-05-15,2024,Q1
CVU,PaymentsToAcquirePropertyPlantAndEquipment,2025-01-01,2025-03-31,59403,10-Q,2025-05-15,2025,Q1
CVU,PaymentsToAcquirePropertyPlantAndEquipment,2026-01-01,2026-03-31,53055,10-Q,2026-05-15,2026,Q1
CVV,PaymentsToAcquirePropertyPlantAndEquipment,2011-01-01,2011-03-31,57733,10-Q,2012-05-15,2012,Q1
CVV,PaymentsToAcquirePropertyPlantAndEquipment,2012-01-01,2012-03-31,7602327,10-Q,2012-05-15,2012,Q1
CVV,PaymentsToAcquirePropertyPlantAndEquipment,2013-01-01,2013-03-31,966914,10-Q,2013-05-15,2013,Q1
CVV,PaymentsToAcquirePropertyPlantAndEquipment,2014-01-01,2014-03-31,141325,10-Q,2014-05-15,2014,Q1
CVV,PaymentsToAcquirePropertyPlantAndEquipment,2015-01-01,2015-03-31,122363,10-Q,2015-05-15,2015,Q1
CVV,PaymentsToAcquirePropertyPlantAndEquipment,2016-01-01,2016-03-31,31339,10-Q,2016-05-16,2016,Q1
CVV,PaymentsToAcquirePropertyPlantAndEquipment,2017-01-01,2017-03-31,284735,10-Q,2017-05-15,2017,Q1
CVV,PaymentsToAcquirePropertyPlantAndEquipment,2018-01-01,2018-03-31,805803,10-Q,2018-05-15,2018,Q1
CVV,PaymentsToAcquirePropertyPlantAndEquipment,2019-01-01,2019-03-31,438858,10-Q,2019-05-09,2019,Q1
CVV,PaymentsToAcquirePropertyPlantAndEquipment,2020-01-01,2020-03-31,422435,10-Q,2020-05-14,2020,Q1
CVV,PaymentsToAcquirePropertyPlantAndEquipment,2021-01-01,2021-03-31,26744,10-Q,2021-05-13,2021,Q1
CVV,PaymentsToAcquirePropertyPlantAndEquipment,2022-01-01,2022-03-31,177053,10-Q,2022-05-16,2022,Q1
CVV,PaymentsToAcquirePropertyPlantAndEquipment,2022-04-01,2022-06-30,283000,10-Q,2023-08-14,2023,Q2
CVV,PaymentsToAcquirePropertyPlantAndEquipment,2023-01-01,2023-03-31,146000,10-Q,2023-05-15,2023,Q1
CVV,PaymentsToAcquirePropertyPlantAndEquipment,2023-04-01,2023-06-30,78000,10-Q,2023-08-14,2023,Q2
CVV,PaymentsToAcquirePropertyPlantAndEquipment,2024-01-01,2024-03-31,70000,10-Q,2024-05-13,2024,Q1
CVV,PaymentsToAcquirePropertyPlantAndEquipment,2025-01-01,2025-03-31,45000,10-Q,2025-05-13,2025,Q1
CVV,PaymentsToAcquirePropertyPlantAndEquipment,2026-01-01,2026-03-31,13000,10-Q,2026-05-14,2026,Q1
CW,PaymentsToAcquirePropertyPlantAndEquipment,2010-01-01,2010-03-31,10878000,10-Q,2011-05-06,2011,Q1
CW,PaymentsToAcquirePropertyPlantAndEquipment,2011-01-01,2011-03-31,19245000,10-Q,2011-05-06,2011,Q1
CW,PaymentsToAcquirePropertyPlantAndEquipment,2012-01-01,2012-03-31,20167000,10-Q,2012-05-07,2012,Q1
CW,PaymentsToAcquirePropertyPlantAndEquipment,2013-01-01,2013-03-31,15010000,10-Q,2013-05-02,2013,Q1
CW,PaymentsToAcquirePropertyPlantAndEquipment,2014-01-01,2014-03-31,18365000,10-Q,2014-05-01,2014,Q1
CW,PaymentsToAcquirePropertyPlantAndEquipment,2015-01-01,2015-03-31,9096000,10-Q,2015-04-30,2015,Q1
CW,PaymentsToAcquirePropertyPlantAndEquipment,2016-01-01,2016-03-31,8825000,10-Q,2016-05-05,2016,Q1
CW,PaymentsToAcquirePropertyPlantAndEquipment,2017-01-01,2017-03-31,10374000,10-Q,2017-05-04,2017,Q1
CW,PaymentsToAcquirePropertyPlantAndEquipment,2018-01-01,2018-03-31,8971000,10-Q,2018-05-03,2018,Q1
CW,PaymentsToAcquirePropertyPlantAndEquipment,2019-01-01,2019-03-31,17034000,10-Q,2019-05-09,2019,Q1
CW,PaymentsToAcquirePropertyPlantAndEquipment,2020-01-01,2020-03-31,18637000,10-Q,2020-05-07,2020,Q1
CW,PaymentsToAcquirePropertyPlantAndEquipment,2021-01-01,2021-03-31,8537000,10-Q,2021-05-06,2021,Q1
CW,PaymentsToAcquirePropertyPlantAndEquipment,2022-01-01,2022-03-31,10896000,10-Q,2022-05-05,2022,Q1
CW,PaymentsToAcquirePropertyPlantAndEquipment,2023-01-01,2023-03-31,10661000,10-Q,2023-05-04,2023,Q1
CW,PaymentsToAcquirePropertyPlantAndEquipment,2024-01-01,2024-03-31,12055000,10-Q,2024-05-02,2024,Q1
CW,PaymentsToAcquirePropertyPlantAndEquipment,2025-01-01,2025-03-31,15773000,10-Q,2025-05-08,2025,Q1
CW,PaymentsToAcquirePropertyPlantAndEquipment,2026-01-01,2026-03-31,11832000,10-Q,2026-05-07,2026,Q1
CWCO,PaymentsToAcquirePropertyPlantAndEquipment,2011-01-01,2011-03-31,519357,10-Q,2012-05-10,2012,Q1
CWCO,PaymentsToAcquirePropertyPlantAndEquipment,2012-01-01,2012-03-31,1103291,10-Q,2012-05-10,2012,Q1
CWCO,PaymentsToAcquirePropertyPlantAndEquipment,2013-01-01,2013-03-31,1129191,10-Q,2013-05-10,2013,Q1
CWCO,PaymentsToAcquirePropertyPlantAndEquipment,2014-01-01,2014-03-31,661662,10-Q,2014-05-12,2014,Q1
CWCO,PaymentsToAcquirePropertyPlantAndEquipment,2015-01-01,2015-03-31,520756,10-Q,2015-05-11,2015,Q1
CWCO,PaymentsToAcquirePropertyPlantAndEquipment,2016-01-01,2016-03-31,954671,10-Q,2016-05-10,2016,Q1
CWCO,PaymentsToAcquirePropertyPlantAndEquipment,2017-01-01,2017-03-31,1766007,10-Q,2017-05-10,2017,Q1
CWCO,PaymentsToAcquirePropertyPlantAndEquipment,2018-01-01,2018-03-31,2869484,10-Q,2018-05-10,2018,Q1
CWCO,PaymentsToAcquirePropertyPlantAndEquipment,2019-01-01,2019-03-31,1336022,10-Q,2019-05-10,2019,Q1
CWCO,PaymentsToAcquirePropertyPlantAndEquipment,2020-01-01,2020-03-31,516331,10-Q,2020-05-15,2020,Q1
CWCO,PaymentsToAcquirePropertyPlantAndEquipment,2021-01-01,2021-03-31,292803,10-Q,2021-05-17,2021,Q1
CWCO,PaymentsToAcquirePropertyPlantAndEquipment,2022-01-01,2022-03-31,727925,10-Q,2022-05-12,2022,Q1
CWCO,PaymentsToAcquirePropertyPlantAndEquipment,2023-01-01,2023-03-31,1381796,10-Q,2023-05-15,2023,Q1
CWCO,PaymentsToAcquirePropertyPlantAndEquipment,2024-01-01,2024-03-31,531452,10-Q,2024-05-15,2024,Q1
CWCO,PaymentsToAcquirePropertyPlantAndEquipment,2025-01-01,2025-03-31,1599481,10-Q,2025-05-12,2025,Q1
CWCO,PaymentsToAcquirePropertyPlantAndEquipment,2026-01-01,2026-03-31,1686223,10-Q,2026-05-11,2026,Q1
CXM,PaymentsToAcquirePropertyPlantAndEquipment,2021-02-01,2021-04-30,1164000,10-Q,2022-06-14,2023,Q1
CXM,PaymentsToAcquirePropertyPlantAndEquipment,2022-02-01,2022-04-30,638000,10-Q,2022-06-14,2023,Q1
CXM,PaymentsToAcquirePropertyPlantAndEquipment,2023-02-01,2023-04-30,1625000,10-Q,2023-06-05,2024,Q1
CXM,PaymentsToAcquirePropertyPlantAndEquipment,2024-02-01,2024-04-30,2545000,10-Q,2024-06-05,2025,Q1
CXM,PaymentsToAcquirePropertyPlantAndEquipment,2025-02-01,2025-04-30,289000,10-Q,2025-06-05,2026,Q1
CXM,PaymentsToAcquirePropertyPlantAndEquipment,2026-02-01,2026-04-30,328000,10-Q,2026-06-04,2027,Q1
CXT,PaymentsToAcquirePropertyPlantAndEquipment,2010-01-01,2010-03-31,4119000,10-Q,2011-05-06,2011,Q1
CXT,PaymentsToAcquirePropertyPlantAndEquipment,2011-01-01,2011-03-31,8138000,10-Q,2011-05-06,2011,Q1
CXT,PaymentsToAcquirePropertyPlantAndEquipment,2012-01-01,2012-03-31,7165000,10-Q,2012-05-04,2012,Q1
CXT,PaymentsToAcquirePropertyPlantAndEquipment,2013-01-01,2013-03-31,5473000,10-Q,2013-05-06,2013,Q1
CXT,PaymentsToAcquirePropertyPlantAndEquipment,2014-01-01,2014-03-31,9393000,10-Q,2014-05-08,2014,Q1
CXT,PaymentsToAcquirePropertyPlantAndEquipment,2015-01-01,2015-03-31,10200000,10-Q,2015-05-08,2015,Q1
CXT,PaymentsToAcquirePropertyPlantAndEquipment,2016-01-01,2016-03-31,11000000,10-Q,2016-05-06,2016,Q1
CXT,PaymentsToAcquirePropertyPlantAndEquipment,2017-01-01,2017-03-31,9600000,10-Q,2017-05-05,2017,Q1
CXT,PaymentsToAcquirePropertyPlantAndEquipment,2018-01-01,2018-03-31,27500000,10-Q,2018-05-02,2018,Q1
CXT,PaymentsToAcquirePropertyPlantAndEquipment,2019-01-01,2019-03-31,19800000,10-Q,2019-05-01,2019,Q1
D,PaymentsToAcquirePropertyPlantAndEquipment,2009-01-01,2009-03-31,796000000,10-Q,2010-04-29,2010,Q1
D,PaymentsToAcquirePropertyPlantAndEquipment,2010-01-01,2010-03-31,877000000,10-Q,2010-04-29,2010,Q1
D,PaymentsToAcquirePropertyPlantAndEquipment,2011-01-01,2011-03-31,806000000,10-Q,2011-04-29,2011,Q1
D,PaymentsToAcquirePropertyPlantAndEquipment,2012-01-01,2012-03-31,981000000,10-Q,2012-04-26,2012,Q1
D,PaymentsToAcquirePropertyPlantAndEquipment,2013-01-01,2013-03-31,904000000,10-Q,2013-04-25,2013,Q1
D,PaymentsToAcquirePropertyPlantAndEquipment,2014-01-01,2014-03-31,1120000000,10-Q,2014-04-30,2014,Q1
D,PaymentsToAcquirePropertyPlantAndEquipment,2015-01-01,2015-03-31,1014000000,10-Q,2015-05-05,2015,Q1
D,PaymentsToAcquirePropertyPlantAndEquipment,2016-01-01,2016-03-31,1497000000,10-Q,2016-05-05,2016,Q1
D,PaymentsToAcquirePropertyPlantAndEquipment,2017-01-01,2017-03-31,1435000000,10-Q,2017-05-04,2017,Q1
D,PaymentsToAcquirePropertyPlantAndEquipment,2018-01-01,2018-03-31,1103000000,10-Q,2018-05-04,2018,Q1
D,PaymentsToAcquirePropertyPlantAndEquipment,2019-01-01,2019-03-31,1002000000,10-Q,2019-05-03,2019,Q1
D,PaymentsToAcquirePropertyPlantAndEquipment,2020-01-01,2020-03-31,1462000000,10-Q,2020-05-05,2020,Q1
DAKT,PaymentsToAcquirePropertyPlantAndEquipment,2010-05-02,2010-07-31,1670000,10-Q,2011-09-02,2012,Q1
DAKT,PaymentsToAcquirePropertyPlantAndEquipment,2011-05-01,2011-07-30,2903000,10-Q,2011-09-02,2012,Q1
DAKT,PaymentsToAcquirePropertyPlantAndEquipment,2012-04-29,2012-07-28,1443000,10-Q,2012-08-31,2013,Q1
DAKT,PaymentsToAcquirePropertyPlantAndEquipment,2013-04-28,2013-07-27,4042000,10-Q,2013-08-30,2014,Q1
DAKT,PaymentsToAcquirePropertyPlantAndEquipment,2014-04-27,2014-08-02,8146000,10-Q,2014-09-05,2015,Q1
DAKT,PaymentsToAcquirePropertyPlantAndEquipment,2015-05-03,2015-08-01,7232000,10-Q,2015-09-03,2016,Q1
DAKT,PaymentsToAcquirePropertyPlantAndEquipment,2016-05-01,2016-07-30,2157000,10-Q,2016-09-02,2017,Q1
DAKT,PaymentsToAcquirePropertyPlantAndEquipment,2017-04-30,2017-07-29,4092000,10-Q,2017-09-01,2018,Q1
DAKT,PaymentsToAcquirePropertyPlantAndEquipment,2018-04-29,2018-07-28,4727000,10-Q,2018-08-24,2019,Q1
DAKT,PaymentsToAcquirePropertyPlantAndEquipment,2019-04-28,2019-08-03,5856000,10-Q,2019-08-30,2020,Q1
DAKT,PaymentsToAcquirePropertyPlantAndEquipment,2020-05-03,2020-08-01,3155000,10-Q,2020-08-28,2021,Q1
DAKT,PaymentsToAcquirePropertyPlantAndEquipment,2021-05-02,2021-07-31,1283000,10-Q,2021-09-01,2022,Q1
DAKT,PaymentsToAcquirePropertyPlantAndEquipment,2022-05-01,2022-07-30,10655000,10-Q,2022-09-02,2023,Q1
DAKT,PaymentsToAcquirePropertyPlantAndEquipment,2023-04-30,2023-07-29,4547000,10-Q,2023-09-08,2024,Q1
DAKT,PaymentsToAcquirePropertyPlantAndEquipment,2024-04-28,2024-07-27,5081000,10-Q,2024-09-04,2025,Q1
DAKT,PaymentsToAcquirePropertyPlantAndEquipment,2025-04-27,2025-08-02,4291000,10-Q,2025-09-10,2025,Q1
DAKT,PaymentsToAcquirePropertyPlantAndEquipment,2026-05-03,2026-08-01,4128000,10-Q,2026-09-02,2026,Q1
DARE,PaymentsToAcquirePropertyPlantAndEquipment,2013-01-01,2013-03-31,2000,10-Q,2014-05-27,2014,Q1
DARE,PaymentsToAcquirePropertyPlantAndEquipment,2014-01-01,2014-03-31,14000,10-Q,2014-05-27,2014,Q1
DARE,PaymentsToAcquirePropertyPlantAndEquipment,2015-01-01,2015-03-31,29000,10-Q,2015-05-06,2015,Q1
DARE,PaymentsToAcquirePropertyPlantAndEquipment,2016-01-01,2016-03-31,359000,10-Q,2016-05-02,2016,Q1
DARE,PaymentsToAcquirePropertyPlantAndEquipment,2021-01-01,2021-03-31,0,10-Q,2022-05-12,2022,Q1
DARE,PaymentsToAcquirePropertyPlantAndEquipment,2022-01-01,2022-03-31,4553,10-Q,2022-05-12,2022,Q1
DARE,PaymentsToAcquirePropertyPlantAndEquipment,2023-01-01,2023-03-31,0,10-Q,2023-05-11,2023,Q1
DARE,PaymentsToAcquirePropertyPlantAndEquipment,2024-01-01,2024-03-31,7296,10-Q,2024-05-14,2024,Q1
DARE,PaymentsToAcquirePropertyPlantAndEquipment,2025-01-01,2025-03-31,157331,10-Q,2025-05-13,2025,Q1
DARE,PaymentsToAcquirePropertyPlantAndEquipment,2026-01-01,2026-03-31,0,10-Q,2026-05-14,2026,Q1
DBD,PaymentsToAcquirePropertyPlantAndEquipment,2010-01-01,2010-03-31,11103000,10-Q,2011-05-04,2011,Q1
DBD,PaymentsToAcquirePropertyPlantAndEquipment,2010-07-01,2010-09-30,11075000,10-Q,2011-11-01,2011,Q3
DBD,PaymentsToAcquirePropertyPlantAndEquipment,2011-01-01,2011-03-31,10902000,10-Q,2011-05-04,2011,Q1
DBD,PaymentsToAcquirePropertyPlantAndEquipment,2011-07-01,2011-09-30,14769000,10-Q,2011-11-01,2011,Q3
DBX,PaymentsToAcquirePropertyPlantAndEquipment,2017-01-01,2017-03-31,5100000,10-Q,2018-05-11,2018,Q1
DBX,PaymentsToAcquirePropertyPlantAndEquipment,2018-01-01,2018-03-31,9900000,10-Q,2018-05-11,2018,Q1
DBX,PaymentsToAcquirePropertyPlantAndEquipment,2019-01-01,2019-03-31,29700000,10-Q,2019-05-10,2019,Q1
DBX,PaymentsToAcquirePropertyPlantAndEquipment,2020-01-01,2020-03-31,27800000,10-Q,2020-05-08,2020,Q1
DBX,PaymentsToAcquirePropertyPlantAndEquipment,2021-01-01,2021-03-31,6900000,10-Q,2021-05-07,2021,Q1
DBX,PaymentsToAcquirePropertyPlantAndEquipment,2022-01-01,2022-03-31,10700000,10-Q,2022-05-06,2022,Q1
DBX,PaymentsToAcquirePropertyPlantAndEquipment,2023-01-01,2023-03-31,1900000,10-Q,2023-05-09,2023,Q1
DBX,PaymentsToAcquirePropertyPlantAndEquipment,2024-01-01,2024-03-31,9200000,10-Q,2024-05-10,2024,Q1
DBX,PaymentsToAcquirePropertyPlantAndEquipment,2025-01-01,2025-03-31,100000,10-Q,2025-05-09,2025,Q1
DBX,PaymentsToAcquirePropertyPlantAndEquipment,2026-01-01,2026-03-31,1200000,10-Q,2026-05-08,2026,Q1
DCO,PaymentsToAcquirePropertyPlantAndEquipment,2011-01-01,2011-04-02,1509000,10-Q,2012-05-07,2012,Q1
DCO,PaymentsToAcquirePropertyPlantAndEquipment,2012-01-01,2012-03-31,4917000,10-Q,2012-05-07,2012,Q1
DCO,PaymentsToAcquirePropertyPlantAndEquipment,2013-01-01,2013-03-30,2612000,10-Q,2013-05-06,2013,Q1
DCO,PaymentsToAcquirePropertyPlantAndEquipment,2014-01-01,2014-03-29,2192000,10-Q,2014-04-28,2014,Q1
DCO,PaymentsToAcquirePropertyPlantAndEquipment,2015-01-01,2015-04-04,5572000,10-Q,2015-05-12,2015,Q1
DCO,PaymentsToAcquirePropertyPlantAndEquipment,2016-01-01,2016-04-02,3801000,10-Q,2016-05-09,2016,Q1
DCO,PaymentsToAcquirePropertyPlantAndEquipment,2017-01-01,2017-04-01,6797000,10-Q,2017-05-04,2017,Q1
DCO,PaymentsToAcquirePropertyPlantAndEquipment,2018-01-01,2018-03-31,3341000,10-Q,2018-05-10,2018,Q1
DCO,PaymentsToAcquirePropertyPlantAndEquipment,2019-01-01,2019-03-30,3225000,10-Q,2019-05-06,2019,Q1
DCO,PaymentsToAcquirePropertyPlantAndEquipment,2020-01-01,2020-03-28,3867000,10-Q,2020-04-30,2020,Q1
DCO,PaymentsToAcquirePropertyPlantAndEquipment,2021-01-01,2021-04-03,4542000,10-Q,2021-05-04,2021,Q1
DCO,PaymentsToAcquirePropertyPlantAndEquipment,2022-01-01,2022-04-02,4825000,10-Q,2022-05-03,2022,Q1
DCO,PaymentsToAcquirePropertyPlantAndEquipment,2023-01-01,2023-04-01,5362000,10-Q,2023-05-04,2023,Q1
DCO,PaymentsToAcquirePropertyPlantAndEquipment,2024-01-01,2024-03-30,4974000,10-Q,2024-05-08,2024,Q1
DCO,PaymentsToAcquirePropertyPlantAndEquipment,2025-01-01,2025-03-29,4815000,10-Q,2025-05-06,2025,Q1
DCO,PaymentsToAcquirePropertyPlantAndEquipment,2026-01-01,2026-04-04,2936000,10-Q,2026-05-12,2026,Q1
DDD,PaymentsToAcquirePropertyPlantAndEquipment,2011-01-01,2011-03-31,475000,10-Q,2012-04-26,2012,Q1
DDD,PaymentsToAcquirePropertyPlantAndEquipment,2012-01-01,2012-03-31,755000,10-Q,2012-04-26,2012,Q1
DDD,PaymentsToAcquirePropertyPlantAndEquipment,2013-01-01,2013-03-31,2295000,10-Q,2013-04-30,2013,Q1
DDD,PaymentsToAcquirePropertyPlantAndEquipment,2014-01-01,2014-03-31,3551000,10-Q,2014-04-29,2014,Q1
DDD,PaymentsToAcquirePropertyPlantAndEquipment,2015-01-01,2015-03-31,3693000,10-Q,2015-05-06,2015,Q1
DDD,PaymentsToAcquirePropertyPlantAndEquipment,2016-01-01,2016-03-31,4246000,10-Q,2016-05-05,2016,Q1
DDD,PaymentsToAcquirePropertyPlantAndEquipment,2017-01-01,2017-03-31,5620000,10-Q,2017-05-03,2017,Q1
DDD,PaymentsToAcquirePropertyPlantAndEquipment,2018-01-01,2018-03-31,10764000,10-Q,2018-05-02,2018,Q1
DDD,PaymentsToAcquirePropertyPlantAndEquipment,2019-01-01,2019-03-31,8837000,10-Q,2019-05-07,2019,Q1
DDD,PaymentsToAcquirePropertyPlantAndEquipment,2020-01-01,2020-03-31,4366000,10-Q,2020-05-06,2020,Q1
DDD,PaymentsToAcquirePropertyPlantAndEquipment,2021-01-01,2021-03-31,3878000,10-Q,2021-05-10,2021,Q1
DDD,PaymentsToAcquirePropertyPlantAndEquipment,2022-01-01,2022-03-31,4079000,10-Q,2022-05-10,2022,Q1
DDD,PaymentsToAcquirePropertyPlantAndEquipment,2023-01-01,2023-03-31,9027000,10-Q,2023-05-10,2023,Q1
DDD,PaymentsToAcquirePropertyPlantAndEquipment,2024-01-01,2024-03-31,3190000,10-Q,2024-08-20,2024,Q1
DDD,PaymentsToAcquirePropertyPlantAndEquipment,2025-01-01,2025-03-31,2795000,10-Q,2025-05-12,2025,Q1
DDD,PaymentsToAcquirePropertyPlantAndEquipment,2026-01-01,2026-03-31,2058000,10-Q,2026-05-11,2026,Q1
DDOG,PaymentsToAcquirePropertyPlantAndEquipment,2019-01-01,2019-03-31,2197000,10-Q,2020-05-12,2020,Q1
DDOG,PaymentsToAcquirePropertyPlantAndEquipment,2020-01-01,2020-03-31,1526000,10-Q,2020-05-12,2020,Q1
DDOG,PaymentsToAcquirePropertyPlantAndEquipment,2021-01-01,2021-03-31,998000,10-Q,2021-05-07,2021,Q1
DDOG,PaymentsToAcquirePropertyPlantAndEquipment,2022-01-01,2022-03-31,9514000,10-Q,2022-05-06,2022,Q1
DDOG,PaymentsToAcquirePropertyPlantAndEquipment,2023-01-01,2023-03-31,8739000,10-Q,2023-05-05,2023,Q1
DDOG,PaymentsToAcquirePropertyPlantAndEquipment,2024-01-01,2024-03-31,14158000,10-Q,2024-05-08,2024,Q1
DDOG,PaymentsToAcquirePropertyPlantAndEquipment,2025-01-01,2025-03-31,8748000,10-Q,2025-05-07,2025,Q1
DDOG,PaymentsToAcquirePropertyPlantAndEquipment,2026-01-01,2026-03-31,11358000,10-Q,2026-05-07,2026,Q1
DDS,PaymentsToAcquirePropertyPlantAndEquipment,2010-01-31,2010-05-01,8361000,10-Q,2011-06-03,2011,Q1
DDS,PaymentsToAcquirePropertyPlantAndEquipment,2011-01-30,2011-04-30,16961000,10-Q,2011-06-03,2011,Q1
DDS,PaymentsToAcquirePropertyPlantAndEquipment,2012-01-29,2012-04-28,47499000,10-Q,2012-05-30,2012,Q1
DDS,PaymentsToAcquirePropertyPlantAndEquipment,2013-02-03,2013-05-04,7263000,10-Q,2013-06-05,2013,Q1
DDS,PaymentsToAcquirePropertyPlantAndEquipment,2014-02-02,2014-05-03,22774000,10-Q,2014-06-05,2014,Q1
DDS,PaymentsToAcquirePropertyPlantAndEquipment,2015-02-01,2015-05-02,42161000,10-Q,2015-06-03,2015,Q1
DDS,PaymentsToAcquirePropertyPlantAndEquipment,2016-01-31,2016-04-30,17741000,10-Q,2016-06-02,2016,Q1
DDS,PaymentsToAcquirePropertyPlantAndEquipment,2017-01-29,2017-04-29,34538000,10-Q,2017-06-06,2017,Q1
DDS,PaymentsToAcquirePropertyPlantAndEquipment,2018-02-04,2018-05-05,39191000,10-Q,2018-06-08,2018,Q1
DDS,PaymentsToAcquirePropertyPlantAndEquipment,2019-02-03,2019-05-04,18739000,10-Q,2019-06-07,2019,Q1
DDS,PaymentsToAcquirePropertyPlantAndEquipment,2020-02-02,2020-05-02,20230000,10-Q,2020-06-05,2020,Q1
DDS,PaymentsToAcquirePropertyPlantAndEquipment,2021-01-31,2021-05-01,16850000,10-Q,2021-06-09,2021,Q1
DDS,PaymentsToAcquirePropertyPlantAndEquipment,2022-01-30,2022-04-30,27312000,10-Q,2022-06-03,2022,Q1
DDS,PaymentsToAcquirePropertyPlantAndEquipment,2023-01-29,2023-04-29,32348000,10-Q,2023-06-02,2023,Q1
DDS,PaymentsToAcquirePropertyPlantAndEquipment,2024-02-04,2024-05-04,35175000,10-Q,2024-06-07,2024,Q1
DDS,PaymentsToAcquirePropertyPlantAndEquipment,2025-02-02,2025-05-03,16853000,10-Q,2025-06-06,2025,Q1
DDS,PaymentsToAcquirePropertyPlantAndEquipment,2026-02-01,2026-05-02,17208000,10-Q,2026-06-05,2026,Q1
DE,PaymentsToAcquirePropertyPlantAndEquipment,2008-11-01,2009-01-31,262100000,10-Q,2010-03-01,2010,Q1
DE,PaymentsToAcquirePropertyPlantAndEquipment,2009-11-01,2010-01-31,162700000,10-Q,2010-03-01,2010,Q1
DE,PaymentsToAcquirePropertyPlantAndEquipment,2010-11-01,2011-01-31,214900000,10-Q,2011-02-25,2011,Q1
DE,PaymentsToAcquirePropertyPlantAndEquipment,2011-11-01,2012-01-31,269100000,10-Q,2012-03-01,2012,Q1
DE,PaymentsToAcquirePropertyPlantAndEquipment,2012-11-01,2013-01-31,294000000,10-Q,2013-02-28,2013,Q1
DE,PaymentsToAcquirePropertyPlantAndEquipment,2013-11-01,2014-01-31,250700000,10-Q,2014-02-27,2014,Q1
DE,PaymentsToAcquirePropertyPlantAndEquipment,2014-11-01,2015-01-31,184000000,10-Q,2015-02-26,2015,Q1
DE,PaymentsToAcquirePropertyPlantAndEquipment,2015-11-01,2016-01-31,140000000,10-Q,2016-02-25,2016,Q1
DE,PaymentsToAcquirePropertyPlantAndEquipment,2015-11-02,2016-01-31,140000000,10-Q,2017-02-24,2017,Q1
DE,PaymentsToAcquirePropertyPlantAndEquipment,2016-10-31,2017-01-29,155200000,10-Q,2017-02-24,2017,Q1
DE,PaymentsToAcquirePropertyPlantAndEquipment,2017-10-30,2018-01-28,176300000,10-Q,2018-03-01,2018,Q1
DE,PaymentsToAcquirePropertyPlantAndEquipment,2018-10-29,2019-01-27,297400000,10-Q,2019-02-28,2019,Q1
DE,PaymentsToAcquirePropertyPlantAndEquipment,2019-11-04,2020-02-02,271000000,10-Q,2020-02-27,2020,Q1
DE,PaymentsToAcquirePropertyPlantAndEquipment,2020-11-02,2021-01-31,154000000,10-Q,2021-02-25,2021,Q1
DE,PaymentsToAcquirePropertyPlantAndEquipment,2021-11-01,2022-01-30,193000000,10-Q,2022-02-24,2022,Q1
DE,PaymentsToAcquirePropertyPlantAndEquipment,2022-10-31,2023-01-29,315000000,10-Q,2023-02-23,2023,Q1
DE,PaymentsToAcquirePropertyPlantAndEquipment,2023-10-30,2024-01-28,362000000,10-Q,2024-02-29,2024,Q1
DE,PaymentsToAcquirePropertyPlantAndEquipment,2024-10-28,2025-01-26,352000000,10-Q,2025-02-27,2025,Q1
DE,PaymentsToAcquirePropertyPlantAndEquipment,2025-11-03,2026-02-01,256000000,10-Q,2026-02-26,2026,Q1
DELL,PaymentsToAcquirePropertyPlantAndEquipment,2015-01-31,2015-05-01,114000000,10-Q,2016-06-10,2017,Q1
DELL,PaymentsToAcquirePropertyPlantAndEquipment,2016-01-30,2016-04-29,92000000,10-Q,2016-06-10,2017,Q1
DELL,PaymentsToAcquirePropertyPlantAndEquipment,2017-02-04,2017-05-05,245000000,10-Q,2017-06-09,2018,Q1
DELL,PaymentsToAcquirePropertyPlantAndEquipment,2018-02-03,2018-05-04,273000000,10-Q,2018-06-12,2019,Q1
DELL,PaymentsToAcquirePropertyPlantAndEquipment,2019-02-02,2019-05-03,610000000,10-Q,2019-06-10,2020,Q1
DELL,PaymentsToAcquirePropertyPlantAndEquipment,2020-02-01,2020-05-01,559000000,10-Q,2020-06-08,2021,Q1
DELL,PaymentsToAcquirePropertyPlantAndEquipment,2021-01-30,2021-04-30,625000000,10-Q,2021-06-07,2022,Q1
DELL,PaymentsToAcquirePropertyPlantAndEquipment,2022-01-29,2022-04-29,690000000,10-Q,2022-06-06,2023,Q1
DELL,PaymentsToAcquirePropertyPlantAndEquipment,2023-02-04,2023-05-05,701000000,10-Q,2023-06-12,2024,FY
DELL,PaymentsToAcquirePropertyPlantAndEquipment,2024-02-03,2024-05-03,596000000,10-Q,2024-06-11,2025,Q1
DELL,PaymentsToAcquirePropertyPlantAndEquipment,2025-02-01,2025-05-02,568000000,10-Q,2025-06-10,2026,Q1
DELL,PaymentsToAcquirePropertyPlantAndEquipment,2026-01-31,2026-05-01,963000000,10-Q,2026-06-09,2027,Q1
DH,PaymentsToAcquirePropertyPlantAndEquipment,2022-01-01,2022-03-31,794000,10-Q,2023-05-04,2023,Q1
DH,PaymentsToAcquirePropertyPlantAndEquipment,2023-01-01,2023-03-31,1338000,10-Q,2023-05-04,2023,Q1
DH,PaymentsToAcquirePropertyPlantAndEquipment,2024-01-01,2024-03-31,266000,10-Q,2024-05-07,2024,Q1
DH,PaymentsToAcquirePropertyPlantAndEquipment,2025-01-01,2025-03-31,7706000,10-Q,2025-05-08,2025,Q1
DH,PaymentsToAcquirePropertyPlantAndEquipment,2026-01-01,2026-03-31,3202000,10-Q,2026-05-07,2026,Q1
DHR,PaymentsToAcquirePropertyPlantAndEquipment,2009-01-01,2009-04-03,36408000,10-Q,2010-04-22,2010,Q1
DHR,PaymentsToAcquirePropertyPlantAndEquipment,2010-01-01,2010-04-02,38413000,10-Q,2010-04-22,2010,Q1
DHR,PaymentsToAcquirePropertyPlantAndEquipment,2011-01-01,2011-04-01,48424000,10-Q,2011-04-21,2011,Q1
DHR,PaymentsToAcquirePropertyPlantAndEquipment,2012-01-01,2012-03-30,117824000,10-Q,2012-04-19,2012,Q1
DHR,PaymentsToAcquirePropertyPlantAndEquipment,2013-01-01,2013-03-29,116300000,10-Q,2013-04-18,2013,Q1
DHR,PaymentsToAcquirePropertyPlantAndEquipment,2014-01-01,2014-03-28,130900000,10-Q,2014-04-16,2014,Q1
DHR,PaymentsToAcquirePropertyPlantAndEquipment,2015-01-01,2015-04-03,119200000,10-Q,2015-04-23,2015,Q1
DHR,PaymentsToAcquirePropertyPlantAndEquipment,2016-01-01,2016-04-01,151000000,10-Q,2016-04-21,2016,Q1
DHR,PaymentsToAcquirePropertyPlantAndEquipment,2017-01-01,2017-03-31,158600000,10-Q,2017-04-20,2017,Q1
DHR,PaymentsToAcquirePropertyPlantAndEquipment,2018-01-01,2018-03-30,137900000,10-Q,2018-04-19,2018,Q1
DHR,PaymentsToAcquirePropertyPlantAndEquipment,2019-01-01,2019-03-29,155700000,10-Q,2019-04-18,2019,Q1
DHR,PaymentsToAcquirePropertyPlantAndEquipment,2020-01-01,2020-04-03,132500000,10-Q,2020-05-06,2020,Q1
DHR,PaymentsToAcquirePropertyPlantAndEquipment,2021-01-01,2021-04-02,251000000,10-Q,2021-04-22,2021,Q1
DHR,PaymentsToAcquirePropertyPlantAndEquipment,2022-01-01,2022-04-01,250000000,10-Q,2022-04-21,2022,Q1
DHR,PaymentsToAcquirePropertyPlantAndEquipment,2023-01-01,2023-03-31,275000000,10-Q,2023-04-25,2023,Q1
DHR,PaymentsToAcquirePropertyPlantAndEquipment,2024-01-01,2024-03-29,291000000,10-Q,2024-04-23,2024,Q1
DHR,PaymentsToAcquirePropertyPlantAndEquipment,2025-01-01,2025-03-28,245000000,10-Q,2025-04-22,2025,Q1
DHR,PaymentsToAcquirePropertyPlantAndEquipment,2026-01-01,2026-03-27,237000000,10-Q,2026-04-21,2026,Q1
DHX,PaymentsToAcquirePropertyPlantAndEquipment,2011-04-01,2011-06-30,2520000,10-Q,2012-07-25,2012,Q2
DHX,PaymentsToAcquirePropertyPlantAndEquipment,2011-07-01,2011-09-30,1840000,10-Q,2012-10-26,2012,Q3
DHX,PaymentsToAcquirePropertyPlantAndEquipment,2012-01-01,2012-03-31,1352000,10-Q,2013-04-23,2013,Q1
DHX,PaymentsToAcquirePropertyPlantAndEquipment,2012-04-01,2012-06-30,1634000,10-Q,2012-07-25,2012,Q2
DHX,PaymentsToAcquirePropertyPlantAndEquipment,2012-07-01,2012-09-30,1287000,10-Q,2012-10-26,2012,Q3
DHX,PaymentsToAcquirePropertyPlantAndEquipment,2013-01-01,2013-03-31,3155000,10-Q,2013-04-23,2013,Q1
DHX,PaymentsToAcquirePropertyPlantAndEquipment,2013-04-01,2013-06-30,2886000,10-Q,2013-07-24,2013,Q2
DHX,PaymentsToAcquirePropertyPlantAndEquipment,2013-07-01,2013-09-30,2274000,10-Q,2013-10-29,2013,Q3
DHX,PaymentsToAcquirePropertyPlantAndEquipment,2014-01-01,2014-03-31,2073000,10-Q,2014-04-30,2014,Q1
DHX,PaymentsToAcquirePropertyPlantAndEquipment,2014-04-01,2014-06-30,2254000,10-Q,2014-07-30,2014,Q2
DHX,PaymentsToAcquirePropertyPlantAndEquipment,2015-01-01,2015-03-31,2476000,10-Q,2015-04-29,2015,Q1
DHX,PaymentsToAcquirePropertyPlantAndEquipment,2016-01-01,2016-03-31,2319000,10-Q,2016-04-27,2016,Q1
DHX,PaymentsToAcquirePropertyPlantAndEquipment,2017-01-01,2017-03-31,4195000,10-Q,2017-05-03,2017,Q1
DHX,PaymentsToAcquirePropertyPlantAndEquipment,2018-01-01,2018-03-31,-1825000,10-Q,2018-05-08,2018,Q1
DHX,PaymentsToAcquirePropertyPlantAndEquipment,2019-01-01,2019-03-31,3052000,10-Q,2019-05-02,2019,Q1
DHX,PaymentsToAcquirePropertyPlantAndEquipment,2020-01-01,2020-03-31,4288000,10-Q,2020-05-06,2020,Q1
DHX,PaymentsToAcquirePropertyPlantAndEquipment,2021-01-01,2021-03-31,3703000,10-Q,2021-05-05,2021,Q1
DHX,PaymentsToAcquirePropertyPlantAndEquipment,2022-01-01,2022-03-31,4091000,10-Q,2022-05-04,2022,Q1
DHX,PaymentsToAcquirePropertyPlantAndEquipment,2023-01-01,2023-03-31,4833000,10-Q,2023-05-10,2023,Q1
DHX,PaymentsToAcquirePropertyPlantAndEquipment,2024-01-01,2024-03-31,4442000,10-Q,2024-05-10,2024,Q1
DHX,PaymentsToAcquirePropertyPlantAndEquipment,2025-01-01,2025-03-31,2160000,10-Q,2025-05-12,2025,Q1
DHX,PaymentsToAcquirePropertyPlantAndEquipment,2026-01-01,2026-03-31,1648000,10-Q,2026-05-05,2026,Q1
DIN,PaymentsToAcquirePropertyPlantAndEquipment,2011-01-01,2011-03-31,3835000,10-Q,2012-05-01,2012,Q1
DIN,PaymentsToAcquirePropertyPlantAndEquipment,2012-01-01,2012-03-31,4150000,10-Q,2012-05-01,2012,Q1
DIN,PaymentsToAcquirePropertyPlantAndEquipment,2013-01-01,2013-03-31,1495000,10-Q,2013-05-02,2013,Q1
DIN,PaymentsToAcquirePropertyPlantAndEquipment,2014-01-01,2014-03-31,2039000,10-Q,2014-05-01,2014,Q1
DIN,PaymentsToAcquirePropertyPlantAndEquipment,2015-01-01,2015-03-31,2617000,10-Q,2015-04-30,2015,Q1
DIN,PaymentsToAcquirePropertyPlantAndEquipment,2016-01-01,2016-03-31,839000,10-Q,2016-05-05,2016,Q1
DIN,PaymentsToAcquirePropertyPlantAndEquipment,2017-01-01,2017-03-31,2997000,10-Q,2017-05-02,2017,Q1
DIN,PaymentsToAcquirePropertyPlantAndEquipment,2018-01-01,2018-03-31,3488000,10-Q,2018-05-02,2018,Q1
DIN,PaymentsToAcquirePropertyPlantAndEquipment,2019-01-01,2019-03-31,4717000,10-Q,2019-05-01,2019,Q1
DIN,PaymentsToAcquirePropertyPlantAndEquipment,2020-01-01,2020-03-31,5084000,10-Q,2020-04-29,2020,Q1
DIN,PaymentsToAcquirePropertyPlantAndEquipment,2021-01-01,2021-03-31,2357000,10-Q,2021-05-05,2021,Q1
DIN,PaymentsToAcquirePropertyPlantAndEquipment,2022-01-01,2022-03-31,5298000,10-Q,2022-05-04,2022,Q1
DIN,PaymentsToAcquirePropertyPlantAndEquipment,2023-01-01,2023-03-31,16030000,10-Q,2023-05-03,2023,Q1
DIN,PaymentsToAcquirePropertyPlantAndEquipment,2024-01-01,2024-03-31,3335000,10-Q,2024-05-08,2024,Q1
DIN,PaymentsToAcquirePropertyPlantAndEquipment,2024-12-30,2025-03-30,3300000,10-Q,2026-05-06,2026,Q1
DIN,PaymentsToAcquirePropertyPlantAndEquipment,2025-01-01,2025-03-31,3325000,10-Q,2025-05-07,2025,Q1
DIN,PaymentsToAcquirePropertyPlantAndEquipment,2025-12-29,2026-03-29,12100000,10-Q,2026-05-06,2026,Q1
DIS,PaymentsToAcquirePropertyPlantAndEquipment,2017-10-01,2017-12-30,981000000,8-K,2019-08-14,,
DIS,PaymentsToAcquirePropertyPlantAndEquipment,2018-09-30,2018-12-29,1195000000,8-K,2019-08-14,,
DIS,PaymentsToAcquirePropertyPlantAndEquipment,2019-09-29,2019-12-28,1338000000,10-Q,2020-02-04,2020,Q1
DIS,PaymentsToAcquirePropertyPlantAndEquipment,2020-10-04,2021-01-02,760000000,10-Q,2021-02-11,2021,Q1
DIS,PaymentsToAcquirePropertyPlantAndEquipment,2021-10-03,2022-01-01,981000000,10-Q,2022-02-09,2022,FY
DIS,PaymentsToAcquirePropertyPlantAndEquipment,2022-10-02,2022-12-31,1181000000,10-Q,2023-02-08,2023,Q1
DIS,PaymentsToAcquirePropertyPlantAndEquipment,2023-10-01,2023-12-30,1299000000,10-Q,2024-02-07,2024,Q1
DIS,PaymentsToAcquirePropertyPlantAndEquipment,2024-09-29,2024-12-28,2466000000,10-Q,2025-02-05,2025,Q1
DIS,PaymentsToAcquirePropertyPlantAndEquipment,2025-09-28,2025-12-27,3013000000,10-Q,2026-02-02,2026,Q1
DKL,PaymentsToAcquirePropertyPlantAndEquipment,2011-07-01,2011-09-30,138000,10-Q,2012-12-14,2012,Q3
DKL,PaymentsToAcquirePropertyPlantAndEquipment,2012-01-01,2012-03-31,1013000,10-Q,2013-05-09,2013,Q1
DKL,PaymentsToAcquirePropertyPlantAndEquipment,2012-04-01,2012-06-30,1190000,10-Q,2013-08-08,2013,Q2
DKL,PaymentsToAcquirePropertyPlantAndEquipment,2012-07-01,2012-09-30,2589000,10-Q,2012-12-14,2012,Q3
DKL,PaymentsToAcquirePropertyPlantAndEquipment,2013-01-01,2013-03-31,1276000,10-Q,2013-05-09,2013,Q1
DKL,PaymentsToAcquirePropertyPlantAndEquipment,2013-04-01,2013-06-30,1053000,10-Q,2013-08-08,2013,Q2
DKL,PaymentsToAcquirePropertyPlantAndEquipment,2013-07-01,2013-09-30,1582000,10-Q,2013-11-07,2013,Q3
DKL,PaymentsToAcquirePropertyPlantAndEquipment,2014-01-01,2014-03-31,965000,10-Q,2014-05-08,2014,Q1
DKL,PaymentsToAcquirePropertyPlantAndEquipment,2014-04-01,2014-06-30,968000,10-Q,2014-08-08,2014,Q2
DKL,PaymentsToAcquirePropertyPlantAndEquipment,2014-07-01,2014-09-30,827000,10-Q,2014-11-06,2014,Q3
DKL,PaymentsToAcquirePropertyPlantAndEquipment,2015-01-01,2015-03-31,7573000,10-Q,2015-05-08,2015,Q1
DKL,PaymentsToAcquirePropertyPlantAndEquipment,2015-04-01,2015-06-30,5962000,10-Q,2015-08-06,2015,Q2
DKL,PaymentsToAcquirePropertyPlantAndEquipment,2016-01-01,2016-03-31,1911000,10-Q,2016-05-06,2016,Q1
DKL,PaymentsToAcquirePropertyPlantAndEquipment,2017-01-01,2017-03-31,3764000,10-Q,2017-05-09,2017,Q1
DKL,PaymentsToAcquirePropertyPlantAndEquipment,2018-01-01,2018-03-31,3253000,10-Q,2018-05-10,2018,Q1
DKL,PaymentsToAcquirePropertyPlantAndEquipment,2019-01-01,2019-03-31,1181000,10-Q,2019-05-09,2019,Q1
DKL,PaymentsToAcquirePropertyPlantAndEquipment,2020-01-01,2020-03-31,4164000,10-Q,2020-05-08,2020,Q1
DKL,PaymentsToAcquirePropertyPlantAndEquipment,2021-01-01,2021-03-31,6119000,10-Q,2021-05-07,2021,Q1
DKL,PaymentsToAcquirePropertyPlantAndEquipment,2022-01-01,2022-03-31,10613000,10-Q,2022-05-05,2022,Q1
DKL,PaymentsToAcquirePropertyPlantAndEquipment,2023-01-01,2023-03-31,27837000,10-Q,2023-05-09,2023,Q1
DKL,PaymentsToAcquirePropertyPlantAndEquipment,2024-01-01,2024-03-31,11255000,10-Q,2024-05-08,2024,Q1
DKL,PaymentsToAcquirePropertyPlantAndEquipment,2025-01-01,2025-03-31,55474000,10-Q,2025-05-07,2025,Q1
DKL,PaymentsToAcquirePropertyPlantAndEquipment,2026-01-01,2026-03-31,48522000,10-Q,2026-04-29,2026,Q1
DLB,PaymentsToAcquirePropertyPlantAndEquipment,2009-09-26,2009-12-25,10619000,10-Q,2011-02-09,2011,Q1
DLB,PaymentsToAcquirePropertyPlantAndEquipment,2010-09-25,2010-12-31,9646000,10-Q,2011-02-09,2011,Q1
DLB,PaymentsToAcquirePropertyPlantAndEquipment,2011-10-01,2011-12-30,12566000,10-Q,2012-02-03,2012,Q1
DLB,PaymentsToAcquirePropertyPlantAndEquipment,2012-09-29,2012-12-28,6717000,10-Q,2013-02-06,2013,Q1
DLB,PaymentsToAcquirePropertyPlantAndEquipment,2013-09-28,2013-12-27,8967000,10-Q,2014-01-29,2014,Q1
DLB,PaymentsToAcquirePropertyPlantAndEquipment,2014-09-27,2014-12-26,21661000,10-Q,2015-01-30,2015,Q1
DLB,PaymentsToAcquirePropertyPlantAndEquipment,2015-09-26,2016-01-01,24368000,10-Q,2016-02-05,2016,Q1
DLB,PaymentsToAcquirePropertyPlantAndEquipment,2016-10-01,2016-12-30,22576000,10-Q,2017-02-02,2017,Q1
DLB,PaymentsToAcquirePropertyPlantAndEquipment,2017-09-30,2017-12-29,19275000,10-Q,2018-01-31,2018,Q1
DLB,PaymentsToAcquirePropertyPlantAndEquipment,2018-09-29,2018-12-28,18539000,10-Q,2019-02-01,2019,Q1
DLB,PaymentsToAcquirePropertyPlantAndEquipment,2019-09-28,2019-12-27,23385000,10-Q,2020-01-29,2020,Q1
DLB,PaymentsToAcquirePropertyPlantAndEquipment,2020-09-26,2020-12-25,15527000,10-Q,2021-01-29,2021,Q1
DLB,PaymentsToAcquirePropertyPlantAndEquipment,2021-09-25,2021-12-31,14452000,10-Q,2022-02-04,2022,Q1
DLB,PaymentsToAcquirePropertyPlantAndEquipment,2022-10-01,2022-12-30,7217000,10-Q,2023-02-02,2023,Q1
DLB,PaymentsToAcquirePropertyPlantAndEquipment,2023-09-30,2023-12-29,6099000,10-Q,2024-02-02,2024,Q1
DLB,PaymentsToAcquirePropertyPlantAndEquipment,2024-09-28,2024-12-27,6779000,10-Q,2025-01-30,2025,Q1
DLB,PaymentsToAcquirePropertyPlantAndEquipment,2025-09-27,2025-12-26,4628000,10-Q,2026-01-29,2026,Q1
DNA,PaymentsToAcquirePropertyPlantAndEquipment,2021-01-01,2021-03-31,21935000,10-Q,2022-05-16,2022,Q1
DNA,PaymentsToAcquirePropertyPlantAndEquipment,2022-01-01,2022-03-31,3580000,10-Q,2022-05-16,2022,Q1
DNA,PaymentsToAcquirePropertyPlantAndEquipment,2023-01-01,2023-03-31,19441000,10-Q,2023-05-10,2023,Q1
DNA,PaymentsToAcquirePropertyPlantAndEquipment,2024-01-01,2024-03-31,6710000,10-Q,2024-05-09,2024,Q1
DNA,PaymentsToAcquirePropertyPlantAndEquipment,2025-01-01,2025-03-31,7622000,10-Q,2025-05-06,2025,Q1
DNA,PaymentsToAcquirePropertyPlantAndEquipment,2026-01-01,2026-03-31,1933000,10-Q,2026-05-07,2026,Q1
DOCU,PaymentsToAcquirePropertyPlantAndEquipment,2017-02-01,2017-04-30,6770000,10-Q,2018-06-08,2019,Q1
DOCU,PaymentsToAcquirePropertyPlantAndEquipment,2018-02-01,2018-04-30,6184000,10-Q,2018-06-08,2019,Q1
DOCU,PaymentsToAcquirePropertyPlantAndEquipment,2019-02-01,2019-04-30,15237000,10-Q,2019-06-07,2020,Q1
DOCU,PaymentsToAcquirePropertyPlantAndEquipment,2020-02-01,2020-04-30,26389000,10-Q,2020-06-05,2021,Q1
DOCU,PaymentsToAcquirePropertyPlantAndEquipment,2021-02-01,2021-04-30,12596000,10-Q,2021-06-04,2022,Q1
DOCU,PaymentsToAcquirePropertyPlantAndEquipment,2022-02-01,2022-04-30,21709000,10-Q,2022-06-09,2023,Q1
DOCU,PaymentsToAcquirePropertyPlantAndEquipment,2023-02-01,2023-04-30,19057000,10-Q,2023-06-08,2024,Q1
DOCU,PaymentsToAcquirePropertyPlantAndEquipment,2024-02-01,2024-04-30,22753000,10-Q,2024-06-07,2025,Q1
DOCU,PaymentsToAcquirePropertyPlantAndEquipment,2025-02-01,2025-04-30,23624000,10-Q,2025-06-06,2026,Q1
DOCU,PaymentsToAcquirePropertyPlantAndEquipment,2026-02-01,2026-04-30,32253000,10-Q,2026-06-05,2027,Q1
DOV,PaymentsToAcquirePropertyPlantAndEquipment,2009-01-01,2009-03-31,31475000,10-Q,2010-04-23,2010,Q1
DOV,PaymentsToAcquirePropertyPlantAndEquipment,2010-01-01,2010-03-31,39336000,10-Q,2010-04-23,2010,Q1
DOV,PaymentsToAcquirePropertyPlantAndEquipment,2011-01-01,2011-03-31,52650000,10-Q,2011-04-21,2011,Q1
DOV,PaymentsToAcquirePropertyPlantAndEquipment,2012-01-01,2012-03-31,71429000,10-Q,2012-04-18,2012,Q1
DOV,PaymentsToAcquirePropertyPlantAndEquipment,2013-01-01,2013-03-31,47153000,10-Q,2013-04-17,2013,Q1
DOV,PaymentsToAcquirePropertyPlantAndEquipment,2014-01-01,2014-03-31,33402000,10-Q,2014-04-17,2014,Q1
DOV,PaymentsToAcquirePropertyPlantAndEquipment,2015-01-01,2015-03-31,27956000,10-Q,2015-04-21,2015,Q1
DOV,PaymentsToAcquirePropertyPlantAndEquipment,2016-01-01,2016-03-31,37230000,10-Q,2016-04-21,2016,Q1
DOV,PaymentsToAcquirePropertyPlantAndEquipment,2017-01-01,2017-03-31,42259000,10-Q,2017-04-20,2017,Q1
DOV,PaymentsToAcquirePropertyPlantAndEquipment,2018-01-01,2018-03-31,58361000,10-Q,2018-04-27,2018,Q1
DOV,PaymentsToAcquirePropertyPlantAndEquipment,2019-01-01,2019-03-31,37122000,10-Q,2019-04-18,2018,Q1
DOV,PaymentsToAcquirePropertyPlantAndEquipment,2020-01-01,2020-03-31,40172000,10-Q,2020-04-21,2020,Q1
DOV,PaymentsToAcquirePropertyPlantAndEquipment,2021-01-01,2021-03-31,31260000,10-Q,2021-04-20,2021,Q1
DOV,PaymentsToAcquirePropertyPlantAndEquipment,2022-01-01,2022-03-31,50381000,10-Q,2022-04-21,2022,Q1
DOV,PaymentsToAcquirePropertyPlantAndEquipment,2023-01-01,2023-03-31,48375000,10-Q,2023-04-26,2023,Q1
DOV,PaymentsToAcquirePropertyPlantAndEquipment,2024-01-01,2024-03-31,44475000,10-Q,2024-04-25,2024,Q1
DOV,PaymentsToAcquirePropertyPlantAndEquipment,2025-01-01,2025-03-31,48192000,10-Q,2025-04-24,2025,Q1
DOV,PaymentsToAcquirePropertyPlantAndEquipment,2026-01-01,2026-03-31,59808000,10-Q,2026-04-23,2026,Q1
DRS,PaymentsToAcquirePropertyPlantAndEquipment,2020-01-01,2020-03-31,13000000,10-Q/A,2021-06-15,2021,Q1
DRS,PaymentsToAcquirePropertyPlantAndEquipment,2021-01-01,2021-03-31,13000000,10-Q/A,2021-06-15,2021,Q1
DRS,PaymentsToAcquirePropertyPlantAndEquipment,2022-01-01,2022-03-31,13000000,10-Q,2022-05-16,2022,Q1
DRS,PaymentsToAcquirePropertyPlantAndEquipment,2023-01-01,2023-03-31,15000000,10-Q,2023-05-04,2023,Q1
DRS,PaymentsToAcquirePropertyPlantAndEquipment,2024-01-01,2024-03-31,10000000,10-Q,2024-05-01,2024,Q1
DRS,PaymentsToAcquirePropertyPlantAndEquipment,2025-01-01,2025-03-31,32000000,10-Q,2025-05-01,2025,Q1
DRS,PaymentsToAcquirePropertyPlantAndEquipment,2026-01-01,2026-03-31,30000000,10-Q,2026-05-05,2026,Q1
DT,PaymentsToAcquirePropertyPlantAndEquipment,2018-04-01,2018-06-30,1559000,10-Q,2019-09-05,2020,Q1
DT,PaymentsToAcquirePropertyPlantAndEquipment,2019-04-01,2019-06-30,4151000,10-Q,2019-09-05,2020,Q1
DT,PaymentsToAcquirePropertyPlantAndEquipment,2020-04-01,2020-06-30,4418000,10-Q,2020-07-30,2021,Q1
DT,PaymentsToAcquirePropertyPlantAndEquipment,2021-04-01,2021-06-30,2954000,10-Q,2021-07-28,2022,Q1
DT,PaymentsToAcquirePropertyPlantAndEquipment,2022-04-01,2022-06-30,6906000,10-Q,2022-08-03,2023,Q1
DT,PaymentsToAcquirePropertyPlantAndEquipment,2023-04-01,2023-06-30,10267000,10-Q,2023-08-02,2024,Q1
DT,PaymentsToAcquirePropertyPlantAndEquipment,2024-04-01,2024-06-30,3359000,10-Q,2024-08-07,2025,Q1
DT,PaymentsToAcquirePropertyPlantAndEquipment,2025-04-01,2025-06-30,7482000,10-Q,2025-08-06,2026,Q1
DT,PaymentsToAcquirePropertyPlantAndEquipment,2026-04-01,2026-06-30,3151000,10-Q,2026-08-05,2027,Q1
DTM,PaymentsToAcquirePropertyPlantAndEquipment,2021-01-01,2021-03-31,27000000,10-Q,2022-05-05,2022,Q1
DTM,PaymentsToAcquirePropertyPlantAndEquipment,2022-01-01,2022-03-31,20000000,10-Q,2022-05-05,2022,Q1
DTM,PaymentsToAcquirePropertyPlantAndEquipment,2023-01-01,2023-03-31,228000000,10-Q,2023-05-02,2023,Q1
DTM,PaymentsToAcquirePropertyPlantAndEquipment,2024-01-01,2024-03-31,98000000,10-Q,2024-04-30,2024,Q1
DTM,PaymentsToAcquirePropertyPlantAndEquipment,2025-01-01,2025-03-31,71000000,10-Q,2025-04-30,2025,Q1
DTM,PaymentsToAcquirePropertyPlantAndEquipment,2026-01-01,2026-03-31,78000000,10-Q,2026-04-30,2026,Q1
DV,PaymentsToAcquirePropertyPlantAndEquipment,2020-01-01,2020-03-31,3049000,10-Q,2021-05-26,2021,Q1
DV,PaymentsToAcquirePropertyPlantAndEquipment,2021-01-01,2021-03-31,1915000,10-Q,2021-05-26,2021,Q1
DV,PaymentsToAcquirePropertyPlantAndEquipment,2022-01-01,2022-03-31,4759000,10-Q,2022-05-10,2022,Q1
DV,PaymentsToAcquirePropertyPlantAndEquipment,2023-01-01,2023-03-31,4099000,10-Q,2023-05-10,2023,Q1
DV,PaymentsToAcquirePropertyPlantAndEquipment,2024-01-01,2024-03-31,6393000,10-Q,2024-05-07,2024,Q1
DV,PaymentsToAcquirePropertyPlantAndEquipment,2025-01-01,2025-03-31,6286000,10-Q,2025-05-08,2025,Q1
DV,PaymentsToAcquirePropertyPlantAndEquipment,2026-01-01,2026-03-31,10543000,10-Q,2026-05-06,2026,Q1
DWAY,PaymentsToAcquirePropertyPlantAndEquipment,2010-10-01,2010-12-31,6357,10-Q,2012-02-16,2012,Q1
DWAY,PaymentsToAcquirePropertyPlantAndEquipment,2011-10-01,2011-12-31,594,10-Q,2012-02-16,2012,Q1
DWAY,PaymentsToAcquirePropertyPlantAndEquipment,2012-10-01,2012-12-31,9183,10-Q,2013-02-13,2013,Q1
DWAY,PaymentsToAcquirePropertyPlantAndEquipment,2013-10-01,2013-12-31,2437,10-Q,2014-02-13,2014,Q1
DWAY,PaymentsToAcquirePropertyPlantAndEquipment,2014-10-01,2014-12-31,18447,10-Q,2016-12-22,2016,Q1
DWAY,PaymentsToAcquirePropertyPlantAndEquipment,2015-10-01,2015-12-31,39376,10-Q,2016-12-22,2016,Q1
DWAY,PaymentsToAcquirePropertyPlantAndEquipment,2017-10-01,2017-12-31,34492,10-Q,2018-02-15,2018,Q1
DWAY,PaymentsToAcquirePropertyPlantAndEquipment,2018-10-01,2018-12-31,122576,10-Q,2019-11-22,2019,Q1
DWAY,PaymentsToAcquirePropertyPlantAndEquipment,2020-10-01,2020-12-31,169,10-Q,2021-03-17,2021,Q1
DWAY,PaymentsToAcquirePropertyPlantAndEquipment,2021-10-01,2021-12-31,634,10-Q,2022-02-22,2022,Q1
DWAY,PaymentsToAcquirePropertyPlantAndEquipment,2022-10-01,2022-12-31,67039,10-Q,2023-02-21,2023,Q1
DWAY,PaymentsToAcquirePropertyPlantAndEquipment,2023-10-01,2023-12-31,0,10-Q,2024-03-08,2024,Q1
DXC,PaymentsToAcquirePropertyPlantAndEquipment,2016-04-02,2016-07-01,58000000,10-Q,2017-08-09,2018,Q1
DXC,PaymentsToAcquirePropertyPlantAndEquipment,2017-04-01,2017-06-30,69000000,10-Q,2017-08-09,2018,Q1
DXC,PaymentsToAcquirePropertyPlantAndEquipment,2018-04-01,2018-06-30,79000000,10-Q,2018-08-08,2019,Q1
DXC,PaymentsToAcquirePropertyPlantAndEquipment,2019-04-01,2019-06-30,105000000,10-Q,2019-08-09,2020,Q1
DXC,PaymentsToAcquirePropertyPlantAndEquipment,2020-04-01,2020-06-30,95000000,10-Q,2020-08-07,2021,Q1
DXC,PaymentsToAcquirePropertyPlantAndEquipment,2021-04-01,2021-06-30,98000000,10-Q,2021-08-05,2022,Q1
DXC,PaymentsToAcquirePropertyPlantAndEquipment,2022-04-01,2022-06-30,68000000,10-Q,2022-08-04,2023,Q1
DXC,PaymentsToAcquirePropertyPlantAndEquipment,2023-04-01,2023-06-30,55000000,10-Q,2023-08-03,2024,Q1
DXC,PaymentsToAcquirePropertyPlantAndEquipment,2024-04-01,2024-06-30,48000000,10-Q,2024-08-09,2025,Q1
DXC,PaymentsToAcquirePropertyPlantAndEquipment,2025-04-01,2025-06-30,43000000,10-Q,2025-08-01,2026,Q1
DXC,PaymentsToAcquirePropertyPlantAndEquipment,2026-04-01,2026-06-30,59000000,10-Q,2026-07-31,2027,Q1
EAF,PaymentsToAcquirePropertyPlantAndEquipment,2009-01-01,2009-03-31,12637000,10-Q,2010-04-29,2010,Q1
EAF,PaymentsToAcquirePropertyPlantAndEquipment,2010-01-01,2010-03-31,10764000,10-Q,2010-04-29,2010,Q1
EAF,PaymentsToAcquirePropertyPlantAndEquipment,2011-01-01,2011-03-31,23760000,10-Q,2011-04-27,2011,Q1
EAF,PaymentsToAcquirePropertyPlantAndEquipment,2012-01-01,2012-03-31,31424000,10-Q,2012-04-26,2012,Q1
EAF,PaymentsToAcquirePropertyPlantAndEquipment,2013-01-01,2013-03-31,13156000,10-Q,2013-04-25,2013,Q1
EAF,PaymentsToAcquirePropertyPlantAndEquipment,2014-01-01,2014-03-31,21728000,10-Q,2014-04-25,2014,Q1
EAF,PaymentsToAcquirePropertyPlantAndEquipment,2015-01-01,2015-03-31,13601000,10-Q,2015-05-01,2015,Q1
EAF,PaymentsToAcquirePropertyPlantAndEquipment,2016-01-01,2016-03-31,8414000,10-Q,2017-04-27,2017,Q1
EAF,PaymentsToAcquirePropertyPlantAndEquipment,2017-01-01,2017-03-31,7996000,10-Q,2017-04-27,2017,Q1
EAF,PaymentsToAcquirePropertyPlantAndEquipment,2018-01-01,2018-03-31,14025000,10-Q,2018-05-07,2018,Q1
EAF,PaymentsToAcquirePropertyPlantAndEquipment,2019-01-01,2019-03-31,14569000,10-Q,2019-05-01,2019,Q1
EAF,PaymentsToAcquirePropertyPlantAndEquipment,2020-01-01,2020-03-31,13901000,10-Q,2020-05-06,2020,Q1
EAF,PaymentsToAcquirePropertyPlantAndEquipment,2021-01-01,2021-03-31,14174000,10-Q,2021-05-05,2021,Q1
EAF,PaymentsToAcquirePropertyPlantAndEquipment,2022-01-01,2022-03-31,16855000,10-Q,2022-05-06,2022,Q1
EAF,PaymentsToAcquirePropertyPlantAndEquipment,2023-01-01,2023-03-31,25271000,10-Q,2023-04-28,2023,Q1
EAF,PaymentsToAcquirePropertyPlantAndEquipment,2024-01-01,2024-03-31,10511000,10-Q,2024-04-26,2024,Q1
EAF,PaymentsToAcquirePropertyPlantAndEquipment,2025-01-01,2025-03-31,10281000,10-Q,2025-04-25,2025,Q1
EAF,PaymentsToAcquirePropertyPlantAndEquipment,2026-01-01,2026-03-31,12145000,10-Q,2026-05-01,2026,Q1
EAT,PaymentsToAcquirePropertyPlantAndEquipment,2010-07-01,2010-09-29,15628000,10-Q,2011-11-07,2012,Q1
EAT,PaymentsToAcquirePropertyPlantAndEquipment,2011-06-30,2011-09-28,27662000,10-Q,2011-11-07,2012,Q1
EAT,PaymentsToAcquirePropertyPlantAndEquipment,2012-06-28,2012-09-26,37001000,10-Q,2012-11-05,2013,Q1
EAT,PaymentsToAcquirePropertyPlantAndEquipment,2013-06-27,2013-09-25,29844000,10-Q,2013-11-04,2014,Q1
EAT,PaymentsToAcquirePropertyPlantAndEquipment,2014-06-26,2014-09-24,40183000,10-Q,2014-11-03,2015,Q1
EAT,PaymentsToAcquirePropertyPlantAndEquipment,2015-06-25,2015-09-23,23731000,10-Q,2015-11-03,2016,Q1
EAT,PaymentsToAcquirePropertyPlantAndEquipment,2016-06-30,2016-09-28,27111000,10-Q,2016-11-03,2017,Q1
EAT,PaymentsToAcquirePropertyPlantAndEquipment,2017-06-29,2017-09-27,22460000,10-Q,2017-11-03,2018,Q1
EAT,PaymentsToAcquirePropertyPlantAndEquipment,2018-06-28,2018-09-26,31200000,10-Q,2018-11-02,2019,Q1
EAT,PaymentsToAcquirePropertyPlantAndEquipment,2019-06-27,2019-09-25,20500000,10-Q,2019-10-30,2020,Q1
EAT,PaymentsToAcquirePropertyPlantAndEquipment,2020-06-25,2020-09-23,13600000,10-Q,2020-10-28,2021,Q1
EAT,PaymentsToAcquirePropertyPlantAndEquipment,2021-07-01,2021-09-29,37300000,10-Q,2021-11-03,2022,Q1
EAT,PaymentsToAcquirePropertyPlantAndEquipment,2022-06-30,2022-09-28,46700000,10-Q,2022-11-02,2023,Q1
EAT,PaymentsToAcquirePropertyPlantAndEquipment,2023-06-29,2023-09-27,46900000,10-Q,2023-11-01,2024,Q1
EAT,PaymentsToAcquirePropertyPlantAndEquipment,2024-06-27,2024-09-25,56500000,10-Q,2024-10-30,2025,Q1
EAT,PaymentsToAcquirePropertyPlantAndEquipment,2025-06-26,2025-09-24,58600000,10-Q,2025-10-29,2026,Q1
EBS,PaymentsToAcquirePropertyPlantAndEquipment,2011-01-01,2011-03-31,8432000,10-Q,2012-05-04,2012,Q1
EBS,PaymentsToAcquirePropertyPlantAndEquipment,2012-01-01,2012-03-31,22329000,10-Q,2012-05-04,2012,Q1
EBS,PaymentsToAcquirePropertyPlantAndEquipment,2013-01-01,2013-03-31,7679000,10-Q,2013-05-03,2013,Q1
EBS,PaymentsToAcquirePropertyPlantAndEquipment,2014-01-01,2014-03-31,4590000,10-Q,2014-05-12,2014,Q1
EBS,PaymentsToAcquirePropertyPlantAndEquipment,2015-01-01,2015-03-31,9082000,10-Q,2015-05-08,2015,Q1
EBS,PaymentsToAcquirePropertyPlantAndEquipment,2016-01-01,2016-03-31,18214000,10-Q,2016-05-06,2016,Q1
EBS,PaymentsToAcquirePropertyPlantAndEquipment,2017-01-01,2017-03-31,20304000,10-Q,2017-05-05,2017,Q1
EBS,PaymentsToAcquirePropertyPlantAndEquipment,2018-01-01,2018-03-31,11615000,10-Q,2018-05-04,2018,Q1
EBS,PaymentsToAcquirePropertyPlantAndEquipment,2019-01-01,2019-03-31,21400000,10-Q,2019-05-08,2019,Q1
EBS,PaymentsToAcquirePropertyPlantAndEquipment,2020-01-01,2020-03-31,24200000,10-Q,2020-05-01,2020,Q1
EBS,PaymentsToAcquirePropertyPlantAndEquipment,2021-01-01,2021-03-31,56100000,10-Q,2021-04-30,2021,Q1
EBS,PaymentsToAcquirePropertyPlantAndEquipment,2022-01-01,2022-03-31,32200000,10-Q,2022-04-29,2022,Q1
EBS,PaymentsToAcquirePropertyPlantAndEquipment,2023-01-01,2023-03-31,15100000,10-Q,2023-05-10,2023,Q1
EBS,PaymentsToAcquirePropertyPlantAndEquipment,2024-01-01,2024-03-31,10800000,10-Q,2024-05-02,2024,Q1
EBS,PaymentsToAcquirePropertyPlantAndEquipment,2025-01-01,2025-03-31,3600000,10-Q,2025-05-08,2025,Q1
EBS,PaymentsToAcquirePropertyPlantAndEquipment,2026-01-01,2026-03-31,2400000,10-Q,2026-05-01,2026,Q1
ECHO,PaymentsToAcquirePropertyPlantAndEquipment,2010-01-01,2010-03-31,32492000,10-Q,2011-05-02,2011,Q1
ECHO,PaymentsToAcquirePropertyPlantAndEquipment,2011-01-01,2011-03-31,39140000,10-Q,2011-05-02,2011,Q1
ECHO,PaymentsToAcquirePropertyPlantAndEquipment,2012-01-01,2012-03-31,114007000,10-Q,2012-05-07,2012,Q1
ECHO,PaymentsToAcquirePropertyPlantAndEquipment,2012-04-01,2012-06-30,163716000,10-Q,2013-08-06,2013,Q2
ECHO,PaymentsToAcquirePropertyPlantAndEquipment,2012-07-01,2012-09-30,93662000,10-Q,2013-11-12,2013,Q3
ECHO,PaymentsToAcquirePropertyPlantAndEquipment,2013-01-01,2013-03-31,72620000,10-Q,2013-05-09,2013,Q1
ECHO,PaymentsToAcquirePropertyPlantAndEquipment,2013-04-01,2013-06-30,85652000,10-Q,2013-08-06,2013,Q2
ECHO,PaymentsToAcquirePropertyPlantAndEquipment,2013-07-01,2013-09-30,106571000,10-Q,2013-11-12,2013,Q3
ECHO,PaymentsToAcquirePropertyPlantAndEquipment,2014-01-01,2014-03-31,113625000,10-Q,2014-05-09,2014,Q1
ECHO,PaymentsToAcquirePropertyPlantAndEquipment,2014-04-01,2014-06-30,156092000,10-Q,2014-08-07,2014,Q2
ECHO,PaymentsToAcquirePropertyPlantAndEquipment,2014-07-01,2014-09-30,164711000,10-Q,2014-11-06,2014,Q3
ECHO,PaymentsToAcquirePropertyPlantAndEquipment,2015-01-01,2015-03-31,177802000,10-Q,2015-05-07,2015,Q1
ECHO,PaymentsToAcquirePropertyPlantAndEquipment,2015-04-01,2015-06-30,179108000,10-Q,2015-08-06,2015,Q2
ECHO,PaymentsToAcquirePropertyPlantAndEquipment,2016-01-01,2016-03-31,235223000,10-Q,2016-05-10,2016,Q1
ECHO,PaymentsToAcquirePropertyPlantAndEquipment,2017-01-01,2017-03-31,102463000,10-Q,2017-05-10,2017,Q1
ECHO,PaymentsToAcquirePropertyPlantAndEquipment,2018-01-01,2018-03-31,128506000,10-Q,2018-05-10,2018,Q1
ECHO,PaymentsToAcquirePropertyPlantAndEquipment,2019-01-01,2019-03-31,111962000,10-Q,2019-05-08,2019,Q1
ECHO,PaymentsToAcquirePropertyPlantAndEquipment,2020-01-01,2020-03-31,104604000,10-Q,2020-05-07,2020,Q1
ECHO,PaymentsToAcquirePropertyPlantAndEquipment,2021-01-01,2021-03-31,179235000,10-Q,2021-05-06,2021,Q1
ECHO,PaymentsToAcquirePropertyPlantAndEquipment,2022-01-01,2022-03-31,112138000,10-Q,2022-05-05,2022,Q1
ECHO,PaymentsToAcquirePropertyPlantAndEquipment,2023-01-01,2023-03-31,59071000,10-Q,2023-05-09,2023,Q1
ECHO,PaymentsToAcquirePropertyPlantAndEquipment,2024-01-01,2024-03-31,519612000,10-Q,2024-05-08,2024,Q1
ECHO,PaymentsToAcquirePropertyPlantAndEquipment,2025-01-01,2025-03-31,258427000,10-Q,2025-05-09,2025,Q1
ECHO,PaymentsToAcquirePropertyPlantAndEquipment,2026-01-01,2026-03-31,133435000,10-Q,2026-05-11,2026,Q1
ECL,PaymentsToAcquirePropertyPlantAndEquipment,2009-01-01,2009-03-31,51200000,10-Q,2010-05-06,2010,Q1
ECL,PaymentsToAcquirePropertyPlantAndEquipment,2010-01-01,2010-03-31,51000000,10-Q,2010-05-06,2010,Q1
ECL,PaymentsToAcquirePropertyPlantAndEquipment,2011-01-01,2011-03-31,65800000,10-Q,2011-05-05,2011,Q1
ECL,PaymentsToAcquirePropertyPlantAndEquipment,2012-01-01,2012-03-31,124200000,10-Q,2012-05-03,2012,Q1
ECL,PaymentsToAcquirePropertyPlantAndEquipment,2013-01-01,2013-03-31,129200000,10-Q,2013-05-02,2013,Q1
ECL,PaymentsToAcquirePropertyPlantAndEquipment,2014-01-01,2014-03-31,142200000,10-Q,2014-05-08,2014,Q1
ECL,PaymentsToAcquirePropertyPlantAndEquipment,2015-01-01,2015-03-31,166800000,10-Q,2015-05-07,2015,Q1
ECL,PaymentsToAcquirePropertyPlantAndEquipment,2016-01-01,2016-03-31,140100000,10-Q,2016-05-05,2016,Q1
ECL,PaymentsToAcquirePropertyPlantAndEquipment,2017-01-01,2017-03-31,152000000,10-Q,2017-05-04,2017,Q1
ECL,PaymentsToAcquirePropertyPlantAndEquipment,2018-01-01,2018-03-31,203300000,10-Q,2018-05-03,2018,Q1
ECL,PaymentsToAcquirePropertyPlantAndEquipment,2019-01-01,2019-03-31,187000000,10-Q,2019-05-02,2019,Q1
ECL,PaymentsToAcquirePropertyPlantAndEquipment,2020-01-01,2020-03-31,160700000,10-Q,2020-05-07,2020,Q1
ECL,PaymentsToAcquirePropertyPlantAndEquipment,2021-01-01,2021-03-31,102100000,10-Q,2021-05-06,2021,Q1
ECL,PaymentsToAcquirePropertyPlantAndEquipment,2022-01-01,2022-03-31,148700000,10-Q,2022-05-05,2022,Q1
ECL,PaymentsToAcquirePropertyPlantAndEquipment,2023-01-01,2023-03-31,173700000,10-Q,2023-05-04,2023,Q1
ECL,PaymentsToAcquirePropertyPlantAndEquipment,2024-01-01,2024-03-31,201500000,10-Q,2024-05-02,2024,Q1
ECL,PaymentsToAcquirePropertyPlantAndEquipment,2025-01-01,2025-03-31,237900000,10-Q,2025-05-08,2025,Q1
ECL,PaymentsToAcquirePropertyPlantAndEquipment,2026-01-01,2026-03-31,348500000,10-Q,2026-05-07,2026,Q1
ECVT,PaymentsToAcquirePropertyPlantAndEquipment,2017-01-01,2017-03-31,32449000,10-Q,2018-05-11,2018,Q1
ECVT,PaymentsToAcquirePropertyPlantAndEquipment,2018-01-01,2018-03-31,33344000,10-Q,2018-05-11,2018,Q1
ECVT,PaymentsToAcquirePropertyPlantAndEquipment,2019-01-01,2019-03-31,33627000,10-Q,2019-05-10,2019,Q1
ECVT,PaymentsToAcquirePropertyPlantAndEquipment,2020-01-01,2020-03-31,28105000,10-Q,2020-05-11,2020,Q1
ECVT,PaymentsToAcquirePropertyPlantAndEquipment,2021-01-01,2021-03-31,12563000,10-Q,2021-05-17,2021,Q1
ECVT,PaymentsToAcquirePropertyPlantAndEquipment,2022-01-01,2022-03-31,10750000,10-Q,2022-05-03,2022,Q1
ECVT,PaymentsToAcquirePropertyPlantAndEquipment,2023-01-01,2023-03-31,18698000,10-Q,2023-05-05,2023,Q1
ECVT,PaymentsToAcquirePropertyPlantAndEquipment,2024-01-01,2024-03-31,17372000,10-Q,2024-05-03,2024,Q1
ECVT,PaymentsToAcquirePropertyPlantAndEquipment,2025-01-01,2025-03-31,24253000,10-Q,2025-05-02,2025,Q1
ECVT,PaymentsToAcquirePropertyPlantAndEquipment,2026-01-01,2026-03-31,14137000,10-Q,2026-05-05,2026,Q1
ED,PaymentsToAcquirePropertyPlantAndEquipment,2010-01-01,2010-03-31,1000000,10-Q,2011-05-05,2011,Q1
ED,PaymentsToAcquirePropertyPlantAndEquipment,2011-01-01,2011-03-31,23000000,10-Q,2011-05-05,2011,Q1
ED,PaymentsToAcquirePropertyPlantAndEquipment,2012-01-01,2012-03-31,9000000,10-Q,2012-05-03,2012,Q1
ED,PaymentsToAcquirePropertyPlantAndEquipment,2013-01-01,2013-03-31,91000000,10-Q,2013-05-02,2013,Q1
ED,PaymentsToAcquirePropertyPlantAndEquipment,2014-01-01,2014-03-31,61000000,10-Q,2014-05-08,2014,Q1
ED,PaymentsToAcquirePropertyPlantAndEquipment,2015-01-01,2015-03-31,42000000,10-Q,2015-05-07,2015,Q1
ED,PaymentsToAcquirePropertyPlantAndEquipment,2016-01-01,2016-03-31,210000000,10-Q,2016-05-06,2016,Q1
ED,PaymentsToAcquirePropertyPlantAndEquipment,2017-01-01,2017-03-31,113000000,10-Q,2017-05-04,2017,Q1
ED,PaymentsToAcquirePropertyPlantAndEquipment,2018-01-01,2018-03-31,35000000,10-Q,2018-05-03,2018,Q1
ED,PaymentsToAcquirePropertyPlantAndEquipment,2019-01-01,2019-03-31,48000000,10-Q,2019-05-02,2019,Q1
EGAN,PaymentsToAcquirePropertyPlantAndEquipment,2010-07-01,2010-09-30,229000,10-Q,2011-11-14,2012,Q1
EGAN,PaymentsToAcquirePropertyPlantAndEquipment,2011-07-01,2011-09-30,511000,10-Q,2011-11-14,2012,Q1
EGAN,PaymentsToAcquirePropertyPlantAndEquipment,2012-07-01,2012-09-30,162000,10-Q,2012-11-14,2013,Q1
EGAN,PaymentsToAcquirePropertyPlantAndEquipment,2013-07-01,2013-09-30,608000,10-Q,2013-11-08,2014,Q1
EGAN,PaymentsToAcquirePropertyPlantAndEquipment,2014-07-01,2014-09-30,71000,10-Q,2014-11-10,2015,Q1
EGAN,PaymentsToAcquirePropertyPlantAndEquipment,2015-07-01,2015-09-30,69000,10-Q,2015-11-06,2016,Q1
EGAN,PaymentsToAcquirePropertyPlantAndEquipment,2016-07-01,2016-09-30,42000,10-Q,2016-11-09,2017,Q1
EGAN,PaymentsToAcquirePropertyPlantAndEquipment,2017-07-01,2017-09-30,32000,10-Q,2017-11-13,2018,Q1
EGAN,PaymentsToAcquirePropertyPlantAndEquipment,2018-07-01,2018-09-30,139000,10-Q,2018-11-09,2019,Q1
EGAN,PaymentsToAcquirePropertyPlantAndEquipment,2019-07-01,2019-09-30,70000,10-Q,2019-11-12,2020,Q1
EGAN,PaymentsToAcquirePropertyPlantAndEquipment,2020-07-01,2020-09-30,79000,10-Q,2020-11-12,2021,Q1
EGAN,PaymentsToAcquirePropertyPlantAndEquipment,2021-07-01,2021-09-30,131000,10-Q,2021-11-12,2022,Q1
EGAN,PaymentsToAcquirePropertyPlantAndEquipment,2022-07-01,2022-09-30,120000,10-Q,2022-11-14,2023,Q1
EGAN,PaymentsToAcquirePropertyPlantAndEquipment,2023-07-01,2023-09-30,32000,10-Q,2023-11-07,2024,Q1
EGAN,PaymentsToAcquirePropertyPlantAndEquipment,2024-07-01,2024-09-30,109000,10-Q,2024-11-12,2025,Q1
EGAN,PaymentsToAcquirePropertyPlantAndEquipment,2025-07-01,2025-09-30,224000,10-Q,2025-11-12,2026,Q1
EGHT,PaymentsToAcquirePropertyPlantAndEquipment,2010-04-01,2010-06-30,-629000,10-Q,2011-07-22,2011,Q1
EGHT,PaymentsToAcquirePropertyPlantAndEquipment,2011-04-01,2011-06-30,-185000,10-Q,2011-07-22,2011,Q1
EGHT,PaymentsToAcquirePropertyPlantAndEquipment,2012-04-01,2012-06-30,1048000,10-Q,2012-07-24,2012,Q1
EGHT,PaymentsToAcquirePropertyPlantAndEquipment,2013-04-01,2013-06-30,466000,10-Q,2013-07-26,2013,Q1
EGHT,PaymentsToAcquirePropertyPlantAndEquipment,2014-04-01,2014-06-30,1026000,10-Q,2014-07-25,2015,Q1
EGHT,PaymentsToAcquirePropertyPlantAndEquipment,2015-04-01,2015-06-30,1073000,10-Q,2015-08-03,2016,Q1
EGHT,PaymentsToAcquirePropertyPlantAndEquipment,2016-04-01,2016-06-30,1604000,10-Q,2016-07-29,2017,Q1
EGHT,PaymentsToAcquirePropertyPlantAndEquipment,2017-04-01,2017-06-30,2293000,10-Q,2017-08-03,2018,Q1
EGHT,PaymentsToAcquirePropertyPlantAndEquipment,2018-04-01,2018-06-30,1223000,10-Q,2018-08-03,2019,Q1
EGHT,PaymentsToAcquirePropertyPlantAndEquipment,2019-04-01,2019-06-30,1984000,10-Q,2019-07-31,2020,Q1
EGHT,PaymentsToAcquirePropertyPlantAndEquipment,2020-04-01,2020-06-30,2453000,10-Q,2020-08-04,2021,Q1
EGHT,PaymentsToAcquirePropertyPlantAndEquipment,2021-04-01,2021-06-30,878000,10-Q,2021-08-05,2022,Q1
EGHT,PaymentsToAcquirePropertyPlantAndEquipment,2022-04-01,2022-06-30,971000,10-Q,2022-08-01,2023,Q1
EGHT,PaymentsToAcquirePropertyPlantAndEquipment,2023-04-01,2023-06-30,186000,10-Q,2023-08-08,2024,Q1
EGHT,PaymentsToAcquirePropertyPlantAndEquipment,2024-04-01,2024-06-30,382000,10-Q,2024-08-08,2025,Q1
EGHT,PaymentsToAcquirePropertyPlantAndEquipment,2025-04-01,2025-06-30,377000,10-Q,2025-08-06,2026,Q1
EGHT,PaymentsToAcquirePropertyPlantAndEquipment,2026-04-01,2026-06-30,694000,10-Q,2026-08-05,2027,Q1
EMR,PaymentsToAcquirePropertyPlantAndEquipment,2008-10-01,2008-12-31,132000000,10-Q,2010-02-03,2010,Q1
EMR,PaymentsToAcquirePropertyPlantAndEquipment,2009-10-01,2009-12-31,89000000,10-Q,2010-02-03,2010,Q1
EMR,PaymentsToAcquirePropertyPlantAndEquipment,2010-10-01,2010-12-31,82000000,10-Q,2011-02-02,2011,Q1
EMR,PaymentsToAcquirePropertyPlantAndEquipment,2011-10-01,2011-12-31,130000000,10-Q,2012-02-08,2012,Q1
EMR,PaymentsToAcquirePropertyPlantAndEquipment,2012-10-01,2012-12-31,115000000,10-Q,2013-02-06,2013,Q1
EMR,PaymentsToAcquirePropertyPlantAndEquipment,2013-10-01,2013-12-31,236000000,10-Q,2014-02-05,2014,Q1
EMR,PaymentsToAcquirePropertyPlantAndEquipment,2014-10-01,2014-12-31,207000000,10-Q,2015-02-04,2015,Q1
EMR,PaymentsToAcquirePropertyPlantAndEquipment,2015-10-01,2015-12-31,145000000,10-Q,2016-02-03,2016,Q1
EMR,PaymentsToAcquirePropertyPlantAndEquipment,2016-10-01,2016-12-31,100000000,10-Q,2017-02-08,2017,Q1
EMR,PaymentsToAcquirePropertyPlantAndEquipment,2017-10-01,2017-12-31,96000000,10-Q,2018-02-07,2018,Q1
EMR,PaymentsToAcquirePropertyPlantAndEquipment,2018-10-01,2018-12-31,155000000,10-Q,2019-02-06,2019,Q1
EMR,PaymentsToAcquirePropertyPlantAndEquipment,2019-10-01,2019-12-31,114000000,10-Q,2020-02-05,2020,Q1
EMR,PaymentsToAcquirePropertyPlantAndEquipment,2020-10-01,2020-12-31,122000000,10-Q,2021-02-03,2021,Q1
EMR,PaymentsToAcquirePropertyPlantAndEquipment,2021-10-01,2021-12-31,116000000,10-Q,2022-02-02,2022,Q1
EMR,PaymentsToAcquirePropertyPlantAndEquipment,2022-10-01,2022-12-31,59000000,10-Q,2023-02-08,2023,Q1
EMR,PaymentsToAcquirePropertyPlantAndEquipment,2023-10-01,2023-12-31,77000000,10-Q,2024-02-07,2024,Q1
EMR,PaymentsToAcquirePropertyPlantAndEquipment,2024-10-01,2024-12-31,83000000,10-Q,2025-02-05,2025,Q1
EMR,PaymentsToAcquirePropertyPlantAndEquipment,2025-10-01,2025-12-31,97000000,10-Q,2026-02-03,2026,Q1
ENS,PaymentsToAcquirePropertyPlantAndEquipment,2009-04-01,2009-06-28,9962000,10-Q,2010-08-11,2010,Q1
ENS,PaymentsToAcquirePropertyPlantAndEquipment,2010-04-01,2010-07-04,10871000,10-Q,2010-08-11,2010,Q1
ENS,PaymentsToAcquirePropertyPlantAndEquipment,2011-04-01,2011-07-03,11674000,10-Q,2011-08-10,2011,Q1
ENS,PaymentsToAcquirePropertyPlantAndEquipment,2012-04-01,2012-07-01,16060000,10-Q,2012-08-08,2012,Q1
ENS,PaymentsToAcquirePropertyPlantAndEquipment,2013-04-01,2013-06-30,12828000,10-Q,2013-08-07,2013,Q1
ENS,PaymentsToAcquirePropertyPlantAndEquipment,2014-04-01,2014-06-29,14761000,10-Q,2014-08-06,2015,Q1
ENS,PaymentsToAcquirePropertyPlantAndEquipment,2015-04-01,2015-06-28,19670000,10-Q,2015-08-05,2016,Q1
ENS,PaymentsToAcquirePropertyPlantAndEquipment,2016-04-01,2016-07-03,7487000,10-Q,2016-08-10,2017,Q1
ENS,PaymentsToAcquirePropertyPlantAndEquipment,2017-04-01,2017-07-02,13102000,10-Q,2017-08-09,2018,Q1
ENS,PaymentsToAcquirePropertyPlantAndEquipment,2018-04-01,2018-07-01,15539000,10-Q,2018-08-08,2019,Q1
ENS,PaymentsToAcquirePropertyPlantAndEquipment,2019-04-01,2019-06-30,17315000,10-Q,2019-08-07,2020,Q1
ENS,PaymentsToAcquirePropertyPlantAndEquipment,2020-04-01,2020-07-05,26330000,10-Q,2020-08-12,2021,Q1
ENS,PaymentsToAcquirePropertyPlantAndEquipment,2021-04-01,2021-07-04,16435000,10-Q,2021-08-11,2022,Q1
ENS,PaymentsToAcquirePropertyPlantAndEquipment,2022-04-01,2022-07-03,23014000,10-Q,2022-08-10,2023,Q1
ENS,PaymentsToAcquirePropertyPlantAndEquipment,2023-04-01,2023-07-02,16093000,10-Q,2023-08-09,2024,Q1
ENS,PaymentsToAcquirePropertyPlantAndEquipment,2024-04-01,2024-06-30,36137000,10-Q,2024-08-07,2025,Q1
ENS,PaymentsToAcquirePropertyPlantAndEquipment,2025-04-01,2025-06-29,33019000,10-Q,2025-08-06,2026,Q1
ENS,PaymentsToAcquirePropertyPlantAndEquipment,2026-04-01,2026-07-05,12422000,10-Q,2026-08-12,2027,Q1
EPD,PaymentsToAcquirePropertyPlantAndEquipment,2009-01-01,2009-03-31,513900000,10-Q,2010-05-10,2010,Q1
EPD,PaymentsToAcquirePropertyPlantAndEquipment,2010-01-01,2010-03-31,347800000,10-Q,2010-05-10,2010,Q1
EPD,PaymentsToAcquirePropertyPlantAndEquipment,2011-01-01,2011-03-31,713500000,10-Q,2011-05-10,2011,Q1
EPD,PaymentsToAcquirePropertyPlantAndEquipment,2012-01-01,2012-03-31,973100000,10-Q,2012-05-10,2012,Q1
EPD,PaymentsToAcquirePropertyPlantAndEquipment,2013-01-01,2013-03-31,631600000,10-Q,2013-05-08,2013,Q1
EPD,PaymentsToAcquirePropertyPlantAndEquipment,2014-01-01,2014-03-31,699700000,10-Q,2014-05-09,2014,Q1
EPD,PaymentsToAcquirePropertyPlantAndEquipment,2015-01-01,2015-03-31,812800000,10-Q,2015-05-08,2015,Q1
EPD,PaymentsToAcquirePropertyPlantAndEquipment,2016-01-01,2016-03-31,1007200000,10-Q,2016-05-06,2016,Q1
EPD,PaymentsToAcquirePropertyPlantAndEquipment,2017-01-01,2017-03-31,446000000,10-Q,2017-05-08,2017,Q1
EPD,PaymentsToAcquirePropertyPlantAndEquipment,2018-01-01,2018-03-31,946500000,10-Q,2018-05-09,2018,Q1
EPD,PaymentsToAcquirePropertyPlantAndEquipment,2019-01-01,2019-03-31,1148900000,10-Q,2019-05-08,2019,Q1
EPD,PaymentsToAcquirePropertyPlantAndEquipment,2020-01-01,2020-03-31,1079500000,10-Q,2020-05-08,2020,Q1
EPD,PaymentsToAcquirePropertyPlantAndEquipment,2021-01-01,2021-03-31,679000000,10-Q,2021-05-07,2021,Q1
EPD,PaymentsToAcquirePropertyPlantAndEquipment,2022-01-01,2022-03-31,349000000,10-Q,2022-05-10,2022,Q1
EPD,PaymentsToAcquirePropertyPlantAndEquipment,2023-01-01,2023-03-31,653000000,10-Q,2023-05-10,2023,Q1
EPD,PaymentsToAcquirePropertyPlantAndEquipment,2024-01-01,2024-03-31,1047000000,10-Q,2024-05-09,2024,Q1
EPD,PaymentsToAcquirePropertyPlantAndEquipment,2025-01-01,2025-03-31,1062000000,10-Q,2025-05-07,2025,Q1
EQIX,PaymentsToAcquirePropertyPlantAndEquipment,2011-01-01,2011-03-31,14951000,10-Q,2011-04-29,2011,Q1
EQIX,PaymentsToAcquirePropertyPlantAndEquipment,2012-01-01,2012-03-31,145490000,10-Q,2012-04-27,2012,Q1
EQIX,PaymentsToAcquirePropertyPlantAndEquipment,2013-01-01,2013-03-31,75667000,10-Q,2013-04-26,2013,Q1
EQIX,PaymentsToAcquirePropertyPlantAndEquipment,2014-01-01,2014-03-31,105907000,10-Q,2014-05-02,2014,Q1
EQIX,PaymentsToAcquirePropertyPlantAndEquipment,2015-07-01,2015-09-30,216046000,10-Q,2016-11-04,2016,Q3
EQIX,PaymentsToAcquirePropertyPlantAndEquipment,2016-01-01,2016-03-31,197700000,10-Q,2017-05-05,2017,Q1
EQIX,PaymentsToAcquirePropertyPlantAndEquipment,2016-04-01,2016-06-30,249867000,10-Q,2017-08-04,2017,Q2
EQIX,PaymentsToAcquirePropertyPlantAndEquipment,2016-07-01,2016-09-30,279477000,10-Q,2016-11-04,2016,Q3
EQIX,PaymentsToAcquirePropertyPlantAndEquipment,2017-01-01,2017-03-31,277242000,10-Q,2017-05-05,2017,Q1
EQIX,PaymentsToAcquirePropertyPlantAndEquipment,2017-04-01,2017-06-30,348572000,10-Q,2017-08-04,2017,Q2
EQIX,PaymentsToAcquirePropertyPlantAndEquipment,2017-07-01,2017-09-30,320234000,10-Q,2017-11-03,2017,Q3
EQIX,PaymentsToAcquirePropertyPlantAndEquipment,2018-01-01,2018-03-31,349729000,10-Q,2018-05-04,2018,Q1
EQIX,PaymentsToAcquirePropertyPlantAndEquipment,2018-04-01,2018-06-30,520239000,10-Q,2018-08-08,2018,Q2
EQIX,PaymentsToAcquirePropertyPlantAndEquipment,2018-07-01,2018-09-30,545541000,10-Q,2018-11-02,2018,Q3
ERII,PaymentsToAcquirePropertyPlantAndEquipment,2011-01-01,2011-03-31,339000,10-Q,2012-05-09,2012,Q1
ERII,PaymentsToAcquirePropertyPlantAndEquipment,2012-01-01,2012-03-31,1014000,10-Q,2012-05-09,2012,Q1
ERII,PaymentsToAcquirePropertyPlantAndEquipment,2013-01-01,2013-03-31,384000,10-Q,2013-05-09,2013,Q1
ERII,PaymentsToAcquirePropertyPlantAndEquipment,2014-01-01,2014-03-31,38000,10-Q,2014-05-08,2014,Q1
ERII,PaymentsToAcquirePropertyPlantAndEquipment,2015-01-01,2015-03-31,179000,10-Q,2015-05-07,2015,Q1
ERII,PaymentsToAcquirePropertyPlantAndEquipment,2016-01-01,2016-03-31,152000,10-Q,2016-05-05,2016,Q1
ERII,PaymentsToAcquirePropertyPlantAndEquipment,2017-01-01,2017-03-31,532000,10-Q,2017-05-04,2017,Q1
ERII,PaymentsToAcquirePropertyPlantAndEquipment,2018-01-01,2018-03-31,626000,10-Q,2018-05-03,2018,Q1
ERII,PaymentsToAcquirePropertyPlantAndEquipment,2019-01-01,2019-03-31,1566000,10-Q,2019-05-02,2019,Q1
ERII,PaymentsToAcquirePropertyPlantAndEquipment,2020-01-01,2020-03-31,1380000,10-Q,2020-05-01,2020,Q1
ERII,PaymentsToAcquirePropertyPlantAndEquipment,2021-01-01,2021-03-31,627000,10-Q,2021-05-07,2021,Q1
ERII,PaymentsToAcquirePropertyPlantAndEquipment,2022-01-01,2022-03-31,1976000,10-Q,2022-05-04,2022,Q1
ERII,PaymentsToAcquirePropertyPlantAndEquipment,2023-01-01,2023-03-31,279000,10-Q,2024-05-01,2024,Q1
ERII,PaymentsToAcquirePropertyPlantAndEquipment,2024-01-01,2024-03-31,824000,10-Q,2024-05-01,2024,Q1
ERII,PaymentsToAcquirePropertyPlantAndEquipment,2025-01-01,2025-03-31,191000,10-Q,2025-05-07,2025,Q1
ERII,PaymentsToAcquirePropertyPlantAndEquipment,2026-01-01,2026-03-31,814000,10-Q,2026-05-06,2026,Q1
ESE,PaymentsToAcquirePropertyPlantAndEquipment,2018-10-01,2018-12-31,4776000,10-Q,2020-02-07,2020,Q1
ESE,PaymentsToAcquirePropertyPlantAndEquipment,2019-10-01,2019-12-31,12647000,10-Q,2020-02-07,2020,Q1
ESOA,PaymentsToAcquirePropertyPlantAndEquipment,2010-10-01,2010-12-31,267621,10-Q,2012-02-10,2012,Q1
ESOA,PaymentsToAcquirePropertyPlantAndEquipment,2011-10-01,2011-12-31,547883,10-Q,2012-02-10,2012,Q1
ESOA,PaymentsToAcquirePropertyPlantAndEquipment,2012-10-01,2012-12-31,3615,10-Q,2013-02-14,2013,Q1
ESOA,PaymentsToAcquirePropertyPlantAndEquipment,2013-10-01,2013-12-31,241606,10-Q,2014-02-14,2014,Q1
ESOA,PaymentsToAcquirePropertyPlantAndEquipment,2014-10-01,2014-12-31,370602,10-Q,2015-02-13,2015,Q1
ESOA,PaymentsToAcquirePropertyPlantAndEquipment,2015-10-01,2015-12-31,1247673,10-Q,2016-02-11,2016,Q1
ESOA,PaymentsToAcquirePropertyPlantAndEquipment,2016-10-01,2016-12-31,1309852,10-Q,2017-02-13,2017,Q1
ESOA,PaymentsToAcquirePropertyPlantAndEquipment,2017-10-01,2017-12-31,445790,10-Q,2018-02-13,2018,Q1
ESOA,PaymentsToAcquirePropertyPlantAndEquipment,2018-10-01,2018-12-31,585008,10-Q,2019-02-14,2019,Q1
ESOA,PaymentsToAcquirePropertyPlantAndEquipment,2019-10-01,2019-12-31,747534,10-Q,2020-02-13,2020,Q1
ESOA,PaymentsToAcquirePropertyPlantAndEquipment,2020-10-01,2020-12-31,1467091,10-Q,2021-02-16,2021,Q1
ESOA,PaymentsToAcquirePropertyPlantAndEquipment,2021-10-01,2021-12-31,942703,10-Q,2022-02-11,2021,Q3
ESOA,PaymentsToAcquirePropertyPlantAndEquipment,2022-10-01,2022-12-31,2348901,10-Q,2023-02-13,2023,Q1
ESOA,PaymentsToAcquirePropertyPlantAndEquipment,2023-10-01,2023-12-31,1385883,10-Q,2024-02-12,2024,Q1
ESOA,PaymentsToAcquirePropertyPlantAndEquipment,2024-10-01,2024-12-31,2890223,10-Q,2025-02-10,2025,Q1
ESOA,PaymentsToAcquirePropertyPlantAndEquipment,2025-10-01,2025-12-31,2011997,10-Q,2026-02-09,2026,Q1
ESTC,PaymentsToAcquirePropertyPlantAndEquipment,2018-05-01,2018-07-31,336000,10-Q,2019-09-10,2020,Q1
ESTC,PaymentsToAcquirePropertyPlantAndEquipment,2019-05-01,2019-07-31,1585000,10-Q,2019-09-10,2020,Q1
ESTC,PaymentsToAcquirePropertyPlantAndEquipment,2020-05-01,2020-07-31,379000,10-Q,2020-09-03,2021,Q1
ESTC,PaymentsToAcquirePropertyPlantAndEquipment,2021-05-01,2021-07-31,660000,10-Q,2021-09-01,2022,Q1
ESTC,PaymentsToAcquirePropertyPlantAndEquipment,2022-05-01,2022-07-31,479000,10-Q,2022-08-29,2023,Q1
ESTC,PaymentsToAcquirePropertyPlantAndEquipment,2023-05-01,2023-07-31,632000,10-Q,2023-09-01,2024,Q1
ESTC,PaymentsToAcquirePropertyPlantAndEquipment,2024-05-01,2024-07-31,747000,10-Q,2024-08-30,2025,FY
ESTC,PaymentsToAcquirePropertyPlantAndEquipment,2025-05-01,2025-07-31,656000,10-Q,2025-08-29,2026,Q1
ESTC,PaymentsToAcquirePropertyPlantAndEquipment,2026-05-01,2026-07-31,590000,10-Q,2026-08-28,2027,Q1
ETN,PaymentsToAcquirePropertyPlantAndEquipment,2012-01-01,2012-03-31,105000000,10-Q,2013-05-03,2013,Q1
ETN,PaymentsToAcquirePropertyPlantAndEquipment,2013-01-01,2013-03-31,122000000,10-Q,2013-05-03,2013,Q1
ETN,PaymentsToAcquirePropertyPlantAndEquipment,2014-01-01,2014-03-31,110000000,10-Q,2014-05-05,2014,Q1
ETN,PaymentsToAcquirePropertyPlantAndEquipment,2015-01-01,2015-03-31,105000000,10-Q,2015-04-29,2015,Q1
ETN,PaymentsToAcquirePropertyPlantAndEquipment,2016-01-01,2016-03-31,111000000,10-Q,2016-04-29,2016,Q1
ETN,PaymentsToAcquirePropertyPlantAndEquipment,2017-01-01,2017-03-31,116000000,10-Q,2017-05-02,2017,Q1
ETN,PaymentsToAcquirePropertyPlantAndEquipment,2018-01-01,2018-03-31,131000000,10-Q,2018-05-01,2018,Q1
ETN,PaymentsToAcquirePropertyPlantAndEquipment,2019-01-01,2019-03-31,149000000,10-Q,2019-04-30,2019,Q1
ETN,PaymentsToAcquirePropertyPlantAndEquipment,2020-01-01,2020-03-31,112000000,10-Q,2020-04-30,2020,Q1
ETN,PaymentsToAcquirePropertyPlantAndEquipment,2021-01-01,2021-03-31,119000000,10-Q,2021-05-04,2021,Q1
ETN,PaymentsToAcquirePropertyPlantAndEquipment,2022-01-01,2022-03-31,115000000,10-Q,2022-05-03,2022,Q1
ETN,PaymentsToAcquirePropertyPlantAndEquipment,2023-01-01,2023-03-31,126000000,10-Q,2023-05-02,2023,Q1
ETN,PaymentsToAcquirePropertyPlantAndEquipment,2024-01-01,2024-03-31,183000000,10-Q,2024-04-30,2024,Q1
ETN,PaymentsToAcquirePropertyPlantAndEquipment,2025-01-01,2025-03-31,147000000,10-Q,2025-05-02,2025,Q1
ETN,PaymentsToAcquirePropertyPlantAndEquipment,2026-01-01,2026-03-31,193000000,10-Q,2026-05-05,2026,Q1
EVCM,PaymentsToAcquirePropertyPlantAndEquipment,2021-01-01,2021-03-31,262000,10-Q,2022-05-09,2022,Q2
EVCM,PaymentsToAcquirePropertyPlantAndEquipment,2022-01-01,2022-03-31,889000,10-Q,2022-05-09,2022,Q2
EVCM,PaymentsToAcquirePropertyPlantAndEquipment,2023-01-01,2023-03-31,476000,10-Q,2023-05-10,2023,Q1
EVCM,PaymentsToAcquirePropertyPlantAndEquipment,2024-01-01,2024-03-31,402000,10-Q,2024-05-09,2024,Q1
EVCM,PaymentsToAcquirePropertyPlantAndEquipment,2025-01-01,2025-03-31,493000,10-Q,2025-05-08,2025,Q1
EVCM,PaymentsToAcquirePropertyPlantAndEquipment,2026-01-01,2026-03-31,856000,10-Q,2026-05-07,2026,Q1
EVGO,PaymentsToAcquirePropertyPlantAndEquipment,2021-01-01,2021-03-31,7827000,10-Q,2022-05-13,2022,Q1
EVGO,PaymentsToAcquirePropertyPlantAndEquipment,2022-01-01,2022-03-31,28274000,10-Q,2022-05-13,2022,Q1
EVGO,PaymentsToAcquirePropertyPlantAndEquipment,2023-01-01,2023-03-31,65246000,10-Q,2023-05-09,2023,Q1
EVGO,PaymentsToAcquirePropertyPlantAndEquipment,2024-01-01,2024-03-31,21071000,10-Q,2024-05-07,2024,Q1
EVGO,PaymentsToAcquirePropertyPlantAndEquipment,2025-01-01,2025-03-31,14992000,10-Q,2025-05-06,2025,Q1
EVGO,PaymentsToAcquirePropertyPlantAndEquipment,2026-01-01,2026-03-31,30575000,10-Q,2026-05-05,2026,Q1
EVH,PaymentsToAcquirePropertyPlantAndEquipment,2015-01-01,2015-03-31,0,10-Q,2016-05-16,2016,Q1
EVH,PaymentsToAcquirePropertyPlantAndEquipment,2016-01-01,2016-03-31,3353000,10-Q,2016-05-16,2016,Q1
EVH,PaymentsToAcquirePropertyPlantAndEquipment,2017-01-01,2017-03-31,5978000,10-Q,2017-05-10,2017,Q1
EVH,PaymentsToAcquirePropertyPlantAndEquipment,2018-01-01,2018-03-31,9553000,10-Q,2018-05-10,2018,Q1
EVH,PaymentsToAcquirePropertyPlantAndEquipment,2019-01-01,2019-03-31,9462000,10-Q,2019-05-09,2019,Q1
EVLV,PaymentsToAcquirePropertyPlantAndEquipment,2021-01-01,2021-03-31,2522000,10-Q,2022-05-13,2022,Q1
EVLV,PaymentsToAcquirePropertyPlantAndEquipment,2022-01-01,2022-03-31,323000,10-Q,2022-05-13,2022,Q1
EVTC,PaymentsToAcquirePropertyPlantAndEquipment,2012-01-01,2012-03-31,2532000,10-Q,2013-05-15,2013,Q1
EVTC,PaymentsToAcquirePropertyPlantAndEquipment,2013-01-01,2013-03-31,2257000,10-Q,2013-05-15,2013,Q1
EVTC,PaymentsToAcquirePropertyPlantAndEquipment,2014-01-01,2014-03-31,1501000,10-Q,2014-05-08,2014,Q1
EVTC,PaymentsToAcquirePropertyPlantAndEquipment,2015-01-01,2015-03-31,1042000,10-Q,2015-05-11,2015,Q1
EVTC,PaymentsToAcquirePropertyPlantAndEquipment,2016-01-01,2016-03-31,1179000,10-Q,2016-05-26,2016,Q1
EVTC,PaymentsToAcquirePropertyPlantAndEquipment,2017-01-01,2017-03-31,2674000,10-Q,2017-05-05,2017,Q1
EVTC,PaymentsToAcquirePropertyPlantAndEquipment,2018-01-01,2018-03-31,4157000,10-Q,2018-05-03,2018,Q1
EVTC,PaymentsToAcquirePropertyPlantAndEquipment,2019-01-01,2019-03-31,5071000,10-Q,2019-05-03,2019,Q1
EVTC,PaymentsToAcquirePropertyPlantAndEquipment,2020-01-01,2020-03-31,3357000,10-Q,2020-05-11,2020,Q1
EVTC,PaymentsToAcquirePropertyPlantAndEquipment,2021-01-01,2021-03-31,4724000,10-Q,2021-04-30,2021,Q1
EVTC,PaymentsToAcquirePropertyPlantAndEquipment,2022-01-01,2022-03-31,5627000,10-Q,2022-04-29,2022,Q1
EVTC,PaymentsToAcquirePropertyPlantAndEquipment,2023-01-01,2023-03-31,4063000,10-Q,2023-04-28,2023,Q1
EVTC,PaymentsToAcquirePropertyPlantAndEquipment,2024-01-01,2024-03-31,5389000,10-Q,2024-05-02,2024,Q1
EVTC,PaymentsToAcquirePropertyPlantAndEquipment,2025-01-01,2025-03-31,6407000,10-Q,2025-05-08,2025,Q1
EVTC,PaymentsToAcquirePropertyPlantAndEquipment,2026-01-01,2026-03-31,6346000,10-Q,2026-05-07,2026,Q1
EXC,PaymentsToAcquirePropertyPlantAndEquipment,2009-01-01,2009-03-31,712000000,10-Q,2010-04-23,2010,Q1
EXC,PaymentsToAcquirePropertyPlantAndEquipment,2009-12-30,2010-03-31,878000000,10-Q,2011-04-27,2011,Q1
EXC,PaymentsToAcquirePropertyPlantAndEquipment,2010-01-01,2010-03-31,878000000,10-Q,2010-04-23,2010,Q1
EXC,PaymentsToAcquirePropertyPlantAndEquipment,2010-12-30,2011-03-31,1150000000,10-Q,2011-04-27,2011,Q1
EXC,PaymentsToAcquirePropertyPlantAndEquipment,2011-01-01,2011-03-31,1150000000,10-Q,2012-05-10,2012,Q1
EXC,PaymentsToAcquirePropertyPlantAndEquipment,2012-01-01,2012-03-31,1496000000,10-Q,2012-05-10,2012,Q1
EXC,PaymentsToAcquirePropertyPlantAndEquipment,2013-01-01,2013-03-31,1447000000,10-Q,2013-05-10,2013,Q1
EXC,PaymentsToAcquirePropertyPlantAndEquipment,2014-01-01,2014-03-31,1217000000,10-Q,2014-04-30,2014,Q1
EXC,PaymentsToAcquirePropertyPlantAndEquipment,2015-01-01,2015-03-31,1784000000,10-Q,2015-04-29,2015,Q1
EXC,PaymentsToAcquirePropertyPlantAndEquipment,2016-01-01,2016-03-31,2202000000,10-Q,2016-05-10,2016,Q1
EXC,PaymentsToAcquirePropertyPlantAndEquipment,2017-01-01,2017-03-31,2114000000,10-Q,2017-05-03,2017,Q1
EXC,PaymentsToAcquirePropertyPlantAndEquipment,2018-01-01,2018-03-31,1880000000,10-Q,2018-05-02,2018,Q1
EXC,PaymentsToAcquirePropertyPlantAndEquipment,2018-04-01,2018-06-30,1927000000,10-Q,2019-08-01,2019,Q2
EXC,PaymentsToAcquirePropertyPlantAndEquipment,2018-07-01,2018-09-30,1690000000,10-Q,2019-10-31,2019,Q3
EXC,PaymentsToAcquirePropertyPlantAndEquipment,2019-01-01,2019-03-31,1873000000,10-Q,2019-05-02,2019,Q1
EXC,PaymentsToAcquirePropertyPlantAndEquipment,2019-04-01,2019-06-30,1702000000,10-Q,2019-08-01,2019,Q2
EXC,PaymentsToAcquirePropertyPlantAndEquipment,2019-07-01,2019-09-30,1687000000,10-Q,2019-10-31,2019,Q3
EXC,PaymentsToAcquirePropertyPlantAndEquipment,2020-01-01,2020-03-31,2016000000,10-Q,2020-05-08,2020,Q1
EXC,PaymentsToAcquirePropertyPlantAndEquipment,2020-04-01,2020-06-30,1757000000,10-Q,2020-08-04,2020,Q2
EXC,PaymentsToAcquirePropertyPlantAndEquipment,2020-07-01,2020-09-30,1833000000,10-Q,2020-11-03,2020,Q3
EXC,PaymentsToAcquirePropertyPlantAndEquipment,2021-01-01,2021-03-31,2140000000,10-Q,2021-05-05,2021,Q1
EXC,PaymentsToAcquirePropertyPlantAndEquipment,2021-04-01,2021-06-30,1900000000,10-Q,2021-08-04,2021,Q2
EXC,PaymentsToAcquirePropertyPlantAndEquipment,2021-07-01,2021-09-30,1930000000,10-Q,2021-11-03,2021,Q3
EXC,PaymentsToAcquirePropertyPlantAndEquipment,2022-01-01,2022-03-31,1922000000,10-Q,2022-05-09,2022,Q1
EXC,PaymentsToAcquirePropertyPlantAndEquipment,2023-01-01,2023-03-31,1881000000,10-Q,2023-05-03,2023,Q1
EXC,PaymentsToAcquirePropertyPlantAndEquipment,2024-01-01,2024-03-31,1767000000,10-Q,2024-05-02,2024,Q1
EXC,PaymentsToAcquirePropertyPlantAndEquipment,2025-01-01,2025-03-31,1946000000,10-Q,2025-05-01,2025,Q1
EXC,PaymentsToAcquirePropertyPlantAndEquipment,2026-01-01,2026-03-31,2358000000,10-Q,2026-05-06,2026,Q1
EXEL,PaymentsToAcquirePropertyPlantAndEquipment,2011-01-01,2011-03-31,405000,10-Q,2012-05-03,2012,Q1
EXEL,PaymentsToAcquirePropertyPlantAndEquipment,2012-01-01,2012-03-31,72000,10-Q,2012-05-03,2012,Q1
EXEL,PaymentsToAcquirePropertyPlantAndEquipment,2013-01-01,2013-03-31,729000,10-Q,2013-05-07,2013,Q1
EXEL,PaymentsToAcquirePropertyPlantAndEquipment,2014-01-01,2014-03-31,384000,10-Q,2014-05-01,2014,Q1
EXEL,PaymentsToAcquirePropertyPlantAndEquipment,2015-01-01,2015-03-31,31000,10-Q,2015-04-30,2015,Q1
EXEL,PaymentsToAcquirePropertyPlantAndEquipment,2016-01-01,2016-03-31,682000,10-Q,2016-05-04,2016,Q1
EXEL,PaymentsToAcquirePropertyPlantAndEquipment,2016-12-31,2017-03-31,804000,10-Q,2018-05-02,2018,Q1
EXEL,PaymentsToAcquirePropertyPlantAndEquipment,2017-01-01,2017-03-31,808000,10-Q,2017-05-01,2017,Q1
EXEL,PaymentsToAcquirePropertyPlantAndEquipment,2017-12-30,2018-03-30,2947000,10-Q,2018-05-02,2018,Q1
EXEL,PaymentsToAcquirePropertyPlantAndEquipment,2018-12-29,2019-03-29,2307000,10-Q,2019-05-01,2019,Q1
EXEL,PaymentsToAcquirePropertyPlantAndEquipment,2020-01-04,2020-04-03,2961000,10-Q,2020-05-05,2020,Q1
EXEL,PaymentsToAcquirePropertyPlantAndEquipment,2021-01-02,2021-04-02,13557000,10-Q,2021-05-06,2021,Q1
EXEL,PaymentsToAcquirePropertyPlantAndEquipment,2022-01-01,2022-04-01,5609000,10-Q,2022-05-10,2022,Q1
EXEL,PaymentsToAcquirePropertyPlantAndEquipment,2022-12-31,2023-03-31,12024000,10-Q,2023-05-09,2023,Q1
EXEL,PaymentsToAcquirePropertyPlantAndEquipment,2023-12-30,2024-03-29,9691000,10-Q,2024-04-30,2024,Q1
EXEL,PaymentsToAcquirePropertyPlantAndEquipment,2025-01-04,2025-04-04,2952000,10-Q,2025-05-13,2025,Q1
EXEL,PaymentsToAcquirePropertyPlantAndEquipment,2026-01-03,2026-04-03,1509000,10-Q,2026-05-05,2026,Q1
EXTR,PaymentsToAcquirePropertyPlantAndEquipment,2010-06-28,2010-09-26,1362000,10-Q,2011-11-10,2012,Q1
EXTR,PaymentsToAcquirePropertyPlantAndEquipment,2011-07-04,2011-10-02,748000,10-Q,2011-11-10,2012,Q1
EXTR,PaymentsToAcquirePropertyPlantAndEquipment,2012-07-01,2012-09-30,1562000,10-Q,2012-11-01,2013,Q1
EXTR,PaymentsToAcquirePropertyPlantAndEquipment,2013-07-01,2013-09-30,9808000,10-Q,2013-11-04,2014,Q1
EXTR,PaymentsToAcquirePropertyPlantAndEquipment,2014-07-01,2014-09-30,2784000,10-Q,2014-10-29,2014,Q1
EXTR,PaymentsToAcquirePropertyPlantAndEquipment,2015-07-01,2015-09-30,633000,10-Q,2015-11-02,2016,Q1
EXTR,PaymentsToAcquirePropertyPlantAndEquipment,2016-07-01,2016-09-30,1635000,10-Q,2016-11-02,2017,Q1
EXTR,PaymentsToAcquirePropertyPlantAndEquipment,2017-07-01,2017-09-30,7421000,10-Q,2017-11-09,2018,Q1
EXTR,PaymentsToAcquirePropertyPlantAndEquipment,2018-07-01,2018-09-30,7417000,10-Q,2018-11-02,2019,Q1
EXTR,PaymentsToAcquirePropertyPlantAndEquipment,2019-07-01,2019-09-30,5239000,10-Q,2019-10-31,2020,Q1
EXTR,PaymentsToAcquirePropertyPlantAndEquipment,2020-07-01,2020-09-30,3023000,10-Q,2020-10-29,2021,Q1
EXTR,PaymentsToAcquirePropertyPlantAndEquipment,2021-07-01,2021-09-30,3410000,10-Q,2021-11-05,2022,Q1
EXTR,PaymentsToAcquirePropertyPlantAndEquipment,2022-07-01,2022-09-30,3139000,10-Q,2022-10-28,2023,Q1
EXTR,PaymentsToAcquirePropertyPlantAndEquipment,2023-07-01,2023-09-30,4314000,10-Q,2023-11-02,2024,Q1
EXTR,PaymentsToAcquirePropertyPlantAndEquipment,2024-07-01,2024-09-30,6916000,10-Q,2024-10-31,2025,Q1
EXTR,PaymentsToAcquirePropertyPlantAndEquipment,2024-10-01,2024-12-31,5400000,10-Q,2026-01-29,2026,Q2
EXTR,PaymentsToAcquirePropertyPlantAndEquipment,2025-01-01,2025-03-31,5700000,10-Q,2026-04-30,2026,Q3
EXTR,PaymentsToAcquirePropertyPlantAndEquipment,2025-07-01,2025-09-30,6855000,10-Q,2025-10-30,2026,Q1
EXTR,PaymentsToAcquirePropertyPlantAndEquipment,2025-10-01,2025-12-31,7100000,10-Q,2026-01-29,2026,Q2
EXTR,PaymentsToAcquirePropertyPlantAndEquipment,2026-01-01,2026-03-31,6400000,10-Q,2026-04-30,2026,Q3
EYE,PaymentsToAcquirePropertyPlantAndEquipment,2017-01-01,2017-04-01,20703000,10-Q,2018-05-15,2018,Q1
EYE,PaymentsToAcquirePropertyPlantAndEquipment,2017-12-31,2018-03-31,22792000,10-Q,2018-05-15,2018,Q1
EYE,PaymentsToAcquirePropertyPlantAndEquipment,2018-12-30,2019-03-30,25992000,10-Q,2019-05-09,2019,Q1
EYE,PaymentsToAcquirePropertyPlantAndEquipment,2019-12-29,2020-03-28,13053000,10-Q,2020-05-07,2020,Q1
EYE,PaymentsToAcquirePropertyPlantAndEquipment,2021-01-03,2021-04-03,16382000,10-Q,2021-05-13,2021,Q1
EYE,PaymentsToAcquirePropertyPlantAndEquipment,2022-01-02,2022-04-02,28097000,10-Q,2022-05-10,2022,Q1
EYE,PaymentsToAcquirePropertyPlantAndEquipment,2023-01-01,2023-04-01,27721000,10-Q,2023-05-11,2023,Q1
EYE,PaymentsToAcquirePropertyPlantAndEquipment,2023-12-31,2024-03-30,20014000,10-Q,2024-05-08,2024,Q1
EYE,PaymentsToAcquirePropertyPlantAndEquipment,2024-12-29,2025-03-29,20225000,10-Q,2025-05-08,2025,Q1
EYE,PaymentsToAcquirePropertyPlantAndEquipment,2026-01-04,2026-04-04,17569000,10-Q,2026-05-14,2026,Q1
FABC,PaymentsToAcquirePropertyPlantAndEquipment,2013-05-01,2013-07-31,0,10-Q,2014-09-23,2015,Q1
FABC,PaymentsToAcquirePropertyPlantAndEquipment,2014-05-01,2014-07-31,159384,10-Q,2014-09-23,2015,Q1
FABC,PaymentsToAcquirePropertyPlantAndEquipment,2015-05-01,2015-07-31,10707,10-Q,2015-09-16,2016,Q1
FABC,PaymentsToAcquirePropertyPlantAndEquipment,2016-05-01,2016-07-31,30803,10-Q,2016-09-12,2017,Q1
FABC,PaymentsToAcquirePropertyPlantAndEquipment,2017-01-01,2017-03-31,0,10-Q,2018-05-21,2018,Q1
FABC,PaymentsToAcquirePropertyPlantAndEquipment,2017-05-01,2017-07-31,4105,10-Q,2017-09-12,2018,Q1
FABC,PaymentsToAcquirePropertyPlantAndEquipment,2018-01-01,2018-03-31,46400,10-Q,2018-05-21,2018,Q1
FABC,PaymentsToAcquirePropertyPlantAndEquipment,2019-01-01,2019-03-31,0,10-Q,2019-05-15,2019,Q1
FABC,PaymentsToAcquirePropertyPlantAndEquipment,2020-01-01,2020-03-31,87547,10-Q,2021-05-13,2021,Q1
FABC,PaymentsToAcquirePropertyPlantAndEquipment,2021-01-01,2021-03-31,131111,10-Q,2021-05-13,2021,Q1
FABC,PaymentsToAcquirePropertyPlantAndEquipment,2022-01-01,2022-03-31,113637,10-Q,2022-05-02,2022,Q1
FABC,PaymentsToAcquirePropertyPlantAndEquipment,2023-01-01,2023-03-31,771226,10-Q,2023-05-09,2023,Q1
FALC,PaymentsToAcquirePropertyPlantAndEquipment,2011-01-01,2011-03-31,797442,10-Q,2012-05-08,2012,Q1
FALC,PaymentsToAcquirePropertyPlantAndEquipment,2012-01-01,2012-03-31,186744,10-Q,2012-05-08,2012,Q1
FALC,PaymentsToAcquirePropertyPlantAndEquipment,2013-01-01,2013-03-31,580843,10-Q,2013-05-09,2013,Q1
FALC,PaymentsToAcquirePropertyPlantAndEquipment,2014-01-01,2014-03-31,254204,10-Q,2014-05-08,2014,Q1
FALC,PaymentsToAcquirePropertyPlantAndEquipment,2015-01-01,2015-03-31,172694,10-Q,2015-04-27,2015,Q1
FALC,PaymentsToAcquirePropertyPlantAndEquipment,2016-01-01,2016-03-31,102266,10-Q,2016-04-28,2016,Q1
FALC,PaymentsToAcquirePropertyPlantAndEquipment,2017-01-01,2017-03-31,44123,10-Q,2017-05-05,2017,Q1
FALC,PaymentsToAcquirePropertyPlantAndEquipment,2018-01-01,2018-03-31,1809,10-Q,2018-05-18,2018,Q1
FALC,PaymentsToAcquirePropertyPlantAndEquipment,2019-01-01,2019-03-31,42586,10-Q,2019-05-15,2019,Q1
FALC,PaymentsToAcquirePropertyPlantAndEquipment,2020-01-01,2020-03-31,0,10-Q,2020-05-07,2020,Q1
FALC,PaymentsToAcquirePropertyPlantAndEquipment,2021-01-01,2021-03-31,41121,10-Q,2021-05-05,2021,Q1
FALC,PaymentsToAcquirePropertyPlantAndEquipment,2022-01-01,2022-03-31,0,10-Q,2022-05-11,2022,Q1
FALC,PaymentsToAcquirePropertyPlantAndEquipment,2023-01-01,2023-03-31,2898,10-Q,2023-05-10,2023,Q1
FATN,PaymentsToAcquirePropertyPlantAndEquipment,2024-04-01,2024-06-30,1955,10-Q,2025-07-30,2026,Q1
FATN,PaymentsToAcquirePropertyPlantAndEquipment,2025-04-01,2025-06-30,42449,10-Q,2025-07-30,2026,Q1
FC,PaymentsToAcquirePropertyPlantAndEquipment,2010-09-01,2010-11-27,303000,10-Q/A,2012-01-26,2012,Q1
FC,PaymentsToAcquirePropertyPlantAndEquipment,2011-09-01,2011-11-26,554000,10-Q/A,2012-01-26,2012,Q1
FC,PaymentsToAcquirePropertyPlantAndEquipment,2012-09-01,2012-12-01,970000,10-Q,2013-01-10,2013,Q1
FC,PaymentsToAcquirePropertyPlantAndEquipment,2013-09-01,2013-11-30,1112000,10-Q,2014-01-09,2014,Q1
FC,PaymentsToAcquirePropertyPlantAndEquipment,2014-09-01,2014-11-29,517000,10-Q,2015-01-08,2015,Q1
FC,PaymentsToAcquirePropertyPlantAndEquipment,2015-09-01,2015-11-28,630000,10-Q,2016-01-08,2016,Q1
FC,PaymentsToAcquirePropertyPlantAndEquipment,2016-09-01,2016-11-26,2040000,10-Q,2017-01-05,2017,Q1
FC,PaymentsToAcquirePropertyPlantAndEquipment,2017-09-01,2017-11-30,2414000,10-Q,2018-01-09,2018,Q1
FC,PaymentsToAcquirePropertyPlantAndEquipment,2018-09-01,2018-11-30,1431000,10-Q,2019-01-09,2019,Q1
FC,PaymentsToAcquirePropertyPlantAndEquipment,2019-09-01,2019-11-30,1408000,10-Q,2020-01-09,2020,Q1
FC,PaymentsToAcquirePropertyPlantAndEquipment,2020-09-01,2020-11-30,185000,10-Q,2021-01-08,2021,Q1
FC,PaymentsToAcquirePropertyPlantAndEquipment,2021-09-01,2021-11-30,520000,10-Q,2022-01-07,2022,Q1
FC,PaymentsToAcquirePropertyPlantAndEquipment,2022-09-01,2022-11-30,1240000,10-Q,2023-01-09,2023,Q1
FC,PaymentsToAcquirePropertyPlantAndEquipment,2023-09-01,2023-11-30,1072000,10-Q,2024-01-09,2024,Q1
FC,PaymentsToAcquirePropertyPlantAndEquipment,2024-09-01,2024-11-30,998000,10-Q,2025-01-10,2025,Q1
FC,PaymentsToAcquirePropertyPlantAndEquipment,2025-09-01,2025-11-30,1727000,10-Q,2026-01-09,2025,Q1
FCN,PaymentsToAcquirePropertyPlantAndEquipment,2010-01-01,2010-03-31,5168000,10-Q,2011-05-06,2011,Q1
FCN,PaymentsToAcquirePropertyPlantAndEquipment,2011-01-01,2011-03-31,4953000,10-Q,2011-05-06,2011,Q1
FCN,PaymentsToAcquirePropertyPlantAndEquipment,2012-01-01,2012-03-31,4756000,10-Q,2012-05-09,2012,Q1
FCN,PaymentsToAcquirePropertyPlantAndEquipment,2013-01-01,2013-03-31,7323000,10-Q,2013-05-09,2013,Q1
FCN,PaymentsToAcquirePropertyPlantAndEquipment,2014-01-01,2014-03-31,15179000,10-Q,2014-05-02,2014,Q1
FCN,PaymentsToAcquirePropertyPlantAndEquipment,2015-01-01,2015-03-31,8876000,10-Q,2015-04-30,2015,Q1
FCN,PaymentsToAcquirePropertyPlantAndEquipment,2016-01-01,2016-03-31,6362000,10-Q,2016-04-28,2016,Q1
FCN,PaymentsToAcquirePropertyPlantAndEquipment,2017-01-01,2017-03-31,5831000,10-Q,2017-04-27,2017,Q1
FCN,PaymentsToAcquirePropertyPlantAndEquipment,2018-01-01,2018-03-31,7680000,10-Q,2018-04-26,2018,Q1
FCN,PaymentsToAcquirePropertyPlantAndEquipment,2019-01-01,2019-03-31,10153000,10-Q,2019-04-25,2019,Q1
FCN,PaymentsToAcquirePropertyPlantAndEquipment,2020-01-01,2020-03-31,8236000,10-Q,2020-04-30,2020,Q1
FCN,PaymentsToAcquirePropertyPlantAndEquipment,2021-01-01,2021-03-31,7976000,10-Q,2021-04-29,2021,Q1
FCN,PaymentsToAcquirePropertyPlantAndEquipment,2022-01-01,2022-03-31,12607000,10-Q,2022-04-28,2022,Q1
FCN,PaymentsToAcquirePropertyPlantAndEquipment,2023-01-01,2023-03-31,18012000,10-Q,2023-04-27,2023,Q1
FCN,PaymentsToAcquirePropertyPlantAndEquipment,2024-01-01,2024-03-31,4640000,10-Q,2024-04-25,2024,Q1
FCN,PaymentsToAcquirePropertyPlantAndEquipment,2025-01-01,2025-03-31,17803000,10-Q,2025-04-24,2025,Q1
FCN,PaymentsToAcquirePropertyPlantAndEquipment,2026-01-01,2026-03-31,10618000,10-Q,2026-04-30,2026,Q1
FF,PaymentsToAcquirePropertyPlantAndEquipment,2011-01-01,2011-03-31,8163000,10-Q,2012-05-09,2012,Q1
FF,PaymentsToAcquirePropertyPlantAndEquipment,2012-01-01,2012-03-31,2113000,10-Q,2012-05-09,2012,Q1
FF,PaymentsToAcquirePropertyPlantAndEquipment,2013-01-01,2013-03-31,2318000,10-Q,2014-05-08,2014,Q1
FF,PaymentsToAcquirePropertyPlantAndEquipment,2014-01-01,2014-03-31,2682000,10-Q,2014-05-08,2014,Q1
FF,PaymentsToAcquirePropertyPlantAndEquipment,2015-01-01,2015-03-31,2539000,10-Q,2015-05-11,2015,Q1
FF,PaymentsToAcquirePropertyPlantAndEquipment,2016-01-01,2016-03-31,897000,10-Q,2016-05-10,2016,Q1
FF,PaymentsToAcquirePropertyPlantAndEquipment,2017-01-01,2017-03-31,898000,10-Q,2017-05-09,2017,Q1
FF,PaymentsToAcquirePropertyPlantAndEquipment,2018-01-01,2018-03-31,428000,10-Q,2018-05-10,2018,Q1
FF,PaymentsToAcquirePropertyPlantAndEquipment,2019-01-01,2019-03-31,2246000,10-Q,2019-05-10,2019,Q1
FF,PaymentsToAcquirePropertyPlantAndEquipment,2020-01-01,2020-03-31,1608000,10-Q,2020-05-08,2020,Q1
FF,PaymentsToAcquirePropertyPlantAndEquipment,2021-01-01,2021-03-31,146000,10-Q,2021-05-10,2021,Q1
FF,PaymentsToAcquirePropertyPlantAndEquipment,2022-01-01,2022-03-31,977000,10-Q,2022-05-09,2022,Q1
FF,PaymentsToAcquirePropertyPlantAndEquipment,2023-01-01,2023-03-31,2459000,10-Q,2023-05-09,2023,Q1
FF,PaymentsToAcquirePropertyPlantAndEquipment,2024-01-01,2024-03-31,2273000,10-Q,2024-05-10,2024,Q1
FF,PaymentsToAcquirePropertyPlantAndEquipment,2025-01-01,2025-03-31,4003000,10-Q,2025-05-12,2025,Q1
FF,PaymentsToAcquirePropertyPlantAndEquipment,2026-01-01,2026-03-31,5387000,10-Q,2026-05-11,2026,Q1
FFIV,PaymentsToAcquirePropertyPlantAndEquipment,2009-10-01,2009-12-31,3648000,10-Q,2011-02-07,2011,Q1
FFIV,PaymentsToAcquirePropertyPlantAndEquipment,2010-10-01,2010-12-31,5491000,10-Q,2011-02-07,2011,Q1
FFIV,PaymentsToAcquirePropertyPlantAndEquipment,2011-10-01,2011-12-31,5857000,10-Q,2012-02-03,2012,Q1
FFIV,PaymentsToAcquirePropertyPlantAndEquipment,2012-10-01,2012-12-31,7788000,10-Q,2013-02-07,2013,Q1
FFIV,PaymentsToAcquirePropertyPlantAndEquipment,2013-10-01,2013-12-31,4980000,10-Q,2014-02-06,2014,Q1
FFIV,PaymentsToAcquirePropertyPlantAndEquipment,2014-10-01,2014-12-31,10319000,10-Q,2015-02-05,2015,Q1
FFIV,PaymentsToAcquirePropertyPlantAndEquipment,2015-10-01,2015-12-31,13292000,10-Q,2016-01-27,2016,Q1
FFIV,PaymentsToAcquirePropertyPlantAndEquipment,2016-10-01,2016-12-31,14133000,10-Q,2017-02-01,2017,Q1
FFIV,PaymentsToAcquirePropertyPlantAndEquipment,2017-10-01,2017-12-31,6491000,10-Q,2018-02-02,2018,Q1
FFIV,PaymentsToAcquirePropertyPlantAndEquipment,2018-10-01,2018-12-31,21046000,10-Q,2019-02-01,2019,Q1
FFIV,PaymentsToAcquirePropertyPlantAndEquipment,2019-10-01,2019-12-31,22304000,10-Q,2020-02-05,2020,Q1
FFIV,PaymentsToAcquirePropertyPlantAndEquipment,2020-10-01,2020-12-31,4697000,10-Q,2021-02-05,2021,Q1
FFIV,PaymentsToAcquirePropertyPlantAndEquipment,2021-10-01,2021-12-31,10564000,10-Q,2022-02-04,2022,Q1
FFIV,PaymentsToAcquirePropertyPlantAndEquipment,2022-10-01,2022-12-31,13104000,10-Q,2023-02-03,2023,Q1
FFIV,PaymentsToAcquirePropertyPlantAndEquipment,2023-10-01,2023-12-31,9048000,10-Q,2024-02-05,2024,Q1
FFIV,PaymentsToAcquirePropertyPlantAndEquipment,2024-10-01,2024-12-31,8073000,10-Q,2025-02-07,2025,Q1
FFIV,PaymentsToAcquirePropertyPlantAndEquipment,2025-10-01,2025-12-31,9720000,10-Q,2026-02-05,2026,Q1
FHI,PaymentsToAcquirePropertyPlantAndEquipment,2010-01-01,2010-03-31,1129000,10-Q,2011-05-02,2011,Q1
FHI,PaymentsToAcquirePropertyPlantAndEquipment,2011-01-01,2011-03-31,1857000,10-Q,2011-05-02,2011,Q1
FHI,PaymentsToAcquirePropertyPlantAndEquipment,2012-01-01,2012-03-31,1656000,10-Q,2012-04-27,2012,Q1
FHI,PaymentsToAcquirePropertyPlantAndEquipment,2013-01-01,2013-03-31,3083000,10-Q,2013-04-26,2013,Q1
FHI,PaymentsToAcquirePropertyPlantAndEquipment,2014-01-01,2014-03-31,1212000,10-Q,2014-04-25,2014,Q1
FHI,PaymentsToAcquirePropertyPlantAndEquipment,2015-01-01,2015-03-31,1008000,10-Q,2015-04-24,2015,Q1
FHI,PaymentsToAcquirePropertyPlantAndEquipment,2016-01-01,2016-03-31,3257000,10-Q,2016-04-29,2016,Q1
FHI,PaymentsToAcquirePropertyPlantAndEquipment,2017-01-01,2017-03-31,2133000,10-Q,2017-04-28,2017,Q1
FHI,PaymentsToAcquirePropertyPlantAndEquipment,2018-01-01,2018-03-31,3106000,10-Q,2018-04-27,2018,Q1
FHI,PaymentsToAcquirePropertyPlantAndEquipment,2019-01-01,2019-03-31,5060000,10-Q,2019-05-01,2019,Q1
FHI,PaymentsToAcquirePropertyPlantAndEquipment,2020-01-01,2020-03-31,1557000,10-Q,2020-05-06,2020,Q1
FHI,PaymentsToAcquirePropertyPlantAndEquipment,2021-01-01,2021-03-31,2159000,10-Q,2021-05-04,2021,Q1
FHI,PaymentsToAcquirePropertyPlantAndEquipment,2022-01-01,2022-03-31,1853000,10-Q,2022-05-03,2022,Q1
FHI,PaymentsToAcquirePropertyPlantAndEquipment,2023-01-01,2023-03-31,739000,10-Q,2023-05-02,2023,Q1
FHI,PaymentsToAcquirePropertyPlantAndEquipment,2024-01-01,2024-03-31,569000,10-Q,2024-04-26,2024,Q1
FHI,PaymentsToAcquirePropertyPlantAndEquipment,2025-01-01,2025-03-31,972000,10-Q,2025-04-25,2025,Q1
FHI,PaymentsToAcquirePropertyPlantAndEquipment,2026-01-01,2026-03-31,4844000,10-Q,2026-05-01,2026,Q1
FHTX,PaymentsToAcquirePropertyPlantAndEquipment,2020-01-01,2020-03-31,1021000,10-Q,2021-05-11,2021,Q1
FHTX,PaymentsToAcquirePropertyPlantAndEquipment,2021-01-01,2021-03-31,1794000,10-Q,2021-05-11,2021,Q1
FHTX,PaymentsToAcquirePropertyPlantAndEquipment,2022-01-01,2022-03-31,247000,10-Q,2022-05-09,2022,Q1
FHTX,PaymentsToAcquirePropertyPlantAndEquipment,2023-01-01,2023-03-31,636000,10-Q,2023-05-08,2023,Q1
FHTX,PaymentsToAcquirePropertyPlantAndEquipment,2024-01-01,2024-03-31,101000,10-Q,2024-05-06,2024,Q1
FHTX,PaymentsToAcquirePropertyPlantAndEquipment,2025-01-01,2025-03-31,28000,10-Q,2025-05-14,2025,Q1
FHTX,PaymentsToAcquirePropertyPlantAndEquipment,2026-01-01,2026-03-31,0,10-Q,2026-05-07,2026,Q1
FICO,PaymentsToAcquirePropertyPlantAndEquipment,2010-10-01,2010-12-31,1328000,10-Q,2012-02-02,2012,Q1
FICO,PaymentsToAcquirePropertyPlantAndEquipment,2011-10-01,2011-12-31,7757000,10-Q,2012-02-02,2012,Q1
FICO,PaymentsToAcquirePropertyPlantAndEquipment,2012-10-01,2012-12-31,9012000,10-Q,2013-01-30,2013,Q1
FICO,PaymentsToAcquirePropertyPlantAndEquipment,2013-10-01,2013-12-31,2154000,10-Q,2014-01-28,2014,Q1
FICO,PaymentsToAcquirePropertyPlantAndEquipment,2014-10-01,2014-12-31,5667000,10-Q,2015-01-29,2015,Q1
FICO,PaymentsToAcquirePropertyPlantAndEquipment,2015-10-01,2015-12-31,4294000,10-Q,2016-01-28,2016,Q1
FICO,PaymentsToAcquirePropertyPlantAndEquipment,2016-10-01,2016-12-31,4319000,10-Q,2017-01-31,2017,Q1
FICO,PaymentsToAcquirePropertyPlantAndEquipment,2017-10-01,2017-12-31,4044000,10-Q,2018-01-25,2018,Q1
FICO,PaymentsToAcquirePropertyPlantAndEquipment,2018-10-01,2018-12-31,6474000,10-Q,2019-01-30,2019,Q1
FICO,PaymentsToAcquirePropertyPlantAndEquipment,2019-10-01,2019-12-31,6500000,10-Q,2020-01-30,2020,Q1
FICO,PaymentsToAcquirePropertyPlantAndEquipment,2020-10-01,2020-12-31,3045000,10-Q,2021-01-28,2021,Q1
FICO,PaymentsToAcquirePropertyPlantAndEquipment,2021-10-01,2021-12-31,895000,10-Q,2022-01-27,2022,Q1
FICO,PaymentsToAcquirePropertyPlantAndEquipment,2022-10-01,2022-12-31,850000,10-Q,2023-01-26,2023,Q1
FICO,PaymentsToAcquirePropertyPlantAndEquipment,2023-10-01,2023-12-31,1361000,10-Q,2024-01-25,2024,Q1
FICO,PaymentsToAcquirePropertyPlantAndEquipment,2024-10-01,2024-12-31,841000,10-Q,2025-02-04,2025,Q1
FICO,PaymentsToAcquirePropertyPlantAndEquipment,2025-10-01,2025-12-31,226000,10-Q,2026-01-28,2026,Q1
FIEE,PaymentsToAcquirePropertyPlantAndEquipment,2010-01-01,2010-03-31,0,10-Q,2011-05-16,2011,Q1
FIEE,PaymentsToAcquirePropertyPlantAndEquipment,2011-01-01,2011-03-31,-2812,10-Q,2011-05-16,2011,Q1
FIEE,PaymentsToAcquirePropertyPlantAndEquipment,2012-01-01,2012-03-31,0,10-Q,2013-05-15,2013,Q1
FIEE,PaymentsToAcquirePropertyPlantAndEquipment,2013-01-01,2013-03-31,19414,10-Q,2013-05-15,2013,Q1
FIEE,PaymentsToAcquirePropertyPlantAndEquipment,2014-01-01,2014-03-31,0,10-Q,2015-05-11,2015,Q1
FIEE,PaymentsToAcquirePropertyPlantAndEquipment,2015-01-01,2015-03-31,6838,10-Q,2015-05-11,2015,Q1
FIEE,PaymentsToAcquirePropertyPlantAndEquipment,2016-01-01,2016-03-31,7299,10-Q,2016-05-13,2016,Q1
FIEE,PaymentsToAcquirePropertyPlantAndEquipment,2017-01-01,2017-03-31,192,10-Q,2017-05-12,2017,Q1
FIEE,PaymentsToAcquirePropertyPlantAndEquipment,2018-01-01,2018-03-31,18905,10-Q,2018-05-15,2018,Q1
FIEE,PaymentsToAcquirePropertyPlantAndEquipment,2019-01-01,2019-03-31,0,10-Q,2019-05-15,2019,Q1
FIEE,PaymentsToAcquirePropertyPlantAndEquipment,2020-01-01,2020-03-31,13016,10-Q,2020-05-15,2020,Q1
FIEE,PaymentsToAcquirePropertyPlantAndEquipment,2021-01-01,2021-03-31,257563,10-Q,2021-05-17,2021,Q1
FIEE,PaymentsToAcquirePropertyPlantAndEquipment,2022-01-01,2022-03-31,115103,10-Q,2022-05-12,2022,Q1
FIEE,PaymentsToAcquirePropertyPlantAndEquipment,2023-01-01,2023-03-31,6330,10-Q,2023-11-13,2023,Q1
FIEE,PaymentsToAcquirePropertyPlantAndEquipment,2026-01-01,2026-03-31,518047,10-Q,2026-04-30,2026,Q1
FIS,PaymentsToAcquirePropertyPlantAndEquipment,2009-01-01,2009-03-31,15000000,10-Q,2010-05-05,2010,Q1
FIS,PaymentsToAcquirePropertyPlantAndEquipment,2010-01-01,2010-03-31,20800000,10-Q,2010-05-05,2010,Q1
FIS,PaymentsToAcquirePropertyPlantAndEquipment,2011-01-01,2011-03-31,20400000,10-Q,2011-05-06,2011,Q1
FIS,PaymentsToAcquirePropertyPlantAndEquipment,2012-01-01,2012-03-31,24200000,10-Q,2012-05-04,2012,Q1
FIS,PaymentsToAcquirePropertyPlantAndEquipment,2013-01-01,2013-03-31,31000000,10-Q,2013-05-02,2013,Q1
FIS,PaymentsToAcquirePropertyPlantAndEquipment,2014-01-01,2014-03-31,37900000,10-Q,2014-05-07,2014,Q1
FIS,PaymentsToAcquirePropertyPlantAndEquipment,2015-01-01,2015-03-31,41900000,10-Q,2015-05-08,2015,Q1
FIS,PaymentsToAcquirePropertyPlantAndEquipment,2016-01-01,2016-03-31,34000000,10-Q,2016-05-04,2016,Q1
FIS,PaymentsToAcquirePropertyPlantAndEquipment,2017-01-01,2017-03-31,44000000,10-Q,2017-05-03,2017,Q1
FIS,PaymentsToAcquirePropertyPlantAndEquipment,2018-01-01,2018-03-31,54000000,10-Q,2018-05-02,2018,Q1
FIS,PaymentsToAcquirePropertyPlantAndEquipment,2019-01-01,2019-03-31,37000000,10-Q,2019-04-30,2019,Q1
FIS,PaymentsToAcquirePropertyPlantAndEquipment,2020-01-01,2020-03-31,55000000,10-Q,2020-05-07,2020,Q1
FIS,PaymentsToAcquirePropertyPlantAndEquipment,2021-01-01,2021-03-31,69000000,10-Q,2021-05-06,2021,Q1
FIS,PaymentsToAcquirePropertyPlantAndEquipment,2022-01-01,2022-03-31,108000000,10-Q,2022-05-03,2022,Q1
FIS,PaymentsToAcquirePropertyPlantAndEquipment,2023-01-01,2023-03-31,48000000,10-Q,2023-05-02,2023,Q1
FIS,PaymentsToAcquirePropertyPlantAndEquipment,2024-01-01,2024-03-31,27000000,10-Q,2024-05-07,2024,Q1
FIS,PaymentsToAcquirePropertyPlantAndEquipment,2025-01-01,2025-03-31,37000000,10-Q,2025-05-06,2025,Q1
FIS,PaymentsToAcquirePropertyPlantAndEquipment,2026-01-01,2026-03-31,50000000,10-Q,2026-05-08,2026,Q1
FIVN,PaymentsToAcquirePropertyPlantAndEquipment,2013-01-01,2013-03-31,115000,10-Q,2014-05-14,2014,Q1
FIVN,PaymentsToAcquirePropertyPlantAndEquipment,2014-01-01,2014-03-31,71000,10-Q,2014-05-14,2014,Q1
FIVN,PaymentsToAcquirePropertyPlantAndEquipment,2015-01-01,2015-03-31,198000,10-Q,2015-05-13,2015,Q1
FIVN,PaymentsToAcquirePropertyPlantAndEquipment,2016-01-01,2016-03-31,252000,10-Q,2016-05-10,2016,Q1
FIVN,PaymentsToAcquirePropertyPlantAndEquipment,2017-01-01,2017-03-31,514000,10-Q,2017-05-03,2017,Q1
FIVN,PaymentsToAcquirePropertyPlantAndEquipment,2018-01-01,2018-03-31,433000,10-Q,2018-05-01,2018,Q1
FIVN,PaymentsToAcquirePropertyPlantAndEquipment,2019-01-01,2019-03-31,3985000,10-Q,2019-05-01,2019,Q1
FIVN,PaymentsToAcquirePropertyPlantAndEquipment,2020-01-01,2020-03-31,6045000,10-Q,2020-05-04,2020,Q1
FIVN,PaymentsToAcquirePropertyPlantAndEquipment,2021-01-01,2021-03-31,8229000,10-Q,2021-04-29,2021,Q1
FIVN,PaymentsToAcquirePropertyPlantAndEquipment,2022-01-01,2022-03-31,12398000,10-Q,2022-04-28,2022,Q1
FIVN,PaymentsToAcquirePropertyPlantAndEquipment,2023-01-01,2023-03-31,9928000,10-Q,2023-05-04,2023,Q1
FIVN,PaymentsToAcquirePropertyPlantAndEquipment,2024-01-01,2024-03-31,11951000,10-Q,2024-05-02,2024,Q1
FIVN,PaymentsToAcquirePropertyPlantAndEquipment,2025-01-01,2025-03-31,4724000,10-Q,2025-05-01,2025,Q1
FIVN,PaymentsToAcquirePropertyPlantAndEquipment,2026-01-01,2026-03-31,5265000,10-Q,2026-04-30,2026,Q1
FIX,PaymentsToAcquirePropertyPlantAndEquipment,2010-04-01,2010-06-30,860000,10-Q,2011-08-02,2011,Q2
FIX,PaymentsToAcquirePropertyPlantAndEquipment,2010-07-01,2010-09-30,2021000,10-Q,2011-11-07,2011,Q3
FIX,PaymentsToAcquirePropertyPlantAndEquipment,2011-01-01,2011-03-31,2360000,10-Q,2012-05-02,2012,Q1
FIX,PaymentsToAcquirePropertyPlantAndEquipment,2011-04-01,2011-06-30,1544000,10-Q,2011-08-02,2011,Q2
FIX,PaymentsToAcquirePropertyPlantAndEquipment,2011-07-01,2011-09-30,2548000,10-Q,2011-11-07,2011,Q3
FIX,PaymentsToAcquirePropertyPlantAndEquipment,2012-01-01,2012-03-31,2094000,10-Q,2012-05-02,2012,Q1
FIX,PaymentsToAcquirePropertyPlantAndEquipment,2012-04-01,2012-06-30,4494000,10-Q,2012-08-01,2012,Q2
FIX,PaymentsToAcquirePropertyPlantAndEquipment,2012-07-01,2012-09-30,2817000,10-Q,2012-11-01,2012,Q3
FIX,PaymentsToAcquirePropertyPlantAndEquipment,2013-01-01,2013-03-31,3208000,10-Q,2013-05-01,2013,Q1
FIX,PaymentsToAcquirePropertyPlantAndEquipment,2013-04-01,2013-06-30,4029000,10-Q,2013-07-31,2013,Q2
FIX,PaymentsToAcquirePropertyPlantAndEquipment,2013-07-01,2013-09-30,5234000,10-Q,2013-10-30,2013,Q3
FIX,PaymentsToAcquirePropertyPlantAndEquipment,2014-01-01,2014-03-31,3882000,10-Q,2014-04-30,2014,Q1
FIX,PaymentsToAcquirePropertyPlantAndEquipment,2014-04-01,2014-06-30,4452000,10-Q,2014-07-30,2014,Q2
FIX,PaymentsToAcquirePropertyPlantAndEquipment,2014-07-01,2014-09-30,7033000,10-Q,2014-10-29,2014,Q3
FIX,PaymentsToAcquirePropertyPlantAndEquipment,2015-01-01,2015-03-31,3623000,10-Q,2015-04-29,2015,Q1
FIX,PaymentsToAcquirePropertyPlantAndEquipment,2015-04-01,2015-06-30,5685000,10-Q,2015-07-30,2015,Q2
FIX,PaymentsToAcquirePropertyPlantAndEquipment,2016-01-01,2016-03-31,3765000,10-Q,2016-04-27,2016,Q1
FIX,PaymentsToAcquirePropertyPlantAndEquipment,2017-01-01,2017-03-31,5077000,10-Q,2017-04-26,2017,Q1
FIX,PaymentsToAcquirePropertyPlantAndEquipment,2018-01-01,2018-03-31,5588000,10-Q,2018-04-26,2018,Q1
FIX,PaymentsToAcquirePropertyPlantAndEquipment,2019-01-01,2019-03-31,8844000,10-Q,2019-04-25,2019,Q1
FIX,PaymentsToAcquirePropertyPlantAndEquipment,2020-01-01,2020-03-31,7497000,10-Q,2020-04-27,2020,Q1
FIX,PaymentsToAcquirePropertyPlantAndEquipment,2021-01-01,2021-03-31,4812000,10-Q,2021-04-28,2021,Q1
FIX,PaymentsToAcquirePropertyPlantAndEquipment,2022-01-01,2022-03-31,9192000,10-Q,2022-04-27,2022,Q1
FIX,PaymentsToAcquirePropertyPlantAndEquipment,2023-01-01,2023-03-31,16520000,10-Q,2023-04-26,2023,Q1
FIX,PaymentsToAcquirePropertyPlantAndEquipment,2024-01-01,2024-03-31,24952000,10-Q,2024-04-25,2024,Q1
FIX,PaymentsToAcquirePropertyPlantAndEquipment,2025-01-01,2025-03-31,22208000,10-Q,2025-04-24,2025,Q1
FIX,PaymentsToAcquirePropertyPlantAndEquipment,2026-01-01,2026-03-31,147473000,10-Q,2026-04-23,2026,Q1
FLNC,PaymentsToAcquirePropertyPlantAndEquipment,2020-10-01,2020-12-31,1055000,10-Q,2022-02-11,2022,Q1
FLNC,PaymentsToAcquirePropertyPlantAndEquipment,2021-10-01,2021-12-31,870000,10-Q,2022-02-11,2022,Q1
FLNC,PaymentsToAcquirePropertyPlantAndEquipment,2022-10-01,2022-12-31,2496000,10-Q,2023-02-10,2023,Q1
FLNC,PaymentsToAcquirePropertyPlantAndEquipment,2023-10-01,2023-12-31,1468000,10-Q,2024-02-08,2024,Q1
FLNC,PaymentsToAcquirePropertyPlantAndEquipment,2024-10-01,2024-12-31,2109000,10-Q,2025-02-10,2025,Q1
FLNC,PaymentsToAcquirePropertyPlantAndEquipment,2025-10-01,2025-12-31,5827000,10-Q,2026-02-04,2026,Q1
FLR,PaymentsToAcquirePropertyPlantAndEquipment,2008-01-01,2008-03-31,58803000,10-Q,2009-05-11,2009,Q1
FLR,PaymentsToAcquirePropertyPlantAndEquipment,2009-01-01,2009-03-31,53149000,10-Q,2009-05-11,2009,Q1
FLR,PaymentsToAcquirePropertyPlantAndEquipment,2010-01-01,2010-03-31,47998000,10-Q,2010-05-10,2010,Q1
FLR,PaymentsToAcquirePropertyPlantAndEquipment,2011-01-01,2011-03-31,55632000,10-Q,2011-05-05,2011,Q1
FLR,PaymentsToAcquirePropertyPlantAndEquipment,2012-01-01,2012-03-31,54319000,10-Q,2012-05-03,2012,Q1
FLR,PaymentsToAcquirePropertyPlantAndEquipment,2013-01-01,2013-03-31,56906000,10-Q,2013-05-02,2013,Q1
FLR,PaymentsToAcquirePropertyPlantAndEquipment,2014-01-01,2014-03-31,66628000,10-Q,2014-05-01,2014,Q1
FLR,PaymentsToAcquirePropertyPlantAndEquipment,2015-01-01,2015-03-31,73883000,10-Q,2015-04-30,2015,Q1
FLR,PaymentsToAcquirePropertyPlantAndEquipment,2016-01-01,2016-03-31,48576000,10-Q,2016-05-05,2016,Q1
FLR,PaymentsToAcquirePropertyPlantAndEquipment,2017-01-01,2017-03-31,66884000,10-Q,2017-05-04,2017,Q1
FLR,PaymentsToAcquirePropertyPlantAndEquipment,2018-01-01,2018-03-31,65082000,10-Q,2018-05-03,2018,Q1
FLR,PaymentsToAcquirePropertyPlantAndEquipment,2019-01-01,2019-03-31,48172000,10-Q,2019-05-02,2019,Q1
FLR,PaymentsToAcquirePropertyPlantAndEquipment,2020-01-01,2020-03-31,30094000,10-Q,2020-10-22,2020,Q1
FLR,PaymentsToAcquirePropertyPlantAndEquipment,2021-01-01,2021-03-31,30141000,10-Q,2021-05-07,2021,Q1
FLR,PaymentsToAcquirePropertyPlantAndEquipment,2022-01-01,2022-03-31,10000000,10-Q,2022-05-06,2022,Q1
FLR,PaymentsToAcquirePropertyPlantAndEquipment,2023-01-01,2023-03-31,20000000,10-Q,2023-05-05,2023,Q1
FLR,PaymentsToAcquirePropertyPlantAndEquipment,2024-01-01,2024-03-31,34000000,10-Q,2024-05-03,2024,Q1
FLR,PaymentsToAcquirePropertyPlantAndEquipment,2025-01-01,2025-03-31,11000000,10-Q,2025-05-02,2025,Q1
FLR,PaymentsToAcquirePropertyPlantAndEquipment,2026-01-01,2026-03-31,11000000,10-Q,2026-05-08,2026,Q1
FMC,PaymentsToAcquirePropertyPlantAndEquipment,2009-01-01,2009-03-31,31000000,10-Q,2010-05-05,2010,Q1
FMC,PaymentsToAcquirePropertyPlantAndEquipment,2010-01-01,2010-03-31,31000000,10-Q,2010-05-05,2010,Q1
FMC,PaymentsToAcquirePropertyPlantAndEquipment,2011-01-01,2011-03-31,30400000,10-Q,2011-05-05,2011,Q1
FMC,PaymentsToAcquirePropertyPlantAndEquipment,2012-01-01,2012-03-31,38800000,10-Q,2012-05-01,2012,Q1
FMC,PaymentsToAcquirePropertyPlantAndEquipment,2013-01-01,2013-03-31,47600000,10-Q,2013-05-01,2013,Q1
FMC,PaymentsToAcquirePropertyPlantAndEquipment,2014-01-01,2014-03-31,75300000,10-Q,2014-05-07,2014,Q1
FMC,PaymentsToAcquirePropertyPlantAndEquipment,2015-01-01,2015-03-31,36900000,10-Q,2015-05-11,2015,Q1
FMC,PaymentsToAcquirePropertyPlantAndEquipment,2016-01-01,2016-03-31,41800000,10-Q,2016-05-03,2016,Q1
FMC,PaymentsToAcquirePropertyPlantAndEquipment,2017-01-01,2017-03-31,8700000,10-Q,2017-05-03,2017,Q1
FMC,PaymentsToAcquirePropertyPlantAndEquipment,2018-01-01,2018-03-31,24300000,10-Q,2018-05-03,2018,Q1
FMC,PaymentsToAcquirePropertyPlantAndEquipment,2019-01-01,2019-03-31,19100000,10-Q,2019-05-08,2019,Q1
FMC,PaymentsToAcquirePropertyPlantAndEquipment,2020-01-01,2020-03-31,15500000,10-Q,2020-05-06,2020,Q1
FMC,PaymentsToAcquirePropertyPlantAndEquipment,2021-01-01,2021-03-31,25000000,10-Q,2021-05-06,2021,Q1
FMC,PaymentsToAcquirePropertyPlantAndEquipment,2022-01-01,2022-03-31,50300000,10-Q,2022-05-03,2022,Q1
FMC,PaymentsToAcquirePropertyPlantAndEquipment,2023-01-01,2023-03-31,46900000,10-Q,2023-05-02,2023,Q1
FMC,PaymentsToAcquirePropertyPlantAndEquipment,2024-01-01,2024-03-31,20700000,10-Q,2024-05-07,2024,Q1
FMC,PaymentsToAcquirePropertyPlantAndEquipment,2025-01-01,2025-03-31,31600000,10-Q,2025-05-01,2025,Q1
FMC,PaymentsToAcquirePropertyPlantAndEquipment,2026-01-01,2026-03-31,16600000,10-Q,2026-04-30,2026,Q1
FORA,PaymentsToAcquirePropertyPlantAndEquipment,2020-01-01,2020-03-31,2350,10-Q,2021-05-17,2021,Q1
FORA,PaymentsToAcquirePropertyPlantAndEquipment,2021-01-01,2021-03-31,64041,10-Q,2021-05-17,2021,Q1
FORA,PaymentsToAcquirePropertyPlantAndEquipment,2022-01-01,2022-03-31,902420,10-Q,2022-05-13,2022,Q1
FORA,PaymentsToAcquirePropertyPlantAndEquipment,2023-01-01,2023-03-31,75493,10-Q,2023-05-15,2023,Q1
FORA,PaymentsToAcquirePropertyPlantAndEquipment,2024-01-01,2024-03-31,0,10-Q,2024-05-14,2024,Q1
FORM,PaymentsToAcquirePropertyPlantAndEquipment,2010-12-26,2011-03-26,1537000,10-Q,2012-05-01,2012,Q1
FORM,PaymentsToAcquirePropertyPlantAndEquipment,2012-01-01,2012-03-31,1804000,10-Q,2012-05-01,2012,Q1
FORM,PaymentsToAcquirePropertyPlantAndEquipment,2012-12-30,2013-03-30,2725000,10-Q,2014-05-06,2014,Q1
FORM,PaymentsToAcquirePropertyPlantAndEquipment,2013-01-01,2013-03-30,2725000,10-Q,2013-05-03,2013,Q1
FORM,PaymentsToAcquirePropertyPlantAndEquipment,2013-12-29,2014-03-29,1638000,10-Q,2014-05-06,2014,Q1
FORM,PaymentsToAcquirePropertyPlantAndEquipment,2014-12-28,2015-03-28,1443000,10-Q,2015-04-29,2015,Q1
FORM,PaymentsToAcquirePropertyPlantAndEquipment,2015-12-27,2016-03-26,1111000,10-Q,2016-04-27,2016,Q1
FORM,PaymentsToAcquirePropertyPlantAndEquipment,2017-01-01,2017-04-01,3465000,10-Q,2017-05-10,2017,Q1
FORM,PaymentsToAcquirePropertyPlantAndEquipment,2017-12-31,2018-03-31,3831000,10-Q,2018-05-08,2018,Q1
FORM,PaymentsToAcquirePropertyPlantAndEquipment,2018-12-30,2019-03-30,6028000,10-Q,2019-05-07,2019,Q1
FORM,PaymentsToAcquirePropertyPlantAndEquipment,2019-12-29,2020-03-28,12050000,10-Q,2020-05-07,2020,Q1
FORM,PaymentsToAcquirePropertyPlantAndEquipment,2020-12-27,2021-03-27,13470000,10-Q,2021-05-04,2021,Q1
FORM,PaymentsToAcquirePropertyPlantAndEquipment,2021-12-26,2022-03-26,15606000,10-Q,2022-05-03,2022,Q1
FORM,PaymentsToAcquirePropertyPlantAndEquipment,2023-01-01,2023-04-01,19701000,10-Q,2023-05-09,2023,Q1
FORM,PaymentsToAcquirePropertyPlantAndEquipment,2023-12-31,2024-03-30,13436000,10-Q,2024-05-07,2024,Q1
FORM,PaymentsToAcquirePropertyPlantAndEquipment,2024-12-29,2025-03-29,18584000,10-Q,2025-05-06,2025,Q1
FORM,PaymentsToAcquirePropertyPlantAndEquipment,2025-12-28,2026-03-28,15192000,10-Q,2026-05-05,2026,Q1
FORR,PaymentsToAcquirePropertyPlantAndEquipment,2011-01-01,2011-03-31,10711000,10-Q,2012-05-03,2012,Q1
FORR,PaymentsToAcquirePropertyPlantAndEquipment,2012-01-01,2012-03-31,2418000,10-Q,2012-05-03,2012,Q1
FORR,PaymentsToAcquirePropertyPlantAndEquipment,2013-01-01,2013-03-31,939000,10-Q,2013-05-10,2013,Q1
FORR,PaymentsToAcquirePropertyPlantAndEquipment,2014-01-01,2014-03-31,680000,10-Q,2014-05-09,2014,Q1
FORR,PaymentsToAcquirePropertyPlantAndEquipment,2015-01-01,2015-03-31,948000,10-Q,2015-05-07,2015,Q1
FORR,PaymentsToAcquirePropertyPlantAndEquipment,2016-01-01,2016-03-31,1144000,10-Q,2016-05-10,2016,Q1
FORR,PaymentsToAcquirePropertyPlantAndEquipment,2017-01-01,2017-03-31,1540000,10-Q,2017-05-09,2017,Q1
FORR,PaymentsToAcquirePropertyPlantAndEquipment,2018-01-01,2018-03-31,1324000,10-Q,2018-05-10,2018,Q1
FORR,PaymentsToAcquirePropertyPlantAndEquipment,2019-01-01,2019-03-31,2772000,10-Q,2019-05-10,2019,Q1
FORR,PaymentsToAcquirePropertyPlantAndEquipment,2020-01-01,2020-03-31,2401000,10-Q,2020-05-11,2020,Q1
FORR,PaymentsToAcquirePropertyPlantAndEquipment,2021-01-01,2021-03-31,1468000,10-Q,2021-05-06,2021,Q1
FORR,PaymentsToAcquirePropertyPlantAndEquipment,2022-01-01,2022-03-31,1262000,10-Q,2022-05-06,2022,Q1
FORR,PaymentsToAcquirePropertyPlantAndEquipment,2023-01-01,2023-03-31,1632000,10-Q,2023-05-09,2023,Q1
FORR,PaymentsToAcquirePropertyPlantAndEquipment,2024-01-01,2024-03-31,1426000,10-Q,2024-05-03,2024,Q1
FORR,PaymentsToAcquirePropertyPlantAndEquipment,2025-01-01,2025-03-31,648000,10-Q,2025-05-12,2025,Q1
FORR,PaymentsToAcquirePropertyPlantAndEquipment,2026-01-01,2026-03-31,6198000,10-Q,2026-05-08,2026,Q1
FOXF,PaymentsToAcquirePropertyPlantAndEquipment,2013-01-01,2013-03-31,861000,10-Q,2014-05-07,2014,Q1
FOXF,PaymentsToAcquirePropertyPlantAndEquipment,2014-01-01,2014-03-31,940000,10-Q,2014-05-07,2014,Q1
FOXF,PaymentsToAcquirePropertyPlantAndEquipment,2015-01-01,2015-03-31,1548000,10-Q,2015-05-06,2015,Q1
FOXF,PaymentsToAcquirePropertyPlantAndEquipment,2016-01-01,2016-04-01,4354000,10-Q,2016-05-04,2016,Q1
FOXF,PaymentsToAcquirePropertyPlantAndEquipment,2016-12-31,2017-03-31,2726000,10-Q,2017-05-03,2017,Q1
FOXF,PaymentsToAcquirePropertyPlantAndEquipment,2017-12-30,2018-03-30,3975000,10-Q,2018-05-02,2018,Q1
FOXF,PaymentsToAcquirePropertyPlantAndEquipment,2018-12-29,2019-03-29,7297000,10-Q,2019-05-01,2019,Q1
FOXF,PaymentsToAcquirePropertyPlantAndEquipment,2020-01-04,2020-04-03,12841000,10-Q,2020-05-06,2020,Q1
FOXF,PaymentsToAcquirePropertyPlantAndEquipment,2021-01-02,2021-04-02,16885000,10-Q,2021-05-06,2021,Q1
FOXF,PaymentsToAcquirePropertyPlantAndEquipment,2022-01-01,2022-04-01,8191000,10-Q,2022-05-05,2022,Q1
FOXF,PaymentsToAcquirePropertyPlantAndEquipment,2022-12-31,2023-03-31,11118000,10-Q,2023-05-04,2023,Q1
FOXF,PaymentsToAcquirePropertyPlantAndEquipment,2023-12-30,2024-03-29,9907000,10-Q,2024-05-03,2024,Q1
FOXF,PaymentsToAcquirePropertyPlantAndEquipment,2025-01-04,2025-04-04,7180000,10-Q,2025-05-09,2025,Q1
FOXF,PaymentsToAcquirePropertyPlantAndEquipment,2026-01-03,2026-04-03,5390000,10-Q,2026-05-08,2026,Q1
FROG,PaymentsToAcquirePropertyPlantAndEquipment,2020-01-01,2020-03-31,1149000,10-Q,2021-05-07,2021,Q1
FROG,PaymentsToAcquirePropertyPlantAndEquipment,2021-01-01,2021-03-31,1135000,10-Q,2021-05-07,2021,Q1
FROG,PaymentsToAcquirePropertyPlantAndEquipment,2022-01-01,2022-03-31,1143000,10-Q,2022-05-09,2022,Q1
FROG,PaymentsToAcquirePropertyPlantAndEquipment,2023-01-01,2023-03-31,266000,10-Q,2023-05-04,2023,Q1
FROG,PaymentsToAcquirePropertyPlantAndEquipment,2024-01-01,2024-03-31,841000,10-Q,2024-05-10,2024,Q1
FROG,PaymentsToAcquirePropertyPlantAndEquipment,2025-01-01,2025-03-31,647000,10-Q,2025-05-09,2025,Q1
FROG,PaymentsToAcquirePropertyPlantAndEquipment,2026-01-01,2026-03-31,1070000,10-Q,2026-05-08,2026,Q1
FRSH,PaymentsToAcquirePropertyPlantAndEquipment,2021-01-01,2021-03-31,1987000,10-Q,2022-05-06,2022,Q1
FRSH,PaymentsToAcquirePropertyPlantAndEquipment,2022-01-01,2022-03-31,1397000,10-Q,2022-05-06,2022,Q1
FRSH,PaymentsToAcquirePropertyPlantAndEquipment,2023-01-01,2023-03-31,383000,10-Q,2023-05-04,2023,Q1
FRSH,PaymentsToAcquirePropertyPlantAndEquipment,2024-01-01,2024-03-31,739000,10-Q,2024-05-01,2024,Q1
FRSH,PaymentsToAcquirePropertyPlantAndEquipment,2025-01-01,2025-03-31,1296000,10-Q,2025-04-29,2025,Q1
FRSH,PaymentsToAcquirePropertyPlantAndEquipment,2026-01-01,2026-03-31,3901000,10-Q,2026-05-05,2026,Q1
FSLY,PaymentsToAcquirePropertyPlantAndEquipment,2019-01-01,2019-03-31,4025000,10-Q,2020-05-08,2020,Q1
FSLY,PaymentsToAcquirePropertyPlantAndEquipment,2020-01-01,2020-03-31,10221000,10-Q,2020-05-08,2020,Q1
FSLY,PaymentsToAcquirePropertyPlantAndEquipment,2021-01-01,2021-03-31,8079000,10-Q,2021-05-07,2021,Q1
FSLY,PaymentsToAcquirePropertyPlantAndEquipment,2022-01-01,2022-03-31,2387000,10-Q,2022-05-05,2022,Q1
FSLY,PaymentsToAcquirePropertyPlantAndEquipment,2023-01-01,2023-03-31,3494000,10-Q,2023-05-03,2023,Q1
FSLY,PaymentsToAcquirePropertyPlantAndEquipment,2024-01-01,2024-03-31,1603000,10-Q,2024-05-01,2024,Q1
FSLY,PaymentsToAcquirePropertyPlantAndEquipment,2025-01-01,2025-03-31,2605000,10-Q,2025-05-07,2025,Q1
FSLY,PaymentsToAcquirePropertyPlantAndEquipment,2026-01-01,2026-03-31,21021000,10-Q,2026-05-06,2026,Q1
FSTR,PaymentsToAcquirePropertyPlantAndEquipment,2011-01-01,2011-03-31,2864000,10-Q,2012-05-08,2012,Q1
FSTR,PaymentsToAcquirePropertyPlantAndEquipment,2012-01-01,2012-03-31,2506000,10-Q,2012-05-08,2012,Q1
FSTR,PaymentsToAcquirePropertyPlantAndEquipment,2013-01-01,2013-03-31,1031000,10-Q,2013-05-07,2013,Q1
FSTR,PaymentsToAcquirePropertyPlantAndEquipment,2014-01-01,2014-03-31,3499000,10-Q,2014-05-05,2014,Q1
FSTR,PaymentsToAcquirePropertyPlantAndEquipment,2015-01-01,2015-03-31,4466000,10-Q,2015-05-06,2015,Q1
FSTR,PaymentsToAcquirePropertyPlantAndEquipment,2016-01-01,2016-03-31,3125000,10-Q,2016-05-04,2016,Q1
FSTR,PaymentsToAcquirePropertyPlantAndEquipment,2017-01-01,2017-03-31,3453000,10-Q,2017-05-03,2017,Q1
FSTR,PaymentsToAcquirePropertyPlantAndEquipment,2018-01-01,2018-03-31,723000,10-Q,2018-05-02,2018,Q1
FSTR,PaymentsToAcquirePropertyPlantAndEquipment,2019-01-01,2019-03-31,2572000,10-Q,2019-05-10,2019,Q1
FSTR,PaymentsToAcquirePropertyPlantAndEquipment,2020-01-01,2020-03-31,4444000,10-Q,2020-05-06,2020,Q1
FSTR,PaymentsToAcquirePropertyPlantAndEquipment,2021-01-01,2021-03-31,1327000,10-Q,2021-05-05,2021,Q1
FSTR,PaymentsToAcquirePropertyPlantAndEquipment,2022-01-01,2022-03-31,1764000,10-Q,2022-05-10,2022,Q1
FSTR,PaymentsToAcquirePropertyPlantAndEquipment,2023-01-01,2023-03-31,699000,10-Q,2023-05-10,2023,Q1
FSTR,PaymentsToAcquirePropertyPlantAndEquipment,2024-01-01,2024-03-31,2292000,10-Q,2024-05-07,2024,Q1
FSTR,PaymentsToAcquirePropertyPlantAndEquipment,2025-01-01,2025-03-31,2575000,10-Q,2025-05-06,2025,Q1
FSTR,PaymentsToAcquirePropertyPlantAndEquipment,2026-01-01,2026-03-31,2960000,10-Q,2026-05-04,2026,Q1
FTI,PaymentsToAcquirePropertyPlantAndEquipment,2016-01-01,2016-03-31,25500000,10-Q,2017-05-04,2017,Q1
FTI,PaymentsToAcquirePropertyPlantAndEquipment,2017-01-01,2017-03-31,51200000,10-Q,2017-05-04,2017,Q1
FTI,PaymentsToAcquirePropertyPlantAndEquipment,2018-01-01,2018-03-31,53200000,10-Q,2018-05-15,2018,Q1
FTI,PaymentsToAcquirePropertyPlantAndEquipment,2019-01-01,2019-03-31,178200000,10-Q,2019-05-09,2019,Q1
FTI,PaymentsToAcquirePropertyPlantAndEquipment,2020-01-01,2020-03-31,83500000,10-Q,2020-05-04,2020,Q1
FTI,PaymentsToAcquirePropertyPlantAndEquipment,2021-01-01,2021-03-31,44200000,10-Q,2021-05-03,2021,Q1
FTI,PaymentsToAcquirePropertyPlantAndEquipment,2022-01-01,2022-03-31,27300000,10-Q,2022-05-02,2022,Q1
FTI,PaymentsToAcquirePropertyPlantAndEquipment,2023-01-01,2023-03-31,57300000,10-Q,2023-04-27,2023,Q1
FTI,PaymentsToAcquirePropertyPlantAndEquipment,2024-01-01,2024-03-31,52000000,10-Q,2024-04-26,2024,Q1
FTI,PaymentsToAcquirePropertyPlantAndEquipment,2025-01-01,2025-03-31,61800000,10-Q,2025-04-24,2025,Q1
FTI,PaymentsToAcquirePropertyPlantAndEquipment,2026-01-01,2026-03-31,55600000,10-Q,2026-04-30,2026,Q1
FTNT,PaymentsToAcquirePropertyPlantAndEquipment,2018-01-01,2018-03-31,11600000,10-Q,2019-05-08,2019,Q1
FTNT,PaymentsToAcquirePropertyPlantAndEquipment,2019-01-01,2019-03-31,10200000,10-Q,2019-05-08,2019,Q1
FTNT,PaymentsToAcquirePropertyPlantAndEquipment,2020-01-01,2020-03-31,27600000,10-Q,2020-05-07,2020,Q1
FTNT,PaymentsToAcquirePropertyPlantAndEquipment,2021-01-01,2021-03-31,52100000,10-Q,2021-05-03,2021,Q1
FTNT,PaymentsToAcquirePropertyPlantAndEquipment,2022-01-01,2022-03-31,122600000,10-Q,2022-05-06,2022,Q1
FTNT,PaymentsToAcquirePropertyPlantAndEquipment,2023-01-01,2023-03-31,30300000,10-Q,2023-05-08,2023,Q1
FTNT,PaymentsToAcquirePropertyPlantAndEquipment,2024-01-01,2024-03-31,221900000,10-Q,2024-05-06,2024,Q1
FTNT,PaymentsToAcquirePropertyPlantAndEquipment,2025-01-01,2025-03-31,66500000,10-Q,2025-05-08,2025,Q1
FTNT,PaymentsToAcquirePropertyPlantAndEquipment,2026-01-01,2026-03-31,70600000,10-Q,2026-05-08,2026,Q1
G,PaymentsToAcquirePropertyPlantAndEquipment,2010-01-01,2010-03-31,25044000,10-Q,2011-05-10,2011,Q1
G,PaymentsToAcquirePropertyPlantAndEquipment,2011-01-01,2011-03-31,6187000,10-Q,2011-05-10,2011,Q1
G,PaymentsToAcquirePropertyPlantAndEquipment,2012-01-01,2012-03-31,21916000,10-Q,2012-05-10,2012,Q1
G,PaymentsToAcquirePropertyPlantAndEquipment,2013-01-01,2013-03-31,14623000,10-Q,2013-05-10,2013,Q1
G,PaymentsToAcquirePropertyPlantAndEquipment,2014-01-01,2014-03-31,14530000,10-Q,2014-05-09,2014,Q1
G,PaymentsToAcquirePropertyPlantAndEquipment,2015-01-01,2015-03-31,13991000,10-Q,2015-05-08,2015,Q1
G,PaymentsToAcquirePropertyPlantAndEquipment,2016-01-01,2016-03-31,25495000,10-Q,2016-05-09,2016,Q1
G,PaymentsToAcquirePropertyPlantAndEquipment,2017-01-01,2017-03-31,19698000,10-Q,2017-05-10,2017,Q1
G,PaymentsToAcquirePropertyPlantAndEquipment,2018-01-01,2018-03-31,18706000,10-Q,2018-05-10,2018,Q1
G,PaymentsToAcquirePropertyPlantAndEquipment,2019-01-01,2019-03-31,14072000,10-Q,2019-05-10,2019,Q1
G,PaymentsToAcquirePropertyPlantAndEquipment,2020-01-01,2020-03-31,20956000,10-Q,2020-05-11,2020,Q1
G,PaymentsToAcquirePropertyPlantAndEquipment,2021-01-01,2021-03-31,12010000,10-Q,2021-05-10,2021,Q1
G,PaymentsToAcquirePropertyPlantAndEquipment,2022-01-01,2022-03-31,16744000,10-Q,2022-05-10,2022,Q1
G,PaymentsToAcquirePropertyPlantAndEquipment,2023-01-01,2023-03-31,12578000,10-Q,2023-05-10,2023,Q1
G,PaymentsToAcquirePropertyPlantAndEquipment,2024-01-01,2024-03-31,24005000,10-Q,2024-05-10,2024,Q1
G,PaymentsToAcquirePropertyPlantAndEquipment,2025-01-01,2025-03-31,21979000,10-Q,2025-05-12,2025,Q1
G,PaymentsToAcquirePropertyPlantAndEquipment,2026-01-01,2026-03-31,23930000,10-Q,2026-05-08,2026,Q1
GBTG,PaymentsToAcquirePropertyPlantAndEquipment,2022-01-01,2022-03-31,21000000,10-Q,2023-05-09,2022,Q3
GBTG,PaymentsToAcquirePropertyPlantAndEquipment,2023-01-01,2023-03-31,32000000,10-Q,2023-05-09,2022,Q3
GBTG,PaymentsToAcquirePropertyPlantAndEquipment,2024-01-01,2024-03-31,25000000,10-Q,2024-05-07,2024,Q1
GBTG,PaymentsToAcquirePropertyPlantAndEquipment,2025-01-01,2025-03-31,27000000,10-Q,2025-05-06,2025,Q1
GBTG,PaymentsToAcquirePropertyPlantAndEquipment,2026-01-01,2026-03-31,37000000,10-Q,2026-05-11,2026,Q1
GDDY,PaymentsToAcquirePropertyPlantAndEquipment,2017-01-01,2017-03-31,19800000,10-Q,2018-05-09,2018,Q1
GDDY,PaymentsToAcquirePropertyPlantAndEquipment,2018-01-01,2018-03-31,16100000,10-Q,2018-05-09,2018,Q1
GDDY,PaymentsToAcquirePropertyPlantAndEquipment,2019-01-01,2019-03-31,29400000,10-Q,2019-05-03,2019,Q1
GDDY,PaymentsToAcquirePropertyPlantAndEquipment,2020-01-01,2020-03-31,13500000,10-Q,2020-05-07,2020,Q1
GDDY,PaymentsToAcquirePropertyPlantAndEquipment,2021-01-01,2021-03-31,9000000,10-Q,2021-05-06,2021,Q1
GDDY,PaymentsToAcquirePropertyPlantAndEquipment,2022-01-01,2022-03-31,12300000,10-Q,2022-05-05,2022,Q1
GDDY,PaymentsToAcquirePropertyPlantAndEquipment,2023-01-01,2023-03-31,22800000,10-Q,2023-05-05,2023,Q1
GDDY,PaymentsToAcquirePropertyPlantAndEquipment,2024-01-01,2024-03-31,4400000,10-Q,2024-05-03,2024,Q1
GDDY,PaymentsToAcquirePropertyPlantAndEquipment,2025-01-01,2025-03-31,3600000,10-Q,2025-05-02,2025,Q1
GDDY,PaymentsToAcquirePropertyPlantAndEquipment,2026-01-01,2026-03-31,4600000,10-Q,2026-05-01,2026,Q1
GDYN,PaymentsToAcquirePropertyPlantAndEquipment,2019-01-01,2019-03-31,226000,10-Q,2020-05-11,2020,Q1
GDYN,PaymentsToAcquirePropertyPlantAndEquipment,2020-01-01,2020-03-31,692000,10-Q,2020-05-11,2020,Q1
GDYN,PaymentsToAcquirePropertyPlantAndEquipment,2021-01-01,2021-03-31,851000,10-Q,2021-05-06,2021,Q1
GDYN,PaymentsToAcquirePropertyPlantAndEquipment,2022-01-01,2022-03-31,1653000,10-Q,2022-05-05,2022,Q1
GDYN,PaymentsToAcquirePropertyPlantAndEquipment,2023-01-01,2023-03-31,1589000,10-Q,2023-05-04,2023,Q1
GDYN,PaymentsToAcquirePropertyPlantAndEquipment,2024-01-01,2024-03-31,3197000,10-Q,2024-05-02,2024,Q1
GDYN,PaymentsToAcquirePropertyPlantAndEquipment,2025-01-01,2025-03-31,3339000,10-Q,2025-05-01,2025,Q1
GDYN,PaymentsToAcquirePropertyPlantAndEquipment,2026-01-01,2026-03-31,3960000,10-Q,2026-04-30,2026,Q1
GE,PaymentsToAcquirePropertyPlantAndEquipment,2009-01-01,2009-03-31,2560000000,10-Q,2010-05-07,2010,Q1
GE,PaymentsToAcquirePropertyPlantAndEquipment,2010-01-01,2010-03-31,1302000000,10-Q,2010-05-07,2010,Q1
GE,PaymentsToAcquirePropertyPlantAndEquipment,2011-01-01,2011-03-31,3169000000,10-Q,2011-05-06,2011,Q1
GE,PaymentsToAcquirePropertyPlantAndEquipment,2012-01-01,2012-03-31,3295000000,10-Q,2012-05-04,2012,Q1
GE,PaymentsToAcquirePropertyPlantAndEquipment,2013-01-01,2013-03-31,3644000000,10-Q,2013-05-08,2013,Q1
GE,PaymentsToAcquirePropertyPlantAndEquipment,2014-01-01,2014-03-31,3361000000,10-Q,2014-05-12,2014,Q1
GE,PaymentsToAcquirePropertyPlantAndEquipment,2015-01-01,2015-03-31,3011000000,10-Q,2015-05-04,2015,Q1
GE,PaymentsToAcquirePropertyPlantAndEquipment,2016-01-01,2016-03-31,1556000000,10-Q,2016-05-04,2016,Q1
GE,PaymentsToAcquirePropertyPlantAndEquipment,2017-01-01,2017-03-31,1470000000,10-Q,2017-05-05,2017,Q1
GE,PaymentsToAcquirePropertyPlantAndEquipment,2018-01-01,2018-03-31,1818000000,10-Q,2018-05-01,2018,Q1
GE,PaymentsToAcquirePropertyPlantAndEquipment,2019-01-01,2019-03-31,1680000000,10-Q,2019-04-30,2019,Q1
GE,PaymentsToAcquirePropertyPlantAndEquipment,2020-01-01,2020-03-31,1027000000,10-Q,2020-04-29,2019,Q3
GE,PaymentsToAcquirePropertyPlantAndEquipment,2021-01-01,2021-03-31,332000000,10-Q,2021-04-27,2021,Q1
GE,PaymentsToAcquirePropertyPlantAndEquipment,2022-01-01,2022-03-31,340000000,10-Q,2022-04-26,2022,Q1
GE,PaymentsToAcquirePropertyPlantAndEquipment,2023-01-01,2023-03-31,279000000,10-Q,2023-04-25,2023,Q1
GEHC,PaymentsToAcquirePropertyPlantAndEquipment,2022-01-01,2022-03-31,100000000,10-Q,2023-04-25,2023,Q1
GEHC,PaymentsToAcquirePropertyPlantAndEquipment,2023-01-01,2023-03-31,143000000,10-Q,2023-04-25,2023,Q1
GEN,PaymentsToAcquirePropertyPlantAndEquipment,2008-03-28,2008-07-04,58000000,10-Q,2009-08-05,2009,Q1
GEN,PaymentsToAcquirePropertyPlantAndEquipment,2009-04-03,2009-07-03,54000000,10-Q,2009-08-05,2009,Q1
GEN,PaymentsToAcquirePropertyPlantAndEquipment,2009-04-04,2009-07-03,54000000,10-Q,2010-08-04,2010,Q1
GEN,PaymentsToAcquirePropertyPlantAndEquipment,2010-04-03,2010-07-02,52000000,10-Q,2010-08-04,2010,Q1
GEN,PaymentsToAcquirePropertyPlantAndEquipment,2011-04-02,2011-07-01,51000000,10-Q,2011-08-03,2011,Q1
GEN,PaymentsToAcquirePropertyPlantAndEquipment,2012-03-31,2012-06-29,79000000,10-Q,2012-07-31,2012,Q1
GEN,PaymentsToAcquirePropertyPlantAndEquipment,2013-03-30,2013-06-28,61000000,10-Q,2013-07-31,2013,Q1
GEN,PaymentsToAcquirePropertyPlantAndEquipment,2014-03-29,2014-07-04,92000000,10-Q,2014-08-08,2015,Q1
GEN,PaymentsToAcquirePropertyPlantAndEquipment,2015-04-04,2015-07-03,78000000,10-Q,2015-08-12,2016,Q1
GEN,PaymentsToAcquirePropertyPlantAndEquipment,2016-04-02,2016-07-01,22000000,10-Q,2016-08-05,2017,Q1
GEN,PaymentsToAcquirePropertyPlantAndEquipment,2017-04-01,2017-06-30,47000000,10-Q,2017-08-04,2018,Q1
GEN,PaymentsToAcquirePropertyPlantAndEquipment,2018-03-31,2018-06-29,44000000,10-Q,2018-11-16,2019,Q1
GEN,PaymentsToAcquirePropertyPlantAndEquipment,2019-03-30,2019-07-05,49000000,10-Q,2019-08-09,2020,Q1
GEN,PaymentsToAcquirePropertyPlantAndEquipment,2020-04-04,2020-07-03,1000000,10-Q,2020-08-06,2021,Q1
GEN,PaymentsToAcquirePropertyPlantAndEquipment,2021-04-03,2021-07-02,1000000,10-Q,2021-08-02,2022,Q1
GEN,PaymentsToAcquirePropertyPlantAndEquipment,2022-04-02,2022-07-01,2000000,10-Q,2022-08-05,2023,Q1
GEN,PaymentsToAcquirePropertyPlantAndEquipment,2023-04-01,2023-06-30,4000000,10-Q,2023-08-04,2024,Q1
GEN,PaymentsToAcquirePropertyPlantAndEquipment,2024-03-30,2024-06-28,2000000,10-Q,2024-08-07,2025,Q1
GEN,PaymentsToAcquirePropertyPlantAndEquipment,2025-03-29,2025-07-04,4000000,10-Q,2025-08-13,2026,Q1
GEN,PaymentsToAcquirePropertyPlantAndEquipment,2026-04-04,2026-07-03,4000000,10-Q,2026-08-07,2027,Q1
GFF,PaymentsToAcquirePropertyPlantAndEquipment,2010-10-01,2010-12-31,17930000,10-Q,2012-02-02,2012,Q1
GFF,PaymentsToAcquirePropertyPlantAndEquipment,2011-04-01,2011-06-30,23237000,10-Q,2012-08-03,2012,Q3
GFF,PaymentsToAcquirePropertyPlantAndEquipment,2011-10-01,2011-12-31,19892000,10-Q,2012-02-02,2012,Q1
GFF,PaymentsToAcquirePropertyPlantAndEquipment,2012-01-01,2012-03-31,20313000,10-Q,2013-05-08,2013,Q2
GFF,PaymentsToAcquirePropertyPlantAndEquipment,2012-04-01,2012-06-30,17490000,10-Q,2012-08-03,2012,Q3
GFF,PaymentsToAcquirePropertyPlantAndEquipment,2012-10-01,2012-12-31,17288000,10-Q,2013-02-01,2013,Q1
GFF,PaymentsToAcquirePropertyPlantAndEquipment,2013-01-01,2013-03-31,13707000,10-Q,2013-05-08,2013,Q2
GFF,PaymentsToAcquirePropertyPlantAndEquipment,2013-04-01,2013-06-30,14891000,10-Q,2013-08-07,2013,Q3
GFF,PaymentsToAcquirePropertyPlantAndEquipment,2013-10-01,2013-12-31,17916000,10-Q,2014-01-31,2014,Q1
GFF,PaymentsToAcquirePropertyPlantAndEquipment,2014-01-01,2014-03-31,16929000,10-Q,2014-05-02,2014,Q2
GFF,PaymentsToAcquirePropertyPlantAndEquipment,2014-04-01,2014-06-30,20014000,10-Q,2014-07-30,2014,Q3
GFF,PaymentsToAcquirePropertyPlantAndEquipment,2014-10-01,2014-12-31,18921000,10-Q,2015-01-29,2015,Q1
GFF,PaymentsToAcquirePropertyPlantAndEquipment,2015-01-01,2015-03-31,20792000,10-Q,2015-04-30,2015,Q2
GFF,PaymentsToAcquirePropertyPlantAndEquipment,2015-04-01,2015-06-30,15652000,10-Q,2015-07-31,2015,Q3
GFF,PaymentsToAcquirePropertyPlantAndEquipment,2015-10-01,2015-12-31,25018000,10-Q,2016-01-29,2016,Q1
GFF,PaymentsToAcquirePropertyPlantAndEquipment,2016-01-01,2016-03-31,20934000,10-Q,2016-05-04,2016,Q2
GFF,PaymentsToAcquirePropertyPlantAndEquipment,2016-04-01,2016-06-30,17295000,10-Q,2016-08-03,2016,Q3
GFF,PaymentsToAcquirePropertyPlantAndEquipment,2016-10-01,2016-12-31,22478000,10-Q,2017-01-31,2017,Q1
GFF,PaymentsToAcquirePropertyPlantAndEquipment,2017-01-01,2017-03-31,20035000,10-Q,2017-05-04,2017,Q2
GFF,PaymentsToAcquirePropertyPlantAndEquipment,2017-04-01,2017-06-30,16640000,10-Q,2017-08-02,2017,Q3
GFF,PaymentsToAcquirePropertyPlantAndEquipment,2017-10-01,2017-12-31,10785000,10-Q,2018-02-01,2018,Q1
GFF,PaymentsToAcquirePropertyPlantAndEquipment,2018-01-01,2018-03-31,10843000,10-Q,2018-05-04,2018,Q2
GFF,PaymentsToAcquirePropertyPlantAndEquipment,2018-04-01,2018-06-30,11520000,10-Q,2018-08-02,2018,Q3
GFF,PaymentsToAcquirePropertyPlantAndEquipment,2018-10-01,2018-12-31,8397000,10-Q,2019-02-01,2019,Q1
GFF,PaymentsToAcquirePropertyPlantAndEquipment,2019-01-01,2019-03-31,9021000,10-Q,2019-05-02,2019,Q2
GFF,PaymentsToAcquirePropertyPlantAndEquipment,2019-04-01,2019-06-30,10376000,10-Q,2019-08-01,2019,Q3
GFF,PaymentsToAcquirePropertyPlantAndEquipment,2019-10-01,2019-12-31,13172000,10-Q,2020-01-31,2020,Q1
GFF,PaymentsToAcquirePropertyPlantAndEquipment,2020-01-01,2020-03-31,9347000,10-Q,2020-04-29,2020,Q2
GFF,PaymentsToAcquirePropertyPlantAndEquipment,2020-04-01,2020-06-30,12232000,10-Q,2020-07-31,2020,Q3
GFF,PaymentsToAcquirePropertyPlantAndEquipment,2020-10-01,2020-12-31,11926000,10-Q,2021-01-29,2021,Q1
GFF,PaymentsToAcquirePropertyPlantAndEquipment,2021-01-01,2021-03-31,12060000,10-Q,2021-04-30,2021,Q2
GFF,PaymentsToAcquirePropertyPlantAndEquipment,2021-04-01,2021-06-30,9903000,10-Q,2021-07-30,2021,Q3
GFF,PaymentsToAcquirePropertyPlantAndEquipment,2021-10-01,2021-12-31,10573000,10-Q,2022-02-01,2022,Q1
GFF,PaymentsToAcquirePropertyPlantAndEquipment,2022-01-01,2022-03-31,11457000,10-Q,2022-04-29,2022,Q2
GFF,PaymentsToAcquirePropertyPlantAndEquipment,2022-04-01,2022-06-30,11486000,10-Q,2022-08-03,2022,Q3
GFF,PaymentsToAcquirePropertyPlantAndEquipment,2022-10-01,2022-12-31,4726000,10-Q,2023-01-31,2023,Q1
GFF,PaymentsToAcquirePropertyPlantAndEquipment,2023-01-01,2023-03-31,7111000,10-Q,2023-05-04,2023,Q2
GFF,PaymentsToAcquirePropertyPlantAndEquipment,2023-04-01,2023-06-30,8346000,10-Q,2023-08-03,2023,Q3
GFF,PaymentsToAcquirePropertyPlantAndEquipment,2023-10-01,2023-12-31,14330000,10-Q,2024-02-07,2024,Q1
GFF,PaymentsToAcquirePropertyPlantAndEquipment,2024-10-01,2024-12-31,17456000,10-Q,2025-02-05,2025,Q1
GFF,PaymentsToAcquirePropertyPlantAndEquipment,2025-10-01,2025-12-31,7662000,10-Q,2026-02-06,2026,Q1
GHM,PaymentsToAcquirePropertyPlantAndEquipment,2010-04-01,2010-06-30,525000,10-Q,2011-08-05,2011,Q1
GHM,PaymentsToAcquirePropertyPlantAndEquipment,2011-04-01,2011-06-30,340000,10-Q,2011-08-05,2011,Q1
GHM,PaymentsToAcquirePropertyPlantAndEquipment,2012-04-01,2012-06-30,300000,10-Q,2012-07-31,2012,Q1
GHM,PaymentsToAcquirePropertyPlantAndEquipment,2013-04-01,2013-06-30,295000,10-Q,2013-07-30,2013,Q1
GHM,PaymentsToAcquirePropertyPlantAndEquipment,2014-04-01,2014-06-30,2569000,10-Q,2014-08-05,2015,Q1
GHM,PaymentsToAcquirePropertyPlantAndEquipment,2015-04-01,2015-06-30,264000,10-Q,2015-08-04,2016,Q1
GHM,PaymentsToAcquirePropertyPlantAndEquipment,2016-04-01,2016-06-30,129000,10-Q,2016-08-02,2016,Q1
GHM,PaymentsToAcquirePropertyPlantAndEquipment,2017-04-01,2017-06-30,117000,10-Q,2017-08-07,2017,Q1
GHM,PaymentsToAcquirePropertyPlantAndEquipment,2018-04-01,2018-06-30,163000,10-Q,2018-08-06,2019,Q1
GHM,PaymentsToAcquirePropertyPlantAndEquipment,2019-04-01,2019-06-30,294000,10-Q,2019-07-30,2019,Q1
GHM,PaymentsToAcquirePropertyPlantAndEquipment,2020-04-01,2020-06-30,338000,10-Q,2020-08-03,2020,Q1
GHM,PaymentsToAcquirePropertyPlantAndEquipment,2021-04-01,2021-06-30,446000,10-Q,2021-08-12,2022,Q1
GHM,PaymentsToAcquirePropertyPlantAndEquipment,2022-04-01,2022-06-30,284000,10-Q,2022-08-01,2023,Q1
GHM,PaymentsToAcquirePropertyPlantAndEquipment,2023-04-01,2023-06-30,1499000,10-Q,2023-08-07,2023,Q1
GHM,PaymentsToAcquirePropertyPlantAndEquipment,2024-04-01,2024-06-30,2978000,10-Q,2024-08-07,2024,Q1
GHM,PaymentsToAcquirePropertyPlantAndEquipment,2025-04-01,2025-06-30,7004000,10-Q,2025-08-05,2025,Q1
GHM,PaymentsToAcquirePropertyPlantAndEquipment,2026-04-01,2026-06-30,2609000,10-Q,2026-08-06,2026,Q1
GIC,PaymentsToAcquirePropertyPlantAndEquipment,2011-01-01,2011-03-31,3715000,10-Q,2012-05-08,2012,Q1
GIC,PaymentsToAcquirePropertyPlantAndEquipment,2012-01-01,2012-03-31,1970000,10-Q,2012-05-08,2012,Q1
GIC,PaymentsToAcquirePropertyPlantAndEquipment,2013-01-01,2013-03-31,3000000,10-Q,2013-05-07,2013,Q1
GIC,PaymentsToAcquirePropertyPlantAndEquipment,2014-01-01,2014-03-31,1700000,10-Q,2014-05-06,2014,Q1
GIC,PaymentsToAcquirePropertyPlantAndEquipment,2015-01-01,2015-03-31,3800000,10-Q,2015-05-07,2015,Q1
GIC,PaymentsToAcquirePropertyPlantAndEquipment,2016-01-01,2016-03-31,1200000,10-Q,2016-05-10,2016,Q1
GIC,PaymentsToAcquirePropertyPlantAndEquipment,2017-01-01,2017-03-31,1000000,10-Q,2017-05-11,2017,Q1
GIC,PaymentsToAcquirePropertyPlantAndEquipment,2018-01-01,2018-03-31,500000,10-Q,2018-05-08,2018,Q1
GIC,PaymentsToAcquirePropertyPlantAndEquipment,2019-01-01,2019-03-31,1000000,10-Q,2019-05-07,2019,Q1
GIC,PaymentsToAcquirePropertyPlantAndEquipment,2020-01-01,2020-03-31,300000,10-Q,2020-05-05,2020,Q1
GIC,PaymentsToAcquirePropertyPlantAndEquipment,2021-01-01,2021-03-31,900000,10-Q,2021-05-07,2021,Q1
GIC,PaymentsToAcquirePropertyPlantAndEquipment,2022-01-01,2022-03-31,1100000,10-Q,2022-05-06,2022,Q1
GIC,PaymentsToAcquirePropertyPlantAndEquipment,2023-01-01,2023-03-31,700000,10-Q,2023-05-02,2023,Q1
GIC,PaymentsToAcquirePropertyPlantAndEquipment,2024-01-01,2024-03-31,1300000,10-Q,2024-04-30,2024,Q1
GIC,PaymentsToAcquirePropertyPlantAndEquipment,2025-01-01,2025-03-31,200000,10-Q,2025-04-30,2025,Q1
GIC,PaymentsToAcquirePropertyPlantAndEquipment,2026-01-01,2026-03-31,800000,10-Q,2026-05-05,2026,Q1
GNRC,PaymentsToAcquirePropertyPlantAndEquipment,2011-01-01,2011-03-31,1569000,10-Q,2012-05-08,2012,Q1
GNRC,PaymentsToAcquirePropertyPlantAndEquipment,2012-01-01,2012-03-31,2138000,10-Q,2012-05-08,2012,Q1
GNRC,PaymentsToAcquirePropertyPlantAndEquipment,2013-01-01,2013-03-31,4322000,10-Q,2013-05-07,2013,Q1
GNRC,PaymentsToAcquirePropertyPlantAndEquipment,2014-01-01,2014-03-31,4925000,10-Q,2014-05-08,2014,Q1
GNRC,PaymentsToAcquirePropertyPlantAndEquipment,2015-01-01,2015-03-31,6528000,10-Q,2015-05-08,2015,Q1
GNRC,PaymentsToAcquirePropertyPlantAndEquipment,2016-01-01,2016-03-31,7093000,10-Q,2016-05-06,2016,Q1
GNRC,PaymentsToAcquirePropertyPlantAndEquipment,2017-01-01,2017-03-31,3548000,10-Q,2017-05-05,2017,Q1
GNRC,PaymentsToAcquirePropertyPlantAndEquipment,2018-01-01,2018-03-31,6496000,10-Q,2018-05-07,2018,Q1
GNRC,PaymentsToAcquirePropertyPlantAndEquipment,2019-01-01,2019-03-31,15902000,10-Q,2019-05-07,2019,Q1
GNRC,PaymentsToAcquirePropertyPlantAndEquipment,2020-01-01,2020-03-31,12894000,10-Q,2020-05-05,2020,Q1
GNRC,PaymentsToAcquirePropertyPlantAndEquipment,2021-01-01,2021-03-31,27469000,10-Q,2021-05-04,2021,Q1
GNRC,PaymentsToAcquirePropertyPlantAndEquipment,2022-01-01,2022-03-31,28200000,10-Q,2022-05-09,2022,Q1
GNRC,PaymentsToAcquirePropertyPlantAndEquipment,2023-01-01,2023-03-31,23977000,10-Q,2023-05-09,2023,Q1
GNRC,PaymentsToAcquirePropertyPlantAndEquipment,2024-01-01,2024-03-31,26820000,10-Q,2024-05-07,2024,Q1
GNRC,PaymentsToAcquirePropertyPlantAndEquipment,2024-04-01,2024-06-30,27952000,10-Q,2025-08-05,2025,Q2
GNRC,PaymentsToAcquirePropertyPlantAndEquipment,2024-07-01,2024-09-30,28627000,10-Q,2025-11-04,2025,Q3
GNRC,PaymentsToAcquirePropertyPlantAndEquipment,2025-01-01,2025-03-31,30937000,10-Q,2025-05-06,2025,Q1
GNRC,PaymentsToAcquirePropertyPlantAndEquipment,2025-04-01,2025-06-30,57716000,10-Q,2025-08-05,2025,Q2
GNRC,PaymentsToAcquirePropertyPlantAndEquipment,2025-07-01,2025-09-30,21881000,10-Q,2025-11-04,2025,Q3
GNRC,PaymentsToAcquirePropertyPlantAndEquipment,2026-01-01,2026-03-31,29397000,10-Q,2026-05-05,2026,Q1
GNSS,PaymentsToAcquirePropertyPlantAndEquipment,2010-10-01,2010-12-31,6958,10-Q,2012-02-07,2012,Q1
GNSS,PaymentsToAcquirePropertyPlantAndEquipment,2011-10-01,2011-12-31,3617,10-Q,2012-02-07,2012,Q1
GNSS,PaymentsToAcquirePropertyPlantAndEquipment,2012-10-01,2012-12-31,76655,10-Q,2013-02-06,2013,Q1
GNSS,PaymentsToAcquirePropertyPlantAndEquipment,2013-10-01,2013-12-31,124793,10-Q,2014-02-04,2014,Q1
GNSS,PaymentsToAcquirePropertyPlantAndEquipment,2014-10-01,2014-12-31,79501,10-Q,2015-02-05,2015,Q1
GNSS,PaymentsToAcquirePropertyPlantAndEquipment,2015-10-01,2015-12-31,71150,10-Q,2016-02-04,2016,Q1
GNSS,PaymentsToAcquirePropertyPlantAndEquipment,2016-10-01,2016-12-31,13863,10-Q,2017-02-08,2017,Q1
GNSS,PaymentsToAcquirePropertyPlantAndEquipment,2017-10-01,2017-12-31,54167,10-Q,2018-02-09,2018,Q1
GNSS,PaymentsToAcquirePropertyPlantAndEquipment,2018-10-01,2018-12-31,38813,10-Q,2019-02-12,2019,Q1
GNSS,PaymentsToAcquirePropertyPlantAndEquipment,2019-10-01,2019-12-31,86159,10-Q,2020-02-11,2020,Q1
GNSS,PaymentsToAcquirePropertyPlantAndEquipment,2020-10-01,2020-12-31,29000,10-Q,2021-02-10,2021,Q1
GNSS,PaymentsToAcquirePropertyPlantAndEquipment,2021-10-01,2021-12-31,159000,10-Q,2022-02-07,2022,Q1
GNSS,PaymentsToAcquirePropertyPlantAndEquipment,2022-10-01,2022-12-31,98000,10-Q,2023-02-09,2023,Q1
GNSS,PaymentsToAcquirePropertyPlantAndEquipment,2023-10-01,2023-12-31,142000,10-Q,2024-02-14,2025,Q1
GNSS,PaymentsToAcquirePropertyPlantAndEquipment,2024-10-01,2024-12-31,69000,10-Q,2025-02-11,2025,Q1
GNSS,PaymentsToAcquirePropertyPlantAndEquipment,2025-10-01,2025-12-31,0,10-Q,2026-02-10,2026,Q1
GOGO,PaymentsToAcquirePropertyPlantAndEquipment,2013-01-01,2013-03-31,29390000,10-Q,2014-05-12,2014,Q1
GOGO,PaymentsToAcquirePropertyPlantAndEquipment,2014-01-01,2014-03-31,31907000,10-Q,2014-05-12,2014,Q1
GOGO,PaymentsToAcquirePropertyPlantAndEquipment,2015-01-01,2015-03-31,52610000,10-Q,2015-05-07,2015,Q1
GOGO,PaymentsToAcquirePropertyPlantAndEquipment,2016-01-01,2016-03-31,31015000,10-Q,2016-05-06,2016,Q1
GOGO,PaymentsToAcquirePropertyPlantAndEquipment,2017-01-01,2017-03-31,63655000,10-Q,2017-05-04,2017,Q1
GOGO,PaymentsToAcquirePropertyPlantAndEquipment,2017-01-04,2017-03-31,63655000,10-Q,2018-05-04,2018,Q1
GOGO,PaymentsToAcquirePropertyPlantAndEquipment,2018-01-01,2018-03-31,56886000,10-Q,2018-05-04,2018,Q1
GOGO,PaymentsToAcquirePropertyPlantAndEquipment,2019-01-01,2019-03-31,23154000,10-Q,2019-05-09,2019,Q1
GOGO,PaymentsToAcquirePropertyPlantAndEquipment,2020-01-01,2020-03-31,13202000,10-Q,2020-05-11,2020,Q1
GOGO,PaymentsToAcquirePropertyPlantAndEquipment,2021-01-01,2021-03-31,360000,10-Q,2021-05-06,2021,Q1
GOGO,PaymentsToAcquirePropertyPlantAndEquipment,2022-01-01,2022-03-31,7598000,10-Q,2022-05-05,2022,Q1
GOGO,PaymentsToAcquirePropertyPlantAndEquipment,2023-01-01,2023-03-31,3112000,10-Q,2023-05-03,2023,Q1
GOGO,PaymentsToAcquirePropertyPlantAndEquipment,2024-01-01,2024-03-31,1451000,10-Q,2024-05-07,2024,Q1
GOGO,PaymentsToAcquirePropertyPlantAndEquipment,2025-01-01,2025-03-31,2751000,10-Q,2025-05-09,2025,Q1
GOGO,PaymentsToAcquirePropertyPlantAndEquipment,2026-01-01,2026-03-31,25721000,10-Q,2026-05-07,2026,Q1
GOOGL,PaymentsToAcquirePropertyPlantAndEquipment,2015-01-01,2015-03-31,2927000000,10-Q,2016-05-03,2016,Q1
GOOGL,PaymentsToAcquirePropertyPlantAndEquipment,2015-04-01,2015-06-30,2515000000,10-Q,2016-08-04,2016,Q2
GOOGL,PaymentsToAcquirePropertyPlantAndEquipment,2015-07-01,2015-09-30,2383000000,10-Q,2016-11-03,2016,Q3
GOOGL,PaymentsToAcquirePropertyPlantAndEquipment,2016-01-01,2016-03-31,2428000000,10-Q,2016-05-03,2016,Q1
GOOGL,PaymentsToAcquirePropertyPlantAndEquipment,2016-04-01,2016-06-30,2123000000,10-Q,2016-08-04,2016,Q2
GOOGL,PaymentsToAcquirePropertyPlantAndEquipment,2016-07-01,2016-09-30,2554000000,10-Q,2016-11-03,2016,Q3
GOOGL,PaymentsToAcquirePropertyPlantAndEquipment,2017-01-01,2017-03-31,2508000000,10-Q,2017-05-02,2017,Q1
GOOGL,PaymentsToAcquirePropertyPlantAndEquipment,2017-04-01,2017-06-30,2831000000,10-Q,2017-07-25,2017,Q2
GOOGL,PaymentsToAcquirePropertyPlantAndEquipment,2017-07-01,2017-09-30,3538000000,10-Q,2017-10-27,2017,Q3
GOOGL,PaymentsToAcquirePropertyPlantAndEquipment,2018-01-01,2018-03-31,7299000000,10-Q,2018-04-24,2018,Q1
GOOGL,PaymentsToAcquirePropertyPlantAndEquipment,2018-04-01,2018-06-30,5477000000,10-Q,2018-07-24,2018,Q2
GOOGL,PaymentsToAcquirePropertyPlantAndEquipment,2018-07-01,2018-09-30,5282000000,10-Q,2018-10-26,2018,Q3
GOOGL,PaymentsToAcquirePropertyPlantAndEquipment,2019-01-01,2019-03-31,4638000000,10-Q,2019-04-30,2019,Q1
GOOGL,PaymentsToAcquirePropertyPlantAndEquipment,2019-04-01,2019-06-30,6126000000,10-Q,2019-07-26,2019,Q2
GOOGL,PaymentsToAcquirePropertyPlantAndEquipment,2019-07-01,2019-09-30,6732000000,10-Q,2019-10-29,2019,Q3
GOOGL,PaymentsToAcquirePropertyPlantAndEquipment,2020-01-01,2020-03-31,6005000000,10-Q,2020-04-29,2020,Q1
GOOGL,PaymentsToAcquirePropertyPlantAndEquipment,2020-04-01,2020-06-30,5391000000,10-Q,2020-07-31,2020,Q2
GOOGL,PaymentsToAcquirePropertyPlantAndEquipment,2020-07-01,2020-09-30,5406000000,10-Q,2020-10-30,2020,Q3
GOOGL,PaymentsToAcquirePropertyPlantAndEquipment,2021-01-01,2021-03-31,5942000000,10-Q,2021-04-28,2021,Q1
GOOGL,PaymentsToAcquirePropertyPlantAndEquipment,2022-01-01,2022-03-31,9786000000,10-Q,2022-04-27,2022,Q1
GOOGL,PaymentsToAcquirePropertyPlantAndEquipment,2023-01-01,2023-03-31,6289000000,10-Q,2023-04-26,2023,Q1
GOOGL,PaymentsToAcquirePropertyPlantAndEquipment,2024-01-01,2024-03-31,12012000000,10-Q,2024-04-26,2024,Q1
GOOGL,PaymentsToAcquirePropertyPlantAndEquipment,2025-01-01,2025-03-31,17197000000,10-Q,2025-04-25,2025,Q1
GOOGL,PaymentsToAcquirePropertyPlantAndEquipment,2026-01-01,2026-03-31,35674000000,10-Q,2026-04-30,2026,Q1
GPN,PaymentsToAcquirePropertyPlantAndEquipment,2009-06-01,2009-08-31,11101000,10-Q,2010-10-12,2011,Q1
GPN,PaymentsToAcquirePropertyPlantAndEquipment,2010-06-01,2010-08-31,24785000,10-Q,2010-10-12,2011,Q1
GPRO,PaymentsToAcquirePropertyPlantAndEquipment,2014-01-01,2014-03-31,4701000,10-Q,2015-04-29,2015,Q1
GPRO,PaymentsToAcquirePropertyPlantAndEquipment,2015-01-01,2015-03-31,5207000,10-Q,2015-04-29,2015,Q1
GPRO,PaymentsToAcquirePropertyPlantAndEquipment,2016-01-01,2016-03-31,8219000,10-Q,2016-05-06,2016,Q1
GPRO,PaymentsToAcquirePropertyPlantAndEquipment,2017-01-01,2017-03-31,5166000,10-Q,2017-04-28,2017,Q1
GPRO,PaymentsToAcquirePropertyPlantAndEquipment,2018-01-01,2018-03-31,6782000,10-Q,2018-05-04,2018,Q1
GPRO,PaymentsToAcquirePropertyPlantAndEquipment,2019-01-01,2019-03-31,724000,10-Q,2019-05-10,2019,Q1
GPRO,PaymentsToAcquirePropertyPlantAndEquipment,2020-01-01,2020-03-31,795000,10-Q,2020-05-07,2020,Q1
GPRO,PaymentsToAcquirePropertyPlantAndEquipment,2021-01-01,2021-03-31,1068000,10-Q,2021-05-06,2021,Q1
GPRO,PaymentsToAcquirePropertyPlantAndEquipment,2022-01-01,2022-03-31,520000,10-Q,2022-05-05,2022,Q1
GPRO,PaymentsToAcquirePropertyPlantAndEquipment,2023-01-01,2023-03-31,483000,10-Q,2023-05-09,2023,Q1
GPRO,PaymentsToAcquirePropertyPlantAndEquipment,2024-01-01,2024-03-31,964000,10-Q,2024-05-07,2024,Q1
GPRO,PaymentsToAcquirePropertyPlantAndEquipment,2025-01-01,2025-03-31,1305000,10-Q,2025-05-12,2025,Q1
GPRO,PaymentsToAcquirePropertyPlantAndEquipment,2026-01-01,2026-03-31,1043000,10-Q,2026-05-11,2026,Q1
GRBK,PaymentsToAcquirePropertyPlantAndEquipment,2011-01-01,2011-03-31,188000,10-Q,2012-05-11,2012,Q1
GRBK,PaymentsToAcquirePropertyPlantAndEquipment,2012-01-01,2012-03-31,581000,10-Q,2012-05-11,2012,Q1
GRBK,PaymentsToAcquirePropertyPlantAndEquipment,2013-01-01,2013-03-31,499000,10-Q,2013-05-14,2013,Q1
GRBK,PaymentsToAcquirePropertyPlantAndEquipment,2014-01-01,2014-03-31,0,10-Q,2014-05-08,2014,Q1
GRBK,PaymentsToAcquirePropertyPlantAndEquipment,2015-01-01,2015-03-31,361000,10-Q,2015-05-13,2015,Q1
GRBK,PaymentsToAcquirePropertyPlantAndEquipment,2016-01-01,2016-03-31,7000,10-Q,2016-05-09,2016,Q1
GRBK,PaymentsToAcquirePropertyPlantAndEquipment,2017-01-01,2017-03-31,0,10-Q,2017-05-08,2017,Q1
GRBK,PaymentsToAcquirePropertyPlantAndEquipment,2018-01-01,2018-03-31,601000,10-Q,2018-05-07,2018,Q1
GRBK,PaymentsToAcquirePropertyPlantAndEquipment,2019-01-01,2019-03-31,571000,10-Q,2019-05-06,2019,Q1
GRBK,PaymentsToAcquirePropertyPlantAndEquipment,2020-01-01,2020-03-31,1054000,10-Q,2020-05-11,2020,Q1
GRBK,PaymentsToAcquirePropertyPlantAndEquipment,2021-01-01,2021-03-31,730000,10-Q,2021-05-04,2021,Q1
GRBK,PaymentsToAcquirePropertyPlantAndEquipment,2022-01-01,2022-03-31,448000,10-Q,2022-05-03,2022,Q1
GRBK,PaymentsToAcquirePropertyPlantAndEquipment,2023-01-01,2023-03-31,1581000,10-Q,2023-05-03,2023,Q1
GRBK,PaymentsToAcquirePropertyPlantAndEquipment,2024-01-01,2024-03-31,942000,10-Q,2024-05-01,2024,Q1
GRBK,PaymentsToAcquirePropertyPlantAndEquipment,2025-01-01,2025-03-31,713000,10-Q,2025-04-30,2025,Q1
GRBK,PaymentsToAcquirePropertyPlantAndEquipment,2026-01-01,2026-03-31,1227000,10-Q,2026-05-11,2024,Q1
GRC,PaymentsToAcquirePropertyPlantAndEquipment,2011-01-01,2011-03-31,2299000,10-Q,2012-04-30,2012,Q1
GRC,PaymentsToAcquirePropertyPlantAndEquipment,2012-01-01,2012-03-31,4523000,10-Q,2012-04-30,2012,Q1
GRC,PaymentsToAcquirePropertyPlantAndEquipment,2013-01-01,2013-03-31,2349000,10-Q,2013-04-29,2013,Q1
GRC,PaymentsToAcquirePropertyPlantAndEquipment,2014-01-01,2014-03-31,1591000,10-Q,2014-04-30,2014,Q1
GRC,PaymentsToAcquirePropertyPlantAndEquipment,2015-01-01,2015-03-31,1397000,10-Q,2015-04-29,2015,Q1
GSAT,PaymentsToAcquirePropertyPlantAndEquipment,2011-01-01,2011-03-31,802000,10-Q,2012-05-10,2012,Q1
GSAT,PaymentsToAcquirePropertyPlantAndEquipment,2012-01-01,2012-03-31,120000,10-Q,2012-05-10,2012,Q1
GSAT,PaymentsToAcquirePropertyPlantAndEquipment,2013-01-01,2013-03-31,239000,10-Q,2013-05-10,2013,Q1
GSAT,PaymentsToAcquirePropertyPlantAndEquipment,2014-01-01,2014-03-31,428000,10-Q,2014-05-08,2014,Q1
GSAT,PaymentsToAcquirePropertyPlantAndEquipment,2015-01-01,2015-03-31,1790000,10-Q,2015-05-08,2015,Q1
GSAT,PaymentsToAcquirePropertyPlantAndEquipment,2016-01-01,2016-03-31,2949000,10-Q,2016-05-05,2016,Q1
GSAT,PaymentsToAcquirePropertyPlantAndEquipment,2017-01-01,2017-03-31,1004000,10-Q,2017-05-04,2017,Q1
GSAT,PaymentsToAcquirePropertyPlantAndEquipment,2018-01-01,2018-03-31,1397000,10-Q,2018-05-10,2018,Q1
GSAT,PaymentsToAcquirePropertyPlantAndEquipment,2019-01-01,2019-03-31,1013000,10-Q,2019-05-02,2019,Q1
GTHP,PaymentsToAcquirePropertyPlantAndEquipment,2013-01-01,2013-03-31,101000,10-Q,2014-05-15,2014,Q1
GTHP,PaymentsToAcquirePropertyPlantAndEquipment,2014-01-01,2014-03-31,4000,10-Q,2014-05-15,2014,Q1
GTHP,PaymentsToAcquirePropertyPlantAndEquipment,2020-01-01,2020-03-31,0,10-Q,2021-05-21,2021,Q1
GTHP,PaymentsToAcquirePropertyPlantAndEquipment,2021-01-01,2021-03-31,1000,10-Q,2021-05-21,2021,Q1
GTHP,PaymentsToAcquirePropertyPlantAndEquipment,2022-01-01,2022-03-31,14000,10-Q,2022-05-16,2022,Q1
GTHP,PaymentsToAcquirePropertyPlantAndEquipment,2023-01-01,2023-03-31,0,10-Q,2023-05-15,2023,Q1
GTLB,PaymentsToAcquirePropertyPlantAndEquipment,2021-02-01,2021-04-30,0,10-Q,2022-06-07,2023,Q1
GTLB,PaymentsToAcquirePropertyPlantAndEquipment,2022-02-01,2022-04-30,1874000,10-Q,2022-06-07,2023,Q1
GTLB,PaymentsToAcquirePropertyPlantAndEquipment,2023-02-01,2023-04-30,256000,10-Q,2023-06-06,2024,Q1
GTLB,PaymentsToAcquirePropertyPlantAndEquipment,2024-02-01,2024-04-30,700000,10-Q,2024-06-04,2025,Q1
GTLB,PaymentsToAcquirePropertyPlantAndEquipment,2025-02-01,2025-04-30,912000,10-Q,2025-06-11,2026,Q1
GTLB,PaymentsToAcquirePropertyPlantAndEquipment,2026-02-01,2026-04-30,2393000,10-Q,2026-06-02,2027,Q1
GVA,PaymentsToAcquirePropertyPlantAndEquipment,2010-01-01,2010-03-31,14712000,10-Q,2011-05-05,2011,Q1
GVA,PaymentsToAcquirePropertyPlantAndEquipment,2011-01-01,2011-03-31,11760000,10-Q,2011-05-05,2011,Q1
GVA,PaymentsToAcquirePropertyPlantAndEquipment,2012-01-01,2012-03-31,9225000,10-Q,2012-05-08,2012,Q1
GVA,PaymentsToAcquirePropertyPlantAndEquipment,2013-01-01,2013-03-31,9956000,10-Q,2013-05-09,2013,Q1
GVA,PaymentsToAcquirePropertyPlantAndEquipment,2014-01-01,2014-03-31,10375000,10-Q,2014-04-30,2014,Q1
GVA,PaymentsToAcquirePropertyPlantAndEquipment,2015-01-01,2015-03-31,7607000,10-Q,2015-05-05,2015,Q1
GVA,PaymentsToAcquirePropertyPlantAndEquipment,2016-01-01,2016-03-31,24565000,10-Q,2016-04-29,2016,Q1
GVA,PaymentsToAcquirePropertyPlantAndEquipment,2017-01-01,2017-03-31,21372000,10-Q,2017-05-02,2017,Q1
GVA,PaymentsToAcquirePropertyPlantAndEquipment,2018-01-01,2018-03-31,15967000,10-Q,2018-05-01,2018,Q1
GVA,PaymentsToAcquirePropertyPlantAndEquipment,2019-01-01,2019-03-31,28744000,10-Q,2019-04-26,2019,Q1
GVA,PaymentsToAcquirePropertyPlantAndEquipment,2020-01-01,2020-03-31,21435000,10-Q,2021-02-25,2020,Q1
GVA,PaymentsToAcquirePropertyPlantAndEquipment,2021-01-01,2021-03-31,18777000,10-Q,2021-05-07,2021,Q1
GVA,PaymentsToAcquirePropertyPlantAndEquipment,2022-01-01,2022-03-31,31269000,10-Q,2022-04-28,2022,Q1
GVA,PaymentsToAcquirePropertyPlantAndEquipment,2023-01-01,2023-03-31,40461000,10-Q,2023-05-02,2023,Q1
GVA,PaymentsToAcquirePropertyPlantAndEquipment,2024-01-01,2024-03-31,27871000,10-Q,2024-05-02,2024,Q1
GVA,PaymentsToAcquirePropertyPlantAndEquipment,2025-01-01,2025-03-31,32206000,10-Q,2025-05-01,2025,Q1
GVA,PaymentsToAcquirePropertyPlantAndEquipment,2026-01-01,2026-03-31,26141000,10-Q,2026-04-30,2026,Q1
GWRE,PaymentsToAcquirePropertyPlantAndEquipment,2011-08-01,2011-10-31,490000,10-Q,2012-12-03,2013,Q1
GWRE,PaymentsToAcquirePropertyPlantAndEquipment,2012-08-01,2012-10-31,4810000,10-Q,2012-12-03,2013,Q1
GWRE,PaymentsToAcquirePropertyPlantAndEquipment,2013-08-01,2013-10-31,1206000,10-Q,2013-12-04,2014,Q1
GWRE,PaymentsToAcquirePropertyPlantAndEquipment,2014-08-01,2014-10-31,1249000,10-Q,2014-12-03,2015,Q1
GWRE,PaymentsToAcquirePropertyPlantAndEquipment,2015-08-01,2015-10-31,3016000,10-Q,2015-12-02,2016,Q1
GWRE,PaymentsToAcquirePropertyPlantAndEquipment,2016-08-01,2016-10-31,2474000,10-Q,2016-11-30,2017,Q1
GWRE,PaymentsToAcquirePropertyPlantAndEquipment,2017-08-01,2017-10-31,1899000,10-Q,2017-11-30,2018,Q1
GWRE,PaymentsToAcquirePropertyPlantAndEquipment,2018-08-01,2018-10-31,2945000,10-Q,2018-12-06,2019,Q1
GWRE,PaymentsToAcquirePropertyPlantAndEquipment,2019-08-01,2019-10-31,9625000,10-Q,2019-12-06,2020,Q1
GWRE,PaymentsToAcquirePropertyPlantAndEquipment,2020-08-01,2020-10-31,1907000,10-Q,2020-12-09,2021,Q1
GWRE,PaymentsToAcquirePropertyPlantAndEquipment,2021-08-01,2021-10-31,3333000,10-Q,2021-12-03,2022,Q1
GWRE,PaymentsToAcquirePropertyPlantAndEquipment,2022-08-01,2022-10-31,604000,10-Q,2022-12-07,2023,Q1
GWRE,PaymentsToAcquirePropertyPlantAndEquipment,2023-08-01,2023-10-31,998000,10-Q,2023-12-08,2024,Q1
GWRE,PaymentsToAcquirePropertyPlantAndEquipment,2024-08-01,2024-10-31,843000,10-Q,2024-12-06,2025,Q1
GWRE,PaymentsToAcquirePropertyPlantAndEquipment,2025-08-01,2025-10-31,4878000,10-Q,2025-12-04,2026,Q1
GWRS,PaymentsToAcquirePropertyPlantAndEquipment,2015-01-01,2015-03-31,419000,10-Q,2016-06-09,2016,Q1
GWRS,PaymentsToAcquirePropertyPlantAndEquipment,2016-01-01,2016-03-31,1371000,10-Q,2016-06-09,2016,Q1
GWRS,PaymentsToAcquirePropertyPlantAndEquipment,2017-01-01,2017-03-31,6505000,10-Q,2017-05-10,2017,Q1
GWRS,PaymentsToAcquirePropertyPlantAndEquipment,2018-01-01,2018-03-31,1101000,10-Q,2018-05-10,2018,Q1
GWRS,PaymentsToAcquirePropertyPlantAndEquipment,2019-01-01,2019-03-31,1798000,10-Q,2019-05-09,2019,Q1
GWRS,PaymentsToAcquirePropertyPlantAndEquipment,2020-01-01,2020-03-31,3525000,10-Q,2020-05-07,2020,Q1
GWRS,PaymentsToAcquirePropertyPlantAndEquipment,2021-01-01,2021-03-31,3269000,10-Q,2021-05-06,2021,Q1
GWRS,PaymentsToAcquirePropertyPlantAndEquipment,2022-01-01,2022-03-31,6169000,10-Q,2022-05-04,2022,Q1
GWRS,PaymentsToAcquirePropertyPlantAndEquipment,2023-01-01,2023-03-31,6540000,10-Q,2023-05-03,2023,Q1
GWRS,PaymentsToAcquirePropertyPlantAndEquipment,2024-01-01,2024-03-31,5761000,10-Q,2024-05-09,2024,Q1
GWRS,PaymentsToAcquirePropertyPlantAndEquipment,2025-01-01,2025-03-31,15216000,10-Q,2025-05-14,2025,Q1
GWRS,PaymentsToAcquirePropertyPlantAndEquipment,2026-01-01,2026-03-31,6277000,10-Q,2026-05-13,2026,Q1
GXO,PaymentsToAcquirePropertyPlantAndEquipment,2021-01-01,2021-03-31,67000000,10-Q,2022-05-05,2022,Q1
GXO,PaymentsToAcquirePropertyPlantAndEquipment,2022-01-01,2022-03-31,65000000,10-Q,2022-05-05,2022,Q1
GXO,PaymentsToAcquirePropertyPlantAndEquipment,2023-01-01,2023-03-31,91000000,10-Q,2023-05-10,2023,Q1
GXO,PaymentsToAcquirePropertyPlantAndEquipment,2024-01-01,2024-03-31,73000000,10-Q,2024-05-08,2024,Q1
GXO,PaymentsToAcquirePropertyPlantAndEquipment,2025-01-01,2025-03-31,78000000,10-Q,2025-05-08,2025,Q1
GXO,PaymentsToAcquirePropertyPlantAndEquipment,2026-01-01,2026-03-31,65000000,10-Q,2026-05-06,2026,Q1
H,PaymentsToAcquirePropertyPlantAndEquipment,2010-01-01,2010-03-31,37000000,10-Q/A,2011-05-20,2011,Q1
H,PaymentsToAcquirePropertyPlantAndEquipment,2011-01-01,2011-03-31,46000000,10-Q/A,2011-05-20,2011,Q1
H,PaymentsToAcquirePropertyPlantAndEquipment,2012-01-01,2012-03-31,95000000,10-Q,2012-05-03,2012,Q1
H,PaymentsToAcquirePropertyPlantAndEquipment,2013-01-01,2013-03-31,43000000,10-Q,2013-05-01,2013,Q1
H,PaymentsToAcquirePropertyPlantAndEquipment,2014-01-01,2014-03-31,41000000,10-Q,2014-04-30,2014,Q1
H,PaymentsToAcquirePropertyPlantAndEquipment,2015-01-01,2015-03-31,61000000,10-Q,2015-05-05,2015,Q1
H,PaymentsToAcquirePropertyPlantAndEquipment,2016-01-01,2016-03-31,38000000,10-Q,2016-05-03,2016,Q1
H,PaymentsToAcquirePropertyPlantAndEquipment,2017-01-01,2017-03-31,50000000,10-Q,2017-05-04,2017,Q1
H,PaymentsToAcquirePropertyPlantAndEquipment,2018-01-01,2018-03-31,60000000,10-Q,2018-05-03,2018,Q1
H,PaymentsToAcquirePropertyPlantAndEquipment,2019-01-01,2019-03-31,66000000,10-Q,2019-05-02,2019,Q1
H,PaymentsToAcquirePropertyPlantAndEquipment,2020-01-01,2020-03-31,55000000,10-Q,2020-05-07,2020,Q1
H,PaymentsToAcquirePropertyPlantAndEquipment,2021-01-01,2021-03-31,19000000,10-Q,2021-05-05,2021,Q1
H,PaymentsToAcquirePropertyPlantAndEquipment,2022-01-01,2022-03-31,43000000,10-Q,2022-05-10,2022,Q1
H,PaymentsToAcquirePropertyPlantAndEquipment,2023-01-01,2023-03-31,30000000,10-Q,2023-05-04,2023,Q1
H,PaymentsToAcquirePropertyPlantAndEquipment,2024-01-01,2024-03-31,34000000,10-Q,2024-05-09,2024,Q1
H,PaymentsToAcquirePropertyPlantAndEquipment,2025-01-01,2025-03-31,30000000,10-Q,2025-05-01,2025,Q1
H,PaymentsToAcquirePropertyPlantAndEquipment,2026-01-01,2026-03-31,23000000,10-Q,2026-04-30,2026,Q1
HAE,PaymentsToAcquirePropertyPlantAndEquipment,2009-03-29,2009-06-27,21204000,10-Q,2010-08-11,2010,Q1
HAE,PaymentsToAcquirePropertyPlantAndEquipment,2010-04-04,2010-07-03,15224000,10-Q,2010-08-11,2010,Q1
HAE,PaymentsToAcquirePropertyPlantAndEquipment,2011-04-03,2011-07-02,11801000,10-Q,2011-08-10,2011,Q1
HAE,PaymentsToAcquirePropertyPlantAndEquipment,2012-04-01,2012-06-30,8441000,10-Q,2012-08-08,2012,Q1
HAE,PaymentsToAcquirePropertyPlantAndEquipment,2013-03-31,2013-06-29,13092000,10-Q,2013-08-02,2013,Q1
HAE,PaymentsToAcquirePropertyPlantAndEquipment,2014-03-30,2014-06-28,37085000,10-Q,2014-07-31,2015,Q1
HAE,PaymentsToAcquirePropertyPlantAndEquipment,2015-03-29,2015-06-27,24246000,10-Q,2015-07-30,2016,Q1
HAE,PaymentsToAcquirePropertyPlantAndEquipment,2016-04-03,2016-07-02,22479000,10-Q,2016-08-01,2017,Q1
HAE,PaymentsToAcquirePropertyPlantAndEquipment,2017-04-02,2017-07-01,13721000,10-Q,2017-08-07,2018,Q1
HAE,PaymentsToAcquirePropertyPlantAndEquipment,2018-04-01,2018-06-30,27514000,10-Q,2018-08-07,2019,Q1
HAE,PaymentsToAcquirePropertyPlantAndEquipment,2019-03-31,2019-06-29,8249000,10-Q,2019-08-06,2020,Q1
HAE,PaymentsToAcquirePropertyPlantAndEquipment,2020-03-29,2020-06-27,7696000,10-Q,2020-08-04,2021,Q1
HAE,PaymentsToAcquirePropertyPlantAndEquipment,2021-04-04,2021-07-03,13919000,10-Q,2021-08-11,2022,Q1
HAE,PaymentsToAcquirePropertyPlantAndEquipment,2022-04-03,2022-07-02,45467000,10-Q,2022-08-10,2023,Q1
HAE,PaymentsToAcquirePropertyPlantAndEquipment,2023-04-02,2023-07-01,9663000,10-Q,2023-08-08,2024,Q1
HAE,PaymentsToAcquirePropertyPlantAndEquipment,2024-03-31,2024-06-29,5656000,10-Q,2024-08-08,2025,Q1
HAE,PaymentsToAcquirePropertyPlantAndEquipment,2025-03-30,2025-06-28,3754000,10-Q,2025-08-07,2026,Q1
HAE,PaymentsToAcquirePropertyPlantAndEquipment,2026-03-29,2026-06-27,7906000,10-Q,2026-08-06,2027,Q1
HAS,PaymentsToAcquirePropertyPlantAndEquipment,2009-12-28,2010-03-28,20783000,10-Q,2011-05-04,2011,Q1
HAS,PaymentsToAcquirePropertyPlantAndEquipment,2010-12-27,2011-03-27,22396000,10-Q,2011-05-04,2011,Q1
HAS,PaymentsToAcquirePropertyPlantAndEquipment,2011-12-26,2012-04-01,23034000,10-Q,2012-05-10,2012,Q1
HAS,PaymentsToAcquirePropertyPlantAndEquipment,2012-12-31,2013-03-31,24201000,10-Q,2013-05-08,2013,Q1
HAS,PaymentsToAcquirePropertyPlantAndEquipment,2013-12-30,2014-03-30,22239000,10-Q,2014-05-06,2014,Q1
HAS,PaymentsToAcquirePropertyPlantAndEquipment,2014-12-29,2015-03-29,31151000,10-Q,2015-05-06,2015,Q1
HAS,PaymentsToAcquirePropertyPlantAndEquipment,2015-12-28,2016-03-27,31218000,10-Q,2016-05-05,2016,Q1
HAS,PaymentsToAcquirePropertyPlantAndEquipment,2016-12-26,2017-04-02,30243000,10-Q,2017-05-10,2017,Q1
HAS,PaymentsToAcquirePropertyPlantAndEquipment,2018-01-01,2018-04-01,28235000,10-Q,2018-05-02,2018,Q1
HAS,PaymentsToAcquirePropertyPlantAndEquipment,2018-12-31,2019-03-31,25201000,10-Q,2019-05-01,2019,Q1
HAS,PaymentsToAcquirePropertyPlantAndEquipment,2019-12-30,2020-03-29,30833000,10-Q,2020-05-07,2020,Q1
HAS,PaymentsToAcquirePropertyPlantAndEquipment,2020-12-28,2021-03-28,23900000,10-Q,2021-04-29,2021,Q1
HAS,PaymentsToAcquirePropertyPlantAndEquipment,2021-12-27,2022-03-27,29200000,10-Q,2022-04-27,2022,Q1
HAS,PaymentsToAcquirePropertyPlantAndEquipment,2022-12-26,2023-04-02,53200000,10-Q,2023-05-03,2023,Q1
HAS,PaymentsToAcquirePropertyPlantAndEquipment,2024-01-01,2024-03-31,45800000,10-Q,2024-05-01,2024,Q1
HAS,PaymentsToAcquirePropertyPlantAndEquipment,2024-12-30,2025-03-30,13800000,10-Q,2025-05-06,2025,Q1
HAS,PaymentsToAcquirePropertyPlantAndEquipment,2025-12-29,2026-03-29,22200000,10-Q,2026-05-13,2026,Q1
HCAT,PaymentsToAcquirePropertyPlantAndEquipment,2019-01-01,2019-03-31,689000,10-Q,2020-05-13,2020,Q1
HCAT,PaymentsToAcquirePropertyPlantAndEquipment,2020-01-01,2020-03-31,506000,10-Q,2020-05-13,2020,Q1
HCAT,PaymentsToAcquirePropertyPlantAndEquipment,2021-01-01,2021-03-31,5882000,10-Q,2021-05-07,2021,Q1
HCAT,PaymentsToAcquirePropertyPlantAndEquipment,2022-01-01,2022-03-31,356000,10-Q,2022-05-10,2022,Q1
HCAT,PaymentsToAcquirePropertyPlantAndEquipment,2023-01-01,2023-03-31,425000,10-Q,2023-05-10,2023,Q1
HCAT,PaymentsToAcquirePropertyPlantAndEquipment,2024-01-01,2024-03-31,208000,10-Q,2024-05-10,2024,Q1
HCAT,PaymentsToAcquirePropertyPlantAndEquipment,2025-01-01,2025-03-31,670000,10-Q,2025-05-09,2025,Q1
HCAT,PaymentsToAcquirePropertyPlantAndEquipment,2026-01-01,2026-03-31,338000,10-Q,2026-05-11,2026,Q1
HCSG,PaymentsToAcquirePropertyPlantAndEquipment,2010-01-01,2010-03-31,614000,10-Q,2011-04-25,2011,Q1
HCSG,PaymentsToAcquirePropertyPlantAndEquipment,2011-01-01,2011-03-31,1488000,10-Q,2011-04-25,2011,Q1
HCSG,PaymentsToAcquirePropertyPlantAndEquipment,2012-01-01,2012-03-31,813000,10-Q,2012-04-27,2012,Q1
HCSG,PaymentsToAcquirePropertyPlantAndEquipment,2013-01-01,2013-03-31,968000,10-Q,2013-04-26,2013,Q1
HCSG,PaymentsToAcquirePropertyPlantAndEquipment,2014-01-01,2014-03-31,1513000,10-Q,2014-04-24,2014,Q1
HCSG,PaymentsToAcquirePropertyPlantAndEquipment,2015-01-01,2015-03-31,1436000,10-Q,2015-04-23,2015,Q1
HCSG,PaymentsToAcquirePropertyPlantAndEquipment,2016-01-01,2016-03-31,1459000,10-Q,2016-04-22,2016,Q1
HCSG,PaymentsToAcquirePropertyPlantAndEquipment,2017-01-01,2017-03-31,1325000,10-Q,2017-04-28,2017,Q1
HCSG,PaymentsToAcquirePropertyPlantAndEquipment,2018-01-01,2018-03-31,1335000,10-Q,2018-04-27,2018,Q1
HCSG,PaymentsToAcquirePropertyPlantAndEquipment,2019-01-01,2019-03-31,1336000,10-Q,2019-05-03,2019,Q1
HCSG,PaymentsToAcquirePropertyPlantAndEquipment,2020-01-01,2020-03-31,788000,10-Q,2020-04-24,2019,Q1
HCSG,PaymentsToAcquirePropertyPlantAndEquipment,2021-01-01,2021-03-31,850000,10-Q,2021-04-23,2021,Q1
HCSG,PaymentsToAcquirePropertyPlantAndEquipment,2022-01-01,2022-03-31,1407000,10-Q,2022-04-22,2022,Q1
HCSG,PaymentsToAcquirePropertyPlantAndEquipment,2023-01-01,2023-03-31,1010000,10-Q,2023-04-28,2023,Q1
HCSG,PaymentsToAcquirePropertyPlantAndEquipment,2024-01-01,2024-03-31,2198000,10-Q,2024-04-26,2024,Q1
HCSG,PaymentsToAcquirePropertyPlantAndEquipment,2025-01-01,2025-03-31,1743000,10-Q,2025-04-25,2025,Q1
HCSG,PaymentsToAcquirePropertyPlantAndEquipment,2026-01-01,2026-03-31,1398000,10-Q,2026-04-24,2026,Q1
HGV,PaymentsToAcquirePropertyPlantAndEquipment,2016-01-01,2016-03-31,9000000,10-Q,2017-05-04,2017,Q1
HGV,PaymentsToAcquirePropertyPlantAndEquipment,2017-01-01,2017-03-31,8000000,10-Q,2017-05-04,2017,Q1
HGV,PaymentsToAcquirePropertyPlantAndEquipment,2018-01-01,2018-03-31,14000000,10-Q,2018-05-03,2018,Q1
HGV,PaymentsToAcquirePropertyPlantAndEquipment,2019-01-01,2019-03-31,6000000,10-Q,2019-05-02,2019,Q1
HGV,PaymentsToAcquirePropertyPlantAndEquipment,2020-01-01,2020-03-31,3000000,10-Q,2020-04-30,2020,Q1
HGV,PaymentsToAcquirePropertyPlantAndEquipment,2021-01-01,2021-03-31,1000000,10-Q,2021-04-29,2021,Q1
HGV,PaymentsToAcquirePropertyPlantAndEquipment,2022-01-01,2022-03-31,8000000,10-Q,2022-05-09,2022,Q1
HGV,PaymentsToAcquirePropertyPlantAndEquipment,2023-01-01,2023-03-31,5000000,10-Q,2023-04-27,2023,Q1
HGV,PaymentsToAcquirePropertyPlantAndEquipment,2024-01-01,2024-03-31,10000000,10-Q,2024-05-09,2024,Q1
HGV,PaymentsToAcquirePropertyPlantAndEquipment,2025-01-01,2025-03-31,14000000,10-Q,2025-05-01,2025,Q1
HGV,PaymentsToAcquirePropertyPlantAndEquipment,2026-01-01,2026-03-31,6000000,10-Q,2026-04-30,2026,Q1
HHS,PaymentsToAcquirePropertyPlantAndEquipment,2011-01-01,2011-03-31,4372000,10-Q,2012-05-02,2012,Q1
HHS,PaymentsToAcquirePropertyPlantAndEquipment,2012-01-01,2012-03-31,3054000,10-Q,2012-05-02,2012,Q1
HHS,PaymentsToAcquirePropertyPlantAndEquipment,2013-01-01,2013-03-31,4631000,10-Q,2013-05-07,2013,Q1
HHS,PaymentsToAcquirePropertyPlantAndEquipment,2014-01-01,2014-03-31,2550000,10-Q,2014-05-05,2014,Q1
HHS,PaymentsToAcquirePropertyPlantAndEquipment,2015-01-01,2015-03-31,2709000,10-Q,2015-05-07,2015,Q1
HHS,PaymentsToAcquirePropertyPlantAndEquipment,2016-01-01,2016-03-31,4590000,10-Q,2016-05-16,2016,Q1
HHS,PaymentsToAcquirePropertyPlantAndEquipment,2017-01-01,2017-03-31,1715000,10-Q,2017-08-17,2017,Q1
HHS,PaymentsToAcquirePropertyPlantAndEquipment,2018-01-01,2018-03-31,1618000,10-Q,2018-05-11,2018,Q1
HHS,PaymentsToAcquirePropertyPlantAndEquipment,2019-01-01,2019-03-31,1106000,10-Q,2019-05-09,2019,Q1
HHS,PaymentsToAcquirePropertyPlantAndEquipment,2020-01-01,2020-03-31,832000,10-Q,2020-05-14,2020,Q1
HHS,PaymentsToAcquirePropertyPlantAndEquipment,2021-01-01,2021-03-31,735000,10-Q,2021-05-14,2021,Q1
HHS,PaymentsToAcquirePropertyPlantAndEquipment,2022-01-01,2022-03-31,1429000,10-Q,2022-05-13,2022,Q1
HHS,PaymentsToAcquirePropertyPlantAndEquipment,2023-01-01,2023-03-31,566000,10-Q,2023-05-12,2023,Q1
HHS,PaymentsToAcquirePropertyPlantAndEquipment,2024-01-01,2024-03-31,526000,10-Q,2024-05-10,2024,Q1
HHS,PaymentsToAcquirePropertyPlantAndEquipment,2025-01-01,2025-03-31,105000,10-Q,2025-05-15,2025,Q1
HHS,PaymentsToAcquirePropertyPlantAndEquipment,2026-01-01,2026-03-31,347000,10-Q,2026-05-15,2026,Q1
HII,PaymentsToAcquirePropertyPlantAndEquipment,2011-01-01,2011-03-31,63000000,10-Q,2012-05-09,2012,Q1
HII,PaymentsToAcquirePropertyPlantAndEquipment,2012-01-01,2012-03-31,27000000,10-Q,2012-05-09,2012,Q1
HII,PaymentsToAcquirePropertyPlantAndEquipment,2013-01-01,2013-03-31,30000000,10-Q,2013-05-08,2013,Q1
HII,PaymentsToAcquirePropertyPlantAndEquipment,2014-01-01,2014-03-31,24000000,10-Q,2014-05-08,2014,Q1
HII,PaymentsToAcquirePropertyPlantAndEquipment,2015-01-01,2015-03-31,20000000,10-Q,2015-05-07,2015,Q1
HII,PaymentsToAcquirePropertyPlantAndEquipment,2016-01-01,2016-03-31,37000000,10-Q,2016-05-05,2016,Q1
HII,PaymentsToAcquirePropertyPlantAndEquipment,2017-01-01,2017-03-31,58000000,10-Q,2017-05-04,2017,Q1
HII,PaymentsToAcquirePropertyPlantAndEquipment,2018-01-01,2018-03-31,75000000,10-Q,2018-05-03,2018,Q1
HII,PaymentsToAcquirePropertyPlantAndEquipment,2019-01-01,2019-03-31,110000000,10-Q,2019-05-02,2019,Q1
HII,PaymentsToAcquirePropertyPlantAndEquipment,2020-01-01,2020-03-31,71000000,10-Q,2020-05-07,2020,Q1
HII,PaymentsToAcquirePropertyPlantAndEquipment,2021-01-01,2021-03-31,60000000,10-Q,2021-05-06,2021,Q1
HII,PaymentsToAcquirePropertyPlantAndEquipment,2022-01-01,2022-03-31,43000000,10-Q,2022-05-05,2022,Q1
HII,PaymentsToAcquirePropertyPlantAndEquipment,2023-01-01,2023-03-31,43000000,10-Q,2023-05-04,2023,Q1
HII,PaymentsToAcquirePropertyPlantAndEquipment,2024-01-01,2024-03-31,75000000,10-Q,2024-05-02,2024,Q1
HII,PaymentsToAcquirePropertyPlantAndEquipment,2025-01-01,2025-03-31,67000000,10-Q,2025-05-01,2025,Q1
HII,PaymentsToAcquirePropertyPlantAndEquipment,2026-01-01,2026-03-31,74000000,10-Q,2026-05-05,2026,Q1
HOG,PaymentsToAcquirePropertyPlantAndEquipment,2009-01-01,2009-03-29,20009000,10-Q,2010-05-06,2010,Q1
HOG,PaymentsToAcquirePropertyPlantAndEquipment,2010-01-01,2010-03-28,14558000,10-Q,2010-05-06,2010,Q1
HOG,PaymentsToAcquirePropertyPlantAndEquipment,2011-01-01,2011-03-27,27704000,10-Q,2011-05-04,2011,Q1
HOG,PaymentsToAcquirePropertyPlantAndEquipment,2012-01-01,2012-04-01,24680000,10-Q,2012-05-10,2012,Q1
HOG,PaymentsToAcquirePropertyPlantAndEquipment,2013-01-01,2013-03-31,22261000,10-Q,2013-05-09,2013,Q1
HOG,PaymentsToAcquirePropertyPlantAndEquipment,2014-01-01,2014-03-30,25881000,10-Q,2014-05-08,2014,Q1
HOG,PaymentsToAcquirePropertyPlantAndEquipment,2015-01-01,2015-03-29,38069000,10-Q,2015-05-07,2015,Q1
HOG,PaymentsToAcquirePropertyPlantAndEquipment,2016-01-01,2016-03-27,39011000,10-Q,2016-05-05,2016,Q1
HOG,PaymentsToAcquirePropertyPlantAndEquipment,2017-01-01,2017-03-26,23967000,10-Q,2017-05-04,2017,Q1
HOG,PaymentsToAcquirePropertyPlantAndEquipment,2018-01-01,2018-04-01,28436000,10-Q,2018-05-10,2018,Q1
HOG,PaymentsToAcquirePropertyPlantAndEquipment,2019-01-01,2019-03-31,35255000,10-Q,2019-05-09,2019,Q1
HOG,PaymentsToAcquirePropertyPlantAndEquipment,2020-01-01,2020-03-29,32928000,10-Q,2020-05-07,2020,Q1
HOG,PaymentsToAcquirePropertyPlantAndEquipment,2021-01-01,2021-03-28,18813000,10-Q,2021-05-06,2021,Q1
HOG,PaymentsToAcquirePropertyPlantAndEquipment,2022-01-01,2022-03-27,27999000,10-Q,2022-05-05,2022,Q1
HOG,PaymentsToAcquirePropertyPlantAndEquipment,2023-01-01,2023-03-31,45114000,10-Q,2023-05-10,2023,Q1
HOG,PaymentsToAcquirePropertyPlantAndEquipment,2024-01-01,2024-03-31,46356000,10-Q,2024-05-06,2024,Q1
HOG,PaymentsToAcquirePropertyPlantAndEquipment,2025-01-01,2025-03-31,29973000,10-Q,2025-05-06,2025,Q1
HOG,PaymentsToAcquirePropertyPlantAndEquipment,2026-01-01,2026-03-31,31792000,10-Q,2026-05-06,2026,Q1
HON,PaymentsToAcquirePropertyPlantAndEquipment,2009-01-01,2009-03-31,-109000000,10-Q,2010-04-23,2010,Q1
HON,PaymentsToAcquirePropertyPlantAndEquipment,2010-01-01,2010-03-31,-70000000,10-Q,2010-04-23,2010,Q1
HON,PaymentsToAcquirePropertyPlantAndEquipment,2011-01-01,2011-03-31,124000000,10-Q,2011-04-21,2011,Q1
HON,PaymentsToAcquirePropertyPlantAndEquipment,2013-01-01,2013-03-31,148000000,10-Q,2014-04-17,2014,Q1
HON,PaymentsToAcquirePropertyPlantAndEquipment,2014-01-01,2014-03-31,192000000,10-Q,2014-04-17,2014,Q1
HON,PaymentsToAcquirePropertyPlantAndEquipment,2015-01-01,2015-03-31,165000000,10-Q,2015-04-17,2015,Q1
HON,PaymentsToAcquirePropertyPlantAndEquipment,2016-01-01,2016-03-31,194000000,10-Q,2016-04-22,2016,Q1
HON,PaymentsToAcquirePropertyPlantAndEquipment,2017-01-01,2017-03-31,168000000,10-Q,2017-04-21,2017,Q1
HON,PaymentsToAcquirePropertyPlantAndEquipment,2018-01-01,2018-03-31,140000000,10-Q,2018-04-20,2018,Q1
HON,PaymentsToAcquirePropertyPlantAndEquipment,2019-01-01,2019-03-31,141000000,10-Q,2019-04-18,2019,Q1
HON,PaymentsToAcquirePropertyPlantAndEquipment,2020-01-01,2020-03-31,139000000,10-Q,2020-05-01,2020,Q1
HON,PaymentsToAcquirePropertyPlantAndEquipment,2021-01-01,2021-03-31,221000000,10-Q,2021-04-23,2021,Q1
HON,PaymentsToAcquirePropertyPlantAndEquipment,2022-01-01,2022-03-31,183000000,10-Q,2022-04-29,2022,Q1
HON,PaymentsToAcquirePropertyPlantAndEquipment,2023-01-01,2023-03-31,193000000,10-Q,2023-04-27,2023,Q1
HON,PaymentsToAcquirePropertyPlantAndEquipment,2024-01-01,2024-03-31,233000000,10-Q,2024-04-25,2024,Q1
HON,PaymentsToAcquirePropertyPlantAndEquipment,2025-01-01,2025-03-31,251000000,10-Q,2025-04-29,2025,Q1
HON,PaymentsToAcquirePropertyPlantAndEquipment,2026-01-01,2026-03-31,223000000,10-Q,2026-04-23,2026,Q1
HP,PaymentsToAcquirePropertyPlantAndEquipment,2008-10-01,2008-12-31,250381000,10-Q,2010-02-03,2010,Q1
HP,PaymentsToAcquirePropertyPlantAndEquipment,2009-10-01,2009-12-31,64754000,10-Q,2010-02-03,2010,Q1
HP,PaymentsToAcquirePropertyPlantAndEquipment,2010-10-01,2010-12-31,116224000,10-Q,2011-02-07,2011,Q1
HP,PaymentsToAcquirePropertyPlantAndEquipment,2011-10-01,2011-12-31,256943000,10-Q,2012-02-07,2012,Q1
HP,PaymentsToAcquirePropertyPlantAndEquipment,2012-10-01,2012-12-31,219444000,10-Q,2013-02-07,2013,Q1
HP,PaymentsToAcquirePropertyPlantAndEquipment,2013-10-01,2013-12-31,140643000,10-Q,2014-02-07,2014,Q1
HP,PaymentsToAcquirePropertyPlantAndEquipment,2014-10-01,2014-12-31,369029000,10-Q,2015-02-06,2015,Q1
HP,PaymentsToAcquirePropertyPlantAndEquipment,2015-10-01,2015-12-31,114470000,10-Q,2016-02-05,2016,Q1
HP,PaymentsToAcquirePropertyPlantAndEquipment,2016-10-01,2016-12-31,82127000,10-Q,2017-02-03,2017,Q1
HP,PaymentsToAcquirePropertyPlantAndEquipment,2017-10-01,2017-12-31,91698000,10-Q,2018-02-02,2018,Q1
HP,PaymentsToAcquirePropertyPlantAndEquipment,2018-10-01,2018-12-31,196094000,10-Q,2019-01-30,2019,Q1
HP,PaymentsToAcquirePropertyPlantAndEquipment,2019-10-01,2019-12-31,46021000,10-Q,2020-02-05,2020,Q1
HP,PaymentsToAcquirePropertyPlantAndEquipment,2020-10-01,2020-12-31,13985000,10-Q,2021-02-09,2021,Q1
HP,PaymentsToAcquirePropertyPlantAndEquipment,2021-10-01,2021-12-31,44014000,10-Q,2022-01-31,2022,Q1
HP,PaymentsToAcquirePropertyPlantAndEquipment,2022-10-01,2022-12-31,96027000,10-Q,2023-01-30,2023,Q1
HP,PaymentsToAcquirePropertyPlantAndEquipment,2023-10-01,2023-12-31,136411000,10-Q,2024-01-29,2024,Q1
HP,PaymentsToAcquirePropertyPlantAndEquipment,2024-10-01,2024-12-31,106485000,10-Q,2025-02-05,2025,Q1
HP,PaymentsToAcquirePropertyPlantAndEquipment,2025-10-01,2025-12-31,67565000,10-Q,2026-02-05,2026,Q1
HQY,PaymentsToAcquirePropertyPlantAndEquipment,2014-02-01,2014-04-30,480000,10-Q,2015-06-11,2016,Q1
HQY,PaymentsToAcquirePropertyPlantAndEquipment,2015-02-01,2015-04-30,826000,10-Q,2015-06-11,2016,Q1
HQY,PaymentsToAcquirePropertyPlantAndEquipment,2016-02-01,2016-04-30,321000,10-Q,2016-06-09,2017,Q1
HQY,PaymentsToAcquirePropertyPlantAndEquipment,2017-02-01,2017-04-30,1437000,10-Q,2017-06-08,2018,Q1
HQY,PaymentsToAcquirePropertyPlantAndEquipment,2018-02-01,2018-04-30,1121000,10-Q,2018-06-07,2019,Q1
HQY,PaymentsToAcquirePropertyPlantAndEquipment,2019-02-01,2019-04-30,1126000,10-Q,2019-06-06,2020,Q1
HQY,PaymentsToAcquirePropertyPlantAndEquipment,2020-02-01,2020-04-30,7511000,10-Q,2020-06-04,2021,Q1
HQY,PaymentsToAcquirePropertyPlantAndEquipment,2021-02-01,2021-04-30,2490000,10-Q,2021-06-08,2022,Q1
HQY,PaymentsToAcquirePropertyPlantAndEquipment,2022-02-01,2022-04-30,1155000,10-Q,2022-06-08,2023,Q1
HQY,PaymentsToAcquirePropertyPlantAndEquipment,2023-02-01,2023-04-30,132000,10-Q,2023-06-07,2024,Q1
HQY,PaymentsToAcquirePropertyPlantAndEquipment,2024-02-01,2024-04-30,721000,10-Q,2024-06-03,2025,Q1
HQY,PaymentsToAcquirePropertyPlantAndEquipment,2025-02-01,2025-04-30,86000,10-Q,2025-06-03,2026,Q1
HQY,PaymentsToAcquirePropertyPlantAndEquipment,2026-02-01,2026-04-30,362000,10-Q,2026-05-28,2027,Q1
HSTM,PaymentsToAcquirePropertyPlantAndEquipment,2011-01-01,2011-03-31,708000,10-Q,2012-04-30,2012,Q1
HSTM,PaymentsToAcquirePropertyPlantAndEquipment,2012-01-01,2012-03-31,763000,10-Q,2012-04-30,2012,Q1
HSTM,PaymentsToAcquirePropertyPlantAndEquipment,2013-01-01,2013-03-31,744000,10-Q,2013-04-30,2013,Q1
HSTM,PaymentsToAcquirePropertyPlantAndEquipment,2014-01-01,2014-03-31,1104000,10-Q,2014-05-01,2014,Q1
HSTM,PaymentsToAcquirePropertyPlantAndEquipment,2015-01-01,2015-03-31,2313000,10-Q,2015-05-01,2015,Q1
HSTM,PaymentsToAcquirePropertyPlantAndEquipment,2016-01-01,2016-03-31,2685000,10-Q,2016-05-02,2016,Q1
HSTM,PaymentsToAcquirePropertyPlantAndEquipment,2017-01-01,2017-03-31,1018000,10-Q,2017-05-01,2017,Q1
HSTM,PaymentsToAcquirePropertyPlantAndEquipment,2018-01-01,2018-03-31,1858000,10-Q,2018-05-07,2018,Q1
HSTM,PaymentsToAcquirePropertyPlantAndEquipment,2019-01-01,2019-03-31,11338000,10-Q,2019-04-29,2019,Q1
HSTM,PaymentsToAcquirePropertyPlantAndEquipment,2020-01-01,2020-03-31,1010000,10-Q,2020-04-30,2020,Q1
HSTM,PaymentsToAcquirePropertyPlantAndEquipment,2021-01-01,2021-03-31,1898000,10-Q,2021-04-29,2021,Q1
HSTM,PaymentsToAcquirePropertyPlantAndEquipment,2022-01-01,2022-03-31,636000,10-Q,2022-04-28,2022,Q1
HSTM,PaymentsToAcquirePropertyPlantAndEquipment,2023-01-01,2023-03-31,879000,10-Q,2023-04-27,2023,Q1
HSTM,PaymentsToAcquirePropertyPlantAndEquipment,2024-01-01,2024-03-31,742000,10-Q,2024-04-25,2024,Q1
HSTM,PaymentsToAcquirePropertyPlantAndEquipment,2025-01-01,2025-03-31,1055000,10-Q,2025-05-09,2025,Q1
HSTM,PaymentsToAcquirePropertyPlantAndEquipment,2026-01-01,2026-03-31,740000,10-Q,2026-05-06,2026,Q1
HUBS,PaymentsToAcquirePropertyPlantAndEquipment,2014-01-01,2014-03-31,2480000,10-Q,2015-05-07,2015,Q1
HUBS,PaymentsToAcquirePropertyPlantAndEquipment,2015-01-01,2015-03-31,1025000,10-Q,2015-05-07,2015,Q1
HUBS,PaymentsToAcquirePropertyPlantAndEquipment,2016-01-01,2016-03-31,6641000,10-Q,2016-05-04,2016,Q1
HUBS,PaymentsToAcquirePropertyPlantAndEquipment,2017-01-01,2017-03-31,5835000,10-Q,2017-05-02,2017,Q1
HUBS,PaymentsToAcquirePropertyPlantAndEquipment,2018-01-01,2018-03-31,6239000,10-Q,2018-05-10,2018,Q1
HUBS,PaymentsToAcquirePropertyPlantAndEquipment,2019-01-01,2019-03-31,4265000,10-Q,2019-05-07,2019,Q1
HUBS,PaymentsToAcquirePropertyPlantAndEquipment,2020-01-01,2020-03-31,11098000,10-Q,2020-05-06,2020,Q1
HUBS,PaymentsToAcquirePropertyPlantAndEquipment,2021-01-01,2021-03-31,3967000,10-Q,2021-05-05,2021,Q1
HUBS,PaymentsToAcquirePropertyPlantAndEquipment,2022-01-01,2022-03-31,9940000,10-Q,2022-05-05,2022,Q1
HUBS,PaymentsToAcquirePropertyPlantAndEquipment,2023-01-01,2023-03-31,3310000,10-Q,2023-05-03,2023,Q1
HUBS,PaymentsToAcquirePropertyPlantAndEquipment,2024-01-01,2024-03-31,5882000,10-Q,2024-05-10,2024,Q1
HUBS,PaymentsToAcquirePropertyPlantAndEquipment,2025-01-01,2025-03-31,13345000,10-Q,2025-05-08,2025,Q1
HUBS,PaymentsToAcquirePropertyPlantAndEquipment,2026-01-01,2026-03-31,15422000,10-Q,2026-05-07,2026,Q1
HYPR,PaymentsToAcquirePropertyPlantAndEquipment,2021-01-01,2021-03-31,170000,10-Q,2022-05-12,2022,Q1
HYPR,PaymentsToAcquirePropertyPlantAndEquipment,2022-01-01,2022-03-31,308000,10-Q,2022-05-12,2022,Q1
HYPR,PaymentsToAcquirePropertyPlantAndEquipment,2023-01-01,2023-03-31,61000,10-Q,2023-05-11,2023,Q1
HYPR,PaymentsToAcquirePropertyPlantAndEquipment,2024-01-01,2024-03-31,145000,10-Q,2024-05-14,2024,Q1
HYPR,PaymentsToAcquirePropertyPlantAndEquipment,2025-01-01,2025-03-31,472000,10-Q,2025-05-13,2025,Q1
HYPR,PaymentsToAcquirePropertyPlantAndEquipment,2026-01-01,2026-03-31,242000,10-Q,2026-05-12,2026,Q1
IA,PaymentsToAcquirePropertyPlantAndEquipment,2010-10-01,2010-12-31,19395,10-Q,2012-02-03,2012,Q1
IA,PaymentsToAcquirePropertyPlantAndEquipment,2011-10-01,2011-12-31,111898,10-Q,2012-02-03,2012,Q1
IA,PaymentsToAcquirePropertyPlantAndEquipment,2012-10-01,2012-12-31,43231,10-Q,2013-02-11,2013,Q1
IA,PaymentsToAcquirePropertyPlantAndEquipment,2013-10-01,2013-12-31,336572,10-Q,2014-02-11,2014,Q1
IA,PaymentsToAcquirePropertyPlantAndEquipment,2014-10-01,2014-12-31,35032,10-Q,2015-02-17,2015,Q1
IA,PaymentsToAcquirePropertyPlantAndEquipment,2015-10-01,2015-12-31,66067,10-Q,2016-02-16,2016,Q1
IA,PaymentsToAcquirePropertyPlantAndEquipment,2016-10-01,2016-12-31,47340,10-Q,2017-02-10,2017,Q1
IA,PaymentsToAcquirePropertyPlantAndEquipment,2017-10-01,2017-12-31,83277,10-Q,2018-02-14,2018,Q1
IA,PaymentsToAcquirePropertyPlantAndEquipment,2018-10-01,2018-12-31,39775,10-Q,2019-02-14,2019,Q1
IA,PaymentsToAcquirePropertyPlantAndEquipment,2019-10-01,2019-12-31,17429,10-Q,2020-02-07,2020,Q1
IA,PaymentsToAcquirePropertyPlantAndEquipment,2020-10-01,2020-12-31,72846,10-Q,2021-02-12,2021,Q1
IA,PaymentsToAcquirePropertyPlantAndEquipment,2021-10-01,2021-12-31,77348,10-Q,2022-02-11,2022,Q1
IA,PaymentsToAcquirePropertyPlantAndEquipment,2022-10-01,2022-12-31,32716,10-Q,2023-02-14,2023,Q1
IA,PaymentsToAcquirePropertyPlantAndEquipment,2023-10-01,2023-12-31,182918,10-Q,2024-02-14,2024,Q1
IA,PaymentsToAcquirePropertyPlantAndEquipment,2024-10-01,2024-12-31,261364,10-Q,2025-02-14,2025,Q1
IA,PaymentsToAcquirePropertyPlantAndEquipment,2025-10-01,2025-12-31,1109890,10-Q,2026-02-13,2026,Q1
IART,PaymentsToAcquirePropertyPlantAndEquipment,2010-01-01,2010-03-31,-5944000,10-Q,2011-04-28,2011,Q1
IART,PaymentsToAcquirePropertyPlantAndEquipment,2011-01-01,2011-03-31,-5922000,10-Q,2011-04-28,2011,Q1
IART,PaymentsToAcquirePropertyPlantAndEquipment,2012-01-01,2012-03-31,10412000,10-Q,2012-04-26,2012,Q1
IART,PaymentsToAcquirePropertyPlantAndEquipment,2013-01-01,2013-03-31,10853000,10-Q,2013-05-02,2013,Q1
IART,PaymentsToAcquirePropertyPlantAndEquipment,2014-01-01,2014-03-31,11335000,10-Q,2014-05-01,2014,Q1
IART,PaymentsToAcquirePropertyPlantAndEquipment,2015-01-01,2015-03-31,8901000,10-Q,2015-05-01,2015,Q1
IART,PaymentsToAcquirePropertyPlantAndEquipment,2016-01-01,2016-03-31,10895000,10-Q,2016-04-27,2016,Q1
IART,PaymentsToAcquirePropertyPlantAndEquipment,2017-01-01,2017-03-31,9191000,10-Q,2017-04-26,2017,Q1
IART,PaymentsToAcquirePropertyPlantAndEquipment,2018-01-01,2018-03-31,15387000,10-Q,2018-04-26,2018,Q1
IART,PaymentsToAcquirePropertyPlantAndEquipment,2019-01-01,2019-03-31,16086000,10-Q,2019-04-29,2019,Q1
IART,PaymentsToAcquirePropertyPlantAndEquipment,2020-01-01,2020-03-31,16519000,10-Q,2020-05-07,2020,Q1
IART,PaymentsToAcquirePropertyPlantAndEquipment,2021-01-01,2021-03-31,6675000,10-Q,2021-04-29,2021,Q1
IART,PaymentsToAcquirePropertyPlantAndEquipment,2022-01-01,2022-03-31,9325000,10-Q,2022-04-27,2022,Q1
IART,PaymentsToAcquirePropertyPlantAndEquipment,2023-01-01,2023-03-31,13704000,10-Q,2023-04-26,2023,Q1
IART,PaymentsToAcquirePropertyPlantAndEquipment,2024-01-01,2024-03-31,15465000,10-Q,2024-05-06,2024,Q1
IART,PaymentsToAcquirePropertyPlantAndEquipment,2025-01-01,2025-03-31,28920000,10-Q,2025-05-05,2025,Q1
IART,PaymentsToAcquirePropertyPlantAndEquipment,2026-01-01,2026-03-31,14848000,10-Q,2026-05-05,2026,Q1
IBM,PaymentsToAcquirePropertyPlantAndEquipment,2010-01-01,2010-03-31,758000000,10-Q,2011-04-26,2011,Q1
IBM,PaymentsToAcquirePropertyPlantAndEquipment,2011-01-01,2011-03-31,915000000,10-Q,2011-04-26,2011,Q1
IBM,PaymentsToAcquirePropertyPlantAndEquipment,2012-01-01,2012-03-31,937000000,10-Q,2012-04-24,2012,Q1
IBM,PaymentsToAcquirePropertyPlantAndEquipment,2013-01-01,2013-03-31,714000000,10-Q,2013-04-30,2013,Q1
IBM,PaymentsToAcquirePropertyPlantAndEquipment,2014-01-01,2014-03-31,849000000,10-Q,2014-04-29,2014,Q1
IBM,PaymentsToAcquirePropertyPlantAndEquipment,2015-01-01,2015-03-31,857000000,10-Q,2015-04-28,2015,Q1
IBM,PaymentsToAcquirePropertyPlantAndEquipment,2016-01-01,2016-03-31,956000000,10-Q,2016-04-26,2016,Q1
IBM,PaymentsToAcquirePropertyPlantAndEquipment,2017-01-01,2017-03-31,740000000,10-Q,2017-04-25,2017,Q1
IBM,PaymentsToAcquirePropertyPlantAndEquipment,2018-01-01,2018-03-31,870000000,10-Q,2018-04-24,2018,Q1
IBM,PaymentsToAcquirePropertyPlantAndEquipment,2019-01-01,2019-03-31,539000000,10-Q,2019-04-30,2019,Q1
IBM,PaymentsToAcquirePropertyPlantAndEquipment,2020-01-01,2020-03-31,630000000,10-Q,2020-04-28,2020,Q1
IBM,PaymentsToAcquirePropertyPlantAndEquipment,2021-01-01,2021-03-31,494000000,10-Q,2021-04-27,2021,Q1
IBM,PaymentsToAcquirePropertyPlantAndEquipment,2022-01-01,2022-03-31,281000000,10-Q,2022-04-26,2022,Q1
IBM,PaymentsToAcquirePropertyPlantAndEquipment,2023-01-01,2023-03-31,300000000,10-Q,2023-04-25,2023,Q1
IBM,PaymentsToAcquirePropertyPlantAndEquipment,2024-01-01,2024-03-31,239000000,10-Q,2024-04-30,2024,Q1
IBM,PaymentsToAcquirePropertyPlantAndEquipment,2025-01-01,2025-03-31,244000000,10-Q,2025-04-24,2025,Q1
IBM,PaymentsToAcquirePropertyPlantAndEquipment,2026-01-01,2026-03-31,232000000,10-Q,2026-04-23,2026,Q1
IBP,PaymentsToAcquirePropertyPlantAndEquipment,2013-01-01,2013-03-31,635000,10-Q,2014-05-14,2014,Q1
IBP,PaymentsToAcquirePropertyPlantAndEquipment,2014-01-01,2014-03-31,749000,10-Q,2014-05-14,2014,Q1
IBP,PaymentsToAcquirePropertyPlantAndEquipment,2015-01-01,2015-03-31,5666000,10-Q,2015-05-13,2015,Q1
IBP,PaymentsToAcquirePropertyPlantAndEquipment,2016-01-01,2016-03-31,6503000,10-Q,2016-05-09,2016,Q1
IBP,PaymentsToAcquirePropertyPlantAndEquipment,2017-01-01,2017-03-31,7776000,10-Q,2017-05-08,2017,Q1
IBP,PaymentsToAcquirePropertyPlantAndEquipment,2018-01-01,2018-03-31,10237000,10-Q,2018-05-04,2018,Q1
IBP,PaymentsToAcquirePropertyPlantAndEquipment,2019-01-01,2019-03-31,8658000,10-Q,2019-05-03,2019,Q1
IBP,PaymentsToAcquirePropertyPlantAndEquipment,2020-01-01,2020-03-31,9919000,10-Q,2020-05-08,2020,Q1
IBP,PaymentsToAcquirePropertyPlantAndEquipment,2021-01-01,2021-03-31,10846000,10-Q,2021-05-07,2021,Q1
IBP,PaymentsToAcquirePropertyPlantAndEquipment,2022-01-01,2022-03-31,10362000,10-Q,2022-05-05,2022,Q1
IBP,PaymentsToAcquirePropertyPlantAndEquipment,2023-01-01,2023-03-31,14949000,10-Q,2023-05-04,2023,Q1
IBP,PaymentsToAcquirePropertyPlantAndEquipment,2024-01-01,2024-03-31,21800000,10-Q,2024-05-09,2024,Q1
IBP,PaymentsToAcquirePropertyPlantAndEquipment,2025-01-01,2025-03-31,20200000,10-Q,2025-05-08,2025,Q1
IBP,PaymentsToAcquirePropertyPlantAndEquipment,2026-01-01,2026-03-31,16600000,10-Q,2026-05-07,2026,Q1
ICE,PaymentsToAcquirePropertyPlantAndEquipment,2013-01-01,2013-03-31,15000000,10-Q,2014-05-08,2014,Q1
ICE,PaymentsToAcquirePropertyPlantAndEquipment,2014-01-01,2014-03-31,31000000,10-Q,2014-05-08,2014,Q1
ICE,PaymentsToAcquirePropertyPlantAndEquipment,2015-01-01,2015-03-31,39000000,10-Q,2015-05-05,2015,Q1
ICE,PaymentsToAcquirePropertyPlantAndEquipment,2016-01-01,2016-03-31,31000000,10-Q,2016-05-04,2016,Q1
ICE,PaymentsToAcquirePropertyPlantAndEquipment,2017-01-01,2017-03-31,32000000,10-Q,2017-05-03,2017,Q1
ICE,PaymentsToAcquirePropertyPlantAndEquipment,2018-01-01,2018-03-31,14000000,10-Q,2018-05-03,2018,Q1
ICE,PaymentsToAcquirePropertyPlantAndEquipment,2019-01-01,2019-03-31,26000000,10-Q,2019-05-02,2019,Q1
ICE,PaymentsToAcquirePropertyPlantAndEquipment,2020-01-01,2020-03-31,15000000,10-Q,2020-04-30,2020,Q1
ICE,PaymentsToAcquirePropertyPlantAndEquipment,2021-01-01,2021-03-31,40000000,10-Q,2021-04-29,2021,Q1
ICE,PaymentsToAcquirePropertyPlantAndEquipment,2022-01-01,2022-03-31,36000000,10-Q,2022-05-05,2022,Q1
ICE,PaymentsToAcquirePropertyPlantAndEquipment,2023-01-01,2023-03-31,21000000,10-Q,2023-05-04,2023,Q1
ICE,PaymentsToAcquirePropertyPlantAndEquipment,2024-01-01,2024-03-31,58000000,10-Q,2024-05-02,2024,Q1
ICE,PaymentsToAcquirePropertyPlantAndEquipment,2025-01-01,2025-03-31,85000000,10-Q,2025-05-01,2025,Q1
ICE,PaymentsToAcquirePropertyPlantAndEquipment,2026-01-01,2026-03-31,64000000,10-Q,2026-04-30,2026,Q1
ICLR,PaymentsToAcquirePropertyPlantAndEquipment,2010-01-01,2010-03-31,9549000,6-K,2011-04-21,2011,Q1
ICLR,PaymentsToAcquirePropertyPlantAndEquipment,2011-01-01,2011-03-31,6023000,6-K,2011-04-21,2011,Q1
ICLR,PaymentsToAcquirePropertyPlantAndEquipment,2012-01-01,2012-03-31,6511000,6-K,2012-04-26,2012,Q1
ICLR,PaymentsToAcquirePropertyPlantAndEquipment,2013-01-01,2013-03-31,9392000,6-K,2013-05-02,2013,Q1
ICLR,PaymentsToAcquirePropertyPlantAndEquipment,2014-01-01,2014-03-31,6163000,6-K,2014-05-14,2014,Q1
ICLR,PaymentsToAcquirePropertyPlantAndEquipment,2015-01-01,2015-03-31,10688000,6-K,2015-05-15,2015,Q1
ICLR,PaymentsToAcquirePropertyPlantAndEquipment,2016-01-01,2016-03-31,7658000,6-K,2016-05-04,2016,Q1
ICLR,PaymentsToAcquirePropertyPlantAndEquipment,2017-01-01,2017-03-31,8298000,6-K,2017-04-27,2017,Q1
ICLR,PaymentsToAcquirePropertyPlantAndEquipment,2018-01-01,2018-03-31,8304000,6-K,2018-05-11,2018,Q1
ICLR,PaymentsToAcquirePropertyPlantAndEquipment,2019-01-01,2019-03-31,7034000,6-K,2019-05-03,2019,Q1
ICLR,PaymentsToAcquirePropertyPlantAndEquipment,2020-01-01,2020-03-31,11311000,6-K,2020-04-27,2020,Q1
ICLR,PaymentsToAcquirePropertyPlantAndEquipment,2021-01-01,2021-03-31,8704000,6-K,2021-04-30,2021,Q1
ICLR,PaymentsToAcquirePropertyPlantAndEquipment,2022-01-01,2022-03-31,19632000,6-K,2022-04-29,2022,Q1
ICLR,PaymentsToAcquirePropertyPlantAndEquipment,2023-01-01,2023-03-31,26744000,6-K,2023-04-28,2023,Q1
ICLR,PaymentsToAcquirePropertyPlantAndEquipment,2024-01-01,2024-03-31,27152000,6-K,2024-04-25,2024,Q1
ICLR,PaymentsToAcquirePropertyPlantAndEquipment,2025-01-01,2025-03-31,28907000,6-K,2025-05-02,2025,Q1
ICLR,PaymentsToAcquirePropertyPlantAndEquipment,2026-01-01,2026-03-31,30771000,6-K,2026-06-23,2026,Q1
IDCC,PaymentsToAcquirePropertyPlantAndEquipment,2010-01-01,2010-03-31,442000,10-Q,2011-04-28,2011,Q1
IDCC,PaymentsToAcquirePropertyPlantAndEquipment,2011-01-01,2011-03-31,931000,10-Q,2011-04-28,2011,Q1
IDCC,PaymentsToAcquirePropertyPlantAndEquipment,2012-01-01,2012-03-31,531000,10-Q,2012-04-26,2012,Q1
IDCC,PaymentsToAcquirePropertyPlantAndEquipment,2013-01-01,2013-03-31,429000,10-Q,2013-04-25,2013,Q1
IDCC,PaymentsToAcquirePropertyPlantAndEquipment,2014-01-01,2014-03-31,1220000,10-Q,2014-05-01,2014,Q1
IDCC,PaymentsToAcquirePropertyPlantAndEquipment,2015-01-01,2015-03-31,838000,10-Q,2015-04-29,2015,Q1
IDCC,PaymentsToAcquirePropertyPlantAndEquipment,2016-01-01,2016-03-31,1594000,10-Q,2016-04-28,2016,Q1
IDCC,PaymentsToAcquirePropertyPlantAndEquipment,2017-01-01,2017-03-31,268000,10-Q,2017-04-27,2017,Q1
IDCC,PaymentsToAcquirePropertyPlantAndEquipment,2018-01-01,2018-03-31,399000,10-Q,2018-04-26,2018,Q1
IDCC,PaymentsToAcquirePropertyPlantAndEquipment,2019-01-01,2019-03-31,1584000,10-Q,2019-05-02,2019,Q1
IDCC,PaymentsToAcquirePropertyPlantAndEquipment,2020-01-01,2020-03-31,1603000,10-Q,2020-05-07,2020,Q1
IDCC,PaymentsToAcquirePropertyPlantAndEquipment,2021-01-01,2021-03-31,387000,10-Q,2021-05-06,2021,Q1
IDCC,PaymentsToAcquirePropertyPlantAndEquipment,2022-01-01,2022-03-31,337000,10-Q,2022-05-05,2022,Q1
IDCC,PaymentsToAcquirePropertyPlantAndEquipment,2023-01-01,2023-03-31,1209000,10-Q,2023-05-04,2023,Q1
IDCC,PaymentsToAcquirePropertyPlantAndEquipment,2024-01-01,2024-03-31,444000,10-Q,2024-05-02,2024,Q1
IDCC,PaymentsToAcquirePropertyPlantAndEquipment,2025-01-01,2025-03-31,14508000,10-Q,2025-05-01,2025,Q1
IDCC,PaymentsToAcquirePropertyPlantAndEquipment,2026-01-01,2026-03-31,911000,10-Q,2026-04-30,2026,Q1
IDN,PaymentsToAcquirePropertyPlantAndEquipment,2011-01-01,2011-03-31,13924,10-Q,2012-05-10,2012,Q1
IDN,PaymentsToAcquirePropertyPlantAndEquipment,2012-01-01,2012-03-31,28591,10-Q,2012-05-10,2012,Q1
IDN,PaymentsToAcquirePropertyPlantAndEquipment,2013-01-01,2013-03-31,5762,10-Q,2013-05-09,2013,Q1
IDN,PaymentsToAcquirePropertyPlantAndEquipment,2014-01-01,2014-03-31,11149,10-Q,2014-05-13,2014,Q1
IDN,PaymentsToAcquirePropertyPlantAndEquipment,2015-01-01,2015-03-31,28671,10-Q,2015-05-06,2015,Q1
IDN,PaymentsToAcquirePropertyPlantAndEquipment,2016-01-01,2016-03-31,22747,10-Q,2016-05-16,2016,Q1
IDN,PaymentsToAcquirePropertyPlantAndEquipment,2017-01-01,2017-03-31,9534,10-Q,2017-05-10,2017,Q1
IDN,PaymentsToAcquirePropertyPlantAndEquipment,2018-01-01,2018-03-31,77399,10-Q,2019-05-10,2019,Q1
IDN,PaymentsToAcquirePropertyPlantAndEquipment,2019-01-01,2019-03-31,3540,10-Q,2019-05-10,2019,Q1
IDN,PaymentsToAcquirePropertyPlantAndEquipment,2020-01-01,2020-03-31,26189,10-Q,2020-05-06,2020,Q1
IDN,PaymentsToAcquirePropertyPlantAndEquipment,2021-01-01,2021-03-31,48375,10-Q,2021-05-12,2021,Q1
IDN,PaymentsToAcquirePropertyPlantAndEquipment,2022-01-01,2022-03-31,131000,10-Q,2022-06-17,2022,Q1
IDN,PaymentsToAcquirePropertyPlantAndEquipment,2023-01-01,2023-03-31,17000,10-Q,2023-05-11,2023,Q1
IDN,PaymentsToAcquirePropertyPlantAndEquipment,2024-01-01,2024-03-31,9000,10-Q,2024-05-14,2024,Q1
IDN,PaymentsToAcquirePropertyPlantAndEquipment,2025-01-01,2025-03-31,9000,10-Q,2025-05-13,2025,Q1
IDN,PaymentsToAcquirePropertyPlantAndEquipment,2026-01-01,2026-03-31,33000,10-Q,2026-05-12,2026,Q1
IDYA,PaymentsToAcquirePropertyPlantAndEquipment,2019-01-01,2019-03-31,606000,10-Q,2020-05-12,2020,Q1
IDYA,PaymentsToAcquirePropertyPlantAndEquipment,2021-01-01,2021-03-31,1003000,10-Q,2021-05-10,2021,Q1
IDYA,PaymentsToAcquirePropertyPlantAndEquipment,2022-01-01,2022-03-31,401000,10-Q,2022-05-10,2022,Q1
IDYA,PaymentsToAcquirePropertyPlantAndEquipment,2023-01-01,2023-03-31,43000,10-Q,2023-05-09,2023,Q1
IDYA,PaymentsToAcquirePropertyPlantAndEquipment,2024-01-01,2024-03-31,1325000,10-Q,2024-05-07,2024,Q1
IDYA,PaymentsToAcquirePropertyPlantAndEquipment,2025-01-01,2025-03-31,1330000,10-Q,2025-05-06,2025,Q1
IDYA,PaymentsToAcquirePropertyPlantAndEquipment,2026-01-01,2026-03-31,967000,10-Q,2026-05-05,2026,Q1
IESC,PaymentsToAcquirePropertyPlantAndEquipment,2010-10-01,2010-12-31,391000,10-Q,2012-03-30,2012,Q1
IESC,PaymentsToAcquirePropertyPlantAndEquipment,2011-10-01,2011-12-31,302000,10-Q,2012-03-30,2012,Q1
IESC,PaymentsToAcquirePropertyPlantAndEquipment,2012-10-01,2012-12-31,369000,10-Q,2013-02-14,2013,Q1
IESC,PaymentsToAcquirePropertyPlantAndEquipment,2013-10-01,2013-12-31,267000,10-Q,2014-02-10,2014,Q1
IESC,PaymentsToAcquirePropertyPlantAndEquipment,2014-10-01,2014-12-31,699000,10-Q,2015-02-05,2015,Q1
IESC,PaymentsToAcquirePropertyPlantAndEquipment,2015-10-01,2015-12-31,352000,10-Q,2016-02-08,2016,Q1
IESC,PaymentsToAcquirePropertyPlantAndEquipment,2016-10-01,2016-12-31,1796000,10-Q,2017-02-08,2017,Q1
IESC,PaymentsToAcquirePropertyPlantAndEquipment,2017-10-01,2017-12-31,1203000,10-Q,2018-02-06,2018,Q1
IESC,PaymentsToAcquirePropertyPlantAndEquipment,2018-10-01,2018-12-31,2088000,10-Q,2019-02-05,2019,Q1
III,PaymentsToAcquirePropertyPlantAndEquipment,2011-01-01,2011-03-31,231000,10-Q,2012-05-10,2012,Q1
III,PaymentsToAcquirePropertyPlantAndEquipment,2012-01-01,2012-03-31,748000,10-Q,2012-05-10,2012,Q1
III,PaymentsToAcquirePropertyPlantAndEquipment,2013-01-01,2013-03-31,426000,10-Q,2013-05-14,2013,Q1
III,PaymentsToAcquirePropertyPlantAndEquipment,2014-01-01,2014-03-31,693000,10-Q,2014-05-09,2014,Q1
III,PaymentsToAcquirePropertyPlantAndEquipment,2015-01-01,2015-03-31,290000,10-Q,2015-05-11,2015,Q1
III,PaymentsToAcquirePropertyPlantAndEquipment,2016-01-01,2016-03-31,583000,10-Q,2016-05-09,2016,Q1
III,PaymentsToAcquirePropertyPlantAndEquipment,2017-01-01,2017-03-31,879000,10-Q,2017-05-09,2017,Q1
III,PaymentsToAcquirePropertyPlantAndEquipment,2018-01-01,2018-03-31,3019000,10-Q,2018-05-10,2018,Q1
III,PaymentsToAcquirePropertyPlantAndEquipment,2019-01-01,2019-03-31,353000,10-Q,2019-05-10,2019,Q1
III,PaymentsToAcquirePropertyPlantAndEquipment,2020-01-01,2020-03-31,173000,10-Q,2020-05-11,2020,Q1
III,PaymentsToAcquirePropertyPlantAndEquipment,2021-01-01,2021-03-31,441000,10-Q,2021-05-10,2021,Q1
III,PaymentsToAcquirePropertyPlantAndEquipment,2022-01-01,2022-03-31,1046000,10-Q,2022-05-10,2022,Q1
III,PaymentsToAcquirePropertyPlantAndEquipment,2023-01-01,2023-03-31,501000,10-Q,2023-05-09,2023,Q1
III,PaymentsToAcquirePropertyPlantAndEquipment,2024-01-01,2024-03-31,1022000,10-Q,2024-05-10,2024,Q1
III,PaymentsToAcquirePropertyPlantAndEquipment,2025-01-01,2025-03-31,837000,10-Q,2025-05-09,2025,Q1
III,PaymentsToAcquirePropertyPlantAndEquipment,2026-01-01,2026-03-31,841000,10-Q,2026-05-08,2026,Q1
ILMN,PaymentsToAcquirePropertyPlantAndEquipment,2010-01-04,2010-04-04,11180000,10-Q,2011-05-04,2011,Q1
ILMN,PaymentsToAcquirePropertyPlantAndEquipment,2011-01-03,2011-04-03,12300000,10-Q,2011-05-04,2011,Q1
ILMN,PaymentsToAcquirePropertyPlantAndEquipment,2012-01-02,2012-04-01,13084000,10-Q,2012-05-03,2012,Q1
ILMN,PaymentsToAcquirePropertyPlantAndEquipment,2012-12-31,2013-03-31,21441000,10-Q,2013-05-01,2013,Q1
ILMN,PaymentsToAcquirePropertyPlantAndEquipment,2013-12-30,2014-03-30,19012000,10-Q,2014-05-07,2014,Q1
ILMN,PaymentsToAcquirePropertyPlantAndEquipment,2014-12-29,2015-03-29,36551000,10-Q,2015-05-01,2015,Q1
ILMN,PaymentsToAcquirePropertyPlantAndEquipment,2016-01-04,2016-04-03,53418000,10-Q,2016-05-09,2016,Q1
ILMN,PaymentsToAcquirePropertyPlantAndEquipment,2017-01-02,2017-04-02,83000000,10-Q,2017-05-05,2017,Q1
ILMN,PaymentsToAcquirePropertyPlantAndEquipment,2018-01-01,2018-04-01,90000000,10-Q,2018-04-25,2018,Q1
ILMN,PaymentsToAcquirePropertyPlantAndEquipment,2018-12-31,2019-03-31,56000000,10-Q,2019-04-26,2019,Q1
ILMN,PaymentsToAcquirePropertyPlantAndEquipment,2019-12-30,2020-03-29,40000000,10-Q,2020-05-01,2020,Q1
ILMN,PaymentsToAcquirePropertyPlantAndEquipment,2021-01-04,2021-04-04,42000000,10-Q,2021-04-28,2021,Q1
ILMN,PaymentsToAcquirePropertyPlantAndEquipment,2022-01-03,2022-04-03,61000000,10-Q,2022-05-05,2022,Q1
ILMN,PaymentsToAcquirePropertyPlantAndEquipment,2023-01-02,2023-04-02,52000000,10-Q,2023-05-05,2023,Q1
ILMN,PaymentsToAcquirePropertyPlantAndEquipment,2024-01-01,2024-03-31,36000000,10-Q,2024-05-03,2024,Q1
ILMN,PaymentsToAcquirePropertyPlantAndEquipment,2024-12-30,2025-03-30,32000000,10-Q,2025-05-09,2025,Q1
ILMN,PaymentsToAcquirePropertyPlantAndEquipment,2025-12-29,2026-03-29,38000000,10-Q,2026-05-04,2026,Q1
IMAX,PaymentsToAcquirePropertyPlantAndEquipment,2010-01-01,2010-03-31,685000,10-Q,2011-04-28,2011,Q1
IMAX,PaymentsToAcquirePropertyPlantAndEquipment,2011-01-01,2011-03-31,838000,10-Q,2011-04-28,2011,Q1
IMAX,PaymentsToAcquirePropertyPlantAndEquipment,2012-01-01,2012-03-31,374000,10-Q,2012-04-27,2012,Q1
IMAX,PaymentsToAcquirePropertyPlantAndEquipment,2013-01-01,2013-03-31,3315000,10-Q,2013-04-25,2013,Q1
IMAX,PaymentsToAcquirePropertyPlantAndEquipment,2014-01-01,2014-03-31,7927000,10-Q,2014-04-24,2014,Q1
IMAX,PaymentsToAcquirePropertyPlantAndEquipment,2015-01-01,2015-03-31,22582000,10-Q,2015-04-30,2015,Q1
IMAX,PaymentsToAcquirePropertyPlantAndEquipment,2016-01-01,2016-03-31,4585000,10-Q,2016-04-21,2016,Q1
IMAX,PaymentsToAcquirePropertyPlantAndEquipment,2017-01-01,2017-03-31,4068000,10-Q,2017-04-20,2017,Q1
IMAX,PaymentsToAcquirePropertyPlantAndEquipment,2018-01-01,2018-03-31,6588000,10-Q,2018-05-01,2018,Q1
IMAX,PaymentsToAcquirePropertyPlantAndEquipment,2019-01-01,2019-03-31,2237000,10-Q,2019-04-26,2019,Q1
IMAX,PaymentsToAcquirePropertyPlantAndEquipment,2020-01-01,2020-03-31,271000,10-Q,2020-04-30,2020,Q1
IMAX,PaymentsToAcquirePropertyPlantAndEquipment,2021-01-01,2021-03-31,466000,10-Q,2021-04-29,2021,Q1
IMAX,PaymentsToAcquirePropertyPlantAndEquipment,2022-01-01,2022-03-31,728000,10-Q,2022-04-28,2022,Q1
IMAX,PaymentsToAcquirePropertyPlantAndEquipment,2023-01-01,2023-03-31,364000,10-Q,2023-04-27,2023,Q1
IMAX,PaymentsToAcquirePropertyPlantAndEquipment,2024-01-01,2024-03-31,1104000,10-Q,2024-04-25,2024,Q1
IMAX,PaymentsToAcquirePropertyPlantAndEquipment,2025-01-01,2025-03-31,1645000,10-Q,2025-04-23,2025,Q1
IMAX,PaymentsToAcquirePropertyPlantAndEquipment,2026-01-01,2026-03-31,2132000,10-Q,2026-04-30,2026,Q1
IMMR,PaymentsToAcquirePropertyPlantAndEquipment,2011-01-01,2011-03-31,27000,10-Q,2012-05-08,2012,Q1
IMMR,PaymentsToAcquirePropertyPlantAndEquipment,2012-01-01,2012-03-31,828000,10-Q,2012-05-08,2012,Q1
IMMR,PaymentsToAcquirePropertyPlantAndEquipment,2013-01-01,2013-03-31,76000,10-Q,2013-05-07,2013,Q1
IMMR,PaymentsToAcquirePropertyPlantAndEquipment,2014-01-01,2014-03-31,325000,10-Q,2014-05-06,2014,Q1
IMMR,PaymentsToAcquirePropertyPlantAndEquipment,2015-01-01,2015-03-31,783000,10-Q,2015-05-01,2015,Q1
IMMR,PaymentsToAcquirePropertyPlantAndEquipment,2016-01-01,2016-03-31,65000,10-Q,2016-05-06,2016,Q1
IMMR,PaymentsToAcquirePropertyPlantAndEquipment,2017-01-01,2017-03-31,83000,10-Q,2017-05-05,2017,Q1
IMMR,PaymentsToAcquirePropertyPlantAndEquipment,2018-01-01,2018-03-31,6000,10-Q,2018-05-11,2018,Q1
IMMR,PaymentsToAcquirePropertyPlantAndEquipment,2019-01-01,2019-03-31,6000,10-Q,2019-05-10,2019,Q1
IMMR,PaymentsToAcquirePropertyPlantAndEquipment,2020-01-01,2020-03-31,21000,10-Q,2020-05-08,2020,Q1
IMMR,PaymentsToAcquirePropertyPlantAndEquipment,2021-01-01,2021-03-31,57000,10-Q,2021-05-07,2021,Q1
IMMR,PaymentsToAcquirePropertyPlantAndEquipment,2022-01-01,2022-03-31,0,10-Q,2022-05-13,2022,Q1
IMMR,PaymentsToAcquirePropertyPlantAndEquipment,2024-05-01,2024-07-31,2808000,10-Q,2026-03-26,2026,Q1
IMMR,PaymentsToAcquirePropertyPlantAndEquipment,2025-05-01,2025-07-31,3736000,10-Q,2026-03-26,2026,Q1
IMMR,PaymentsToAcquirePropertyPlantAndEquipment,2026-05-01,2026-07-31,3529000,10-Q,2026-09-14,2026,Q1
INDI,PaymentsToAcquirePropertyPlantAndEquipment,2021-01-01,2021-03-31,140000,10-Q,2022-05-13,2022,Q1
INDI,PaymentsToAcquirePropertyPlantAndEquipment,2022-01-01,2022-03-31,565000,10-Q,2022-05-13,2022,Q1
INDI,PaymentsToAcquirePropertyPlantAndEquipment,2023-01-01,2023-03-31,3199000,10-Q,2023-05-15,2023,Q1
INDI,PaymentsToAcquirePropertyPlantAndEquipment,2024-01-01,2024-03-31,2317000,10-Q,2024-05-10,2024,Q1
INDI,PaymentsToAcquirePropertyPlantAndEquipment,2025-01-01,2025-03-31,2378000,10-Q,2025-05-12,2025,Q1
INDI,PaymentsToAcquirePropertyPlantAndEquipment,2026-01-01,2026-03-31,3212000,10-Q,2026-05-11,2026,Q1
INGN,PaymentsToAcquirePropertyPlantAndEquipment,2013-01-01,2013-03-31,406000,10-Q,2014-05-13,2014,Q1
INGN,PaymentsToAcquirePropertyPlantAndEquipment,2014-01-01,2014-03-31,169000,10-Q,2014-05-13,2014,Q1
INGN,PaymentsToAcquirePropertyPlantAndEquipment,2015-01-01,2015-03-31,552000,10-Q,2015-05-12,2015,Q1
INGN,PaymentsToAcquirePropertyPlantAndEquipment,2016-01-01,2016-03-31,714000,10-Q,2016-05-09,2016,Q1
INGN,PaymentsToAcquirePropertyPlantAndEquipment,2017-01-01,2017-03-31,593000,10-Q,2017-05-09,2017,Q1
INGN,PaymentsToAcquirePropertyPlantAndEquipment,2018-01-01,2018-03-31,2075000,10-Q,2018-04-30,2018,Q1
INGN,PaymentsToAcquirePropertyPlantAndEquipment,2019-01-01,2019-03-31,933000,10-Q,2019-05-07,2019,Q1
INGN,PaymentsToAcquirePropertyPlantAndEquipment,2020-01-01,2020-03-31,1479000,10-Q,2020-05-05,2020,Q1
INGN,PaymentsToAcquirePropertyPlantAndEquipment,2021-01-01,2021-03-31,1516000,10-Q,2021-05-04,2021,Q1
INGN,PaymentsToAcquirePropertyPlantAndEquipment,2022-01-01,2022-03-31,1366000,10-Q,2022-05-05,2022,Q1
INGN,PaymentsToAcquirePropertyPlantAndEquipment,2023-01-01,2023-03-31,1076000,10-Q,2023-05-05,2023,Q1
INGN,PaymentsToAcquirePropertyPlantAndEquipment,2024-01-01,2024-03-31,1310000,10-Q,2024-05-08,2024,Q1
INGN,PaymentsToAcquirePropertyPlantAndEquipment,2025-01-01,2025-03-31,292000,10-Q,2025-05-08,2025,Q1
INGN,PaymentsToAcquirePropertyPlantAndEquipment,2026-01-01,2026-03-31,210000,10-Q,2026-05-08,2026,Q1
INLX,PaymentsToAcquirePropertyPlantAndEquipment,2011-01-01,2011-03-31,4648,10-Q,2012-05-15,2012,Q1
INLX,PaymentsToAcquirePropertyPlantAndEquipment,2012-01-01,2012-03-31,44582,10-Q,2012-05-15,2012,Q1
INLX,PaymentsToAcquirePropertyPlantAndEquipment,2013-01-01,2013-03-31,3608,10-Q,2013-05-15,2013,Q1
INLX,PaymentsToAcquirePropertyPlantAndEquipment,2014-01-01,2014-03-31,2084,10-Q,2014-05-15,2014,Q1
INLX,PaymentsToAcquirePropertyPlantAndEquipment,2015-01-01,2015-03-31,0,10-Q,2015-05-15,2015,Q1
INLX,PaymentsToAcquirePropertyPlantAndEquipment,2016-01-01,2016-03-31,0,10-Q,2016-05-16,2016,Q1
INLX,PaymentsToAcquirePropertyPlantAndEquipment,2017-01-01,2017-03-31,-6429,10-Q,2017-05-15,2017,Q1
INLX,PaymentsToAcquirePropertyPlantAndEquipment,2020-01-01,2020-03-31,7742,10-Q,2020-05-15,2020,Q1
INLX,PaymentsToAcquirePropertyPlantAndEquipment,2021-01-01,2021-03-31,231699,10-Q,2021-05-17,2021,Q1
INLX,PaymentsToAcquirePropertyPlantAndEquipment,2022-01-01,2022-03-31,56043,10-Q,2022-05-16,2022,Q1
INLX,PaymentsToAcquirePropertyPlantAndEquipment,2023-01-01,2023-03-31,22361,10-Q,2023-05-15,2023,Q1
INLX,PaymentsToAcquirePropertyPlantAndEquipment,2024-01-01,2024-03-31,18311,10-Q,2024-05-14,2024,Q1
INLX,PaymentsToAcquirePropertyPlantAndEquipment,2025-01-01,2025-03-31,121080,10-Q,2025-05-13,2025,Q1
INLX,PaymentsToAcquirePropertyPlantAndEquipment,2026-01-01,2026-03-31,24965,10-Q,2026-05-14,2026,Q1
INSE,PaymentsToAcquirePropertyPlantAndEquipment,2015-09-27,2015-12-31,3968000,10-QT,2017-02-09,2017,Q1
INSE,PaymentsToAcquirePropertyPlantAndEquipment,2016-09-25,2016-12-31,2332000,10-QT,2017-02-09,2017,Q1
INSE,PaymentsToAcquirePropertyPlantAndEquipment,2017-10-01,2017-12-31,2913000,10-Q,2018-02-05,2018,Q1
INSE,PaymentsToAcquirePropertyPlantAndEquipment,2018-01-01,2018-03-31,2095000,10-Q,2019-05-10,2019,Q2
INSE,PaymentsToAcquirePropertyPlantAndEquipment,2018-10-01,2018-12-31,3215000,10-Q,2019-02-11,2019,Q1
INSE,PaymentsToAcquirePropertyPlantAndEquipment,2019-01-01,2019-03-31,1325000,10-Q,2019-05-10,2019,Q2
INSE,PaymentsToAcquirePropertyPlantAndEquipment,2020-01-01,2020-03-31,8400000,10-Q,2020-05-15,2020,Q1
INSE,PaymentsToAcquirePropertyPlantAndEquipment,2021-01-01,2021-03-31,2000000,10-Q,2021-05-14,2021,Q1
INSE,PaymentsToAcquirePropertyPlantAndEquipment,2022-01-01,2022-03-31,5200000,10-Q,2022-05-10,2022,Q1
INSE,PaymentsToAcquirePropertyPlantAndEquipment,2023-01-01,2023-03-31,6100000,10-Q,2023-05-10,2023,Q1
INSE,PaymentsToAcquirePropertyPlantAndEquipment,2024-01-01,2024-03-31,4400000,10-Q,2024-05-10,2024,Q1
INSE,PaymentsToAcquirePropertyPlantAndEquipment,2025-01-01,2025-03-31,9200000,10-Q,2025-05-08,2025,Q1
INSE,PaymentsToAcquirePropertyPlantAndEquipment,2026-01-01,2026-03-31,3700000,10-Q,2026-05-07,2026,Q1
INTA,PaymentsToAcquirePropertyPlantAndEquipment,2020-07-01,2020-09-30,398000,10-Q,2021-11-12,2022,Q1
INTA,PaymentsToAcquirePropertyPlantAndEquipment,2021-07-01,2021-09-30,32000,10-Q,2021-11-12,2022,Q1
INTA,PaymentsToAcquirePropertyPlantAndEquipment,2022-07-01,2022-09-30,1668000,10-Q,2022-11-08,2023,Q1
INTA,PaymentsToAcquirePropertyPlantAndEquipment,2023-07-01,2023-09-30,1141000,10-Q,2023-11-08,2024,Q1
INTA,PaymentsToAcquirePropertyPlantAndEquipment,2024-07-01,2024-09-30,354000,10-Q,2024-11-07,2025,Q1
INTA,PaymentsToAcquirePropertyPlantAndEquipment,2025-07-01,2025-09-30,558000,10-Q,2025-11-04,2026,Q1
INVX,PaymentsToAcquirePropertyPlantAndEquipment,2010-01-01,2010-03-31,7593000,10-Q,2011-05-09,2011,Q1
INVX,PaymentsToAcquirePropertyPlantAndEquipment,2011-01-01,2011-03-31,19809000,10-Q,2011-05-09,2011,Q1
INVX,PaymentsToAcquirePropertyPlantAndEquipment,2012-01-01,2012-03-31,13867000,10-Q,2012-05-07,2012,Q1
INVX,PaymentsToAcquirePropertyPlantAndEquipment,2013-01-01,2013-03-31,12070000,10-Q,2013-05-03,2013,Q1
INVX,PaymentsToAcquirePropertyPlantAndEquipment,2014-01-01,2014-03-31,13220000,10-Q,2014-05-09,2014,Q1
INVX,PaymentsToAcquirePropertyPlantAndEquipment,2015-01-01,2015-03-31,6156000,10-Q,2015-04-30,2015,Q1
INVX,PaymentsToAcquirePropertyPlantAndEquipment,2016-01-01,2016-03-31,7732000,10-Q,2016-04-26,2016,Q1
INVX,PaymentsToAcquirePropertyPlantAndEquipment,2017-01-01,2017-03-31,4847000,10-Q,2017-04-27,2017,Q1
INVX,PaymentsToAcquirePropertyPlantAndEquipment,2018-01-01,2018-03-31,10571000,10-Q,2018-04-26,2018,Q1
INVX,PaymentsToAcquirePropertyPlantAndEquipment,2019-01-01,2019-03-31,3527000,10-Q,2019-04-25,2019,Q1
INVX,PaymentsToAcquirePropertyPlantAndEquipment,2020-01-01,2020-03-31,4187000,10-Q,2020-05-06,2020,Q1
INVX,PaymentsToAcquirePropertyPlantAndEquipment,2021-01-01,2021-03-31,2513000,10-Q,2021-04-29,2021,Q1
INVX,PaymentsToAcquirePropertyPlantAndEquipment,2022-01-01,2022-03-31,2066000,10-Q,2022-04-28,2022,Q1
INVX,PaymentsToAcquirePropertyPlantAndEquipment,2023-01-01,2023-03-31,5424000,10-Q,2023-05-09,2023,Q1
INVX,PaymentsToAcquirePropertyPlantAndEquipment,2024-01-01,2024-03-31,4757000,10-Q,2024-05-02,2024,Q1
IONQ,PaymentsToAcquirePropertyPlantAndEquipment,2021-01-01,2021-03-31,1670000,10-Q,2022-05-16,2022,Q1
IONQ,PaymentsToAcquirePropertyPlantAndEquipment,2022-01-01,2022-03-31,2672000,10-Q,2022-05-16,2022,Q1
IONQ,PaymentsToAcquirePropertyPlantAndEquipment,2023-01-01,2023-03-31,1185000,10-Q,2023-05-11,2023,Q1
IONQ,PaymentsToAcquirePropertyPlantAndEquipment,2024-01-01,2024-03-31,3140000,10-Q,2024-05-10,2024,Q1
IONQ,PaymentsToAcquirePropertyPlantAndEquipment,2025-01-01,2025-03-31,2308000,10-Q,2025-05-07,2025,Q1
IONQ,PaymentsToAcquirePropertyPlantAndEquipment,2026-01-01,2026-03-31,8369000,10-Q,2026-05-07,2026,Q1
IOT,PaymentsToAcquirePropertyPlantAndEquipment,2021-01-31,2021-05-01,3508000,10-Q,2022-06-08,2023,Q1
IOT,PaymentsToAcquirePropertyPlantAndEquipment,2022-01-30,2022-04-30,10668000,10-Q,2022-06-08,2023,Q1
IOT,PaymentsToAcquirePropertyPlantAndEquipment,2023-01-29,2023-04-29,2499000,10-Q,2023-06-06,2024,Q1
IOT,PaymentsToAcquirePropertyPlantAndEquipment,2024-02-04,2024-05-04,5062000,10-Q,2024-06-11,2025,Q1
IOT,PaymentsToAcquirePropertyPlantAndEquipment,2025-02-02,2025-05-03,6920000,10-Q,2025-06-10,2026,Q1
IOT,PaymentsToAcquirePropertyPlantAndEquipment,2026-02-01,2026-05-02,8236000,10-Q,2026-06-09,2027,Q1
IPGP,PaymentsToAcquirePropertyPlantAndEquipment,2012-01-01,2012-03-31,13779000,10-Q,2013-05-10,2013,Q1
IPGP,PaymentsToAcquirePropertyPlantAndEquipment,2013-01-01,2013-03-31,17746000,10-Q,2013-05-10,2013,Q1
IPGP,PaymentsToAcquirePropertyPlantAndEquipment,2014-01-01,2014-03-31,11456000,10-Q,2014-05-06,2014,Q1
IPGP,PaymentsToAcquirePropertyPlantAndEquipment,2015-01-01,2015-03-31,14027000,10-Q,2015-05-06,2015,Q1
IPGP,PaymentsToAcquirePropertyPlantAndEquipment,2016-01-01,2016-03-31,24960000,10-Q,2016-05-09,2016,Q1
IPGP,PaymentsToAcquirePropertyPlantAndEquipment,2017-01-01,2017-03-31,21875000,10-Q,2017-05-08,2017,Q1
IPGP,PaymentsToAcquirePropertyPlantAndEquipment,2018-01-01,2018-03-31,39113000,10-Q,2018-05-04,2018,Q1
IPGP,PaymentsToAcquirePropertyPlantAndEquipment,2019-01-01,2019-03-31,32988000,10-Q,2019-05-08,2019,Q1
IPGP,PaymentsToAcquirePropertyPlantAndEquipment,2020-01-01,2020-03-31,17801000,10-Q,2020-05-05,2020,Q1
IPGP,PaymentsToAcquirePropertyPlantAndEquipment,2021-01-01,2021-03-31,27421000,10-Q,2021-05-05,2021,Q1
IPGP,PaymentsToAcquirePropertyPlantAndEquipment,2022-01-01,2022-03-31,25177000,10-Q,2022-05-05,2022,Q1
IPGP,PaymentsToAcquirePropertyPlantAndEquipment,2023-01-01,2023-03-31,33404000,10-Q,2023-05-02,2023,Q1
IPGP,PaymentsToAcquirePropertyPlantAndEquipment,2024-01-01,2024-03-31,28052000,10-Q,2024-04-30,2024,Q1
IPGP,PaymentsToAcquirePropertyPlantAndEquipment,2025-01-01,2025-03-31,24818000,10-Q,2025-05-06,2025,Q1
IPGP,PaymentsToAcquirePropertyPlantAndEquipment,2026-01-01,2026-03-31,16311000,10-Q,2026-05-05,2026,Q1
IPM,PaymentsToAcquirePropertyPlantAndEquipment,2011-01-01,2011-03-31,24337,10-Q,2012-05-15,2012,Q1
IPM,PaymentsToAcquirePropertyPlantAndEquipment,2012-01-01,2012-03-31,2677,10-Q,2012-05-15,2012,Q1
IPM,PaymentsToAcquirePropertyPlantAndEquipment,2013-01-01,2013-03-31,20296,10-Q,2013-05-09,2013,Q1
IPM,PaymentsToAcquirePropertyPlantAndEquipment,2014-01-01,2014-03-31,3730,10-Q,2014-05-05,2014,Q1
IPM,PaymentsToAcquirePropertyPlantAndEquipment,2015-01-01,2015-03-31,26192,10-Q,2015-05-15,2015,Q1
IPM,PaymentsToAcquirePropertyPlantAndEquipment,2016-01-01,2016-03-31,8072,10-Q,2016-05-09,2016,Q1
IPM,PaymentsToAcquirePropertyPlantAndEquipment,2017-01-01,2017-03-31,62595,10-Q,2017-05-11,2017,Q1
IPM,PaymentsToAcquirePropertyPlantAndEquipment,2018-01-01,2018-03-31,79950,10-Q,2018-05-09,2018,Q1
IPM,PaymentsToAcquirePropertyPlantAndEquipment,2019-01-01,2019-03-31,99075,10-Q,2019-04-30,2019,Q1
IPM,PaymentsToAcquirePropertyPlantAndEquipment,2026-01-01,2026-03-31,70208,10-Q,2026-05-12,2026,Q1
IPSC,PaymentsToAcquirePropertyPlantAndEquipment,2021-01-01,2021-03-31,1884000,10-Q,2022-05-16,2022,Q1
IPSC,PaymentsToAcquirePropertyPlantAndEquipment,2022-01-01,2022-03-31,4067000,10-Q,2022-05-16,2022,Q1
IPSC,PaymentsToAcquirePropertyPlantAndEquipment,2023-01-01,2023-03-31,4991000,10-Q,2023-05-11,2023,Q1
IPSC,PaymentsToAcquirePropertyPlantAndEquipment,2024-01-01,2024-03-31,539000,10-Q,2024-05-09,2024,Q1
IPSC,PaymentsToAcquirePropertyPlantAndEquipment,2025-01-01,2025-03-31,475000,10-Q,2025-05-15,2025,Q1
IPSC,PaymentsToAcquirePropertyPlantAndEquipment,2026-01-01,2026-03-31,584000,10-Q,2026-05-13,2026,Q1
ISRG,PaymentsToAcquirePropertyPlantAndEquipment,2011-04-01,2011-06-30,33100000,10-Q,2011-07-20,2011,Q2
ITRI,PaymentsToAcquirePropertyPlantAndEquipment,2010-01-01,2010-03-31,16151000,10-Q,2011-05-04,2011,Q1
ITRI,PaymentsToAcquirePropertyPlantAndEquipment,2011-01-01,2011-03-31,11250000,10-Q,2011-05-04,2011,Q1
ITRI,PaymentsToAcquirePropertyPlantAndEquipment,2012-01-01,2012-03-31,12043000,10-Q,2012-05-04,2012,Q1
ITRI,PaymentsToAcquirePropertyPlantAndEquipment,2013-01-01,2013-03-31,14765000,10-Q,2013-05-03,2013,Q1
ITRI,PaymentsToAcquirePropertyPlantAndEquipment,2014-01-01,2014-03-31,8564000,10-Q,2014-05-01,2014,Q1
ITRI,PaymentsToAcquirePropertyPlantAndEquipment,2015-01-01,2015-03-31,9472000,10-Q,2015-05-05,2015,Q1
ITRI,PaymentsToAcquirePropertyPlantAndEquipment,2016-01-01,2016-03-31,8791000,10-Q,2016-08-12,2016,Q1
ITRI,PaymentsToAcquirePropertyPlantAndEquipment,2017-01-01,2017-03-31,9122000,10-Q,2017-05-04,2017,Q1
ITRI,PaymentsToAcquirePropertyPlantAndEquipment,2018-01-01,2018-03-31,17433000,10-Q,2018-05-15,2018,Q1
ITRI,PaymentsToAcquirePropertyPlantAndEquipment,2019-01-01,2019-03-31,11415000,10-Q,2019-05-08,2019,Q1
ITRI,PaymentsToAcquirePropertyPlantAndEquipment,2020-01-01,2020-03-31,12602000,10-Q,2020-05-05,2020,Q1
ITRI,PaymentsToAcquirePropertyPlantAndEquipment,2021-01-01,2021-03-31,11412000,10-Q,2021-05-03,2021,Q1
ITRI,PaymentsToAcquirePropertyPlantAndEquipment,2022-01-01,2022-03-31,5369000,10-Q,2022-05-02,2022,Q1
ITRI,PaymentsToAcquirePropertyPlantAndEquipment,2023-01-01,2023-03-31,6902000,10-Q,2023-05-04,2023,Q1
ITRI,PaymentsToAcquirePropertyPlantAndEquipment,2024-01-01,2024-03-31,7145000,10-Q,2024-05-02,2024,Q1
ITRI,PaymentsToAcquirePropertyPlantAndEquipment,2025-01-01,2025-03-31,4639000,10-Q,2025-05-01,2025,Q1
ITRI,PaymentsToAcquirePropertyPlantAndEquipment,2026-01-01,2026-03-31,6527000,10-Q,2026-04-28,2026,Q1
ITT,PaymentsToAcquirePropertyPlantAndEquipment,2009-01-01,2009-03-31,48000000,10-Q,2010-05-03,2010,Q1
ITT,PaymentsToAcquirePropertyPlantAndEquipment,2010-01-01,2010-03-31,52000000,10-Q,2010-05-03,2010,Q1
ITT,PaymentsToAcquirePropertyPlantAndEquipment,2011-01-01,2011-03-31,47000000,10-Q,2011-05-02,2011,Q1
J,PaymentsToAcquirePropertyPlantAndEquipment,2008-10-01,2009-01-02,19998000,10-Q,2010-01-28,2010,Q1
J,PaymentsToAcquirePropertyPlantAndEquipment,2009-10-03,2010-01-01,7741000,10-Q,2010-01-28,2010,Q1
J,PaymentsToAcquirePropertyPlantAndEquipment,2010-10-02,2010-12-31,6664000,10-Q,2011-01-26,2011,Q1
J,PaymentsToAcquirePropertyPlantAndEquipment,2011-10-01,2011-12-30,20102000,10-Q,2013-01-24,2013,Q1
J,PaymentsToAcquirePropertyPlantAndEquipment,2012-09-29,2012-12-28,25174000,10-Q,2013-01-24,2013,Q1
J,PaymentsToAcquirePropertyPlantAndEquipment,2013-09-28,2013-12-27,37948000,10-Q,2014-01-24,2014,Q1
J,PaymentsToAcquirePropertyPlantAndEquipment,2014-09-27,2014-12-26,33775000,10-Q,2015-02-02,2015,Q1
J,PaymentsToAcquirePropertyPlantAndEquipment,2015-10-01,2016-01-01,15987000,10-Q,2017-02-08,2017,Q1
J,PaymentsToAcquirePropertyPlantAndEquipment,2015-10-03,2016-01-01,15987000,10-Q,2016-02-03,2016,Q1
J,PaymentsToAcquirePropertyPlantAndEquipment,2016-10-01,2016-12-30,21054000,10-Q,2017-02-08,2017,Q1
J,PaymentsToAcquirePropertyPlantAndEquipment,2017-09-30,2017-12-29,22450000,10-Q,2018-02-07,2018,Q1
J,PaymentsToAcquirePropertyPlantAndEquipment,2018-09-29,2018-12-28,20721000,10-Q,2019-02-06,2019,Q1
J,PaymentsToAcquirePropertyPlantAndEquipment,2019-09-28,2019-12-27,22260000,10-Q,2020-02-04,2020,Q1
J,PaymentsToAcquirePropertyPlantAndEquipment,2020-10-03,2021-01-01,16766000,10-Q,2021-02-09,2021,Q1
J,PaymentsToAcquirePropertyPlantAndEquipment,2021-10-02,2021-12-31,19318000,10-Q,2022-02-08,2022,Q1
J,PaymentsToAcquirePropertyPlantAndEquipment,2022-10-01,2022-12-30,32187000,10-Q,2023-02-07,2023,Q1
J,PaymentsToAcquirePropertyPlantAndEquipment,2023-09-30,2023-12-29,17306000,10-Q,2024-02-06,2024,Q1
J,PaymentsToAcquirePropertyPlantAndEquipment,2024-09-28,2024-12-27,10333000,10-Q,2025-02-04,2025,Q1
J,PaymentsToAcquirePropertyPlantAndEquipment,2025-09-27,2025-12-26,15821000,10-Q,2026-02-03,2026,Q1
JBI,PaymentsToAcquirePropertyPlantAndEquipment,2020-12-27,2021-03-27,2363000,10-Q,2022-05-17,2022,Q1
JBI,PaymentsToAcquirePropertyPlantAndEquipment,2022-01-02,2022-04-02,2880000,10-Q,2022-05-17,2022,Q1
JBI,PaymentsToAcquirePropertyPlantAndEquipment,2023-01-01,2023-04-01,6070000,10-Q,2023-05-11,2023,Q1
JBI,PaymentsToAcquirePropertyPlantAndEquipment,2023-12-31,2024-03-30,4600000,10-Q,2024-05-09,2024,Q1
JBI,PaymentsToAcquirePropertyPlantAndEquipment,2024-12-29,2025-03-29,6400000,10-Q,2025-05-08,2025,Q1
JBI,PaymentsToAcquirePropertyPlantAndEquipment,2026-01-04,2026-04-04,2800000,10-Q,2026-05-12,2026,Q1
JILL,PaymentsToAcquirePropertyPlantAndEquipment,2016-01-31,2016-04-30,6754000,10-Q,2017-06-12,2017,Q1
JILL,PaymentsToAcquirePropertyPlantAndEquipment,2017-01-29,2017-04-29,4423000,10-Q,2017-06-12,2017,Q1
JILL,PaymentsToAcquirePropertyPlantAndEquipment,2018-02-04,2018-05-05,2150000,10-Q,2018-06-14,2018,Q1
JILL,PaymentsToAcquirePropertyPlantAndEquipment,2019-02-03,2019-05-04,4068000,10-Q,2019-06-11,2019,Q1
JILL,PaymentsToAcquirePropertyPlantAndEquipment,2020-02-02,2020-05-02,1832000,10-Q,2020-07-28,2020,Q1
JILL,PaymentsToAcquirePropertyPlantAndEquipment,2021-01-31,2021-05-01,476000,10-Q,2021-06-09,2021,Q1
JILL,PaymentsToAcquirePropertyPlantAndEquipment,2022-01-30,2022-04-30,750000,10-Q,2022-06-08,2022,Q1
JILL,PaymentsToAcquirePropertyPlantAndEquipment,2023-01-29,2023-04-29,1504000,10-Q,2023-06-07,2023,Q1
JILL,PaymentsToAcquirePropertyPlantAndEquipment,2024-02-04,2024-05-04,1732000,10-Q,2024-06-07,2024,Q1
JILL,PaymentsToAcquirePropertyPlantAndEquipment,2025-02-02,2025-05-03,2237000,10-Q,2025-06-11,2025,Q1
JILL,PaymentsToAcquirePropertyPlantAndEquipment,2026-02-01,2026-05-02,2568000,10-Q,2026-06-10,2026,Q1
JKHY,PaymentsToAcquirePropertyPlantAndEquipment,2009-07-01,2009-09-30,-11977000,10-Q,2010-11-05,2011,Q1
JKHY,PaymentsToAcquirePropertyPlantAndEquipment,2010-07-01,2010-09-30,-10023000,10-Q,2010-11-05,2011,Q1
JKHY,PaymentsToAcquirePropertyPlantAndEquipment,2011-07-01,2011-09-30,10652000,10-Q,2011-11-07,2012,Q1
JKHY,PaymentsToAcquirePropertyPlantAndEquipment,2012-07-01,2012-09-30,6794000,10-Q,2012-11-07,2013,Q1
JKHY,PaymentsToAcquirePropertyPlantAndEquipment,2013-07-01,2013-09-30,7351000,10-Q,2013-11-08,2014,Q1
JKHY,PaymentsToAcquirePropertyPlantAndEquipment,2014-07-01,2014-09-30,21485000,10-Q,2014-11-05,2015,Q1
JKHY,PaymentsToAcquirePropertyPlantAndEquipment,2015-07-01,2015-09-30,12908000,10-Q,2015-11-06,2016,Q1
JKHY,PaymentsToAcquirePropertyPlantAndEquipment,2016-07-01,2016-09-30,8113000,10-Q,2016-11-08,2017,Q1
JKHY,PaymentsToAcquirePropertyPlantAndEquipment,2017-07-01,2017-09-30,3708000,10-Q,2017-11-09,2018,Q1
JKHY,PaymentsToAcquirePropertyPlantAndEquipment,2018-07-01,2018-09-30,24001000,10-Q,2018-11-08,2019,Q1
JKHY,PaymentsToAcquirePropertyPlantAndEquipment,2019-07-01,2019-09-30,13101000,10-Q,2019-11-08,2020,Q1
JKHY,PaymentsToAcquirePropertyPlantAndEquipment,2020-07-01,2020-09-30,4478000,10-Q,2020-11-06,2021,Q1
JKHY,PaymentsToAcquirePropertyPlantAndEquipment,2021-07-01,2021-09-30,9273000,10-Q,2021-11-09,2022,Q1
JKHY,PaymentsToAcquirePropertyPlantAndEquipment,2022-07-01,2022-09-30,7737000,10-Q,2022-11-09,2023,Q1
JKHY,PaymentsToAcquirePropertyPlantAndEquipment,2023-07-01,2023-09-30,7612000,10-Q,2023-11-09,2024,Q1
JKHY,PaymentsToAcquirePropertyPlantAndEquipment,2024-07-01,2024-09-30,12801000,10-Q,2024-11-08,2025,Q1
JKHY,PaymentsToAcquirePropertyPlantAndEquipment,2025-07-01,2025-09-30,8880000,10-Q,2025-11-07,2026,Q1
JOE,PaymentsToAcquirePropertyPlantAndEquipment,2010-01-01,2010-03-31,117000,10-Q,2011-05-05,2011,Q1
JOE,PaymentsToAcquirePropertyPlantAndEquipment,2011-01-01,2011-03-31,288000,10-Q,2011-05-05,2011,Q1
JOE,PaymentsToAcquirePropertyPlantAndEquipment,2012-01-01,2012-03-31,189000,10-Q,2012-05-03,2012,Q1
JOE,PaymentsToAcquirePropertyPlantAndEquipment,2013-01-01,2013-03-31,528000,10-Q,2013-05-08,2013,Q1
JOE,PaymentsToAcquirePropertyPlantAndEquipment,2014-01-01,2014-03-31,1096000,10-Q,2014-05-12,2014,Q1
JOE,PaymentsToAcquirePropertyPlantAndEquipment,2015-01-01,2015-03-31,900000,10-Q,2015-05-08,2015,Q1
JOE,PaymentsToAcquirePropertyPlantAndEquipment,2016-01-01,2016-03-31,347000,10-Q,2016-05-06,2016,Q1
JOE,PaymentsToAcquirePropertyPlantAndEquipment,2017-01-01,2017-03-31,4847000,10-Q,2017-05-04,2017,Q1
JOE,PaymentsToAcquirePropertyPlantAndEquipment,2018-01-01,2018-03-31,590000,10-Q,2018-05-02,2018,Q1
JOE,PaymentsToAcquirePropertyPlantAndEquipment,2019-01-01,2019-03-31,1182000,10-Q,2019-05-01,2019,Q1
JOE,PaymentsToAcquirePropertyPlantAndEquipment,2020-01-01,2020-03-31,1476000,10-Q,2020-04-29,2020,Q1
JOE,PaymentsToAcquirePropertyPlantAndEquipment,2021-01-01,2021-03-31,803000,10-Q,2021-04-28,2021,Q1
JOE,PaymentsToAcquirePropertyPlantAndEquipment,2022-01-01,2022-03-31,1440000,10-Q,2022-04-27,2022,Q1
JOE,PaymentsToAcquirePropertyPlantAndEquipment,2023-01-01,2023-03-31,1659000,10-Q,2023-04-26,2023,Q1
JOE,PaymentsToAcquirePropertyPlantAndEquipment,2024-01-01,2024-03-31,2384000,10-Q,2024-04-24,2024,Q1
JOE,PaymentsToAcquirePropertyPlantAndEquipment,2025-01-01,2025-03-31,1168000,10-Q,2025-04-23,2025,Q1
JOE,PaymentsToAcquirePropertyPlantAndEquipment,2026-01-01,2026-03-31,1997000,10-Q,2026-04-29,2026,Q1
JYNT,PaymentsToAcquirePropertyPlantAndEquipment,2014-01-01,2014-03-31,548993,10-Q,2015-05-15,2015,Q1
JYNT,PaymentsToAcquirePropertyPlantAndEquipment,2015-01-01,2015-03-31,14021,10-Q,2015-05-15,2015,Q1
JYNT,PaymentsToAcquirePropertyPlantAndEquipment,2016-01-01,2016-03-31,287942,10-Q,2016-05-16,2016,Q1
JYNT,PaymentsToAcquirePropertyPlantAndEquipment,2017-01-01,2017-03-31,39325,10-Q,2017-05-12,2017,Q1
JYNT,PaymentsToAcquirePropertyPlantAndEquipment,2018-01-01,2018-03-31,183734,10-Q,2018-05-11,2018,Q1
JYNT,PaymentsToAcquirePropertyPlantAndEquipment,2019-01-01,2019-03-31,526027,10-Q,2019-05-15,2019,Q1
JYNT,PaymentsToAcquirePropertyPlantAndEquipment,2020-01-01,2020-03-31,1261213,10-Q,2020-05-08,2020,Q1
JYNT,PaymentsToAcquirePropertyPlantAndEquipment,2021-01-01,2021-03-31,951641,10-Q,2021-05-07,2021,Q1
JYNT,PaymentsToAcquirePropertyPlantAndEquipment,2022-01-01,2022-03-31,1289943,10-Q,2022-05-06,2022,Q1
JYNT,PaymentsToAcquirePropertyPlantAndEquipment,2023-01-01,2023-03-31,1200215,10-Q,2023-05-05,2023,Q1
JYNT,PaymentsToAcquirePropertyPlantAndEquipment,2024-01-01,2024-03-31,395046,10-Q,2024-05-03,2024,Q1
JYNT,PaymentsToAcquirePropertyPlantAndEquipment,2025-01-01,2025-03-31,331505,10-Q,2025-05-09,2025,Q1
JYNT,PaymentsToAcquirePropertyPlantAndEquipment,2026-01-01,2026-03-31,234600,10-Q,2026-05-08,2026,Q1
KAI,PaymentsToAcquirePropertyPlantAndEquipment,2011-01-02,2011-04-02,1164000,10-Q,2012-05-09,2012,Q1
KAI,PaymentsToAcquirePropertyPlantAndEquipment,2011-04-03,2011-07-02,2800000,10-Q,2012-08-08,2012,Q2
KAI,PaymentsToAcquirePropertyPlantAndEquipment,2011-07-03,2011-10-01,1509000,10-Q,2012-11-07,2012,Q3
KAI,PaymentsToAcquirePropertyPlantAndEquipment,2012-01-01,2012-03-31,258000,10-Q,2012-05-09,2012,Q1
KAI,PaymentsToAcquirePropertyPlantAndEquipment,2012-04-01,2012-06-30,583000,10-Q,2012-08-08,2012,Q2
KAI,PaymentsToAcquirePropertyPlantAndEquipment,2012-07-01,2012-09-29,673000,10-Q,2012-11-07,2012,Q3
KAI,PaymentsToAcquirePropertyPlantAndEquipment,2012-12-30,2013-03-30,1178000,10-Q,2013-05-08,2013,Q1
KAI,PaymentsToAcquirePropertyPlantAndEquipment,2013-03-31,2013-06-29,1394000,10-Q,2013-08-07,2013,Q2
KAI,PaymentsToAcquirePropertyPlantAndEquipment,2013-06-30,2013-09-28,1577000,10-Q,2013-11-07,2013,Q3
KAI,PaymentsToAcquirePropertyPlantAndEquipment,2013-12-29,2014-03-29,539000,10-Q,2014-05-07,2014,Q1
KAI,PaymentsToAcquirePropertyPlantAndEquipment,2014-03-30,2014-06-28,903000,10-Q,2014-08-06,2014,Q2
KAI,PaymentsToAcquirePropertyPlantAndEquipment,2014-06-29,2014-09-27,1703000,10-Q,2014-11-05,2014,Q3
KAI,PaymentsToAcquirePropertyPlantAndEquipment,2015-01-04,2015-04-04,1216000,10-Q,2015-05-13,2015,Q1
KAI,PaymentsToAcquirePropertyPlantAndEquipment,2015-04-05,2015-07-04,1435000,10-Q,2015-08-12,2015,Q2
KAI,PaymentsToAcquirePropertyPlantAndEquipment,2015-07-05,2015-10-03,1417000,10-Q,2015-11-12,2015,Q3
KAI,PaymentsToAcquirePropertyPlantAndEquipment,2016-01-03,2016-04-02,524000,10-Q,2016-05-11,2016,Q1
KAI,PaymentsToAcquirePropertyPlantAndEquipment,2016-04-03,2016-07-02,1212000,10-Q,2016-08-10,2016,Q2
KAI,PaymentsToAcquirePropertyPlantAndEquipment,2016-07-03,2016-10-01,1843000,10-Q,2016-11-09,2016,Q3
KAI,PaymentsToAcquirePropertyPlantAndEquipment,2017-01-01,2017-04-01,1722000,10-Q,2017-05-10,2017,Q1
KAI,PaymentsToAcquirePropertyPlantAndEquipment,2017-04-02,2017-07-01,1713000,10-Q,2017-08-09,2017,Q2
KAI,PaymentsToAcquirePropertyPlantAndEquipment,2017-07-02,2017-09-30,5283000,10-Q,2017-11-08,2017,Q3
KAI,PaymentsToAcquirePropertyPlantAndEquipment,2017-12-31,2018-03-31,5151000,10-Q,2018-05-09,2018,Q1
KAI,PaymentsToAcquirePropertyPlantAndEquipment,2018-04-01,2018-06-30,5060000,10-Q,2018-08-08,2018,Q2
KAI,PaymentsToAcquirePropertyPlantAndEquipment,2018-07-01,2018-09-29,2606000,10-Q,2018-11-07,2018,Q3
KAI,PaymentsToAcquirePropertyPlantAndEquipment,2018-12-30,2019-03-30,2168000,10-Q,2019-05-08,2019,Q1
KAI,PaymentsToAcquirePropertyPlantAndEquipment,2019-03-31,2019-06-29,1975000,10-Q,2019-08-07,2019,Q2
KAI,PaymentsToAcquirePropertyPlantAndEquipment,2019-06-30,2019-09-28,2093000,10-Q,2019-11-06,2019,Q3
KAI,PaymentsToAcquirePropertyPlantAndEquipment,2019-12-29,2020-03-28,2686000,10-Q,2020-05-06,2020,Q1
KAI,PaymentsToAcquirePropertyPlantAndEquipment,2020-03-29,2020-06-27,911000,10-Q,2020-08-05,2020,Q2
KAI,PaymentsToAcquirePropertyPlantAndEquipment,2020-06-28,2020-09-26,1822000,10-Q,2020-11-04,2020,Q3
KAI,PaymentsToAcquirePropertyPlantAndEquipment,2021-01-03,2021-04-03,2259000,10-Q,2021-05-12,2021,Q1
KAI,PaymentsToAcquirePropertyPlantAndEquipment,2021-04-04,2021-07-03,2059000,10-Q,2021-08-11,2021,Q2
KAI,PaymentsToAcquirePropertyPlantAndEquipment,2021-07-04,2021-10-02,3370000,10-Q,2021-11-10,2021,Q3
KAI,PaymentsToAcquirePropertyPlantAndEquipment,2022-01-02,2022-04-02,2868000,10-Q,2022-05-11,2022,Q1
KAI,PaymentsToAcquirePropertyPlantAndEquipment,2022-04-03,2022-07-02,6947000,10-Q,2022-08-10,2022,Q2
KAI,PaymentsToAcquirePropertyPlantAndEquipment,2022-07-03,2022-10-01,6376000,10-Q,2022-11-09,2022,Q3
KAI,PaymentsToAcquirePropertyPlantAndEquipment,2023-01-01,2023-04-01,4469000,10-Q,2023-05-10,2023,Q1
KAI,PaymentsToAcquirePropertyPlantAndEquipment,2023-04-02,2023-07-01,8777000,10-Q,2023-08-09,2023,Q2
KAI,PaymentsToAcquirePropertyPlantAndEquipment,2023-07-02,2023-09-30,8848000,10-Q,2023-11-08,2023,Q3
KAI,PaymentsToAcquirePropertyPlantAndEquipment,2023-12-31,2024-03-30,6271000,10-Q,2024-05-08,2024,Q1
KAI,PaymentsToAcquirePropertyPlantAndEquipment,2024-12-29,2025-03-29,3836000,10-Q,2025-05-07,2025,Q1
KAI,PaymentsToAcquirePropertyPlantAndEquipment,2026-01-04,2026-04-04,3258000,10-Q,2026-05-13,2026,Q1
KBR,PaymentsToAcquirePropertyPlantAndEquipment,2020-01-01,2020-03-31,2000000,10-Q,2021-04-29,2021,Q1
KBR,PaymentsToAcquirePropertyPlantAndEquipment,2021-01-01,2021-03-31,6000000,10-Q,2021-04-29,2021,Q1
KBR,PaymentsToAcquirePropertyPlantAndEquipment,2022-01-01,2022-03-31,6000000,10-Q,2022-04-28,2022,Q1
KBR,PaymentsToAcquirePropertyPlantAndEquipment,2023-01-01,2023-03-31,19000000,10-Q,2023-05-01,2023,Q1
KBR,PaymentsToAcquirePropertyPlantAndEquipment,2023-12-30,2024-03-29,25000000,10-Q,2024-04-30,2024,Q1
KBR,PaymentsToAcquirePropertyPlantAndEquipment,2025-01-04,2025-04-04,9000000,10-Q,2025-05-06,2025,Q1
KBR,PaymentsToAcquirePropertyPlantAndEquipment,2026-01-03,2026-04-03,12000000,10-Q,2026-05-05,2026,Q1
KD,PaymentsToAcquirePropertyPlantAndEquipment,2021-01-01,2021-03-31,180000000,10-QT,2022-05-13,2022,Q1
KD,PaymentsToAcquirePropertyPlantAndEquipment,2022-01-01,2022-03-31,180000000,10-QT,2022-05-13,2022,Q1
KEYS,PaymentsToAcquirePropertyPlantAndEquipment,2013-11-01,2014-01-31,11000000,10-Q,2015-03-05,2015,Q1
KEYS,PaymentsToAcquirePropertyPlantAndEquipment,2014-11-01,2015-01-31,15000000,10-Q,2015-03-05,2015,Q1
KEYS,PaymentsToAcquirePropertyPlantAndEquipment,2015-11-01,2016-01-31,34000000,10-Q,2016-03-04,2016,Q1
KEYS,PaymentsToAcquirePropertyPlantAndEquipment,2016-11-01,2017-01-31,16000000,10-Q,2017-02-28,2017,Q1
KEYS,PaymentsToAcquirePropertyPlantAndEquipment,2017-11-01,2018-01-31,24000000,10-Q,2018-03-08,2018,Q1
KEYS,PaymentsToAcquirePropertyPlantAndEquipment,2018-11-01,2019-01-31,31000000,10-Q,2019-03-05,2019,Q1
KEYS,PaymentsToAcquirePropertyPlantAndEquipment,2019-11-01,2020-01-31,32000000,10-Q,2020-03-05,2020,Q1
KEYS,PaymentsToAcquirePropertyPlantAndEquipment,2020-11-01,2021-01-31,28000000,10-Q,2021-03-03,2021,Q1
KEYS,PaymentsToAcquirePropertyPlantAndEquipment,2021-11-01,2022-01-31,42000000,10-Q,2022-03-01,2022,Q1
KEYS,PaymentsToAcquirePropertyPlantAndEquipment,2022-11-01,2023-01-31,60000000,10-Q,2023-03-03,2023,Q1
KEYS,PaymentsToAcquirePropertyPlantAndEquipment,2023-11-01,2024-01-31,47000000,10-Q,2024-03-05,2024,Q1
KEYS,PaymentsToAcquirePropertyPlantAndEquipment,2024-11-01,2025-01-31,32000000,10-Q,2025-03-06,2025,Q1
KEYS,PaymentsToAcquirePropertyPlantAndEquipment,2025-11-01,2026-01-31,34000000,10-Q,2026-03-05,2026,Q1
KFY,PaymentsToAcquirePropertyPlantAndEquipment,2009-05-01,2009-07-31,1185000,10-Q,2010-09-09,2011,Q1
KFY,PaymentsToAcquirePropertyPlantAndEquipment,2010-05-01,2010-07-31,11684000,10-Q,2010-09-09,2011,Q1
KFY,PaymentsToAcquirePropertyPlantAndEquipment,2011-05-01,2011-07-31,5207000,10-Q,2011-09-09,2012,Q1
KFY,PaymentsToAcquirePropertyPlantAndEquipment,2012-05-01,2012-07-31,3011000,10-Q,2012-09-10,2013,Q1
KFY,PaymentsToAcquirePropertyPlantAndEquipment,2013-05-01,2013-07-31,5183000,10-Q,2013-09-06,2014,Q1
KFY,PaymentsToAcquirePropertyPlantAndEquipment,2014-05-01,2014-07-31,6590000,10-Q,2014-09-09,2015,Q1
KFY,PaymentsToAcquirePropertyPlantAndEquipment,2015-05-01,2015-07-31,5485000,10-Q,2015-09-09,2016,Q1
KFY,PaymentsToAcquirePropertyPlantAndEquipment,2016-05-01,2016-07-31,15079000,10-Q,2016-09-09,2017,Q1
KFY,PaymentsToAcquirePropertyPlantAndEquipment,2017-05-01,2017-07-31,9529000,10-Q,2017-09-08,2018,Q1
KFY,PaymentsToAcquirePropertyPlantAndEquipment,2018-05-01,2018-07-31,13163000,10-Q,2018-09-07,2019,Q1
KFY,PaymentsToAcquirePropertyPlantAndEquipment,2019-05-01,2019-07-31,10706000,10-Q,2019-09-06,2020,Q1
KFY,PaymentsToAcquirePropertyPlantAndEquipment,2020-05-01,2020-07-31,8787000,10-Q,2020-09-08,2021,Q1
KFY,PaymentsToAcquirePropertyPlantAndEquipment,2021-05-01,2021-07-31,9010000,10-Q,2021-09-08,2022,Q1
KFY,PaymentsToAcquirePropertyPlantAndEquipment,2022-05-01,2022-07-31,16646000,10-Q,2022-09-08,2023,Q1
KFY,PaymentsToAcquirePropertyPlantAndEquipment,2023-05-01,2023-07-31,15659000,10-Q,2023-09-08,2024,Q1
KFY,PaymentsToAcquirePropertyPlantAndEquipment,2024-05-01,2024-07-31,10497000,10-Q,2024-09-06,2025,Q1
KFY,PaymentsToAcquirePropertyPlantAndEquipment,2025-05-01,2025-07-31,22599000,10-Q,2025-09-09,2026,Q1
KFY,PaymentsToAcquirePropertyPlantAndEquipment,2026-05-01,2026-07-31,17923000,10-Q,2026-09-09,2027,Q1
KGS,PaymentsToAcquirePropertyPlantAndEquipment,2023-01-01,2023-03-31,48581000,10-Q,2024-05-09,2024,Q1
KGS,PaymentsToAcquirePropertyPlantAndEquipment,2024-01-01,2024-03-31,60153000,10-Q,2024-05-09,2024,Q1
KGS,PaymentsToAcquirePropertyPlantAndEquipment,2025-01-01,2025-03-31,77553000,10-Q,2025-05-08,2025,Q1
KGS,PaymentsToAcquirePropertyPlantAndEquipment,2026-01-01,2026-03-31,118370000,10-Q,2026-05-11,2026,Q1
KLAC,PaymentsToAcquirePropertyPlantAndEquipment,2009-07-01,2009-09-30,3635000,10-Q/A,2010-11-24,2011,Q1
KLAC,PaymentsToAcquirePropertyPlantAndEquipment,2010-07-01,2010-09-30,11163000,10-Q/A,2010-11-24,2011,Q1
KLAC,PaymentsToAcquirePropertyPlantAndEquipment,2011-07-01,2011-09-30,12128000,10-Q,2011-10-28,2012,Q1
KLAC,PaymentsToAcquirePropertyPlantAndEquipment,2012-07-01,2012-09-30,20272000,10-Q,2012-10-26,2013,Q1
KLAC,PaymentsToAcquirePropertyPlantAndEquipment,2013-07-01,2013-09-30,21751000,10-Q,2013-10-25,2014,Q1
KLAC,PaymentsToAcquirePropertyPlantAndEquipment,2014-07-01,2014-09-30,13445000,10-Q,2014-10-24,2015,Q1
KLAC,PaymentsToAcquirePropertyPlantAndEquipment,2015-07-01,2015-09-30,7341000,10-Q,2015-10-22,2016,Q1
KLAC,PaymentsToAcquirePropertyPlantAndEquipment,2016-07-01,2016-09-30,9883000,10-Q,2016-10-20,2017,Q1
KLAC,PaymentsToAcquirePropertyPlantAndEquipment,2017-07-01,2017-09-30,15756000,10-Q,2017-10-27,2018,Q1
KLAC,PaymentsToAcquirePropertyPlantAndEquipment,2018-07-01,2018-09-30,22330000,10-Q,2018-10-31,2019,Q1
KLAC,PaymentsToAcquirePropertyPlantAndEquipment,2019-07-01,2019-09-30,32566000,10-Q,2019-10-31,2020,Q1
KLAC,PaymentsToAcquirePropertyPlantAndEquipment,2020-07-01,2020-09-30,55925000,10-Q,2020-10-30,2021,Q1
KLAC,PaymentsToAcquirePropertyPlantAndEquipment,2021-07-01,2021-09-30,68955000,10-Q,2021-10-28,2022,Q1
KLAC,PaymentsToAcquirePropertyPlantAndEquipment,2022-07-01,2022-09-30,84352000,10-Q,2022-10-28,2023,Q1
KLAC,PaymentsToAcquirePropertyPlantAndEquipment,2023-07-01,2023-09-30,68045000,10-Q,2023-10-27,2024,Q1
KLAC,PaymentsToAcquirePropertyPlantAndEquipment,2024-07-01,2024-09-30,60393000,10-Q,2024-10-31,2025,Q1
KLAC,PaymentsToAcquirePropertyPlantAndEquipment,2025-07-01,2025-09-30,95894000,10-Q,2025-10-31,2026,Q1
KLTR,PaymentsToAcquirePropertyPlantAndEquipment,2021-01-01,2021-03-31,517000,10-Q,2022-05-11,2022,Q1
KLTR,PaymentsToAcquirePropertyPlantAndEquipment,2022-01-01,2022-03-31,445000,10-Q,2022-05-11,2022,Q1
KLTR,PaymentsToAcquirePropertyPlantAndEquipment,2023-01-01,2023-03-31,852000,10-Q,2023-05-09,2023,Q1
KLTR,PaymentsToAcquirePropertyPlantAndEquipment,2024-01-01,2024-03-31,93000,10-Q,2024-05-08,2024,Q1
KLTR,PaymentsToAcquirePropertyPlantAndEquipment,2025-01-01,2025-03-31,297000,10-Q,2025-05-08,2025,Q1
KLTR,PaymentsToAcquirePropertyPlantAndEquipment,2026-01-01,2026-03-31,61000,10-Q,2026-05-11,2026,Q1
KMI,PaymentsToAcquirePropertyPlantAndEquipment,2011-01-01,2011-03-31,270000000,10-Q,2012-05-02,2012,Q1
KMI,PaymentsToAcquirePropertyPlantAndEquipment,2012-01-01,2012-03-31,354000000,10-Q,2012-05-02,2012,Q1
KMI,PaymentsToAcquirePropertyPlantAndEquipment,2013-01-01,2013-03-31,598000000,10-Q,2013-05-03,2013,Q1
KMI,PaymentsToAcquirePropertyPlantAndEquipment,2014-01-01,2014-03-31,845000000,10-Q,2014-05-01,2014,Q1
KMI,PaymentsToAcquirePropertyPlantAndEquipment,2015-01-01,2015-03-31,897000000,10-Q,2015-04-28,2015,Q1
KMI,PaymentsToAcquirePropertyPlantAndEquipment,2016-01-01,2016-03-31,811000000,10-Q,2016-04-22,2016,Q1
KMI,PaymentsToAcquirePropertyPlantAndEquipment,2017-01-01,2017-03-31,664000000,10-Q,2017-04-21,2017,Q1
KMI,PaymentsToAcquirePropertyPlantAndEquipment,2018-01-01,2018-03-31,707000000,10-Q,2018-04-24,2018,Q1
KMI,PaymentsToAcquirePropertyPlantAndEquipment,2019-01-01,2019-03-31,554000000,10-Q,2019-04-23,2019,Q1
KMI,PaymentsToAcquirePropertyPlantAndEquipment,2020-01-01,2020-03-31,440000000,10-Q,2020-04-29,2020,Q1
KMI,PaymentsToAcquirePropertyPlantAndEquipment,2021-01-01,2021-03-31,267000000,10-Q,2021-04-23,2021,Q1
KMI,PaymentsToAcquirePropertyPlantAndEquipment,2022-01-01,2022-03-31,407000000,10-Q,2022-04-22,2022,Q1
KMI,PaymentsToAcquirePropertyPlantAndEquipment,2023-01-01,2023-03-31,507000000,10-Q,2023-04-21,2023,Q1
KMI,PaymentsToAcquirePropertyPlantAndEquipment,2024-01-01,2024-03-31,619000000,10-Q,2024-04-19,2024,Q1
KMI,PaymentsToAcquirePropertyPlantAndEquipment,2025-01-01,2025-03-31,766000000,10-Q,2025-04-18,2025,Q1
KMI,PaymentsToAcquirePropertyPlantAndEquipment,2026-01-01,2026-03-31,804000000,10-Q,2026-04-24,2026,Q1
KNTK,PaymentsToAcquirePropertyPlantAndEquipment,2018-01-01,2018-03-31,0,10-Q,2019-05-02,2019,Q1
KNTK,PaymentsToAcquirePropertyPlantAndEquipment,2019-01-01,2019-03-31,164518000,10-Q,2019-05-02,2019,Q1
KNTK,PaymentsToAcquirePropertyPlantAndEquipment,2020-01-01,2020-03-31,19096000,10-Q,2020-05-07,2020,Q1
KNTK,PaymentsToAcquirePropertyPlantAndEquipment,2021-01-01,2021-03-31,19753000,10-Q,2022-05-10,2022,Q1
KNTK,PaymentsToAcquirePropertyPlantAndEquipment,2022-01-01,2022-03-31,29234000,10-Q,2022-05-10,2022,Q1
KNTK,PaymentsToAcquirePropertyPlantAndEquipment,2023-01-01,2023-03-31,58862000,10-Q,2023-05-04,2023,Q1
KNTK,PaymentsToAcquirePropertyPlantAndEquipment,2024-01-01,2024-03-31,57975000,10-Q,2024-05-09,2024,Q1
KNTK,PaymentsToAcquirePropertyPlantAndEquipment,2025-01-01,2025-03-31,74546000,10-Q,2025-05-08,2025,Q1
KNTK,PaymentsToAcquirePropertyPlantAndEquipment,2026-01-01,2026-03-31,83029000,10-Q,2026-05-08,2026,Q1
KODK,PaymentsToAcquirePropertyPlantAndEquipment,2010-01-01,2010-03-31,25000000,10-Q,2011-04-28,2011,Q1
KODK,PaymentsToAcquirePropertyPlantAndEquipment,2011-01-01,2011-03-31,23000000,10-Q,2011-04-28,2011,Q1
KODK,PaymentsToAcquirePropertyPlantAndEquipment,2012-01-01,2012-03-31,10000000,10-Q/A,2012-05-03,2012,Q1
KODK,PaymentsToAcquirePropertyPlantAndEquipment,2013-01-01,2013-03-31,6000000,10-Q,2013-04-29,2013,Q1
KODK,PaymentsToAcquirePropertyPlantAndEquipment,2014-01-01,2014-03-31,4000000,10-Q,2015-05-07,2015,Q1
KODK,PaymentsToAcquirePropertyPlantAndEquipment,2015-01-01,2015-03-31,7000000,10-Q,2015-05-07,2015,Q1
KODK,PaymentsToAcquirePropertyPlantAndEquipment,2016-01-01,2016-03-31,5000000,10-Q,2016-05-05,2016,Q1
KODK,PaymentsToAcquirePropertyPlantAndEquipment,2017-01-01,2017-03-31,7000000,10-Q,2017-05-09,2017,Q1
KODK,PaymentsToAcquirePropertyPlantAndEquipment,2018-01-01,2018-03-31,10000000,10-Q,2018-05-10,2018,Q1
KODK,PaymentsToAcquirePropertyPlantAndEquipment,2019-01-01,2019-03-31,3000000,10-Q,2019-05-09,2019,Q1
KODK,PaymentsToAcquirePropertyPlantAndEquipment,2020-01-01,2020-03-31,4000000,10-Q,2020-05-12,2020,Q1
KODK,PaymentsToAcquirePropertyPlantAndEquipment,2021-01-01,2021-03-31,1000000,10-Q,2021-05-17,2021,Q1
KODK,PaymentsToAcquirePropertyPlantAndEquipment,2022-01-01,2022-03-31,5000000,10-Q,2022-05-10,2022,Q1
KODK,PaymentsToAcquirePropertyPlantAndEquipment,2023-01-01,2023-03-31,5000000,10-Q,2023-05-09,2023,Q1
KODK,PaymentsToAcquirePropertyPlantAndEquipment,2024-01-01,2024-03-31,10000000,10-Q,2024-05-09,2024,Q1
KODK,PaymentsToAcquirePropertyPlantAndEquipment,2025-01-01,2025-03-31,12000000,10-Q,2025-05-08,2025,Q1
KODK,PaymentsToAcquirePropertyPlantAndEquipment,2026-01-01,2026-03-31,6000000,10-Q,2026-05-07,2026,Q1
KOPN,PaymentsToAcquirePropertyPlantAndEquipment,2010-12-27,2011-03-26,1182116,10-Q,2012-05-10,2012,Q1
KOPN,PaymentsToAcquirePropertyPlantAndEquipment,2012-01-01,2012-03-31,1775988,10-Q,2012-05-10,2012,Q1
KOPN,PaymentsToAcquirePropertyPlantAndEquipment,2012-12-30,2013-03-30,307930,10-Q,2013-05-09,2013,Q1
KOPN,PaymentsToAcquirePropertyPlantAndEquipment,2013-12-29,2014-03-29,444372,10-Q,2014-05-08,2014,Q1
KOPN,PaymentsToAcquirePropertyPlantAndEquipment,2014-12-28,2015-03-28,314400,10-Q,2015-05-11,2015,Q1
KOPN,PaymentsToAcquirePropertyPlantAndEquipment,2015-12-27,2016-03-26,223520,10-Q,2016-05-04,2016,Q1
KOPN,PaymentsToAcquirePropertyPlantAndEquipment,2017-01-01,2017-04-01,297983,10-Q,2017-05-11,2017,Q1
KOPN,PaymentsToAcquirePropertyPlantAndEquipment,2017-12-31,2018-03-31,553793,10-Q,2018-05-10,2018,Q1
KOPN,PaymentsToAcquirePropertyPlantAndEquipment,2018-12-30,2019-03-30,74920,10-Q,2019-05-09,2019,Q1
KOPN,PaymentsToAcquirePropertyPlantAndEquipment,2019-12-29,2020-03-28,155930,10-Q,2020-05-07,2020,Q1
KOPN,PaymentsToAcquirePropertyPlantAndEquipment,2020-12-27,2021-03-27,346450,10-Q,2021-05-06,2021,Q1
KOPN,PaymentsToAcquirePropertyPlantAndEquipment,2021-12-26,2022-03-26,524368,10-Q,2022-05-05,2022,Q1
KOPN,PaymentsToAcquirePropertyPlantAndEquipment,2023-01-01,2023-04-01,216618,10-Q,2023-05-11,2023,Q1
KOPN,PaymentsToAcquirePropertyPlantAndEquipment,2023-12-31,2024-03-30,245429,10-Q,2024-05-14,2024,Q1
KOPN,PaymentsToAcquirePropertyPlantAndEquipment,2024-12-29,2025-03-29,500492,10-Q,2025-05-13,2025,Q1
KOPN,PaymentsToAcquirePropertyPlantAndEquipment,2025-12-28,2026-03-28,1301349,10-Q,2026-05-12,2026,Q1
KTB,PaymentsToAcquirePropertyPlantAndEquipment,2019-12-29,2020-03-28,10423000,10-Q,2021-05-12,2021,Q1
KTB,PaymentsToAcquirePropertyPlantAndEquipment,2021-01-03,2021-04-03,1992000,10-Q,2021-05-12,2021,Q1
KTB,PaymentsToAcquirePropertyPlantAndEquipment,2022-01-02,2022-04-02,2885000,10-Q,2022-05-09,2022,Q1
KTB,PaymentsToAcquirePropertyPlantAndEquipment,2023-01-01,2023-04-01,6463000,10-Q,2023-05-04,2023,Q1
KTB,PaymentsToAcquirePropertyPlantAndEquipment,2023-12-31,2024-03-30,4491000,10-Q,2024-05-02,2024,Q1
KTB,PaymentsToAcquirePropertyPlantAndEquipment,2024-12-29,2025-03-29,2732000,10-Q,2025-05-06,2025,Q1
KTB,PaymentsToAcquirePropertyPlantAndEquipment,2026-01-04,2026-04-04,5963000,10-Q,2026-05-14,2026,Q1
KVYO,PaymentsToAcquirePropertyPlantAndEquipment,2023-01-01,2023-03-31,325000,10-Q,2024-05-08,2024,Q1
KVYO,PaymentsToAcquirePropertyPlantAndEquipment,2024-01-01,2024-03-31,1259000,10-Q,2024-05-08,2024,Q1
KVYO,PaymentsToAcquirePropertyPlantAndEquipment,2025-01-01,2025-03-31,2685000,10-Q,2025-05-06,2025,Q1
KVYO,PaymentsToAcquirePropertyPlantAndEquipment,2026-01-01,2026-03-31,11666000,10-Q,2026-05-05,2026,Q1
KYMR,PaymentsToAcquirePropertyPlantAndEquipment,2020-01-01,2020-03-31,1395000,10-Q,2021-05-06,2021,Q1
KYMR,PaymentsToAcquirePropertyPlantAndEquipment,2021-01-01,2021-03-31,164000,10-Q,2021-05-06,2021,Q1
KYMR,PaymentsToAcquirePropertyPlantAndEquipment,2022-01-01,2022-03-31,482000,10-Q,2022-05-03,2022,Q1
KYMR,PaymentsToAcquirePropertyPlantAndEquipment,2023-01-01,2023-03-31,4009000,10-Q,2023-05-04,2023,Q1
KYMR,PaymentsToAcquirePropertyPlantAndEquipment,2024-01-01,2024-03-31,7402000,10-Q,2024-05-02,2024,Q1
KYMR,PaymentsToAcquirePropertyPlantAndEquipment,2025-01-01,2025-03-31,467000,10-Q,2025-05-09,2025,Q1
KYMR,PaymentsToAcquirePropertyPlantAndEquipment,2026-01-01,2026-03-31,434000,10-Q,2026-04-30,2026,Q1
L,PaymentsToAcquirePropertyPlantAndEquipment,2009-01-01,2009-03-31,567000000,10-Q,2010-05-04,2010,Q1
L,PaymentsToAcquirePropertyPlantAndEquipment,2010-01-01,2010-03-31,212000000,10-Q,2010-05-04,2010,Q1
L,PaymentsToAcquirePropertyPlantAndEquipment,2011-01-01,2011-03-31,150000000,10-Q,2011-05-03,2011,Q1
L,PaymentsToAcquirePropertyPlantAndEquipment,2012-01-01,2012-03-31,238000000,10-Q,2012-05-01,2012,Q1
L,PaymentsToAcquirePropertyPlantAndEquipment,2013-01-01,2013-03-31,602000000,10-Q,2013-04-30,2013,Q1
L,PaymentsToAcquirePropertyPlantAndEquipment,2014-01-01,2014-03-31,758000000,10-Q,2014-04-29,2014,Q1
L,PaymentsToAcquirePropertyPlantAndEquipment,2015-01-01,2015-03-31,453000000,10-Q,2015-05-05,2015,Q1
L,PaymentsToAcquirePropertyPlantAndEquipment,2016-01-01,2016-03-31,292000000,10-Q,2016-05-03,2016,Q1
L,PaymentsToAcquirePropertyPlantAndEquipment,2017-01-01,2017-03-31,211000000,10-Q,2017-05-01,2017,Q1
L,PaymentsToAcquirePropertyPlantAndEquipment,2018-01-01,2018-03-31,230000000,10-Q,2018-04-30,2018,Q1
L,PaymentsToAcquirePropertyPlantAndEquipment,2019-01-01,2019-03-31,223000000,10-Q,2019-04-29,2019,Q1
L,PaymentsToAcquirePropertyPlantAndEquipment,2020-01-01,2020-03-31,233000000,10-Q,2020-05-04,2020,Q1
L,PaymentsToAcquirePropertyPlantAndEquipment,2021-01-01,2021-03-31,87000000,10-Q,2021-05-07,2021,Q1
L,PaymentsToAcquirePropertyPlantAndEquipment,2022-01-01,2022-03-31,121000000,10-Q,2022-05-02,2022,Q1
L,PaymentsToAcquirePropertyPlantAndEquipment,2023-01-01,2023-03-31,159000000,10-Q,2023-05-01,2023,Q1
L,PaymentsToAcquirePropertyPlantAndEquipment,2024-01-01,2024-03-31,159000000,10-Q,2024-05-06,2024,Q1
L,PaymentsToAcquirePropertyPlantAndEquipment,2025-01-01,2025-03-31,98000000,10-Q,2025-05-05,2025,Q1
L,PaymentsToAcquirePropertyPlantAndEquipment,2026-01-01,2026-03-31,204000000,10-Q,2026-05-04,2026,Q1
LAB,PaymentsToAcquirePropertyPlantAndEquipment,2011-01-01,2011-03-31,220000,10-Q,2012-05-15,2012,Q1
LAB,PaymentsToAcquirePropertyPlantAndEquipment,2012-01-01,2012-03-31,397000,10-Q,2012-05-15,2012,Q1
LAB,PaymentsToAcquirePropertyPlantAndEquipment,2013-01-01,2013-03-31,698000,10-Q,2013-05-09,2013,Q1
LAB,PaymentsToAcquirePropertyPlantAndEquipment,2014-01-01,2014-03-31,1813000,10-Q,2014-05-12,2014,Q1
LAB,PaymentsToAcquirePropertyPlantAndEquipment,2015-01-01,2015-03-31,909000,10-Q,2015-05-11,2015,Q1
LAB,PaymentsToAcquirePropertyPlantAndEquipment,2016-01-01,2016-03-31,1144000,10-Q,2016-05-09,2016,Q1
LAB,PaymentsToAcquirePropertyPlantAndEquipment,2017-01-01,2017-03-31,692000,10-Q,2017-05-09,2017,Q1
LAB,PaymentsToAcquirePropertyPlantAndEquipment,2018-01-01,2018-03-31,77000,10-Q,2018-05-08,2018,Q1
LAB,PaymentsToAcquirePropertyPlantAndEquipment,2019-01-01,2019-03-31,266000,10-Q,2019-05-07,2019,Q1
LAB,PaymentsToAcquirePropertyPlantAndEquipment,2020-01-01,2020-03-31,1030000,10-Q,2020-05-11,2020,Q1
LAB,PaymentsToAcquirePropertyPlantAndEquipment,2021-01-01,2021-03-31,6923000,10-Q,2021-05-07,2021,Q1
LAB,PaymentsToAcquirePropertyPlantAndEquipment,2022-01-01,2022-03-31,868000,10-Q,2022-05-09,2022,Q1
LAB,PaymentsToAcquirePropertyPlantAndEquipment,2023-01-01,2023-03-31,1010000,10-Q,2023-05-09,2023,Q1
LAB,PaymentsToAcquirePropertyPlantAndEquipment,2024-01-01,2024-03-31,781000,10-Q,2024-05-09,2024,Q3
LAB,PaymentsToAcquirePropertyPlantAndEquipment,2025-01-01,2025-03-31,5054000,10-Q,2025-05-06,2025,Q1
LAB,PaymentsToAcquirePropertyPlantAndEquipment,2026-01-01,2026-03-31,570000,10-Q,2026-05-06,2026,Q1
LASR,PaymentsToAcquirePropertyPlantAndEquipment,2019-01-01,2019-03-31,2284000,10-Q,2020-05-07,2020,Q1
LASR,PaymentsToAcquirePropertyPlantAndEquipment,2020-01-01,2020-03-31,15185000,10-Q,2020-05-07,2020,Q1
LASR,PaymentsToAcquirePropertyPlantAndEquipment,2021-01-01,2021-03-31,3134000,10-Q,2021-05-07,2021,Q1
LASR,PaymentsToAcquirePropertyPlantAndEquipment,2022-01-01,2022-03-31,5019000,10-Q,2022-05-06,2022,Q1
LASR,PaymentsToAcquirePropertyPlantAndEquipment,2023-01-01,2023-03-31,684000,10-Q,2023-05-05,2023,Q1
LASR,PaymentsToAcquirePropertyPlantAndEquipment,2024-01-01,2024-03-31,1556000,10-Q,2024-05-03,2024,Q1
LASR,PaymentsToAcquirePropertyPlantAndEquipment,2025-01-01,2025-03-31,2281000,10-Q,2025-05-09,2025,Q1
LASR,PaymentsToAcquirePropertyPlantAndEquipment,2026-01-01,2026-03-31,2113000,10-Q,2026-05-08,2026,Q1
LAW,PaymentsToAcquirePropertyPlantAndEquipment,2021-01-01,2021-03-31,586000,10-Q,2022-05-13,2022,Q1
LAW,PaymentsToAcquirePropertyPlantAndEquipment,2022-01-01,2022-03-31,631000,10-Q,2022-05-13,2022,Q1
LAW,PaymentsToAcquirePropertyPlantAndEquipment,2023-01-01,2023-03-31,844000,10-Q,2023-05-10,2023,Q1
LAW,PaymentsToAcquirePropertyPlantAndEquipment,2024-01-01,2024-03-31,688000,10-Q,2024-05-09,2024,Q1
LAW,PaymentsToAcquirePropertyPlantAndEquipment,2025-01-01,2025-03-31,525000,10-Q,2025-05-07,2025,Q1
LAW,PaymentsToAcquirePropertyPlantAndEquipment,2026-01-01,2026-03-31,700000,10-Q,2026-05-06,2026,Q1
LCHD,PaymentsToAcquirePropertyPlantAndEquipment,2017-09-01,2017-11-30,17958,10-Q,2019-01-22,2019,Q1
LCHD,PaymentsToAcquirePropertyPlantAndEquipment,2020-09-01,2020-11-30,58609,10-Q,2021-01-19,2021,Q1
LCHD,PaymentsToAcquirePropertyPlantAndEquipment,2021-09-01,2021-11-30,22005,10-Q,2022-01-19,2022,Q1
LCHD,PaymentsToAcquirePropertyPlantAndEquipment,2022-09-01,2022-11-30,1078,10-Q,2023-06-30,2023,Q1
LDOS,PaymentsToAcquirePropertyPlantAndEquipment,2010-02-01,2010-04-30,25000000,10-Q,2011-06-03,2011,Q1
LDOS,PaymentsToAcquirePropertyPlantAndEquipment,2011-02-01,2011-04-30,9000000,10-Q,2011-06-03,2011,Q1
LDOS,PaymentsToAcquirePropertyPlantAndEquipment,2012-02-01,2012-04-30,8000000,10-Q,2012-06-01,2012,Q1
LDOS,PaymentsToAcquirePropertyPlantAndEquipment,2013-02-01,2013-05-03,19000000,10-Q,2013-06-04,2013,Q1
LDOS,PaymentsToAcquirePropertyPlantAndEquipment,2014-02-01,2014-05-02,10000000,10-Q,2014-06-04,2015,Q1
LDOS,PaymentsToAcquirePropertyPlantAndEquipment,2015-01-03,2015-04-03,3000000,10-Q,2015-05-12,2015,Q1
LDOS,PaymentsToAcquirePropertyPlantAndEquipment,2016-01-02,2016-04-01,4000000,10-Q,2016-04-28,2016,Q1
LDOS,PaymentsToAcquirePropertyPlantAndEquipment,2016-12-31,2017-03-31,7000000,10-Q,2017-05-05,2017,Q1
LDOS,PaymentsToAcquirePropertyPlantAndEquipment,2017-12-30,2018-03-30,15000000,10-Q,2018-05-04,2018,Q1
LEU,PaymentsToAcquirePropertyPlantAndEquipment,2017-01-01,2017-03-31,0,10-Q,2018-05-10,2018,Q1
LEU,PaymentsToAcquirePropertyPlantAndEquipment,2018-01-01,2018-03-31,100000,10-Q,2018-05-10,2018,Q1
LEU,PaymentsToAcquirePropertyPlantAndEquipment,2019-01-01,2019-03-31,0,10-Q,2019-05-09,2019,Q1
LEU,PaymentsToAcquirePropertyPlantAndEquipment,2020-01-01,2020-03-31,0,10-Q,2021-05-12,2021,Q1
LEU,PaymentsToAcquirePropertyPlantAndEquipment,2021-01-01,2021-03-31,400000,10-Q,2021-05-12,2021,Q1
LEU,PaymentsToAcquirePropertyPlantAndEquipment,2022-01-01,2022-03-31,100000,10-Q,2022-05-06,2022,Q1
LEU,PaymentsToAcquirePropertyPlantAndEquipment,2023-01-01,2023-03-31,300000,10-Q,2023-05-09,2023,Q1
LEU,PaymentsToAcquirePropertyPlantAndEquipment,2024-01-01,2024-03-31,1500000,10-Q,2024-05-08,2024,Q1
LEU,PaymentsToAcquirePropertyPlantAndEquipment,2025-01-01,2025-03-31,2100000,10-Q,2025-05-08,2025,Q1
LEU,PaymentsToAcquirePropertyPlantAndEquipment,2026-01-01,2026-03-31,23200000,10-Q,2026-05-06,2026,Q1
LH,PaymentsToAcquirePropertyPlantAndEquipment,2009-01-01,2009-03-31,30700000,10-Q,2010-04-28,2010,Q1
LH,PaymentsToAcquirePropertyPlantAndEquipment,2010-01-01,2010-03-31,24500000,10-Q,2010-04-28,2010,Q1
LH,PaymentsToAcquirePropertyPlantAndEquipment,2011-01-01,2011-03-31,29400000,10-Q,2011-05-04,2011,Q1
LH,PaymentsToAcquirePropertyPlantAndEquipment,2012-01-01,2012-03-31,34200000,10-Q,2012-04-27,2012,Q1
LH,PaymentsToAcquirePropertyPlantAndEquipment,2013-01-01,2013-03-31,41700000,10-Q,2013-05-01,2013,Q1
LH,PaymentsToAcquirePropertyPlantAndEquipment,2014-01-01,2014-03-31,56500000,10-Q,2014-04-29,2014,Q1
LH,PaymentsToAcquirePropertyPlantAndEquipment,2015-01-01,2015-03-31,33800000,10-Q,2015-05-04,2015,Q1
LH,PaymentsToAcquirePropertyPlantAndEquipment,2016-01-01,2016-03-31,71400000,10-Q,2016-05-06,2016,Q1
LH,PaymentsToAcquirePropertyPlantAndEquipment,2017-01-01,2017-03-31,72200000,10-Q,2017-04-28,2017,Q1
LH,PaymentsToAcquirePropertyPlantAndEquipment,2018-01-01,2018-03-31,72500000,10-Q,2018-05-01,2018,Q1
LH,PaymentsToAcquirePropertyPlantAndEquipment,2019-01-01,2019-03-31,94200000,10-Q,2019-05-03,2019,Q1
LH,PaymentsToAcquirePropertyPlantAndEquipment,2020-01-01,2020-03-31,106600000,10-Q,2020-05-08,2020,Q1
LH,PaymentsToAcquirePropertyPlantAndEquipment,2021-01-01,2021-03-31,95400000,10-Q,2021-05-04,2021,Q1
LH,PaymentsToAcquirePropertyPlantAndEquipment,2022-01-01,2022-03-31,117200000,10-Q,2022-04-29,2021,Q3
LH,PaymentsToAcquirePropertyPlantAndEquipment,2023-01-01,2023-03-31,93900000,10-Q,2023-05-04,2023,Q1
LH,PaymentsToAcquirePropertyPlantAndEquipment,2024-01-01,2024-03-31,133800000,10-Q,2024-04-30,2024,Q1
LH,PaymentsToAcquirePropertyPlantAndEquipment,2025-01-01,2025-03-31,126000000,10-Q,2025-04-29,2025,Q1
LH,PaymentsToAcquirePropertyPlantAndEquipment,2026-01-01,2026-03-31,121000000,10-Q,2026-05-04,2026,Q1
LHX,PaymentsToAcquirePropertyPlantAndEquipment,2008-06-28,2008-09-26,27800000,10-Q,2009-10-28,2010,Q1
LHX,PaymentsToAcquirePropertyPlantAndEquipment,2009-07-04,2009-10-02,18600000,10-Q,2009-10-28,2010,Q1
LHX,PaymentsToAcquirePropertyPlantAndEquipment,2010-07-03,2010-10-01,37100000,10-Q,2010-10-28,2011,Q1
LHX,PaymentsToAcquirePropertyPlantAndEquipment,2011-07-02,2011-09-30,77400000,10-Q,2011-10-27,2012,Q1
LHX,PaymentsToAcquirePropertyPlantAndEquipment,2012-06-30,2012-09-28,39900000,10-Q,2012-10-31,2013,Q1
LHX,PaymentsToAcquirePropertyPlantAndEquipment,2013-06-29,2013-09-27,33400000,10-Q,2013-10-30,2014,Q1
LHX,PaymentsToAcquirePropertyPlantAndEquipment,2014-06-28,2014-09-26,41000000,10-Q,2014-10-29,2015,Q1
LHX,PaymentsToAcquirePropertyPlantAndEquipment,2015-07-04,2015-10-02,26000000,10-Q,2015-11-06,2016,Q1
LHX,PaymentsToAcquirePropertyPlantAndEquipment,2016-07-02,2016-09-30,21000000,10-Q,2016-11-02,2017,Q1
LHX,PaymentsToAcquirePropertyPlantAndEquipment,2017-07-01,2017-09-29,23000000,10-Q,2017-10-31,2018,Q1
LHX,PaymentsToAcquirePropertyPlantAndEquipment,2018-06-30,2018-09-28,31000000,10-Q,2018-10-26,2019,Q1
LHX,PaymentsToAcquirePropertyPlantAndEquipment,2018-12-29,2019-03-29,37000000,10-Q,2020-05-07,2020,Q1
LHX,PaymentsToAcquirePropertyPlantAndEquipment,2019-06-29,2019-09-27,84000000,10-Q,2019-10-31,2020,Q1
LHX,PaymentsToAcquirePropertyPlantAndEquipment,2020-01-04,2020-04-03,48000000,10-Q,2020-05-07,2020,Q1
LHX,PaymentsToAcquirePropertyPlantAndEquipment,2021-01-02,2021-04-02,64000000,10-Q,2021-05-03,2021,Q1
LHX,PaymentsToAcquirePropertyPlantAndEquipment,2022-01-01,2022-04-01,55000000,10-Q,2022-04-29,2022,Q1
LHX,PaymentsToAcquirePropertyPlantAndEquipment,2022-12-31,2023-03-31,71000000,10-Q,2023-04-28,2023,Q1
LHX,PaymentsToAcquirePropertyPlantAndEquipment,2023-12-30,2024-03-29,115000000,10-Q,2024-04-26,2024,Q1
LHX,PaymentsToAcquirePropertyPlantAndEquipment,2025-01-04,2025-03-28,59000000,10-Q,2025-04-24,2025,Q1
LHX,PaymentsToAcquirePropertyPlantAndEquipment,2026-01-03,2026-04-03,99000000,10-Q,2026-04-30,2026,Q1
LIF,PaymentsToAcquirePropertyPlantAndEquipment,2022-01-01,2022-03-31,0,10-Q,2023-05-15,2023,Q1
LIF,PaymentsToAcquirePropertyPlantAndEquipment,2023-01-01,2023-03-31,26000,10-Q,2023-05-15,2023,Q1
LIF,PaymentsToAcquirePropertyPlantAndEquipment,2024-01-01,2024-03-31,0,10-Q,2024-05-10,2024,Q1
LIF,PaymentsToAcquirePropertyPlantAndEquipment,2025-01-01,2025-03-31,124000,10-Q,2025-05-12,2025,Q1
LIF,PaymentsToAcquirePropertyPlantAndEquipment,2026-01-01,2026-03-31,0,10-Q,2026-05-11,2026,Q1
LILA,PaymentsToAcquirePropertyPlantAndEquipment,2017-01-01,2017-03-31,139200000,10-Q,2018-05-08,2018,Q1
LILA,PaymentsToAcquirePropertyPlantAndEquipment,2018-01-01,2018-03-31,194000000,10-Q,2018-05-08,2018,Q1
LILA,PaymentsToAcquirePropertyPlantAndEquipment,2019-01-01,2019-03-31,139100000,10-Q,2019-05-07,2019,Q1
LILA,PaymentsToAcquirePropertyPlantAndEquipment,2020-01-01,2020-03-31,132900000,10-Q,2020-05-05,2020,Q1
LILA,PaymentsToAcquirePropertyPlantAndEquipment,2021-01-01,2021-03-31,152400000,10-Q,2021-05-05,2021,Q1
LILA,PaymentsToAcquirePropertyPlantAndEquipment,2022-01-01,2022-03-31,175400000,10-Q,2022-05-04,2022,Q1
LILA,PaymentsToAcquirePropertyPlantAndEquipment,2023-01-01,2023-03-31,144700000,10-Q,2023-05-08,2023,Q1
LIN,PaymentsToAcquirePropertyPlantAndEquipment,2018-01-01,2018-03-31,325000000,10-Q,2019-05-10,2019,Q1
LIN,PaymentsToAcquirePropertyPlantAndEquipment,2019-01-01,2019-03-31,843000000,10-Q,2019-05-10,2019,Q1
LIN,PaymentsToAcquirePropertyPlantAndEquipment,2020-01-01,2020-03-31,803000000,10-Q,2020-05-07,2020,Q1
LIN,PaymentsToAcquirePropertyPlantAndEquipment,2021-01-01,2021-03-31,762000000,10-Q,2021-05-06,2021,Q1
LIN,PaymentsToAcquirePropertyPlantAndEquipment,2022-01-01,2022-03-31,649000000,10-Q,2022-05-02,2022,Q1
LIN,PaymentsToAcquirePropertyPlantAndEquipment,2023-01-01,2023-03-31,829000000,10-Q,2023-04-27,2023,Q1
LIN,PaymentsToAcquirePropertyPlantAndEquipment,2024-01-01,2024-03-31,1048000000,10-Q,2024-05-02,2024,Q1
LIN,PaymentsToAcquirePropertyPlantAndEquipment,2025-01-01,2025-03-31,1270000000,10-Q,2025-05-01,2025,Q1
LIN,PaymentsToAcquirePropertyPlantAndEquipment,2026-01-01,2026-03-31,1342000000,10-Q,2026-05-01,2026,Q1
LITE,PaymentsToAcquirePropertyPlantAndEquipment,2014-06-29,2014-09-27,13800000,10-Q,2015-11-17,2016,Q1
LITE,PaymentsToAcquirePropertyPlantAndEquipment,2015-06-28,2015-09-26,13900000,10-Q,2015-11-17,2016,Q1
LITE,PaymentsToAcquirePropertyPlantAndEquipment,2016-07-03,2016-10-01,28900000,10-Q,2016-10-27,2017,Q1
LITE,PaymentsToAcquirePropertyPlantAndEquipment,2017-07-02,2017-09-30,33000000,10-Q,2017-11-01,2018,Q1
LITE,PaymentsToAcquirePropertyPlantAndEquipment,2018-07-01,2018-09-29,29600000,10-Q,2018-11-01,2019,Q1
LITE,PaymentsToAcquirePropertyPlantAndEquipment,2019-06-30,2019-09-28,21700000,10-Q,2019-10-31,2020,Q1
LITE,PaymentsToAcquirePropertyPlantAndEquipment,2020-06-28,2020-09-26,26300000,10-Q,2020-11-02,2021,Q1
LITE,PaymentsToAcquirePropertyPlantAndEquipment,2021-07-04,2021-10-02,17900000,10-Q,2021-11-04,2022,Q1
LITE,PaymentsToAcquirePropertyPlantAndEquipment,2022-07-03,2022-10-01,22900000,10-Q,2022-11-08,2023,Q1
LITE,PaymentsToAcquirePropertyPlantAndEquipment,2023-07-02,2023-09-30,57800000,10-Q,2023-11-08,2024,Q1
LITE,PaymentsToAcquirePropertyPlantAndEquipment,2024-06-30,2024-09-28,74100000,10-Q,2024-11-08,2025,Q1
LITE,PaymentsToAcquirePropertyPlantAndEquipment,2025-06-29,2025-09-27,76200000,10-Q,2025-11-05,2026,Q1
LITS,PaymentsToAcquirePropertyPlantAndEquipment,2010-07-01,2010-09-30,48000,10-Q,2011-11-14,2012,Q1
LITS,PaymentsToAcquirePropertyPlantAndEquipment,2012-07-01,2012-09-30,2000,10-Q,2012-11-13,2013,Q1
LITS,PaymentsToAcquirePropertyPlantAndEquipment,2013-07-01,2013-09-30,6000,10-Q,2013-11-08,2014,Q1
LITS,PaymentsToAcquirePropertyPlantAndEquipment,2016-07-01,2016-09-30,2000,10-Q,2016-11-09,2017,Q1
LITS,PaymentsToAcquirePropertyPlantAndEquipment,2020-07-01,2020-09-30,644000,10-Q,2020-11-10,2021,Q1
LITS,PaymentsToAcquirePropertyPlantAndEquipment,2021-07-01,2021-09-30,8000,10-Q,2021-11-10,2022,Q1
LITS,PaymentsToAcquirePropertyPlantAndEquipment,2022-07-01,2022-09-30,63000,10-Q,2022-11-14,2022,Q1
LITS,PaymentsToAcquirePropertyPlantAndEquipment,2023-07-01,2023-09-30,0,10-Q,2023-11-09,2024,Q1
LMT,PaymentsToAcquirePropertyPlantAndEquipment,2009-01-01,2009-03-29,132000000,10-Q,2010-04-21,2010,Q1
LMT,PaymentsToAcquirePropertyPlantAndEquipment,2010-01-01,2010-03-28,92000000,10-Q,2010-04-21,2010,Q1
LMT,PaymentsToAcquirePropertyPlantAndEquipment,2011-01-01,2011-03-27,95000000,10-Q,2011-04-27,2011,Q1
LMT,PaymentsToAcquirePropertyPlantAndEquipment,2012-01-01,2012-03-25,131000000,10-Q,2012-04-26,2012,Q1
LMT,PaymentsToAcquirePropertyPlantAndEquipment,2013-01-01,2013-03-31,106000000,10-Q,2013-04-25,2013,Q1
LNG,PaymentsToAcquirePropertyPlantAndEquipment,2013-01-01,2013-03-31,464608000,10-Q,2014-05-01,2014,Q1
LNG,PaymentsToAcquirePropertyPlantAndEquipment,2014-01-01,2014-03-31,773376000,10-Q,2014-05-01,2014,Q1
LNG,PaymentsToAcquirePropertyPlantAndEquipment,2015-01-01,2015-03-31,590998000,10-Q,2015-04-30,2015,Q1
LNG,PaymentsToAcquirePropertyPlantAndEquipment,2016-01-01,2016-03-31,1149827000,10-Q,2016-05-05,2016,Q1
LNG,PaymentsToAcquirePropertyPlantAndEquipment,2017-01-01,2017-03-31,1319000000,10-Q,2017-05-04,2017,Q1
LNG,PaymentsToAcquirePropertyPlantAndEquipment,2018-01-01,2018-03-31,776000000,10-Q,2018-05-04,2018,Q1
LNG,PaymentsToAcquirePropertyPlantAndEquipment,2019-01-01,2019-03-31,625000000,10-Q,2019-05-09,2019,Q1
LNG,PaymentsToAcquirePropertyPlantAndEquipment,2020-01-01,2020-03-31,556000000,10-Q,2020-04-30,2020,Q1
LNG,PaymentsToAcquirePropertyPlantAndEquipment,2021-01-01,2021-03-31,190000000,10-Q,2021-05-04,2021,Q1
LNG,PaymentsToAcquirePropertyPlantAndEquipment,2022-01-01,2022-03-31,178000000,10-Q,2022-05-04,2022,Q1
LNG,PaymentsToAcquirePropertyPlantAndEquipment,2023-01-01,2023-03-31,712000000,10-Q,2023-05-02,2023,Q1
LNG,PaymentsToAcquirePropertyPlantAndEquipment,2024-01-01,2024-03-31,650000000,10-Q,2024-05-03,2024,Q1
LNG,PaymentsToAcquirePropertyPlantAndEquipment,2025-01-01,2025-03-31,623000000,10-Q,2025-05-08,2025,Q1
LNG,PaymentsToAcquirePropertyPlantAndEquipment,2026-01-01,2026-03-31,736000000,10-Q,2026-05-07,2026,Q1
LNSR,PaymentsToAcquirePropertyPlantAndEquipment,2020-01-01,2020-03-31,103000,10-Q,2021-05-06,2021,Q1
LNSR,PaymentsToAcquirePropertyPlantAndEquipment,2021-01-01,2021-03-31,114000,10-Q,2021-05-06,2021,Q1
LNSR,PaymentsToAcquirePropertyPlantAndEquipment,2022-01-01,2022-03-31,46000,10-Q,2022-05-09,2022,Q1
LNSR,PaymentsToAcquirePropertyPlantAndEquipment,2023-01-01,2023-03-31,8000,10-Q,2023-05-15,2023,Q1
LNSR,PaymentsToAcquirePropertyPlantAndEquipment,2024-01-01,2024-03-31,20000,10-Q,2024-05-09,2024,Q1
LNSR,PaymentsToAcquirePropertyPlantAndEquipment,2025-01-01,2025-03-31,6000,10-Q,2025-05-08,2025,Q1
LNZA,PaymentsToAcquirePropertyPlantAndEquipment,2022-01-01,2022-03-31,1891000,10-Q,2023-05-15,2023,Q1
LNZA,PaymentsToAcquirePropertyPlantAndEquipment,2023-01-01,2023-03-31,1367000,10-Q,2023-05-15,2023,Q1
LNZA,PaymentsToAcquirePropertyPlantAndEquipment,2024-01-01,2024-03-31,1480000,10-Q,2024-05-09,2024,Q1
LNZA,PaymentsToAcquirePropertyPlantAndEquipment,2025-01-01,2025-03-31,713000,10-Q,2025-05-19,2025,Q1
LNZA,PaymentsToAcquirePropertyPlantAndEquipment,2026-01-01,2026-03-31,55000,10-Q,2026-05-14,2026,Q1
LOCO,PaymentsToAcquirePropertyPlantAndEquipment,2013-12-26,2014-03-26,3661000,10-Q,2015-05-15,2015,Q1
LOCO,PaymentsToAcquirePropertyPlantAndEquipment,2015-01-01,2015-04-01,2379000,10-Q,2015-05-15,2015,Q1
LOCO,PaymentsToAcquirePropertyPlantAndEquipment,2015-12-31,2016-03-30,5935000,10-Q,2016-05-06,2016,Q1
LOCO,PaymentsToAcquirePropertyPlantAndEquipment,2016-12-29,2017-03-29,11601000,10-Q,2017-05-05,2017,Q1
LOCO,PaymentsToAcquirePropertyPlantAndEquipment,2017-12-28,2018-03-28,6648000,10-Q,2018-05-07,2018,Q1
LOCO,PaymentsToAcquirePropertyPlantAndEquipment,2018-12-27,2019-03-27,4183000,10-Q,2019-05-03,2019,Q1
LOCO,PaymentsToAcquirePropertyPlantAndEquipment,2019-12-26,2020-03-25,1632000,10-Q,2020-05-01,2020,Q1
LOCO,PaymentsToAcquirePropertyPlantAndEquipment,2020-12-31,2021-03-31,5257000,10-Q,2021-05-07,2021,Q1
LOCO,PaymentsToAcquirePropertyPlantAndEquipment,2021-12-30,2022-03-30,3772000,10-Q,2022-05-06,2022,Q1
LOCO,PaymentsToAcquirePropertyPlantAndEquipment,2022-12-29,2023-03-29,5980000,10-Q,2023-05-05,2023,Q1
LOCO,PaymentsToAcquirePropertyPlantAndEquipment,2023-12-28,2024-03-27,4162000,10-Q,2024-05-03,2024,Q1
LOCO,PaymentsToAcquirePropertyPlantAndEquipment,2024-12-26,2025-03-26,3389000,10-Q,2025-05-02,2025,Q1
LOCO,PaymentsToAcquirePropertyPlantAndEquipment,2026-01-01,2026-04-01,10248000,10-Q,2026-05-08,2026,Q1
LPSN,PaymentsToAcquirePropertyPlantAndEquipment,2019-01-01,2019-03-31,8335000,10-Q,2020-05-11,2019,Q3
LPSN,PaymentsToAcquirePropertyPlantAndEquipment,2020-01-01,2020-03-31,10805000,10-Q,2020-05-11,2019,Q3
LPSN,PaymentsToAcquirePropertyPlantAndEquipment,2021-01-01,2021-03-31,10630000,10-Q,2021-05-07,2021,Q1
LPSN,PaymentsToAcquirePropertyPlantAndEquipment,2022-01-01,2022-03-31,13135000,10-Q,2022-05-10,2022,Q1
LPSN,PaymentsToAcquirePropertyPlantAndEquipment,2023-01-01,2023-03-31,9625000,10-Q,2023-05-11,2023,Q1
LPSN,PaymentsToAcquirePropertyPlantAndEquipment,2024-01-01,2024-03-31,11501000,10-Q,2024-05-10,2024,Q1
LPSN,PaymentsToAcquirePropertyPlantAndEquipment,2025-01-01,2025-03-31,3759000,10-Q,2025-05-08,2025,Q1
LPSN,PaymentsToAcquirePropertyPlantAndEquipment,2026-01-01,2026-03-31,2644000,10-Q,2026-05-08,2026,Q1
LRN,PaymentsToAcquirePropertyPlantAndEquipment,2010-07-01,2010-09-30,8561000,10-Q/A,2011-12-09,2012,Q1
LRN,PaymentsToAcquirePropertyPlantAndEquipment,2011-07-01,2011-09-30,4911000,10-Q/A,2011-12-09,2012,Q1
LRN,PaymentsToAcquirePropertyPlantAndEquipment,2012-07-01,2012-09-30,3863000,10-Q,2012-11-09,2013,Q1
LRN,PaymentsToAcquirePropertyPlantAndEquipment,2013-07-01,2013-09-30,4274000,10-Q,2013-11-07,2014,Q1
LRN,PaymentsToAcquirePropertyPlantAndEquipment,2014-07-01,2014-09-30,6333000,10-Q,2014-10-30,2015,Q1
LRN,PaymentsToAcquirePropertyPlantAndEquipment,2015-07-01,2015-09-30,977000,10-Q,2015-10-27,2016,Q1
LRN,PaymentsToAcquirePropertyPlantAndEquipment,2016-07-01,2016-09-30,960000,10-Q,2016-10-26,2017,Q1
LRN,PaymentsToAcquirePropertyPlantAndEquipment,2017-07-01,2017-09-30,5143000,10-Q,2017-10-27,2018,Q1
LRN,PaymentsToAcquirePropertyPlantAndEquipment,2018-07-01,2018-09-30,1738000,10-Q,2018-10-24,2019,Q1
LRN,PaymentsToAcquirePropertyPlantAndEquipment,2019-07-01,2019-09-30,1246000,10-Q,2019-10-23,2020,Q1
LRN,PaymentsToAcquirePropertyPlantAndEquipment,2020-07-01,2020-09-30,1106000,10-Q,2020-10-27,2021,Q1
LRN,PaymentsToAcquirePropertyPlantAndEquipment,2021-07-01,2021-09-30,1278000,10-Q,2021-10-20,2022,Q1
LRN,PaymentsToAcquirePropertyPlantAndEquipment,2022-07-01,2022-09-30,913000,10-Q,2022-10-26,2022,Q1
LRN,PaymentsToAcquirePropertyPlantAndEquipment,2023-07-01,2023-09-30,1694000,10-Q,2023-10-25,2024,Q1
LRN,PaymentsToAcquirePropertyPlantAndEquipment,2024-07-01,2024-09-30,669000,10-Q,2024-10-23,2025,Q1
LRN,PaymentsToAcquirePropertyPlantAndEquipment,2025-07-01,2025-09-30,306000,10-Q,2025-10-29,2026,Q1
LTCH,PaymentsToAcquirePropertyPlantAndEquipment,2021-01-01,2021-03-31,290000,10-Q,2022-05-05,2022,Q1
LTCH,PaymentsToAcquirePropertyPlantAndEquipment,2022-01-01,2022-03-31,736000,10-Q,2022-05-05,2022,Q1
LTCH,PaymentsToAcquirePropertyPlantAndEquipment,2023-01-01,2023-03-31,10000,10-Q,2025-03-26,2023,Q1
LTCH,PaymentsToAcquirePropertyPlantAndEquipment,2024-01-01,2024-03-31,10000,10-Q,2025-11-05,2024,Q1
LTCH,PaymentsToAcquirePropertyPlantAndEquipment,2025-01-01,2025-03-31,0,10-Q,2026-01-13,2025,Q1
LUMN,PaymentsToAcquirePropertyPlantAndEquipment,2010-01-01,2010-03-31,167180000,10-Q,2011-05-06,2011,Q1
LUMN,PaymentsToAcquirePropertyPlantAndEquipment,2011-01-01,2011-03-31,210591000,10-Q,2011-05-06,2011,Q1
LUMN,PaymentsToAcquirePropertyPlantAndEquipment,2012-01-01,2012-03-31,678000000,10-Q,2012-05-10,2012,Q1
LUMN,PaymentsToAcquirePropertyPlantAndEquipment,2013-01-01,2013-03-31,663000000,10-Q,2013-05-10,2013,Q1
LUMN,PaymentsToAcquirePropertyPlantAndEquipment,2014-01-01,2014-03-31,670000000,10-Q,2014-05-09,2014,Q1
LUNR,PaymentsToAcquirePropertyPlantAndEquipment,2022-01-01,2022-03-31,377000,10-Q,2023-05-15,2023,Q1
LUNR,PaymentsToAcquirePropertyPlantAndEquipment,2023-01-01,2023-03-31,8565000,10-Q,2023-05-15,2023,Q1
LUNR,PaymentsToAcquirePropertyPlantAndEquipment,2024-01-01,2024-03-31,1588000,10-Q,2024-05-14,2024,Q1
LUNR,PaymentsToAcquirePropertyPlantAndEquipment,2025-01-01,2025-03-31,6122000,10-Q,2025-05-13,2025,Q1
LUNR,PaymentsToAcquirePropertyPlantAndEquipment,2026-01-01,2026-03-31,9876000,10-Q,2026-05-15,2026,Q1
LXU,PaymentsToAcquirePropertyPlantAndEquipment,2011-01-01,2011-03-31,4579000,10-Q,2012-05-09,2012,Q1
LXU,PaymentsToAcquirePropertyPlantAndEquipment,2012-01-01,2012-03-31,15632000,10-Q,2012-05-09,2012,Q1
LXU,PaymentsToAcquirePropertyPlantAndEquipment,2013-01-01,2013-03-31,44344000,10-Q,2013-05-07,2013,Q1
LXU,PaymentsToAcquirePropertyPlantAndEquipment,2014-01-01,2014-03-31,45308000,10-Q,2014-05-08,2014,Q1
LXU,PaymentsToAcquirePropertyPlantAndEquipment,2015-01-01,2015-03-31,66837000,10-Q,2015-05-08,2015,Q1
LXU,PaymentsToAcquirePropertyPlantAndEquipment,2016-01-01,2016-03-31,104290000,10-Q,2016-05-04,2016,Q1
LXU,PaymentsToAcquirePropertyPlantAndEquipment,2017-01-01,2017-03-31,13894000,10-Q,2017-04-24,2017,Q1
LXU,PaymentsToAcquirePropertyPlantAndEquipment,2018-01-01,2018-03-31,6247000,10-Q,2018-04-25,2018,Q1
LXU,PaymentsToAcquirePropertyPlantAndEquipment,2019-01-01,2019-03-31,7115000,10-Q,2019-04-30,2019,Q1
LXU,PaymentsToAcquirePropertyPlantAndEquipment,2020-01-01,2020-03-31,10737000,10-Q,2020-05-07,2020,Q1
LXU,PaymentsToAcquirePropertyPlantAndEquipment,2021-01-01,2021-03-31,6133000,10-Q,2021-04-29,2021,Q1
LXU,PaymentsToAcquirePropertyPlantAndEquipment,2022-01-01,2022-03-31,8254000,10-Q,2022-05-04,2022,Q1
LXU,PaymentsToAcquirePropertyPlantAndEquipment,2023-01-01,2023-03-31,18437000,10-Q,2023-05-03,2023,Q1
LXU,PaymentsToAcquirePropertyPlantAndEquipment,2024-01-01,2024-03-31,18287000,10-Q,2024-04-30,2024,Q1
LXU,PaymentsToAcquirePropertyPlantAndEquipment,2025-01-01,2025-03-31,20867000,10-Q,2025-04-30,2025,Q1
LXU,PaymentsToAcquirePropertyPlantAndEquipment,2026-01-01,2026-03-31,16976000,10-Q,2026-04-30,2026,Q1
MANH,PaymentsToAcquirePropertyPlantAndEquipment,2011-01-01,2011-03-31,1338000,10-Q,2012-05-04,2012,Q1
MANH,PaymentsToAcquirePropertyPlantAndEquipment,2012-01-01,2012-03-31,1796000,10-Q,2012-05-04,2012,Q1
MANH,PaymentsToAcquirePropertyPlantAndEquipment,2013-01-01,2013-03-31,598000,10-Q,2013-04-30,2013,Q1
MANH,PaymentsToAcquirePropertyPlantAndEquipment,2014-01-01,2014-03-31,1156000,10-Q,2014-04-29,2014,Q1
MANH,PaymentsToAcquirePropertyPlantAndEquipment,2015-01-01,2015-03-31,3098000,10-Q,2015-04-28,2015,Q1
MANH,PaymentsToAcquirePropertyPlantAndEquipment,2016-01-01,2016-03-31,1906000,10-Q,2016-04-22,2016,Q1
MANH,PaymentsToAcquirePropertyPlantAndEquipment,2017-01-01,2017-03-31,789000,10-Q,2017-04-24,2017,Q1
MANH,PaymentsToAcquirePropertyPlantAndEquipment,2018-01-01,2018-03-31,2174000,10-Q,2018-04-27,2018,Q1
MANH,PaymentsToAcquirePropertyPlantAndEquipment,2019-01-01,2019-03-31,616000,10-Q,2019-04-25,2019,Q1
MANH,PaymentsToAcquirePropertyPlantAndEquipment,2020-01-01,2020-03-31,1245000,10-Q,2020-05-01,2020,Q1
MANH,PaymentsToAcquirePropertyPlantAndEquipment,2021-01-01,2021-03-31,569000,10-Q,2021-04-29,2021,Q1
MANH,PaymentsToAcquirePropertyPlantAndEquipment,2022-01-01,2022-03-31,1159000,10-Q,2022-04-28,2022,Q1
MANH,PaymentsToAcquirePropertyPlantAndEquipment,2023-01-01,2023-03-31,666000,10-Q,2023-04-28,2023,Q1
MANH,PaymentsToAcquirePropertyPlantAndEquipment,2024-01-01,2024-03-31,2321000,10-Q,2024-04-26,2024,Q1
MANH,PaymentsToAcquirePropertyPlantAndEquipment,2025-01-01,2025-03-31,891000,10-Q,2025-04-25,2025,Q1
MANH,PaymentsToAcquirePropertyPlantAndEquipment,2026-01-01,2026-03-31,4103000,10-Q,2026-04-24,2026,Q1
MASS,PaymentsToAcquirePropertyPlantAndEquipment,2020-01-01,2020-03-31,91000,10-Q,2021-05-13,2021,Q1
MASS,PaymentsToAcquirePropertyPlantAndEquipment,2021-01-01,2021-03-31,9000,10-Q,2021-05-13,2021,Q1
MASS,PaymentsToAcquirePropertyPlantAndEquipment,2022-01-01,2022-03-31,617000,10-Q,2022-05-10,2022,Q1
MASS,PaymentsToAcquirePropertyPlantAndEquipment,2023-01-01,2023-03-31,1185000,10-Q,2023-05-09,2023,Q1
MASS,PaymentsToAcquirePropertyPlantAndEquipment,2024-01-01,2024-03-31,903000,10-Q,2024-05-03,2024,Q1
MASS,PaymentsToAcquirePropertyPlantAndEquipment,2025-01-01,2025-03-31,159000,10-Q,2025-05-13,2025,Q1
MASS,PaymentsToAcquirePropertyPlantAndEquipment,2026-01-01,2026-03-31,40000,10-Q,2026-05-06,2026,Q1
MCFT,PaymentsToAcquirePropertyPlantAndEquipment,2014-07-01,2014-09-28,912000,10-Q,2015-11-06,2015,Q1
MCFT,PaymentsToAcquirePropertyPlantAndEquipment,2015-07-01,2015-09-27,627000,10-Q,2015-11-06,2015,Q1
MCFT,PaymentsToAcquirePropertyPlantAndEquipment,2016-07-01,2016-10-02,455000,10-Q,2016-11-10,2017,Q1
MCFT,PaymentsToAcquirePropertyPlantAndEquipment,2017-07-01,2017-10-01,505000,10-Q,2017-11-13,2018,Q1
MCFT,PaymentsToAcquirePropertyPlantAndEquipment,2018-07-01,2018-09-30,3425000,10-Q,2018-11-09,2019,Q1
MCFT,PaymentsToAcquirePropertyPlantAndEquipment,2018-10-01,2018-12-30,2597000,10-Q,2020-02-05,2020,Q2
MCFT,PaymentsToAcquirePropertyPlantAndEquipment,2018-12-31,2019-03-31,4365000,10-Q,2020-05-08,2020,Q3
MCFT,PaymentsToAcquirePropertyPlantAndEquipment,2019-07-01,2019-09-29,4328000,10-Q,2019-11-07,2020,Q1
MCFT,PaymentsToAcquirePropertyPlantAndEquipment,2019-09-30,2019-12-29,7173000,10-Q,2020-02-05,2020,Q2
MCFT,PaymentsToAcquirePropertyPlantAndEquipment,2019-12-30,2020-03-29,2098000,10-Q,2020-05-08,2020,Q3
MCFT,PaymentsToAcquirePropertyPlantAndEquipment,2020-07-01,2020-10-04,2042000,10-Q,2020-11-12,2021,Q1
MCFT,PaymentsToAcquirePropertyPlantAndEquipment,2020-10-05,2021-01-03,16951000,10-Q,2021-02-10,2021,Q2
MCFT,PaymentsToAcquirePropertyPlantAndEquipment,2021-01-04,2021-04-04,4876000,10-Q,2021-05-12,2021,Q3
MCFT,PaymentsToAcquirePropertyPlantAndEquipment,2021-07-01,2021-10-03,3618000,10-Q,2021-11-10,2022,Q1
MCFT,PaymentsToAcquirePropertyPlantAndEquipment,2021-10-04,2022-01-02,3097000,10-Q,2022-02-03,2022,Q2
MCFT,PaymentsToAcquirePropertyPlantAndEquipment,2022-01-03,2022-04-03,4123000,10-Q,2022-05-11,2022,Q3
MCFT,PaymentsToAcquirePropertyPlantAndEquipment,2022-07-01,2022-10-02,5968000,10-Q,2022-11-09,2023,Q1
MCFT,PaymentsToAcquirePropertyPlantAndEquipment,2022-10-03,2023-01-01,5947000,10-Q,2023-02-08,2023,Q2
MCFT,PaymentsToAcquirePropertyPlantAndEquipment,2023-01-02,2023-04-02,6956000,10-Q,2023-05-10,2023,Q3
MCFT,PaymentsToAcquirePropertyPlantAndEquipment,2023-07-01,2023-10-01,4398000,10-Q,2023-11-08,2023,Q1
MCFT,PaymentsToAcquirePropertyPlantAndEquipment,2024-07-01,2024-09-29,2205000,10-Q,2024-11-07,2024,Q1
MCFT,PaymentsToAcquirePropertyPlantAndEquipment,2025-07-01,2025-09-28,3080000,10-Q,2025-11-06,2025,Q1
MDB,PaymentsToAcquirePropertyPlantAndEquipment,2017-02-01,2017-04-30,712000,10-Q,2018-06-07,2019,Q1
MDB,PaymentsToAcquirePropertyPlantAndEquipment,2018-02-01,2018-04-30,367000,10-Q,2018-06-07,2019,Q1
MDB,PaymentsToAcquirePropertyPlantAndEquipment,2019-02-01,2019-04-30,389000,10-Q,2019-06-07,2020,Q1
MDB,PaymentsToAcquirePropertyPlantAndEquipment,2020-02-01,2020-04-30,1505000,10-Q,2020-06-05,2021,Q1
MDB,PaymentsToAcquirePropertyPlantAndEquipment,2021-02-01,2021-04-30,627000,10-Q,2021-06-04,2022,Q1
MDB,PaymentsToAcquirePropertyPlantAndEquipment,2022-02-01,2022-04-30,2538000,10-Q,2022-06-03,2023,Q1
MDB,PaymentsToAcquirePropertyPlantAndEquipment,2023-02-01,2023-04-30,623000,10-Q,2023-06-02,2024,Q1
MDB,PaymentsToAcquirePropertyPlantAndEquipment,2024-02-01,2024-04-30,539000,10-Q,2024-05-31,2025,Q1
MDB,PaymentsToAcquirePropertyPlantAndEquipment,2025-02-01,2025-04-30,1611000,10-Q,2025-06-04,2026,Q1
MDB,PaymentsToAcquirePropertyPlantAndEquipment,2026-02-01,2026-04-30,2319000,10-Q,2026-05-29,2027,Q1
MDT,PaymentsToAcquirePropertyPlantAndEquipment,2014-04-26,2014-07-25,109000000,10-Q,2015-09-09,2016,Q1
MDT,PaymentsToAcquirePropertyPlantAndEquipment,2015-04-25,2015-07-31,224000000,10-Q,2015-09-09,2016,Q1
MDT,PaymentsToAcquirePropertyPlantAndEquipment,2016-04-30,2016-07-29,330000000,10-Q,2016-09-07,2017,Q1
MDT,PaymentsToAcquirePropertyPlantAndEquipment,2017-04-29,2017-07-28,278000000,10-Q,2017-09-01,2018,Q1
MDT,PaymentsToAcquirePropertyPlantAndEquipment,2018-04-28,2018-07-27,291000000,10-Q,2018-08-31,2019,Q1
MDT,PaymentsToAcquirePropertyPlantAndEquipment,2019-04-27,2019-07-26,301000000,10-Q,2019-08-30,2020,Q1
MDT,PaymentsToAcquirePropertyPlantAndEquipment,2020-04-25,2020-07-31,334000000,10-Q,2020-09-03,2021,Q1
MDT,PaymentsToAcquirePropertyPlantAndEquipment,2021-05-01,2021-07-30,378000000,10-Q,2021-09-02,2022,Q1
MDT,PaymentsToAcquirePropertyPlantAndEquipment,2022-04-30,2022-07-29,426000000,10-Q,2022-09-01,2023,Q1
MDT,PaymentsToAcquirePropertyPlantAndEquipment,2023-04-29,2023-07-28,354000000,10-Q,2023-08-31,2024,Q1
MDT,PaymentsToAcquirePropertyPlantAndEquipment,2024-04-27,2024-07-26,520000000,10-Q,2024-08-27,2025,Q1
MDT,PaymentsToAcquirePropertyPlantAndEquipment,2025-04-26,2025-07-25,504000000,10-Q,2025-08-26,2026,Q1
MDT,PaymentsToAcquirePropertyPlantAndEquipment,2026-04-25,2026-07-31,503000000,10-Q,2026-09-03,2027,Q1
MEDP,PaymentsToAcquirePropertyPlantAndEquipment,2016-01-01,2016-03-31,3456000,10-Q,2017-05-02,2017,Q1
MEDP,PaymentsToAcquirePropertyPlantAndEquipment,2017-01-01,2017-03-31,4374000,10-Q,2017-05-02,2017,Q1
MEDP,PaymentsToAcquirePropertyPlantAndEquipment,2018-01-01,2018-03-31,3951000,10-Q,2018-05-01,2018,Q1
MEDP,PaymentsToAcquirePropertyPlantAndEquipment,2019-01-01,2019-03-31,2520000,10-Q,2019-04-30,2019,Q1
MEDP,PaymentsToAcquirePropertyPlantAndEquipment,2020-01-01,2020-03-31,5561000,10-Q,2020-04-29,2020,Q1
MEDP,PaymentsToAcquirePropertyPlantAndEquipment,2021-01-01,2021-03-31,6507000,10-Q,2021-04-27,2021,Q1
MEDP,PaymentsToAcquirePropertyPlantAndEquipment,2022-01-01,2022-03-31,9257000,10-Q,2022-04-26,2022,Q1
MEDP,PaymentsToAcquirePropertyPlantAndEquipment,2023-01-01,2023-03-31,9513000,10-Q,2023-04-25,2023,Q1
MEDP,PaymentsToAcquirePropertyPlantAndEquipment,2024-01-01,2024-03-31,5497000,10-Q,2024-04-23,2024,Q1
MEDP,PaymentsToAcquirePropertyPlantAndEquipment,2025-01-01,2025-03-31,9994000,10-Q,2025-04-22,2025,Q1
MEDP,PaymentsToAcquirePropertyPlantAndEquipment,2026-01-01,2026-03-31,6814000,10-Q,2026-04-23,2026,Q1
MGRC,PaymentsToAcquirePropertyPlantAndEquipment,2011-01-01,2011-03-31,6972000,10-Q,2012-05-03,2012,Q1
MGRC,PaymentsToAcquirePropertyPlantAndEquipment,2012-01-01,2012-03-31,1823000,10-Q,2012-05-03,2012,Q1
MGRC,PaymentsToAcquirePropertyPlantAndEquipment,2013-01-01,2013-03-31,1553000,10-Q,2013-05-01,2013,Q1
MGRC,PaymentsToAcquirePropertyPlantAndEquipment,2014-01-01,2014-03-31,2812000,10-Q,2014-04-30,2014,Q1
MGRC,PaymentsToAcquirePropertyPlantAndEquipment,2015-01-01,2015-03-31,3005000,10-Q,2015-04-30,2015,Q1
MGRC,PaymentsToAcquirePropertyPlantAndEquipment,2016-01-01,2016-03-31,881000,10-Q,2016-05-03,2016,Q1
MGRC,PaymentsToAcquirePropertyPlantAndEquipment,2017-01-01,2017-03-31,5835000,10-Q,2017-05-02,2017,Q1
MGRC,PaymentsToAcquirePropertyPlantAndEquipment,2018-01-01,2018-03-31,2667000,10-Q,2018-05-01,2018,Q1
MGRC,PaymentsToAcquirePropertyPlantAndEquipment,2019-01-01,2019-03-31,2753000,10-Q,2019-04-30,2019,Q1
MGRC,PaymentsToAcquirePropertyPlantAndEquipment,2020-01-01,2020-03-31,3196000,10-Q,2020-04-29,2020,Q1
MGRC,PaymentsToAcquirePropertyPlantAndEquipment,2021-01-01,2021-03-31,981000,10-Q,2021-04-28,2021,Q1
MGRC,PaymentsToAcquirePropertyPlantAndEquipment,2022-01-01,2022-03-31,5417000,10-Q,2022-04-28,2022,Q1
MGRC,PaymentsToAcquirePropertyPlantAndEquipment,2023-01-01,2023-03-31,6857000,10-Q,2023-05-04,2023,Q1
MGRC,PaymentsToAcquirePropertyPlantAndEquipment,2024-01-01,2024-03-31,25277000,10-Q,2024-04-25,2024,Q1
MGRC,PaymentsToAcquirePropertyPlantAndEquipment,2025-01-01,2025-03-31,3992000,10-Q,2025-04-24,2025,Q1
MGRC,PaymentsToAcquirePropertyPlantAndEquipment,2026-01-01,2026-03-31,8038000,10-Q,2026-04-29,2026,Q1
MKTW,PaymentsToAcquirePropertyPlantAndEquipment,2021-01-01,2021-03-31,13000,10-Q,2022-05-09,2022,Q1
MKTW,PaymentsToAcquirePropertyPlantAndEquipment,2022-01-01,2022-03-31,14000,10-Q,2022-05-09,2022,Q1
MKTW,PaymentsToAcquirePropertyPlantAndEquipment,2023-01-01,2023-03-31,13000,10-Q,2023-05-11,2023,Q1
MKTW,PaymentsToAcquirePropertyPlantAndEquipment,2024-01-01,2024-03-31,0,10-Q,2024-05-15,2024,Q1
MKTW,PaymentsToAcquirePropertyPlantAndEquipment,2025-01-01,2025-03-31,45000,10-Q,2025-05-08,2025,Q1
MKTW,PaymentsToAcquirePropertyPlantAndEquipment,2026-01-01,2026-03-31,473000,10-Q,2026-05-07,2026,Q1
MKTX,PaymentsToAcquirePropertyPlantAndEquipment,2011-01-01,2011-03-31,498000,10-Q,2012-04-26,2012,Q1
MKTX,PaymentsToAcquirePropertyPlantAndEquipment,2012-01-01,2012-03-31,607000,10-Q,2012-04-26,2012,Q1
MKTX,PaymentsToAcquirePropertyPlantAndEquipment,2013-01-01,2013-03-31,794000,10-Q,2013-04-26,2013,Q1
MKTX,PaymentsToAcquirePropertyPlantAndEquipment,2014-01-01,2014-03-31,1622000,10-Q,2014-04-25,2014,Q1
MKTX,PaymentsToAcquirePropertyPlantAndEquipment,2015-01-01,2015-03-31,817000,10-Q,2015-04-24,2015,Q1
MKTX,PaymentsToAcquirePropertyPlantAndEquipment,2016-01-01,2016-03-31,2652000,10-Q,2016-04-28,2016,Q1
MKTX,PaymentsToAcquirePropertyPlantAndEquipment,2017-01-01,2017-03-31,4149000,10-Q,2017-04-27,2017,Q1
MKTX,PaymentsToAcquirePropertyPlantAndEquipment,2018-01-01,2018-03-31,2278000,10-Q,2018-04-26,2018,Q1
MKTX,PaymentsToAcquirePropertyPlantAndEquipment,2019-01-01,2019-03-31,649000,10-Q,2019-04-25,2019,Q1
MKTX,PaymentsToAcquirePropertyPlantAndEquipment,2020-01-01,2020-03-31,4291000,10-Q,2020-05-01,2020,Q1
MKTX,PaymentsToAcquirePropertyPlantAndEquipment,2021-01-01,2021-03-31,4257000,10-Q,2021-04-28,2021,Q1
MKTX,PaymentsToAcquirePropertyPlantAndEquipment,2022-01-01,2022-03-31,1396000,10-Q,2022-04-27,2022,Q1
MKTX,PaymentsToAcquirePropertyPlantAndEquipment,2023-01-01,2023-03-31,217000,10-Q,2023-04-27,2023,Q1
MKTX,PaymentsToAcquirePropertyPlantAndEquipment,2024-01-01,2024-03-31,1197000,10-Q,2024-05-07,2024,Q1
MKTX,PaymentsToAcquirePropertyPlantAndEquipment,2025-01-01,2025-03-31,1930000,10-Q,2025-05-07,2025,Q1
MKTX,PaymentsToAcquirePropertyPlantAndEquipment,2026-01-01,2026-03-31,259000,10-Q,2026-05-07,2026,Q1
MLM,PaymentsToAcquirePropertyPlantAndEquipment,2010-01-01,2010-03-31,25021000,10-Q,2011-05-03,2011,Q1
MLM,PaymentsToAcquirePropertyPlantAndEquipment,2011-01-01,2011-03-31,30674000,10-Q,2011-05-03,2011,Q1
MLM,PaymentsToAcquirePropertyPlantAndEquipment,2012-01-01,2012-03-31,37518000,10-Q,2012-05-09,2012,Q1
MLM,PaymentsToAcquirePropertyPlantAndEquipment,2013-01-01,2013-03-31,21880000,10-Q,2013-05-06,2013,Q1
MLM,PaymentsToAcquirePropertyPlantAndEquipment,2014-01-01,2014-03-31,36913000,10-Q,2014-05-05,2014,Q1
MLM,PaymentsToAcquirePropertyPlantAndEquipment,2015-01-01,2015-03-31,56085000,10-Q,2015-05-05,2015,Q1
MLM,PaymentsToAcquirePropertyPlantAndEquipment,2016-01-01,2016-03-31,94228000,10-Q,2016-05-05,2016,Q1
MLM,PaymentsToAcquirePropertyPlantAndEquipment,2017-01-01,2017-03-31,102095000,10-Q,2017-05-10,2017,Q1
MLM,PaymentsToAcquirePropertyPlantAndEquipment,2018-01-01,2018-03-31,96259000,10-Q,2018-05-08,2018,Q1
MLM,PaymentsToAcquirePropertyPlantAndEquipment,2019-01-01,2019-03-31,130056000,10-Q,2019-05-01,2019,Q1
MLM,PaymentsToAcquirePropertyPlantAndEquipment,2020-01-01,2020-03-31,104100000,10-Q,2020-05-05,2020,Q1
MLM,PaymentsToAcquirePropertyPlantAndEquipment,2021-01-01,2021-03-31,110300000,10-Q,2021-05-04,2021,Q1
MLM,PaymentsToAcquirePropertyPlantAndEquipment,2022-01-01,2022-03-31,139800000,10-Q,2022-05-03,2022,Q1
MLM,PaymentsToAcquirePropertyPlantAndEquipment,2023-01-01,2023-03-31,173900000,10-Q,2023-05-04,2023,Q1
MLM,PaymentsToAcquirePropertyPlantAndEquipment,2024-01-01,2024-03-31,200000000,10-Q,2024-04-30,2024,Q1
MLM,PaymentsToAcquirePropertyPlantAndEquipment,2025-01-01,2025-03-31,233000000,10-Q,2025-04-30,2025,Q1
MLM,PaymentsToAcquirePropertyPlantAndEquipment,2026-01-01,2026-03-31,186000000,10-Q,2026-04-30,2026,Q1
MMLP,PaymentsToAcquirePropertyPlantAndEquipment,2011-01-01,2011-03-31,14875000,10-Q,2012-05-07,2012,Q1
MMLP,PaymentsToAcquirePropertyPlantAndEquipment,2012-01-01,2012-03-31,30082000,10-Q,2012-05-07,2012,Q1
MMLP,PaymentsToAcquirePropertyPlantAndEquipment,2013-01-01,2013-03-31,14715000,10-Q,2013-05-06,2013,Q1
MMLP,PaymentsToAcquirePropertyPlantAndEquipment,2014-01-01,2014-03-31,16642000,10-Q,2014-05-05,2014,Q1
MMLP,PaymentsToAcquirePropertyPlantAndEquipment,2015-01-01,2015-03-31,12927000,10-Q,2015-04-29,2015,Q1
MMLP,PaymentsToAcquirePropertyPlantAndEquipment,2016-01-01,2016-03-31,17298000,10-Q,2016-04-28,2016,Q1
MMLP,PaymentsToAcquirePropertyPlantAndEquipment,2017-01-01,2017-03-31,6477000,10-Q,2017-04-26,2017,Q1
MMLP,PaymentsToAcquirePropertyPlantAndEquipment,2018-01-01,2018-03-31,15165000,10-Q,2018-04-25,2018,Q1
MMLP,PaymentsToAcquirePropertyPlantAndEquipment,2019-01-01,2019-03-31,6973000,10-Q,2019-04-26,2019,Q1
MMLP,PaymentsToAcquirePropertyPlantAndEquipment,2020-01-01,2020-03-31,12260000,10-Q,2020-05-11,2020,Q1
MMLP,PaymentsToAcquirePropertyPlantAndEquipment,2021-01-01,2021-03-31,2514000,10-Q,2021-04-26,2021,Q1
MMLP,PaymentsToAcquirePropertyPlantAndEquipment,2022-01-01,2022-03-31,10216000,10-Q,2022-04-26,2022,Q1
MMLP,PaymentsToAcquirePropertyPlantAndEquipment,2023-01-01,2023-03-31,7527000,10-Q,2023-04-25,2023,Q1
MMLP,PaymentsToAcquirePropertyPlantAndEquipment,2024-01-01,2024-03-31,11670000,10-Q,2024-04-23,2024,Q1
MMLP,PaymentsToAcquirePropertyPlantAndEquipment,2025-01-01,2025-03-31,5875000,10-Q,2025-04-21,2025,Q1
MMLP,PaymentsToAcquirePropertyPlantAndEquipment,2026-01-01,2026-03-31,7489000,10-Q,2026-04-27,2026,Q1
MMS,PaymentsToAcquirePropertyPlantAndEquipment,2009-10-01,2009-12-31,3938000,10-Q,2011-02-08,2011,Q1
MMS,PaymentsToAcquirePropertyPlantAndEquipment,2010-10-01,2010-12-31,2407000,10-Q,2011-02-08,2011,Q1
MMS,PaymentsToAcquirePropertyPlantAndEquipment,2011-10-01,2011-12-31,2554000,10-Q,2012-02-03,2012,Q1
MMS,PaymentsToAcquirePropertyPlantAndEquipment,2012-10-01,2012-12-31,7087000,10-Q,2013-02-08,2013,Q1
MMS,PaymentsToAcquirePropertyPlantAndEquipment,2013-10-01,2013-12-31,4440000,10-Q,2014-02-07,2014,Q1
MMS,PaymentsToAcquirePropertyPlantAndEquipment,2014-10-01,2014-12-31,12754000,10-Q,2015-02-06,2015,Q1
MMS,PaymentsToAcquirePropertyPlantAndEquipment,2015-10-01,2015-12-31,9693000,10-Q,2016-02-05,2016,Q1
MOG-A,PaymentsToAcquirePropertyPlantAndEquipment,2009-10-04,2010-01-02,11628000,10-Q,2011-02-09,2011,Q1
MOG-A,PaymentsToAcquirePropertyPlantAndEquipment,2010-10-03,2011-01-01,18126000,10-Q,2011-02-09,2011,Q1
MOG-A,PaymentsToAcquirePropertyPlantAndEquipment,2011-10-02,2011-12-31,27218000,10-Q,2012-02-07,2012,Q1
MOG-A,PaymentsToAcquirePropertyPlantAndEquipment,2012-09-30,2012-12-29,21916000,10-Q,2013-02-01,2013,Q1
MOG-A,PaymentsToAcquirePropertyPlantAndEquipment,2013-09-29,2013-12-28,20019000,10-Q,2014-01-29,2014,Q1
MOG-A,PaymentsToAcquirePropertyPlantAndEquipment,2014-09-28,2015-01-03,20160000,10-Q,2015-02-03,2015,Q1
MOG-A,PaymentsToAcquirePropertyPlantAndEquipment,2015-10-04,2016-01-02,12305000,10-Q,2016-02-01,2016,Q1
MOG-A,PaymentsToAcquirePropertyPlantAndEquipment,2016-10-02,2016-12-31,14849000,10-Q,2017-01-31,2017,Q1
MOG-A,PaymentsToAcquirePropertyPlantAndEquipment,2017-10-01,2017-12-30,21084000,10-Q,2018-01-26,2018,Q1
MOG-A,PaymentsToAcquirePropertyPlantAndEquipment,2018-09-30,2018-12-29,24375000,10-Q,2019-01-25,2019,Q1
MOG-A,PaymentsToAcquirePropertyPlantAndEquipment,2019-09-29,2019-12-28,27310000,10-Q,2020-01-24,2020,Q1
MOG-A,PaymentsToAcquirePropertyPlantAndEquipment,2020-10-04,2021-01-02,20309000,10-Q,2021-01-29,2021,Q1
MOG-A,PaymentsToAcquirePropertyPlantAndEquipment,2021-10-03,2022-01-01,37059000,10-Q,2022-01-28,2022,Q1
MOG-A,PaymentsToAcquirePropertyPlantAndEquipment,2022-10-02,2022-12-31,30125000,10-Q,2023-02-03,2023,Q1
MOG-A,PaymentsToAcquirePropertyPlantAndEquipment,2023-10-01,2023-12-30,37416000,10-Q,2024-01-26,2024,Q1
MOG-A,PaymentsToAcquirePropertyPlantAndEquipment,2024-09-29,2024-12-28,32778000,10-Q,2025-01-24,2025,Q1
MOG-A,PaymentsToAcquirePropertyPlantAndEquipment,2025-09-28,2026-01-03,34380000,10-Q,2026-01-30,2026,Q1
MORN,PaymentsToAcquirePropertyPlantAndEquipment,2011-01-01,2011-03-31,5037000,10-Q,2012-05-02,2012,Q1
MORN,PaymentsToAcquirePropertyPlantAndEquipment,2012-01-01,2012-03-31,8994000,10-Q,2012-05-02,2012,Q1
MORN,PaymentsToAcquirePropertyPlantAndEquipment,2013-01-01,2013-03-31,9118000,10-Q,2013-05-01,2013,Q1
MORN,PaymentsToAcquirePropertyPlantAndEquipment,2014-01-01,2014-03-31,20793000,10-Q,2014-05-01,2014,Q1
MORN,PaymentsToAcquirePropertyPlantAndEquipment,2015-01-01,2015-03-31,14400000,10-Q,2015-05-01,2015,Q1
MORN,PaymentsToAcquirePropertyPlantAndEquipment,2016-01-01,2016-03-31,13500000,10-Q,2016-04-29,2016,Q1
MORN,PaymentsToAcquirePropertyPlantAndEquipment,2017-01-01,2017-03-31,14300000,10-Q,2017-04-28,2017,Q1
MORN,PaymentsToAcquirePropertyPlantAndEquipment,2018-01-01,2018-03-31,17600000,10-Q,2018-05-03,2018,Q1
MORN,PaymentsToAcquirePropertyPlantAndEquipment,2019-01-01,2019-03-31,18700000,10-Q,2019-04-29,2019,Q1
MORN,PaymentsToAcquirePropertyPlantAndEquipment,2020-01-01,2020-03-31,15100000,10-Q,2020-05-01,2020,Q1
MORN,PaymentsToAcquirePropertyPlantAndEquipment,2021-01-01,2021-03-31,22700000,10-Q,2021-04-30,2021,Q1
MORN,PaymentsToAcquirePropertyPlantAndEquipment,2022-01-01,2022-03-31,28000000,10-Q,2022-04-29,2022,Q1
MORN,PaymentsToAcquirePropertyPlantAndEquipment,2023-01-01,2023-03-31,29500000,10-Q,2023-04-28,2023,Q1
MORN,PaymentsToAcquirePropertyPlantAndEquipment,2024-01-01,2024-03-31,34100000,10-Q,2024-04-26,2024,Q1
MORN,PaymentsToAcquirePropertyPlantAndEquipment,2025-01-01,2025-03-31,32200000,10-Q,2025-05-01,2025,Q1
MORN,PaymentsToAcquirePropertyPlantAndEquipment,2026-01-01,2026-03-31,37900000,10-Q,2026-04-29,2026,Q1
MPLX,PaymentsToAcquirePropertyPlantAndEquipment,2013-01-01,2013-03-31,9200000,10-Q,2013-05-09,2013,Q1
MPLX,PaymentsToAcquirePropertyPlantAndEquipment,2014-01-01,2014-03-31,5100000,10-Q,2014-05-05,2014,Q1
MPLX,PaymentsToAcquirePropertyPlantAndEquipment,2015-01-01,2015-03-31,29700000,10-Q,2015-05-04,2015,Q1
MPLX,PaymentsToAcquirePropertyPlantAndEquipment,2015-04-01,2015-06-30,35000000,10-Q,2016-08-03,2016,Q2
MPLX,PaymentsToAcquirePropertyPlantAndEquipment,2015-07-01,2015-09-30,59000000,10-Q,2016-10-31,2016,Q3
MPLX,PaymentsToAcquirePropertyPlantAndEquipment,2016-01-01,2016-03-31,291000000,10-Q,2016-05-02,2016,Q1
MPLX,PaymentsToAcquirePropertyPlantAndEquipment,2016-04-01,2016-06-30,278000000,10-Q,2016-08-03,2016,Q2
MPLX,PaymentsToAcquirePropertyPlantAndEquipment,2016-07-01,2016-09-30,305000000,10-Q,2016-10-31,2016,Q3
MPLX,PaymentsToAcquirePropertyPlantAndEquipment,2017-01-01,2017-03-31,280000000,10-Q,2017-05-01,2017,Q1
MPLX,PaymentsToAcquirePropertyPlantAndEquipment,2017-04-01,2017-06-30,372000000,10-Q,2017-08-03,2017,Q2
MPLX,PaymentsToAcquirePropertyPlantAndEquipment,2017-07-01,2017-09-30,352000000,10-Q,2017-10-30,2017,Q3
MPLX,PaymentsToAcquirePropertyPlantAndEquipment,2018-01-01,2018-03-31,455000000,10-Q,2018-04-30,2018,Q1
MPLX,PaymentsToAcquirePropertyPlantAndEquipment,2019-01-01,2019-03-31,457000000,10-Q,2019-05-09,2019,Q1
MPLX,PaymentsToAcquirePropertyPlantAndEquipment,2020-01-01,2020-03-31,379000000,10-Q,2020-05-07,2020,Q1
MPLX,PaymentsToAcquirePropertyPlantAndEquipment,2021-01-01,2021-03-31,126000000,10-Q,2021-05-06,2021,Q1
MPLX,PaymentsToAcquirePropertyPlantAndEquipment,2022-01-01,2022-03-31,169000000,10-Q,2022-05-03,2022,Q1
MPLX,PaymentsToAcquirePropertyPlantAndEquipment,2023-01-01,2023-03-31,169000000,10-Q,2023-05-02,2023,Q1
MPLX,PaymentsToAcquirePropertyPlantAndEquipment,2024-01-01,2024-03-31,255000000,10-Q,2024-04-30,2024,Q1
MPLX,PaymentsToAcquirePropertyPlantAndEquipment,2025-01-01,2025-03-31,267000000,10-Q,2025-05-06,2025,Q1
MPLX,PaymentsToAcquirePropertyPlantAndEquipment,2026-01-01,2026-03-31,575000000,10-Q,2026-05-05,2026,Q1
MQ,PaymentsToAcquirePropertyPlantAndEquipment,2021-01-01,2021-03-31,604000,10-Q,2022-05-11,2022,Q1
MQ,PaymentsToAcquirePropertyPlantAndEquipment,2022-01-01,2022-03-31,612000,10-Q,2022-05-11,2022,Q1
MQ,PaymentsToAcquirePropertyPlantAndEquipment,2023-01-01,2023-03-31,577000,10-Q,2023-05-09,2023,Q1
MQ,PaymentsToAcquirePropertyPlantAndEquipment,2024-01-01,2024-03-31,1191000,10-Q,2024-05-07,2024,Q1
MQ,PaymentsToAcquirePropertyPlantAndEquipment,2025-01-01,2025-03-31,1266000,10-Q,2025-05-07,2025,Q1
MQ,PaymentsToAcquirePropertyPlantAndEquipment,2026-01-01,2026-03-31,1279000,10-Q,2026-05-05,2026,Q1
MRAI,PaymentsToAcquirePropertyPlantAndEquipment,2021-01-01,2021-03-31,9355,10-Q,2022-05-11,2022,Q1
MRAI,PaymentsToAcquirePropertyPlantAndEquipment,2022-01-01,2022-03-31,101051,10-Q,2022-05-11,2022,Q1
MRCY,PaymentsToAcquirePropertyPlantAndEquipment,2010-07-01,2010-09-30,1595000,10-Q,2011-11-04,2012,Q1
MRCY,PaymentsToAcquirePropertyPlantAndEquipment,2011-07-01,2011-09-30,1646000,10-Q,2011-11-04,2012,Q1
MRCY,PaymentsToAcquirePropertyPlantAndEquipment,2012-07-01,2012-09-30,980000,10-Q,2012-11-05,2013,Q1
MRCY,PaymentsToAcquirePropertyPlantAndEquipment,2013-07-01,2013-09-30,1108000,10-Q,2013-11-07,2014,Q1
MRCY,PaymentsToAcquirePropertyPlantAndEquipment,2014-07-01,2014-09-30,905000,10-Q,2014-11-06,2014,Q1
MRCY,PaymentsToAcquirePropertyPlantAndEquipment,2015-07-01,2015-09-30,1867000,10-Q,2015-11-05,2016,Q1
MRCY,PaymentsToAcquirePropertyPlantAndEquipment,2016-07-01,2016-09-30,6050000,10-Q,2016-11-03,2017,Q1
MRCY,PaymentsToAcquirePropertyPlantAndEquipment,2017-07-01,2017-09-30,3628000,10-Q,2017-11-02,2018,Q1
MRCY,PaymentsToAcquirePropertyPlantAndEquipment,2018-07-01,2018-09-30,3727000,10-Q,2018-11-08,2019,Q1
MRCY,PaymentsToAcquirePropertyPlantAndEquipment,2019-07-01,2019-09-27,9595000,10-Q,2019-11-05,2020,Q1
MRCY,PaymentsToAcquirePropertyPlantAndEquipment,2020-07-04,2020-10-02,10978000,10-Q,2020-11-10,2021,Q1
MRCY,PaymentsToAcquirePropertyPlantAndEquipment,2021-07-03,2021-10-01,5377000,10-Q,2021-11-09,2022,Q1
MRCY,PaymentsToAcquirePropertyPlantAndEquipment,2022-07-02,2022-09-30,7328000,10-Q,2022-11-08,2023,Q1
MRCY,PaymentsToAcquirePropertyPlantAndEquipment,2023-07-01,2023-09-29,8015000,10-Q,2023-11-07,2024,Q1
MRCY,PaymentsToAcquirePropertyPlantAndEquipment,2024-06-29,2024-09-27,6236000,10-Q,2024-11-05,2025,Q1
MRCY,PaymentsToAcquirePropertyPlantAndEquipment,2025-06-28,2025-09-26,6548000,10-Q,2025-11-04,2026,Q1
MRSH,PaymentsToAcquirePropertyPlantAndEquipment,2009-01-01,2009-03-31,69000000,10-Q,2010-05-07,2010,Q1
MRSH,PaymentsToAcquirePropertyPlantAndEquipment,2010-01-01,2010-03-31,80000000,10-Q,2010-05-07,2010,Q1
MRSH,PaymentsToAcquirePropertyPlantAndEquipment,2011-01-01,2011-03-31,67000000,10-Q,2011-05-06,2011,Q1
MRSH,PaymentsToAcquirePropertyPlantAndEquipment,2012-01-01,2012-03-31,51000000,10-Q,2012-05-08,2012,Q1
MRSH,PaymentsToAcquirePropertyPlantAndEquipment,2013-01-01,2013-03-31,88000000,10-Q,2013-05-09,2013,Q1
MRSH,PaymentsToAcquirePropertyPlantAndEquipment,2014-01-01,2014-03-31,99000000,10-Q,2014-05-08,2014,Q1
MRSH,PaymentsToAcquirePropertyPlantAndEquipment,2015-01-01,2015-03-31,91000000,10-Q,2015-05-04,2015,Q1
MRSH,PaymentsToAcquirePropertyPlantAndEquipment,2016-01-01,2016-03-31,51000000,10-Q,2016-05-02,2016,Q1
MRSH,PaymentsToAcquirePropertyPlantAndEquipment,2017-01-01,2017-03-31,62000000,10-Q,2017-04-28,2017,Q1
MRSH,PaymentsToAcquirePropertyPlantAndEquipment,2018-01-01,2018-03-31,58000000,10-Q,2018-04-27,2018,Q1
MRSH,PaymentsToAcquirePropertyPlantAndEquipment,2019-01-01,2019-03-31,73000000,10-Q,2019-04-26,2019,Q1
MRSH,PaymentsToAcquirePropertyPlantAndEquipment,2020-01-01,2020-03-31,118000000,10-Q,2020-05-01,2020,Q1
MRSH,PaymentsToAcquirePropertyPlantAndEquipment,2021-01-01,2021-03-31,69000000,10-Q,2021-04-27,2021,Q1
MRSH,PaymentsToAcquirePropertyPlantAndEquipment,2022-01-01,2022-03-31,122000000,10-Q,2022-04-21,2022,Q1
MRSH,PaymentsToAcquirePropertyPlantAndEquipment,2023-01-01,2023-03-31,84000000,10-Q,2023-04-20,2023,Q1
MRSH,PaymentsToAcquirePropertyPlantAndEquipment,2024-01-01,2024-03-31,87000000,10-Q,2024-04-18,2024,Q1
MRSH,PaymentsToAcquirePropertyPlantAndEquipment,2025-01-01,2025-03-31,55000000,10-Q,2025-04-17,2025,Q1
MRSH,PaymentsToAcquirePropertyPlantAndEquipment,2026-01-01,2026-03-31,62000000,10-Q,2026-04-16,2026,Q1
MSCI,PaymentsToAcquirePropertyPlantAndEquipment,2009-12-01,2010-02-28,3285000,10-Q,2011-05-06,2011,Q1
MSCI,PaymentsToAcquirePropertyPlantAndEquipment,2011-01-01,2011-03-31,3835000,10-Q,2011-05-06,2011,Q1
MSCI,PaymentsToAcquirePropertyPlantAndEquipment,2012-01-01,2012-03-31,4292000,10-Q,2012-05-04,2012,Q1
MSCI,PaymentsToAcquirePropertyPlantAndEquipment,2013-01-01,2013-03-31,4800000,10-Q,2013-05-10,2013,Q1
MSCI,PaymentsToAcquirePropertyPlantAndEquipment,2014-01-01,2014-03-31,8501000,10-Q,2014-05-02,2014,Q1
MSCI,PaymentsToAcquirePropertyPlantAndEquipment,2015-01-01,2015-03-31,4934000,10-Q,2015-05-01,2015,Q1
MSCI,PaymentsToAcquirePropertyPlantAndEquipment,2016-01-01,2016-03-31,3135000,10-Q,2016-04-29,2016,Q1
MSCI,PaymentsToAcquirePropertyPlantAndEquipment,2017-01-01,2017-03-31,7322000,10-Q,2017-05-05,2017,Q1
MSCI,PaymentsToAcquirePropertyPlantAndEquipment,2018-01-01,2018-03-31,1512000,10-Q,2018-05-04,2018,Q1
MSCI,PaymentsToAcquirePropertyPlantAndEquipment,2019-01-01,2019-03-31,3156000,10-Q,2019-05-03,2019,Q1
MSCI,PaymentsToAcquirePropertyPlantAndEquipment,2020-01-01,2020-03-31,3613000,10-Q,2020-04-29,2020,Q1
MSCI,PaymentsToAcquirePropertyPlantAndEquipment,2021-01-01,2021-03-31,664000,10-Q,2021-04-28,2021,Q1
MSCI,PaymentsToAcquirePropertyPlantAndEquipment,2022-01-01,2022-03-31,1254000,10-Q,2022-04-26,2022,Q1
MSCI,PaymentsToAcquirePropertyPlantAndEquipment,2023-01-01,2023-03-31,6225000,10-Q,2023-04-25,2023,Q1
MSCI,PaymentsToAcquirePropertyPlantAndEquipment,2024-01-01,2024-03-31,4271000,10-Q,2024-04-23,2024,Q1
MSCI,PaymentsToAcquirePropertyPlantAndEquipment,2025-01-01,2025-03-31,11500000,10-Q,2025-04-22,2025,Q1
MSCI,PaymentsToAcquirePropertyPlantAndEquipment,2026-01-01,2026-03-31,2800000,10-Q,2026-04-21,2026,Q1
MSFT,PaymentsToAcquirePropertyPlantAndEquipment,2008-07-01,2008-09-30,778000000,10-Q,2009-10-23,2010,Q1
MSFT,PaymentsToAcquirePropertyPlantAndEquipment,2008-10-01,2008-12-31,842000000,10-Q,2010-01-28,2010,Q2
MSFT,PaymentsToAcquirePropertyPlantAndEquipment,2009-01-01,2009-03-31,632000000,10-Q,2010-04-22,2010,Q3
MSFT,PaymentsToAcquirePropertyPlantAndEquipment,2009-07-01,2009-09-30,435000000,10-Q,2009-10-23,2010,Q1
MSFT,PaymentsToAcquirePropertyPlantAndEquipment,2009-10-01,2009-12-31,376000000,10-Q,2010-01-28,2010,Q2
MSFT,PaymentsToAcquirePropertyPlantAndEquipment,2010-01-01,2010-03-31,408000000,10-Q,2010-04-22,2010,Q3
MSFT,PaymentsToAcquirePropertyPlantAndEquipment,2010-07-01,2010-09-30,564000000,10-Q,2010-10-28,2011,Q1
MSFT,PaymentsToAcquirePropertyPlantAndEquipment,2010-10-01,2010-12-31,491000000,10-Q,2011-01-27,2011,Q2
MSFT,PaymentsToAcquirePropertyPlantAndEquipment,2011-01-01,2011-03-31,658000000,10-Q,2011-04-28,2011,Q3
MSFT,PaymentsToAcquirePropertyPlantAndEquipment,2011-07-01,2011-09-30,436000000,10-Q,2011-10-20,2012,Q1
MSFT,PaymentsToAcquirePropertyPlantAndEquipment,2011-10-01,2011-12-31,498000000,10-Q/A,2012-01-27,2012,Q2
MSFT,PaymentsToAcquirePropertyPlantAndEquipment,2012-01-01,2012-03-31,749000000,10-Q,2012-04-19,2012,Q3
MSFT,PaymentsToAcquirePropertyPlantAndEquipment,2012-07-01,2012-09-30,603000000,10-Q,2012-10-18,2013,Q1
MSFT,PaymentsToAcquirePropertyPlantAndEquipment,2012-10-01,2012-12-31,930000000,10-Q,2013-01-24,2013,Q2
MSFT,PaymentsToAcquirePropertyPlantAndEquipment,2013-01-01,2013-03-31,930000000,10-Q,2013-04-18,2013,Q3
MSFT,PaymentsToAcquirePropertyPlantAndEquipment,2013-07-01,2013-09-30,1231000000,10-Q,2013-10-24,2014,Q1
MSFT,PaymentsToAcquirePropertyPlantAndEquipment,2013-10-01,2013-12-31,1732000000,10-Q,2014-01-23,2014,Q2
MSFT,PaymentsToAcquirePropertyPlantAndEquipment,2014-01-01,2014-03-31,1192000000,10-Q,2014-04-24,2014,Q3
MSFT,PaymentsToAcquirePropertyPlantAndEquipment,2014-07-01,2014-09-30,1282000000,10-Q,2014-10-23,2015,Q1
MSFT,PaymentsToAcquirePropertyPlantAndEquipment,2014-10-01,2014-12-31,1490000000,10-Q,2015-01-26,2015,Q2
MSFT,PaymentsToAcquirePropertyPlantAndEquipment,2015-01-01,2015-03-31,1391000000,10-Q,2015-04-23,2015,Q3
MSFT,PaymentsToAcquirePropertyPlantAndEquipment,2015-07-01,2015-09-30,1356000000,10-Q,2015-10-22,2016,Q1
MSFT,PaymentsToAcquirePropertyPlantAndEquipment,2015-10-01,2015-12-31,2024000000,10-Q,2016-01-28,2016,Q2
MSFT,PaymentsToAcquirePropertyPlantAndEquipment,2016-01-01,2016-03-31,2308000000,10-Q,2016-04-21,2016,Q3
MSFT,PaymentsToAcquirePropertyPlantAndEquipment,2016-07-01,2016-09-30,2163000000,10-Q,2016-10-20,2017,Q1
MSFT,PaymentsToAcquirePropertyPlantAndEquipment,2016-10-01,2016-12-31,1988000000,10-Q,2017-01-26,2017,Q2
MSFT,PaymentsToAcquirePropertyPlantAndEquipment,2017-01-01,2017-03-31,1695000000,10-Q,2017-04-27,2017,Q3
MSFT,PaymentsToAcquirePropertyPlantAndEquipment,2017-07-01,2017-09-30,2132000000,10-Q,2017-10-26,2018,Q1
MSFT,PaymentsToAcquirePropertyPlantAndEquipment,2017-10-01,2017-12-31,2586000000,10-Q,2018-01-31,2018,Q2
MSFT,PaymentsToAcquirePropertyPlantAndEquipment,2018-01-01,2018-03-31,2934000000,10-Q,2018-04-26,2018,Q3
MSFT,PaymentsToAcquirePropertyPlantAndEquipment,2018-07-01,2018-09-30,3602000000,10-Q,2018-10-24,2019,Q1
MSFT,PaymentsToAcquirePropertyPlantAndEquipment,2018-10-01,2018-12-31,3707000000,10-Q,2019-01-30,2019,Q2
MSFT,PaymentsToAcquirePropertyPlantAndEquipment,2019-01-01,2019-03-31,2565000000,10-Q,2019-04-24,2019,Q3
MSFT,PaymentsToAcquirePropertyPlantAndEquipment,2019-07-01,2019-09-30,3385000000,10-Q,2019-10-23,2020,Q1
MSFT,PaymentsToAcquirePropertyPlantAndEquipment,2019-10-01,2019-12-31,3545000000,10-Q,2020-01-29,2020,Q2
MSFT,PaymentsToAcquirePropertyPlantAndEquipment,2020-01-01,2020-03-31,3767000000,10-Q,2020-04-29,2020,Q3
MSFT,PaymentsToAcquirePropertyPlantAndEquipment,2020-07-01,2020-09-30,4907000000,10-Q,2020-10-27,2021,Q1
MSFT,PaymentsToAcquirePropertyPlantAndEquipment,2020-10-01,2020-12-31,4174000000,10-Q,2021-01-26,2021,Q2
MSFT,PaymentsToAcquirePropertyPlantAndEquipment,2021-01-01,2021-03-31,5089000000,10-Q,2021-04-27,2021,Q3
MSFT,PaymentsToAcquirePropertyPlantAndEquipment,2021-07-01,2021-09-30,5810000000,10-Q,2021-10-26,2022,Q1
MSFT,PaymentsToAcquirePropertyPlantAndEquipment,2021-10-01,2021-12-31,5865000000,10-Q,2022-01-25,2022,Q2
MSFT,PaymentsToAcquirePropertyPlantAndEquipment,2022-01-01,2022-03-31,5340000000,10-Q,2022-04-26,2022,Q3
MSFT,PaymentsToAcquirePropertyPlantAndEquipment,2022-07-01,2022-09-30,6283000000,10-Q,2022-10-25,2023,Q1
MSFT,PaymentsToAcquirePropertyPlantAndEquipment,2022-10-01,2022-12-31,6274000000,10-Q,2023-01-24,2023,Q2
MSFT,PaymentsToAcquirePropertyPlantAndEquipment,2023-01-01,2023-03-31,6607000000,10-Q,2023-04-25,2023,Q3
MSFT,PaymentsToAcquirePropertyPlantAndEquipment,2023-07-01,2023-09-30,9917000000,10-Q,2023-10-24,2024,Q1
MSFT,PaymentsToAcquirePropertyPlantAndEquipment,2023-10-01,2023-12-31,9735000000,10-Q,2024-01-30,2024,Q2
MSFT,PaymentsToAcquirePropertyPlantAndEquipment,2024-01-01,2024-03-31,10952000000,10-Q,2024-04-25,2024,Q3
MSFT,PaymentsToAcquirePropertyPlantAndEquipment,2024-07-01,2024-09-30,14923000000,10-Q,2024-10-30,2025,Q1
MSFT,PaymentsToAcquirePropertyPlantAndEquipment,2024-10-01,2024-12-31,15804000000,10-Q,2025-01-29,2025,Q2
MSFT,PaymentsToAcquirePropertyPlantAndEquipment,2025-01-01,2025-03-31,16745000000,10-Q,2025-04-30,2025,Q3
MSFT,PaymentsToAcquirePropertyPlantAndEquipment,2025-07-01,2025-09-30,19394000000,10-Q,2025-10-29,2026,Q1
MSFT,PaymentsToAcquirePropertyPlantAndEquipment,2025-10-01,2025-12-31,29876000000,10-Q,2026-01-28,2026,Q2
MSFT,PaymentsToAcquirePropertyPlantAndEquipment,2026-01-01,2026-03-31,30876000000,10-Q,2026-04-29,2026,Q3
MSGS,PaymentsToAcquirePropertyPlantAndEquipment,2014-07-01,2014-09-30,6986000,10-Q,2015-11-05,2016,Q1
MSGS,PaymentsToAcquirePropertyPlantAndEquipment,2014-10-01,2014-12-31,31348000,10-Q,2016-02-04,2016,Q2
MSGS,PaymentsToAcquirePropertyPlantAndEquipment,2015-01-01,2015-03-31,17393000,10-Q,2016-05-06,2016,Q3
MSGS,PaymentsToAcquirePropertyPlantAndEquipment,2015-07-01,2015-09-30,52282000,10-Q,2015-11-05,2016,Q1
MSGS,PaymentsToAcquirePropertyPlantAndEquipment,2015-10-01,2015-12-31,7399000,10-Q,2016-02-04,2016,Q2
MSGS,PaymentsToAcquirePropertyPlantAndEquipment,2016-01-01,2016-03-31,4348000,10-Q,2016-05-06,2016,Q3
MSGS,PaymentsToAcquirePropertyPlantAndEquipment,2016-07-01,2016-09-30,8342000,10-Q,2016-11-04,2017,Q1
MSGS,PaymentsToAcquirePropertyPlantAndEquipment,2016-10-01,2016-12-31,13424000,10-Q,2017-02-03,2017,Q2
MSGS,PaymentsToAcquirePropertyPlantAndEquipment,2017-01-01,2017-03-31,9996000,10-Q,2017-05-04,2017,Q3
MSGS,PaymentsToAcquirePropertyPlantAndEquipment,2017-07-01,2017-09-30,19539000,10-Q,2017-11-03,2018,Q1
MSGS,PaymentsToAcquirePropertyPlantAndEquipment,2017-10-01,2017-12-31,108145000,10-Q,2018-02-08,2018,Q2
MSGS,PaymentsToAcquirePropertyPlantAndEquipment,2018-01-01,2018-03-31,31429000,10-Q,2018-05-02,2018,Q3
MSGS,PaymentsToAcquirePropertyPlantAndEquipment,2018-07-01,2018-09-30,42015000,10-Q,2018-11-01,2019,Q1
MSGS,PaymentsToAcquirePropertyPlantAndEquipment,2018-10-01,2018-12-31,39038000,10-Q,2019-02-01,2019,Q2
MSGS,PaymentsToAcquirePropertyPlantAndEquipment,2019-01-01,2019-03-31,36169000,10-Q,2019-05-08,2019,Q3
MSGS,PaymentsToAcquirePropertyPlantAndEquipment,2019-07-01,2019-09-30,92986000,10-Q,2019-11-08,2020,Q1
MSGS,PaymentsToAcquirePropertyPlantAndEquipment,2019-10-01,2019-12-31,128349000,10-Q,2020-02-07,2020,Q2
MSGS,PaymentsToAcquirePropertyPlantAndEquipment,2020-01-01,2020-03-31,120908000,10-Q,2020-05-11,2020,Q3
MSGS,PaymentsToAcquirePropertyPlantAndEquipment,2020-07-01,2020-09-30,80000,10-Q,2020-11-09,2021,Q1
MSGS,PaymentsToAcquirePropertyPlantAndEquipment,2021-07-01,2021-09-30,181000,10-Q,2021-11-09,2022,Q1
MSGS,PaymentsToAcquirePropertyPlantAndEquipment,2022-07-01,2022-09-30,271000,10-Q,2022-10-27,2023,Q1
MSGS,PaymentsToAcquirePropertyPlantAndEquipment,2023-07-01,2023-09-30,391000,10-Q,2023-11-02,2024,Q1
MSGS,PaymentsToAcquirePropertyPlantAndEquipment,2024-07-01,2024-09-30,359000,10-Q,2024-11-01,2025,Q1
MSGS,PaymentsToAcquirePropertyPlantAndEquipment,2025-07-01,2025-09-30,371000,10-Q,2025-10-31,2026,Q1
MSTR,PaymentsToAcquirePropertyPlantAndEquipment,2011-01-01,2011-03-31,4326000,10-Q,2012-05-04,2012,Q1
MSTR,PaymentsToAcquirePropertyPlantAndEquipment,2012-01-01,2012-03-31,13452000,10-Q,2012-05-04,2012,Q1
MSTR,PaymentsToAcquirePropertyPlantAndEquipment,2013-01-01,2013-03-31,5497000,10-Q,2013-05-03,2013,Q1
MSTR,PaymentsToAcquirePropertyPlantAndEquipment,2014-01-01,2014-03-31,1676000,10-Q,2014-04-29,2014,Q1
MSTR,PaymentsToAcquirePropertyPlantAndEquipment,2015-01-01,2015-03-31,1535000,10-Q,2015-04-30,2015,Q1
MSTR,PaymentsToAcquirePropertyPlantAndEquipment,2016-01-01,2016-03-31,193000,10-Q,2016-04-27,2016,Q1
MSTR,PaymentsToAcquirePropertyPlantAndEquipment,2017-01-01,2017-03-31,820000,10-Q,2017-04-27,2017,Q1
MSTR,PaymentsToAcquirePropertyPlantAndEquipment,2018-01-01,2018-03-31,1294000,10-Q,2018-04-26,2018,Q1
MSTR,PaymentsToAcquirePropertyPlantAndEquipment,2019-01-01,2019-03-31,6011000,10-Q,2019-04-30,2019,Q1
MSTR,PaymentsToAcquirePropertyPlantAndEquipment,2020-01-01,2020-03-31,661000,10-Q,2020-04-28,2020,Q1
MSTR,PaymentsToAcquirePropertyPlantAndEquipment,2021-01-01,2021-03-31,447000,10-Q,2021-04-29,2021,Q1
MSTR,PaymentsToAcquirePropertyPlantAndEquipment,2022-01-01,2022-03-31,641000,10-Q,2022-05-03,2022,Q1
MSTR,PaymentsToAcquirePropertyPlantAndEquipment,2023-01-01,2023-03-31,499000,10-Q,2023-05-01,2023,Q1
MSTR,PaymentsToAcquirePropertyPlantAndEquipment,2024-01-01,2024-03-31,1545000,10-Q,2024-05-01,2024,Q1
MSTR,PaymentsToAcquirePropertyPlantAndEquipment,2025-01-01,2025-03-31,2737000,10-Q,2025-05-05,2025,Q1
MSTR,PaymentsToAcquirePropertyPlantAndEquipment,2026-01-01,2026-03-31,952000,10-Q,2026-05-06,2026,Q1
MTRN,PaymentsToAcquirePropertyPlantAndEquipment,2011-01-01,2011-04-01,3869000,10-Q,2012-05-01,2012,Q1
MTRN,PaymentsToAcquirePropertyPlantAndEquipment,2012-01-01,2012-03-30,9282000,10-Q,2012-05-01,2012,Q1
MTRN,PaymentsToAcquirePropertyPlantAndEquipment,2013-01-01,2013-03-29,5781000,10-Q,2013-04-30,2013,Q1
MTRN,PaymentsToAcquirePropertyPlantAndEquipment,2014-01-01,2014-03-28,6120000,10-Q,2014-05-01,2014,Q1
MTRN,PaymentsToAcquirePropertyPlantAndEquipment,2015-01-01,2015-04-03,7196000,10-Q,2015-05-01,2015,Q1
MTRN,PaymentsToAcquirePropertyPlantAndEquipment,2016-01-01,2016-04-01,5714000,10-Q,2016-04-29,2016,Q1
MTRN,PaymentsToAcquirePropertyPlantAndEquipment,2017-01-01,2017-03-31,6128000,10-Q,2017-04-28,2017,Q1
MTRN,PaymentsToAcquirePropertyPlantAndEquipment,2018-01-01,2018-03-30,7867000,10-Q,2018-04-26,2018,Q1
MTRN,PaymentsToAcquirePropertyPlantAndEquipment,2019-01-01,2019-03-29,8027000,10-Q,2019-05-02,2019,Q1
MTRN,PaymentsToAcquirePropertyPlantAndEquipment,2020-01-01,2020-03-27,14789000,10-Q,2020-04-23,2020,Q1
MTRN,PaymentsToAcquirePropertyPlantAndEquipment,2021-01-01,2021-04-02,31250000,10-Q,2021-04-29,2021,Q1
MTRN,PaymentsToAcquirePropertyPlantAndEquipment,2022-01-01,2022-04-01,18977000,10-Q,2022-04-28,2022,Q1
MTRN,PaymentsToAcquirePropertyPlantAndEquipment,2023-01-01,2023-03-31,30014000,10-Q,2023-05-03,2023,Q1
MTRN,PaymentsToAcquirePropertyPlantAndEquipment,2024-01-01,2024-03-29,21314000,10-Q,2024-05-02,2024,Q1
MTRN,PaymentsToAcquirePropertyPlantAndEquipment,2025-01-01,2025-03-28,12321000,10-Q,2025-05-01,2025,Q1
MTRN,PaymentsToAcquirePropertyPlantAndEquipment,2026-01-01,2026-04-03,15289000,10-Q,2026-04-29,2026,Q1
MTRX,PaymentsToAcquirePropertyPlantAndEquipment,2010-07-01,2010-09-30,2259000,10-Q,2011-11-08,2012,Q1
MTRX,PaymentsToAcquirePropertyPlantAndEquipment,2011-07-01,2011-09-30,2988000,10-Q,2011-11-08,2012,Q1
MTRX,PaymentsToAcquirePropertyPlantAndEquipment,2012-07-01,2012-09-30,5092000,10-Q,2012-11-09,2013,Q1
MTRX,PaymentsToAcquirePropertyPlantAndEquipment,2013-07-01,2013-09-30,5763000,10-Q,2013-11-08,2014,Q1
MTRX,PaymentsToAcquirePropertyPlantAndEquipment,2014-07-01,2014-09-30,3656000,10-Q,2014-11-06,2015,Q1
MTRX,PaymentsToAcquirePropertyPlantAndEquipment,2015-07-01,2015-09-30,3941000,10-Q,2015-11-05,2016,Q1
MTRX,PaymentsToAcquirePropertyPlantAndEquipment,2016-07-01,2016-09-30,1826000,10-Q,2016-11-07,2017,Q1
MTRX,PaymentsToAcquirePropertyPlantAndEquipment,2017-07-01,2017-09-30,1878000,10-Q,2017-11-07,2018,Q1
MTRX,PaymentsToAcquirePropertyPlantAndEquipment,2018-07-01,2018-09-30,2482000,10-Q,2018-11-08,2019,Q1
MTRX,PaymentsToAcquirePropertyPlantAndEquipment,2019-07-01,2019-09-30,8684000,10-Q,2019-11-07,2020,Q1
MTRX,PaymentsToAcquirePropertyPlantAndEquipment,2020-07-01,2020-09-30,2777000,10-Q,2020-11-05,2021,Q1
MTRX,PaymentsToAcquirePropertyPlantAndEquipment,2021-07-01,2021-09-30,219000,10-Q,2021-11-09,2022,Q1
MTRX,PaymentsToAcquirePropertyPlantAndEquipment,2022-07-01,2022-09-30,1578000,10-Q,2022-11-09,2023,Q1
MTRX,PaymentsToAcquirePropertyPlantAndEquipment,2023-07-01,2023-09-30,478000,10-Q,2023-11-09,2024,Q1
MTRX,PaymentsToAcquirePropertyPlantAndEquipment,2024-07-01,2024-09-30,1944000,10-Q,2024-11-07,2025,Q1
MTRX,PaymentsToAcquirePropertyPlantAndEquipment,2025-07-01,2025-09-30,2011000,10-Q,2025-11-06,2026,Q1
MTZ,PaymentsToAcquirePropertyPlantAndEquipment,2011-01-01,2011-03-31,14620000,10-Q,2012-05-03,2012,Q1
MTZ,PaymentsToAcquirePropertyPlantAndEquipment,2012-01-01,2012-03-31,14097000,10-Q,2012-05-03,2012,Q1
MU,PaymentsToAcquirePropertyPlantAndEquipment,2008-08-29,2008-12-04,270000000,10-Q,2010-01-12,2010,Q1
MU,PaymentsToAcquirePropertyPlantAndEquipment,2009-09-04,2009-12-03,62000000,10-Q,2010-01-12,2010,Q1
MU,PaymentsToAcquirePropertyPlantAndEquipment,2010-09-03,2010-12-02,465000000,10-Q,2011-01-11,2011,Q1
MU,PaymentsToAcquirePropertyPlantAndEquipment,2011-09-02,2011-12-01,697000000,10-Q,2012-01-10,2012,Q1
MU,PaymentsToAcquirePropertyPlantAndEquipment,2012-08-31,2012-11-29,434000000,10-Q,2013-01-07,2013,Q1
MU,PaymentsToAcquirePropertyPlantAndEquipment,2013-08-30,2013-11-28,526000000,10-Q,2014-01-07,2014,Q1
MU,PaymentsToAcquirePropertyPlantAndEquipment,2014-08-29,2014-12-04,669000000,10-Q,2015-01-09,2015,Q1
MU,PaymentsToAcquirePropertyPlantAndEquipment,2015-09-04,2015-12-03,990000000,10-Q,2016-01-08,2016,Q1
MU,PaymentsToAcquirePropertyPlantAndEquipment,2016-09-02,2016-12-01,1264000000,10-Q,2017-01-09,2017,Q1
MU,PaymentsToAcquirePropertyPlantAndEquipment,2017-09-01,2017-11-30,1956000000,10-Q,2017-12-20,2018,Q1
MU,PaymentsToAcquirePropertyPlantAndEquipment,2018-08-31,2018-11-29,2700000000,10-Q,2018-12-19,2019,Q1
MU,PaymentsToAcquirePropertyPlantAndEquipment,2019-08-30,2019-11-28,1943000000,10-Q,2019-12-20,2020,Q1
MU,PaymentsToAcquirePropertyPlantAndEquipment,2020-09-04,2020-12-03,2738000000,10-Q,2021-01-08,2021,Q1
MU,PaymentsToAcquirePropertyPlantAndEquipment,2021-09-03,2021-12-02,3265000000,10-Q,2022-01-06,2022,Q1
MU,PaymentsToAcquirePropertyPlantAndEquipment,2022-09-02,2022-12-01,2449000000,10-Q,2022-12-22,2023,Q1
MU,PaymentsToAcquirePropertyPlantAndEquipment,2023-09-01,2023-11-30,1796000000,10-Q,2023-12-21,2024,Q1
MU,PaymentsToAcquirePropertyPlantAndEquipment,2024-08-30,2024-11-28,3206000000,10-Q,2024-12-19,2025,Q1
MU,PaymentsToAcquirePropertyPlantAndEquipment,2025-08-29,2025-11-27,5389000000,10-Q,2025-12-18,2026,Q1
MXCT,PaymentsToAcquirePropertyPlantAndEquipment,2021-01-01,2021-03-31,308500,10-Q,2022-05-09,2022,Q1
MXCT,PaymentsToAcquirePropertyPlantAndEquipment,2022-01-01,2022-03-31,5999500,10-Q,2022-05-09,2022,Q1
MXCT,PaymentsToAcquirePropertyPlantAndEquipment,2023-01-01,2023-03-31,1558000,10-Q,2023-05-10,2023,Q1
MXCT,PaymentsToAcquirePropertyPlantAndEquipment,2024-01-01,2024-03-31,804000,10-Q,2024-05-07,2024,Q1
MXCT,PaymentsToAcquirePropertyPlantAndEquipment,2025-01-01,2025-03-31,653000,10-Q,2025-05-08,2025,Q1
MXCT,PaymentsToAcquirePropertyPlantAndEquipment,2026-01-01,2026-03-31,72000,10-Q,2026-05-13,2026,Q1
MYRG,PaymentsToAcquirePropertyPlantAndEquipment,2010-04-01,2010-06-30,5750000,10-Q,2011-08-09,2011,Q2
MYRG,PaymentsToAcquirePropertyPlantAndEquipment,2010-07-01,2010-09-30,4950000,10-Q,2011-11-08,2011,Q3
MYRG,PaymentsToAcquirePropertyPlantAndEquipment,2011-01-01,2011-03-31,12223000,10-Q,2012-05-09,2012,Q1
MYRG,PaymentsToAcquirePropertyPlantAndEquipment,2011-04-01,2011-06-30,10601000,10-Q,2011-08-09,2011,Q2
MYRG,PaymentsToAcquirePropertyPlantAndEquipment,2011-07-01,2011-09-30,11338000,10-Q,2011-11-08,2011,Q3
MYRG,PaymentsToAcquirePropertyPlantAndEquipment,2012-01-01,2012-03-31,8330000,10-Q,2012-05-09,2012,Q1
MYRG,PaymentsToAcquirePropertyPlantAndEquipment,2012-04-01,2012-06-30,12099000,10-Q,2012-08-07,2012,Q2
MYRG,PaymentsToAcquirePropertyPlantAndEquipment,2012-07-01,2012-09-30,11665000,10-Q,2012-11-07,2012,Q3
MYRG,PaymentsToAcquirePropertyPlantAndEquipment,2013-01-01,2013-03-31,12458000,10-Q,2013-05-08,2013,Q1
MYRG,PaymentsToAcquirePropertyPlantAndEquipment,2013-04-01,2013-06-30,9460000,10-Q,2013-08-07,2013,Q2
MYRG,PaymentsToAcquirePropertyPlantAndEquipment,2013-07-01,2013-09-30,9622000,10-Q,2013-11-06,2013,Q3
MYRG,PaymentsToAcquirePropertyPlantAndEquipment,2014-01-01,2014-03-31,12441000,10-Q,2014-05-07,2014,Q1
MYRG,PaymentsToAcquirePropertyPlantAndEquipment,2015-01-01,2015-03-31,16362000,10-Q,2015-05-06,2015,Q1
MYRG,PaymentsToAcquirePropertyPlantAndEquipment,2016-01-01,2016-03-31,3769000,10-Q,2016-05-04,2016,Q1
MYRG,PaymentsToAcquirePropertyPlantAndEquipment,2017-01-01,2017-03-31,10002000,10-Q,2017-05-03,2017,Q1
MYRG,PaymentsToAcquirePropertyPlantAndEquipment,2018-01-01,2018-03-31,14497000,10-Q,2018-05-02,2018,Q1
MYRG,PaymentsToAcquirePropertyPlantAndEquipment,2019-01-01,2019-03-31,9911000,10-Q,2019-05-01,2019,Q1
MYRG,PaymentsToAcquirePropertyPlantAndEquipment,2020-01-01,2020-03-31,9138000,10-Q,2020-04-29,2020,Q1
MYRG,PaymentsToAcquirePropertyPlantAndEquipment,2021-01-01,2021-03-31,7031000,10-Q,2021-04-28,2021,Q1
MYRG,PaymentsToAcquirePropertyPlantAndEquipment,2022-01-01,2022-03-31,14037000,10-Q,2022-04-27,2022,Q1
MYRG,PaymentsToAcquirePropertyPlantAndEquipment,2023-01-01,2023-03-31,19615000,10-Q,2023-04-26,2023,Q1
MYRG,PaymentsToAcquirePropertyPlantAndEquipment,2024-01-01,2024-03-31,25783000,10-Q,2024-05-01,2024,Q1
MYRG,PaymentsToAcquirePropertyPlantAndEquipment,2025-01-01,2025-03-31,13066000,10-Q,2025-04-30,2025,Q1
MYRG,PaymentsToAcquirePropertyPlantAndEquipment,2026-01-01,2026-03-31,16132000,10-Q,2026-04-29,2026,Q1
NABL,PaymentsToAcquirePropertyPlantAndEquipment,2021-01-01,2021-03-31,2417000,10-Q,2022-05-12,2022,Q1
NABL,PaymentsToAcquirePropertyPlantAndEquipment,2022-01-01,2022-03-31,2704000,10-Q,2022-05-12,2022,Q1
NABL,PaymentsToAcquirePropertyPlantAndEquipment,2023-01-01,2023-03-31,3404000,10-Q,2023-05-10,2023,Q1
NABL,PaymentsToAcquirePropertyPlantAndEquipment,2024-01-01,2024-03-31,3438000,10-Q,2024-05-09,2024,Q1
NABL,PaymentsToAcquirePropertyPlantAndEquipment,2025-01-01,2025-03-31,3288000,10-Q,2025-05-08,2025,Q1
NABL,PaymentsToAcquirePropertyPlantAndEquipment,2026-01-01,2026-03-31,1687000,10-Q,2026-05-07,2026,Q1
NATH,PaymentsToAcquirePropertyPlantAndEquipment,2010-03-29,2010-06-27,404000,10-Q,2011-08-05,2011,Q1
NATH,PaymentsToAcquirePropertyPlantAndEquipment,2011-03-28,2011-06-26,238000,10-Q,2011-08-05,2011,Q1
NATH,PaymentsToAcquirePropertyPlantAndEquipment,2012-03-26,2012-06-24,92000,10-Q,2012-08-03,2012,Q1
NATH,PaymentsToAcquirePropertyPlantAndEquipment,2013-04-01,2013-06-30,2718000,10-Q,2013-08-09,2013,Q1
NATH,PaymentsToAcquirePropertyPlantAndEquipment,2014-03-31,2014-06-29,220000,10-Q,2014-08-08,2014,Q1
NATH,PaymentsToAcquirePropertyPlantAndEquipment,2015-03-30,2015-06-28,154000,10-Q,2015-08-07,2015,Q1
NATH,PaymentsToAcquirePropertyPlantAndEquipment,2016-03-28,2016-06-26,277000,10-Q,2016-08-05,2016,Q1
NATH,PaymentsToAcquirePropertyPlantAndEquipment,2017-03-27,2017-06-25,204000,10-Q,2017-08-04,2017,Q1
NATH,PaymentsToAcquirePropertyPlantAndEquipment,2018-03-26,2018-06-24,138000,10-Q,2018-08-03,2018,Q1
NATH,PaymentsToAcquirePropertyPlantAndEquipment,2019-04-01,2019-06-30,106000,10-Q,2019-08-09,2020,Q1
NATH,PaymentsToAcquirePropertyPlantAndEquipment,2020-03-30,2020-06-28,237000,10-Q,2020-08-07,2021,Q1
NATH,PaymentsToAcquirePropertyPlantAndEquipment,2021-03-29,2021-06-27,175000,10-Q,2021-08-06,2022,Q1
NATH,PaymentsToAcquirePropertyPlantAndEquipment,2022-03-28,2022-06-26,244000,10-Q,2022-08-05,2023,Q1
NATH,PaymentsToAcquirePropertyPlantAndEquipment,2023-03-27,2023-06-25,73000,10-Q,2023-08-03,2023,Q1
NATH,PaymentsToAcquirePropertyPlantAndEquipment,2024-04-01,2024-06-30,41000,10-Q,2024-08-08,2025,Q1
NATH,PaymentsToAcquirePropertyPlantAndEquipment,2025-03-31,2025-06-29,115000,10-Q,2025-08-08,2026,Q1
NATH,PaymentsToAcquirePropertyPlantAndEquipment,2026-03-30,2026-06-28,67000,10-Q,2026-08-07,2027,Q1
NATL,PaymentsToAcquirePropertyPlantAndEquipment,2023-01-01,2023-03-31,15000000,10-Q,2024-05-14,2024,Q1
NATL,PaymentsToAcquirePropertyPlantAndEquipment,2024-01-01,2024-03-31,24000000,10-Q,2024-05-14,2024,Q1
NATL,PaymentsToAcquirePropertyPlantAndEquipment,2025-01-01,2025-03-31,29000000,10-Q,2025-05-08,2025,Q1
NATL,PaymentsToAcquirePropertyPlantAndEquipment,2026-01-01,2026-03-31,27000000,10-Q,2026-05-07,2026,Q1
NCMI,PaymentsToAcquirePropertyPlantAndEquipment,2010-12-31,2011-03-31,2100000,10-Q,2012-05-04,2012,Q1
NCMI,PaymentsToAcquirePropertyPlantAndEquipment,2011-12-30,2012-03-29,2400000,10-Q,2012-05-04,2012,Q1
NCMI,PaymentsToAcquirePropertyPlantAndEquipment,2012-12-28,2013-03-28,2700000,10-Q,2013-05-03,2013,Q1
NCMI,PaymentsToAcquirePropertyPlantAndEquipment,2013-12-27,2014-03-27,2100000,10-Q,2014-05-06,2014,Q1
NCMI,PaymentsToAcquirePropertyPlantAndEquipment,2015-01-02,2015-04-02,2000000,10-Q,2015-05-12,2015,Q1
NCMI,PaymentsToAcquirePropertyPlantAndEquipment,2016-01-01,2016-03-31,3900000,10-Q,2016-05-05,2016,Q1
NCMI,PaymentsToAcquirePropertyPlantAndEquipment,2016-12-30,2017-03-30,2900000,10-Q,2017-05-05,2017,Q1
NCMI,PaymentsToAcquirePropertyPlantAndEquipment,2017-12-29,2018-03-29,3500000,10-Q,2018-05-08,2018,Q1
NCMI,PaymentsToAcquirePropertyPlantAndEquipment,2018-12-28,2019-03-28,2900000,10-Q,2019-05-07,2019,Q1
NCMI,PaymentsToAcquirePropertyPlantAndEquipment,2019-12-27,2020-03-26,3300000,10-Q,2020-05-05,2020,Q1
NCMI,PaymentsToAcquirePropertyPlantAndEquipment,2021-01-01,2021-04-01,2000000,10-Q,2021-05-10,2021,Q1
NCMI,PaymentsToAcquirePropertyPlantAndEquipment,2021-12-31,2022-03-31,700000,10-Q,2022-05-09,2022,Q1
NCMI,PaymentsToAcquirePropertyPlantAndEquipment,2022-12-30,2023-03-30,1000000,10-Q,2023-05-09,2023,Q1
NCMI,PaymentsToAcquirePropertyPlantAndEquipment,2023-12-29,2024-03-28,1500000,10-Q,2024-05-06,2024,Q1
NCMI,PaymentsToAcquirePropertyPlantAndEquipment,2024-12-27,2025-03-27,700000,10-Q,2025-05-06,2025,Q1
NCMI,PaymentsToAcquirePropertyPlantAndEquipment,2026-01-02,2026-04-02,300000,10-Q,2026-05-12,2026,Q1
NCNO,PaymentsToAcquirePropertyPlantAndEquipment,2021-02-01,2021-04-30,522000,10-Q,2022-06-01,2023,Q1
NCNO,PaymentsToAcquirePropertyPlantAndEquipment,2022-02-01,2022-04-30,4694000,10-Q,2022-06-01,2023,Q1
NCNO,PaymentsToAcquirePropertyPlantAndEquipment,2023-02-01,2023-04-30,1605000,10-Q,2023-05-31,2024,Q1
NCNO,PaymentsToAcquirePropertyPlantAndEquipment,2024-02-01,2024-04-30,342000,10-Q,2024-05-29,2025,Q1
NCNO,PaymentsToAcquirePropertyPlantAndEquipment,2025-02-01,2025-04-30,1718000,10-Q,2025-05-28,2026,Q1
NCNO,PaymentsToAcquirePropertyPlantAndEquipment,2026-02-01,2026-04-30,614000,10-Q,2026-05-27,2027,Q1
NDAQ,PaymentsToAcquirePropertyPlantAndEquipment,2010-01-01,2010-03-31,11000000,10-Q,2011-05-05,2011,Q1
NDAQ,PaymentsToAcquirePropertyPlantAndEquipment,2011-01-01,2011-03-31,10000000,10-Q,2011-05-05,2011,Q1
NDAQ,PaymentsToAcquirePropertyPlantAndEquipment,2012-01-01,2012-03-31,16000000,10-Q,2012-05-08,2012,Q1
NDAQ,PaymentsToAcquirePropertyPlantAndEquipment,2013-01-01,2013-03-31,20000000,10-Q,2013-05-07,2013,Q1
NDAQ,PaymentsToAcquirePropertyPlantAndEquipment,2014-01-01,2014-03-31,31000000,10-Q,2014-05-09,2014,Q1
NDAQ,PaymentsToAcquirePropertyPlantAndEquipment,2015-01-01,2015-03-31,24000000,10-Q,2015-05-06,2015,Q1
NDAQ,PaymentsToAcquirePropertyPlantAndEquipment,2016-01-01,2016-03-31,23000000,10-Q,2016-05-05,2016,Q1
NDAQ,PaymentsToAcquirePropertyPlantAndEquipment,2017-01-01,2017-03-31,36000000,10-Q,2017-05-10,2017,Q1
NDAQ,PaymentsToAcquirePropertyPlantAndEquipment,2018-01-01,2018-03-31,16000000,10-Q,2018-05-02,2018,Q1
NDAQ,PaymentsToAcquirePropertyPlantAndEquipment,2019-01-01,2019-03-31,20000000,10-Q,2019-05-01,2019,Q1
NDAQ,PaymentsToAcquirePropertyPlantAndEquipment,2020-01-01,2020-03-31,26000000,10-Q,2020-05-06,2020,Q1
NDAQ,PaymentsToAcquirePropertyPlantAndEquipment,2021-01-01,2021-03-31,42000000,10-Q,2021-05-05,2021,Q1
NDAQ,PaymentsToAcquirePropertyPlantAndEquipment,2022-01-01,2022-03-31,35000000,10-Q,2022-05-04,2022,Q1
NDAQ,PaymentsToAcquirePropertyPlantAndEquipment,2023-01-01,2023-03-31,40000000,10-Q,2023-05-04,2023,Q1
NDAQ,PaymentsToAcquirePropertyPlantAndEquipment,2024-01-01,2024-03-31,39000000,10-Q,2024-05-02,2024,Q1
NDAQ,PaymentsToAcquirePropertyPlantAndEquipment,2025-01-01,2025-03-31,49000000,10-Q,2025-04-28,2025,Q1
NDAQ,PaymentsToAcquirePropertyPlantAndEquipment,2026-01-01,2026-03-31,60000000,10-Q,2026-04-24,2026,Q1
NDLS,PaymentsToAcquirePropertyPlantAndEquipment,2013-01-02,2013-04-02,13342000,10-Q,2014-04-30,2014,Q1
NDLS,PaymentsToAcquirePropertyPlantAndEquipment,2014-01-01,2014-04-01,11510000,10-Q,2014-04-30,2014,Q1
NDLS,PaymentsToAcquirePropertyPlantAndEquipment,2014-12-31,2015-03-31,9783000,10-Q,2015-05-07,2015,Q1
NDLS,PaymentsToAcquirePropertyPlantAndEquipment,2015-12-30,2016-03-29,12319000,10-Q,2017-05-10,2017,Q1
NDLS,PaymentsToAcquirePropertyPlantAndEquipment,2015-12-30,2016-03-31,12319000,10-Q,2016-05-04,2016,Q1
NDLS,PaymentsToAcquirePropertyPlantAndEquipment,2017-01-04,2017-04-04,6601000,10-Q,2017-05-10,2017,Q1
NDLS,PaymentsToAcquirePropertyPlantAndEquipment,2018-01-03,2018-04-03,4805000,10-Q,2018-05-11,2018,Q1
NDLS,PaymentsToAcquirePropertyPlantAndEquipment,2019-01-02,2019-04-02,4164000,10-Q,2019-05-10,2019,Q1
NDLS,PaymentsToAcquirePropertyPlantAndEquipment,2020-01-01,2020-03-31,3919000,10-Q,2020-06-17,2020,Q1
NDLS,PaymentsToAcquirePropertyPlantAndEquipment,2020-12-30,2021-03-30,2733000,10-Q,2021-04-30,2021,Q1
NDLS,PaymentsToAcquirePropertyPlantAndEquipment,2021-12-29,2022-03-29,8412000,10-Q,2022-04-28,2022,Q1
NDLS,PaymentsToAcquirePropertyPlantAndEquipment,2023-01-04,2023-04-04,10436000,10-Q,2023-05-11,2023,Q1
NDLS,PaymentsToAcquirePropertyPlantAndEquipment,2024-01-03,2024-04-02,8647000,10-Q,2024-05-09,2024,Q1
NDLS,PaymentsToAcquirePropertyPlantAndEquipment,2025-01-01,2025-04-01,2918000,10-Q,2025-05-08,2025,Q1
NDLS,PaymentsToAcquirePropertyPlantAndEquipment,2025-12-31,2026-03-31,2077000,10-Q,2026-05-07,2026,Q1
NEO,PaymentsToAcquirePropertyPlantAndEquipment,2011-01-01,2011-03-31,71000,10-Q,2012-05-14,2012,Q1
NEO,PaymentsToAcquirePropertyPlantAndEquipment,2012-01-01,2012-03-31,277000,10-Q,2012-05-14,2012,Q1
NEO,PaymentsToAcquirePropertyPlantAndEquipment,2013-01-01,2013-03-31,239000,10-Q,2013-05-13,2013,Q1
NEO,PaymentsToAcquirePropertyPlantAndEquipment,2014-01-01,2014-03-31,883000,10-Q,2014-05-12,2014,Q1
NEO,PaymentsToAcquirePropertyPlantAndEquipment,2015-01-01,2015-03-31,842000,10-Q,2015-05-11,2015,Q1
NEO,PaymentsToAcquirePropertyPlantAndEquipment,2016-01-01,2016-03-31,1001000,10-Q,2016-05-10,2016,Q1
NEO,PaymentsToAcquirePropertyPlantAndEquipment,2017-01-01,2017-03-31,3007000,10-Q,2017-05-09,2017,Q1
NEO,PaymentsToAcquirePropertyPlantAndEquipment,2018-01-01,2018-03-31,4666000,10-Q,2018-05-08,2018,Q1
NEO,PaymentsToAcquirePropertyPlantAndEquipment,2019-01-01,2019-03-31,3196000,10-Q,2019-05-08,2019,Q1
NEO,PaymentsToAcquirePropertyPlantAndEquipment,2020-01-01,2020-03-31,4708000,10-Q,2020-04-29,2020,Q1
NEO,PaymentsToAcquirePropertyPlantAndEquipment,2021-01-01,2021-03-31,15831000,10-Q,2021-05-06,2021,Q1
NEO,PaymentsToAcquirePropertyPlantAndEquipment,2022-01-01,2022-03-31,8219000,10-Q,2022-05-09,2022,Q1
NEO,PaymentsToAcquirePropertyPlantAndEquipment,2023-01-01,2023-03-31,9927000,10-Q,2023-05-09,2023,Q1
NEO,PaymentsToAcquirePropertyPlantAndEquipment,2024-01-01,2024-03-31,5585000,10-Q,2024-04-30,2024,Q1
NEO,PaymentsToAcquirePropertyPlantAndEquipment,2025-01-01,2025-03-31,4500000,10-Q,2025-04-29,2025,Q1
NEO,PaymentsToAcquirePropertyPlantAndEquipment,2026-01-01,2026-03-31,5000000,10-Q,2026-04-28,2026,Q1
NET,PaymentsToAcquirePropertyPlantAndEquipment,2019-01-01,2019-03-31,9036000,10-Q,2020-05-11,2020,Q1
NET,PaymentsToAcquirePropertyPlantAndEquipment,2020-01-01,2020-03-31,11405000,10-Q,2020-05-11,2020,Q1
NET,PaymentsToAcquirePropertyPlantAndEquipment,2021-01-01,2021-03-31,22268000,10-Q,2021-05-07,2021,Q1
NET,PaymentsToAcquirePropertyPlantAndEquipment,2022-01-01,2022-03-31,24481000,10-Q,2022-05-05,2022,Q1
NET,PaymentsToAcquirePropertyPlantAndEquipment,2023-01-01,2023-03-31,17541000,10-Q,2023-04-27,2023,Q1
NET,PaymentsToAcquirePropertyPlantAndEquipment,2024-01-01,2024-03-31,32056000,10-Q,2024-05-02,2024,Q1
NET,PaymentsToAcquirePropertyPlantAndEquipment,2025-01-01,2025-03-31,85889000,10-Q,2025-05-08,2025,Q1
NET,PaymentsToAcquirePropertyPlantAndEquipment,2026-01-01,2026-03-31,65231000,10-Q,2026-05-08,2026,Q1
NFE,PaymentsToAcquirePropertyPlantAndEquipment,2018-01-01,2018-03-31,41208000,10-Q,2019-05-15,2019,Q1
NFE,PaymentsToAcquirePropertyPlantAndEquipment,2019-01-01,2019-03-31,136281000,10-Q,2019-05-15,2019,Q1
NFE,PaymentsToAcquirePropertyPlantAndEquipment,2020-01-01,2020-03-31,56098000,10-Q,2020-05-06,2020,Q1
NFE,PaymentsToAcquirePropertyPlantAndEquipment,2021-01-01,2021-03-31,80810000,10-Q,2021-05-07,2021,Q1
NFE,PaymentsToAcquirePropertyPlantAndEquipment,2022-01-01,2022-03-31,189221000,10-Q,2022-05-06,2022,Q1
NFE,PaymentsToAcquirePropertyPlantAndEquipment,2023-01-01,2023-03-31,563268000,10-Q,2023-05-04,2023,Q1
NFE,PaymentsToAcquirePropertyPlantAndEquipment,2024-01-01,2024-03-31,683449000,10-Q,2024-05-09,2024,Q1
NFE,PaymentsToAcquirePropertyPlantAndEquipment,2025-01-01,2025-03-31,340470000,10-Q,2025-06-30,2025,Q1
NFE,PaymentsToAcquirePropertyPlantAndEquipment,2026-01-01,2026-03-31,43566000,10-Q,2026-05-14,2026,Q1
NGL,PaymentsToAcquirePropertyPlantAndEquipment,2012-10-01,2012-12-31,110207000,10-Q,2014-02-10,2013,Q3
NGL,PaymentsToAcquirePropertyPlantAndEquipment,2013-04-01,2013-06-30,34517000,10-Q,2014-08-11,2015,Q1
NGL,PaymentsToAcquirePropertyPlantAndEquipment,2013-07-01,2013-09-30,111781000,10-Q,2014-11-10,2015,Q2
NGL,PaymentsToAcquirePropertyPlantAndEquipment,2013-10-01,2013-12-31,195195000,10-Q,2014-02-10,2013,Q3
NGL,PaymentsToAcquirePropertyPlantAndEquipment,2014-04-01,2014-06-30,54867000,10-Q,2014-08-11,2015,Q1
NGL,PaymentsToAcquirePropertyPlantAndEquipment,2014-07-01,2014-09-30,605642000,10-Q,2014-11-10,2015,Q2
NGL,PaymentsToAcquirePropertyPlantAndEquipment,2014-10-01,2014-12-31,120793000,10-Q,2015-02-09,2015,Q3
NGL,PaymentsToAcquirePropertyPlantAndEquipment,2015-04-01,2015-06-30,164065000,10-Q,2015-08-10,2015,Q1
NGL,PaymentsToAcquirePropertyPlantAndEquipment,2015-07-01,2015-09-30,140137000,10-Q,2015-11-09,2016,Q2
NGL,PaymentsToAcquirePropertyPlantAndEquipment,2015-10-01,2015-12-31,302242000,10-Q,2016-02-09,2016,Q3
NGS,PaymentsToAcquirePropertyPlantAndEquipment,2011-01-01,2011-03-31,10129000,10-Q,2012-05-10,2012,Q1
NGS,PaymentsToAcquirePropertyPlantAndEquipment,2012-01-01,2012-03-31,1787000,10-Q,2012-05-10,2012,Q1
NGS,PaymentsToAcquirePropertyPlantAndEquipment,2013-01-01,2013-03-31,7713000,10-Q,2013-05-10,2013,Q1
NGS,PaymentsToAcquirePropertyPlantAndEquipment,2014-01-01,2014-03-31,13439000,10-Q,2014-05-06,2014,Q1
NGS,PaymentsToAcquirePropertyPlantAndEquipment,2015-01-01,2015-03-31,8712000,10-Q,2015-05-08,2015,Q1
NGS,PaymentsToAcquirePropertyPlantAndEquipment,2016-01-01,2016-03-31,1942000,10-Q,2016-05-06,2016,Q1
NGS,PaymentsToAcquirePropertyPlantAndEquipment,2017-01-01,2017-03-31,464000,10-Q,2017-05-05,2017,Q1
NGS,PaymentsToAcquirePropertyPlantAndEquipment,2018-01-01,2018-03-31,8712000,10-Q,2018-05-10,2018,Q1
NGS,PaymentsToAcquirePropertyPlantAndEquipment,2019-01-01,2019-03-31,9130000,10-Q,2019-05-10,2019,Q1
NGS,PaymentsToAcquirePropertyPlantAndEquipment,2020-01-01,2020-03-31,6679000,10-Q,2020-05-11,2020,Q1
NGS,PaymentsToAcquirePropertyPlantAndEquipment,2021-01-01,2021-03-31,4965000,10-Q,2021-05-14,2021,Q1
NGS,PaymentsToAcquirePropertyPlantAndEquipment,2022-01-01,2022-03-31,8212000,10-Q,2022-05-16,2022,Q1
NGS,PaymentsToAcquirePropertyPlantAndEquipment,2023-01-01,2023-03-31,47792000,10-Q,2023-05-15,2023,Q1
NGS,PaymentsToAcquirePropertyPlantAndEquipment,2024-01-01,2024-03-31,10932000,10-Q,2024-05-15,2024,Q1
NGS,PaymentsToAcquirePropertyPlantAndEquipment,2025-01-01,2025-03-31,19256000,10-Q,2025-05-12,2025,Q1
NGS,PaymentsToAcquirePropertyPlantAndEquipment,2026-01-01,2026-03-31,15247000,10-Q,2026-05-11,2026,Q1
NMRK,PaymentsToAcquirePropertyPlantAndEquipment,2017-01-01,2017-03-31,3053000,10-Q,2018-05-15,2018,Q1
NMRK,PaymentsToAcquirePropertyPlantAndEquipment,2018-01-01,2018-03-31,1714000,10-Q,2018-05-15,2018,Q1
NMRK,PaymentsToAcquirePropertyPlantAndEquipment,2019-01-01,2019-03-31,5936000,10-Q,2019-05-10,2019,Q1
NMRK,PaymentsToAcquirePropertyPlantAndEquipment,2020-01-01,2020-03-31,9849000,10-Q,2020-05-11,2020,Q1
NMRK,PaymentsToAcquirePropertyPlantAndEquipment,2021-01-01,2021-03-31,2443000,10-Q,2021-05-07,2021,Q1
NMRK,PaymentsToAcquirePropertyPlantAndEquipment,2022-01-01,2022-03-31,8669000,10-Q,2022-05-09,2022,Q1
NMRK,PaymentsToAcquirePropertyPlantAndEquipment,2023-01-01,2023-03-31,18174000,10-Q,2023-05-09,2023,Q1
NMRK,PaymentsToAcquirePropertyPlantAndEquipment,2024-01-01,2024-03-31,7042000,10-Q,2024-05-10,2024,Q1
NMRK,PaymentsToAcquirePropertyPlantAndEquipment,2025-01-01,2025-03-31,5444000,10-Q,2025-05-09,2025,Q1
NMRK,PaymentsToAcquirePropertyPlantAndEquipment,2026-01-01,2026-03-31,10211000,10-Q,2026-05-08,2026,Q1
NOC,PaymentsToAcquirePropertyPlantAndEquipment,2009-01-01,2009-03-31,162000000,10-Q,2010-04-28,2010,Q1
NOC,PaymentsToAcquirePropertyPlantAndEquipment,2010-01-01,2010-03-31,135000000,10-Q,2010-04-28,2010,Q1
NOC,PaymentsToAcquirePropertyPlantAndEquipment,2011-01-01,2011-03-31,122000000,10-Q,2011-04-27,2011,Q1
NOC,PaymentsToAcquirePropertyPlantAndEquipment,2012-01-01,2012-03-31,81000000,10-Q,2012-04-25,2012,Q1
NOC,PaymentsToAcquirePropertyPlantAndEquipment,2013-01-01,2013-03-31,40000000,10-Q,2013-04-24,2013,Q1
NOC,PaymentsToAcquirePropertyPlantAndEquipment,2014-01-01,2014-03-31,60000000,10-Q,2014-04-23,2014,Q1
NOC,PaymentsToAcquirePropertyPlantAndEquipment,2015-01-01,2015-03-31,117000000,10-Q,2015-04-29,2015,Q1
NOC,PaymentsToAcquirePropertyPlantAndEquipment,2016-01-01,2016-03-31,298000000,10-Q,2016-04-27,2016,Q1
NOC,PaymentsToAcquirePropertyPlantAndEquipment,2017-01-01,2017-03-31,216000000,10-Q,2017-04-26,2017,Q1
NOC,PaymentsToAcquirePropertyPlantAndEquipment,2018-01-01,2018-03-31,305000000,10-Q,2018-04-25,2018,Q1
NOC,PaymentsToAcquirePropertyPlantAndEquipment,2019-01-01,2019-03-31,284000000,10-Q,2019-04-24,2019,Q1
NOC,PaymentsToAcquirePropertyPlantAndEquipment,2020-01-01,2020-03-31,272000000,10-Q,2020-04-29,2020,Q1
NOC,PaymentsToAcquirePropertyPlantAndEquipment,2021-01-01,2021-03-31,205000000,10-Q,2021-04-29,2021,Q1
NOC,PaymentsToAcquirePropertyPlantAndEquipment,2022-01-01,2022-03-31,244000000,10-Q,2022-04-28,2022,Q1
NOC,PaymentsToAcquirePropertyPlantAndEquipment,2023-01-01,2023-03-31,309000000,10-Q,2023-04-27,2023,Q1
NOC,PaymentsToAcquirePropertyPlantAndEquipment,2024-01-01,2024-03-31,270000000,10-Q,2024-04-25,2024,Q1
NOC,PaymentsToAcquirePropertyPlantAndEquipment,2024-04-01,2024-06-30,320000000,10-Q,2025-07-22,2025,Q2
NOC,PaymentsToAcquirePropertyPlantAndEquipment,2024-07-01,2024-09-30,361000000,10-Q,2025-10-21,2025,Q3
NOC,PaymentsToAcquirePropertyPlantAndEquipment,2025-01-01,2025-03-31,256000000,10-Q,2025-04-22,2025,Q1
NOC,PaymentsToAcquirePropertyPlantAndEquipment,2025-04-01,2025-06-30,231000000,10-Q,2025-07-22,2025,Q2
NOC,PaymentsToAcquirePropertyPlantAndEquipment,2025-07-01,2025-09-30,301000000,10-Q,2025-10-21,2025,Q3
NOC,PaymentsToAcquirePropertyPlantAndEquipment,2026-01-01,2026-03-31,167000000,10-Q,2026-04-21,2026,Q1
NOW,PaymentsToAcquirePropertyPlantAndEquipment,2012-01-01,2012-03-31,8558000,10-Q,2013-05-08,2013,Q1
NOW,PaymentsToAcquirePropertyPlantAndEquipment,2013-01-01,2013-03-31,10415000,10-Q,2013-05-08,2013,Q1
NOW,PaymentsToAcquirePropertyPlantAndEquipment,2014-01-01,2014-03-31,10968000,10-Q,2014-05-07,2014,Q1
NOW,PaymentsToAcquirePropertyPlantAndEquipment,2015-01-01,2015-03-31,26699000,10-Q,2015-05-07,2015,Q1
NOW,PaymentsToAcquirePropertyPlantAndEquipment,2016-01-01,2016-03-31,29077000,10-Q,2016-05-06,2016,Q1
NOW,PaymentsToAcquirePropertyPlantAndEquipment,2017-01-01,2017-03-31,33186000,10-Q,2017-05-05,2017,Q1
NOW,PaymentsToAcquirePropertyPlantAndEquipment,2018-01-01,2018-03-31,35371000,10-Q,2018-05-08,2018,Q1
NOW,PaymentsToAcquirePropertyPlantAndEquipment,2019-01-01,2019-03-31,47124000,10-Q,2019-05-03,2019,Q1
NOW,PaymentsToAcquirePropertyPlantAndEquipment,2020-01-01,2020-03-31,83207000,10-Q,2020-04-30,2020,Q1
NOW,PaymentsToAcquirePropertyPlantAndEquipment,2021-01-01,2021-03-31,107000000,10-Q,2021-04-29,2021,Q1
NOW,PaymentsToAcquirePropertyPlantAndEquipment,2022-01-01,2022-03-31,93000000,10-Q,2022-04-28,2022,Q1
NOW,PaymentsToAcquirePropertyPlantAndEquipment,2023-01-01,2023-03-31,165000000,10-Q,2023-04-27,2023,Q1
NOW,PaymentsToAcquirePropertyPlantAndEquipment,2024-01-01,2024-03-31,135000000,10-Q,2024-05-06,2024,Q1
NOW,PaymentsToAcquirePropertyPlantAndEquipment,2025-01-01,2025-03-31,205000000,10-Q,2025-04-23,2025,Q1
NOW,PaymentsToAcquirePropertyPlantAndEquipment,2026-01-01,2026-03-31,141000000,10-Q,2026-04-23,2026,Q1
NPCE,PaymentsToAcquirePropertyPlantAndEquipment,2020-01-01,2020-03-31,16000,10-Q,2021-06-03,2021,Q1
NPCE,PaymentsToAcquirePropertyPlantAndEquipment,2021-01-01,2021-03-31,35000,10-Q,2021-06-03,2021,Q1
NPCE,PaymentsToAcquirePropertyPlantAndEquipment,2022-01-01,2022-03-31,306000,10-Q,2022-05-12,2022,Q1
NPCE,PaymentsToAcquirePropertyPlantAndEquipment,2023-01-01,2023-03-31,132000,10-Q,2023-05-04,2023,Q1
NPCE,PaymentsToAcquirePropertyPlantAndEquipment,2024-01-01,2024-03-31,104000,10-Q,2024-05-08,2024,Q1
NPCE,PaymentsToAcquirePropertyPlantAndEquipment,2025-01-01,2025-03-31,37000,10-Q,2025-05-13,2025,Q1
NPCE,PaymentsToAcquirePropertyPlantAndEquipment,2026-01-01,2026-03-31,117000,10-Q,2026-05-12,2026,Q1
NPO,PaymentsToAcquirePropertyPlantAndEquipment,2011-01-01,2011-03-31,5300000,10-Q,2012-05-09,2012,Q1
NPO,PaymentsToAcquirePropertyPlantAndEquipment,2012-01-01,2012-03-31,5500000,10-Q,2012-05-09,2012,Q1
NPO,PaymentsToAcquirePropertyPlantAndEquipment,2013-01-01,2013-03-31,9800000,10-Q,2013-05-08,2013,Q1
NPO,PaymentsToAcquirePropertyPlantAndEquipment,2014-01-01,2014-03-31,6700000,10-Q,2014-05-08,2014,Q1
NPO,PaymentsToAcquirePropertyPlantAndEquipment,2015-01-01,2015-03-31,9100000,10-Q,2015-05-04,2015,Q1
NPO,PaymentsToAcquirePropertyPlantAndEquipment,2016-01-01,2016-03-31,6100000,10-Q,2016-05-06,2016,Q1
NPO,PaymentsToAcquirePropertyPlantAndEquipment,2017-01-01,2017-03-31,11100000,10-Q,2017-05-02,2017,Q1
NPO,PaymentsToAcquirePropertyPlantAndEquipment,2018-01-01,2018-03-31,14900000,10-Q,2018-05-03,2018,Q1
NPO,PaymentsToAcquirePropertyPlantAndEquipment,2019-01-01,2019-03-31,10300000,10-Q,2019-05-02,2019,Q1
NPO,PaymentsToAcquirePropertyPlantAndEquipment,2020-01-01,2020-03-31,5200000,10-Q,2020-05-05,2020,Q1
NPO,PaymentsToAcquirePropertyPlantAndEquipment,2021-01-01,2021-03-31,6200000,10-Q,2021-05-07,2021,Q1
NPO,PaymentsToAcquirePropertyPlantAndEquipment,2022-01-01,2022-03-31,3800000,10-Q,2022-05-02,2022,Q1
NPO,PaymentsToAcquirePropertyPlantAndEquipment,2023-01-01,2023-03-31,5000000,10-Q,2023-05-02,2023,Q1
NPO,PaymentsToAcquirePropertyPlantAndEquipment,2024-01-01,2024-03-31,8200000,10-Q,2024-05-08,2024,Q1
NPO,PaymentsToAcquirePropertyPlantAndEquipment,2025-01-01,2025-03-31,8000000,10-Q,2025-05-06,2025,Q1
NPO,PaymentsToAcquirePropertyPlantAndEquipment,2026-01-01,2026-03-31,12200000,10-Q,2026-05-05,2026,Q1
NRC,PaymentsToAcquirePropertyPlantAndEquipment,2011-01-01,2011-03-31,760000,10-Q,2012-05-11,2012,Q1
NRC,PaymentsToAcquirePropertyPlantAndEquipment,2012-01-01,2012-03-31,633000,10-Q,2012-05-11,2012,Q1
NRC,PaymentsToAcquirePropertyPlantAndEquipment,2013-01-01,2013-03-31,416000,10-Q,2013-05-08,2013,Q1
NRC,PaymentsToAcquirePropertyPlantAndEquipment,2014-01-01,2014-03-31,605000,10-Q,2014-05-08,2014,Q1
NRC,PaymentsToAcquirePropertyPlantAndEquipment,2015-01-01,2015-03-31,757000,10-Q,2015-05-08,2015,Q1
NRC,PaymentsToAcquirePropertyPlantAndEquipment,2016-01-01,2016-03-31,1084000,10-Q,2016-05-06,2016,Q1
NRC,PaymentsToAcquirePropertyPlantAndEquipment,2017-01-01,2017-03-31,1425000,10-Q,2017-05-05,2017,Q1
NRC,PaymentsToAcquirePropertyPlantAndEquipment,2018-01-01,2018-03-31,1298000,10-Q,2018-05-04,2018,Q1
NRC,PaymentsToAcquirePropertyPlantAndEquipment,2019-01-01,2019-03-31,1134000,10-Q,2019-05-08,2019,Q1
NRC,PaymentsToAcquirePropertyPlantAndEquipment,2020-01-01,2020-03-31,590000,10-Q,2020-05-08,2020,Q1
NRC,PaymentsToAcquirePropertyPlantAndEquipment,2021-01-01,2021-03-31,1238000,10-Q,2021-05-07,2021,Q1
NRC,PaymentsToAcquirePropertyPlantAndEquipment,2022-01-01,2022-03-31,2542000,10-Q,2022-05-06,2022,Q1
NRC,PaymentsToAcquirePropertyPlantAndEquipment,2023-01-01,2023-03-31,3199000,10-Q,2023-05-05,2023,Q1
NRC,PaymentsToAcquirePropertyPlantAndEquipment,2024-01-01,2024-03-31,4138000,10-Q,2024-05-09,2024,Q1
NRC,PaymentsToAcquirePropertyPlantAndEquipment,2025-01-01,2025-03-31,2986000,10-Q,2025-05-09,2025,Q1
NRC,PaymentsToAcquirePropertyPlantAndEquipment,2026-01-01,2026-03-31,1834000,10-Q,2026-05-06,2026,Q1
NRGV,PaymentsToAcquirePropertyPlantAndEquipment,2021-01-01,2021-03-31,3000,10-Q,2022-05-16,2022,Q1
NRGV,PaymentsToAcquirePropertyPlantAndEquipment,2022-01-01,2022-03-31,83000,10-Q,2022-05-16,2022,Q1
NRGV,PaymentsToAcquirePropertyPlantAndEquipment,2023-01-01,2023-03-31,11635000,10-Q,2023-05-10,2023,Q1
NRGV,PaymentsToAcquirePropertyPlantAndEquipment,2024-01-01,2024-03-31,8598000,10-Q,2024-05-08,2024,Q1
NRGV,PaymentsToAcquirePropertyPlantAndEquipment,2025-01-01,2025-03-31,6783000,10-Q,2025-05-13,2025,Q1
NRGV,PaymentsToAcquirePropertyPlantAndEquipment,2026-01-01,2026-03-31,7058000,10-Q,2026-05-19,2026,Q1
NRP,PaymentsToAcquirePropertyPlantAndEquipment,2011-01-01,2011-03-31,162000,10-Q,2011-05-05,2011,Q1
NRP,PaymentsToAcquirePropertyPlantAndEquipment,2012-01-01,2012-03-31,10128000,10-Q,2012-05-04,2012,Q1
NRP,PaymentsToAcquirePropertyPlantAndEquipment,2015-01-01,2015-03-31,1365000,10-Q,2015-05-08,2015,Q1
NRP,PaymentsToAcquirePropertyPlantAndEquipment,2016-01-01,2016-03-31,2221000,10-Q,2016-05-06,2016,Q1
NRP,PaymentsToAcquirePropertyPlantAndEquipment,2017-01-01,2017-03-31,2095000,10-Q,2017-05-10,2017,Q1
NRP,PaymentsToAcquirePropertyPlantAndEquipment,2018-01-01,2018-03-31,3444000,10-Q,2018-05-09,2018,Q1
NRP,PaymentsToAcquirePropertyPlantAndEquipment,2022-01-01,2022-03-31,0,10-Q,2023-05-04,2023,Q1
NRP,PaymentsToAcquirePropertyPlantAndEquipment,2023-01-01,2023-03-31,2000,10-Q,2023-05-04,2023,Q1
NRP,PaymentsToAcquirePropertyPlantAndEquipment,2024-01-01,2024-03-31,0,10-Q,2024-05-07,2024,Q1
NSIT,PaymentsToAcquirePropertyPlantAndEquipment,2011-01-01,2011-03-31,5044000,10-Q,2012-05-03,2012,Q1
NSIT,PaymentsToAcquirePropertyPlantAndEquipment,2012-01-01,2012-03-31,7823000,10-Q,2012-05-03,2012,Q1
NSIT,PaymentsToAcquirePropertyPlantAndEquipment,2013-01-01,2013-03-31,5670000,10-Q,2013-05-02,2013,Q1
NSIT,PaymentsToAcquirePropertyPlantAndEquipment,2014-01-01,2014-03-31,2018000,10-Q,2014-05-02,2014,Q1
NSIT,PaymentsToAcquirePropertyPlantAndEquipment,2015-01-01,2015-03-31,3194000,10-Q,2015-05-07,2015,Q1
NSIT,PaymentsToAcquirePropertyPlantAndEquipment,2016-01-01,2016-03-31,2896000,10-Q,2016-04-29,2016,Q1
NSIT,PaymentsToAcquirePropertyPlantAndEquipment,2017-01-01,2017-03-31,10052000,10-Q,2017-05-05,2017,Q1
NSIT,PaymentsToAcquirePropertyPlantAndEquipment,2018-01-01,2018-03-31,5044000,10-Q,2018-05-03,2018,Q1
NSIT,PaymentsToAcquirePropertyPlantAndEquipment,2019-01-01,2019-03-31,5352000,10-Q,2019-05-01,2019,Q1
NSIT,PaymentsToAcquirePropertyPlantAndEquipment,2020-01-01,2020-03-31,7382000,10-Q,2020-05-07,2020,Q1
NSIT,PaymentsToAcquirePropertyPlantAndEquipment,2021-01-01,2021-03-31,7847000,10-Q,2021-05-06,2021,Q1
NSIT,PaymentsToAcquirePropertyPlantAndEquipment,2022-01-01,2022-03-31,25745000,10-Q,2022-05-05,2022,Q1
NSIT,PaymentsToAcquirePropertyPlantAndEquipment,2023-01-01,2023-03-31,9106000,10-Q,2023-05-02,2023,Q1
NSIT,PaymentsToAcquirePropertyPlantAndEquipment,2024-01-01,2024-03-31,6482000,10-Q,2024-05-02,2024,Q1
NSIT,PaymentsToAcquirePropertyPlantAndEquipment,2025-01-01,2025-03-31,7130000,10-Q,2025-05-01,2025,Q1
NSIT,PaymentsToAcquirePropertyPlantAndEquipment,2026-01-01,2026-03-31,5995000,10-Q,2026-05-07,2026,Q1
NTAP,PaymentsToAcquirePropertyPlantAndEquipment,2009-04-25,2009-07-31,24700000,10-Q/A,2010-09-13,2011,Q1
NTAP,PaymentsToAcquirePropertyPlantAndEquipment,2010-05-01,2010-07-30,40200000,10-Q/A,2010-09-13,2011,Q1
NTAP,PaymentsToAcquirePropertyPlantAndEquipment,2011-04-30,2011-07-29,98300000,10-Q,2011-09-01,2012,Q1
NTAP,PaymentsToAcquirePropertyPlantAndEquipment,2012-04-28,2012-07-27,61900000,10-Q,2012-08-30,2013,Q1
NTAP,PaymentsToAcquirePropertyPlantAndEquipment,2013-04-27,2013-07-26,65300000,10-Q,2013-08-29,2014,Q1
NTAP,PaymentsToAcquirePropertyPlantAndEquipment,2014-04-26,2014-07-25,58400000,10-Q,2014-08-28,2015,Q1
NTAP,PaymentsToAcquirePropertyPlantAndEquipment,2015-04-25,2015-07-31,38000000,10-Q,2015-09-08,2016,Q1
NTAP,PaymentsToAcquirePropertyPlantAndEquipment,2016-04-30,2016-07-29,36000000,10-Q,2016-09-02,2017,Q1
NTAP,PaymentsToAcquirePropertyPlantAndEquipment,2017-04-29,2017-07-28,36000000,10-Q,2017-08-29,2018,Q1
NTAP,PaymentsToAcquirePropertyPlantAndEquipment,2018-04-28,2018-07-27,64000000,10-Q,2018-08-21,2019,Q1
NTAP,PaymentsToAcquirePropertyPlantAndEquipment,2019-04-27,2019-07-26,32000000,10-Q,2019-08-19,2020,Q1
NTAP,PaymentsToAcquirePropertyPlantAndEquipment,2020-04-25,2020-07-31,52000000,10-Q,2020-08-28,2021,Q1
NTAP,PaymentsToAcquirePropertyPlantAndEquipment,2020-05-01,2020-07-31,52000000,10-Q,2021-09-02,2022,Q1
NTAP,PaymentsToAcquirePropertyPlantAndEquipment,2021-05-01,2021-07-30,51000000,10-Q,2021-09-02,2022,Q1
NTAP,PaymentsToAcquirePropertyPlantAndEquipment,2022-04-30,2022-07-29,65000000,10-Q,2022-08-30,2023,Q1
NTAP,PaymentsToAcquirePropertyPlantAndEquipment,2023-04-29,2023-07-28,35000000,10-Q,2023-08-29,2024,Q1
NTAP,PaymentsToAcquirePropertyPlantAndEquipment,2024-04-27,2024-07-26,41000000,10-Q,2024-08-28,2025,Q1
NTAP,PaymentsToAcquirePropertyPlantAndEquipment,2025-04-26,2025-07-25,53000000,10-Q,2025-08-27,2025,Q1
NTAP,PaymentsToAcquirePropertyPlantAndEquipment,2026-04-25,2026-07-31,102000000,10-Q,2026-09-02,2026,Q1
NTGR,PaymentsToAcquirePropertyPlantAndEquipment,2011-01-01,2011-04-03,1906000,10-Q,2012-05-08,2012,Q1
NTGR,PaymentsToAcquirePropertyPlantAndEquipment,2012-01-01,2012-04-01,1462000,10-Q,2012-05-08,2012,Q1
NTGR,PaymentsToAcquirePropertyPlantAndEquipment,2013-01-01,2013-03-31,2761000,10-Q,2013-05-07,2013,Q1
NTGR,PaymentsToAcquirePropertyPlantAndEquipment,2014-01-01,2014-03-30,3085000,10-Q,2014-05-06,2014,Q1
NTGR,PaymentsToAcquirePropertyPlantAndEquipment,2015-01-01,2015-03-29,5633000,10-Q,2015-05-01,2015,Q1
NTGR,PaymentsToAcquirePropertyPlantAndEquipment,2016-01-01,2016-04-03,2056000,10-Q,2016-05-06,2016,Q1
NTGR,PaymentsToAcquirePropertyPlantAndEquipment,2017-01-01,2017-04-02,3434000,10-Q,2017-05-05,2017,Q1
NTGR,PaymentsToAcquirePropertyPlantAndEquipment,2018-01-01,2018-04-01,3185000,10-Q,2018-05-04,2018,Q1
NTGR,PaymentsToAcquirePropertyPlantAndEquipment,2019-01-01,2019-03-31,5958000,10-Q,2019-05-03,2019,Q1
NTGR,PaymentsToAcquirePropertyPlantAndEquipment,2020-01-01,2020-03-29,1275000,10-Q,2020-05-01,2020,Q1
NTGR,PaymentsToAcquirePropertyPlantAndEquipment,2021-01-01,2021-03-28,1588000,10-Q,2021-04-30,2021,Q1
NTGR,PaymentsToAcquirePropertyPlantAndEquipment,2022-01-01,2022-04-03,957000,10-Q,2022-05-06,2022,Q1
NTGR,PaymentsToAcquirePropertyPlantAndEquipment,2023-01-01,2023-04-02,870000,10-Q,2023-05-05,2023,Q1
NTGR,PaymentsToAcquirePropertyPlantAndEquipment,2024-01-01,2024-03-31,2510000,10-Q,2024-05-03,2024,Q1
NTGR,PaymentsToAcquirePropertyPlantAndEquipment,2025-01-01,2025-03-30,1396000,10-Q,2025-05-02,2025,Q1
NTGR,PaymentsToAcquirePropertyPlantAndEquipment,2026-01-01,2026-03-29,3822000,10-Q,2026-05-01,2026,Q1
NTWK,PaymentsToAcquirePropertyPlantAndEquipment,2010-07-01,2010-09-30,682676,10-Q,2011-11-08,2012,Q1
NTWK,PaymentsToAcquirePropertyPlantAndEquipment,2011-07-01,2011-09-30,1427884,10-Q,2011-11-08,2012,Q1
NTWK,PaymentsToAcquirePropertyPlantAndEquipment,2012-07-01,2012-09-30,1457134,10-Q,2012-11-14,2013,Q1
NTWK,PaymentsToAcquirePropertyPlantAndEquipment,2013-07-01,2013-09-30,2691066,10-Q,2013-11-08,2014,Q1
NTWK,PaymentsToAcquirePropertyPlantAndEquipment,2014-07-01,2014-09-30,1031128,10-Q,2014-11-06,2015,Q1
NTWK,PaymentsToAcquirePropertyPlantAndEquipment,2015-07-01,2015-09-30,625794,10-Q,2015-11-12,2016,Q1
NTWK,PaymentsToAcquirePropertyPlantAndEquipment,2016-07-01,2016-09-30,554873,10-Q,2016-11-14,2017,Q1
NTWK,PaymentsToAcquirePropertyPlantAndEquipment,2017-07-01,2017-09-30,328163,10-Q,2017-11-09,2018,Q1
NTWK,PaymentsToAcquirePropertyPlantAndEquipment,2018-07-01,2018-09-30,563413,10-Q,2018-11-13,2019,Q1
NTWK,PaymentsToAcquirePropertyPlantAndEquipment,2019-07-01,2019-09-30,321125,10-Q,2019-11-12,2019,Q1
NTWK,PaymentsToAcquirePropertyPlantAndEquipment,2020-07-01,2020-09-30,489289,10-Q,2020-11-16,2021,Q1
NTWK,PaymentsToAcquirePropertyPlantAndEquipment,2021-07-01,2021-09-30,216112,10-Q,2021-11-12,2022,Q1
NTWK,PaymentsToAcquirePropertyPlantAndEquipment,2022-07-01,2022-09-30,1347601,10-Q,2022-11-10,2023,Q1
NTWK,PaymentsToAcquirePropertyPlantAndEquipment,2023-07-01,2023-09-30,371630,10-Q,2023-11-07,2023,Q1
NTWK,PaymentsToAcquirePropertyPlantAndEquipment,2024-07-01,2024-09-30,100737,10-Q,2024-11-13,2025,Q1
NTWK,PaymentsToAcquirePropertyPlantAndEquipment,2025-07-01,2025-09-30,485281,10-Q,2025-11-12,2026,Q1
NVDA,PaymentsToAcquirePropertyPlantAndEquipment,2011-01-31,2011-05-01,31195000,10-Q,2012-05-23,2012,Q1
NVDA,PaymentsToAcquirePropertyPlantAndEquipment,2012-01-30,2012-04-29,28923000,10-Q,2012-05-23,2012,Q1
NVDA,PaymentsToAcquirePropertyPlantAndEquipment,2013-01-28,2013-04-28,65667000,10-Q,2013-05-22,2013,Q1
NVDA,PaymentsToAcquirePropertyPlantAndEquipment,2014-01-27,2014-04-27,29068000,10-Q,2014-05-21,2014,Q1
NVDA,PaymentsToAcquirePropertyPlantAndEquipment,2015-01-26,2015-04-26,30000000,10-Q,2015-05-20,2016,Q1
NVDA,PaymentsToAcquirePropertyPlantAndEquipment,2016-02-01,2016-05-01,55000000,10-Q,2016-05-25,2017,Q1
NVDA,PaymentsToAcquirePropertyPlantAndEquipment,2017-01-30,2017-04-30,54000000,10-Q,2017-05-23,2018,Q1
NVDA,PaymentsToAcquirePropertyPlantAndEquipment,2018-01-29,2018-04-29,118000000,10-Q,2018-05-22,2019,Q1
NVDA,PaymentsToAcquirePropertyPlantAndEquipment,2019-01-28,2019-04-28,128000000,10-Q,2019-05-16,2020,Q1
NVDA,PaymentsToAcquirePropertyPlantAndEquipment,2020-01-27,2020-04-26,155000000,10-Q,2020-05-21,2020,Q1
NVST,PaymentsToAcquirePropertyPlantAndEquipment,2019-01-01,2019-03-29,15600000,10-Q,2020-05-12,2020,Q1
NVST,PaymentsToAcquirePropertyPlantAndEquipment,2020-01-01,2020-04-03,13600000,10-Q,2020-05-12,2020,Q1
NVST,PaymentsToAcquirePropertyPlantAndEquipment,2021-01-01,2021-04-02,8300000,10-Q,2021-05-05,2021,Q1
NVST,PaymentsToAcquirePropertyPlantAndEquipment,2022-01-01,2022-04-01,19800000,10-Q,2022-05-04,2022,Q1
NVST,PaymentsToAcquirePropertyPlantAndEquipment,2023-01-01,2023-03-31,17500000,10-Q,2023-05-03,2023,Q1
NVST,PaymentsToAcquirePropertyPlantAndEquipment,2024-01-01,2024-03-29,11000000,10-Q,2024-05-01,2024,Q1
NVST,PaymentsToAcquirePropertyPlantAndEquipment,2025-01-01,2025-03-28,5900000,10-Q,2025-05-01,2025,Q1
NVST,PaymentsToAcquirePropertyPlantAndEquipment,2026-01-01,2026-04-03,12500000,10-Q,2026-05-06,2026,Q1
NVT,PaymentsToAcquirePropertyPlantAndEquipment,2017-01-01,2017-03-31,11300000,10-Q,2018-05-08,2018,Q1
NVT,PaymentsToAcquirePropertyPlantAndEquipment,2018-01-01,2018-03-31,5400000,10-Q,2018-05-08,2018,Q1
NVT,PaymentsToAcquirePropertyPlantAndEquipment,2019-01-01,2019-03-31,9200000,10-Q,2019-04-25,2019,Q1
NVT,PaymentsToAcquirePropertyPlantAndEquipment,2020-01-01,2020-03-31,10200000,10-Q,2020-04-29,2020,Q1
NVT,PaymentsToAcquirePropertyPlantAndEquipment,2021-01-01,2021-03-31,9900000,10-Q,2021-04-29,2021,Q1
NVT,PaymentsToAcquirePropertyPlantAndEquipment,2022-01-01,2022-03-31,11100000,10-Q,2022-04-29,2022,Q1
NVT,PaymentsToAcquirePropertyPlantAndEquipment,2023-01-01,2023-03-31,17100000,10-Q,2023-04-28,2023,Q1
NVT,PaymentsToAcquirePropertyPlantAndEquipment,2024-01-01,2024-03-31,16100000,10-Q,2024-05-03,2024,Q1
NVT,PaymentsToAcquirePropertyPlantAndEquipment,2025-01-01,2025-03-31,21100000,10-Q,2025-05-02,2025,Q1
NVT,PaymentsToAcquirePropertyPlantAndEquipment,2026-01-01,2026-03-31,36100000,10-Q,2026-05-01,2026,Q1
NVVE,PaymentsToAcquirePropertyPlantAndEquipment,2020-01-01,2020-03-31,22504,10-Q,2021-05-24,2021,Q1
NVVE,PaymentsToAcquirePropertyPlantAndEquipment,2021-01-01,2021-03-31,0,10-Q,2022-05-13,2022,Q1
NVVE,PaymentsToAcquirePropertyPlantAndEquipment,2022-01-01,2022-03-31,250861,10-Q,2022-05-13,2022,Q1
NVVE,PaymentsToAcquirePropertyPlantAndEquipment,2023-01-01,2023-03-31,11125,10-Q,2023-05-12,2023,Q1
NVVE,PaymentsToAcquirePropertyPlantAndEquipment,2024-01-01,2024-03-31,40907,10-Q,2024-05-15,2024,Q1
NVVE,PaymentsToAcquirePropertyPlantAndEquipment,2025-01-01,2025-03-31,12284,10-Q,2025-05-15,2025,Q1
NVVE,PaymentsToAcquirePropertyPlantAndEquipment,2026-01-01,2026-03-31,0,10-Q,2026-07-15,2026,Q1
NWN,PaymentsToAcquirePropertyPlantAndEquipment,2018-01-01,2018-03-31,57329000,10-Q,2019-05-07,2019,Q1
NWN,PaymentsToAcquirePropertyPlantAndEquipment,2019-01-01,2019-03-31,48764000,10-Q,2019-05-07,2019,Q1
NWN,PaymentsToAcquirePropertyPlantAndEquipment,2023-01-01,2023-03-31,71265000,10-Q,2024-05-06,2024,Q1
NWN,PaymentsToAcquirePropertyPlantAndEquipment,2024-01-01,2024-03-31,82217000,10-Q,2024-05-06,2024,Q1
NWN,PaymentsToAcquirePropertyPlantAndEquipment,2025-01-01,2025-03-31,102184000,10-Q,2025-05-06,2025,Q1
NWN,PaymentsToAcquirePropertyPlantAndEquipment,2026-01-01,2026-03-31,113656000,10-Q,2026-05-06,2026,Q1
NWPX,PaymentsToAcquirePropertyPlantAndEquipment,2011-01-01,2011-03-31,3555000,10-Q,2012-05-15,2012,Q1
NWPX,PaymentsToAcquirePropertyPlantAndEquipment,2012-01-01,2012-03-31,4437000,10-Q,2012-05-15,2012,Q1
NWPX,PaymentsToAcquirePropertyPlantAndEquipment,2013-01-01,2013-03-31,9781000,10-Q,2013-05-07,2013,Q1
NWPX,PaymentsToAcquirePropertyPlantAndEquipment,2014-01-01,2014-03-31,4964000,10-Q,2014-05-09,2014,Q1
NWPX,PaymentsToAcquirePropertyPlantAndEquipment,2015-01-01,2015-03-31,3689000,10-Q,2015-05-06,2015,Q1
NWPX,PaymentsToAcquirePropertyPlantAndEquipment,2016-01-01,2016-03-31,736000,10-Q,2016-05-05,2016,Q1
NWPX,PaymentsToAcquirePropertyPlantAndEquipment,2017-01-01,2017-03-31,529000,10-Q,2017-05-03,2017,Q1
NWPX,PaymentsToAcquirePropertyPlantAndEquipment,2018-01-01,2018-03-31,744000,10-Q,2018-05-03,2018,Q1
NWPX,PaymentsToAcquirePropertyPlantAndEquipment,2019-01-01,2019-03-31,1622000,10-Q,2019-05-10,2019,Q1
NWPX,PaymentsToAcquirePropertyPlantAndEquipment,2020-01-01,2020-03-31,2936000,10-Q,2020-05-08,2020,Q1
NWPX,PaymentsToAcquirePropertyPlantAndEquipment,2021-01-01,2021-03-31,1861000,10-Q,2021-05-04,2021,Q1
NWPX,PaymentsToAcquirePropertyPlantAndEquipment,2022-01-01,2022-03-31,4440000,10-Q,2022-05-06,2022,Q1
NWPX,PaymentsToAcquirePropertyPlantAndEquipment,2023-01-01,2023-03-31,4382000,10-Q,2023-05-04,2023,Q1
NWPX,PaymentsToAcquirePropertyPlantAndEquipment,2024-01-01,2024-03-31,4570000,10-Q,2024-05-02,2024,Q1
NWPX,PaymentsToAcquirePropertyPlantAndEquipment,2025-01-01,2025-03-31,3670000,10-Q,2025-05-01,2025,Q1
NWPX,PaymentsToAcquirePropertyPlantAndEquipment,2026-01-01,2026-03-31,3469000,10-Q,2026-04-30,2026,Q1
NWSA,PaymentsToAcquirePropertyPlantAndEquipment,2012-07-01,2012-09-30,64000000,10-Q,2013-11-12,2014,Q1
NWSA,PaymentsToAcquirePropertyPlantAndEquipment,2013-07-01,2013-09-30,67000000,10-Q,2013-11-12,2014,Q1
NWSA,PaymentsToAcquirePropertyPlantAndEquipment,2014-07-01,2014-09-30,114000000,10-Q,2014-11-06,2015,Q1
NWSA,PaymentsToAcquirePropertyPlantAndEquipment,2015-07-01,2015-09-30,63000000,10-Q,2015-11-06,2016,Q1
NWSA,PaymentsToAcquirePropertyPlantAndEquipment,2016-07-01,2016-09-30,49000000,10-Q,2016-11-08,2017,Q1
NWSA,PaymentsToAcquirePropertyPlantAndEquipment,2017-07-01,2017-09-30,62000000,10-Q,2017-11-13,2018,Q1
NWSA,PaymentsToAcquirePropertyPlantAndEquipment,2018-07-01,2018-09-30,133000000,10-Q,2018-11-08,2019,Q1
NWSA,PaymentsToAcquirePropertyPlantAndEquipment,2019-07-01,2019-09-30,117000000,10-Q,2019-11-08,2020,Q1
NWSA,PaymentsToAcquirePropertyPlantAndEquipment,2020-07-01,2020-09-30,93000000,10-Q,2020-11-06,2021,Q1
NWSA,PaymentsToAcquirePropertyPlantAndEquipment,2021-07-01,2021-09-30,101000000,10-Q,2021-11-05,2022,Q1
NWSA,PaymentsToAcquirePropertyPlantAndEquipment,2022-07-01,2022-09-30,104000000,10-Q,2022-11-09,2023,Q1
NWSA,PaymentsToAcquirePropertyPlantAndEquipment,2023-07-01,2023-09-30,124000000,10-Q,2023-11-09,2024,Q1
NWSA,PaymentsToAcquirePropertyPlantAndEquipment,2024-07-01,2024-09-30,95000000,10-Q,2024-11-08,2025,Q1
NWSA,PaymentsToAcquirePropertyPlantAndEquipment,2025-07-01,2025-09-30,81000000,10-Q,2025-11-07,2026,Q1
NXT,PaymentsToAcquirePropertyPlantAndEquipment,2022-04-01,2022-07-01,427000,10-Q,2023-08-09,2024,Q1
NXT,PaymentsToAcquirePropertyPlantAndEquipment,2023-04-01,2023-06-30,694000,10-Q,2023-08-09,2024,Q1
NXT,PaymentsToAcquirePropertyPlantAndEquipment,2024-04-01,2024-06-28,2890000,10-Q,2024-08-06,2025,Q1
NXT,PaymentsToAcquirePropertyPlantAndEquipment,2025-04-01,2025-06-27,11258000,10-Q,2025-08-01,2026,Q1
NXT,PaymentsToAcquirePropertyPlantAndEquipment,2026-04-01,2026-07-03,15899000,10-Q,2026-08-03,2027,Q1
NYT,PaymentsToAcquirePropertyPlantAndEquipment,2009-12-28,2010-03-28,6996000,10-Q,2011-05-05,2011,Q1
NYT,PaymentsToAcquirePropertyPlantAndEquipment,2010-12-27,2011-03-27,12852000,10-Q,2011-05-05,2011,Q1
NYT,PaymentsToAcquirePropertyPlantAndEquipment,2011-12-26,2012-03-25,9357000,10-Q,2012-05-03,2012,Q1
NYT,PaymentsToAcquirePropertyPlantAndEquipment,2012-12-31,2013-03-31,4554000,10-Q,2013-05-09,2013,Q1
NYT,PaymentsToAcquirePropertyPlantAndEquipment,2013-12-30,2014-03-30,10533000,10-Q,2014-05-06,2014,Q1
NYT,PaymentsToAcquirePropertyPlantAndEquipment,2014-12-29,2015-03-29,8791000,10-Q,2015-05-06,2015,Q1
NYT,PaymentsToAcquirePropertyPlantAndEquipment,2015-12-28,2016-03-27,10542000,10-Q,2016-05-05,2016,Q1
NYT,PaymentsToAcquirePropertyPlantAndEquipment,2016-12-26,2017-03-26,8032000,10-Q,2017-05-03,2017,Q1
NYT,PaymentsToAcquirePropertyPlantAndEquipment,2018-01-01,2018-04-01,24882000,10-Q,2018-05-04,2018,Q1
NYT,PaymentsToAcquirePropertyPlantAndEquipment,2018-12-31,2019-03-31,10473000,10-Q,2019-05-08,2019,Q1
NYT,PaymentsToAcquirePropertyPlantAndEquipment,2019-12-30,2020-03-29,15217000,10-Q,2020-05-07,2020,Q1
NYT,PaymentsToAcquirePropertyPlantAndEquipment,2020-12-28,2021-03-28,6394000,10-Q,2021-05-05,2021,Q1
NYT,PaymentsToAcquirePropertyPlantAndEquipment,2021-12-27,2022-03-27,8580000,10-Q,2022-05-04,2022,Q1
NYT,PaymentsToAcquirePropertyPlantAndEquipment,2023-01-01,2023-03-31,5985000,10-Q,2023-05-10,2023,Q1
NYT,PaymentsToAcquirePropertyPlantAndEquipment,2024-01-01,2024-03-31,6424000,10-Q,2024-05-08,2024,Q1
NYT,PaymentsToAcquirePropertyPlantAndEquipment,2025-01-01,2025-03-31,9237000,10-Q,2025-05-07,2025,Q1
NYT,PaymentsToAcquirePropertyPlantAndEquipment,2026-01-01,2026-03-31,10723000,10-Q,2026-05-06,2026,Q1
OCGN,PaymentsToAcquirePropertyPlantAndEquipment,2014-01-01,2014-03-31,120000,10-Q,2015-05-14,2015,Q1
OCGN,PaymentsToAcquirePropertyPlantAndEquipment,2015-01-01,2015-03-31,915000,10-Q,2015-05-14,2015,Q1
OCGN,PaymentsToAcquirePropertyPlantAndEquipment,2016-01-01,2016-03-31,32000,10-Q,2016-05-12,2016,Q1
OCGN,PaymentsToAcquirePropertyPlantAndEquipment,2017-01-01,2017-03-31,37000,10-Q,2017-05-11,2017,Q1
OCGN,PaymentsToAcquirePropertyPlantAndEquipment,2018-01-01,2018-03-31,1255000,10-Q,2018-05-10,2018,Q1
OCGN,PaymentsToAcquirePropertyPlantAndEquipment,2019-01-01,2019-03-31,10581,10-Q,2020-05-08,2020,Q1
OCGN,PaymentsToAcquirePropertyPlantAndEquipment,2020-01-01,2020-03-31,52653,10-Q,2020-05-08,2020,Q1
OCGN,PaymentsToAcquirePropertyPlantAndEquipment,2021-01-01,2021-03-31,261000,10-Q,2021-05-07,2021,Q1
OCGN,PaymentsToAcquirePropertyPlantAndEquipment,2022-01-01,2022-03-31,223000,10-Q,2022-05-06,2022,Q1
OCGN,PaymentsToAcquirePropertyPlantAndEquipment,2023-01-01,2023-03-31,1612000,10-Q,2023-05-05,2023,Q1
OCGN,PaymentsToAcquirePropertyPlantAndEquipment,2024-01-01,2024-03-31,2352000,10-Q,2024-05-14,2024,Q1
OCGN,PaymentsToAcquirePropertyPlantAndEquipment,2025-01-01,2025-03-31,16000,10-Q,2025-05-09,2025,Q1
OCGN,PaymentsToAcquirePropertyPlantAndEquipment,2026-01-01,2026-03-31,6000,10-Q,2026-05-08,2026,Q1
ODYS,PaymentsToAcquirePropertyPlantAndEquipment,2019-07-01,2019-09-30,18000,10-Q,2020-11-12,2020,Q3
ODYS,PaymentsToAcquirePropertyPlantAndEquipment,2020-01-01,2020-03-31,185000,10-Q,2020-06-22,2020,Q1
ODYS,PaymentsToAcquirePropertyPlantAndEquipment,2020-04-01,2020-06-30,36000,10-Q,2020-08-12,2020,Q2
ODYS,PaymentsToAcquirePropertyPlantAndEquipment,2020-07-01,2020-09-30,28000,10-Q,2020-11-12,2020,Q3
ODYS,PaymentsToAcquirePropertyPlantAndEquipment,2021-01-01,2021-03-31,117000,10-Q,2021-05-14,2021,Q1
ODYS,PaymentsToAcquirePropertyPlantAndEquipment,2021-04-01,2021-06-30,53000,10-Q,2021-08-12,2021,Q2
ODYS,PaymentsToAcquirePropertyPlantAndEquipment,2021-07-01,2021-09-30,177000,10-Q,2021-11-15,2021,Q3
ODYS,PaymentsToAcquirePropertyPlantAndEquipment,2022-01-01,2022-03-31,24000,10-Q,2022-05-16,2022,Q1
ODYS,PaymentsToAcquirePropertyPlantAndEquipment,2022-04-01,2022-06-30,18000,10-Q,2022-08-11,2022,Q2
ODYS,PaymentsToAcquirePropertyPlantAndEquipment,2022-07-01,2022-09-30,45000,10-Q,2022-11-14,2022,Q3
ODYS,PaymentsToAcquirePropertyPlantAndEquipment,2023-01-01,2023-03-31,15000,10-Q,2023-05-08,2023,Q1
ODYS,PaymentsToAcquirePropertyPlantAndEquipment,2023-04-01,2023-06-30,42000,10-Q,2023-08-14,2023,Q2
ODYS,PaymentsToAcquirePropertyPlantAndEquipment,2023-07-01,2023-09-30,37000,10-Q,2023-11-13,2023,Q3
ODYS,PaymentsToAcquirePropertyPlantAndEquipment,2024-01-01,2024-03-31,22000,10-Q,2024-05-15,2024,Q1
ODYS,PaymentsToAcquirePropertyPlantAndEquipment,2024-04-01,2024-06-30,8000,10-Q,2024-08-14,2024,Q2
ODYS,PaymentsToAcquirePropertyPlantAndEquipment,2024-07-01,2024-09-30,8000,10-Q,2024-11-14,2024,Q3
ODYS,PaymentsToAcquirePropertyPlantAndEquipment,2025-01-01,2025-03-31,27000,10-Q,2025-05-15,2025,Q1
ODYS,PaymentsToAcquirePropertyPlantAndEquipment,2025-04-01,2025-06-30,3000,10-Q,2025-08-13,2025,Q2
ODYS,PaymentsToAcquirePropertyPlantAndEquipment,2025-07-01,2025-09-30,11000,10-Q,2025-11-13,2025,Q3
ODYS,PaymentsToAcquirePropertyPlantAndEquipment,2026-01-01,2026-03-31,6000,10-Q,2026-05-14,2026,Q1
ODYS,PaymentsToAcquirePropertyPlantAndEquipment,2026-04-01,2026-06-30,28000,10-Q,2026-08-13,2026,Q2
OII,PaymentsToAcquirePropertyPlantAndEquipment,2010-01-01,2010-03-31,36199000,10-Q,2011-05-05,2011,Q1
OII,PaymentsToAcquirePropertyPlantAndEquipment,2011-01-01,2011-03-31,53859000,10-Q,2011-05-05,2011,Q1
OII,PaymentsToAcquirePropertyPlantAndEquipment,2012-01-01,2012-03-31,83417000,10-Q,2012-05-03,2012,Q1
OII,PaymentsToAcquirePropertyPlantAndEquipment,2013-01-01,2013-03-31,94177000,10-Q,2013-05-02,2013,Q1
OII,PaymentsToAcquirePropertyPlantAndEquipment,2014-01-01,2014-03-31,104038000,10-Q,2014-04-30,2014,Q1
OII,PaymentsToAcquirePropertyPlantAndEquipment,2015-01-01,2015-03-31,49412000,10-Q,2015-04-29,2015,Q1
OII,PaymentsToAcquirePropertyPlantAndEquipment,2016-01-01,2016-03-31,21206000,10-Q,2016-04-29,2016,Q1
OII,PaymentsToAcquirePropertyPlantAndEquipment,2017-01-01,2017-03-31,17807000,10-Q,2017-05-03,2017,Q1
OII,PaymentsToAcquirePropertyPlantAndEquipment,2018-01-01,2018-03-31,25732000,10-Q,2018-05-03,2018,Q1
OII,PaymentsToAcquirePropertyPlantAndEquipment,2019-01-01,2019-03-31,29964000,10-Q,2019-05-01,2019,Q1
OII,PaymentsToAcquirePropertyPlantAndEquipment,2020-01-01,2020-03-31,27229000,10-Q,2020-05-15,2020,Q1
OII,PaymentsToAcquirePropertyPlantAndEquipment,2021-01-01,2021-03-31,10699000,10-Q,2021-04-30,2021,Q1
OII,PaymentsToAcquirePropertyPlantAndEquipment,2022-01-01,2022-03-31,19319000,10-Q,2022-04-29,2022,Q1
OII,PaymentsToAcquirePropertyPlantAndEquipment,2023-01-01,2023-03-31,18308000,10-Q,2023-04-28,2023,Q1
OII,PaymentsToAcquirePropertyPlantAndEquipment,2024-01-01,2024-03-31,25518000,10-Q,2024-04-26,2024,Q1
OII,PaymentsToAcquirePropertyPlantAndEquipment,2025-01-01,2025-03-31,26088000,10-Q,2025-04-24,2025,Q1
OII,PaymentsToAcquirePropertyPlantAndEquipment,2026-01-01,2026-03-31,17405000,10-Q,2026-04-23,2026,Q1
OIS,PaymentsToAcquirePropertyPlantAndEquipment,2013-04-01,2013-06-30,41949000,10-Q,2014-08-01,2014,Q2
OIS,PaymentsToAcquirePropertyPlantAndEquipment,2013-07-01,2013-09-30,40822000,10-Q,2014-10-31,2014,Q3
OIS,PaymentsToAcquirePropertyPlantAndEquipment,2014-01-01,2014-03-31,39901000,10-Q,2015-04-30,2015,Q1
OIS,PaymentsToAcquirePropertyPlantAndEquipment,2014-04-01,2014-06-30,43309000,10-Q,2014-08-01,2014,Q2
OIS,PaymentsToAcquirePropertyPlantAndEquipment,2014-07-01,2014-09-30,59338000,10-Q,2014-10-31,2014,Q3
OIS,PaymentsToAcquirePropertyPlantAndEquipment,2015-01-01,2015-03-31,38282000,10-Q,2015-04-30,2015,Q1
OIS,PaymentsToAcquirePropertyPlantAndEquipment,2015-04-01,2015-06-30,30458000,10-Q,2015-07-30,2015,Q2
OIS,PaymentsToAcquirePropertyPlantAndEquipment,2015-07-01,2015-09-30,23574000,10-Q,2015-10-30,2015,Q3
OIS,PaymentsToAcquirePropertyPlantAndEquipment,2016-01-01,2016-03-31,10281000,10-Q,2016-04-28,2016,Q1
OIS,PaymentsToAcquirePropertyPlantAndEquipment,2016-04-01,2016-06-30,8118000,10-Q,2016-07-28,2016,Q2
OIS,PaymentsToAcquirePropertyPlantAndEquipment,2016-07-01,2016-09-30,5495000,10-Q,2016-10-28,2016,Q3
OIS,PaymentsToAcquirePropertyPlantAndEquipment,2017-01-01,2017-03-31,5817000,10-Q,2017-04-27,2017,Q1
OIS,PaymentsToAcquirePropertyPlantAndEquipment,2017-04-01,2017-06-30,7474000,10-Q,2017-07-31,2017,Q2
OIS,PaymentsToAcquirePropertyPlantAndEquipment,2017-07-01,2017-09-30,7040000,10-Q,2017-10-27,2017,Q3
OIS,PaymentsToAcquirePropertyPlantAndEquipment,2018-01-01,2018-03-31,14238000,10-Q,2018-04-27,2018,Q1
OIS,PaymentsToAcquirePropertyPlantAndEquipment,2018-04-01,2018-06-30,24023000,10-Q,2018-07-31,2018,Q2
OIS,PaymentsToAcquirePropertyPlantAndEquipment,2018-07-01,2018-09-30,33025000,10-Q,2018-10-31,2018,Q3
OIS,PaymentsToAcquirePropertyPlantAndEquipment,2019-01-01,2019-03-31,17922000,10-Q,2019-04-25,2019,Q1
OIS,PaymentsToAcquirePropertyPlantAndEquipment,2019-04-01,2019-06-30,13655000,10-Q,2019-07-29,2019,Q2
OIS,PaymentsToAcquirePropertyPlantAndEquipment,2019-07-01,2019-09-30,14255000,10-Q,2019-10-28,2019,Q3
OIS,PaymentsToAcquirePropertyPlantAndEquipment,2020-01-01,2020-03-31,5881000,10-Q,2020-05-01,2020,Q1
OIS,PaymentsToAcquirePropertyPlantAndEquipment,2020-04-01,2020-06-30,3034000,10-Q,2020-07-30,2020,Q2
OIS,PaymentsToAcquirePropertyPlantAndEquipment,2020-07-01,2020-09-30,2362000,10-Q,2020-10-30,2020,Q3
OIS,PaymentsToAcquirePropertyPlantAndEquipment,2021-01-01,2021-03-31,4120000,10-Q,2021-04-29,2021,Q1
OIS,PaymentsToAcquirePropertyPlantAndEquipment,2021-04-01,2021-06-30,3191000,10-Q,2021-07-29,2021,Q2
OIS,PaymentsToAcquirePropertyPlantAndEquipment,2021-07-01,2021-09-30,3666000,10-Q,2021-11-01,2021,Q3
OIS,PaymentsToAcquirePropertyPlantAndEquipment,2022-01-01,2022-03-31,2858000,10-Q,2022-04-29,2022,Q1
OIS,PaymentsToAcquirePropertyPlantAndEquipment,2022-04-01,2022-06-30,3595000,10-Q,2022-07-28,2022,Q2
OIS,PaymentsToAcquirePropertyPlantAndEquipment,2022-07-01,2022-09-30,6810000,10-Q,2022-10-28,2022,Q3
OIS,PaymentsToAcquirePropertyPlantAndEquipment,2023-01-01,2023-03-31,6568000,10-Q,2023-04-28,2023,Q1
OIS,PaymentsToAcquirePropertyPlantAndEquipment,2023-04-01,2023-06-30,10770000,10-Q,2023-07-27,2023,Q2
OIS,PaymentsToAcquirePropertyPlantAndEquipment,2023-07-01,2023-09-30,6032000,10-Q,2023-10-27,2023,Q3
OKE,PaymentsToAcquirePropertyPlantAndEquipment,2009-01-01,2009-03-31,243027000,10-Q,2010-04-29,2010,Q1
OKE,PaymentsToAcquirePropertyPlantAndEquipment,2010-01-01,2010-03-31,68273000,10-Q,2010-04-29,2010,Q1
OKE,PaymentsToAcquirePropertyPlantAndEquipment,2010-04-01,2010-06-30,111431000,10-Q,2011-08-03,2011,Q2
OKE,PaymentsToAcquirePropertyPlantAndEquipment,2010-07-01,2010-09-30,176585000,10-Q,2011-11-02,2011,Q3
OKE,PaymentsToAcquirePropertyPlantAndEquipment,2011-01-01,2011-03-31,194679000,10-Q,2011-05-04,2011,Q1
OKE,PaymentsToAcquirePropertyPlantAndEquipment,2011-04-01,2011-06-30,329093000,10-Q,2011-08-03,2011,Q2
OKE,PaymentsToAcquirePropertyPlantAndEquipment,2011-07-01,2011-09-30,338538000,10-Q,2011-11-02,2011,Q3
OKE,PaymentsToAcquirePropertyPlantAndEquipment,2012-01-01,2012-03-31,348437000,10-Q,2012-05-02,2012,Q1
OKE,PaymentsToAcquirePropertyPlantAndEquipment,2012-04-01,2012-06-30,432260000,10-Q,2012-08-01,2012,Q2
OKE,PaymentsToAcquirePropertyPlantAndEquipment,2012-07-01,2012-09-30,458211000,10-Q,2012-10-31,2012,Q3
OKE,PaymentsToAcquirePropertyPlantAndEquipment,2013-01-01,2013-03-31,501065000,10-Q,2013-05-01,2013,Q1
OKE,PaymentsToAcquirePropertyPlantAndEquipment,2013-04-01,2013-06-30,559268000,10-Q,2013-07-31,2013,Q2
OKE,PaymentsToAcquirePropertyPlantAndEquipment,2013-07-01,2013-09-30,537487000,10-Q,2013-11-06,2013,Q3
OKE,PaymentsToAcquirePropertyPlantAndEquipment,2014-01-01,2014-03-31,429525000,10-Q,2014-05-07,2014,Q1
OKE,PaymentsToAcquirePropertyPlantAndEquipment,2014-04-01,2014-06-30,392676000,10-Q,2014-08-06,2014,Q2
OKE,PaymentsToAcquirePropertyPlantAndEquipment,2014-07-01,2014-09-30,382185000,10-Q,2014-11-05,2014,Q3
OKE,PaymentsToAcquirePropertyPlantAndEquipment,2015-01-01,2015-03-31,343847000,10-Q,2015-05-06,2015,Q1
OKE,PaymentsToAcquirePropertyPlantAndEquipment,2015-04-01,2015-06-30,285601000,10-Q,2015-08-05,2015,Q2
OKE,PaymentsToAcquirePropertyPlantAndEquipment,2015-07-01,2015-09-30,300868000,10-Q,2015-11-05,2015,Q3
OKE,PaymentsToAcquirePropertyPlantAndEquipment,2016-01-01,2016-03-31,196411000,10-Q,2016-05-04,2016,Q1
OKE,PaymentsToAcquirePropertyPlantAndEquipment,2016-04-01,2016-06-30,136843000,10-Q,2016-08-03,2016,Q2
OKE,PaymentsToAcquirePropertyPlantAndEquipment,2016-07-01,2016-09-30,158274000,10-Q,2016-11-02,2016,Q3
OKE,PaymentsToAcquirePropertyPlantAndEquipment,2017-01-01,2017-03-31,112737000,10-Q,2017-05-03,2017,Q1
OKE,PaymentsToAcquirePropertyPlantAndEquipment,2017-04-01,2017-06-30,82495000,10-Q,2017-08-02,2017,Q2
OKE,PaymentsToAcquirePropertyPlantAndEquipment,2017-07-01,2017-09-30,135199000,10-Q,2017-11-01,2017,Q3
OKE,PaymentsToAcquirePropertyPlantAndEquipment,2018-01-01,2018-03-31,264467000,10-Q,2018-05-02,2018,Q1
OKE,PaymentsToAcquirePropertyPlantAndEquipment,2018-04-01,2018-06-30,350885000,10-Q,2018-08-01,2018,Q2
OKE,PaymentsToAcquirePropertyPlantAndEquipment,2018-07-01,2018-09-30,694303000,10-Q,2018-10-31,2018,Q3
OKE,PaymentsToAcquirePropertyPlantAndEquipment,2019-01-01,2019-03-31,889705000,10-Q,2019-05-01,2019,Q1
OKE,PaymentsToAcquirePropertyPlantAndEquipment,2019-04-01,2019-06-30,830459000,10-Q,2019-07-31,2019,Q2
OKE,PaymentsToAcquirePropertyPlantAndEquipment,2019-07-01,2019-09-30,1019174000,10-Q,2019-10-30,2019,Q3
OKE,PaymentsToAcquirePropertyPlantAndEquipment,2020-01-01,2020-03-31,949679000,10-Q,2020-04-29,2020,Q1
OKE,PaymentsToAcquirePropertyPlantAndEquipment,2020-04-01,2020-06-30,594282000,10-Q,2020-07-29,2020,Q2
OKE,PaymentsToAcquirePropertyPlantAndEquipment,2020-07-01,2020-09-30,380042000,10-Q,2020-10-28,2020,Q3
OKE,PaymentsToAcquirePropertyPlantAndEquipment,2021-01-01,2021-03-31,176734000,10-Q,2021-04-28,2021,Q1
OKE,PaymentsToAcquirePropertyPlantAndEquipment,2021-04-01,2021-06-30,147388000,10-Q,2021-08-04,2021,Q2
OKE,PaymentsToAcquirePropertyPlantAndEquipment,2021-07-01,2021-09-30,166207000,10-Q,2021-11-03,2021,Q3
OKE,PaymentsToAcquirePropertyPlantAndEquipment,2022-01-01,2022-03-31,256978000,10-Q,2022-05-04,2022,Q1
OKE,PaymentsToAcquirePropertyPlantAndEquipment,2022-04-01,2022-06-30,302332000,10-Q,2022-08-09,2022,Q2
OKE,PaymentsToAcquirePropertyPlantAndEquipment,2022-07-01,2022-09-30,326731000,10-Q,2022-11-02,2022,Q3
OKE,PaymentsToAcquirePropertyPlantAndEquipment,2023-01-01,2023-03-31,289000000,10-Q,2023-05-03,2023,Q1
OKE,PaymentsToAcquirePropertyPlantAndEquipment,2023-04-01,2023-06-30,305000000,10-Q,2023-08-08,2023,Q2
OKE,PaymentsToAcquirePropertyPlantAndEquipment,2023-07-01,2023-09-30,398000000,10-Q,2023-11-01,2023,Q3
OKE,PaymentsToAcquirePropertyPlantAndEquipment,2024-01-01,2024-03-31,512000000,10-Q,2024-05-01,2024,Q1
OKE,PaymentsToAcquirePropertyPlantAndEquipment,2025-01-01,2025-03-31,629000000,10-Q,2025-04-30,2025,Q1
OKE,PaymentsToAcquirePropertyPlantAndEquipment,2026-01-01,2026-03-31,864000000,10-Q,2026-04-29,2026,Q1
OKTA,PaymentsToAcquirePropertyPlantAndEquipment,2016-02-01,2016-04-30,927000,10-Q,2017-06-08,2018,Q1
OKTA,PaymentsToAcquirePropertyPlantAndEquipment,2017-02-01,2017-04-30,2448000,10-Q,2017-06-08,2018,Q1
OKTA,PaymentsToAcquirePropertyPlantAndEquipment,2018-02-01,2018-04-30,4477000,10-Q,2018-06-08,2019,Q1
OKTA,PaymentsToAcquirePropertyPlantAndEquipment,2019-02-01,2019-04-30,7710000,10-Q,2019-05-31,2020,Q1
OKTA,PaymentsToAcquirePropertyPlantAndEquipment,2020-02-01,2020-04-30,7930000,10-Q,2020-05-29,2021,Q1
OKTA,PaymentsToAcquirePropertyPlantAndEquipment,2021-02-01,2021-04-30,3259000,10-Q,2021-05-27,2022,Q1
OKTA,PaymentsToAcquirePropertyPlantAndEquipment,2022-02-01,2022-04-30,5328000,10-Q,2022-06-03,2023,Q1
OKTA,PaymentsToAcquirePropertyPlantAndEquipment,2023-02-01,2023-04-30,0,10-Q,2023-06-01,2024,Q1
OKTA,PaymentsToAcquirePropertyPlantAndEquipment,2024-02-01,2024-04-30,1000000,10-Q,2024-05-30,2025,Q1
OKTA,PaymentsToAcquirePropertyPlantAndEquipment,2025-02-01,2025-04-30,1000000,10-Q,2025-05-28,2026,Q1
OKTA,PaymentsToAcquirePropertyPlantAndEquipment,2026-02-01,2026-04-30,1000000,10-Q,2026-05-29,2027,Q1
OLOX,PaymentsToAcquirePropertyPlantAndEquipment,2011-01-01,2011-03-31,2911,10-Q,2012-05-14,2012,Q1
OLOX,PaymentsToAcquirePropertyPlantAndEquipment,2012-01-01,2012-03-31,0,10-Q,2012-05-14,2012,Q1
OLOX,PaymentsToAcquirePropertyPlantAndEquipment,2013-01-01,2013-03-31,-2086,10-Q,2013-05-15,2013,Q1
OLOX,PaymentsToAcquirePropertyPlantAndEquipment,2014-01-01,2014-03-31,-607,10-Q,2014-05-15,2014,Q1
OLOX,PaymentsToAcquirePropertyPlantAndEquipment,2018-01-01,2018-03-31,3184,10-Q,2018-05-09,2018,Q1
OLOX,PaymentsToAcquirePropertyPlantAndEquipment,2021-01-01,2021-03-31,862090,10-Q,2021-05-20,2021,Q1
OLOX,PaymentsToAcquirePropertyPlantAndEquipment,2022-01-01,2022-03-31,922865,10-Q,2022-05-24,2022,Q1
OLOX,PaymentsToAcquirePropertyPlantAndEquipment,2023-01-01,2023-03-31,531083,10-Q,2023-05-11,2023,Q1
OLOX,PaymentsToAcquirePropertyPlantAndEquipment,2024-01-01,2024-03-31,31842,10-Q,2024-05-17,2024,Q1
OLOX,PaymentsToAcquirePropertyPlantAndEquipment,2025-01-01,2025-03-31,73676,10-Q,2025-06-13,2025,Q1
OM,PaymentsToAcquirePropertyPlantAndEquipment,2020-01-01,2020-03-31,2799000,10-Q,2021-05-06,2021,Q1
OM,PaymentsToAcquirePropertyPlantAndEquipment,2021-01-01,2021-03-31,919000,10-Q,2021-05-06,2021,Q1
OM,PaymentsToAcquirePropertyPlantAndEquipment,2022-01-01,2022-03-31,1478000,10-Q,2022-05-05,2022,Q1
OM,PaymentsToAcquirePropertyPlantAndEquipment,2023-01-01,2023-03-31,810000,10-Q,2023-05-04,2023,Q1
OM,PaymentsToAcquirePropertyPlantAndEquipment,2024-01-01,2024-03-31,354000,10-Q,2024-05-09,2024,Q1
OM,PaymentsToAcquirePropertyPlantAndEquipment,2025-01-01,2025-03-31,123000,10-Q,2025-05-08,2025,Q1
OM,PaymentsToAcquirePropertyPlantAndEquipment,2026-01-01,2026-03-31,65000,10-Q,2026-05-07,2026,Q1
OMCL,PaymentsToAcquirePropertyPlantAndEquipment,2011-01-01,2011-03-31,2424000,10-Q,2012-05-08,2012,Q1
OMCL,PaymentsToAcquirePropertyPlantAndEquipment,2012-01-01,2012-03-31,1438000,10-Q,2012-05-08,2012,Q1
OMCL,PaymentsToAcquirePropertyPlantAndEquipment,2013-01-01,2013-03-31,3300000,10-Q,2013-05-09,2013,Q1
OMCL,PaymentsToAcquirePropertyPlantAndEquipment,2014-01-01,2014-03-31,2551000,10-Q,2014-05-12,2014,Q1
OMCL,PaymentsToAcquirePropertyPlantAndEquipment,2019-01-01,2019-03-31,4980000,10-Q,2020-05-08,2020,Q1
OMCL,PaymentsToAcquirePropertyPlantAndEquipment,2020-01-01,2020-03-31,3173000,10-Q,2020-05-08,2020,Q1
OMCL,PaymentsToAcquirePropertyPlantAndEquipment,2021-01-01,2021-03-31,5089000,10-Q,2021-05-04,2021,Q1
OMCL,PaymentsToAcquirePropertyPlantAndEquipment,2022-01-01,2022-03-31,11489000,10-Q,2022-05-09,2022,Q1
OMCL,PaymentsToAcquirePropertyPlantAndEquipment,2023-01-01,2023-03-31,10141000,10-Q,2023-05-05,2023,Q1
OMCL,PaymentsToAcquirePropertyPlantAndEquipment,2024-01-01,2024-03-31,8957000,10-Q,2024-05-07,2024,Q1
OMCL,PaymentsToAcquirePropertyPlantAndEquipment,2025-01-01,2025-03-31,11172000,10-Q,2025-05-07,2025,Q1
OMCL,PaymentsToAcquirePropertyPlantAndEquipment,2026-01-01,2026-03-31,12435000,10-Q,2026-05-06,2026,Q1
ON,PaymentsToAcquirePropertyPlantAndEquipment,2010-01-01,2010-04-02,41000000,10-Q,2011-05-06,2011,Q1
ON,PaymentsToAcquirePropertyPlantAndEquipment,2011-01-01,2011-04-01,88700000,10-Q,2011-05-06,2011,Q1
ON,PaymentsToAcquirePropertyPlantAndEquipment,2011-12-31,2012-03-31,50400000,10-K,2013-02-26,2012,FY
ON,PaymentsToAcquirePropertyPlantAndEquipment,2012-01-01,2012-03-30,50400000,10-Q,2012-05-04,2012,Q1
ON,PaymentsToAcquirePropertyPlantAndEquipment,2013-01-01,2013-03-29,38900000,10-Q,2013-05-03,2013,Q1
ON,PaymentsToAcquirePropertyPlantAndEquipment,2014-01-01,2014-03-28,47700000,10-Q,2014-05-02,2014,Q1
ON,PaymentsToAcquirePropertyPlantAndEquipment,2015-01-01,2015-04-03,64800000,10-Q,2015-05-04,2015,Q1
ON,PaymentsToAcquirePropertyPlantAndEquipment,2016-01-01,2016-04-01,72900000,10-Q,2016-05-09,2016,Q1
ON,PaymentsToAcquirePropertyPlantAndEquipment,2017-01-01,2017-03-31,52700000,10-Q,2017-05-08,2017,Q1
ON,PaymentsToAcquirePropertyPlantAndEquipment,2018-01-01,2018-03-30,99500000,10-Q,2018-04-30,2018,Q1
ON,PaymentsToAcquirePropertyPlantAndEquipment,2019-01-01,2019-03-29,157000000,10-Q,2019-04-29,2019,Q1
ON,PaymentsToAcquirePropertyPlantAndEquipment,2020-01-01,2020-04-03,132300000,10-Q,2020-05-11,2020,Q1
ON,PaymentsToAcquirePropertyPlantAndEquipment,2021-01-01,2021-04-02,77000000,10-Q,2021-05-03,2021,Q1
ON,PaymentsToAcquirePropertyPlantAndEquipment,2022-01-01,2022-04-01,173800000,10-Q,2022-05-02,2022,Q1
ON,PaymentsToAcquirePropertyPlantAndEquipment,2023-01-01,2023-03-31,321500000,10-Q,2023-05-01,2023,Q1
ON,PaymentsToAcquirePropertyPlantAndEquipment,2024-01-01,2024-03-29,222400000,10-Q,2024-04-29,2024,Q1
ON,PaymentsToAcquirePropertyPlantAndEquipment,2025-01-01,2025-04-04,147600000,10-Q,2025-05-05,2025,Q1
ON,PaymentsToAcquirePropertyPlantAndEquipment,2026-01-01,2026-04-03,21900000,10-Q,2026-05-04,2026,Q1
ONAR,PaymentsToAcquirePropertyPlantAndEquipment,2020-01-01,2020-03-31,-11000,10-Q,2020-05-19,2020,Q1
ONAR,PaymentsToAcquirePropertyPlantAndEquipment,2021-01-01,2021-03-31,0,10-Q,2021-05-24,2021,Q1
ONAR,PaymentsToAcquirePropertyPlantAndEquipment,2024-01-01,2024-03-31,5539,10-Q,2025-06-25,2025,Q1
ONAR,PaymentsToAcquirePropertyPlantAndEquipment,2025-01-01,2025-03-31,0,10-Q,2025-06-25,2025,Q1
ONT,PaymentsToAcquirePropertyPlantAndEquipment,2020-01-01,2020-03-31,1558000,10-Q,2021-05-12,2021,Q1
ONT,PaymentsToAcquirePropertyPlantAndEquipment,2021-01-01,2021-03-31,922000,10-Q,2021-05-12,2021,Q1
ONT,PaymentsToAcquirePropertyPlantAndEquipment,2022-01-01,2022-03-31,262000,10-Q,2022-05-10,2022,Q1
ONT,PaymentsToAcquirePropertyPlantAndEquipment,2023-01-01,2023-03-31,4134000,10-Q,2023-05-10,2023,Q1
ONT,PaymentsToAcquirePropertyPlantAndEquipment,2024-01-01,2024-03-31,5979000,10-Q,2024-05-08,2024,Q1
ONT,PaymentsToAcquirePropertyPlantAndEquipment,2025-01-01,2025-03-31,3154000,10-Q,2025-05-08,2025,Q1
ONT,PaymentsToAcquirePropertyPlantAndEquipment,2026-01-01,2026-03-31,5667000,10-Q,2026-05-07,2026,Q1
ONTF,PaymentsToAcquirePropertyPlantAndEquipment,2020-01-01,2020-03-31,97000,10-Q,2021-05-13,2021,Q1
ONTF,PaymentsToAcquirePropertyPlantAndEquipment,2021-01-01,2021-03-31,520000,10-Q,2021-05-13,2021,Q1
ONTF,PaymentsToAcquirePropertyPlantAndEquipment,2022-01-01,2022-03-31,984000,10-Q,2022-05-12,2022,Q1
ONTF,PaymentsToAcquirePropertyPlantAndEquipment,2023-01-01,2023-03-31,178000,10-Q,2023-05-10,2023,Q1
ONTF,PaymentsToAcquirePropertyPlantAndEquipment,2024-01-01,2024-03-31,1038000,10-Q,2024-05-08,2024,Q1
ONTF,PaymentsToAcquirePropertyPlantAndEquipment,2025-01-01,2025-03-31,1473000,10-Q,2025-05-08,2025,Q1
OOMA,PaymentsToAcquirePropertyPlantAndEquipment,2015-02-01,2015-04-30,408000,10-Q,2016-06-10,2017,Q1
OOMA,PaymentsToAcquirePropertyPlantAndEquipment,2016-02-01,2016-04-30,321000,10-Q,2016-06-10,2017,Q1
OOMA,PaymentsToAcquirePropertyPlantAndEquipment,2017-02-01,2017-04-30,579000,10-Q,2017-06-06,2018,Q1
OOMA,PaymentsToAcquirePropertyPlantAndEquipment,2018-02-01,2018-04-30,405000,10-Q,2018-06-08,2019,Q1
OOMA,PaymentsToAcquirePropertyPlantAndEquipment,2020-02-01,2020-04-30,762000,10-Q,2021-06-09,2022,Q1
OOMA,PaymentsToAcquirePropertyPlantAndEquipment,2021-02-01,2021-04-30,665000,10-Q,2021-06-09,2022,Q1
OOMA,PaymentsToAcquirePropertyPlantAndEquipment,2022-02-01,2022-04-30,1459000,10-Q,2022-06-08,2022,Q1
OOMA,PaymentsToAcquirePropertyPlantAndEquipment,2023-02-01,2023-04-30,1374000,10-Q,2023-06-08,2024,Q1
OOMA,PaymentsToAcquirePropertyPlantAndEquipment,2024-02-01,2024-04-30,1450000,10-Q,2024-06-07,2025,Q1
OOMA,PaymentsToAcquirePropertyPlantAndEquipment,2025-02-01,2025-04-30,1223000,10-Q,2025-06-09,2026,Q1
OOMA,PaymentsToAcquirePropertyPlantAndEquipment,2026-02-01,2026-04-30,1471000,10-Q,2026-06-05,2027,Q1
OPAL,PaymentsToAcquirePropertyPlantAndEquipment,2021-07-01,2021-09-30,28971000,10-Q,2022-11-14,2022,Q3
OPAL,PaymentsToAcquirePropertyPlantAndEquipment,2022-01-01,2022-03-31,22509000,10-Q,2023-05-15,2023,Q1
OPAL,PaymentsToAcquirePropertyPlantAndEquipment,2022-07-01,2022-09-30,29790000,10-Q,2022-11-14,2022,Q3
OPAL,PaymentsToAcquirePropertyPlantAndEquipment,2023-01-01,2023-03-31,38780000,10-Q,2023-05-15,2023,Q1
OPAL,PaymentsToAcquirePropertyPlantAndEquipment,2024-01-01,2024-03-31,26752000,10-Q,2024-05-10,2024,Q1
OPAL,PaymentsToAcquirePropertyPlantAndEquipment,2025-01-01,2025-03-31,11566000,10-Q,2025-05-13,2025,Q1
OPAL,PaymentsToAcquirePropertyPlantAndEquipment,2026-01-01,2026-03-31,24367000,10-Q,2026-05-11,2026,Q1
OPTT,PaymentsToAcquirePropertyPlantAndEquipment,2021-05-01,2021-07-31,7000,10-Q,2022-09-12,2023,Q1
OPTT,PaymentsToAcquirePropertyPlantAndEquipment,2022-05-01,2022-07-31,56000,10-Q,2022-09-12,2023,Q1
OPTT,PaymentsToAcquirePropertyPlantAndEquipment,2023-05-01,2023-07-31,133000,10-Q,2023-09-13,2024,Q1
OPTT,PaymentsToAcquirePropertyPlantAndEquipment,2024-05-01,2024-07-31,374000,10-Q,2024-09-16,2025,Q1
OPTT,PaymentsToAcquirePropertyPlantAndEquipment,2025-05-01,2025-07-31,1453000,10-Q,2025-09-15,2026,Q1
OPTT,PaymentsToAcquirePropertyPlantAndEquipment,2026-05-01,2026-07-31,124000,10-Q,2026-09-14,2027,Q1
ORCL,PaymentsToAcquirePropertyPlantAndEquipment,2010-06-01,2010-08-31,118000000,10-Q,2011-09-23,2012,Q1
ORCL,PaymentsToAcquirePropertyPlantAndEquipment,2011-06-01,2011-08-31,160000000,10-Q,2011-09-23,2012,Q1
ORCL,PaymentsToAcquirePropertyPlantAndEquipment,2012-06-01,2012-08-31,139000000,10-Q,2012-09-24,2013,Q1
ORCL,PaymentsToAcquirePropertyPlantAndEquipment,2013-06-01,2013-08-31,153000000,10-Q,2013-09-20,2014,Q1
ORCL,PaymentsToAcquirePropertyPlantAndEquipment,2014-06-01,2014-08-31,201000000,10-Q,2014-09-23,2015,Q1
ORCL,PaymentsToAcquirePropertyPlantAndEquipment,2015-06-01,2015-08-31,446000000,10-Q,2015-09-18,2016,Q1
ORCL,PaymentsToAcquirePropertyPlantAndEquipment,2016-06-01,2016-08-31,299000000,10-Q,2016-09-19,2017,Q1
ORCL,PaymentsToAcquirePropertyPlantAndEquipment,2017-06-01,2017-08-31,473000000,10-Q,2017-09-18,2018,Q1
ORCL,PaymentsToAcquirePropertyPlantAndEquipment,2018-06-01,2018-08-31,383000000,10-Q,2018-09-19,2019,Q1
ORCL,PaymentsToAcquirePropertyPlantAndEquipment,2019-06-01,2019-08-31,386000000,10-Q,2019-09-13,2020,Q1
ORCL,PaymentsToAcquirePropertyPlantAndEquipment,2020-06-01,2020-08-31,436000000,10-Q,2020-09-15,2021,Q1
ORCL,PaymentsToAcquirePropertyPlantAndEquipment,2021-06-01,2021-08-31,1062000000,10-Q,2021-09-13,2022,Q1
ORCL,PaymentsToAcquirePropertyPlantAndEquipment,2022-06-01,2022-08-31,1719000000,10-Q,2022-09-13,2023,Q1
ORCL,PaymentsToAcquirePropertyPlantAndEquipment,2023-06-01,2023-08-31,1314000000,10-Q,2023-09-12,2024,Q1
ORCL,PaymentsToAcquirePropertyPlantAndEquipment,2024-06-01,2024-08-31,2303000000,10-Q,2024-09-10,2025,Q1
ORCL,PaymentsToAcquirePropertyPlantAndEquipment,2025-06-01,2025-08-31,8502000000,10-Q,2025-09-10,2026,Q1
ORCL,PaymentsToAcquirePropertyPlantAndEquipment,2026-06-01,2026-08-31,28499000000,10-Q,2026-09-11,2026,Q1
OSIS,PaymentsToAcquirePropertyPlantAndEquipment,2010-07-01,2010-09-30,2012000,10-Q,2011-10-26,2012,Q1
OSIS,PaymentsToAcquirePropertyPlantAndEquipment,2011-07-01,2011-09-30,3148000,10-Q,2011-10-26,2012,Q1
OSIS,PaymentsToAcquirePropertyPlantAndEquipment,2012-07-01,2012-09-30,62718000,10-Q,2012-10-24,2013,Q1
OSIS,PaymentsToAcquirePropertyPlantAndEquipment,2013-07-01,2013-09-30,7971000,10-Q,2013-10-25,2014,Q1
OSIS,PaymentsToAcquirePropertyPlantAndEquipment,2014-07-01,2014-09-30,3136000,10-Q,2014-10-24,2015,Q1
OSIS,PaymentsToAcquirePropertyPlantAndEquipment,2015-07-01,2015-09-30,2503000,10-Q,2015-10-30,2016,Q1
OSIS,PaymentsToAcquirePropertyPlantAndEquipment,2016-07-01,2016-09-30,2806000,10-Q,2016-10-31,2017,Q1
OSIS,PaymentsToAcquirePropertyPlantAndEquipment,2017-07-01,2017-09-30,23719000,10-Q,2017-10-31,2018,Q1
OSIS,PaymentsToAcquirePropertyPlantAndEquipment,2018-07-01,2018-09-30,7875000,10-Q,2018-10-26,2019,Q1
OSIS,PaymentsToAcquirePropertyPlantAndEquipment,2019-07-01,2019-09-30,6026000,10-Q,2019-10-25,2020,Q1
OSIS,PaymentsToAcquirePropertyPlantAndEquipment,2020-07-01,2020-09-30,3780000,10-Q,2020-10-30,2021,Q1
OSIS,PaymentsToAcquirePropertyPlantAndEquipment,2021-07-01,2021-09-30,3474000,10-Q,2021-10-29,2021,Q3
OSIS,PaymentsToAcquirePropertyPlantAndEquipment,2022-07-01,2022-09-30,3281000,10-Q,2022-10-28,2023,Q1
OSIS,PaymentsToAcquirePropertyPlantAndEquipment,2023-07-01,2023-09-30,5239000,10-Q,2023-10-27,2023,Q1
OSIS,PaymentsToAcquirePropertyPlantAndEquipment,2024-07-01,2024-09-30,7705000,10-Q,2024-10-25,2025,Q1
OSIS,PaymentsToAcquirePropertyPlantAndEquipment,2025-07-01,2025-09-30,7028000,10-Q,2025-10-30,2026,Q1
OSK,PaymentsToAcquirePropertyPlantAndEquipment,2009-10-01,2009-12-31,11900000,10-Q,2011-01-28,2011,Q1
OSK,PaymentsToAcquirePropertyPlantAndEquipment,2010-10-01,2010-12-31,16800000,10-Q,2011-01-28,2011,Q1
OSK,PaymentsToAcquirePropertyPlantAndEquipment,2011-10-01,2011-12-31,14200000,10-Q,2012-01-31,2012,Q1
OSK,PaymentsToAcquirePropertyPlantAndEquipment,2012-10-01,2012-12-31,8300000,10-Q,2013-01-25,2013,Q1
OSK,PaymentsToAcquirePropertyPlantAndEquipment,2013-10-01,2013-12-31,14300000,10-Q,2014-01-28,2014,Q1
OSK,PaymentsToAcquirePropertyPlantAndEquipment,2014-10-01,2014-12-31,39000000,10-Q,2015-01-27,2015,Q1
OSK,PaymentsToAcquirePropertyPlantAndEquipment,2015-10-01,2015-12-31,21300000,10-Q,2016-01-28,2016,Q1
OSK,PaymentsToAcquirePropertyPlantAndEquipment,2016-10-01,2016-12-31,14200000,10-Q,2017-01-26,2017,Q1
OSK,PaymentsToAcquirePropertyPlantAndEquipment,2017-10-01,2017-12-31,18700000,10-Q,2018-01-25,2018,Q1
OSK,PaymentsToAcquirePropertyPlantAndEquipment,2018-10-01,2018-12-31,13200000,10-Q,2019-01-31,2019,Q1
OSK,PaymentsToAcquirePropertyPlantAndEquipment,2019-10-01,2019-12-31,33700000,10-Q,2020-01-29,2020,Q1
OSK,PaymentsToAcquirePropertyPlantAndEquipment,2020-10-01,2020-12-31,21600000,10-Q,2021-01-27,2021,Q1
OSK,PaymentsToAcquirePropertyPlantAndEquipment,2021-01-01,2021-03-31,16700000,10-Q,2022-04-27,2022,Q1
OSK,PaymentsToAcquirePropertyPlantAndEquipment,2021-10-01,2021-12-31,39400000,10-QT,2022-01-26,2021,Q1
OSK,PaymentsToAcquirePropertyPlantAndEquipment,2022-01-01,2022-03-31,26100000,10-Q,2022-04-27,2022,Q1
OSK,PaymentsToAcquirePropertyPlantAndEquipment,2023-01-01,2023-03-31,111500000,10-Q,2023-04-27,2023,Q1
OSK,PaymentsToAcquirePropertyPlantAndEquipment,2024-01-01,2024-03-31,100100000,10-Q,2024-04-25,2024,Q1
OSK,PaymentsToAcquirePropertyPlantAndEquipment,2025-01-01,2025-03-31,40300000,10-Q,2025-04-30,2025,Q1
OSK,PaymentsToAcquirePropertyPlantAndEquipment,2026-01-01,2026-03-31,28100000,10-Q,2026-05-08,2026,Q1
OSPN,PaymentsToAcquirePropertyPlantAndEquipment,2011-01-01,2011-03-31,294000,10-Q,2012-05-04,2012,Q1
OSPN,PaymentsToAcquirePropertyPlantAndEquipment,2012-01-01,2012-03-31,245000,10-Q,2012-05-04,2012,Q1
OSPN,PaymentsToAcquirePropertyPlantAndEquipment,2013-01-01,2013-03-31,129000,10-Q,2013-05-03,2013,Q1
OSPN,PaymentsToAcquirePropertyPlantAndEquipment,2014-01-01,2014-03-31,352000,10-Q,2014-05-06,2014,Q1
OSPN,PaymentsToAcquirePropertyPlantAndEquipment,2015-01-01,2015-03-31,320000,10-Q,2015-05-05,2015,Q1
OSPN,PaymentsToAcquirePropertyPlantAndEquipment,2016-01-01,2016-03-31,1246000,10-Q,2016-05-05,2016,Q1
OSPN,PaymentsToAcquirePropertyPlantAndEquipment,2017-01-01,2017-03-31,242000,10-Q,2017-05-04,2017,Q1
OSPN,PaymentsToAcquirePropertyPlantAndEquipment,2018-01-01,2018-03-31,2296000,10-Q,2018-05-09,2018,Q1
OSPN,PaymentsToAcquirePropertyPlantAndEquipment,2019-01-01,2019-03-31,176000,10-Q,2019-05-07,2019,Q1
OSPN,PaymentsToAcquirePropertyPlantAndEquipment,2020-01-01,2020-03-31,1516000,10-Q,2020-05-07,2020,Q1
OSPN,PaymentsToAcquirePropertyPlantAndEquipment,2021-01-01,2021-03-31,755000,10-Q,2021-05-04,2021,Q1
OSPN,PaymentsToAcquirePropertyPlantAndEquipment,2022-01-01,2022-03-31,272000,10-Q,2022-05-03,2022,Q1
OSPN,PaymentsToAcquirePropertyPlantAndEquipment,2023-01-01,2023-03-31,3069000,10-Q,2023-05-04,2023,Q1
OSPN,PaymentsToAcquirePropertyPlantAndEquipment,2024-01-01,2024-03-31,3045000,10-Q,2024-05-02,2024,Q1
OSPN,PaymentsToAcquirePropertyPlantAndEquipment,2025-01-01,2025-03-31,1626000,10-Q,2025-05-01,2025,Q1
OSPN,PaymentsToAcquirePropertyPlantAndEquipment,2026-01-01,2026-03-31,3120000,10-Q,2026-04-30,2026,Q1
OSS,PaymentsToAcquirePropertyPlantAndEquipment,2017-01-01,2017-03-31,51760,10-Q,2018-05-08,2018,Q1
OSS,PaymentsToAcquirePropertyPlantAndEquipment,2018-01-01,2018-03-31,13387,10-Q,2018-05-08,2018,Q1
OSS,PaymentsToAcquirePropertyPlantAndEquipment,2019-01-01,2019-03-31,803243,10-Q,2019-05-09,2019,Q1
OSS,PaymentsToAcquirePropertyPlantAndEquipment,2020-01-01,2020-03-31,200049,10-Q,2020-05-15,2020,Q1
OSS,PaymentsToAcquirePropertyPlantAndEquipment,2021-01-01,2021-03-31,121759,10-Q,2021-05-13,2021,Q1
OSS,PaymentsToAcquirePropertyPlantAndEquipment,2022-01-01,2022-03-31,85841,10-Q,2022-05-12,2022,Q1
OSS,PaymentsToAcquirePropertyPlantAndEquipment,2023-01-01,2023-03-31,85085,10-Q,2023-05-11,2023,Q1
OSS,PaymentsToAcquirePropertyPlantAndEquipment,2024-01-01,2024-03-31,167168,10-Q,2024-05-09,2024,Q1
OSS,PaymentsToAcquirePropertyPlantAndEquipment,2025-01-01,2025-03-31,12793,10-Q,2025-05-07,2025,Q1
OSS,PaymentsToAcquirePropertyPlantAndEquipment,2026-01-01,2026-03-31,15001,10-Q,2026-05-06,2026,Q1
OUT,PaymentsToAcquirePropertyPlantAndEquipment,2013-01-01,2013-03-31,6000000,10-Q,2014-05-08,2014,Q1
OUT,PaymentsToAcquirePropertyPlantAndEquipment,2013-04-01,2013-06-30,8900000,10-Q,2014-08-07,2014,Q2
OUT,PaymentsToAcquirePropertyPlantAndEquipment,2013-07-01,2013-09-30,12600000,10-Q,2014-11-07,2014,Q3
OUT,PaymentsToAcquirePropertyPlantAndEquipment,2014-01-01,2014-03-31,8200000,10-Q,2014-05-08,2014,Q1
OUT,PaymentsToAcquirePropertyPlantAndEquipment,2014-04-01,2014-06-30,10900000,10-Q,2014-08-07,2014,Q2
OUT,PaymentsToAcquirePropertyPlantAndEquipment,2014-07-01,2014-09-30,14300000,10-Q,2014-11-07,2014,Q3
OUT,PaymentsToAcquirePropertyPlantAndEquipment,2015-01-01,2015-03-31,13100000,10-Q,2015-05-07,2015,Q1
OUT,PaymentsToAcquirePropertyPlantAndEquipment,2016-01-01,2016-03-31,14400000,10-Q,2016-05-06,2016,Q1
OUT,PaymentsToAcquirePropertyPlantAndEquipment,2017-01-01,2017-03-31,16600000,10-Q,2017-05-04,2017,Q1
OUT,PaymentsToAcquirePropertyPlantAndEquipment,2018-01-01,2018-03-31,16800000,10-Q,2018-05-03,2018,Q1
OUT,PaymentsToAcquirePropertyPlantAndEquipment,2019-01-01,2019-03-31,18100000,10-Q,2019-05-08,2019,Q1
OUT,PaymentsToAcquirePropertyPlantAndEquipment,2020-01-01,2020-03-31,18200000,10-Q,2020-05-08,2020,Q1
OUT,PaymentsToAcquirePropertyPlantAndEquipment,2021-01-01,2021-03-31,9400000,10-Q,2021-05-05,2021,Q1
OUT,PaymentsToAcquirePropertyPlantAndEquipment,2022-01-01,2022-03-31,16900000,10-Q,2022-05-03,2022,Q1
OUT,PaymentsToAcquirePropertyPlantAndEquipment,2023-01-01,2023-03-31,22600000,10-Q,2023-05-08,2023,Q1
OUT,PaymentsToAcquirePropertyPlantAndEquipment,2024-01-01,2024-03-31,18400000,10-Q,2024-05-03,2024,Q1
OUT,PaymentsToAcquirePropertyPlantAndEquipment,2025-01-01,2025-03-31,17200000,10-Q,2025-05-09,2025,Q1
OUT,PaymentsToAcquirePropertyPlantAndEquipment,2026-01-01,2026-03-31,24100000,10-Q,2026-05-08,2026,Q1
OXY,PaymentsToAcquirePropertyPlantAndEquipment,2009-01-01,2009-03-31,1071000000,10-Q,2010-05-06,2010,Q1
OXY,PaymentsToAcquirePropertyPlantAndEquipment,2010-01-01,2010-03-31,848000000,10-Q,2010-05-06,2010,Q1
OXY,PaymentsToAcquirePropertyPlantAndEquipment,2011-01-01,2011-03-31,1325000000,10-Q,2011-05-05,2011,Q1
OXY,PaymentsToAcquirePropertyPlantAndEquipment,2012-01-01,2012-03-31,2412000000,10-Q,2012-05-03,2012,Q1
OXY,PaymentsToAcquirePropertyPlantAndEquipment,2013-01-01,2013-03-31,2070000000,10-Q,2013-05-01,2013,Q1
OXY,PaymentsToAcquirePropertyPlantAndEquipment,2014-01-01,2014-03-31,2269000000,10-Q,2014-05-05,2014,Q1
OXY,PaymentsToAcquirePropertyPlantAndEquipment,2015-01-01,2015-03-31,1675000000,10-Q,2015-05-06,2015,Q1
OXY,PaymentsToAcquirePropertyPlantAndEquipment,2016-01-01,2016-03-31,646000000,10-Q,2016-05-05,2016,Q1
OXY,PaymentsToAcquirePropertyPlantAndEquipment,2017-01-01,2017-03-31,722000000,10-Q,2017-05-04,2017,Q1
OXY,PaymentsToAcquirePropertyPlantAndEquipment,2018-01-01,2018-03-31,1032000000,10-Q,2018-05-08,2018,Q1
OXY,PaymentsToAcquirePropertyPlantAndEquipment,2019-01-01,2019-03-31,1259000000,10-Q,2019-05-06,2019,Q1
OXY,PaymentsToAcquirePropertyPlantAndEquipment,2020-01-01,2020-03-31,1293000000,10-Q,2020-05-06,2020,Q1
OXY,PaymentsToAcquirePropertyPlantAndEquipment,2021-01-01,2021-03-31,579000000,10-Q,2021-05-10,2021,Q1
OXY,PaymentsToAcquirePropertyPlantAndEquipment,2022-01-01,2022-03-31,858000000,10-Q,2022-05-10,2022,Q1
OXY,PaymentsToAcquirePropertyPlantAndEquipment,2023-01-01,2023-03-31,1461000000,10-Q,2023-05-09,2023,Q1
OXY,PaymentsToAcquirePropertyPlantAndEquipment,2024-01-01,2024-03-31,1783000000,10-Q,2024-05-07,2024,Q1
OXY,PaymentsToAcquirePropertyPlantAndEquipment,2025-01-01,2025-03-31,1908000000,10-Q,2025-05-07,2025,Q1
OXY,PaymentsToAcquirePropertyPlantAndEquipment,2026-01-01,2026-03-31,1554000000,10-Q,2026-05-05,2026,Q1
P,PaymentsToAcquirePropertyPlantAndEquipment,2015-02-01,2015-04-30,6742000,10-Q,2016-06-03,2016,Q1
P,PaymentsToAcquirePropertyPlantAndEquipment,2016-02-01,2016-04-30,24376000,10-Q,2016-06-03,2016,Q1
P,PaymentsToAcquirePropertyPlantAndEquipment,2017-02-01,2017-04-30,12769000,10-Q,2017-06-07,2017,Q1
P,PaymentsToAcquirePropertyPlantAndEquipment,2018-02-01,2018-04-30,22296000,10-Q,2018-06-08,2019,Q1
P,PaymentsToAcquirePropertyPlantAndEquipment,2019-02-01,2019-04-30,24296000,10-Q,2019-06-07,2020,Q1
P,PaymentsToAcquirePropertyPlantAndEquipment,2020-02-03,2020-05-03,23782000,10-Q,2020-06-11,2020,Q1
P,PaymentsToAcquirePropertyPlantAndEquipment,2021-02-01,2021-05-02,27829000,10-Q,2021-06-08,2022,Q1
P,PaymentsToAcquirePropertyPlantAndEquipment,2022-02-07,2022-05-08,32810000,10-Q,2022-06-16,2023,Q1
P,PaymentsToAcquirePropertyPlantAndEquipment,2023-02-06,2023-05-07,51424000,10-Q,2023-06-16,2024,Q1
P,PaymentsToAcquirePropertyPlantAndEquipment,2024-02-05,2024-05-05,48818000,10-Q,2024-06-13,2025,Q1
P,PaymentsToAcquirePropertyPlantAndEquipment,2025-02-03,2025-05-04,72346000,10-Q,2025-06-11,2026,Q1
P,PaymentsToAcquirePropertyPlantAndEquipment,2026-02-02,2026-05-03,68414000,10-Q,2026-06-05,2027,Q1
PAA,PaymentsToAcquirePropertyPlantAndEquipment,2013-01-01,2013-03-31,363000000,10-Q,2014-05-09,2014,Q1
PAA,PaymentsToAcquirePropertyPlantAndEquipment,2014-01-01,2014-03-31,468000000,10-Q,2014-05-09,2014,Q1
PAA,PaymentsToAcquirePropertyPlantAndEquipment,2015-01-01,2015-03-31,441000000,10-Q,2015-05-08,2015,Q1
PAA,PaymentsToAcquirePropertyPlantAndEquipment,2016-01-01,2016-03-31,372000000,10-Q,2016-05-10,2016,Q1
PAA,PaymentsToAcquirePropertyPlantAndEquipment,2017-01-01,2017-03-31,275000000,10-Q,2017-05-10,2017,Q1
PAA,PaymentsToAcquirePropertyPlantAndEquipment,2018-01-01,2018-03-31,266000000,10-Q,2018-05-09,2018,Q1
PAA,PaymentsToAcquirePropertyPlantAndEquipment,2019-01-01,2019-03-31,280000000,10-Q,2019-05-10,2019,Q1
PAA,PaymentsToAcquirePropertyPlantAndEquipment,2020-01-01,2020-03-31,245000000,10-Q,2020-05-08,2020,Q1
PAA,PaymentsToAcquirePropertyPlantAndEquipment,2021-01-01,2021-03-31,97000000,10-Q,2021-05-10,2021,Q1
PAA,PaymentsToAcquirePropertyPlantAndEquipment,2022-01-01,2022-03-31,101000000,10-Q,2022-05-10,2022,Q1
PAA,PaymentsToAcquirePropertyPlantAndEquipment,2023-01-01,2023-03-31,122000000,10-Q,2023-05-10,2023,Q1
PAA,PaymentsToAcquirePropertyPlantAndEquipment,2024-01-01,2024-03-31,157000000,10-Q,2024-05-10,2024,Q1
PAA,PaymentsToAcquirePropertyPlantAndEquipment,2025-01-01,2025-03-31,191000000,10-Q,2025-05-09,2025,Q1
PAA,PaymentsToAcquirePropertyPlantAndEquipment,2026-01-01,2026-03-31,130000000,10-Q,2026-05-08,2026,Q1
PAGP,PaymentsToAcquirePropertyPlantAndEquipment,2013-01-01,2013-03-31,363000000,10-Q,2014-05-13,2014,Q1
PAGP,PaymentsToAcquirePropertyPlantAndEquipment,2014-01-01,2014-03-31,468000000,10-Q,2014-05-13,2014,Q1
PAGP,PaymentsToAcquirePropertyPlantAndEquipment,2015-01-01,2015-03-31,441000000,10-Q,2015-05-08,2015,Q1
PAGP,PaymentsToAcquirePropertyPlantAndEquipment,2016-01-01,2016-03-31,372000000,10-Q,2016-05-10,2016,Q1
PAGP,PaymentsToAcquirePropertyPlantAndEquipment,2017-01-01,2017-03-31,275000000,10-Q,2017-05-10,2017,Q1
PAGP,PaymentsToAcquirePropertyPlantAndEquipment,2018-01-01,2018-03-31,266000000,10-Q,2018-05-09,2018,Q1
PAGP,PaymentsToAcquirePropertyPlantAndEquipment,2019-01-01,2019-03-31,280000000,10-Q,2019-05-10,2019,Q1
PAGP,PaymentsToAcquirePropertyPlantAndEquipment,2020-01-01,2020-03-31,245000000,10-Q,2020-05-08,2020,Q1
PAGP,PaymentsToAcquirePropertyPlantAndEquipment,2021-01-01,2021-03-31,97000000,10-Q,2021-05-10,2021,Q1
PAGP,PaymentsToAcquirePropertyPlantAndEquipment,2022-01-01,2022-03-31,101000000,10-Q,2022-05-10,2022,Q1
PAGP,PaymentsToAcquirePropertyPlantAndEquipment,2023-01-01,2023-03-31,122000000,10-Q,2023-05-10,2023,Q1
PAGP,PaymentsToAcquirePropertyPlantAndEquipment,2024-01-01,2024-03-31,157000000,10-Q,2024-05-10,2024,Q1
PAGP,PaymentsToAcquirePropertyPlantAndEquipment,2025-01-01,2025-03-31,191000000,10-Q,2025-05-09,2025,Q1
PAGP,PaymentsToAcquirePropertyPlantAndEquipment,2026-01-01,2026-03-31,130000000,10-Q,2026-05-08,2026,Q1
PAR,PaymentsToAcquirePropertyPlantAndEquipment,2011-01-01,2011-03-31,304000,10-Q,2012-05-15,2012,Q1
PAR,PaymentsToAcquirePropertyPlantAndEquipment,2012-01-01,2012-03-31,494000,10-Q,2012-05-15,2012,Q1
PAR,PaymentsToAcquirePropertyPlantAndEquipment,2013-01-01,2013-03-31,184000,10-Q,2013-05-09,2013,Q1
PAR,PaymentsToAcquirePropertyPlantAndEquipment,2014-01-01,2014-03-31,591000,10-Q,2014-05-07,2014,Q1
PAR,PaymentsToAcquirePropertyPlantAndEquipment,2015-01-01,2015-03-31,303000,10-Q,2015-05-08,2015,Q1
PAR,PaymentsToAcquirePropertyPlantAndEquipment,2016-01-01,2016-03-31,322000,10-Q,2016-05-11,2016,Q1
PAR,PaymentsToAcquirePropertyPlantAndEquipment,2017-01-01,2017-03-31,2344000,10-Q,2017-05-15,2017,Q1
PAR,PaymentsToAcquirePropertyPlantAndEquipment,2018-01-01,2018-03-31,568000,10-Q,2018-05-10,2018,Q1
PAR,PaymentsToAcquirePropertyPlantAndEquipment,2019-01-01,2019-03-31,887000,10-Q,2019-05-07,2019,Q1
PAR,PaymentsToAcquirePropertyPlantAndEquipment,2020-01-01,2020-03-31,188000,10-Q,2020-05-11,2020,Q1
PAR,PaymentsToAcquirePropertyPlantAndEquipment,2021-01-01,2021-03-31,152000,10-Q,2021-05-10,2021,Q1
PAR,PaymentsToAcquirePropertyPlantAndEquipment,2022-01-01,2022-03-31,280000,10-Q,2022-05-10,2022,Q1
PAR,PaymentsToAcquirePropertyPlantAndEquipment,2023-01-01,2023-03-31,823000,10-Q,2023-05-10,2023,Q1
PAR,PaymentsToAcquirePropertyPlantAndEquipment,2024-01-01,2024-03-31,45000,10-Q,2024-05-09,2024,Q1
PAR,PaymentsToAcquirePropertyPlantAndEquipment,2025-01-01,2025-03-31,413000,10-Q,2025-05-09,2025,Q1
PAR,PaymentsToAcquirePropertyPlantAndEquipment,2026-01-01,2026-03-31,321000,10-Q,2026-05-07,2026,Q1
PATH,PaymentsToAcquirePropertyPlantAndEquipment,2020-02-01,2020-04-30,460000,10-Q,2021-06-09,2022,Q1
PATH,PaymentsToAcquirePropertyPlantAndEquipment,2021-02-01,2021-04-30,2200000,10-Q,2021-06-09,2022,Q1
PATH,PaymentsToAcquirePropertyPlantAndEquipment,2022-02-01,2022-04-30,9692000,10-Q,2022-06-03,2023,Q1
PATH,PaymentsToAcquirePropertyPlantAndEquipment,2023-02-01,2023-04-30,1870000,10-Q,2023-06-02,2024,Q1
PATH,PaymentsToAcquirePropertyPlantAndEquipment,2024-02-01,2024-04-30,1238000,10-Q,2024-06-03,2025,Q1
PATH,PaymentsToAcquirePropertyPlantAndEquipment,2025-02-01,2025-04-30,12832000,10-Q,2025-06-03,2026,Q1
PATH,PaymentsToAcquirePropertyPlantAndEquipment,2026-02-01,2026-04-30,2684000,10-Q,2026-06-04,2027,Q1
PAY,PaymentsToAcquirePropertyPlantAndEquipment,2021-01-01,2021-03-31,156000,10-Q,2022-05-06,2022,Q1
PAY,PaymentsToAcquirePropertyPlantAndEquipment,2022-01-01,2022-03-31,530000,10-Q,2022-05-06,2022,Q1
PAY,PaymentsToAcquirePropertyPlantAndEquipment,2023-01-01,2023-03-31,67000,10-Q,2023-05-08,2023,Q1
PAY,PaymentsToAcquirePropertyPlantAndEquipment,2024-01-01,2024-03-31,116000,10-Q,2024-05-07,2024,Q1
PAY,PaymentsToAcquirePropertyPlantAndEquipment,2025-01-01,2025-03-31,60000,10-Q,2025-05-07,2025,Q1
PAY,PaymentsToAcquirePropertyPlantAndEquipment,2026-01-01,2026-03-31,80000,10-Q,2026-05-05,2026,Q1
PAYC,PaymentsToAcquirePropertyPlantAndEquipment,2013-01-01,2013-03-31,1227000,10-Q/A,2014-06-12,2014,Q1
PAYC,PaymentsToAcquirePropertyPlantAndEquipment,2014-01-01,2014-03-31,5160000,10-Q/A,2014-06-12,2014,Q1
PAYC,PaymentsToAcquirePropertyPlantAndEquipment,2015-01-01,2015-03-31,2502000,10-Q,2015-05-13,2015,Q1
PAYC,PaymentsToAcquirePropertyPlantAndEquipment,2016-01-01,2016-03-31,8363000,10-Q,2016-05-05,2016,Q1
PAYC,PaymentsToAcquirePropertyPlantAndEquipment,2017-01-01,2017-03-31,9136000,10-Q,2017-05-04,2017,Q1
PAYC,PaymentsToAcquirePropertyPlantAndEquipment,2018-01-01,2018-03-31,18708000,10-Q,2018-05-03,2018,Q1
PAYC,PaymentsToAcquirePropertyPlantAndEquipment,2019-01-01,2019-03-31,14889000,10-Q,2019-05-02,2019,Q1
PAYC,PaymentsToAcquirePropertyPlantAndEquipment,2020-01-01,2020-03-31,25726000,10-Q,2020-04-30,2020,Q1
PAYC,PaymentsToAcquirePropertyPlantAndEquipment,2021-01-01,2021-03-31,25330000,10-Q,2021-05-06,2021,Q1
PAYC,PaymentsToAcquirePropertyPlantAndEquipment,2022-01-01,2022-03-31,34474000,10-Q,2022-05-05,2022,Q1
PAYC,PaymentsToAcquirePropertyPlantAndEquipment,2023-01-01,2023-03-31,40618000,10-Q,2023-05-04,2023,Q1
PAYC,PaymentsToAcquirePropertyPlantAndEquipment,2024-01-01,2024-03-31,47728000,10-Q,2024-05-02,2024,Q1
PAYC,PaymentsToAcquirePropertyPlantAndEquipment,2025-01-01,2025-03-31,37700000,10-Q,2025-05-08,2025,Q1
PAYC,PaymentsToAcquirePropertyPlantAndEquipment,2026-01-01,2026-03-31,31200000,10-Q,2026-05-07,2026,Q1
PAYX,PaymentsToAcquirePropertyPlantAndEquipment,2008-06-01,2008-08-31,16207000,10-Q,2009-09-23,2010,Q1
PAYX,PaymentsToAcquirePropertyPlantAndEquipment,2009-06-01,2009-08-31,10139000,10-Q,2009-09-23,2010,Q1
PAYX,PaymentsToAcquirePropertyPlantAndEquipment,2010-06-01,2010-08-31,16600000,10-Q,2010-09-27,2011,Q1
PAYX,PaymentsToAcquirePropertyPlantAndEquipment,2011-06-01,2011-08-31,20200000,10-Q,2011-09-27,2012,Q1
PAYX,PaymentsToAcquirePropertyPlantAndEquipment,2012-06-01,2012-08-31,22000000,10-Q,2012-09-24,2013,Q1
PAYX,PaymentsToAcquirePropertyPlantAndEquipment,2013-06-01,2013-08-31,25100000,10-Q,2013-09-30,2014,Q1
PAYX,PaymentsToAcquirePropertyPlantAndEquipment,2014-06-01,2014-08-31,24900000,10-Q,2014-09-24,2015,Q1
PAYX,PaymentsToAcquirePropertyPlantAndEquipment,2015-06-01,2015-08-31,21200000,10-Q,2015-09-30,2016,Q1
PAYX,PaymentsToAcquirePropertyPlantAndEquipment,2016-06-01,2016-08-31,20300000,10-Q,2016-09-30,2017,Q1
PAYX,PaymentsToAcquirePropertyPlantAndEquipment,2017-06-01,2017-08-31,18000000,10-Q,2017-10-06,2018,Q1
PAYX,PaymentsToAcquirePropertyPlantAndEquipment,2018-06-01,2018-08-31,24400000,10-Q,2018-10-05,2019,Q1
PAYX,PaymentsToAcquirePropertyPlantAndEquipment,2019-06-01,2019-08-31,26400000,10-Q,2019-10-04,2020,Q1
PAYX,PaymentsToAcquirePropertyPlantAndEquipment,2020-06-01,2020-08-31,20700000,10-Q,2020-10-09,2021,Q1
PAYX,PaymentsToAcquirePropertyPlantAndEquipment,2021-06-01,2021-08-31,30400000,10-Q,2021-10-01,2022,Q1
PAYX,PaymentsToAcquirePropertyPlantAndEquipment,2022-06-01,2022-08-31,30600000,10-Q,2022-09-29,2023,Q1
PAYX,PaymentsToAcquirePropertyPlantAndEquipment,2023-06-01,2023-08-31,38700000,10-Q,2023-09-28,2024,Q1
PAYX,PaymentsToAcquirePropertyPlantAndEquipment,2024-06-01,2024-08-31,35600000,10-Q,2024-10-01,2025,Q1
PAYX,PaymentsToAcquirePropertyPlantAndEquipment,2025-06-01,2025-08-31,55900000,10-Q,2025-09-30,2026,Q1
PAYX,PaymentsToAcquirePropertyPlantAndEquipment,2026-06-01,2026-08-31,56100000,10-Q,2026-09-24,2027,Q1
PBI,PaymentsToAcquirePropertyPlantAndEquipment,2009-01-01,2009-03-31,47776000,10-Q,2010-05-05,2010,Q1
PBI,PaymentsToAcquirePropertyPlantAndEquipment,2010-01-01,2010-03-31,28367000,10-Q,2010-05-05,2010,Q1
PBI,PaymentsToAcquirePropertyPlantAndEquipment,2011-01-01,2011-03-31,34676000,10-Q,2011-05-05,2011,Q1
PBI,PaymentsToAcquirePropertyPlantAndEquipment,2012-01-01,2012-03-31,50029000,10-Q,2012-05-08,2012,Q1
PBI,PaymentsToAcquirePropertyPlantAndEquipment,2013-01-01,2013-03-31,38839000,10-Q,2013-05-03,2013,Q1
PBI,PaymentsToAcquirePropertyPlantAndEquipment,2014-01-01,2014-03-31,30143000,10-Q,2014-05-02,2014,Q1
PBI,PaymentsToAcquirePropertyPlantAndEquipment,2015-01-01,2015-03-31,43908000,10-Q,2015-05-05,2015,Q1
PBI,PaymentsToAcquirePropertyPlantAndEquipment,2016-01-01,2016-03-31,40504000,10-Q,2016-05-06,2016,Q1
PBI,PaymentsToAcquirePropertyPlantAndEquipment,2017-01-01,2017-03-31,35920000,10-Q,2017-05-03,2017,Q1
PBI,PaymentsToAcquirePropertyPlantAndEquipment,2018-01-01,2018-03-31,42923000,10-Q,2018-05-04,2018,Q1
PBI,PaymentsToAcquirePropertyPlantAndEquipment,2019-01-01,2019-03-31,28754000,10-Q,2019-05-03,2019,Q1
PBI,PaymentsToAcquirePropertyPlantAndEquipment,2020-01-01,2020-03-31,25778000,10-Q,2020-05-04,2020,Q1
PBI,PaymentsToAcquirePropertyPlantAndEquipment,2021-01-01,2021-03-31,43328000,10-Q,2021-05-06,2021,Q1
PBI,PaymentsToAcquirePropertyPlantAndEquipment,2022-01-01,2022-03-31,32555000,10-Q,2022-05-05,2022,Q1
PBI,PaymentsToAcquirePropertyPlantAndEquipment,2023-01-01,2023-03-31,28666000,10-Q,2023-05-05,2023,Q1
PBI,PaymentsToAcquirePropertyPlantAndEquipment,2024-01-01,2024-03-31,19957000,10-Q,2024-05-02,2024,Q1
PBI,PaymentsToAcquirePropertyPlantAndEquipment,2025-01-01,2025-03-31,16887000,10-Q,2025-05-08,2025,Q1
PBI,PaymentsToAcquirePropertyPlantAndEquipment,2026-01-01,2026-03-31,15846000,10-Q,2026-05-06,2026,Q1
PCOR,PaymentsToAcquirePropertyPlantAndEquipment,2021-01-01,2021-03-31,2393000,10-Q,2022-05-06,2022,Q1
PCOR,PaymentsToAcquirePropertyPlantAndEquipment,2022-01-01,2022-03-31,7525000,10-Q,2022-05-06,2022,Q1
PCOR,PaymentsToAcquirePropertyPlantAndEquipment,2023-01-01,2023-03-31,2173000,10-Q,2023-05-05,2023,Q1
PCOR,PaymentsToAcquirePropertyPlantAndEquipment,2024-01-01,2024-03-31,2089000,10-Q,2024-05-02,2024,Q1
PCOR,PaymentsToAcquirePropertyPlantAndEquipment,2025-01-01,2025-03-31,4033000,10-Q,2025-05-02,2025,Q1
PCOR,PaymentsToAcquirePropertyPlantAndEquipment,2026-01-01,2026-03-31,2926000,10-Q,2026-05-06,2026,Q1
PCTY,PaymentsToAcquirePropertyPlantAndEquipment,2013-07-01,2013-09-30,1412000,10-Q,2014-11-07,2015,Q1
PCTY,PaymentsToAcquirePropertyPlantAndEquipment,2014-07-01,2014-09-30,2499000,10-Q,2014-11-07,2015,Q1
PCTY,PaymentsToAcquirePropertyPlantAndEquipment,2015-07-01,2015-09-30,1588000,10-Q,2015-11-06,2016,Q1
PCTY,PaymentsToAcquirePropertyPlantAndEquipment,2016-07-01,2016-09-30,2952000,10-Q,2016-11-04,2017,Q1
PCTY,PaymentsToAcquirePropertyPlantAndEquipment,2017-07-01,2017-09-30,2693000,10-Q,2017-11-03,2018,Q1
PCTY,PaymentsToAcquirePropertyPlantAndEquipment,2018-07-01,2018-09-30,2428000,10-Q,2018-11-02,2019,Q1
PCTY,PaymentsToAcquirePropertyPlantAndEquipment,2019-07-01,2019-09-30,8033000,10-Q,2019-10-31,2020,Q1
PCTY,PaymentsToAcquirePropertyPlantAndEquipment,2020-07-01,2020-09-30,2045000,10-Q,2020-11-06,2021,Q1
PCTY,PaymentsToAcquirePropertyPlantAndEquipment,2021-07-01,2021-09-30,3220000,10-Q,2021-11-05,2022,Q1
PCTY,PaymentsToAcquirePropertyPlantAndEquipment,2022-07-01,2022-09-30,3447000,10-Q,2022-11-04,2023,Q1
PCTY,PaymentsToAcquirePropertyPlantAndEquipment,2023-07-01,2023-09-30,3454000,10-Q,2023-11-03,2024,Q1
PCTY,PaymentsToAcquirePropertyPlantAndEquipment,2024-07-01,2024-09-30,2328000,10-Q,2024-10-31,2025,Q1
PCTY,PaymentsToAcquirePropertyPlantAndEquipment,2025-07-01,2025-09-30,3797000,10-Q,2025-11-05,2026,Q1
PD,PaymentsToAcquirePropertyPlantAndEquipment,2018-02-01,2018-04-30,382000,10-Q,2019-06-07,2020,Q1
PD,PaymentsToAcquirePropertyPlantAndEquipment,2019-02-01,2019-04-30,1190000,10-Q,2019-06-07,2020,Q1
PD,PaymentsToAcquirePropertyPlantAndEquipment,2020-02-01,2020-04-30,2713000,10-Q,2020-06-05,2021,Q1
PD,PaymentsToAcquirePropertyPlantAndEquipment,2021-02-01,2021-04-30,927000,10-Q,2021-06-04,2022,Q1
PD,PaymentsToAcquirePropertyPlantAndEquipment,2022-02-01,2022-04-30,2078000,10-Q,2022-06-03,2023,Q1
PD,PaymentsToAcquirePropertyPlantAndEquipment,2023-02-01,2023-04-30,235000,10-Q,2023-06-02,2024,Q1
PD,PaymentsToAcquirePropertyPlantAndEquipment,2024-02-01,2024-04-30,457000,10-Q,2024-05-31,2025,Q1
PD,PaymentsToAcquirePropertyPlantAndEquipment,2025-02-01,2025-04-30,441000,10-Q,2025-05-30,2026,Q1
PD,PaymentsToAcquirePropertyPlantAndEquipment,2026-02-01,2026-04-30,965000,10-Q,2026-05-28,2027,Q1
PDFS,PaymentsToAcquirePropertyPlantAndEquipment,2011-01-01,2011-03-31,42000,10-Q,2012-05-09,2012,Q1
PDFS,PaymentsToAcquirePropertyPlantAndEquipment,2012-01-01,2012-03-31,127000,10-Q,2012-05-09,2012,Q1
PDFS,PaymentsToAcquirePropertyPlantAndEquipment,2013-01-01,2013-03-31,1211000,10-Q,2013-05-08,2013,Q1
PDFS,PaymentsToAcquirePropertyPlantAndEquipment,2014-01-01,2014-03-31,929000,10-Q,2014-05-07,2014,Q1
PDFS,PaymentsToAcquirePropertyPlantAndEquipment,2015-01-01,2015-03-31,1145000,10-Q,2015-05-04,2015,Q1
PDFS,PaymentsToAcquirePropertyPlantAndEquipment,2016-01-01,2016-03-31,1780000,10-Q,2016-05-03,2016,Q1
PDFS,PaymentsToAcquirePropertyPlantAndEquipment,2017-01-01,2017-03-31,2313000,10-Q,2017-05-03,2017,Q1
PDFS,PaymentsToAcquirePropertyPlantAndEquipment,2018-01-01,2018-03-31,2447000,10-Q,2018-05-10,2018,Q1
PDFS,PaymentsToAcquirePropertyPlantAndEquipment,2019-01-01,2019-03-31,2357000,10-Q,2019-05-07,2019,Q1
PDFS,PaymentsToAcquirePropertyPlantAndEquipment,2020-01-01,2020-03-31,2068000,10-Q,2020-05-07,2020,Q1
PDFS,PaymentsToAcquirePropertyPlantAndEquipment,2021-01-01,2021-03-31,586000,10-Q,2021-05-06,2021,Q1
PDFS,PaymentsToAcquirePropertyPlantAndEquipment,2022-01-01,2022-03-31,1765000,10-Q,2022-05-12,2022,Q1
PDFS,PaymentsToAcquirePropertyPlantAndEquipment,2023-01-01,2023-03-31,2902000,10-Q,2023-05-09,2023,Q1
PDFS,PaymentsToAcquirePropertyPlantAndEquipment,2024-01-01,2024-03-31,2023000,10-Q,2024-05-09,2024,Q1
PDFS,PaymentsToAcquirePropertyPlantAndEquipment,2025-01-01,2025-03-31,8105000,10-Q,2025-05-08,2025,Q1
PDFS,PaymentsToAcquirePropertyPlantAndEquipment,2026-01-01,2026-03-31,10473000,10-Q,2026-05-07,2026,Q1
PDYN,PaymentsToAcquirePropertyPlantAndEquipment,2021-01-01,2021-03-31,962000,10-Q,2022-05-11,2022,Q1
PDYN,PaymentsToAcquirePropertyPlantAndEquipment,2022-01-01,2022-03-31,514000,10-Q,2022-05-11,2022,Q1
PDYN,PaymentsToAcquirePropertyPlantAndEquipment,2023-01-01,2023-03-31,400000,10-Q,2023-05-10,2023,Q1
PDYN,PaymentsToAcquirePropertyPlantAndEquipment,2024-01-01,2024-03-31,62000,10-Q,2024-05-08,2024,Q1
PDYN,PaymentsToAcquirePropertyPlantAndEquipment,2025-01-01,2025-03-31,93000,10-Q,2025-05-07,2025,Q1
PDYN,PaymentsToAcquirePropertyPlantAndEquipment,2026-01-01,2026-03-31,27000,10-Q,2026-05-05,2026,Q1
PEGA,PaymentsToAcquirePropertyPlantAndEquipment,2011-01-01,2011-03-31,1090000,10-Q,2012-05-03,2012,Q1
PEGA,PaymentsToAcquirePropertyPlantAndEquipment,2012-01-01,2012-03-31,4267000,10-Q,2012-05-03,2012,Q1
PEGA,PaymentsToAcquirePropertyPlantAndEquipment,2013-01-01,2013-03-31,1195000,10-Q,2013-05-06,2013,Q1
PEGA,PaymentsToAcquirePropertyPlantAndEquipment,2014-01-01,2014-03-31,1228000,10-Q,2014-05-06,2014,Q1
PEGA,PaymentsToAcquirePropertyPlantAndEquipment,2015-01-01,2015-03-31,3275000,10-Q,2015-05-06,2015,Q1
PEGA,PaymentsToAcquirePropertyPlantAndEquipment,2016-01-01,2016-03-31,4251000,10-Q,2016-05-05,2016,Q1
PEGA,PaymentsToAcquirePropertyPlantAndEquipment,2017-01-01,2017-03-31,2415000,10-Q,2017-05-10,2017,Q1
PEGA,PaymentsToAcquirePropertyPlantAndEquipment,2019-01-01,2019-03-31,2790000,10-Q,2020-04-29,2020,Q1
PEGA,PaymentsToAcquirePropertyPlantAndEquipment,2020-01-01,2020-03-31,12496000,10-Q,2020-04-29,2020,Q1
PEGA,PaymentsToAcquirePropertyPlantAndEquipment,2021-01-01,2021-03-31,1784000,10-Q,2021-04-28,2021,Q1
PEGA,PaymentsToAcquirePropertyPlantAndEquipment,2022-01-01,2022-03-31,6657000,10-Q,2022-04-28,2022,Q1
PEGA,PaymentsToAcquirePropertyPlantAndEquipment,2023-01-01,2023-03-31,11487000,10-Q,2023-04-26,2023,Q1
PEGA,PaymentsToAcquirePropertyPlantAndEquipment,2024-01-01,2024-03-31,604000,10-Q,2024-04-24,2024,Q1
PEGA,PaymentsToAcquirePropertyPlantAndEquipment,2025-01-01,2025-03-31,1880000,10-Q,2025-04-22,2025,Q1
PEGA,PaymentsToAcquirePropertyPlantAndEquipment,2026-01-01,2026-03-31,5726000,10-Q,2026-04-21,2026,Q1
PENG,PaymentsToAcquirePropertyPlantAndEquipment,2016-02-27,2016-05-27,4253000,10-Q,2017-06-29,2017,Q3
PENG,PaymentsToAcquirePropertyPlantAndEquipment,2016-08-27,2016-11-25,3075000,10-Q,2017-12-21,2018,Q1
PENG,PaymentsToAcquirePropertyPlantAndEquipment,2017-02-25,2017-05-26,3784000,10-Q,2017-06-29,2017,Q3
PENG,PaymentsToAcquirePropertyPlantAndEquipment,2017-08-26,2017-11-24,6039000,10-Q,2017-12-21,2018,Q1
PENG,PaymentsToAcquirePropertyPlantAndEquipment,2018-09-01,2018-11-30,13384000,10-Q,2019-01-08,2019,Q1
PENG,PaymentsToAcquirePropertyPlantAndEquipment,2019-08-31,2019-11-29,5158000,10-Q,2019-12-20,2020,Q1
PENG,PaymentsToAcquirePropertyPlantAndEquipment,2020-08-29,2020-11-27,14644000,10-Q,2021-01-05,2021,Q1
PENG,PaymentsToAcquirePropertyPlantAndEquipment,2021-08-28,2021-11-26,12766000,10-Q,2022-01-04,2022,Q1
PENG,PaymentsToAcquirePropertyPlantAndEquipment,2022-08-27,2022-11-25,11649000,10-Q,2023-01-03,2023,Q1
PENG,PaymentsToAcquirePropertyPlantAndEquipment,2023-08-26,2023-12-01,4648000,10-Q,2024-01-09,2024,Q1
PENG,PaymentsToAcquirePropertyPlantAndEquipment,2024-08-31,2024-11-29,1836000,10-Q,2025-01-08,2025,Q1
PENG,PaymentsToAcquirePropertyPlantAndEquipment,2025-08-30,2025-11-28,2853000,10-Q,2026-01-06,2026,Q1
PFE,PaymentsToAcquirePropertyPlantAndEquipment,2009-01-01,2009-03-29,253000000,10-Q,2010-05-13,2010,Q1
PFE,PaymentsToAcquirePropertyPlantAndEquipment,2010-01-01,2010-04-04,305000000,10-Q,2010-05-13,2010,Q1
PFE,PaymentsToAcquirePropertyPlantAndEquipment,2011-01-01,2011-04-03,250000000,10-Q,2011-05-12,2011,Q1
PFE,PaymentsToAcquirePropertyPlantAndEquipment,2012-01-01,2012-04-01,254000000,10-Q,2012-05-10,2012,Q1
PFE,PaymentsToAcquirePropertyPlantAndEquipment,2013-01-01,2013-03-31,202000000,10-Q,2013-05-10,2013,Q1
PFE,PaymentsToAcquirePropertyPlantAndEquipment,2014-01-01,2014-03-30,292000000,10-Q,2014-05-08,2014,Q1
PFE,PaymentsToAcquirePropertyPlantAndEquipment,2015-01-01,2015-03-29,239000000,10-Q,2015-05-07,2015,Q1
PFE,PaymentsToAcquirePropertyPlantAndEquipment,2016-01-01,2016-04-03,301000000,10-Q,2016-05-12,2016,Q1
PFE,PaymentsToAcquirePropertyPlantAndEquipment,2017-01-01,2017-04-02,358000000,10-Q,2017-05-11,2017,Q1
PFE,PaymentsToAcquirePropertyPlantAndEquipment,2018-01-01,2018-04-01,386000000,10-Q,2018-05-10,2018,Q1
PFE,PaymentsToAcquirePropertyPlantAndEquipment,2019-01-01,2019-03-31,460000000,10-Q,2019-05-09,2019,Q1
PFE,PaymentsToAcquirePropertyPlantAndEquipment,2020-01-01,2020-03-29,463000000,10-Q,2020-05-07,2020,Q1
PFE,PaymentsToAcquirePropertyPlantAndEquipment,2021-01-01,2021-04-04,554000000,10-Q,2021-05-13,2021,Q1
PFE,PaymentsToAcquirePropertyPlantAndEquipment,2022-01-01,2022-04-03,643000000,10-Q,2022-05-11,2022,Q1
PFE,PaymentsToAcquirePropertyPlantAndEquipment,2023-01-01,2023-04-02,1139000000,10-Q,2023-05-10,2023,Q1
PFE,PaymentsToAcquirePropertyPlantAndEquipment,2024-01-01,2024-03-31,704000000,10-Q,2024-05-08,2024,Q1
PFE,PaymentsToAcquirePropertyPlantAndEquipment,2025-01-01,2025-03-30,564000000,10-Q,2025-05-05,2025,Q1
PFE,PaymentsToAcquirePropertyPlantAndEquipment,2026-01-01,2026-03-29,436000000,10-Q,2026-05-05,2026,Q1
PH,PaymentsToAcquirePropertyPlantAndEquipment,2008-07-01,2008-09-30,98273000,10-Q,2009-11-03,2010,Q1
PH,PaymentsToAcquirePropertyPlantAndEquipment,2009-07-01,2009-09-30,30099000,10-Q,2009-11-03,2010,Q1
PH,PaymentsToAcquirePropertyPlantAndEquipment,2010-07-01,2010-09-30,52690000,10-Q,2010-11-08,2011,Q1
PH,PaymentsToAcquirePropertyPlantAndEquipment,2011-07-01,2011-09-30,43989000,10-Q,2011-11-09,2012,Q1
PH,PaymentsToAcquirePropertyPlantAndEquipment,2012-07-01,2012-09-30,76685000,10-Q,2012-11-02,2013,Q1
PH,PaymentsToAcquirePropertyPlantAndEquipment,2013-07-01,2013-09-30,56651000,10-Q,2013-11-04,2014,Q1
PH,PaymentsToAcquirePropertyPlantAndEquipment,2014-07-01,2014-09-30,54709000,10-Q,2014-10-31,2015,Q1
PH,PaymentsToAcquirePropertyPlantAndEquipment,2015-07-01,2015-09-30,38681000,10-Q,2015-11-03,2016,Q1
PH,PaymentsToAcquirePropertyPlantAndEquipment,2016-07-01,2016-09-30,32526000,10-Q,2016-11-01,2017,Q1
PH,PaymentsToAcquirePropertyPlantAndEquipment,2017-07-01,2017-09-30,79336000,10-Q,2017-11-08,2018,Q1
PH,PaymentsToAcquirePropertyPlantAndEquipment,2018-07-01,2018-09-30,42106000,10-Q,2018-11-07,2019,Q1
PH,PaymentsToAcquirePropertyPlantAndEquipment,2019-07-01,2019-09-30,50345000,10-Q,2019-11-06,2020,Q1
PH,PaymentsToAcquirePropertyPlantAndEquipment,2020-07-01,2020-09-30,42117000,10-Q,2020-11-06,2021,Q1
PH,PaymentsToAcquirePropertyPlantAndEquipment,2021-07-01,2021-09-30,48203000,10-Q,2021-11-05,2022,Q1
PH,PaymentsToAcquirePropertyPlantAndEquipment,2022-07-01,2022-09-30,83555000,10-Q,2022-11-04,2023,Q1
PH,PaymentsToAcquirePropertyPlantAndEquipment,2023-07-01,2023-09-30,97746000,10-Q,2023-11-07,2024,Q1
PH,PaymentsToAcquirePropertyPlantAndEquipment,2024-07-01,2024-09-30,95302000,10-Q,2024-11-05,2025,Q1
PH,PaymentsToAcquirePropertyPlantAndEquipment,2025-07-01,2025-09-30,89000000,10-Q,2025-11-07,2026,Q1
PL,PaymentsToAcquirePropertyPlantAndEquipment,2021-02-01,2021-04-30,1847000,10-Q,2022-06-14,2023,Q1
PL,PaymentsToAcquirePropertyPlantAndEquipment,2022-02-01,2022-04-30,2861000,10-Q,2022-06-14,2023,Q1
PL,PaymentsToAcquirePropertyPlantAndEquipment,2023-02-01,2023-04-30,6336000,10-Q,2023-06-09,2024,Q1
PL,PaymentsToAcquirePropertyPlantAndEquipment,2024-02-01,2024-04-30,9938000,10-Q,2024-06-06,2025,Q1
PL,PaymentsToAcquirePropertyPlantAndEquipment,2025-02-01,2025-04-30,8119000,10-Q,2025-06-04,2026,Q1
PL,PaymentsToAcquirePropertyPlantAndEquipment,2026-02-01,2026-04-30,17310000,10-Q,2026-06-05,2027,Q1
PLBY,PaymentsToAcquirePropertyPlantAndEquipment,2023-01-01,2023-03-31,1821000,10-Q,2024-05-09,2024,Q1
PLBY,PaymentsToAcquirePropertyPlantAndEquipment,2024-01-01,2024-03-31,594000,10-Q,2024-05-09,2024,Q1
PLBY,PaymentsToAcquirePropertyPlantAndEquipment,2025-01-01,2025-03-31,34000,10-Q,2025-05-15,2025,Q1
PLBY,PaymentsToAcquirePropertyPlantAndEquipment,2026-01-01,2026-03-31,632000,10-Q,2026-05-11,2026,Q1
PLNT,PaymentsToAcquirePropertyPlantAndEquipment,2015-01-01,2015-03-31,5326000,10-Q,2016-05-11,2016,Q1
PLNT,PaymentsToAcquirePropertyPlantAndEquipment,2016-01-01,2016-03-31,865000,10-Q,2016-05-11,2016,Q1
PLNT,PaymentsToAcquirePropertyPlantAndEquipment,2017-01-01,2017-03-31,5336000,10-Q,2017-05-03,2017,Q1
PLNT,PaymentsToAcquirePropertyPlantAndEquipment,2018-01-01,2018-03-31,2036000,10-Q,2018-05-09,2018,Q1
PLNT,PaymentsToAcquirePropertyPlantAndEquipment,2019-01-01,2019-03-31,7471000,10-Q,2019-05-08,2019,Q1
PLNT,PaymentsToAcquirePropertyPlantAndEquipment,2020-01-01,2020-03-31,9110000,10-Q,2020-05-11,2020,Q1
PLNT,PaymentsToAcquirePropertyPlantAndEquipment,2021-01-01,2021-03-31,6359000,10-Q,2021-05-07,2021,Q1
PLNT,PaymentsToAcquirePropertyPlantAndEquipment,2022-01-01,2022-03-31,23872000,10-Q,2022-05-10,2022,Q1
PLNT,PaymentsToAcquirePropertyPlantAndEquipment,2023-01-01,2023-03-31,22997000,10-Q,2023-05-08,2023,Q1
PLNT,PaymentsToAcquirePropertyPlantAndEquipment,2024-01-01,2024-03-31,26311000,10-Q,2024-05-09,2024,Q1
PLNT,PaymentsToAcquirePropertyPlantAndEquipment,2025-01-01,2025-03-31,23055000,10-Q,2025-05-09,2025,Q1
PLNT,PaymentsToAcquirePropertyPlantAndEquipment,2026-01-01,2026-03-31,25501000,10-Q,2026-05-07,2026,Q1
PLTR,PaymentsToAcquirePropertyPlantAndEquipment,2020-01-01,2020-03-31,3016000,10-Q,2021-05-12,2021,Q1
PLTR,PaymentsToAcquirePropertyPlantAndEquipment,2021-01-01,2021-03-31,708000,10-Q,2021-05-12,2021,Q1
PLTR,PaymentsToAcquirePropertyPlantAndEquipment,2022-01-01,2022-03-31,15215000,10-Q,2022-05-09,2022,Q1
PLTR,PaymentsToAcquirePropertyPlantAndEquipment,2023-01-01,2023-03-31,4755000,10-Q,2023-05-09,2023,Q1
PLTR,PaymentsToAcquirePropertyPlantAndEquipment,2024-01-01,2024-03-31,2664000,10-Q,2024-05-07,2024,Q1
PLTR,PaymentsToAcquirePropertyPlantAndEquipment,2025-01-01,2025-03-31,6184000,10-Q,2025-05-06,2025,Q1
PLTR,PaymentsToAcquirePropertyPlantAndEquipment,2026-01-01,2026-03-31,7401000,10-Q,2026-05-05,2026,Q1
PLUG,PaymentsToAcquirePropertyPlantAndEquipment,2011-01-01,2011-03-31,966875,10-Q,2012-05-15,2012,Q1
PLUG,PaymentsToAcquirePropertyPlantAndEquipment,2013-01-01,2013-03-31,1909,10-Q,2013-05-15,2013,Q1
PLUG,PaymentsToAcquirePropertyPlantAndEquipment,2014-01-01,2014-03-31,-286451,10-Q,2014-05-15,2014,Q1
PLUG,PaymentsToAcquirePropertyPlantAndEquipment,2015-01-01,2015-03-31,229459,10-Q,2015-05-11,2015,Q1
PLUG,PaymentsToAcquirePropertyPlantAndEquipment,2016-01-01,2016-03-31,1889000,10-Q,2016-05-10,2016,Q1
PLUG,PaymentsToAcquirePropertyPlantAndEquipment,2017-01-01,2017-03-31,303000,10-Q,2017-05-09,2017,Q1
PLUG,PaymentsToAcquirePropertyPlantAndEquipment,2018-01-01,2018-03-31,1026000,10-Q,2018-05-10,2018,Q1
PLUG,PaymentsToAcquirePropertyPlantAndEquipment,2019-01-01,2019-03-31,1468000,10-Q,2019-05-08,2019,Q1
PLUG,PaymentsToAcquirePropertyPlantAndEquipment,2020-01-01,2020-03-31,2507000,10-Q,2020-05-08,2020,Q1
PLUG,PaymentsToAcquirePropertyPlantAndEquipment,2021-01-01,2021-03-31,9879000,10-Q,2021-06-22,2021,Q1
PLUG,PaymentsToAcquirePropertyPlantAndEquipment,2022-01-01,2022-03-31,78394000,10-Q,2022-05-09,2022,Q1
PLUG,PaymentsToAcquirePropertyPlantAndEquipment,2023-01-01,2023-03-31,168565000,10-Q,2023-05-09,2023,Q1
PLUG,PaymentsToAcquirePropertyPlantAndEquipment,2024-01-01,2024-03-31,92621000,10-Q,2024-05-09,2024,Q1
PLUG,PaymentsToAcquirePropertyPlantAndEquipment,2025-01-01,2025-03-31,40451000,10-Q,2025-05-12,2025,Q1
PLUG,PaymentsToAcquirePropertyPlantAndEquipment,2026-01-01,2026-03-31,2407000,10-Q,2026-05-11,2026,Q1
PLUS,PaymentsToAcquirePropertyPlantAndEquipment,2025-04-01,2025-06-30,835000,10-Q,2026-08-04,2027,Q1
PLUS,PaymentsToAcquirePropertyPlantAndEquipment,2026-04-01,2026-06-30,853000,10-Q,2026-08-04,2027,Q1
PLX,PaymentsToAcquirePropertyPlantAndEquipment,2011-01-01,2011-03-31,2604000,10-Q,2012-05-09,2012,Q1
PLX,PaymentsToAcquirePropertyPlantAndEquipment,2012-01-01,2012-03-31,810000,10-Q,2012-05-09,2012,Q1
PLX,PaymentsToAcquirePropertyPlantAndEquipment,2013-01-01,2013-03-31,642000,10-Q,2013-05-09,2013,Q1
PLX,PaymentsToAcquirePropertyPlantAndEquipment,2014-01-01,2014-03-31,263000,10-Q,2014-05-08,2014,Q1
PLX,PaymentsToAcquirePropertyPlantAndEquipment,2015-01-01,2015-03-31,99000,10-Q,2015-05-07,2015,Q1
PLX,PaymentsToAcquirePropertyPlantAndEquipment,2016-01-01,2016-03-31,251000,10-Q,2016-05-09,2016,Q1
PLX,PaymentsToAcquirePropertyPlantAndEquipment,2017-01-01,2017-03-31,220000,10-Q,2017-05-10,2017,Q1
PLX,PaymentsToAcquirePropertyPlantAndEquipment,2018-01-01,2018-03-31,249000,10-Q,2018-05-09,2018,Q1
PLX,PaymentsToAcquirePropertyPlantAndEquipment,2019-01-01,2019-03-31,170000,10-Q,2019-05-06,2019,Q1
PLX,PaymentsToAcquirePropertyPlantAndEquipment,2020-01-01,2020-03-31,66000,10-Q,2020-06-01,2020,Q1
PLX,PaymentsToAcquirePropertyPlantAndEquipment,2021-01-01,2021-03-31,386000,10-Q,2021-05-14,2021,Q1
PLX,PaymentsToAcquirePropertyPlantAndEquipment,2022-01-01,2022-03-31,229000,10-Q,2022-05-16,2022,Q1
PLX,PaymentsToAcquirePropertyPlantAndEquipment,2023-01-01,2023-03-31,248000,10-Q,2023-05-04,2023,Q1
PLX,PaymentsToAcquirePropertyPlantAndEquipment,2024-01-01,2024-03-31,598000,10-Q,2024-05-10,2024,Q1
PLX,PaymentsToAcquirePropertyPlantAndEquipment,2025-01-01,2025-03-31,306000,10-Q,2025-05-09,2025,Q1
PLX,PaymentsToAcquirePropertyPlantAndEquipment,2026-01-01,2026-03-31,761000,10-Q,2026-05-13,2026,Q1
PODD,PaymentsToAcquirePropertyPlantAndEquipment,2011-01-01,2011-03-31,2897000,10-Q,2012-05-09,2012,Q1
PODD,PaymentsToAcquirePropertyPlantAndEquipment,2012-01-01,2012-03-31,1699000,10-Q,2012-05-09,2012,Q1
PODD,PaymentsToAcquirePropertyPlantAndEquipment,2013-01-01,2013-03-31,1069000,10-Q,2013-05-08,2013,Q1
PODD,PaymentsToAcquirePropertyPlantAndEquipment,2014-01-01,2014-03-31,2157000,10-Q,2014-05-07,2014,Q1
PODD,PaymentsToAcquirePropertyPlantAndEquipment,2015-01-01,2015-03-31,4346000,10-Q,2015-04-30,2015,Q1
PODD,PaymentsToAcquirePropertyPlantAndEquipment,2016-01-01,2016-03-31,3160000,10-Q,2016-04-29,2016,Q1
PODD,PaymentsToAcquirePropertyPlantAndEquipment,2017-01-01,2017-03-31,25679000,10-Q,2017-05-09,2017,Q1
PODD,PaymentsToAcquirePropertyPlantAndEquipment,2018-01-01,2018-03-31,35374000,10-Q,2018-05-04,2018,Q1
PODD,PaymentsToAcquirePropertyPlantAndEquipment,2019-01-01,2019-03-31,45255000,10-Q,2019-05-03,2019,Q1
PODD,PaymentsToAcquirePropertyPlantAndEquipment,2020-01-01,2020-03-31,26900000,10-Q,2020-05-08,2020,Q1
PODD,PaymentsToAcquirePropertyPlantAndEquipment,2021-01-01,2021-03-31,32900000,10-Q,2021-05-07,2021,Q1
PODD,PaymentsToAcquirePropertyPlantAndEquipment,2022-01-01,2022-03-31,12800000,10-Q,2022-05-06,2022,Q1
PODD,PaymentsToAcquirePropertyPlantAndEquipment,2023-01-01,2023-03-31,10500000,10-Q,2023-05-05,2023,Q1
PODD,PaymentsToAcquirePropertyPlantAndEquipment,2024-01-01,2024-03-31,22100000,10-Q,2024-05-10,2024,Q1
PODD,PaymentsToAcquirePropertyPlantAndEquipment,2025-01-01,2025-03-31,12300000,10-Q,2025-05-09,2025,Q1
PODD,PaymentsToAcquirePropertyPlantAndEquipment,2026-01-01,2026-03-31,24300000,10-Q,2026-05-06,2026,Q1
POWL,PaymentsToAcquirePropertyPlantAndEquipment,2010-10-01,2010-12-31,763000,10-Q,2012-02-08,2012,Q1
POWL,PaymentsToAcquirePropertyPlantAndEquipment,2011-10-01,2011-12-31,9378000,10-Q,2012-02-08,2012,Q1
POWL,PaymentsToAcquirePropertyPlantAndEquipment,2012-10-01,2012-12-31,13375000,10-Q,2013-02-06,2013,Q1
POWL,PaymentsToAcquirePropertyPlantAndEquipment,2013-10-01,2013-12-31,5764000,10-Q,2014-02-05,2014,Q1
POWL,PaymentsToAcquirePropertyPlantAndEquipment,2014-10-01,2014-12-31,18962000,10-Q,2015-02-04,2015,Q1
POWL,PaymentsToAcquirePropertyPlantAndEquipment,2015-10-01,2015-12-31,629000,10-Q,2016-02-03,2016,Q1
POWL,PaymentsToAcquirePropertyPlantAndEquipment,2016-10-01,2016-12-31,928000,10-Q,2017-02-08,2017,Q1
POWL,PaymentsToAcquirePropertyPlantAndEquipment,2017-10-01,2017-12-31,1701000,10-Q,2018-02-07,2018,Q1
POWL,PaymentsToAcquirePropertyPlantAndEquipment,2018-10-01,2018-12-31,764000,10-Q,2019-02-06,2019,Q1
POWL,PaymentsToAcquirePropertyPlantAndEquipment,2019-10-01,2019-12-31,2402000,10-Q,2020-02-05,2020,Q1
POWL,PaymentsToAcquirePropertyPlantAndEquipment,2020-10-01,2020-12-31,961000,10-Q,2021-02-03,2021,Q1
POWL,PaymentsToAcquirePropertyPlantAndEquipment,2021-10-01,2021-12-31,436000,10-Q,2022-02-09,2022,Q1
POWL,PaymentsToAcquirePropertyPlantAndEquipment,2022-10-01,2022-12-31,2726000,10-Q,2023-02-01,2023,Q1
POWL,PaymentsToAcquirePropertyPlantAndEquipment,2023-10-01,2023-12-31,1235000,10-Q,2024-01-31,2024,Q1
POWL,PaymentsToAcquirePropertyPlantAndEquipment,2024-10-01,2024-12-31,2189000,10-Q,2025-02-07,2025,Q1
POWL,PaymentsToAcquirePropertyPlantAndEquipment,2025-10-01,2025-12-31,2029000,10-Q,2026-02-04,2026,Q1
PRCH,PaymentsToAcquirePropertyPlantAndEquipment,2020-01-01,2020-03-31,84000,10-Q,2021-05-20,2021,Q1
PRCH,PaymentsToAcquirePropertyPlantAndEquipment,2021-01-01,2021-03-31,34000,10-Q,2021-05-20,2021,Q1
PRCH,PaymentsToAcquirePropertyPlantAndEquipment,2022-01-01,2022-03-31,1167000,10-Q,2022-05-10,2022,Q1
PRCH,PaymentsToAcquirePropertyPlantAndEquipment,2023-01-01,2023-03-31,356000,10-Q,2023-05-10,2023,Q1
PRCH,PaymentsToAcquirePropertyPlantAndEquipment,2024-01-01,2024-03-31,41000,10-Q,2024-05-08,2024,Q1
PRCH,PaymentsToAcquirePropertyPlantAndEquipment,2025-01-01,2025-03-31,65000,10-Q,2025-05-08,2025,Q1
PRCH,PaymentsToAcquirePropertyPlantAndEquipment,2026-01-01,2026-03-31,176000,10-Q,2026-04-28,2026,Q1
PRGS,PaymentsToAcquirePropertyPlantAndEquipment,2009-12-01,2010-02-28,1502000,10-Q,2011-04-11,2011,Q1
PRGS,PaymentsToAcquirePropertyPlantAndEquipment,2010-12-01,2011-02-28,3352000,10-Q,2011-04-11,2011,Q1
PRGS,PaymentsToAcquirePropertyPlantAndEquipment,2011-12-01,2012-02-29,3942000,10-Q,2012-04-09,2012,Q1
PRGS,PaymentsToAcquirePropertyPlantAndEquipment,2012-12-01,2013-02-28,898000,10-Q,2013-04-09,2013,Q1
PRGS,PaymentsToAcquirePropertyPlantAndEquipment,2013-12-01,2014-02-28,5697000,10-Q,2014-04-09,2014,Q1
PRGS,PaymentsToAcquirePropertyPlantAndEquipment,2014-12-01,2015-02-28,2335000,10-Q,2015-04-07,2015,Q1
PRGS,PaymentsToAcquirePropertyPlantAndEquipment,2015-12-01,2016-02-29,1414000,10-Q,2016-04-08,2016,Q1
PRGS,PaymentsToAcquirePropertyPlantAndEquipment,2016-12-01,2017-02-28,383000,10-Q,2017-04-07,2017,Q1
PRGS,PaymentsToAcquirePropertyPlantAndEquipment,2017-12-01,2018-02-28,1386000,10-Q,2018-04-06,2018,Q1
PRGS,PaymentsToAcquirePropertyPlantAndEquipment,2018-12-01,2019-02-28,246000,10-Q,2019-04-05,2019,Q1
PRGS,PaymentsToAcquirePropertyPlantAndEquipment,2019-12-01,2020-02-29,1148000,10-Q,2020-04-07,2020,Q1
PRGS,PaymentsToAcquirePropertyPlantAndEquipment,2020-12-01,2021-02-28,1166000,10-Q,2021-04-05,2021,Q1
PRGS,PaymentsToAcquirePropertyPlantAndEquipment,2021-12-01,2022-02-28,831000,10-Q,2022-04-07,2022,Q1
PRGS,PaymentsToAcquirePropertyPlantAndEquipment,2022-12-01,2023-02-28,385000,10-Q,2023-04-07,2023,Q1
PRGS,PaymentsToAcquirePropertyPlantAndEquipment,2023-12-01,2024-02-29,309000,10-Q,2024-04-08,2024,Q1
PRGS,PaymentsToAcquirePropertyPlantAndEquipment,2024-12-01,2025-02-28,1290000,10-Q,2025-03-31,2025,Q1
PRGS,PaymentsToAcquirePropertyPlantAndEquipment,2025-12-01,2026-02-28,2705000,10-Q,2026-03-31,2026,Q1
PRIM,PaymentsToAcquirePropertyPlantAndEquipment,2011-01-01,2011-03-31,4080000,10-Q,2012-05-09,2012,Q1
PRIM,PaymentsToAcquirePropertyPlantAndEquipment,2012-01-01,2012-03-31,5188000,10-Q,2012-05-09,2012,Q1
PRIM,PaymentsToAcquirePropertyPlantAndEquipment,2013-01-01,2013-03-31,19550000,10-Q,2013-05-07,2013,Q1
PRIM,PaymentsToAcquirePropertyPlantAndEquipment,2014-01-01,2014-03-31,15067000,10-Q,2014-05-06,2014,Q1
PRIM,PaymentsToAcquirePropertyPlantAndEquipment,2015-01-01,2015-03-31,16581000,10-Q,2015-05-06,2015,Q1
PRIM,PaymentsToAcquirePropertyPlantAndEquipment,2016-01-01,2016-03-31,12255000,10-Q,2016-05-06,2016,Q1
PRIM,PaymentsToAcquirePropertyPlantAndEquipment,2017-01-01,2017-03-31,19222000,10-Q,2017-05-08,2017,Q1
PRIM,PaymentsToAcquirePropertyPlantAndEquipment,2018-01-01,2018-03-31,19125000,10-Q,2018-05-08,2018,Q1
PRIM,PaymentsToAcquirePropertyPlantAndEquipment,2019-01-01,2019-03-31,14377000,10-Q,2019-05-07,2019,Q1
PRIM,PaymentsToAcquirePropertyPlantAndEquipment,2020-01-01,2020-03-31,9311000,10-Q,2020-05-05,2020,Q1
PRIM,PaymentsToAcquirePropertyPlantAndEquipment,2021-01-01,2021-03-31,19078000,10-Q,2021-05-06,2021,Q1
PRIM,PaymentsToAcquirePropertyPlantAndEquipment,2022-01-01,2022-03-31,33165000,10-Q,2022-05-10,2022,Q1
PRIM,PaymentsToAcquirePropertyPlantAndEquipment,2023-01-01,2023-03-31,13847000,10-Q,2023-05-10,2023,Q1
PRIM,PaymentsToAcquirePropertyPlantAndEquipment,2024-01-01,2024-03-31,10434000,10-Q,2024-05-09,2024,Q1
PRIM,PaymentsToAcquirePropertyPlantAndEquipment,2025-01-01,2025-03-31,40590000,10-Q,2025-05-06,2025,Q1
PRIM,PaymentsToAcquirePropertyPlantAndEquipment,2026-01-01,2026-03-31,27800000,10-Q,2026-05-06,2026,Q1
PTC,PaymentsToAcquirePropertyPlantAndEquipment,2009-10-01,2010-01-02,7877000,10-Q,2011-02-09,2011,Q1
PTC,PaymentsToAcquirePropertyPlantAndEquipment,2010-10-01,2011-01-01,5412000,10-Q,2011-02-09,2011,Q1
PTC,PaymentsToAcquirePropertyPlantAndEquipment,2011-10-01,2011-12-31,7570000,10-Q,2012-02-08,2012,Q1
PTC,PaymentsToAcquirePropertyPlantAndEquipment,2012-10-01,2012-12-29,7393000,10-Q,2013-02-06,2013,Q1
PTC,PaymentsToAcquirePropertyPlantAndEquipment,2013-10-01,2013-12-28,5774000,10-Q,2014-02-04,2014,Q1
PTC,PaymentsToAcquirePropertyPlantAndEquipment,2014-10-01,2015-01-03,7947000,10-Q,2015-02-10,2015,Q1
PTC,PaymentsToAcquirePropertyPlantAndEquipment,2015-10-01,2016-01-02,4185000,10-Q,2016-02-10,2016,Q1
PTC,PaymentsToAcquirePropertyPlantAndEquipment,2016-10-01,2016-12-31,7100000,10-Q,2017-02-09,2017,Q1
PTC,PaymentsToAcquirePropertyPlantAndEquipment,2017-10-01,2017-12-30,6377000,10-Q,2018-02-06,2018,Q1
PTC,PaymentsToAcquirePropertyPlantAndEquipment,2018-10-01,2018-12-29,30332000,10-Q,2019-02-07,2019,Q1
PTC,PaymentsToAcquirePropertyPlantAndEquipment,2019-10-01,2019-12-28,4707000,10-Q,2020-01-27,2020,Q1
PTC,PaymentsToAcquirePropertyPlantAndEquipment,2020-10-01,2020-12-31,2857000,10-Q,2021-02-04,2021,Q1
PTC,PaymentsToAcquirePropertyPlantAndEquipment,2021-10-01,2021-12-31,3362000,10-Q,2022-02-07,2022,Q1
PTC,PaymentsToAcquirePropertyPlantAndEquipment,2022-10-01,2022-12-31,9180000,10-Q,2023-02-09,2022,Q1
PTC,PaymentsToAcquirePropertyPlantAndEquipment,2023-10-01,2023-12-31,4563000,10-Q,2024-02-02,2024,Q1
PTC,PaymentsToAcquirePropertyPlantAndEquipment,2024-10-01,2024-12-31,2767000,10-Q,2025-02-06,2025,Q1
PTC,PaymentsToAcquirePropertyPlantAndEquipment,2025-10-01,2025-12-31,2341000,10-Q,2026-02-05,2026,Q1
PTCT,PaymentsToAcquirePropertyPlantAndEquipment,2013-01-01,2013-03-31,21000,10-Q,2014-05-06,2014,Q1
PTCT,PaymentsToAcquirePropertyPlantAndEquipment,2014-01-01,2014-03-31,186000,10-Q,2014-05-06,2014,Q1
PTCT,PaymentsToAcquirePropertyPlantAndEquipment,2015-01-01,2015-03-31,883000,10-Q,2015-05-05,2015,Q1
PTCT,PaymentsToAcquirePropertyPlantAndEquipment,2016-01-01,2016-03-31,265000,10-Q,2016-05-05,2016,Q1
PTCT,PaymentsToAcquirePropertyPlantAndEquipment,2017-01-01,2017-03-31,225000,10-Q,2017-05-08,2017,Q1
PTCT,PaymentsToAcquirePropertyPlantAndEquipment,2018-01-01,2018-03-31,479000,10-Q,2018-05-09,2018,Q1
PTCT,PaymentsToAcquirePropertyPlantAndEquipment,2019-01-01,2019-03-31,2865000,10-Q,2019-05-02,2019,Q1
PTCT,PaymentsToAcquirePropertyPlantAndEquipment,2020-01-01,2020-03-31,6023000,10-Q,2020-04-30,2020,Q1
PTCT,PaymentsToAcquirePropertyPlantAndEquipment,2021-01-01,2021-03-31,5669000,10-Q,2021-05-04,2021,Q1
PTCT,PaymentsToAcquirePropertyPlantAndEquipment,2022-01-01,2022-03-31,9312000,10-Q,2022-05-03,2022,Q1
PTCT,PaymentsToAcquirePropertyPlantAndEquipment,2023-01-01,2023-03-31,10270000,10-Q,2023-04-27,2023,Q1
PTCT,PaymentsToAcquirePropertyPlantAndEquipment,2024-01-01,2024-03-31,9588000,10-Q,2024-04-25,2024,Q1
PTCT,PaymentsToAcquirePropertyPlantAndEquipment,2025-01-01,2025-03-31,1724000,10-Q,2025-05-06,2025,Q1
PTCT,PaymentsToAcquirePropertyPlantAndEquipment,2026-01-01,2026-03-31,1197000,10-Q,2026-05-07,2026,Q1
PTEN,PaymentsToAcquirePropertyPlantAndEquipment,2009-01-01,2009-03-31,89792000,10-Q,2010-05-04,2010,Q1
PTEN,PaymentsToAcquirePropertyPlantAndEquipment,2010-01-01,2010-03-31,108938000,10-Q,2010-05-04,2010,Q1
PTEN,PaymentsToAcquirePropertyPlantAndEquipment,2011-01-01,2011-03-31,182552000,10-Q,2011-05-02,2011,Q1
PTEN,PaymentsToAcquirePropertyPlantAndEquipment,2012-01-01,2012-03-31,263403000,10-Q,2012-04-30,2012,Q1
PTEN,PaymentsToAcquirePropertyPlantAndEquipment,2013-01-01,2013-03-31,174161000,10-Q,2013-05-01,2013,Q1
PTEN,PaymentsToAcquirePropertyPlantAndEquipment,2014-01-01,2014-03-31,170372000,10-Q,2014-04-28,2014,Q1
PTEN,PaymentsToAcquirePropertyPlantAndEquipment,2015-01-01,2015-03-31,241466000,10-Q,2015-04-27,2015,Q1
PTEN,PaymentsToAcquirePropertyPlantAndEquipment,2016-01-01,2016-03-31,21301000,10-Q,2016-05-02,2016,Q1
PTEN,PaymentsToAcquirePropertyPlantAndEquipment,2016-04-01,2016-06-30,30533000,10-Q,2017-08-04,2017,Q2
PTEN,PaymentsToAcquirePropertyPlantAndEquipment,2016-07-01,2016-09-30,28677000,10-Q,2017-11-02,2017,Q3
PTEN,PaymentsToAcquirePropertyPlantAndEquipment,2017-01-01,2017-03-31,68440000,10-Q,2017-05-02,2017,Q1
PTEN,PaymentsToAcquirePropertyPlantAndEquipment,2017-04-01,2017-06-30,118350000,10-Q,2017-08-04,2017,Q2
PTEN,PaymentsToAcquirePropertyPlantAndEquipment,2017-07-01,2017-09-30,143061000,10-Q,2017-11-02,2017,Q3
PTEN,PaymentsToAcquirePropertyPlantAndEquipment,2018-01-01,2018-03-31,122921000,10-Q,2018-05-01,2018,Q1
PTEN,PaymentsToAcquirePropertyPlantAndEquipment,2018-04-01,2018-06-30,194862000,10-Q,2018-07-30,2018,Q2
PTEN,PaymentsToAcquirePropertyPlantAndEquipment,2018-07-01,2018-09-30,162785000,10-Q,2018-10-29,2018,Q3
PTEN,PaymentsToAcquirePropertyPlantAndEquipment,2019-01-01,2019-03-31,118341000,10-Q,2019-04-29,2019,Q1
PTEN,PaymentsToAcquirePropertyPlantAndEquipment,2019-04-01,2019-06-30,96919000,10-Q,2019-07-29,2019,Q2
PTEN,PaymentsToAcquirePropertyPlantAndEquipment,2019-07-01,2019-09-30,68028000,10-Q,2019-10-30,2019,Q3
PTEN,PaymentsToAcquirePropertyPlantAndEquipment,2020-01-01,2020-03-31,71928000,10-Q,2020-04-28,2020,Q1
PTEN,PaymentsToAcquirePropertyPlantAndEquipment,2020-04-01,2020-06-30,49673000,10-Q,2020-07-28,2020,Q2
PTEN,PaymentsToAcquirePropertyPlantAndEquipment,2020-07-01,2020-09-30,13442000,10-Q,2020-10-27,2020,Q3
PTEN,PaymentsToAcquirePropertyPlantAndEquipment,2021-01-01,2021-03-31,18523000,10-Q,2021-05-04,2021,Q1
PTEN,PaymentsToAcquirePropertyPlantAndEquipment,2021-04-01,2021-06-30,38050000,10-Q,2021-08-03,2021,Q2
PTEN,PaymentsToAcquirePropertyPlantAndEquipment,2021-07-01,2021-09-30,34264000,10-Q,2021-11-02,2021,Q3
PTEN,PaymentsToAcquirePropertyPlantAndEquipment,2022-01-01,2022-03-31,94828000,10-Q,2022-05-03,2022,Q1
PTEN,PaymentsToAcquirePropertyPlantAndEquipment,2022-04-01,2022-06-30,96370000,10-Q,2022-08-02,2022,Q2
PTEN,PaymentsToAcquirePropertyPlantAndEquipment,2022-07-01,2022-09-30,126355000,10-Q,2022-10-31,2022,Q3
PTEN,PaymentsToAcquirePropertyPlantAndEquipment,2023-01-01,2023-03-31,117601000,10-Q,2023-05-01,2023,Q1
PTEN,PaymentsToAcquirePropertyPlantAndEquipment,2023-04-01,2023-06-30,132394000,10-Q,2023-08-01,2023,Q2
PTEN,PaymentsToAcquirePropertyPlantAndEquipment,2023-07-01,2023-09-30,160422000,10-Q,2023-11-09,2023,Q3
PTEN,PaymentsToAcquirePropertyPlantAndEquipment,2024-01-01,2024-03-31,226941000,10-Q,2024-05-06,2024,Q1
PTEN,PaymentsToAcquirePropertyPlantAndEquipment,2025-01-01,2025-03-31,161831000,10-Q,2025-04-29,2025,Q1
PTEN,PaymentsToAcquirePropertyPlantAndEquipment,2026-01-01,2026-03-31,116628000,10-Q,2026-04-28,2026,Q1
PTGX,PaymentsToAcquirePropertyPlantAndEquipment,2016-01-01,2016-03-31,251000,10-Q,2017-05-10,2017,Q1
PTGX,PaymentsToAcquirePropertyPlantAndEquipment,2017-01-01,2017-03-31,48000,10-Q,2017-05-10,2017,Q1
PTGX,PaymentsToAcquirePropertyPlantAndEquipment,2018-01-01,2018-03-31,208000,10-Q,2018-05-09,2018,Q1
PTGX,PaymentsToAcquirePropertyPlantAndEquipment,2019-01-01,2019-03-31,166000,10-Q,2019-05-08,2019,Q1
PTGX,PaymentsToAcquirePropertyPlantAndEquipment,2020-01-01,2020-03-31,138000,10-Q,2020-05-07,2020,Q1
PTGX,PaymentsToAcquirePropertyPlantAndEquipment,2021-01-01,2021-03-31,140000,10-Q,2021-05-04,2021,Q1
PTGX,PaymentsToAcquirePropertyPlantAndEquipment,2022-01-01,2022-03-31,273000,10-Q,2022-05-05,2022,Q1
PTGX,PaymentsToAcquirePropertyPlantAndEquipment,2023-01-01,2023-03-31,10000,10-Q,2023-05-04,2023,Q1
PTGX,PaymentsToAcquirePropertyPlantAndEquipment,2024-01-01,2024-03-31,242000,10-Q,2024-05-07,2024,Q1
PTGX,PaymentsToAcquirePropertyPlantAndEquipment,2025-01-01,2025-03-31,545000,10-Q,2025-05-06,2025,Q1
PTGX,PaymentsToAcquirePropertyPlantAndEquipment,2026-01-01,2026-03-31,215000,10-Q,2026-05-05,2026,Q1
PUMP,PaymentsToAcquirePropertyPlantAndEquipment,2016-01-01,2016-03-31,12217000,10-Q,2017-05-12,2017,Q1
PUMP,PaymentsToAcquirePropertyPlantAndEquipment,2017-01-01,2017-03-31,50910000,10-Q,2017-05-12,2017,Q1
PUMP,PaymentsToAcquirePropertyPlantAndEquipment,2018-01-01,2018-03-31,75148000,10-Q,2018-05-09,2018,Q1
PUMP,PaymentsToAcquirePropertyPlantAndEquipment,2019-01-01,2019-03-31,178912000,10-Q,2019-05-08,2019,Q1
PUMP,PaymentsToAcquirePropertyPlantAndEquipment,2020-01-01,2020-03-31,47290000,10-Q,2020-07-02,2020,Q1
PUMP,PaymentsToAcquirePropertyPlantAndEquipment,2021-01-01,2021-03-31,22494000,10-Q,2021-05-06,2021,Q1
PUMP,PaymentsToAcquirePropertyPlantAndEquipment,2022-01-01,2022-03-31,64323000,10-Q,2022-05-05,2022,Q1
PUMP,PaymentsToAcquirePropertyPlantAndEquipment,2023-01-01,2023-03-31,114839000,10-Q,2023-05-04,2023,Q1
PUMP,PaymentsToAcquirePropertyPlantAndEquipment,2024-01-01,2024-03-31,34585000,10-Q,2024-05-02,2024,Q1
PUMP,PaymentsToAcquirePropertyPlantAndEquipment,2025-01-01,2025-03-31,40913000,10-Q,2025-05-01,2025,Q1
PUMP,PaymentsToAcquirePropertyPlantAndEquipment,2026-01-01,2026-03-31,43364000,10-Q,2026-04-30,2026,Q1
PWR,PaymentsToAcquirePropertyPlantAndEquipment,2008-04-01,2008-06-30,59983000,10-Q,2009-08-10,2009,Q2
PWR,PaymentsToAcquirePropertyPlantAndEquipment,2008-07-01,2008-09-30,51776000,10-Q,2009-11-09,2009,Q3
PWR,PaymentsToAcquirePropertyPlantAndEquipment,2009-01-01,2009-03-31,41265000,10-Q,2010-05-10,2010,Q1
PWR,PaymentsToAcquirePropertyPlantAndEquipment,2009-04-01,2009-06-30,43575000,10-Q,2009-08-10,2009,Q2
PWR,PaymentsToAcquirePropertyPlantAndEquipment,2009-07-01,2009-09-30,36012000,10-Q,2009-11-09,2009,Q3
PWR,PaymentsToAcquirePropertyPlantAndEquipment,2010-01-01,2010-03-31,43799000,10-Q,2010-05-10,2010,Q1
PWR,PaymentsToAcquirePropertyPlantAndEquipment,2010-04-01,2010-06-30,37361000,10-Q,2010-08-09,2010,Q2
PWR,PaymentsToAcquirePropertyPlantAndEquipment,2010-07-01,2010-09-30,31674000,10-Q,2010-11-09,2010,Q3
PWR,PaymentsToAcquirePropertyPlantAndEquipment,2011-01-01,2011-03-31,37488000,10-Q,2011-05-06,2011,Q1
PWR,PaymentsToAcquirePropertyPlantAndEquipment,2011-04-01,2011-06-30,52204000,10-Q,2011-08-05,2011,Q2
PWR,PaymentsToAcquirePropertyPlantAndEquipment,2011-07-01,2011-09-30,43077000,10-Q,2011-11-08,2011,Q3
PWR,PaymentsToAcquirePropertyPlantAndEquipment,2012-01-01,2012-03-31,35344000,10-Q,2012-05-09,2012,Q1
PWR,PaymentsToAcquirePropertyPlantAndEquipment,2012-04-01,2012-06-30,49975000,10-Q,2012-08-08,2012,Q2
PWR,PaymentsToAcquirePropertyPlantAndEquipment,2012-07-01,2012-09-30,71056000,10-Q,2012-11-07,2012,Q3
PWR,PaymentsToAcquirePropertyPlantAndEquipment,2013-01-01,2013-03-31,57637000,10-Q,2013-05-08,2013,Q1
PWR,PaymentsToAcquirePropertyPlantAndEquipment,2013-04-01,2013-06-30,81743000,10-Q,2013-08-09,2013,Q2
PWR,PaymentsToAcquirePropertyPlantAndEquipment,2013-07-01,2013-09-30,51074000,10-Q,2013-11-08,2013,Q3
PWR,PaymentsToAcquirePropertyPlantAndEquipment,2014-01-01,2014-03-31,71418000,10-Q,2014-05-08,2014,Q1
PWR,PaymentsToAcquirePropertyPlantAndEquipment,2014-04-01,2014-06-30,75404000,10-Q,2014-08-08,2014,Q2
PWR,PaymentsToAcquirePropertyPlantAndEquipment,2014-07-01,2014-09-30,79857000,10-Q,2014-11-06,2014,Q3
PWR,PaymentsToAcquirePropertyPlantAndEquipment,2015-01-01,2015-03-31,66168000,10-Q,2015-05-08,2015,Q1
PWR,PaymentsToAcquirePropertyPlantAndEquipment,2015-04-01,2015-06-30,62493000,10-Q,2015-08-10,2015,Q2
PWR,PaymentsToAcquirePropertyPlantAndEquipment,2015-07-01,2015-09-30,47970000,10-Q,2015-11-06,2015,Q3
PWR,PaymentsToAcquirePropertyPlantAndEquipment,2016-01-01,2016-03-31,47695000,10-Q,2016-05-10,2016,Q1
PWR,PaymentsToAcquirePropertyPlantAndEquipment,2016-04-01,2016-06-30,60855000,10-Q,2016-08-08,2016,Q2
PWR,PaymentsToAcquirePropertyPlantAndEquipment,2016-07-01,2016-09-30,35874000,10-Q,2016-11-08,2016,Q3
PWR,PaymentsToAcquirePropertyPlantAndEquipment,2017-01-01,2017-03-31,47024000,10-Q,2017-05-09,2017,Q1
PWR,PaymentsToAcquirePropertyPlantAndEquipment,2017-04-01,2017-06-30,58257000,10-Q,2017-08-08,2017,Q2
PWR,PaymentsToAcquirePropertyPlantAndEquipment,2017-07-01,2017-09-30,62997000,10-Q,2017-11-09,2017,Q3
PWR,PaymentsToAcquirePropertyPlantAndEquipment,2018-01-01,2018-03-31,66807000,10-Q,2018-05-09,2018,Q1
PWR,PaymentsToAcquirePropertyPlantAndEquipment,2018-04-01,2018-06-30,81784000,10-Q,2018-08-07,2018,Q2
PWR,PaymentsToAcquirePropertyPlantAndEquipment,2018-07-01,2018-09-30,74144000,10-Q,2018-11-07,2018,Q3
PWR,PaymentsToAcquirePropertyPlantAndEquipment,2019-01-01,2019-03-31,68626000,10-Q,2019-05-06,2019,Q1
PWR,PaymentsToAcquirePropertyPlantAndEquipment,2019-04-01,2019-06-30,72775000,10-Q,2019-08-02,2019,Q2
PWR,PaymentsToAcquirePropertyPlantAndEquipment,2019-07-01,2019-09-30,66244000,10-Q,2019-11-01,2019,Q3
PWR,PaymentsToAcquirePropertyPlantAndEquipment,2020-01-01,2020-03-31,68109000,10-Q,2020-05-08,2020,Q1
PWR,PaymentsToAcquirePropertyPlantAndEquipment,2020-04-01,2020-06-30,48148000,10-Q,2020-08-07,2020,Q2
PWR,PaymentsToAcquirePropertyPlantAndEquipment,2020-07-01,2020-09-30,50780000,10-Q,2020-11-02,2020,Q3
PWR,PaymentsToAcquirePropertyPlantAndEquipment,2021-01-01,2021-03-31,83486000,10-Q,2021-05-07,2021,Q1
PWR,PaymentsToAcquirePropertyPlantAndEquipment,2021-04-01,2021-06-30,74898000,10-Q,2021-08-06,2021,Q2
PWR,PaymentsToAcquirePropertyPlantAndEquipment,2021-07-01,2021-09-30,74612000,10-Q,2021-11-04,2021,Q3
PWR,PaymentsToAcquirePropertyPlantAndEquipment,2022-01-01,2022-03-31,109937000,10-Q,2022-05-05,2022,Q1
PWR,PaymentsToAcquirePropertyPlantAndEquipment,2022-04-01,2022-06-30,121574000,10-Q,2022-08-04,2022,Q2
PWR,PaymentsToAcquirePropertyPlantAndEquipment,2022-07-01,2022-09-30,105958000,10-Q,2022-11-04,2022,Q3
PWR,PaymentsToAcquirePropertyPlantAndEquipment,2023-01-01,2023-03-31,80319000,10-Q,2023-05-04,2023,Q1
PWR,PaymentsToAcquirePropertyPlantAndEquipment,2024-01-01,2024-03-31,83139000,10-Q,2024-05-02,2024,Q1
PWR,PaymentsToAcquirePropertyPlantAndEquipment,2025-01-01,2025-03-31,132762000,10-Q,2025-05-01,2025,Q1
PWR,PaymentsToAcquirePropertyPlantAndEquipment,2026-01-01,2026-03-31,220093000,10-Q,2026-04-30,2026,Q1
PXLW,PaymentsToAcquirePropertyPlantAndEquipment,2011-01-01,2011-03-31,159000,10-Q,2012-05-04,2012,Q1
PXLW,PaymentsToAcquirePropertyPlantAndEquipment,2012-01-01,2012-03-31,21000,10-Q,2012-05-04,2012,Q1
PXLW,PaymentsToAcquirePropertyPlantAndEquipment,2013-01-01,2013-03-31,69000,10-Q,2013-05-03,2013,Q1
PXLW,PaymentsToAcquirePropertyPlantAndEquipment,2014-01-01,2014-03-31,266000,10-Q,2014-05-09,2014,Q1
PXLW,PaymentsToAcquirePropertyPlantAndEquipment,2015-01-01,2015-03-31,71000,10-Q,2015-05-08,2015,Q1
PXLW,PaymentsToAcquirePropertyPlantAndEquipment,2016-01-01,2016-03-31,148000,10-Q,2016-05-06,2016,Q1
PXLW,PaymentsToAcquirePropertyPlantAndEquipment,2017-01-01,2017-03-31,406000,10-Q,2017-05-05,2017,Q1
PXLW,PaymentsToAcquirePropertyPlantAndEquipment,2018-01-01,2018-03-31,150000,10-Q,2018-05-10,2018,Q1
PXLW,PaymentsToAcquirePropertyPlantAndEquipment,2019-01-01,2019-03-31,1655000,10-Q,2019-05-10,2019,Q1
PXLW,PaymentsToAcquirePropertyPlantAndEquipment,2020-01-01,2020-03-31,204000,10-Q,2020-05-08,2020,Q1
PXLW,PaymentsToAcquirePropertyPlantAndEquipment,2021-01-01,2021-03-31,243000,10-Q,2021-05-07,2021,Q1
PXLW,PaymentsToAcquirePropertyPlantAndEquipment,2022-01-01,2022-03-31,540000,10-Q,2022-05-10,2022,Q1
PXLW,PaymentsToAcquirePropertyPlantAndEquipment,2023-01-01,2023-03-31,2005000,10-Q,2023-05-09,2023,Q1
PXLW,PaymentsToAcquirePropertyPlantAndEquipment,2024-01-01,2024-03-31,386000,10-Q,2024-05-14,2024,Q1
PXLW,PaymentsToAcquirePropertyPlantAndEquipment,2025-01-01,2025-03-31,17000,10-Q,2025-05-14,2025,Q1
PXLW,PaymentsToAcquirePropertyPlantAndEquipment,2026-01-01,2026-03-31,105000,10-Q,2026-05-14,2026,Q1
QBTS,PaymentsToAcquirePropertyPlantAndEquipment,2022-01-01,2022-03-31,123000,10-Q,2023-05-19,2023,Q1
QBTS,PaymentsToAcquirePropertyPlantAndEquipment,2023-01-01,2023-03-31,64000,10-Q,2023-05-19,2023,Q1
QBTS,PaymentsToAcquirePropertyPlantAndEquipment,2024-01-01,2024-03-31,305000,10-Q,2024-05-13,2024,Q1
QBTS,PaymentsToAcquirePropertyPlantAndEquipment,2025-01-01,2025-03-31,438000,10-Q,2025-05-08,2025,Q1
QBTS,PaymentsToAcquirePropertyPlantAndEquipment,2026-01-01,2026-03-31,1081000,10-Q,2026-05-12,2026,Q1
QLYS,PaymentsToAcquirePropertyPlantAndEquipment,2012-01-01,2012-03-31,2927000,10-Q,2013-05-10,2013,Q1
QLYS,PaymentsToAcquirePropertyPlantAndEquipment,2013-01-01,2013-03-31,3650000,10-Q,2013-05-10,2013,Q1
QLYS,PaymentsToAcquirePropertyPlantAndEquipment,2014-01-01,2014-03-31,3778000,10-Q,2014-05-08,2014,Q1
QLYS,PaymentsToAcquirePropertyPlantAndEquipment,2015-01-01,2015-03-31,6148000,10-Q,2015-05-07,2015,Q1
QLYS,PaymentsToAcquirePropertyPlantAndEquipment,2016-01-01,2016-03-31,4181000,10-Q,2016-05-05,2016,Q1
QLYS,PaymentsToAcquirePropertyPlantAndEquipment,2017-01-01,2017-03-31,4543000,10-Q,2017-05-05,2017,Q1
QLYS,PaymentsToAcquirePropertyPlantAndEquipment,2018-01-01,2018-03-31,5985000,10-Q,2018-05-08,2018,Q1
QLYS,PaymentsToAcquirePropertyPlantAndEquipment,2019-01-01,2019-03-31,8608000,10-Q,2019-05-03,2019,Q1
QLYS,PaymentsToAcquirePropertyPlantAndEquipment,2020-01-01,2020-03-31,7271000,10-Q,2020-05-07,2020,Q1
QLYS,PaymentsToAcquirePropertyPlantAndEquipment,2021-01-01,2021-03-31,6259000,10-Q,2021-05-05,2021,Q1
QLYS,PaymentsToAcquirePropertyPlantAndEquipment,2022-01-01,2022-03-31,7639000,10-Q,2022-05-04,2022,Q1
QLYS,PaymentsToAcquirePropertyPlantAndEquipment,2023-01-01,2023-03-31,4037000,10-Q,2023-05-04,2023,Q1
QLYS,PaymentsToAcquirePropertyPlantAndEquipment,2024-01-01,2024-03-31,2051000,10-Q,2024-05-07,2024,Q1
QLYS,PaymentsToAcquirePropertyPlantAndEquipment,2025-01-01,2025-03-31,2038000,10-Q,2025-05-06,2025,Q1
QLYS,PaymentsToAcquirePropertyPlantAndEquipment,2026-01-01,2026-03-31,1667000,10-Q,2026-05-05,2026,Q1
QMCO,PaymentsToAcquirePropertyPlantAndEquipment,2010-04-01,2010-06-30,2193000,10-Q,2011-08-09,2011,Q1
QMCO,PaymentsToAcquirePropertyPlantAndEquipment,2011-04-01,2011-06-30,3413000,10-Q,2011-08-09,2011,Q1
QMCO,PaymentsToAcquirePropertyPlantAndEquipment,2012-04-01,2012-06-30,3984000,10-Q,2012-08-09,2012,Q1
QMCO,PaymentsToAcquirePropertyPlantAndEquipment,2013-04-01,2013-06-30,1230000,10-Q,2013-08-09,2013,Q1
QMCO,PaymentsToAcquirePropertyPlantAndEquipment,2014-04-01,2014-06-30,1371000,10-Q,2014-08-08,2015,Q1
QMCO,PaymentsToAcquirePropertyPlantAndEquipment,2015-04-01,2015-06-30,840000,10-Q,2015-08-07,2016,Q1
QMCO,PaymentsToAcquirePropertyPlantAndEquipment,2016-04-01,2016-06-30,529000,10-Q,2016-08-05,2017,Q1
QMCO,PaymentsToAcquirePropertyPlantAndEquipment,2017-04-01,2017-06-30,123000,10-Q,2017-08-09,2017,Q1
QMCO,PaymentsToAcquirePropertyPlantAndEquipment,2018-04-01,2018-06-30,695000,10-K,2019-08-06,2019,FY
QMCO,PaymentsToAcquirePropertyPlantAndEquipment,2019-04-01,2019-06-30,444000,10-Q,2019-08-06,2019,Q1
QMCO,PaymentsToAcquirePropertyPlantAndEquipment,2020-04-01,2020-06-30,484000,10-Q,2020-08-05,2021,Q1
QMCO,PaymentsToAcquirePropertyPlantAndEquipment,2021-04-01,2021-06-30,1150000,10-Q,2021-08-09,2022,Q1
QMCO,PaymentsToAcquirePropertyPlantAndEquipment,2022-04-01,2022-06-30,3036000,10-Q,2022-08-04,2023,Q1
QMCO,PaymentsToAcquirePropertyPlantAndEquipment,2023-04-01,2023-06-30,2299000,10-Q,2023-08-08,2024,Q1
QMCO,PaymentsToAcquirePropertyPlantAndEquipment,2024-04-01,2024-06-30,1620000,10-Q,2024-08-14,2025,Q1
QMCO,PaymentsToAcquirePropertyPlantAndEquipment,2025-04-01,2025-06-30,1192000,10-Q,2025-09-11,2026,Q1
QMCO,PaymentsToAcquirePropertyPlantAndEquipment,2026-04-01,2026-06-30,395000,10-Q,2026-08-11,2027,Q1
QSP,PaymentsToAcquirePropertyPlantAndEquipment,2014-01-01,2014-03-31,3400000,10-Q,2015-05-05,2015,Q1
QSP,PaymentsToAcquirePropertyPlantAndEquipment,2015-01-01,2015-03-31,29400000,10-Q,2015-05-05,2015,Q1
QSP,PaymentsToAcquirePropertyPlantAndEquipment,2016-01-01,2016-03-31,5600000,10-Q,2016-04-29,2016,Q1
QSP,PaymentsToAcquirePropertyPlantAndEquipment,2017-01-01,2017-03-31,4100000,10-Q,2017-04-26,2017,Q1
QSP,PaymentsToAcquirePropertyPlantAndEquipment,2018-01-01,2018-03-31,7000000,10-Q,2018-04-25,2018,Q1
QSP,PaymentsToAcquirePropertyPlantAndEquipment,2019-01-01,2019-03-31,5000000,10-Q,2019-04-29,2019,Q1
QSP,PaymentsToAcquirePropertyPlantAndEquipment,2020-01-01,2020-03-31,19000000,10-Q,2020-05-01,2020,Q1
QSP,PaymentsToAcquirePropertyPlantAndEquipment,2021-01-01,2021-03-31,15000000,10-Q,2021-04-30,2021,Q1
QSP,PaymentsToAcquirePropertyPlantAndEquipment,2022-01-01,2022-03-31,10000000,10-Q,2022-05-03,2022,Q1
QSP,PaymentsToAcquirePropertyPlantAndEquipment,2023-01-01,2023-03-31,18000000,10-Q,2023-05-02,2023,Q1
QSP,PaymentsToAcquirePropertyPlantAndEquipment,2024-01-01,2024-03-31,26000000,10-Q,2024-04-30,2024,Q1
QSP,PaymentsToAcquirePropertyPlantAndEquipment,2025-01-01,2025-03-31,64000000,10-Q,2025-05-08,2025,Q1
QSP,PaymentsToAcquirePropertyPlantAndEquipment,2026-01-01,2026-03-31,58000000,10-Q,2026-05-06,2026,Q1
QSR,PaymentsToAcquirePropertyPlantAndEquipment,2014-01-01,2014-03-31,3400000,10-Q,2015-05-05,2015,Q1
QSR,PaymentsToAcquirePropertyPlantAndEquipment,2015-01-01,2015-03-31,29400000,10-Q,2015-05-05,2015,Q1
QSR,PaymentsToAcquirePropertyPlantAndEquipment,2016-01-01,2016-03-31,5600000,10-Q,2016-04-29,2016,Q1
QSR,PaymentsToAcquirePropertyPlantAndEquipment,2017-01-01,2017-03-31,4100000,10-Q,2017-04-26,2017,Q1
QSR,PaymentsToAcquirePropertyPlantAndEquipment,2018-01-01,2018-03-31,7000000,10-Q,2018-04-24,2018,Q1
QSR,PaymentsToAcquirePropertyPlantAndEquipment,2019-01-01,2019-03-31,5000000,10-Q,2019-04-29,2019,Q1
QSR,PaymentsToAcquirePropertyPlantAndEquipment,2020-01-01,2020-03-31,19000000,10-Q,2020-05-01,2020,Q1
QSR,PaymentsToAcquirePropertyPlantAndEquipment,2021-01-01,2021-03-31,15000000,10-Q,2021-04-30,2021,Q1
QSR,PaymentsToAcquirePropertyPlantAndEquipment,2022-01-01,2022-03-31,10000000,10-Q,2022-05-03,2022,Q1
QSR,PaymentsToAcquirePropertyPlantAndEquipment,2023-01-01,2023-03-31,18000000,10-Q,2023-05-02,2023,Q1
QSR,PaymentsToAcquirePropertyPlantAndEquipment,2024-01-01,2024-03-31,26000000,10-Q,2024-04-30,2024,Q1
QSR,PaymentsToAcquirePropertyPlantAndEquipment,2025-01-01,2025-03-31,64000000,10-Q,2025-05-08,2025,Q1
QSR,PaymentsToAcquirePropertyPlantAndEquipment,2026-01-01,2026-03-31,58000000,10-Q,2026-05-06,2026,Q1
QTRX,PaymentsToAcquirePropertyPlantAndEquipment,2017-01-01,2017-03-31,167000,10-Q,2018-05-15,2018,Q1
QTRX,PaymentsToAcquirePropertyPlantAndEquipment,2018-01-01,2018-03-31,448000,10-Q,2018-05-15,2018,Q1
QTRX,PaymentsToAcquirePropertyPlantAndEquipment,2019-01-01,2019-03-31,5917000,10-Q,2019-05-10,2019,Q1
QTRX,PaymentsToAcquirePropertyPlantAndEquipment,2020-01-01,2020-03-31,426000,10-Q,2020-05-07,2020,Q1
QTRX,PaymentsToAcquirePropertyPlantAndEquipment,2021-01-01,2021-03-31,79000,10-Q,2021-05-06,2021,Q1
QTRX,PaymentsToAcquirePropertyPlantAndEquipment,2022-01-01,2022-03-31,1394000,10-Q,2022-05-10,2022,Q1
QTRX,PaymentsToAcquirePropertyPlantAndEquipment,2023-01-01,2023-03-31,136000,10-Q,2023-05-09,2023,Q1
QTRX,PaymentsToAcquirePropertyPlantAndEquipment,2024-01-01,2024-03-31,506000,10-Q,2024-05-08,2024,Q1
QTRX,PaymentsToAcquirePropertyPlantAndEquipment,2025-01-01,2025-03-31,1256000,10-Q,2025-05-12,2025,Q1
QTRX,PaymentsToAcquirePropertyPlantAndEquipment,2026-01-01,2026-03-31,87000,10-Q,2026-05-06,2026,Q1
QTWO,PaymentsToAcquirePropertyPlantAndEquipment,2013-01-01,2013-03-31,2541000,10-Q,2014-05-14,2014,Q1
QTWO,PaymentsToAcquirePropertyPlantAndEquipment,2014-01-01,2014-03-31,1830000,10-Q,2014-05-14,2014,Q1
QTWO,PaymentsToAcquirePropertyPlantAndEquipment,2015-01-01,2015-03-31,436000,10-Q,2015-05-08,2015,Q1
QTWO,PaymentsToAcquirePropertyPlantAndEquipment,2016-01-01,2016-03-31,3590000,10-Q,2016-05-10,2016,Q1
QTWO,PaymentsToAcquirePropertyPlantAndEquipment,2017-01-01,2017-03-31,5361000,10-Q,2017-05-04,2017,Q1
QTWO,PaymentsToAcquirePropertyPlantAndEquipment,2018-01-01,2018-03-31,5396000,10-Q,2018-05-03,2018,Q1
QTWO,PaymentsToAcquirePropertyPlantAndEquipment,2019-01-01,2019-03-31,5545000,10-Q,2019-05-08,2019,Q1
QTWO,PaymentsToAcquirePropertyPlantAndEquipment,2020-01-01,2020-03-31,4642000,10-Q,2020-05-07,2020,Q1
QTWO,PaymentsToAcquirePropertyPlantAndEquipment,2021-01-01,2021-03-31,6111000,10-Q,2021-05-06,2021,Q1
QTWO,PaymentsToAcquirePropertyPlantAndEquipment,2022-01-01,2022-03-31,3866000,10-Q,2022-05-03,2022,Q1
QTWO,PaymentsToAcquirePropertyPlantAndEquipment,2023-01-01,2023-03-31,1032000,10-Q,2023-05-09,2023,Q1
QTWO,PaymentsToAcquirePropertyPlantAndEquipment,2024-01-01,2024-03-31,1405000,10-Q,2024-05-01,2024,Q1
QTWO,PaymentsToAcquirePropertyPlantAndEquipment,2025-01-01,2025-03-31,785000,10-Q,2025-05-07,2025,Q1
QTWO,PaymentsToAcquirePropertyPlantAndEquipment,2026-01-01,2026-03-31,6597000,10-Q,2026-04-29,2026,Q1
RAIL,PaymentsToAcquirePropertyPlantAndEquipment,2011-01-01,2011-03-31,185000,10-Q,2012-05-10,2012,Q1
RAIL,PaymentsToAcquirePropertyPlantAndEquipment,2012-01-01,2012-03-31,1164000,10-Q,2012-05-10,2012,Q1
RAIL,PaymentsToAcquirePropertyPlantAndEquipment,2013-01-01,2013-03-31,13354000,10-Q,2013-05-10,2013,Q1
RAIL,PaymentsToAcquirePropertyPlantAndEquipment,2014-01-01,2014-03-31,2511000,10-Q,2014-05-09,2014,Q1
RAIL,PaymentsToAcquirePropertyPlantAndEquipment,2015-01-01,2015-03-31,4308000,10-Q,2015-05-08,2015,Q1
RAIL,PaymentsToAcquirePropertyPlantAndEquipment,2016-01-01,2016-03-31,2447000,10-Q,2016-05-03,2016,Q1
RAIL,PaymentsToAcquirePropertyPlantAndEquipment,2017-01-01,2017-03-31,296000,10-Q,2017-05-04,2017,Q1
RAIL,PaymentsToAcquirePropertyPlantAndEquipment,2018-01-01,2018-03-31,182000,10-Q,2018-05-03,2018,Q1
RAIL,PaymentsToAcquirePropertyPlantAndEquipment,2019-01-01,2019-03-31,760000,10-Q,2019-05-02,2019,Q1
RAIL,PaymentsToAcquirePropertyPlantAndEquipment,2020-01-01,2020-03-31,3670000,10-Q,2020-05-12,2020,Q1
RAIL,PaymentsToAcquirePropertyPlantAndEquipment,2021-01-01,2021-03-31,542000,10-Q,2021-05-17,2021,Q1
RAIL,PaymentsToAcquirePropertyPlantAndEquipment,2022-01-01,2022-03-31,960000,10-Q,2022-05-10,2022,Q1
RAIL,PaymentsToAcquirePropertyPlantAndEquipment,2023-01-01,2023-03-31,1960000,10-Q,2023-05-09,2023,Q1
RAIL,PaymentsToAcquirePropertyPlantAndEquipment,2024-01-01,2024-03-31,966000,10-Q,2024-05-08,2024,Q1
RAIL,PaymentsToAcquirePropertyPlantAndEquipment,2025-01-01,2025-03-31,330000,10-Q,2025-05-05,2025,Q1
RAIL,PaymentsToAcquirePropertyPlantAndEquipment,2026-01-01,2026-03-31,147000,10-Q,2026-05-04,2026,Q1
RAMP,PaymentsToAcquirePropertyPlantAndEquipment,2009-04-01,2009-06-30,7431000,10-Q,2010-08-05,2010,Q1
RAMP,PaymentsToAcquirePropertyPlantAndEquipment,2010-04-01,2010-06-30,8752000,10-Q,2010-08-05,2010,Q1
RAMP,PaymentsToAcquirePropertyPlantAndEquipment,2011-04-01,2011-06-30,12577000,10-Q,2011-08-08,2011,Q1
RAMP,PaymentsToAcquirePropertyPlantAndEquipment,2012-04-01,2012-06-30,3538000,10-Q,2012-08-08,2012,Q1
RAMP,PaymentsToAcquirePropertyPlantAndEquipment,2013-04-01,2013-06-30,8920000,10-Q,2013-08-08,2013,Q1
RAMP,PaymentsToAcquirePropertyPlantAndEquipment,2014-04-01,2014-06-30,19001000,10-Q,2014-08-08,2015,Q1
RAMP,PaymentsToAcquirePropertyPlantAndEquipment,2015-04-01,2015-06-30,12876000,10-Q,2015-08-07,2016,Q1
RAMP,PaymentsToAcquirePropertyPlantAndEquipment,2016-04-01,2016-06-30,10694000,10-Q,2016-08-05,2017,Q1
RAMP,PaymentsToAcquirePropertyPlantAndEquipment,2017-04-01,2017-06-30,6888000,10-Q,2017-08-04,2018,Q1
RAMP,PaymentsToAcquirePropertyPlantAndEquipment,2018-04-01,2018-06-30,4399000,10-Q,2018-08-09,2019,Q1
RAMP,PaymentsToAcquirePropertyPlantAndEquipment,2019-04-01,2019-06-30,4888000,10-Q,2019-08-05,2020,Q1
RAMP,PaymentsToAcquirePropertyPlantAndEquipment,2020-04-01,2020-06-30,832000,10-Q,2020-08-10,2021,Q1
RAMP,PaymentsToAcquirePropertyPlantAndEquipment,2021-04-01,2021-06-30,427000,10-Q,2021-08-05,2022,Q1
RAMP,PaymentsToAcquirePropertyPlantAndEquipment,2022-04-01,2022-06-30,1741000,10-Q,2022-08-04,2023,Q1
RAMP,PaymentsToAcquirePropertyPlantAndEquipment,2023-04-01,2023-06-30,53000,10-Q,2023-08-09,2024,Q1
RAMP,PaymentsToAcquirePropertyPlantAndEquipment,2024-04-01,2024-06-30,226000,10-Q,2024-08-07,2025,Q1
RAMP,PaymentsToAcquirePropertyPlantAndEquipment,2025-04-01,2025-06-30,336000,10-Q,2025-08-06,2026,Q1
RAMP,PaymentsToAcquirePropertyPlantAndEquipment,2026-04-01,2026-06-30,703000,10-Q,2026-08-05,2027,Q1
RBC,PaymentsToAcquirePropertyPlantAndEquipment,2009-03-29,2009-06-27,4270000,10-Q,2010-08-09,2010,Q1
RBC,PaymentsToAcquirePropertyPlantAndEquipment,2010-04-04,2010-07-03,2052000,10-Q,2010-08-09,2010,Q1
RBC,PaymentsToAcquirePropertyPlantAndEquipment,2011-04-03,2011-07-02,1955000,10-Q,2011-08-09,2011,Q1
RBC,PaymentsToAcquirePropertyPlantAndEquipment,2012-04-01,2012-06-30,6057000,10-Q,2012-08-08,2012,Q1
RBC,PaymentsToAcquirePropertyPlantAndEquipment,2013-03-31,2013-06-29,5801000,10-Q,2013-08-06,2013,Q1
RBC,PaymentsToAcquirePropertyPlantAndEquipment,2013-04-01,2013-06-29,5801000,10-Q,2014-08-07,2015,Q1
RBC,PaymentsToAcquirePropertyPlantAndEquipment,2014-03-30,2014-06-28,3488000,10-Q,2014-08-07,2015,Q1
RBC,PaymentsToAcquirePropertyPlantAndEquipment,2015-03-29,2015-06-27,5270000,10-Q,2015-08-06,2016,Q1
RBC,PaymentsToAcquirePropertyPlantAndEquipment,2016-04-03,2016-07-02,5166000,10-Q,2016-08-04,2017,Q1
RBC,PaymentsToAcquirePropertyPlantAndEquipment,2017-04-02,2017-07-01,5659000,10-Q,2017-08-08,2018,Q1
RBC,PaymentsToAcquirePropertyPlantAndEquipment,2018-04-01,2018-06-30,6993000,10-Q,2018-08-02,2019,Q1
RBC,PaymentsToAcquirePropertyPlantAndEquipment,2019-03-31,2019-06-29,12040000,10-Q,2019-08-01,2020,Q1
RBC,PaymentsToAcquirePropertyPlantAndEquipment,2020-03-28,2020-06-27,3875000,10-Q,2021-08-05,2022,Q1
RBC,PaymentsToAcquirePropertyPlantAndEquipment,2020-03-29,2020-06-27,3875000,10-Q,2020-08-06,2021,Q1
RBC,PaymentsToAcquirePropertyPlantAndEquipment,2021-04-04,2021-07-03,3367000,10-Q,2021-08-05,2022,Q1
RBC,PaymentsToAcquirePropertyPlantAndEquipment,2022-04-03,2022-07-02,7857000,10-Q,2022-08-05,2023,Q1
RBRK,PaymentsToAcquirePropertyPlantAndEquipment,2023-02-01,2023-04-30,3373000,10-Q,2024-06-13,2025,Q1
RBRK,PaymentsToAcquirePropertyPlantAndEquipment,2024-02-01,2024-04-30,3639000,10-Q,2024-06-13,2025,Q1
RBRK,PaymentsToAcquirePropertyPlantAndEquipment,2025-02-01,2025-04-30,2850000,10-Q,2025-06-09,2026,Q1
RBRK,PaymentsToAcquirePropertyPlantAndEquipment,2026-02-01,2026-04-30,4277000,10-Q,2026-06-05,2027,Q1
RCEL,PaymentsToAcquirePropertyPlantAndEquipment,2019-07-01,2019-09-30,86000,10-Q,2020-11-10,2021,Q1
RCEL,PaymentsToAcquirePropertyPlantAndEquipment,2020-07-01,2020-09-30,209000,10-Q,2020-11-10,2021,Q1
RCEL,PaymentsToAcquirePropertyPlantAndEquipment,2021-01-01,2021-03-31,326000,10-Q,2022-05-12,2022,Q1
RCEL,PaymentsToAcquirePropertyPlantAndEquipment,2021-07-01,2021-09-30,67000,10-Q,2021-11-08,2022,Q1
RCEL,PaymentsToAcquirePropertyPlantAndEquipment,2022-01-01,2022-03-31,64000,10-Q,2022-05-12,2022,Q1
RCEL,PaymentsToAcquirePropertyPlantAndEquipment,2023-01-01,2023-03-31,284000,10-Q,2023-05-11,2023,Q1
RCEL,PaymentsToAcquirePropertyPlantAndEquipment,2024-01-01,2024-03-31,1147000,10-Q,2024-05-13,2024,Q1
RCEL,PaymentsToAcquirePropertyPlantAndEquipment,2025-01-01,2025-03-31,221000,10-Q,2025-05-08,2025,Q1
RCEL,PaymentsToAcquirePropertyPlantAndEquipment,2026-01-01,2026-03-31,19000,10-Q,2026-05-14,2026,Q1
RDDT,PaymentsToAcquirePropertyPlantAndEquipment,2023-01-01,2023-03-31,356000,10-Q,2024-05-08,2024,Q1
RDDT,PaymentsToAcquirePropertyPlantAndEquipment,2023-04-01,2023-06-30,830000,10-Q,2024-08-07,2024,Q2
RDDT,PaymentsToAcquirePropertyPlantAndEquipment,2023-07-01,2023-09-30,3936000,10-Q,2024-10-30,2024,Q3
RDDT,PaymentsToAcquirePropertyPlantAndEquipment,2024-01-01,2024-03-31,2851000,10-Q,2024-05-08,2024,Q1
RDDT,PaymentsToAcquirePropertyPlantAndEquipment,2024-04-01,2024-06-30,1202000,10-Q,2024-08-07,2024,Q2
RDDT,PaymentsToAcquirePropertyPlantAndEquipment,2024-07-01,2024-09-30,1353000,10-Q,2024-10-30,2024,Q3
RDDT,PaymentsToAcquirePropertyPlantAndEquipment,2025-01-01,2025-03-31,979000,10-Q,2025-05-02,2025,Q1
RDDT,PaymentsToAcquirePropertyPlantAndEquipment,2025-04-01,2025-06-30,505000,10-Q,2025-08-01,2025,Q2
RDDT,PaymentsToAcquirePropertyPlantAndEquipment,2025-07-01,2025-09-30,2058000,10-Q,2025-10-31,2025,Q3
RDDT,PaymentsToAcquirePropertyPlantAndEquipment,2026-01-01,2026-03-31,1090000,10-Q,2026-05-01,2026,Q1
RDDT,PaymentsToAcquirePropertyPlantAndEquipment,2026-04-01,2026-06-30,1134000,10-Q,2026-07-31,2026,Q2
RDVT,PaymentsToAcquirePropertyPlantAndEquipment,2017-01-01,2017-03-31,225000,10-Q,2018-05-14,2018,Q1
RDVT,PaymentsToAcquirePropertyPlantAndEquipment,2018-01-01,2018-03-31,16000,10-Q,2018-05-14,2018,Q1
RDVT,PaymentsToAcquirePropertyPlantAndEquipment,2019-01-01,2019-03-31,15000,10-Q,2019-05-07,2019,Q1
RDVT,PaymentsToAcquirePropertyPlantAndEquipment,2020-01-01,2020-03-31,33000,10-Q,2020-05-11,2020,Q1
RDVT,PaymentsToAcquirePropertyPlantAndEquipment,2021-01-01,2021-03-31,46000,10-Q,2021-05-11,2021,Q1
RDVT,PaymentsToAcquirePropertyPlantAndEquipment,2022-01-01,2022-03-31,113000,10-Q,2022-05-04,2022,Q1
RDVT,PaymentsToAcquirePropertyPlantAndEquipment,2023-01-01,2023-03-31,44000,10-Q,2023-05-09,2023,Q1
RDVT,PaymentsToAcquirePropertyPlantAndEquipment,2024-01-01,2024-03-31,65000,10-Q,2024-05-08,2024,Q1
RDVT,PaymentsToAcquirePropertyPlantAndEquipment,2025-01-01,2025-03-31,50000,10-Q,2025-05-07,2025,Q1
RDVT,PaymentsToAcquirePropertyPlantAndEquipment,2026-01-01,2026-03-31,63000,10-Q,2026-05-06,2026,Q1
RDW,PaymentsToAcquirePropertyPlantAndEquipment,2021-01-01,2021-03-31,576000,10-Q,2022-05-13,2022,Q1
RDW,PaymentsToAcquirePropertyPlantAndEquipment,2022-01-01,2022-03-31,892000,10-Q,2022-05-13,2022,Q1
RDW,PaymentsToAcquirePropertyPlantAndEquipment,2023-01-01,2023-03-31,787000,10-Q,2023-05-12,2023,Q1
RDW,PaymentsToAcquirePropertyPlantAndEquipment,2024-01-01,2024-03-31,1561000,10-Q,2024-05-10,2024,Q1
RDW,PaymentsToAcquirePropertyPlantAndEquipment,2025-01-01,2025-03-31,1790000,10-Q,2025-05-12,2025,Q1
RDW,PaymentsToAcquirePropertyPlantAndEquipment,2026-01-01,2026-03-31,4755000,10-Q,2026-05-07,2026,Q1
REFR,PaymentsToAcquirePropertyPlantAndEquipment,2011-01-01,2011-03-31,2284,10-Q,2012-05-07,2012,Q1
REFR,PaymentsToAcquirePropertyPlantAndEquipment,2012-01-01,2012-03-31,2459,10-Q,2012-05-07,2012,Q1
REFR,PaymentsToAcquirePropertyPlantAndEquipment,2013-01-01,2013-03-31,11127,10-Q,2013-05-07,2013,Q1
REFR,PaymentsToAcquirePropertyPlantAndEquipment,2014-01-01,2014-03-31,43245,10-Q,2014-05-05,2014,Q1
REFR,PaymentsToAcquirePropertyPlantAndEquipment,2015-01-01,2015-03-31,176224,10-Q,2015-05-05,2015,Q1
REFR,PaymentsToAcquirePropertyPlantAndEquipment,2016-01-01,2016-03-31,1591,10-Q,2016-05-05,2016,Q1
REFR,PaymentsToAcquirePropertyPlantAndEquipment,2017-01-01,2017-03-31,4121,10-Q,2017-05-04,2017,Q1
REFR,PaymentsToAcquirePropertyPlantAndEquipment,2018-01-01,2018-03-31,5399,10-Q,2018-05-14,2018,Q1
REFR,PaymentsToAcquirePropertyPlantAndEquipment,2019-01-01,2019-03-31,134,10-Q,2019-05-14,2019,Q1
REFR,PaymentsToAcquirePropertyPlantAndEquipment,2020-01-01,2020-03-31,55,10-Q,2020-05-07,2020,Q1
REFR,PaymentsToAcquirePropertyPlantAndEquipment,2021-01-01,2021-03-31,346,10-Q,2021-05-10,2021,Q1
REFR,PaymentsToAcquirePropertyPlantAndEquipment,2022-01-01,2022-03-31,605,10-Q,2022-05-05,2022,Q1
REFR,PaymentsToAcquirePropertyPlantAndEquipment,2023-01-01,2023-03-31,702,10-Q,2023-05-04,2023,Q1
REFR,PaymentsToAcquirePropertyPlantAndEquipment,2024-01-01,2024-03-31,50,10-Q,2024-05-09,2024,Q1
REFR,PaymentsToAcquirePropertyPlantAndEquipment,2025-01-01,2025-03-31,110,10-Q,2025-05-08,2025,Q1
REFR,PaymentsToAcquirePropertyPlantAndEquipment,2026-01-01,2026-03-31,67,10-Q,2026-05-08,2026,Q1
RGS,PaymentsToAcquirePropertyPlantAndEquipment,2009-07-01,2009-09-30,12646000,10-Q,2010-11-09,2011,Q1
RGS,PaymentsToAcquirePropertyPlantAndEquipment,2010-07-01,2010-09-30,16007000,10-Q,2010-11-09,2011,Q1
RGS,PaymentsToAcquirePropertyPlantAndEquipment,2011-07-01,2011-09-30,16827000,10-Q,2011-11-09,2012,Q1
RGS,PaymentsToAcquirePropertyPlantAndEquipment,2012-07-01,2012-09-30,18077000,10-Q,2012-11-09,2013,Q1
RGS,PaymentsToAcquirePropertyPlantAndEquipment,2013-07-01,2013-09-30,11444000,10-Q,2013-11-05,2014,Q1
RGS,PaymentsToAcquirePropertyPlantAndEquipment,2014-07-01,2014-09-30,11629000,10-Q,2014-11-04,2015,Q1
RGS,PaymentsToAcquirePropertyPlantAndEquipment,2015-07-01,2015-09-30,8611000,10-Q,2015-10-29,2016,Q1
RGS,PaymentsToAcquirePropertyPlantAndEquipment,2016-07-01,2016-09-30,10933000,10-Q,2016-10-27,2017,Q1
RGS,PaymentsToAcquirePropertyPlantAndEquipment,2017-07-01,2017-09-30,6127000,10-Q,2017-10-31,2018,Q1
RGS,PaymentsToAcquirePropertyPlantAndEquipment,2018-07-01,2018-09-30,11258000,10-Q,2018-10-30,2019,Q1
RGS,PaymentsToAcquirePropertyPlantAndEquipment,2019-07-01,2019-09-30,4899000,10-Q,2019-10-29,2020,Q1
RGS,PaymentsToAcquirePropertyPlantAndEquipment,2020-07-01,2020-09-30,3811000,10-Q,2020-11-02,2021,Q1
RGS,PaymentsToAcquirePropertyPlantAndEquipment,2021-07-01,2021-09-30,1524000,10-Q,2021-11-04,2022,Q1
RGS,PaymentsToAcquirePropertyPlantAndEquipment,2022-07-01,2022-09-30,184000,10-Q,2022-11-01,2023,Q1
RGS,PaymentsToAcquirePropertyPlantAndEquipment,2023-07-01,2023-09-30,163000,10-Q,2023-11-01,2024,Q1
RGS,PaymentsToAcquirePropertyPlantAndEquipment,2024-07-01,2024-09-30,16000,10-Q,2024-11-06,2025,Q1
RGS,PaymentsToAcquirePropertyPlantAndEquipment,2025-07-01,2025-09-30,395000,10-Q,2025-11-12,2026,Q1
RGTI,PaymentsToAcquirePropertyPlantAndEquipment,2021-01-01,2021-03-31,1488000,10-Q,2022-05-16,2022,Q1
RGTI,PaymentsToAcquirePropertyPlantAndEquipment,2022-01-01,2022-03-31,2836000,10-Q,2022-05-16,2022,Q1
RGTI,PaymentsToAcquirePropertyPlantAndEquipment,2023-01-01,2023-03-31,4804000,10-Q,2023-05-11,2023,Q1
RGTI,PaymentsToAcquirePropertyPlantAndEquipment,2024-01-01,2024-03-31,5493000,10-Q,2024-05-09,2024,Q1
RGTI,PaymentsToAcquirePropertyPlantAndEquipment,2025-01-01,2025-03-31,2547000,10-Q,2025-05-12,2025,Q1
RGTI,PaymentsToAcquirePropertyPlantAndEquipment,2026-01-01,2026-03-31,4411000,10-Q,2026-05-11,2026,Q1
RHI,PaymentsToAcquirePropertyPlantAndEquipment,2010-01-01,2010-03-31,8276000,10-Q,2011-05-06,2011,Q1
RHI,PaymentsToAcquirePropertyPlantAndEquipment,2011-01-01,2011-03-31,14563000,10-Q,2011-05-06,2011,Q1
RHI,PaymentsToAcquirePropertyPlantAndEquipment,2012-01-01,2012-03-31,10372000,10-Q,2012-05-04,2012,Q1
RHI,PaymentsToAcquirePropertyPlantAndEquipment,2013-01-01,2013-03-31,8082000,10-Q,2013-05-06,2013,Q1
RHI,PaymentsToAcquirePropertyPlantAndEquipment,2014-01-01,2014-03-31,12443000,10-Q,2014-05-09,2014,Q1
RHI,PaymentsToAcquirePropertyPlantAndEquipment,2015-01-01,2015-03-31,13346000,10-Q,2015-05-08,2015,Q1
RHI,PaymentsToAcquirePropertyPlantAndEquipment,2016-01-01,2016-03-31,18810000,10-Q,2016-05-06,2016,Q1
RHI,PaymentsToAcquirePropertyPlantAndEquipment,2017-01-01,2017-03-31,10335000,10-Q,2017-05-05,2017,Q1
RHI,PaymentsToAcquirePropertyPlantAndEquipment,2018-01-01,2018-03-31,7965000,10-Q,2018-05-03,2018,Q1
RHI,PaymentsToAcquirePropertyPlantAndEquipment,2019-01-01,2019-03-31,12670000,10-Q,2019-05-06,2019,Q1
RHI,PaymentsToAcquirePropertyPlantAndEquipment,2020-01-01,2020-03-31,14276000,10-Q,2020-05-04,2020,Q1
RHI,PaymentsToAcquirePropertyPlantAndEquipment,2021-01-01,2021-03-31,9739000,10-Q,2021-04-30,2021,Q1
RHI,PaymentsToAcquirePropertyPlantAndEquipment,2022-01-01,2022-03-31,14987000,10-Q,2022-05-04,2022,Q1
RHI,PaymentsToAcquirePropertyPlantAndEquipment,2023-01-01,2023-03-31,9369000,10-Q,2023-05-03,2023,Q1
RHI,PaymentsToAcquirePropertyPlantAndEquipment,2024-01-01,2024-03-31,11780000,10-Q,2024-05-02,2024,Q1
RHI,PaymentsToAcquirePropertyPlantAndEquipment,2025-01-01,2025-03-31,12394000,10-Q,2025-05-02,2025,Q1
RHI,PaymentsToAcquirePropertyPlantAndEquipment,2026-01-01,2026-03-31,8495000,10-Q,2026-05-01,2026,Q1
RIOT,PaymentsToAcquirePropertyPlantAndEquipment,2011-01-01,2011-03-31,43974,10-Q,2012-05-10,2012,Q1
RIOT,PaymentsToAcquirePropertyPlantAndEquipment,2012-01-01,2012-03-31,0,10-Q,2012-05-10,2012,Q1
RIOT,PaymentsToAcquirePropertyPlantAndEquipment,2013-01-01,2013-03-31,10844,10-Q,2013-05-07,2013,Q1
RIOT,PaymentsToAcquirePropertyPlantAndEquipment,2014-01-01,2014-03-31,2200,10-Q,2014-05-12,2014,Q1
RIOT,PaymentsToAcquirePropertyPlantAndEquipment,2018-01-01,2018-03-31,18922569,10-Q,2018-05-17,2018,Q1
RIOT,PaymentsToAcquirePropertyPlantAndEquipment,2019-01-01,2019-03-31,3024,10-Q,2019-05-10,2019,Q1
RIOT,PaymentsToAcquirePropertyPlantAndEquipment,2021-01-01,2021-03-31,2270000,10-Q,2021-05-17,2021,Q1
RIOT,PaymentsToAcquirePropertyPlantAndEquipment,2022-01-01,2022-03-31,37079000,10-Q,2022-05-10,2022,Q1
RIOT,PaymentsToAcquirePropertyPlantAndEquipment,2023-01-01,2023-03-31,50955000,10-Q,2023-05-10,2023,Q1
RIOT,PaymentsToAcquirePropertyPlantAndEquipment,2024-01-01,2024-03-31,57309000,10-Q,2024-05-01,2024,Q1
RIOT,PaymentsToAcquirePropertyPlantAndEquipment,2025-01-01,2025-03-31,32858000,10-Q,2025-05-01,2025,Q1
RIOT,PaymentsToAcquirePropertyPlantAndEquipment,2026-01-01,2026-03-31,115465000,10-Q,2026-04-30,2026,Q1
RJET,PaymentsToAcquirePropertyPlantAndEquipment,2025-01-01,2025-03-31,39300000,10-Q,2026-05-01,2026,Q1
RJET,PaymentsToAcquirePropertyPlantAndEquipment,2026-01-01,2026-03-31,93100000,10-Q,2026-05-01,2026,Q1
RKLB,PaymentsToAcquirePropertyPlantAndEquipment,2021-01-01,2021-03-31,4046000,10-Q,2022-05-16,2022,Q1
RKLB,PaymentsToAcquirePropertyPlantAndEquipment,2022-01-01,2022-03-31,6242000,10-Q,2022-05-16,2022,Q1
RKLB,PaymentsToAcquirePropertyPlantAndEquipment,2023-01-01,2023-03-31,12674000,10-Q,2023-05-09,2023,Q1
RKLB,PaymentsToAcquirePropertyPlantAndEquipment,2024-01-01,2024-03-31,19177000,10-Q,2024-05-06,2024,Q1
RKLB,PaymentsToAcquirePropertyPlantAndEquipment,2025-01-01,2025-03-31,28677000,10-Q,2025-05-08,2025,Q1
RKLB,PaymentsToAcquirePropertyPlantAndEquipment,2026-01-01,2026-03-31,27065000,10-Q,2026-05-07,2026,Q1
RMCF,PaymentsToAcquirePropertyPlantAndEquipment,2014-03-01,2014-05-31,119193,10-Q,2015-07-15,2016,Q1
RMCF,PaymentsToAcquirePropertyPlantAndEquipment,2015-03-01,2015-05-31,192182,10-Q,2015-07-15,2016,Q1
RMCF,PaymentsToAcquirePropertyPlantAndEquipment,2016-03-01,2016-05-31,634426,10-Q,2016-07-14,2017,Q1
RMCF,PaymentsToAcquirePropertyPlantAndEquipment,2017-03-01,2017-05-31,76726,10-Q,2017-07-07,2018,Q1
RMCF,PaymentsToAcquirePropertyPlantAndEquipment,2018-03-01,2018-05-31,130572,10-Q,2018-07-13,2019,Q1
RMCF,PaymentsToAcquirePropertyPlantAndEquipment,2019-03-01,2019-05-31,283548,10-Q,2019-07-15,2020,Q1
RMCF,PaymentsToAcquirePropertyPlantAndEquipment,2020-03-01,2020-05-31,22488,10-Q,2020-07-20,2021,Q1
RMCF,PaymentsToAcquirePropertyPlantAndEquipment,2020-09-01,2020-11-30,26206,10-Q,2022-01-13,2022,Q3
RMCF,PaymentsToAcquirePropertyPlantAndEquipment,2021-03-01,2021-05-31,457435,10-Q,2021-07-15,2022,Q1
RMCF,PaymentsToAcquirePropertyPlantAndEquipment,2021-06-01,2021-08-31,113427,10-Q,2022-10-14,2022,Q2
RMCF,PaymentsToAcquirePropertyPlantAndEquipment,2021-09-01,2021-11-30,133601,10-Q,2022-01-13,2022,Q3
RMCF,PaymentsToAcquirePropertyPlantAndEquipment,2022-03-01,2022-05-31,290360,10-Q,2022-07-15,2022,Q1
RMCF,PaymentsToAcquirePropertyPlantAndEquipment,2022-06-01,2022-08-31,296519,10-Q,2022-10-14,2022,Q2
RMCF,PaymentsToAcquirePropertyPlantAndEquipment,2022-09-01,2022-11-30,223854,10-Q,2023-01-13,2022,Q3
RMCF,PaymentsToAcquirePropertyPlantAndEquipment,2023-03-01,2023-05-31,549534,10-Q,2023-07-14,2024,Q1
RMCF,PaymentsToAcquirePropertyPlantAndEquipment,2023-06-01,2023-08-31,702193,10-Q,2023-10-16,2024,Q2
RMCF,PaymentsToAcquirePropertyPlantAndEquipment,2023-09-01,2023-11-30,1283523,10-Q,2024-01-16,2024,Q3
RMCF,PaymentsToAcquirePropertyPlantAndEquipment,2024-03-01,2024-05-31,417000,10-Q,2024-07-15,2025,Q1
RMCF,PaymentsToAcquirePropertyPlantAndEquipment,2025-03-01,2025-05-31,168000,10-Q,2025-07-15,2026,Q1
RMCF,PaymentsToAcquirePropertyPlantAndEquipment,2026-03-01,2026-05-31,259000,10-Q,2026-07-14,2027,Q1
RNAC,PaymentsToAcquirePropertyPlantAndEquipment,2016-01-01,2016-03-31,143000,10-Q,2017-05-11,2017,Q1
RNAC,PaymentsToAcquirePropertyPlantAndEquipment,2017-01-01,2017-03-31,58000,10-Q,2017-05-11,2017,Q1
RNAC,PaymentsToAcquirePropertyPlantAndEquipment,2018-01-01,2018-03-31,192000,10-Q,2018-05-09,2018,Q1
RNAC,PaymentsToAcquirePropertyPlantAndEquipment,2019-01-01,2019-03-31,0,10-Q,2019-05-09,2019,Q1
RNAC,PaymentsToAcquirePropertyPlantAndEquipment,2020-01-01,2020-03-31,135000,10-Q,2020-05-07,2020,Q1
RNAC,PaymentsToAcquirePropertyPlantAndEquipment,2021-01-01,2021-03-31,25000,10-Q,2021-05-13,2021,Q1
RNAC,PaymentsToAcquirePropertyPlantAndEquipment,2022-01-01,2022-03-31,455000,10-Q,2022-05-05,2022,Q1
RNAC,PaymentsToAcquirePropertyPlantAndEquipment,2023-01-01,2023-03-31,130000,10-Q,2023-05-04,2023,Q1
RNAC,PaymentsToAcquirePropertyPlantAndEquipment,2024-01-01,2024-03-31,602000,10-Q,2024-05-08,2024,Q1
RNAC,PaymentsToAcquirePropertyPlantAndEquipment,2025-01-01,2025-03-31,1075000,10-Q,2025-05-08,2025,Q1
RNAC,PaymentsToAcquirePropertyPlantAndEquipment,2026-01-01,2026-03-31,27000,10-Q,2026-04-30,2026,Q1
RNG,PaymentsToAcquirePropertyPlantAndEquipment,2013-01-01,2013-03-31,3934000,10-Q,2014-05-02,2014,Q1
RNG,PaymentsToAcquirePropertyPlantAndEquipment,2014-01-01,2014-03-31,3509000,10-Q,2014-05-02,2014,Q1
RNG,PaymentsToAcquirePropertyPlantAndEquipment,2015-01-01,2015-03-31,3298000,10-Q,2015-05-04,2015,Q1
RNG,PaymentsToAcquirePropertyPlantAndEquipment,2016-01-01,2016-03-31,2023000,10-Q,2016-05-06,2016,Q1
RNG,PaymentsToAcquirePropertyPlantAndEquipment,2017-01-01,2017-03-31,5155000,10-Q,2017-05-05,2017,Q1
RNG,PaymentsToAcquirePropertyPlantAndEquipment,2018-01-01,2018-03-31,4587000,10-Q,2018-05-10,2018,Q1
RNG,PaymentsToAcquirePropertyPlantAndEquipment,2019-01-01,2019-03-31,6862000,10-Q,2019-05-10,2019,Q1
RNG,PaymentsToAcquirePropertyPlantAndEquipment,2020-01-01,2020-03-31,6861000,10-Q,2020-05-11,2020,Q1
RNG,PaymentsToAcquirePropertyPlantAndEquipment,2021-01-01,2021-03-31,8721000,10-Q,2021-05-07,2021,Q1
RNG,PaymentsToAcquirePropertyPlantAndEquipment,2022-01-01,2022-03-31,6852000,10-Q,2022-05-10,2022,Q1
RNG,PaymentsToAcquirePropertyPlantAndEquipment,2023-01-01,2023-03-31,8723000,10-Q,2023-05-09,2023,Q1
RNG,PaymentsToAcquirePropertyPlantAndEquipment,2024-01-01,2024-03-31,6133000,10-Q,2024-05-07,2024,Q1
RNG,PaymentsToAcquirePropertyPlantAndEquipment,2025-01-01,2025-03-31,5587000,10-Q,2025-05-09,2025,Q1
RNG,PaymentsToAcquirePropertyPlantAndEquipment,2026-01-01,2026-03-31,6544000,10-Q,2026-05-11,2026,Q1
ROAD,PaymentsToAcquirePropertyPlantAndEquipment,2017-10-01,2017-12-31,9509000,10-Q,2019-02-14,2019,Q1
ROAD,PaymentsToAcquirePropertyPlantAndEquipment,2018-10-01,2018-12-31,7406000,10-Q,2019-02-14,2019,Q1
ROAD,PaymentsToAcquirePropertyPlantAndEquipment,2019-10-01,2019-12-31,23595000,10-Q,2020-02-07,2020,Q1
ROAD,PaymentsToAcquirePropertyPlantAndEquipment,2020-10-01,2020-12-31,10462000,10-Q,2021-02-05,2021,Q1
ROAD,PaymentsToAcquirePropertyPlantAndEquipment,2021-10-01,2021-12-31,15106000,10-Q,2022-02-04,2022,Q1
ROAD,PaymentsToAcquirePropertyPlantAndEquipment,2022-10-01,2022-12-31,31663000,10-Q,2023-02-09,2023,Q1
ROAD,PaymentsToAcquirePropertyPlantAndEquipment,2023-10-01,2023-12-31,26783000,10-Q,2024-02-09,2024,Q1
ROAD,PaymentsToAcquirePropertyPlantAndEquipment,2024-10-01,2024-12-31,26832000,10-Q,2025-02-07,2025,Q1
ROAD,PaymentsToAcquirePropertyPlantAndEquipment,2025-10-01,2025-12-31,35470000,10-Q,2026-02-09,2026,Q1
ROK,PaymentsToAcquirePropertyPlantAndEquipment,2008-10-01,2008-12-31,27400000,10-Q,2010-02-08,2010,Q1
ROK,PaymentsToAcquirePropertyPlantAndEquipment,2009-10-01,2009-12-31,13500000,10-Q,2010-02-08,2010,Q1
ROK,PaymentsToAcquirePropertyPlantAndEquipment,2010-10-01,2010-12-31,20300000,10-Q,2011-02-03,2011,Q1
ROK,PaymentsToAcquirePropertyPlantAndEquipment,2011-10-01,2011-12-31,31600000,10-Q,2012-02-08,2012,Q1
ROK,PaymentsToAcquirePropertyPlantAndEquipment,2012-10-01,2012-12-31,21600000,10-Q,2013-02-06,2013,Q1
ROK,PaymentsToAcquirePropertyPlantAndEquipment,2013-10-01,2013-12-31,35600000,10-Q,2014-02-06,2014,Q1
ROK,PaymentsToAcquirePropertyPlantAndEquipment,2014-10-01,2014-12-31,40000000,10-Q,2015-02-05,2015,Q1
ROK,PaymentsToAcquirePropertyPlantAndEquipment,2015-10-01,2015-12-31,40200000,10-Q,2016-02-03,2016,Q1
ROK,PaymentsToAcquirePropertyPlantAndEquipment,2016-10-01,2016-12-31,39400000,10-Q,2017-02-02,2017,Q1
ROK,PaymentsToAcquirePropertyPlantAndEquipment,2017-10-01,2017-12-31,34100000,10-Q,2018-01-31,2018,Q1
ROK,PaymentsToAcquirePropertyPlantAndEquipment,2018-10-01,2018-12-31,42000000,10-Q,2019-01-31,2019,Q1
ROK,PaymentsToAcquirePropertyPlantAndEquipment,2019-10-01,2019-12-31,37000000,10-Q,2020-01-29,2020,Q1
ROK,PaymentsToAcquirePropertyPlantAndEquipment,2020-10-01,2020-12-31,27100000,10-Q,2021-01-26,2021,Q1
ROK,PaymentsToAcquirePropertyPlantAndEquipment,2021-10-01,2021-12-31,37100000,10-Q,2022-01-27,2022,Q1
ROK,PaymentsToAcquirePropertyPlantAndEquipment,2022-10-01,2022-12-31,24200000,10-Q,2023-01-26,2023,Q1
ROK,PaymentsToAcquirePropertyPlantAndEquipment,2023-10-01,2023-12-31,67900000,10-Q,2024-01-31,2024,Q1
ROK,PaymentsToAcquirePropertyPlantAndEquipment,2024-10-01,2024-12-31,71000000,10-Q,2025-02-10,2025,Q1
ROK,PaymentsToAcquirePropertyPlantAndEquipment,2025-10-01,2025-12-31,64000000,10-Q,2026-02-05,2026,Q1
ROKU,PaymentsToAcquirePropertyPlantAndEquipment,2017-01-01,2017-03-31,1560000,10-Q,2018-05-11,2018,Q1
ROKU,PaymentsToAcquirePropertyPlantAndEquipment,2018-01-01,2018-03-31,3407000,10-Q,2018-05-11,2018,Q1
ROKU,PaymentsToAcquirePropertyPlantAndEquipment,2019-01-01,2019-03-31,5071000,10-Q,2019-05-10,2019,Q1
ROKU,PaymentsToAcquirePropertyPlantAndEquipment,2020-01-01,2020-03-31,45317000,10-Q,2020-05-11,2020,Q1
ROKU,PaymentsToAcquirePropertyPlantAndEquipment,2021-01-01,2021-03-31,3717000,10-Q,2021-05-07,2021,Q1
ROKU,PaymentsToAcquirePropertyPlantAndEquipment,2022-01-01,2022-03-31,14764000,10-Q,2022-04-29,2022,Q1
ROKU,PaymentsToAcquirePropertyPlantAndEquipment,2023-01-01,2023-03-31,54243000,10-Q,2023-04-27,2023,Q1
ROKU,PaymentsToAcquirePropertyPlantAndEquipment,2024-01-01,2024-03-31,672000,10-Q,2024-04-26,2024,Q1
ROKU,PaymentsToAcquirePropertyPlantAndEquipment,2025-01-01,2025-03-31,1931000,10-Q,2025-05-02,2025,Q1
ROKU,PaymentsToAcquirePropertyPlantAndEquipment,2026-01-01,2026-03-31,3134000,10-Q,2026-05-01,2026,Q1
RPC,PaymentsToAcquirePropertyPlantAndEquipment,2021-01-01,2021-03-31,22000,10-Q,2022-05-13,2022,Q1
RPC,PaymentsToAcquirePropertyPlantAndEquipment,2022-01-01,2022-03-31,263000,10-Q,2022-05-13,2022,Q1
RPC,PaymentsToAcquirePropertyPlantAndEquipment,2023-01-01,2023-03-31,484000,10-Q,2023-05-15,2023,Q1
RPC,PaymentsToAcquirePropertyPlantAndEquipment,2024-01-01,2024-03-31,258000,10-Q,2024-05-09,2024,Q1
RPC,PaymentsToAcquirePropertyPlantAndEquipment,2025-01-01,2025-03-31,1276000,10-Q,2025-05-08,2025,Q1
RPC,PaymentsToAcquirePropertyPlantAndEquipment,2026-01-01,2026-03-31,358000,10-Q,2026-05-08,2026,Q1
RTX,PaymentsToAcquirePropertyPlantAndEquipment,2022-01-01,2022-03-31,439000000,10-Q,2023-04-25,2023,Q1
RTX,PaymentsToAcquirePropertyPlantAndEquipment,2023-01-01,2023-03-31,520000000,10-Q,2023-04-25,2023,Q1
RTX,PaymentsToAcquirePropertyPlantAndEquipment,2024-01-01,2024-03-31,467000000,10-Q,2024-04-23,2024,Q1
RTX,PaymentsToAcquirePropertyPlantAndEquipment,2025-01-01,2025-03-31,513000000,10-Q,2025-04-22,2025,Q1
RTX,PaymentsToAcquirePropertyPlantAndEquipment,2026-01-01,2026-03-31,546000000,10-Q,2026-04-21,2026,Q1
RXO,PaymentsToAcquirePropertyPlantAndEquipment,2022-01-01,2022-03-31,12000000,10-Q,2023-05-03,2023,Q1
RXO,PaymentsToAcquirePropertyPlantAndEquipment,2023-01-01,2023-03-31,12000000,10-Q,2023-05-03,2023,Q1
RXO,PaymentsToAcquirePropertyPlantAndEquipment,2024-01-01,2024-03-31,11000000,10-Q,2024-05-07,2024,Q1
RXO,PaymentsToAcquirePropertyPlantAndEquipment,2025-01-01,2025-03-31,15000000,10-Q,2025-05-07,2025,Q1
RXO,PaymentsToAcquirePropertyPlantAndEquipment,2026-01-01,2026-03-31,17000000,10-Q,2026-05-07,2026,Q1
RXT,PaymentsToAcquirePropertyPlantAndEquipment,2020-01-01,2020-03-31,34400000,10-Q,2021-05-10,2021,Q1
RXT,PaymentsToAcquirePropertyPlantAndEquipment,2021-01-01,2021-03-31,36900000,10-Q,2021-05-10,2021,Q1
RXT,PaymentsToAcquirePropertyPlantAndEquipment,2022-01-01,2022-03-31,19200000,10-Q,2022-05-10,2022,Q1
RXT,PaymentsToAcquirePropertyPlantAndEquipment,2023-01-01,2023-03-31,12100000,10-Q,2023-05-10,2023,Q1
RXT,PaymentsToAcquirePropertyPlantAndEquipment,2024-01-01,2024-03-31,28100000,10-Q,2024-05-15,2024,Q1
RXT,PaymentsToAcquirePropertyPlantAndEquipment,2025-01-01,2025-03-31,8300000,10-Q,2025-05-12,2025,Q1
RXT,PaymentsToAcquirePropertyPlantAndEquipment,2026-01-01,2026-03-31,14500000,10-Q,2026-05-08,2026,Q1
S,PaymentsToAcquirePropertyPlantAndEquipment,2021-02-01,2021-04-30,780000,10-Q,2022-06-01,2023,Q1
S,PaymentsToAcquirePropertyPlantAndEquipment,2022-02-01,2022-04-30,2808000,10-Q,2022-06-01,2023,Q1
S,PaymentsToAcquirePropertyPlantAndEquipment,2023-02-01,2023-04-30,462000,10-Q,2023-06-01,2024,Q1
S,PaymentsToAcquirePropertyPlantAndEquipment,2024-02-01,2024-04-30,886000,10-Q,2024-05-30,2025,Q1
S,PaymentsToAcquirePropertyPlantAndEquipment,2025-02-01,2025-04-30,146000,10-Q,2025-05-28,2026,Q1
S,PaymentsToAcquirePropertyPlantAndEquipment,2026-02-01,2026-04-30,424000,10-Q,2026-05-28,2027,Q1
SAIC,PaymentsToAcquirePropertyPlantAndEquipment,2013-02-01,2013-05-03,1000000,10-Q,2014-06-10,2015,Q1
SAIC,PaymentsToAcquirePropertyPlantAndEquipment,2014-02-01,2014-05-02,7000000,10-Q,2014-06-10,2015,Q1
SAIC,PaymentsToAcquirePropertyPlantAndEquipment,2015-01-31,2015-05-01,1000000,10-Q,2015-06-09,2016,Q1
SAIC,PaymentsToAcquirePropertyPlantAndEquipment,2016-01-30,2016-05-06,4000000,10-Q,2016-06-13,2017,Q1
SAIC,PaymentsToAcquirePropertyPlantAndEquipment,2017-02-04,2017-05-05,4000000,10-Q,2017-06-13,2018,Q1
SAIC,PaymentsToAcquirePropertyPlantAndEquipment,2018-02-03,2018-05-04,6000000,10-Q,2018-06-13,2019,Q1
SAIC,PaymentsToAcquirePropertyPlantAndEquipment,2019-02-02,2019-05-03,9000000,10-Q,2019-06-06,2020,Q1
SAIC,PaymentsToAcquirePropertyPlantAndEquipment,2020-02-01,2020-05-01,9000000,10-Q,2020-06-05,2021,Q1
SAIC,PaymentsToAcquirePropertyPlantAndEquipment,2021-01-30,2021-04-30,10000000,10-Q,2021-06-04,2022,Q1
SAIC,PaymentsToAcquirePropertyPlantAndEquipment,2022-01-29,2022-04-29,5000000,10-Q,2022-06-06,2023,Q1
SAIC,PaymentsToAcquirePropertyPlantAndEquipment,2023-02-04,2023-05-05,6000000,10-Q,2023-06-05,2024,Q1
SAIC,PaymentsToAcquirePropertyPlantAndEquipment,2024-02-03,2024-05-03,6000000,10-Q,2024-06-03,2025,Q1
SAIC,PaymentsToAcquirePropertyPlantAndEquipment,2025-02-01,2025-05-02,8000000,10-Q,2025-06-02,2026,Q1
SAIC,PaymentsToAcquirePropertyPlantAndEquipment,2026-01-31,2026-05-01,9000000,10-Q,2026-06-01,2027,Q1
SALM,PaymentsToAcquirePropertyPlantAndEquipment,2011-01-01,2011-03-31,2412000,10-Q,2012-05-04,2012,Q1
SALM,PaymentsToAcquirePropertyPlantAndEquipment,2012-01-01,2012-03-31,2761000,10-Q,2012-05-04,2012,Q1
SALM,PaymentsToAcquirePropertyPlantAndEquipment,2013-01-01,2013-03-31,2343000,10-Q,2013-05-10,2013,Q1
SALM,PaymentsToAcquirePropertyPlantAndEquipment,2014-01-01,2014-03-31,3010000,10-Q,2014-05-09,2014,Q1
SCOR,PaymentsToAcquirePropertyPlantAndEquipment,2011-01-01,2011-03-31,1578000,10-Q,2012-05-03,2012,Q1
SCOR,PaymentsToAcquirePropertyPlantAndEquipment,2012-01-01,2012-03-31,607000,10-Q,2012-05-03,2012,Q1
SCOR,PaymentsToAcquirePropertyPlantAndEquipment,2013-01-01,2013-03-31,1555000,10-Q,2013-05-03,2013,Q1
SCOR,PaymentsToAcquirePropertyPlantAndEquipment,2014-01-01,2014-03-31,1873000,10-Q,2014-05-01,2014,Q1
SCOR,PaymentsToAcquirePropertyPlantAndEquipment,2015-01-01,2015-03-31,1402000,10-Q,2015-05-05,2015,Q1
SCOR,PaymentsToAcquirePropertyPlantAndEquipment,2016-01-01,2016-03-31,2562000,10-Q,2018-03-23,2017,Q1
SCOR,PaymentsToAcquirePropertyPlantAndEquipment,2017-01-01,2017-03-31,2999000,10-Q,2018-03-23,2017,Q1
SCOR,PaymentsToAcquirePropertyPlantAndEquipment,2018-01-01,2018-03-31,2657000,10-Q,2018-05-10,2018,Q1
SCOR,PaymentsToAcquirePropertyPlantAndEquipment,2019-01-01,2019-03-31,1836000,10-Q,2019-05-09,2019,Q1
SCOR,PaymentsToAcquirePropertyPlantAndEquipment,2020-01-01,2020-03-31,45000,10-Q,2020-05-08,2020,Q1
SCOR,PaymentsToAcquirePropertyPlantAndEquipment,2021-01-01,2021-03-31,157000,10-Q,2021-05-06,2021,Q1
SCOR,PaymentsToAcquirePropertyPlantAndEquipment,2022-01-01,2022-03-31,347000,10-Q,2022-05-10,2022,Q1
SCOR,PaymentsToAcquirePropertyPlantAndEquipment,2023-01-01,2023-03-31,487000,10-Q,2023-05-10,2023,Q1
SCOR,PaymentsToAcquirePropertyPlantAndEquipment,2024-01-01,2024-03-31,263000,10-Q,2024-05-10,2024,Q1
SCOR,PaymentsToAcquirePropertyPlantAndEquipment,2025-01-01,2025-03-31,379000,10-Q,2025-05-08,2025,Q1
SCOR,PaymentsToAcquirePropertyPlantAndEquipment,2026-01-01,2026-03-31,76000,10-Q,2026-05-15,2026,Q1
SDEV,PaymentsToAcquirePropertyPlantAndEquipment,2011-01-01,2011-03-31,117000,10-Q,2012-05-03,2012,Q1
SDEV,PaymentsToAcquirePropertyPlantAndEquipment,2013-01-01,2013-03-31,9000,10-Q,2013-05-02,2013,Q1
SDEV,PaymentsToAcquirePropertyPlantAndEquipment,2014-01-01,2014-03-31,12000,10-Q,2014-05-01,2014,Q1
SDEV,PaymentsToAcquirePropertyPlantAndEquipment,2015-01-01,2015-03-31,14000,10-Q,2015-05-14,2015,Q1
SDEV,PaymentsToAcquirePropertyPlantAndEquipment,2016-01-01,2016-03-31,16000,10-Q,2016-05-12,2016,Q1
SDEV,PaymentsToAcquirePropertyPlantAndEquipment,2017-01-01,2017-03-31,59000,10-Q,2017-05-11,2017,Q1
SDEV,PaymentsToAcquirePropertyPlantAndEquipment,2018-01-01,2018-03-31,2000,10-Q,2018-05-10,2018,Q1
SDEV,PaymentsToAcquirePropertyPlantAndEquipment,2019-01-01,2019-03-31,14000,10-Q,2019-05-15,2019,Q1
SDEV,PaymentsToAcquirePropertyPlantAndEquipment,2021-01-01,2021-03-31,25000,10-Q,2021-05-06,2021,Q1
SDEV,PaymentsToAcquirePropertyPlantAndEquipment,2022-01-01,2022-03-31,24000,10-Q,2022-05-12,2022,Q1
SDEV,PaymentsToAcquirePropertyPlantAndEquipment,2023-01-01,2023-03-31,13000,10-Q,2023-05-11,2023,Q1
SDEV,PaymentsToAcquirePropertyPlantAndEquipment,2024-01-01,2024-03-31,2000,10-Q,2024-05-09,2024,Q1
SDEV,PaymentsToAcquirePropertyPlantAndEquipment,2025-01-01,2025-03-31,0,10-Q,2025-05-15,2025,Q1
SDGR,PaymentsToAcquirePropertyPlantAndEquipment,2019-01-01,2019-03-31,1065000,10-Q,2020-05-13,2020,Q1
SDGR,PaymentsToAcquirePropertyPlantAndEquipment,2020-01-01,2020-03-31,843000,10-Q,2020-05-13,2020,Q1
SDGR,PaymentsToAcquirePropertyPlantAndEquipment,2021-01-01,2021-03-31,513000,10-Q,2021-05-11,2021,Q1
SDGR,PaymentsToAcquirePropertyPlantAndEquipment,2022-01-01,2022-03-31,1696000,10-Q,2022-05-04,2022,Q1
SDGR,PaymentsToAcquirePropertyPlantAndEquipment,2023-01-01,2023-03-31,3580000,10-Q,2023-05-04,2023,Q1
SDGR,PaymentsToAcquirePropertyPlantAndEquipment,2024-01-01,2024-03-31,4095000,10-Q,2024-05-01,2024,Q1
SDGR,PaymentsToAcquirePropertyPlantAndEquipment,2025-01-01,2025-03-31,596000,10-Q,2025-05-07,2025,Q1
SDGR,PaymentsToAcquirePropertyPlantAndEquipment,2026-01-01,2026-03-31,2507000,10-Q,2026-05-05,2026,Q1
SEB,PaymentsToAcquirePropertyPlantAndEquipment,2011-01-01,2011-04-02,39029000,10-Q,2012-05-04,2012,Q1
SEB,PaymentsToAcquirePropertyPlantAndEquipment,2012-01-01,2012-03-31,28969000,10-Q,2012-05-04,2012,Q1
SEB,PaymentsToAcquirePropertyPlantAndEquipment,2013-01-01,2013-03-30,34888000,10-Q,2013-05-09,2013,Q1
SEB,PaymentsToAcquirePropertyPlantAndEquipment,2014-01-01,2014-03-29,38030000,10-Q,2014-05-02,2014,Q1
SEB,PaymentsToAcquirePropertyPlantAndEquipment,2015-01-01,2015-04-04,28515000,10-Q,2015-05-08,2015,Q1
SEB,PaymentsToAcquirePropertyPlantAndEquipment,2016-01-01,2016-04-02,63000000,10-Q,2016-05-06,2016,Q1
SEB,PaymentsToAcquirePropertyPlantAndEquipment,2017-01-01,2017-04-01,36000000,10-Q,2017-05-03,2017,Q1
SEB,PaymentsToAcquirePropertyPlantAndEquipment,2018-01-01,2018-03-31,36000000,10-Q,2018-05-02,2018,Q1
SEB,PaymentsToAcquirePropertyPlantAndEquipment,2019-01-01,2019-03-30,83000000,10-Q,2019-04-30,2019,Q1
SEB,PaymentsToAcquirePropertyPlantAndEquipment,2020-01-01,2020-03-28,55000000,10-Q,2020-04-27,2020,Q1
SEB,PaymentsToAcquirePropertyPlantAndEquipment,2021-01-01,2021-04-03,96000000,10-Q,2021-05-04,2021,Q1
SEB,PaymentsToAcquirePropertyPlantAndEquipment,2022-01-01,2022-04-02,161000000,10-Q,2022-05-03,2022,Q1
SEB,PaymentsToAcquirePropertyPlantAndEquipment,2023-01-01,2023-04-01,111000000,10-Q,2023-05-03,2023,Q1
SEB,PaymentsToAcquirePropertyPlantAndEquipment,2024-01-01,2024-03-30,104000000,10-Q,2024-04-30,2024,Q1
SEB,PaymentsToAcquirePropertyPlantAndEquipment,2025-01-01,2025-03-29,109000000,10-Q,2025-04-28,2025,Q1
SEB,PaymentsToAcquirePropertyPlantAndEquipment,2026-01-01,2026-04-04,96000000,10-Q,2026-05-05,2026,Q1
SEI,PaymentsToAcquirePropertyPlantAndEquipment,2016-01-01,2016-03-31,2318000,10-Q,2017-06-12,2017,Q1
SEI,PaymentsToAcquirePropertyPlantAndEquipment,2017-01-01,2017-03-31,7618000,10-Q,2017-06-12,2017,Q1
SEI,PaymentsToAcquirePropertyPlantAndEquipment,2018-01-01,2018-03-31,41160000,10-Q,2018-05-08,2018,Q1
SEI,PaymentsToAcquirePropertyPlantAndEquipment,2019-01-01,2019-03-31,20370000,10-Q,2019-05-01,2019,Q1
SEI,PaymentsToAcquirePropertyPlantAndEquipment,2020-01-01,2020-03-31,699000,10-Q,2020-05-01,2020,Q1
SEI,PaymentsToAcquirePropertyPlantAndEquipment,2021-01-01,2021-03-31,2647000,10-Q,2021-05-03,2021,Q1
SEI,PaymentsToAcquirePropertyPlantAndEquipment,2022-01-01,2022-03-31,11776000,10-Q,2022-04-29,2022,Q1
SEI,PaymentsToAcquirePropertyPlantAndEquipment,2023-01-01,2023-03-31,18949000,10-Q,2023-05-04,2023,Q1
SEI,PaymentsToAcquirePropertyPlantAndEquipment,2024-01-01,2024-03-31,3358000,10-Q,2024-04-26,2024,Q1
SEI,PaymentsToAcquirePropertyPlantAndEquipment,2025-01-01,2025-03-31,144330000,10-Q,2025-05-07,2025,Q1
SEI,PaymentsToAcquirePropertyPlantAndEquipment,2026-01-01,2026-03-31,343356000,10-Q,2026-05-01,2026,Q1
SEMR,PaymentsToAcquirePropertyPlantAndEquipment,2020-01-01,2020-03-31,1084000,10-Q,2021-05-11,2021,Q1
SEMR,PaymentsToAcquirePropertyPlantAndEquipment,2021-01-01,2021-03-31,166000,10-Q,2021-05-11,2021,Q1
SEMR,PaymentsToAcquirePropertyPlantAndEquipment,2022-01-01,2022-03-31,370000,10-Q,2022-05-16,2022,Q1
SEMR,PaymentsToAcquirePropertyPlantAndEquipment,2023-01-01,2023-03-31,268000,10-Q,2023-05-10,2023,Q1
SEMR,PaymentsToAcquirePropertyPlantAndEquipment,2024-01-01,2024-03-31,759000,10-Q,2024-05-08,2024,Q1
SEMR,PaymentsToAcquirePropertyPlantAndEquipment,2025-01-01,2025-03-31,725000,10-Q,2025-05-08,2025,Q1
SENR,PaymentsToAcquirePropertyPlantAndEquipment,2013-01-01,2013-03-31,191800,10-Q,2014-05-15,2014,Q1
SENR,PaymentsToAcquirePropertyPlantAndEquipment,2013-04-01,2013-06-30,61800,10-Q,2014-08-12,2014,Q2
SENR,PaymentsToAcquirePropertyPlantAndEquipment,2014-01-01,2014-03-31,784900,10-Q,2014-05-15,2014,Q1
SENR,PaymentsToAcquirePropertyPlantAndEquipment,2014-04-01,2014-06-30,1533900,10-Q,2014-08-12,2014,Q2
SENR,PaymentsToAcquirePropertyPlantAndEquipment,2015-01-01,2015-03-31,169800,10-Q,2015-05-14,2015,Q1
SENR,PaymentsToAcquirePropertyPlantAndEquipment,2016-01-01,2016-03-31,136700,10-Q,2016-05-13,2016,Q1
SENR,PaymentsToAcquirePropertyPlantAndEquipment,2017-01-01,2017-03-31,1300,10-Q,2017-05-12,2017,Q1
SENR,PaymentsToAcquirePropertyPlantAndEquipment,2019-01-01,2019-03-31,15000,10-Q,2019-05-15,2019,Q1
SENR,PaymentsToAcquirePropertyPlantAndEquipment,2020-01-01,2020-03-31,19300,10-Q,2020-06-25,2020,Q1
SENR,PaymentsToAcquirePropertyPlantAndEquipment,2022-01-01,2022-03-31,28300,10-Q,2022-05-16,2022,Q1
SENR,PaymentsToAcquirePropertyPlantAndEquipment,2024-01-01,2024-03-31,1700,10-Q,2024-05-20,2024,Q1
SENR,PaymentsToAcquirePropertyPlantAndEquipment,2025-01-01,2025-03-31,800,10-Q,2025-06-17,2025,Q1
SEZL,PaymentsToAcquirePropertyPlantAndEquipment,2021-01-01,2021-03-31,189838,10-Q,2022-05-16,2022,Q1
SEZL,PaymentsToAcquirePropertyPlantAndEquipment,2022-01-01,2022-03-31,56488,10-Q,2022-05-16,2022,Q1
SEZL,PaymentsToAcquirePropertyPlantAndEquipment,2023-01-01,2023-03-31,51158,10-Q,2023-05-15,2023,Q1
SEZL,PaymentsToAcquirePropertyPlantAndEquipment,2024-01-01,2024-03-31,1847,10-Q,2024-05-09,2024,Q1
SEZL,PaymentsToAcquirePropertyPlantAndEquipment,2025-01-01,2025-03-31,27000,10-Q,2025-05-08,2025,Q1
SEZL,PaymentsToAcquirePropertyPlantAndEquipment,2026-01-01,2026-03-31,351000,10-Q,2026-05-07,2026,Q1
SHAK,PaymentsToAcquirePropertyPlantAndEquipment,2013-12-26,2014-03-26,1760000,10-Q,2015-05-15,2015,Q1
SHAK,PaymentsToAcquirePropertyPlantAndEquipment,2015-01-01,2015-04-01,8558000,10-Q,2015-05-15,2015,Q1
SHAK,PaymentsToAcquirePropertyPlantAndEquipment,2015-12-31,2016-03-30,14128000,10-Q,2016-05-16,2016,Q1
SHAK,PaymentsToAcquirePropertyPlantAndEquipment,2016-12-29,2017-03-29,13132000,10-Q,2017-05-05,2017,Q1
SHAK,PaymentsToAcquirePropertyPlantAndEquipment,2017-12-28,2018-03-28,17718000,10-Q,2018-05-07,2018,Q1
SHAK,PaymentsToAcquirePropertyPlantAndEquipment,2018-12-27,2019-03-27,24985000,10-Q,2019-05-06,2019,Q1
SHAK,PaymentsToAcquirePropertyPlantAndEquipment,2019-12-26,2020-03-25,19159000,10-Q,2020-05-04,2020,Q1
SHAK,PaymentsToAcquirePropertyPlantAndEquipment,2020-12-31,2021-03-31,23155000,10-Q,2021-05-07,2021,Q1
SHAK,PaymentsToAcquirePropertyPlantAndEquipment,2021-12-30,2022-03-30,27974000,10-Q,2022-05-06,2022,Q1
SHAK,PaymentsToAcquirePropertyPlantAndEquipment,2022-12-29,2023-03-29,34326000,10-Q,2023-05-05,2023,Q1
SHAK,PaymentsToAcquirePropertyPlantAndEquipment,2023-12-28,2024-03-27,33054000,10-Q,2024-05-03,2024,Q1
SHAK,PaymentsToAcquirePropertyPlantAndEquipment,2024-12-26,2025-03-26,29352000,10-Q,2025-05-01,2025,Q1
SHAK,PaymentsToAcquirePropertyPlantAndEquipment,2026-01-01,2026-04-01,47192000,10-Q,2026-05-07,2026,Q1
SHIM,PaymentsToAcquirePropertyPlantAndEquipment,2022-12-31,2023-03-31,2470000,10-Q,2024-05-20,2024,Q1
SHIM,PaymentsToAcquirePropertyPlantAndEquipment,2023-12-30,2024-03-29,4620000,10-Q,2024-05-20,2024,Q1
SHIM,PaymentsToAcquirePropertyPlantAndEquipment,2025-01-04,2025-04-04,545000,10-Q,2025-05-14,2025,Q1
SHIM,PaymentsToAcquirePropertyPlantAndEquipment,2026-01-03,2026-04-03,599000,10-Q,2026-05-15,2026,Q1
SIGA,PaymentsToAcquirePropertyPlantAndEquipment,2011-01-01,2011-03-31,43509,10-Q,2012-05-07,2012,Q1
SIGA,PaymentsToAcquirePropertyPlantAndEquipment,2012-01-01,2012-03-31,183398,10-Q,2012-05-07,2012,Q1
SIGA,PaymentsToAcquirePropertyPlantAndEquipment,2013-01-01,2013-03-31,268592,10-Q,2013-05-15,2013,Q1
SIGA,PaymentsToAcquirePropertyPlantAndEquipment,2014-01-01,2014-03-31,14184,10-Q,2014-05-01,2014,Q1
SIGA,PaymentsToAcquirePropertyPlantAndEquipment,2015-01-01,2015-03-31,0,10-Q,2015-05-06,2015,Q1
SIGA,PaymentsToAcquirePropertyPlantAndEquipment,2016-01-01,2016-03-31,8475,10-Q,2016-05-04,2016,Q1
SIGA,PaymentsToAcquirePropertyPlantAndEquipment,2017-01-01,2017-03-31,0,10-Q,2017-05-04,2017,Q1
SKYT,PaymentsToAcquirePropertyPlantAndEquipment,2019-12-30,2020-03-29,11425000,10-Q,2021-05-19,2021,Q1
SKYT,PaymentsToAcquirePropertyPlantAndEquipment,2021-01-04,2021-04-04,5178000,10-Q,2021-05-19,2021,Q1
SKYT,PaymentsToAcquirePropertyPlantAndEquipment,2022-01-03,2022-04-03,4414000,10-Q,2022-05-18,2022,Q1
SKYT,PaymentsToAcquirePropertyPlantAndEquipment,2023-01-02,2023-04-02,2851000,10-Q,2023-05-12,2023,Q1
SKYT,PaymentsToAcquirePropertyPlantAndEquipment,2024-01-01,2024-03-31,1259000,10-Q,2024-05-10,2024,Q1
SKYT,PaymentsToAcquirePropertyPlantAndEquipment,2024-12-30,2025-03-30,14770000,10-Q,2025-05-08,2025,Q1
SKYT,PaymentsToAcquirePropertyPlantAndEquipment,2025-12-29,2026-03-29,9050000,10-Q,2026-05-08,2026,Q1
SLND,PaymentsToAcquirePropertyPlantAndEquipment,2022-01-01,2022-03-31,714000,10-Q,2023-05-15,2023,Q1
SLND,PaymentsToAcquirePropertyPlantAndEquipment,2023-01-01,2023-03-31,1166000,10-Q,2023-05-15,2023,Q1
SLND,PaymentsToAcquirePropertyPlantAndEquipment,2024-01-01,2024-03-31,3128000,10-Q,2024-05-13,2024,Q1
SLND,PaymentsToAcquirePropertyPlantAndEquipment,2025-01-01,2025-03-31,1796000,10-Q,2025-05-13,2025,Q1
SLND,PaymentsToAcquirePropertyPlantAndEquipment,2026-01-01,2026-03-31,28000,10-Q,2026-05-12,2026,Q1
SLP,PaymentsToAcquirePropertyPlantAndEquipment,2011-09-01,2011-11-30,86518,10-Q,2012-01-17,2012,Q1
SLP,PaymentsToAcquirePropertyPlantAndEquipment,2012-09-01,2012-11-30,1638,10-Q,2013-01-14,2013,Q1
SLP,PaymentsToAcquirePropertyPlantAndEquipment,2013-09-01,2013-11-30,9843,10-Q,2014-01-13,2014,Q1
SLP,PaymentsToAcquirePropertyPlantAndEquipment,2014-09-01,2014-11-30,20944,10-Q,2015-01-14,2015,Q1
SLP,PaymentsToAcquirePropertyPlantAndEquipment,2015-09-01,2015-11-30,1207,10-Q,2016-01-14,2016,Q1
SLP,PaymentsToAcquirePropertyPlantAndEquipment,2015-12-01,2016-02-29,1000,10-Q,2017-04-10,2017,Q2
SLP,PaymentsToAcquirePropertyPlantAndEquipment,2016-09-01,2016-11-30,58337,10-Q,2017-01-09,2017,Q1
SLP,PaymentsToAcquirePropertyPlantAndEquipment,2016-12-01,2017-02-28,47000,10-Q,2017-04-10,2017,Q2
SLP,PaymentsToAcquirePropertyPlantAndEquipment,2017-09-01,2017-11-30,47276,10-Q,2018-01-09,2018,Q1
SLP,PaymentsToAcquirePropertyPlantAndEquipment,2018-09-01,2018-11-30,1255,10-Q,2019-01-09,2019,Q1
SLP,PaymentsToAcquirePropertyPlantAndEquipment,2019-09-01,2019-11-30,31495,10-Q,2020-01-09,2020,Q1
SLP,PaymentsToAcquirePropertyPlantAndEquipment,2020-09-01,2020-11-30,205000,10-Q,2021-01-11,2021,Q1
SLP,PaymentsToAcquirePropertyPlantAndEquipment,2021-09-01,2021-11-30,561000,10-Q,2022-01-07,2022,Q1
SLP,PaymentsToAcquirePropertyPlantAndEquipment,2022-09-01,2022-11-30,109000,10-Q,2023-01-06,2023,Q1
SLP,PaymentsToAcquirePropertyPlantAndEquipment,2023-09-01,2023-11-30,0,10-Q,2024-01-05,2024,Q1
SLP,PaymentsToAcquirePropertyPlantAndEquipment,2024-09-01,2024-11-30,86000,10-Q,2025-01-08,2025,Q1
SLP,PaymentsToAcquirePropertyPlantAndEquipment,2025-09-01,2025-11-30,0,10-Q,2026-01-09,2026,Q1
SLS,PaymentsToAcquirePropertyPlantAndEquipment,2011-01-01,2011-03-31,40000,10-Q,2012-05-14,2012,Q1
SLS,PaymentsToAcquirePropertyPlantAndEquipment,2014-01-01,2014-03-31,22000,10-Q,2014-05-06,2014,Q1
SLS,PaymentsToAcquirePropertyPlantAndEquipment,2015-01-01,2015-03-31,18000,10-Q,2015-05-07,2015,Q1
SLS,PaymentsToAcquirePropertyPlantAndEquipment,2016-01-01,2016-03-31,6000,10-Q,2016-05-10,2016,Q1
SMCI,PaymentsToAcquirePropertyPlantAndEquipment,2010-07-01,2010-09-30,7250000,10-Q,2011-11-07,2012,Q1
SMCI,PaymentsToAcquirePropertyPlantAndEquipment,2011-07-01,2011-09-30,8045000,10-Q,2011-11-07,2012,Q1
SMCI,PaymentsToAcquirePropertyPlantAndEquipment,2012-07-01,2012-09-30,919000,10-Q,2012-11-07,2013,Q1
SMCI,PaymentsToAcquirePropertyPlantAndEquipment,2013-07-01,2013-09-30,1948000,10-Q,2013-11-07,2014,Q1
SMCI,PaymentsToAcquirePropertyPlantAndEquipment,2014-07-01,2014-09-30,2766000,10-Q,2014-11-06,2015,Q1
SMCI,PaymentsToAcquirePropertyPlantAndEquipment,2015-07-01,2015-09-30,7662000,10-Q,2015-11-16,2016,Q1
SMCI,PaymentsToAcquirePropertyPlantAndEquipment,2016-07-01,2016-09-30,11646000,10-Q,2016-11-07,2017,Q1
SMCI,PaymentsToAcquirePropertyPlantAndEquipment,2017-07-01,2017-09-30,4956000,10-Q,2019-12-19,2019,Q1
SMCI,PaymentsToAcquirePropertyPlantAndEquipment,2018-07-01,2018-09-30,3171000,10-Q,2019-12-19,2019,Q1
SMCI,PaymentsToAcquirePropertyPlantAndEquipment,2019-07-01,2019-09-30,13325000,10-Q,2019-12-20,2020,Q1
SMCI,PaymentsToAcquirePropertyPlantAndEquipment,2020-07-01,2020-09-30,11851000,10-Q,2020-11-06,2021,Q1
SMCI,PaymentsToAcquirePropertyPlantAndEquipment,2021-07-01,2021-09-30,10802000,10-Q,2021-11-05,2022,Q1
SMCI,PaymentsToAcquirePropertyPlantAndEquipment,2022-07-01,2022-09-30,10746000,10-Q,2022-11-04,2023,Q1
SMCI,PaymentsToAcquirePropertyPlantAndEquipment,2023-07-01,2023-09-30,2631000,10-Q,2023-11-03,2024,Q1
SMCI,PaymentsToAcquirePropertyPlantAndEquipment,2024-07-01,2024-09-30,44300000,10-Q,2025-02-25,2025,Q1
SMCI,PaymentsToAcquirePropertyPlantAndEquipment,2025-07-01,2025-09-30,32270000,10-Q,2025-11-07,2026,Q1
SND,PaymentsToAcquirePropertyPlantAndEquipment,2016-01-01,2016-03-31,647000,10-Q,2017-05-11,2017,Q1
SND,PaymentsToAcquirePropertyPlantAndEquipment,2017-01-01,2017-03-31,1623000,10-Q,2017-05-11,2017,Q1
SND,PaymentsToAcquirePropertyPlantAndEquipment,2018-01-01,2018-03-31,46869000,10-Q,2018-05-10,2018,Q1
SND,PaymentsToAcquirePropertyPlantAndEquipment,2019-01-01,2019-03-31,8499000,10-Q,2019-05-07,2019,Q1
SND,PaymentsToAcquirePropertyPlantAndEquipment,2020-01-01,2020-03-31,4185000,10-Q,2020-05-06,2020,Q1
SND,PaymentsToAcquirePropertyPlantAndEquipment,2021-01-01,2021-03-31,2213000,10-Q,2021-05-04,2021,Q1
SND,PaymentsToAcquirePropertyPlantAndEquipment,2022-01-01,2022-03-31,3768000,10-Q,2022-05-11,2022,Q1
SND,PaymentsToAcquirePropertyPlantAndEquipment,2023-01-01,2023-03-31,4018000,10-Q,2023-05-09,2023,Q1
SND,PaymentsToAcquirePropertyPlantAndEquipment,2024-01-01,2024-03-31,1646000,10-Q,2024-05-13,2024,Q1
SND,PaymentsToAcquirePropertyPlantAndEquipment,2025-01-01,2025-03-31,3536000,10-Q,2025-05-13,2025,Q1
SND,PaymentsToAcquirePropertyPlantAndEquipment,2026-01-01,2026-03-31,2201000,10-Q,2026-05-12,2026,Q1
SNDR,PaymentsToAcquirePropertyPlantAndEquipment,2017-01-01,2017-03-31,39300000,10-Q,2018-04-30,2018,Q1
SNDR,PaymentsToAcquirePropertyPlantAndEquipment,2018-01-01,2018-03-31,44800000,10-Q,2018-04-30,2018,Q1
SNDR,PaymentsToAcquirePropertyPlantAndEquipment,2019-01-01,2019-03-31,50100000,10-Q,2019-05-02,2019,Q1
SNDR,PaymentsToAcquirePropertyPlantAndEquipment,2020-01-01,2020-03-31,22200000,10-Q,2020-04-30,2020,Q1
SNDR,PaymentsToAcquirePropertyPlantAndEquipment,2021-01-01,2021-03-31,19000000,10-Q,2021-04-29,2021,Q1
SNDR,PaymentsToAcquirePropertyPlantAndEquipment,2022-01-01,2022-03-31,60300000,10-Q,2022-04-29,2022,Q1
SNDR,PaymentsToAcquirePropertyPlantAndEquipment,2023-01-01,2023-03-31,143100000,10-Q,2023-04-27,2023,Q1
SNDR,PaymentsToAcquirePropertyPlantAndEquipment,2024-01-01,2024-03-31,123300000,10-Q,2024-05-02,2024,Q1
SNDR,PaymentsToAcquirePropertyPlantAndEquipment,2025-01-01,2025-03-31,114400000,10-Q,2025-05-01,2025,Q1
SNDR,PaymentsToAcquirePropertyPlantAndEquipment,2026-01-01,2026-03-31,40900000,10-Q,2026-05-01,2026,Q1
SNOW,PaymentsToAcquirePropertyPlantAndEquipment,2020-02-01,2020-04-30,2033000,10-Q,2021-06-04,2022,Q1
SNOW,PaymentsToAcquirePropertyPlantAndEquipment,2021-02-01,2021-04-30,6430000,10-Q,2021-06-04,2022,Q1
SNOW,PaymentsToAcquirePropertyPlantAndEquipment,2022-02-01,2022-04-30,7413000,10-Q,2022-06-03,2023,FY
SNOW,PaymentsToAcquirePropertyPlantAndEquipment,2023-02-01,2023-04-30,6970000,10-Q,2023-06-02,2024,Q1
SNOW,PaymentsToAcquirePropertyPlantAndEquipment,2024-02-01,2024-04-30,16519000,10-Q,2024-05-31,2025,Q1
SNOW,PaymentsToAcquirePropertyPlantAndEquipment,2025-02-01,2025-04-30,44989000,10-Q,2025-05-30,2026,Q1
SNOW,PaymentsToAcquirePropertyPlantAndEquipment,2026-02-01,2026-04-30,10451000,10-Q,2026-05-29,2027,Q1
SNPS,PaymentsToAcquirePropertyPlantAndEquipment,2009-11-01,2010-01-31,8037000,10-Q,2011-03-02,2011,Q1
SNPS,PaymentsToAcquirePropertyPlantAndEquipment,2010-11-01,2011-01-31,10217000,10-Q,2011-03-02,2011,Q1
SNPS,PaymentsToAcquirePropertyPlantAndEquipment,2011-11-01,2012-01-31,11016000,10-Q,2012-03-06,2012,Q1
SNPS,PaymentsToAcquirePropertyPlantAndEquipment,2012-11-01,2013-01-31,13980000,10-Q,2013-03-04,2013,Q1
SNPS,PaymentsToAcquirePropertyPlantAndEquipment,2013-11-01,2014-01-31,14353000,10-Q,2014-02-26,2014,Q1
SNPS,PaymentsToAcquirePropertyPlantAndEquipment,2014-11-01,2015-01-31,19607000,10-Q,2015-02-24,2015,Q1
SNPS,PaymentsToAcquirePropertyPlantAndEquipment,2015-11-01,2016-01-31,15337000,10-Q,2016-02-22,2016,Q1
SNPS,PaymentsToAcquirePropertyPlantAndEquipment,2016-11-01,2017-01-31,18178000,10-Q,2017-02-17,2017,Q1
SNPS,PaymentsToAcquirePropertyPlantAndEquipment,2017-11-01,2018-01-31,28316000,10-Q,2018-02-23,2018,Q1
SNPS,PaymentsToAcquirePropertyPlantAndEquipment,2018-11-01,2019-01-31,29007000,10-Q,2019-02-25,2019,Q1
SNPS,PaymentsToAcquirePropertyPlantAndEquipment,2019-11-01,2020-01-31,54605000,10-Q,2020-02-21,2020,Q1
SNPS,PaymentsToAcquirePropertyPlantAndEquipment,2020-11-01,2021-01-31,27779000,10-Q,2021-02-19,2021,Q1
SNPS,PaymentsToAcquirePropertyPlantAndEquipment,2021-11-01,2022-01-31,41751000,10-Q,2022-02-18,2022,Q1
SNPS,PaymentsToAcquirePropertyPlantAndEquipment,2022-11-01,2023-01-31,43500000,10-Q,2023-02-17,2023,Q1
SNPS,PaymentsToAcquirePropertyPlantAndEquipment,2023-11-01,2024-01-31,40391000,10-Q,2024-02-23,2024,Q1
SNPS,PaymentsToAcquirePropertyPlantAndEquipment,2024-11-01,2025-01-31,40715000,10-Q,2025-02-26,2025,Q1
SNPS,PaymentsToAcquirePropertyPlantAndEquipment,2025-11-01,2026-01-31,35320000,10-Q,2026-02-25,2026,Q1
SNWV,PaymentsToAcquirePropertyPlantAndEquipment,2012-01-01,2012-03-31,945,10-Q,2012-05-14,2012,Q1
SNWV,PaymentsToAcquirePropertyPlantAndEquipment,2014-01-01,2014-03-31,1945,10-Q,2014-05-13,2014,Q1
SNWV,PaymentsToAcquirePropertyPlantAndEquipment,2017-01-01,2017-03-31,0,10-Q,2018-05-15,2018,Q1
SNWV,PaymentsToAcquirePropertyPlantAndEquipment,2018-01-01,2018-03-31,7720,10-Q,2018-05-15,2018,Q1
SNWV,PaymentsToAcquirePropertyPlantAndEquipment,2019-01-01,2019-03-31,22054,10-Q,2019-05-20,2019,Q1
SNWV,PaymentsToAcquirePropertyPlantAndEquipment,2020-01-01,2020-03-31,4855,10-Q,2020-05-15,2020,Q1
SNWV,PaymentsToAcquirePropertyPlantAndEquipment,2021-01-01,2021-03-31,101000,10-Q,2021-12-13,2021,Q1
SNWV,PaymentsToAcquirePropertyPlantAndEquipment,2022-01-01,2022-03-31,0,10-Q,2023-05-11,2023,Q1
SNWV,PaymentsToAcquirePropertyPlantAndEquipment,2023-01-01,2023-03-31,18000,10-Q,2023-05-11,2023,Q1
SNWV,PaymentsToAcquirePropertyPlantAndEquipment,2024-01-01,2024-03-31,114000,10-Q,2024-05-09,2024,Q1
SNWV,PaymentsToAcquirePropertyPlantAndEquipment,2025-01-01,2025-03-31,162000,10-Q,2025-05-08,2025,Q1
SNWV,PaymentsToAcquirePropertyPlantAndEquipment,2026-01-01,2026-03-31,23000,10-Q,2026-05-12,2026,Q1
SONO,PaymentsToAcquirePropertyPlantAndEquipment,2017-10-01,2017-12-30,12410000,10-Q,2019-02-07,2019,Q1
SONO,PaymentsToAcquirePropertyPlantAndEquipment,2018-09-30,2018-12-29,5372000,10-Q,2019-02-07,2019,Q1
SONO,PaymentsToAcquirePropertyPlantAndEquipment,2019-09-29,2019-12-28,15914000,10-Q,2020-02-06,2020,Q1
SONO,PaymentsToAcquirePropertyPlantAndEquipment,2020-10-04,2021-01-02,11333000,10-Q,2021-02-11,2021,Q1
SONO,PaymentsToAcquirePropertyPlantAndEquipment,2021-10-03,2022-01-01,6355000,10-Q,2022-02-10,2022,Q1
SONO,PaymentsToAcquirePropertyPlantAndEquipment,2022-10-02,2022-12-31,14689000,10-Q,2023-02-09,2023,Q1
SONO,PaymentsToAcquirePropertyPlantAndEquipment,2023-10-01,2023-12-30,6077000,10-Q,2024-02-07,2024,Q1
SONO,PaymentsToAcquirePropertyPlantAndEquipment,2024-09-29,2024-12-28,13106000,10-Q,2025-02-06,2025,Q1
SONO,PaymentsToAcquirePropertyPlantAndEquipment,2025-09-28,2025-12-27,5958000,10-Q,2026-02-04,2026,Q1
SOUN,PaymentsToAcquirePropertyPlantAndEquipment,2022-01-01,2022-03-31,611000,10-Q,2023-05-12,2023,Q1
SOUN,PaymentsToAcquirePropertyPlantAndEquipment,2023-01-01,2023-03-31,15000,10-Q,2023-05-12,2023,Q1
SOUN,PaymentsToAcquirePropertyPlantAndEquipment,2024-01-01,2024-03-31,99000,10-Q,2024-05-10,2024,Q1
SOUN,PaymentsToAcquirePropertyPlantAndEquipment,2025-01-01,2025-03-31,162000,10-Q,2025-05-12,2025,Q1
SOUN,PaymentsToAcquirePropertyPlantAndEquipment,2026-01-01,2026-03-31,468000,10-Q,2026-05-11,2026,Q1
SPGI,PaymentsToAcquirePropertyPlantAndEquipment,2009-01-01,2009-03-31,8025000,10-Q,2010-04-28,2010,Q1
SPGI,PaymentsToAcquirePropertyPlantAndEquipment,2010-01-01,2010-03-31,7623000,10-Q,2010-04-28,2010,Q1
SPHR,PaymentsToAcquirePropertyPlantAndEquipment,2019-07-01,2019-09-30,86360000,10-Q,2020-11-16,2021,Q1
SPHR,PaymentsToAcquirePropertyPlantAndEquipment,2019-10-01,2019-12-31,121668000,10-Q,2021-02-12,2021,Q2
SPHR,PaymentsToAcquirePropertyPlantAndEquipment,2020-01-01,2020-03-31,118475000,10-Q,2021-05-07,2021,Q3
SPHR,PaymentsToAcquirePropertyPlantAndEquipment,2020-07-01,2020-09-30,112058000,10-Q,2020-11-16,2021,Q1
SPHR,PaymentsToAcquirePropertyPlantAndEquipment,2020-10-01,2020-12-31,107238000,10-Q,2021-02-12,2021,Q2
SPHR,PaymentsToAcquirePropertyPlantAndEquipment,2021-01-01,2021-03-31,102321000,10-Q,2021-05-07,2021,Q3
SPHR,PaymentsToAcquirePropertyPlantAndEquipment,2021-07-01,2021-09-30,137271000,10-Q,2021-11-09,2022,Q1
SPHR,PaymentsToAcquirePropertyPlantAndEquipment,2021-10-01,2021-12-31,175805000,10-Q,2022-02-09,2022,Q2
SPHR,PaymentsToAcquirePropertyPlantAndEquipment,2022-07-01,2022-09-30,272088000,10-Q,2022-11-09,2023,Q1
SPHR,PaymentsToAcquirePropertyPlantAndEquipment,2022-10-01,2022-12-31,289720000,10-Q,2023-02-09,2023,Q2
SPIR,PaymentsToAcquirePropertyPlantAndEquipment,2021-01-01,2021-03-31,1378000,10-Q,2022-05-11,2022,Q1
SPIR,PaymentsToAcquirePropertyPlantAndEquipment,2022-01-01,2022-03-31,4243000,10-Q,2022-05-11,2022,Q1
SPIR,PaymentsToAcquirePropertyPlantAndEquipment,2023-01-01,2023-03-31,4649000,10-Q,2023-05-10,2023,Q1
SPIR,PaymentsToAcquirePropertyPlantAndEquipment,2024-01-01,2024-03-31,8564000,10-Q,2024-05-15,2024,Q1
SPIR,PaymentsToAcquirePropertyPlantAndEquipment,2025-01-01,2025-03-31,8901000,10-Q,2025-05-14,2025,Q1
SPIR,PaymentsToAcquirePropertyPlantAndEquipment,2026-01-01,2026-03-31,7972000,10-Q,2026-05-14,2026,Q1
SPOK,PaymentsToAcquirePropertyPlantAndEquipment,2011-01-01,2011-03-31,1494000,10-Q,2012-05-04,2012,Q1
SPOK,PaymentsToAcquirePropertyPlantAndEquipment,2012-01-01,2012-03-31,1551000,10-Q,2012-05-04,2012,Q1
SPOK,PaymentsToAcquirePropertyPlantAndEquipment,2012-04-01,2012-06-30,2888000,10-Q,2013-08-02,2013,Q2
SPOK,PaymentsToAcquirePropertyPlantAndEquipment,2012-07-01,2012-09-30,2696000,10-Q,2013-11-06,2013,Q3
SPOK,PaymentsToAcquirePropertyPlantAndEquipment,2013-01-01,2013-03-31,2341000,10-Q,2013-05-10,2013,Q1
SPOK,PaymentsToAcquirePropertyPlantAndEquipment,2013-04-01,2013-06-30,2927000,10-Q,2013-08-02,2013,Q2
SPOK,PaymentsToAcquirePropertyPlantAndEquipment,2013-07-01,2013-09-30,2504000,10-Q,2013-11-06,2013,Q3
SPOK,PaymentsToAcquirePropertyPlantAndEquipment,2014-01-01,2014-03-31,2643000,10-Q,2014-05-01,2014,Q1
SPOK,PaymentsToAcquirePropertyPlantAndEquipment,2015-01-01,2015-03-31,1040000,10-Q,2015-04-30,2015,Q1
SPOK,PaymentsToAcquirePropertyPlantAndEquipment,2016-01-01,2016-03-31,1445000,10-Q,2016-04-28,2016,Q1
SPOK,PaymentsToAcquirePropertyPlantAndEquipment,2017-01-01,2017-03-31,2851000,10-Q,2017-04-27,2017,Q1
SPOK,PaymentsToAcquirePropertyPlantAndEquipment,2018-01-01,2018-03-31,1164000,10-Q,2018-04-26,2018,Q1
SPOK,PaymentsToAcquirePropertyPlantAndEquipment,2019-01-01,2019-03-31,1287000,10-Q,2019-04-25,2019,Q1
SPOK,PaymentsToAcquirePropertyPlantAndEquipment,2020-01-01,2020-03-31,1049000,10-Q,2020-04-30,2020,Q1
SPOK,PaymentsToAcquirePropertyPlantAndEquipment,2021-01-01,2021-03-31,727000,10-Q,2021-04-29,2021,Q1
SPOK,PaymentsToAcquirePropertyPlantAndEquipment,2022-01-01,2022-03-31,679000,10-Q,2022-04-28,2022,Q1
SPOK,PaymentsToAcquirePropertyPlantAndEquipment,2023-01-01,2023-03-31,649000,10-Q,2023-05-04,2023,Q1
SPOK,PaymentsToAcquirePropertyPlantAndEquipment,2024-01-01,2024-03-31,875000,10-Q,2024-05-02,2024,Q1
SPOK,PaymentsToAcquirePropertyPlantAndEquipment,2025-01-01,2025-03-31,745000,10-Q,2025-05-01,2025,Q1
SPOK,PaymentsToAcquirePropertyPlantAndEquipment,2026-01-01,2026-03-31,604000,10-Q,2026-04-30,2026,Q1
SPT,PaymentsToAcquirePropertyPlantAndEquipment,2019-01-01,2019-03-31,156000,10-Q,2020-05-07,2020,Q1
SPT,PaymentsToAcquirePropertyPlantAndEquipment,2020-01-01,2020-03-31,313000,10-Q,2020-05-07,2020,Q1
SPT,PaymentsToAcquirePropertyPlantAndEquipment,2021-01-01,2021-03-31,173000,10-Q,2021-05-05,2021,Q1
SPT,PaymentsToAcquirePropertyPlantAndEquipment,2022-01-01,2022-03-31,313000,10-Q,2022-05-04,2022,Q1
SPT,PaymentsToAcquirePropertyPlantAndEquipment,2023-01-01,2023-03-31,383000,10-Q,2023-05-03,2023,Q1
SPT,PaymentsToAcquirePropertyPlantAndEquipment,2024-01-01,2024-03-31,1092000,10-Q,2024-05-03,2024,Q1
SPT,PaymentsToAcquirePropertyPlantAndEquipment,2025-01-01,2025-03-31,1357000,10-Q,2025-05-09,2025,Q1
SPT,PaymentsToAcquirePropertyPlantAndEquipment,2026-01-01,2026-03-31,1099000,10-Q,2026-05-08,2026,Q1
SRE,PaymentsToAcquirePropertyPlantAndEquipment,2015-01-01,2015-03-31,780000000,10-Q,2016-05-04,2016,Q1
SRE,PaymentsToAcquirePropertyPlantAndEquipment,2016-01-01,2016-03-31,971000000,10-Q,2016-05-04,2016,Q1
SRE,PaymentsToAcquirePropertyPlantAndEquipment,2017-01-01,2017-03-31,992000000,10-Q,2017-05-09,2017,Q1
SRE,PaymentsToAcquirePropertyPlantAndEquipment,2018-01-01,2018-03-31,1035000000,10-Q,2018-05-07,2018,Q1
SRE,PaymentsToAcquirePropertyPlantAndEquipment,2019-01-01,2019-03-31,783000000,10-Q,2019-05-07,2019,Q1
SRE,PaymentsToAcquirePropertyPlantAndEquipment,2020-01-01,2020-03-31,1010000000,10-Q,2020-05-04,2020,Q1
SRE,PaymentsToAcquirePropertyPlantAndEquipment,2021-01-01,2021-03-31,1181000000,10-Q,2021-05-05,2021,Q1
SRE,PaymentsToAcquirePropertyPlantAndEquipment,2022-01-01,2022-03-31,1204000000,10-Q,2022-05-05,2022,Q1
SRE,PaymentsToAcquirePropertyPlantAndEquipment,2023-01-01,2023-03-31,1830000000,10-Q,2023-05-04,2023,Q1
SSKN,PaymentsToAcquirePropertyPlantAndEquipment,2011-01-01,2011-03-31,7645,10-Q,2012-05-03,2012,Q1
SSKN,PaymentsToAcquirePropertyPlantAndEquipment,2012-01-01,2012-03-31,408079,10-Q,2012-05-03,2012,Q1
SSKN,PaymentsToAcquirePropertyPlantAndEquipment,2013-01-01,2013-03-31,1641297,10-Q,2013-04-30,2013,Q1
SSKN,PaymentsToAcquirePropertyPlantAndEquipment,2014-01-01,2014-03-31,0,10-Q,2015-05-14,2015,Q1
SSKN,PaymentsToAcquirePropertyPlantAndEquipment,2015-01-01,2015-03-31,0,10-Q,2015-05-14,2015,Q1
SSKN,PaymentsToAcquirePropertyPlantAndEquipment,2020-01-01,2020-03-31,0,10-Q,2021-05-13,2021,Q1
SSKN,PaymentsToAcquirePropertyPlantAndEquipment,2021-01-01,2021-03-31,86000,10-Q,2021-05-13,2021,Q1
SSKN,PaymentsToAcquirePropertyPlantAndEquipment,2022-01-01,2022-03-31,679000,10-Q,2022-05-11,2022,Q1
SSKN,PaymentsToAcquirePropertyPlantAndEquipment,2023-01-01,2023-03-31,1406000,10-Q,2023-05-15,2023,Q1
SSKN,PaymentsToAcquirePropertyPlantAndEquipment,2024-01-01,2024-03-31,725000,10-Q,2024-05-15,2024,Q1
SSKN,PaymentsToAcquirePropertyPlantAndEquipment,2025-01-01,2025-03-31,199000,10-Q,2025-05-15,2025,Q1
SSNC,PaymentsToAcquirePropertyPlantAndEquipment,2011-01-01,2011-03-31,1566000,10-Q,2012-05-10,2012,Q1
SSNC,PaymentsToAcquirePropertyPlantAndEquipment,2012-01-01,2012-03-31,1232000,10-Q,2012-05-10,2012,Q1
SSNC,PaymentsToAcquirePropertyPlantAndEquipment,2013-01-01,2013-03-31,2044000,10-Q,2013-05-07,2013,Q1
SSNC,PaymentsToAcquirePropertyPlantAndEquipment,2014-01-01,2014-03-31,2758000,10-Q,2014-05-07,2014,Q1
SSNC,PaymentsToAcquirePropertyPlantAndEquipment,2015-01-01,2015-03-31,2249000,10-Q,2015-05-01,2015,Q1
SSNC,PaymentsToAcquirePropertyPlantAndEquipment,2016-01-01,2016-03-31,2808000,10-Q,2016-05-09,2016,Q1
SSNC,PaymentsToAcquirePropertyPlantAndEquipment,2017-01-01,2017-03-31,5990000,10-Q,2017-05-05,2017,Q1
SSNC,PaymentsToAcquirePropertyPlantAndEquipment,2018-01-01,2018-03-31,7163000,10-Q,2018-05-10,2018,Q1
SSNC,PaymentsToAcquirePropertyPlantAndEquipment,2019-01-01,2019-03-31,16300000,10-Q,2019-05-08,2019,Q1
SSNC,PaymentsToAcquirePropertyPlantAndEquipment,2020-01-01,2020-03-31,8500000,10-Q,2020-05-07,2020,Q1
SSNC,PaymentsToAcquirePropertyPlantAndEquipment,2021-01-01,2021-03-31,9100000,10-Q,2021-05-05,2021,Q1
SSNC,PaymentsToAcquirePropertyPlantAndEquipment,2022-01-01,2022-03-31,10800000,10-Q,2022-05-05,2022,Q1
SSNC,PaymentsToAcquirePropertyPlantAndEquipment,2023-01-01,2023-03-31,10500000,10-Q,2023-05-03,2023,Q1
SSNC,PaymentsToAcquirePropertyPlantAndEquipment,2024-01-01,2024-03-31,5800000,10-Q,2024-05-01,2024,Q1
SSNC,PaymentsToAcquirePropertyPlantAndEquipment,2025-01-01,2025-03-31,12700000,10-Q,2025-04-30,2025,Q1
SSNC,PaymentsToAcquirePropertyPlantAndEquipment,2026-01-01,2026-03-31,6000000,10-Q,2026-04-30,2026,Q1
SSP,PaymentsToAcquirePropertyPlantAndEquipment,2011-01-01,2011-03-31,1293000,10-Q,2012-05-08,2012,Q1
SSP,PaymentsToAcquirePropertyPlantAndEquipment,2012-01-01,2012-03-31,1137000,10-Q,2012-05-08,2012,Q1
SSP,PaymentsToAcquirePropertyPlantAndEquipment,2013-01-01,2013-03-31,4979000,10-Q,2013-05-07,2013,Q1
SSP,PaymentsToAcquirePropertyPlantAndEquipment,2014-01-01,2014-03-31,2584000,10-Q,2014-05-09,2014,Q1
SSP,PaymentsToAcquirePropertyPlantAndEquipment,2015-01-01,2015-03-31,3339000,10-Q,2015-05-08,2015,Q1
SSP,PaymentsToAcquirePropertyPlantAndEquipment,2016-01-01,2016-03-31,6321000,10-Q,2016-05-06,2016,Q1
SSP,PaymentsToAcquirePropertyPlantAndEquipment,2017-01-01,2017-03-31,4103000,10-Q,2017-05-05,2017,Q1
SSP,PaymentsToAcquirePropertyPlantAndEquipment,2018-01-01,2018-03-31,11362000,10-Q,2018-05-07,2018,Q1
SSP,PaymentsToAcquirePropertyPlantAndEquipment,2019-01-01,2019-03-31,13440000,10-Q,2019-05-10,2019,Q1
SSP,PaymentsToAcquirePropertyPlantAndEquipment,2020-01-01,2020-03-31,16210000,10-Q,2020-05-08,2020,Q1
SSP,PaymentsToAcquirePropertyPlantAndEquipment,2021-01-01,2021-03-31,4139000,10-Q,2021-05-10,2021,Q1
SSP,PaymentsToAcquirePropertyPlantAndEquipment,2022-01-01,2022-03-31,12685000,10-Q,2022-05-06,2022,Q1
SSP,PaymentsToAcquirePropertyPlantAndEquipment,2023-01-01,2023-03-31,7782000,10-Q,2023-05-05,2023,Q1
SSP,PaymentsToAcquirePropertyPlantAndEquipment,2024-01-01,2024-03-31,22145000,10-Q,2024-05-10,2024,Q1
SSP,PaymentsToAcquirePropertyPlantAndEquipment,2025-01-01,2025-03-31,5055000,10-Q,2025-05-09,2025,Q1
SSP,PaymentsToAcquirePropertyPlantAndEquipment,2026-01-01,2026-03-31,3156000,10-Q,2026-05-08,2026,Q1
SSTI,PaymentsToAcquirePropertyPlantAndEquipment,2017-01-01,2017-03-31,1077000,10-Q,2018-05-10,2018,Q1
SSTI,PaymentsToAcquirePropertyPlantAndEquipment,2018-01-01,2018-03-31,2985000,10-Q,2018-05-10,2018,Q1
SSTI,PaymentsToAcquirePropertyPlantAndEquipment,2019-01-01,2019-03-31,896000,10-Q,2019-05-09,2019,Q1
SSTI,PaymentsToAcquirePropertyPlantAndEquipment,2020-01-01,2020-03-31,1117000,10-Q,2020-05-11,2020,Q1
SSTI,PaymentsToAcquirePropertyPlantAndEquipment,2021-01-01,2021-03-31,1233000,10-Q,2021-05-12,2021,Q1
SSTI,PaymentsToAcquirePropertyPlantAndEquipment,2022-01-01,2022-03-31,1900000,10-Q,2022-05-16,2022,Q1
SSTI,PaymentsToAcquirePropertyPlantAndEquipment,2023-01-01,2023-03-31,1537000,10-Q,2023-05-15,2023,Q1
SSTI,PaymentsToAcquirePropertyPlantAndEquipment,2024-01-01,2024-03-31,2134000,10-Q,2024-05-15,2024,Q1
SSTI,PaymentsToAcquirePropertyPlantAndEquipment,2025-01-01,2025-03-31,902000,10-Q,2025-05-15,2025,Q1
SSTI,PaymentsToAcquirePropertyPlantAndEquipment,2026-01-01,2026-03-31,1724000,10-Q,2026-05-15,2026,Q1
SSTK,PaymentsToAcquirePropertyPlantAndEquipment,2012-01-01,2012-03-31,1313000,10-Q,2013-05-10,2013,Q1
SSTK,PaymentsToAcquirePropertyPlantAndEquipment,2013-01-01,2013-03-31,1127000,10-Q,2013-05-10,2013,Q1
SSTK,PaymentsToAcquirePropertyPlantAndEquipment,2014-01-01,2014-03-31,10881000,10-Q,2014-05-09,2014,Q1
SSTK,PaymentsToAcquirePropertyPlantAndEquipment,2015-01-01,2015-03-31,2182000,10-Q,2015-05-11,2015,Q1
SSTK,PaymentsToAcquirePropertyPlantAndEquipment,2016-01-01,2016-03-31,7770000,10-Q,2016-05-04,2016,Q1
SSTK,PaymentsToAcquirePropertyPlantAndEquipment,2017-01-01,2017-03-31,13466000,10-Q,2017-05-03,2017,Q1
SSTK,PaymentsToAcquirePropertyPlantAndEquipment,2018-01-01,2018-03-31,14975000,10-Q,2018-04-26,2018,Q1
SSTK,PaymentsToAcquirePropertyPlantAndEquipment,2019-01-01,2019-03-31,7253000,10-Q,2019-04-25,2019,Q1
SSTK,PaymentsToAcquirePropertyPlantAndEquipment,2020-01-01,2020-03-31,7719000,10-Q,2020-04-28,2020,Q1
SSTK,PaymentsToAcquirePropertyPlantAndEquipment,2021-01-01,2021-03-31,8548000,10-Q,2021-04-27,2021,Q1
SSTK,PaymentsToAcquirePropertyPlantAndEquipment,2022-01-01,2022-03-31,11775000,10-Q,2022-04-26,2022,Q1
SSTK,PaymentsToAcquirePropertyPlantAndEquipment,2023-01-01,2023-03-31,12380000,10-Q,2023-04-25,2023,Q1
SSTK,PaymentsToAcquirePropertyPlantAndEquipment,2024-01-01,2024-03-31,14461000,10-Q,2024-05-02,2024,Q1
SSTK,PaymentsToAcquirePropertyPlantAndEquipment,2025-01-01,2025-03-31,10808000,10-Q,2025-05-02,2025,Q1
SSTK,PaymentsToAcquirePropertyPlantAndEquipment,2026-01-01,2026-03-31,11595000,10-Q,2026-04-28,2026,Q1
STE,PaymentsToAcquirePropertyPlantAndEquipment,2018-04-01,2018-06-30,27726000,10-Q,2019-08-07,2020,Q1
STE,PaymentsToAcquirePropertyPlantAndEquipment,2019-04-01,2019-06-30,49794000,10-Q,2019-08-07,2020,Q1
STE,PaymentsToAcquirePropertyPlantAndEquipment,2020-04-01,2020-06-30,66861000,10-Q,2020-08-07,2021,Q1
STE,PaymentsToAcquirePropertyPlantAndEquipment,2021-04-01,2021-06-30,56396000,10-Q,2021-08-09,2022,Q1
STE,PaymentsToAcquirePropertyPlantAndEquipment,2022-04-01,2022-06-30,115933000,10-Q,2022-08-08,2023,Q1
STE,PaymentsToAcquirePropertyPlantAndEquipment,2023-04-01,2023-06-30,66601000,10-Q,2023-08-08,2024,Q1
STE,PaymentsToAcquirePropertyPlantAndEquipment,2024-04-01,2024-06-30,108083000,10-Q,2024-08-08,2025,Q1
STE,PaymentsToAcquirePropertyPlantAndEquipment,2025-04-01,2025-06-30,93600000,10-Q,2025-08-07,2026,Q1
STE,PaymentsToAcquirePropertyPlantAndEquipment,2026-04-01,2026-06-30,87500000,10-Q,2026-08-07,2027,Q1
STEM,PaymentsToAcquirePropertyPlantAndEquipment,2020-01-01,2020-03-31,1911000,8-K/A,2021-05-17,2021,Q1
STEM,PaymentsToAcquirePropertyPlantAndEquipment,2021-01-01,2021-03-31,1525000,8-K/A,2021-05-17,2021,Q1
STGW,PaymentsToAcquirePropertyPlantAndEquipment,2011-01-01,2011-03-31,4863000,10-Q,2012-05-10,2012,Q1
STGW,PaymentsToAcquirePropertyPlantAndEquipment,2011-04-01,2011-06-30,3441000,10-Q/A,2012-08-29,2012,Q2
STGW,PaymentsToAcquirePropertyPlantAndEquipment,2011-07-01,2011-09-30,9311000,10-Q,2012-11-09,2012,Q3
STGW,PaymentsToAcquirePropertyPlantAndEquipment,2012-01-01,2012-03-31,5111000,10-Q,2012-05-10,2012,Q1
STGW,PaymentsToAcquirePropertyPlantAndEquipment,2012-04-01,2012-06-30,4439000,10-Q/A,2012-08-29,2012,Q2
STGW,PaymentsToAcquirePropertyPlantAndEquipment,2012-07-01,2012-09-30,4755000,10-Q,2012-11-09,2012,Q3
STGW,PaymentsToAcquirePropertyPlantAndEquipment,2013-01-01,2013-03-31,2919000,10-Q,2013-05-08,2013,Q1
STGW,PaymentsToAcquirePropertyPlantAndEquipment,2013-04-01,2013-06-30,6688000,10-Q,2013-08-02,2013,Q2
STGW,PaymentsToAcquirePropertyPlantAndEquipment,2013-07-01,2013-09-30,4365000,10-Q,2013-11-05,2013,Q3
STGW,PaymentsToAcquirePropertyPlantAndEquipment,2014-01-01,2014-03-31,3016000,10-Q,2014-04-29,2014,Q1
STGW,PaymentsToAcquirePropertyPlantAndEquipment,2014-04-01,2014-06-30,3829000,10-Q,2014-08-11,2014,Q2
STGW,PaymentsToAcquirePropertyPlantAndEquipment,2014-07-01,2014-09-30,13789000,10-Q,2014-11-06,2014,Q3
STGW,PaymentsToAcquirePropertyPlantAndEquipment,2015-01-01,2015-03-31,5656000,10-Q,2015-04-30,2015,Q1
STGW,PaymentsToAcquirePropertyPlantAndEquipment,2015-04-01,2015-06-30,3848000,10-Q,2015-08-07,2015,Q2
STGW,PaymentsToAcquirePropertyPlantAndEquipment,2015-07-01,2015-09-30,8161000,10-Q,2015-11-03,2015,Q3
STGW,PaymentsToAcquirePropertyPlantAndEquipment,2016-01-01,2016-03-31,5539000,10-Q,2016-05-04,2016,Q1
STGW,PaymentsToAcquirePropertyPlantAndEquipment,2016-04-01,2016-06-30,7909000,10-Q,2016-08-03,2016,Q2
STGW,PaymentsToAcquirePropertyPlantAndEquipment,2016-07-01,2016-09-30,6275000,10-Q,2016-11-08,2016,Q3
STGW,PaymentsToAcquirePropertyPlantAndEquipment,2017-01-01,2017-03-31,9413000,10-Q,2017-05-02,2017,Q1
STGW,PaymentsToAcquirePropertyPlantAndEquipment,2017-04-01,2017-06-30,11743000,10-Q,2018-08-07,2018,Q2
STGW,PaymentsToAcquirePropertyPlantAndEquipment,2017-07-01,2017-09-30,7149000,10-Q,2017-11-01,2017,Q3
STGW,PaymentsToAcquirePropertyPlantAndEquipment,2018-01-01,2018-03-31,3799000,10-Q,2018-05-10,2018,Q1
STGW,PaymentsToAcquirePropertyPlantAndEquipment,2018-04-01,2018-06-30,5890000,10-Q,2018-08-07,2018,Q2
STGW,PaymentsToAcquirePropertyPlantAndEquipment,2018-07-01,2018-09-30,5543000,10-Q,2018-11-01,2018,Q3
STGW,PaymentsToAcquirePropertyPlantAndEquipment,2019-01-01,2019-03-31,3606000,10-Q,2019-05-09,2019,Q1
STGW,PaymentsToAcquirePropertyPlantAndEquipment,2019-04-01,2019-06-30,4317000,10-Q,2019-08-07,2019,Q2
STGW,PaymentsToAcquirePropertyPlantAndEquipment,2019-07-01,2019-09-30,5863000,10-Q,2019-11-06,2019,Q3
STGW,PaymentsToAcquirePropertyPlantAndEquipment,2020-01-01,2020-03-31,1546000,10-Q,2020-05-11,2020,Q1
STGW,PaymentsToAcquirePropertyPlantAndEquipment,2020-04-01,2020-06-30,2144000,10-Q,2020-08-10,2020,Q2
STGW,PaymentsToAcquirePropertyPlantAndEquipment,2021-01-01,2021-03-31,13423000,10-Q,2021-05-10,2021,Q1
STGW,PaymentsToAcquirePropertyPlantAndEquipment,2022-01-01,2022-03-31,6538000,10-Q,2022-05-10,2022,Q1
STGW,PaymentsToAcquirePropertyPlantAndEquipment,2023-01-01,2023-03-31,3435000,10-Q,2023-05-09,2023,Q1
STGW,PaymentsToAcquirePropertyPlantAndEquipment,2024-01-01,2024-03-31,5439000,10-Q,2024-05-02,2024,Q1
STGW,PaymentsToAcquirePropertyPlantAndEquipment,2025-01-01,2025-03-31,3912000,10-Q,2025-05-08,2025,Q1
STGW,PaymentsToAcquirePropertyPlantAndEquipment,2026-01-01,2026-03-31,10665000,10-Q,2026-05-01,2026,Q1
STRL,PaymentsToAcquirePropertyPlantAndEquipment,2011-01-01,2011-03-31,8433000,10-Q,2012-05-09,2012,Q1
STRL,PaymentsToAcquirePropertyPlantAndEquipment,2012-01-01,2012-03-31,5910000,10-Q,2012-05-09,2012,Q1
STRL,PaymentsToAcquirePropertyPlantAndEquipment,2013-01-01,2013-03-31,4898000,10-Q,2013-05-10,2013,Q1
STRL,PaymentsToAcquirePropertyPlantAndEquipment,2014-01-01,2014-03-31,2283000,10-Q,2014-05-12,2014,Q1
STRL,PaymentsToAcquirePropertyPlantAndEquipment,2015-01-01,2015-03-31,1161000,10-Q,2015-05-11,2015,Q1
STRL,PaymentsToAcquirePropertyPlantAndEquipment,2016-01-01,2016-03-31,2818000,10-Q,2016-05-02,2016,Q1
STRL,PaymentsToAcquirePropertyPlantAndEquipment,2017-01-01,2017-03-31,1825000,10-Q,2017-05-03,2017,Q1
STRL,PaymentsToAcquirePropertyPlantAndEquipment,2018-01-01,2018-03-31,1897000,10-Q,2018-05-08,2018,Q1
STRL,PaymentsToAcquirePropertyPlantAndEquipment,2019-01-01,2019-03-31,3814000,10-Q,2019-05-07,2019,Q1
STRL,PaymentsToAcquirePropertyPlantAndEquipment,2020-01-01,2020-03-31,7354000,10-Q,2020-05-05,2020,Q1
STRL,PaymentsToAcquirePropertyPlantAndEquipment,2021-01-01,2021-03-31,11209000,10-Q,2021-05-04,2021,Q1
STRL,PaymentsToAcquirePropertyPlantAndEquipment,2022-01-01,2022-03-31,14969000,10-Q,2022-05-03,2022,Q1
STRL,PaymentsToAcquirePropertyPlantAndEquipment,2023-01-01,2023-03-31,14221000,10-Q,2023-05-02,2023,Q1
STRL,PaymentsToAcquirePropertyPlantAndEquipment,2024-01-01,2024-03-31,22432000,10-Q,2024-05-07,2024,Q1
STRL,PaymentsToAcquirePropertyPlantAndEquipment,2025-01-01,2025-03-31,17924000,10-Q,2025-05-06,2025,Q1
STRL,PaymentsToAcquirePropertyPlantAndEquipment,2026-01-01,2026-03-31,19629000,10-Q,2026-05-05,2026,Q1
STRZ,PaymentsToAcquirePropertyPlantAndEquipment,2009-04-01,2009-06-30,1793000,10-Q,2010-08-09,2010,Q1
STRZ,PaymentsToAcquirePropertyPlantAndEquipment,2010-04-01,2010-06-30,405000,10-Q,2010-08-09,2010,Q1
STRZ,PaymentsToAcquirePropertyPlantAndEquipment,2010-07-01,2010-09-30,500000,10-Q,2011-11-09,2011,Q2
STRZ,PaymentsToAcquirePropertyPlantAndEquipment,2010-10-01,2010-12-31,300000,10-Q,2012-02-09,2011,Q3
STRZ,PaymentsToAcquirePropertyPlantAndEquipment,2011-04-01,2011-06-30,411000,10-Q,2011-08-09,2011,Q1
STRZ,PaymentsToAcquirePropertyPlantAndEquipment,2011-07-01,2011-09-30,800000,10-Q,2011-11-09,2011,Q2
STRZ,PaymentsToAcquirePropertyPlantAndEquipment,2011-10-01,2011-12-31,300000,10-Q,2012-02-09,2011,Q3
STRZ,PaymentsToAcquirePropertyPlantAndEquipment,2012-04-01,2012-06-30,386000,10-Q,2012-08-09,2012,Q1
STRZ,PaymentsToAcquirePropertyPlantAndEquipment,2012-07-01,2012-09-30,590000,10-Q,2012-11-08,2012,Q2
STRZ,PaymentsToAcquirePropertyPlantAndEquipment,2012-10-01,2012-12-31,1100000,10-Q,2013-02-11,2012,Q3
STRZ,PaymentsToAcquirePropertyPlantAndEquipment,2013-04-01,2013-06-30,1428000,10-Q,2013-08-08,2013,Q1
STRZ,PaymentsToAcquirePropertyPlantAndEquipment,2013-07-01,2013-09-30,1967000,10-Q,2013-11-08,2013,Q2
STRZ,PaymentsToAcquirePropertyPlantAndEquipment,2013-10-01,2013-12-31,2700000,10-Q,2014-02-06,2013,Q3
STRZ,PaymentsToAcquirePropertyPlantAndEquipment,2014-04-01,2014-06-30,1427000,10-Q,2014-08-07,2015,Q1
STRZ,PaymentsToAcquirePropertyPlantAndEquipment,2014-07-01,2014-09-30,3100000,10-Q,2014-11-06,2015,Q2
STRZ,PaymentsToAcquirePropertyPlantAndEquipment,2014-10-01,2014-12-31,6800000,10-Q,2015-02-05,2015,Q3
STRZ,PaymentsToAcquirePropertyPlantAndEquipment,2015-04-01,2015-06-30,3248000,10-Q,2015-08-06,2016,Q1
STRZ,PaymentsToAcquirePropertyPlantAndEquipment,2015-07-01,2015-09-30,3632000,10-Q,2015-11-09,2016,Q2
STRZ,PaymentsToAcquirePropertyPlantAndEquipment,2015-10-01,2015-12-31,6800000,10-Q,2016-02-04,2016,Q3
STRZ,PaymentsToAcquirePropertyPlantAndEquipment,2016-04-01,2016-06-30,2906000,10-Q,2016-08-04,2017,Q1
STRZ,PaymentsToAcquirePropertyPlantAndEquipment,2016-07-01,2016-09-30,3400000,10-Q,2016-11-08,2017,Q2
STRZ,PaymentsToAcquirePropertyPlantAndEquipment,2021-04-01,2021-06-30,6400000,10-Q,2022-08-05,2023,Q1
STRZ,PaymentsToAcquirePropertyPlantAndEquipment,2022-04-01,2022-06-30,9600000,10-Q,2022-08-05,2023,Q1
STRZ,PaymentsToAcquirePropertyPlantAndEquipment,2023-04-01,2023-06-30,8900000,10-Q,2023-08-09,2024,Q1
STRZ,PaymentsToAcquirePropertyPlantAndEquipment,2024-04-01,2024-06-30,9000000,10-Q,2024-08-08,2025,Q1
STRZ,PaymentsToAcquirePropertyPlantAndEquipment,2025-01-01,2025-03-31,3900000,10-Q,2026-05-07,2026,Q1
STRZ,PaymentsToAcquirePropertyPlantAndEquipment,2025-04-01,2025-06-30,6900000,10-Q,2025-08-14,2026,Q1
STRZ,PaymentsToAcquirePropertyPlantAndEquipment,2026-01-01,2026-03-31,4500000,10-Q,2026-05-07,2026,Q1
SVCO,PaymentsToAcquirePropertyPlantAndEquipment,2023-01-01,2023-03-31,177000,10-Q,2024-06-20,2024,Q1
SVCO,PaymentsToAcquirePropertyPlantAndEquipment,2024-01-01,2024-03-31,10000,10-Q,2024-06-20,2024,Q1
SVCO,PaymentsToAcquirePropertyPlantAndEquipment,2025-01-01,2025-03-31,96000,10-Q,2025-05-07,2025,Q1
SVCO,PaymentsToAcquirePropertyPlantAndEquipment,2026-01-01,2026-03-31,0,10-Q,2026-05-07,2026,Q1
SWBI,PaymentsToAcquirePropertyPlantAndEquipment,2010-05-01,2010-07-31,2040000,10-Q,2011-09-07,2012,Q1
SWBI,PaymentsToAcquirePropertyPlantAndEquipment,2011-05-01,2011-07-31,5102000,10-Q,2011-09-07,2012,Q1
SWBI,PaymentsToAcquirePropertyPlantAndEquipment,2012-05-01,2012-07-31,6278000,10-Q,2012-09-06,2013,Q1
SWBI,PaymentsToAcquirePropertyPlantAndEquipment,2013-05-01,2013-07-31,12035000,10-Q,2013-09-05,2014,Q1
SWBI,PaymentsToAcquirePropertyPlantAndEquipment,2014-05-01,2014-07-31,14588000,10-Q,2014-08-26,2015,Q1
SWBI,PaymentsToAcquirePropertyPlantAndEquipment,2015-05-01,2015-07-31,7940000,10-Q,2015-08-27,2016,Q1
SWBI,PaymentsToAcquirePropertyPlantAndEquipment,2016-05-01,2016-07-31,15776000,10-Q,2016-09-01,2017,Q1
SWBI,PaymentsToAcquirePropertyPlantAndEquipment,2017-05-01,2017-07-31,4691000,10-Q,2017-09-07,2018,Q1
SWBI,PaymentsToAcquirePropertyPlantAndEquipment,2018-05-01,2018-07-31,6919000,10-Q,2018-08-30,2019,Q1
SWBI,PaymentsToAcquirePropertyPlantAndEquipment,2019-05-01,2019-07-31,3695000,10-Q,2019-08-29,2020,Q1
SWBI,PaymentsToAcquirePropertyPlantAndEquipment,2020-05-01,2020-07-31,7343000,10-Q,2020-09-03,2020,Q1
SWBI,PaymentsToAcquirePropertyPlantAndEquipment,2021-05-01,2021-07-31,5769000,10-Q,2021-09-01,2021,Q1
SWBI,PaymentsToAcquirePropertyPlantAndEquipment,2022-05-01,2022-07-31,11538000,10-Q,2022-09-08,2022,Q1
SWBI,PaymentsToAcquirePropertyPlantAndEquipment,2023-05-01,2023-07-31,32057000,10-Q,2023-09-07,2024,Q1
SWBI,PaymentsToAcquirePropertyPlantAndEquipment,2024-05-01,2024-07-31,4702000,10-Q,2024-09-05,2024,Q1
SWBI,PaymentsToAcquirePropertyPlantAndEquipment,2025-05-01,2025-07-31,4291000,10-Q,2025-09-04,2025,Q1
SWBI,PaymentsToAcquirePropertyPlantAndEquipment,2026-05-01,2026-07-31,11929000,10-Q,2026-09-03,2026,Q1
SYM,PaymentsToAcquirePropertyPlantAndEquipment,2021-09-26,2021-12-25,7505000,10-Q,2023-02-03,2023,Q1
SYM,PaymentsToAcquirePropertyPlantAndEquipment,2022-09-25,2022-12-24,6990000,10-Q,2023-02-03,2023,Q1
SYM,PaymentsToAcquirePropertyPlantAndEquipment,2023-10-01,2023-12-30,2173000,10-Q,2024-02-08,2024,Q1
SYM,PaymentsToAcquirePropertyPlantAndEquipment,2024-09-29,2024-12-28,7357000,10-Q,2025-02-05,2025,Q1
SYPR,PaymentsToAcquirePropertyPlantAndEquipment,2011-01-01,2011-04-03,1378000,10-Q,2012-05-15,2012,Q1
SYPR,PaymentsToAcquirePropertyPlantAndEquipment,2012-01-01,2012-04-01,1444000,10-Q,2012-05-15,2012,Q1
SYPR,PaymentsToAcquirePropertyPlantAndEquipment,2013-01-01,2013-03-31,945000,10-Q,2013-05-14,2013,Q1
SYPR,PaymentsToAcquirePropertyPlantAndEquipment,2014-01-01,2014-03-30,559000,10-Q,2014-05-06,2014,Q1
SYPR,PaymentsToAcquirePropertyPlantAndEquipment,2015-01-01,2015-04-05,295000,10-Q,2015-05-14,2015,Q1
SYPR,PaymentsToAcquirePropertyPlantAndEquipment,2016-01-01,2016-04-03,40000,10-Q,2016-05-18,2016,Q1
SYPR,PaymentsToAcquirePropertyPlantAndEquipment,2017-01-01,2017-04-02,176000,10-Q,2017-05-16,2017,Q1
SYPR,PaymentsToAcquirePropertyPlantAndEquipment,2018-01-01,2018-03-31,406000,10-Q,2019-05-15,2019,Q1
SYPR,PaymentsToAcquirePropertyPlantAndEquipment,2018-01-01,2018-04-01,406000,10-Q,2018-05-15,2018,Q1
SYPR,PaymentsToAcquirePropertyPlantAndEquipment,2019-01-01,2019-03-31,348000,10-Q,2019-05-15,2019,Q1
SYPR,PaymentsToAcquirePropertyPlantAndEquipment,2020-01-01,2020-04-05,453000,10-Q,2020-05-20,2020,Q1
SYPR,PaymentsToAcquirePropertyPlantAndEquipment,2021-01-01,2021-04-04,790000,10-Q,2021-05-18,2021,Q1
SYPR,PaymentsToAcquirePropertyPlantAndEquipment,2022-01-01,2022-04-03,901000,10-Q,2022-05-18,2022,Q1
SYPR,PaymentsToAcquirePropertyPlantAndEquipment,2023-01-01,2023-04-02,708000,10-Q,2023-05-16,2023,Q1
SYPR,PaymentsToAcquirePropertyPlantAndEquipment,2024-01-01,2024-03-31,316000,10-Q,2024-05-15,2024,Q1
SYPR,PaymentsToAcquirePropertyPlantAndEquipment,2025-01-01,2025-03-30,3000,10-Q,2025-05-14,2025,Q1
SYPR,PaymentsToAcquirePropertyPlantAndEquipment,2026-01-01,2026-04-05,231000,10-Q,2026-05-19,2026,Q1
TACT,PaymentsToAcquirePropertyPlantAndEquipment,2011-01-01,2011-03-31,122000,10-Q,2012-05-10,2012,Q1
TACT,PaymentsToAcquirePropertyPlantAndEquipment,2012-01-01,2012-03-31,44000,10-Q,2012-05-10,2012,Q1
TACT,PaymentsToAcquirePropertyPlantAndEquipment,2013-01-01,2013-03-31,226000,10-Q,2013-05-10,2013,Q1
TACT,PaymentsToAcquirePropertyPlantAndEquipment,2014-01-01,2014-03-31,288000,10-Q,2014-05-09,2014,Q1
TACT,PaymentsToAcquirePropertyPlantAndEquipment,2015-01-01,2015-03-31,188000,10-Q,2015-05-08,2015,Q1
TACT,PaymentsToAcquirePropertyPlantAndEquipment,2016-01-01,2016-03-31,221000,10-Q,2016-05-06,2016,Q1
TACT,PaymentsToAcquirePropertyPlantAndEquipment,2017-01-01,2017-03-31,234000,10-Q,2017-05-10,2017,Q1
TACT,PaymentsToAcquirePropertyPlantAndEquipment,2018-01-01,2018-03-31,298000,10-Q,2018-05-10,2018,Q1
TACT,PaymentsToAcquirePropertyPlantAndEquipment,2019-01-01,2019-03-31,298000,10-Q,2019-05-10,2019,Q1
TACT,PaymentsToAcquirePropertyPlantAndEquipment,2020-01-01,2020-03-31,328000,10-Q,2020-05-22,2020,Q1
TACT,PaymentsToAcquirePropertyPlantAndEquipment,2021-01-01,2021-03-31,68000,10-Q,2021-05-13,2021,Q1
TACT,PaymentsToAcquirePropertyPlantAndEquipment,2022-01-01,2022-03-31,496000,10-Q,2022-05-16,2022,Q1
TACT,PaymentsToAcquirePropertyPlantAndEquipment,2023-01-01,2023-03-31,378000,10-Q,2023-05-15,2023,Q1
TACT,PaymentsToAcquirePropertyPlantAndEquipment,2024-01-01,2024-03-31,106000,10-Q,2024-05-14,2024,Q1
TACT,PaymentsToAcquirePropertyPlantAndEquipment,2025-01-01,2025-03-31,10000,10-Q,2025-05-14,2025,Q1
TACT,PaymentsToAcquirePropertyPlantAndEquipment,2026-01-01,2026-03-31,80000,10-Q,2026-05-13,2026,Q1
TCX,PaymentsToAcquirePropertyPlantAndEquipment,2010-04-01,2010-06-30,116947,10-Q,2011-08-11,2011,Q2
TCX,PaymentsToAcquirePropertyPlantAndEquipment,2010-07-01,2010-09-30,33111,10-Q,2011-11-10,2011,Q3
TCX,PaymentsToAcquirePropertyPlantAndEquipment,2011-01-01,2011-03-31,328958,10-Q,2012-05-11,2012,Q1
TCX,PaymentsToAcquirePropertyPlantAndEquipment,2011-04-01,2011-06-30,162068,10-Q,2011-08-11,2011,Q2
TCX,PaymentsToAcquirePropertyPlantAndEquipment,2011-07-01,2011-09-30,138909,10-Q,2011-11-10,2011,Q3
TCX,PaymentsToAcquirePropertyPlantAndEquipment,2012-01-01,2012-03-31,330273,10-Q,2012-05-11,2012,Q1
TCX,PaymentsToAcquirePropertyPlantAndEquipment,2012-04-01,2012-06-30,174054,10-Q,2012-08-14,2012,Q2
TCX,PaymentsToAcquirePropertyPlantAndEquipment,2012-07-01,2012-09-30,162207,10-Q,2012-11-14,2012,Q3
TCX,PaymentsToAcquirePropertyPlantAndEquipment,2013-01-01,2013-03-31,446705,10-Q,2013-05-15,2013,Q1
TCX,PaymentsToAcquirePropertyPlantAndEquipment,2013-04-01,2013-06-30,471966,10-Q,2013-08-09,2013,Q2
TCX,PaymentsToAcquirePropertyPlantAndEquipment,2013-07-01,2013-09-30,171442,10-Q,2013-11-13,2013,Q3
TCX,PaymentsToAcquirePropertyPlantAndEquipment,2014-01-01,2014-03-31,68745,10-Q,2014-05-14,2014,Q1
TCX,PaymentsToAcquirePropertyPlantAndEquipment,2014-04-01,2014-06-30,313281,10-Q,2014-08-13,2014,Q2
TCX,PaymentsToAcquirePropertyPlantAndEquipment,2014-07-01,2014-09-30,216794,10-Q,2014-11-12,2014,Q3
TCX,PaymentsToAcquirePropertyPlantAndEquipment,2015-01-01,2015-03-31,191762,10-Q,2015-05-08,2015,Q1
TCX,PaymentsToAcquirePropertyPlantAndEquipment,2015-04-01,2015-06-30,1149020,10-Q,2015-08-10,2015,Q2
TCX,PaymentsToAcquirePropertyPlantAndEquipment,2015-07-01,2015-09-30,710342,10-Q,2015-11-06,2015,Q3
TCX,PaymentsToAcquirePropertyPlantAndEquipment,2016-01-01,2016-03-31,856336,10-Q,2016-05-10,2016,Q1
TCX,PaymentsToAcquirePropertyPlantAndEquipment,2016-04-01,2016-06-30,975401,10-Q,2016-08-08,2016,Q2
TCX,PaymentsToAcquirePropertyPlantAndEquipment,2016-07-01,2016-09-30,2091368,10-Q,2016-11-08,2016,Q3
TCX,PaymentsToAcquirePropertyPlantAndEquipment,2017-01-01,2017-03-31,3692893,10-Q,2017-05-10,2017,Q1
TCX,PaymentsToAcquirePropertyPlantAndEquipment,2017-04-01,2017-06-30,2909176,10-Q,2017-08-09,2017,Q2
TCX,PaymentsToAcquirePropertyPlantAndEquipment,2017-07-01,2017-09-30,2859036,10-Q,2017-11-09,2017,Q3
TCX,PaymentsToAcquirePropertyPlantAndEquipment,2018-01-01,2018-03-31,5116854,10-Q,2018-05-09,2018,Q1
TCX,PaymentsToAcquirePropertyPlantAndEquipment,2018-04-01,2018-06-30,7319000,10-Q,2018-08-08,2018,Q2
TCX,PaymentsToAcquirePropertyPlantAndEquipment,2018-07-01,2018-09-30,7003000,10-Q,2018-11-07,2018,Q3
TCX,PaymentsToAcquirePropertyPlantAndEquipment,2019-01-01,2019-03-31,10435000,10-Q,2019-05-08,2019,Q1
TCX,PaymentsToAcquirePropertyPlantAndEquipment,2019-04-01,2019-06-30,10414000,10-Q,2019-08-07,2019,Q2
TCX,PaymentsToAcquirePropertyPlantAndEquipment,2019-07-01,2019-09-30,10308000,10-Q,2019-11-06,2019,Q3
TCX,PaymentsToAcquirePropertyPlantAndEquipment,2020-01-01,2020-03-31,9943000,10-Q,2020-05-07,2020,Q1
TCX,PaymentsToAcquirePropertyPlantAndEquipment,2020-04-01,2020-06-30,12150000,10-Q,2020-08-06,2020,Q2
TCX,PaymentsToAcquirePropertyPlantAndEquipment,2020-07-01,2020-09-30,10636000,10-Q,2020-11-05,2020,Q3
TCX,PaymentsToAcquirePropertyPlantAndEquipment,2021-01-01,2021-03-31,13944000,10-Q,2021-05-06,2021,Q1
TCX,PaymentsToAcquirePropertyPlantAndEquipment,2021-04-01,2021-06-30,21661000,10-Q,2021-08-05,2021,Q2
TCX,PaymentsToAcquirePropertyPlantAndEquipment,2021-07-01,2021-09-30,14488000,10-Q,2021-11-04,2021,Q3
TCX,PaymentsToAcquirePropertyPlantAndEquipment,2022-01-01,2022-03-31,23054000,10-Q,2022-05-05,2022,Q1
TCX,PaymentsToAcquirePropertyPlantAndEquipment,2022-04-01,2022-06-30,30288000,10-Q,2022-08-09,2022,Q2
TCX,PaymentsToAcquirePropertyPlantAndEquipment,2022-07-01,2022-09-30,46676000,10-Q,2022-11-03,2022,Q3
TCX,PaymentsToAcquirePropertyPlantAndEquipment,2023-01-01,2023-03-31,31746000,10-Q,2023-05-08,2023,Q1
TCX,PaymentsToAcquirePropertyPlantAndEquipment,2023-04-01,2023-06-30,23158000,10-Q,2023-08-03,2023,Q2
TCX,PaymentsToAcquirePropertyPlantAndEquipment,2023-07-01,2023-09-30,22572000,10-Q,2023-11-02,2023,Q3
TCX,PaymentsToAcquirePropertyPlantAndEquipment,2024-01-01,2024-03-31,14320000,10-Q,2024-05-09,2024,Q1
TCX,PaymentsToAcquirePropertyPlantAndEquipment,2024-04-01,2024-06-30,15957000,10-Q,2024-08-08,2024,Q2
TCX,PaymentsToAcquirePropertyPlantAndEquipment,2024-07-01,2024-09-30,14516000,10-Q,2024-11-07,2024,Q3
TCX,PaymentsToAcquirePropertyPlantAndEquipment,2025-01-01,2025-03-31,5437000,10-Q,2025-05-08,2025,Q1
TCX,PaymentsToAcquirePropertyPlantAndEquipment,2025-04-01,2025-06-30,3468000,10-Q,2025-08-07,2025,Q2
TCX,PaymentsToAcquirePropertyPlantAndEquipment,2025-07-01,2025-09-30,3851000,10-Q,2025-11-06,2025,Q3
TCX,PaymentsToAcquirePropertyPlantAndEquipment,2026-01-01,2026-03-31,5528000,10-Q,2026-05-07,2026,Q1
TCX,PaymentsToAcquirePropertyPlantAndEquipment,2026-04-01,2026-06-30,5054000,10-Q,2026-08-06,2026,Q2
TDC,PaymentsToAcquirePropertyPlantAndEquipment,2010-01-01,2010-03-31,6000000,10-Q,2011-05-06,2011,Q1
TDC,PaymentsToAcquirePropertyPlantAndEquipment,2011-01-01,2011-03-31,8000000,10-Q,2011-05-06,2011,Q1
TDC,PaymentsToAcquirePropertyPlantAndEquipment,2012-01-01,2012-03-31,12000000,10-Q,2012-05-04,2012,Q1
TDC,PaymentsToAcquirePropertyPlantAndEquipment,2013-01-01,2013-03-31,10000000,10-Q,2013-05-03,2013,Q1
TDC,PaymentsToAcquirePropertyPlantAndEquipment,2014-01-01,2014-03-31,12000000,10-Q,2014-05-12,2014,Q1
TDC,PaymentsToAcquirePropertyPlantAndEquipment,2015-01-01,2015-03-31,17000000,10-Q,2015-05-08,2015,Q1
TDC,PaymentsToAcquirePropertyPlantAndEquipment,2016-01-01,2016-03-31,8000000,10-Q,2016-05-06,2016,Q1
TDC,PaymentsToAcquirePropertyPlantAndEquipment,2017-01-01,2017-03-31,16000000,10-Q,2017-05-05,2017,Q1
TDC,PaymentsToAcquirePropertyPlantAndEquipment,2018-01-01,2018-03-31,26000000,10-Q,2018-05-08,2018,Q1
TDC,PaymentsToAcquirePropertyPlantAndEquipment,2019-01-01,2019-03-31,15000000,10-Q,2019-05-06,2019,Q1
TDC,PaymentsToAcquirePropertyPlantAndEquipment,2020-01-01,2020-03-31,10000000,10-Q,2020-05-11,2020,Q1
TDC,PaymentsToAcquirePropertyPlantAndEquipment,2021-01-01,2021-03-31,4000000,10-Q,2021-05-07,2021,Q1
TDC,PaymentsToAcquirePropertyPlantAndEquipment,2022-01-01,2022-03-31,1000000,10-Q,2022-05-06,2022,Q1
TDC,PaymentsToAcquirePropertyPlantAndEquipment,2023-01-01,2023-03-31,4000000,10-Q,2023-05-05,2023,Q1
TDC,PaymentsToAcquirePropertyPlantAndEquipment,2024-01-01,2024-03-31,6000000,10-Q,2024-05-07,2024,Q1
TDC,PaymentsToAcquirePropertyPlantAndEquipment,2025-01-01,2025-03-31,1000000,10-Q,2025-05-07,2025,Q1
TDC,PaymentsToAcquirePropertyPlantAndEquipment,2026-01-01,2026-03-31,10000000,10-Q,2026-05-06,2026,Q1
TDS,PaymentsToAcquirePropertyPlantAndEquipment,2022-01-01,2022-03-31,271000000,10-Q,2023-05-04,2023,Q1
TDS,PaymentsToAcquirePropertyPlantAndEquipment,2023-01-01,2023-03-31,331000000,10-Q,2023-05-04,2023,Q1
TDS,PaymentsToAcquirePropertyPlantAndEquipment,2024-01-01,2024-03-31,235000000,10-Q,2024-05-03,2024,Q1
TDS,PaymentsToAcquirePropertyPlantAndEquipment,2025-01-01,2025-03-31,129000000,10-Q,2025-05-02,2025,Q1
TDS,PaymentsToAcquirePropertyPlantAndEquipment,2026-01-01,2026-03-31,149041000,10-Q,2026-05-08,2026,Q1
TDY,PaymentsToAcquirePropertyPlantAndEquipment,2010-01-04,2010-04-04,4900000,10-Q,2011-05-13,2011,Q1
TDY,PaymentsToAcquirePropertyPlantAndEquipment,2011-01-03,2011-04-03,6500000,10-Q,2011-05-13,2011,Q1
TDY,PaymentsToAcquirePropertyPlantAndEquipment,2011-01-04,2011-04-03,6500000,10-Q,2012-05-04,2012,Q1
TDY,PaymentsToAcquirePropertyPlantAndEquipment,2012-01-02,2012-04-01,10600000,10-Q,2012-05-04,2012,Q1
TDY,PaymentsToAcquirePropertyPlantAndEquipment,2012-12-31,2013-03-31,16300000,10-Q,2013-05-07,2013,Q1
TDY,PaymentsToAcquirePropertyPlantAndEquipment,2013-12-30,2014-03-30,11700000,10-Q,2014-04-29,2014,Q1
TDY,PaymentsToAcquirePropertyPlantAndEquipment,2014-12-29,2015-03-29,7700000,10-Q,2015-05-01,2015,Q1
TDY,PaymentsToAcquirePropertyPlantAndEquipment,2016-01-04,2016-04-03,14200000,10-Q,2016-05-09,2016,Q1
TDY,PaymentsToAcquirePropertyPlantAndEquipment,2017-01-02,2017-04-02,12600000,10-Q,2017-05-11,2017,Q1
TDY,PaymentsToAcquirePropertyPlantAndEquipment,2018-01-01,2018-04-01,19800000,10-Q,2018-05-08,2018,Q1
TDY,PaymentsToAcquirePropertyPlantAndEquipment,2018-12-31,2019-03-31,21300000,10-Q,2019-04-29,2019,Q1
TDY,PaymentsToAcquirePropertyPlantAndEquipment,2019-12-30,2020-03-29,20200000,10-Q,2020-04-22,2020,Q1
TDY,PaymentsToAcquirePropertyPlantAndEquipment,2021-01-04,2021-04-04,17600000,10-Q,2021-04-30,2021,Q1
TDY,PaymentsToAcquirePropertyPlantAndEquipment,2022-01-03,2022-04-03,21000000,10-Q,2022-05-03,2022,Q1
TDY,PaymentsToAcquirePropertyPlantAndEquipment,2023-01-02,2023-04-02,24400000,10-Q,2023-04-28,2023,Q1
TDY,PaymentsToAcquirePropertyPlantAndEquipment,2024-01-01,2024-03-31,15900000,10-Q,2024-04-29,2024,Q1
TDY,PaymentsToAcquirePropertyPlantAndEquipment,2024-12-30,2025-03-30,18000000,10-Q,2025-04-28,2025,Q1
TDY,PaymentsToAcquirePropertyPlantAndEquipment,2025-12-29,2026-03-29,29700000,10-Q,2026-04-24,2026,Q1
TENB,PaymentsToAcquirePropertyPlantAndEquipment,2018-01-01,2018-03-31,1596000,10-Q,2019-05-09,2019,Q1
TENB,PaymentsToAcquirePropertyPlantAndEquipment,2019-01-01,2019-03-31,2306000,10-Q,2019-05-09,2019,Q1
TENB,PaymentsToAcquirePropertyPlantAndEquipment,2020-01-01,2020-03-31,614000,10-Q,2020-05-07,2020,Q1
TENB,PaymentsToAcquirePropertyPlantAndEquipment,2021-01-01,2021-03-31,1061000,10-Q,2021-04-29,2021,Q1
TENB,PaymentsToAcquirePropertyPlantAndEquipment,2022-01-01,2022-03-31,4811000,10-Q,2022-05-05,2022,Q1
TENB,PaymentsToAcquirePropertyPlantAndEquipment,2023-01-01,2023-03-31,387000,10-Q,2023-05-03,2023,Q1
TENB,PaymentsToAcquirePropertyPlantAndEquipment,2024-01-01,2024-03-31,665000,10-Q,2024-05-07,2024,Q1
TENB,PaymentsToAcquirePropertyPlantAndEquipment,2025-01-01,2025-03-31,6553000,10-Q,2025-05-06,2025,Q1
TENB,PaymentsToAcquirePropertyPlantAndEquipment,2026-01-01,2026-03-31,2587000,10-Q,2026-05-05,2026,Q1
TER,PaymentsToAcquirePropertyPlantAndEquipment,2010-01-01,2010-04-04,17587000,10-Q,2011-05-13,2011,Q1
TER,PaymentsToAcquirePropertyPlantAndEquipment,2011-01-01,2011-04-03,22131000,10-Q,2011-05-13,2011,Q1
TER,PaymentsToAcquirePropertyPlantAndEquipment,2012-01-01,2012-04-01,27074000,10-Q,2012-05-11,2012,Q1
TER,PaymentsToAcquirePropertyPlantAndEquipment,2013-01-01,2013-03-31,22547000,10-Q,2013-05-10,2013,Q1
TER,PaymentsToAcquirePropertyPlantAndEquipment,2014-01-01,2014-03-30,31197000,10-Q,2014-05-07,2014,Q1
TER,PaymentsToAcquirePropertyPlantAndEquipment,2015-01-01,2015-04-05,21149000,10-Q,2015-05-08,2015,Q1
TER,PaymentsToAcquirePropertyPlantAndEquipment,2016-01-01,2016-04-03,20334000,10-Q,2016-05-13,2016,Q1
TER,PaymentsToAcquirePropertyPlantAndEquipment,2017-01-01,2017-04-02,22066000,10-Q,2017-05-12,2017,Q1
TER,PaymentsToAcquirePropertyPlantAndEquipment,2018-01-02,2018-04-01,34797000,10-Q,2018-05-11,2018,Q1
TER,PaymentsToAcquirePropertyPlantAndEquipment,2019-01-01,2019-03-31,25711000,10-Q,2019-05-10,2019,Q1
TER,PaymentsToAcquirePropertyPlantAndEquipment,2020-01-01,2020-03-29,36700000,10-Q,2020-05-04,2020,Q1
TER,PaymentsToAcquirePropertyPlantAndEquipment,2021-01-01,2021-04-04,39250000,10-Q,2021-05-07,2021,Q1
TER,PaymentsToAcquirePropertyPlantAndEquipment,2022-01-01,2022-04-03,43999000,10-Q,2022-05-06,2022,Q1
TER,PaymentsToAcquirePropertyPlantAndEquipment,2023-01-01,2023-04-02,41444000,10-Q,2023-05-05,2023,Q1
TER,PaymentsToAcquirePropertyPlantAndEquipment,2024-01-01,2024-03-31,44023000,10-Q,2024-05-03,2024,Q1
TER,PaymentsToAcquirePropertyPlantAndEquipment,2025-01-01,2025-03-30,64021000,10-Q,2025-05-02,2025,Q1
TER,PaymentsToAcquirePropertyPlantAndEquipment,2026-01-01,2026-03-29,64733000,10-Q,2026-05-01,2026,Q1
TGEN,PaymentsToAcquirePropertyPlantAndEquipment,2012-01-01,2012-03-31,68244,10-Q,2013-05-14,2013,Q1
TGEN,PaymentsToAcquirePropertyPlantAndEquipment,2013-01-01,2013-03-31,313002,10-Q,2013-05-14,2013,Q1
TGEN,PaymentsToAcquirePropertyPlantAndEquipment,2014-01-01,2014-03-31,55964,10-Q,2014-05-15,2014,Q1
TGEN,PaymentsToAcquirePropertyPlantAndEquipment,2015-01-01,2015-03-31,12935,10-Q,2015-05-11,2014,Q1
TGEN,PaymentsToAcquirePropertyPlantAndEquipment,2016-01-01,2016-03-31,47371,10-Q,2016-05-11,2016,Q1
TGEN,PaymentsToAcquirePropertyPlantAndEquipment,2017-01-01,2017-03-31,73330,10-Q,2017-05-11,2017,Q1
TGEN,PaymentsToAcquirePropertyPlantAndEquipment,2018-01-01,2018-03-31,145326,10-Q,2018-05-15,2018,Q1
TGEN,PaymentsToAcquirePropertyPlantAndEquipment,2019-01-01,2019-03-31,24788,10-Q,2019-05-15,2019,Q1
TGEN,PaymentsToAcquirePropertyPlantAndEquipment,2020-01-01,2020-03-31,53674,10-Q,2020-05-14,2020,Q1
TGEN,PaymentsToAcquirePropertyPlantAndEquipment,2021-01-01,2021-03-31,16098,10-Q,2021-05-13,2021,Q1
TGEN,PaymentsToAcquirePropertyPlantAndEquipment,2022-01-01,2022-03-31,80873,10-Q,2022-05-12,2022,Q1
TGEN,PaymentsToAcquirePropertyPlantAndEquipment,2023-01-01,2023-03-31,0,10-Q,2023-05-11,2023,Q1
TGEN,PaymentsToAcquirePropertyPlantAndEquipment,2024-01-01,2024-03-31,104952,10-Q,2024-05-09,2024,Q1
TGEN,PaymentsToAcquirePropertyPlantAndEquipment,2025-01-01,2025-03-31,132020,10-Q,2025-05-13,2025,Q1
TGEN,PaymentsToAcquirePropertyPlantAndEquipment,2026-01-01,2026-03-31,46118,10-Q,2026-05-13,2026,Q1
TGLS,PaymentsToAcquirePropertyPlantAndEquipment,2013-01-01,2013-03-31,3685000,10-Q,2014-05-15,2014,Q1
TGLS,PaymentsToAcquirePropertyPlantAndEquipment,2014-01-01,2014-03-31,1185000,10-Q,2014-05-15,2014,Q1
TGLS,PaymentsToAcquirePropertyPlantAndEquipment,2015-01-01,2015-03-31,4769000,10-Q,2015-05-07,2015,Q1
TGLS,PaymentsToAcquirePropertyPlantAndEquipment,2016-01-01,2016-03-31,0,10-Q,2016-06-03,2016,Q1
TGLS,PaymentsToAcquirePropertyPlantAndEquipment,2017-01-01,2017-03-31,1947000,10-Q,2017-05-12,2017,Q1
TGLS,PaymentsToAcquirePropertyPlantAndEquipment,2018-01-01,2018-03-31,1070000,10-Q,2018-05-09,2018,Q1
TGLS,PaymentsToAcquirePropertyPlantAndEquipment,2019-01-01,2019-03-31,3701000,10-Q,2019-05-09,2019,Q1
TGLS,PaymentsToAcquirePropertyPlantAndEquipment,2020-01-01,2020-03-31,6469000,10-Q,2020-05-11,2020,Q1
TGLS,PaymentsToAcquirePropertyPlantAndEquipment,2021-01-01,2021-03-31,5696000,10-Q,2021-05-07,2021,Q1
TGLS,PaymentsToAcquirePropertyPlantAndEquipment,2022-01-01,2022-03-31,9258000,10-Q,2022-05-10,2022,Q1
TGLS,PaymentsToAcquirePropertyPlantAndEquipment,2023-01-01,2023-03-31,15554000,10-Q,2023-05-08,2023,Q1
TGLS,PaymentsToAcquirePropertyPlantAndEquipment,2024-01-01,2024-03-31,9886000,10-Q,2024-05-09,2024,Q1
TGLS,PaymentsToAcquirePropertyPlantAndEquipment,2025-01-01,2025-03-31,30424000,10-Q,2025-05-08,2025,Q1
TGLS,PaymentsToAcquirePropertyPlantAndEquipment,2026-01-01,2026-03-31,17264000,10-Q,2026-05-08,2026,Q1
TH,PaymentsToAcquirePropertyPlantAndEquipment,2018-01-01,2018-03-31,21888000,10-Q,2019-05-15,2019,Q1
TH,PaymentsToAcquirePropertyPlantAndEquipment,2019-01-01,2019-03-31,14623000,10-Q,2019-05-15,2019,Q1
TH,PaymentsToAcquirePropertyPlantAndEquipment,2022-07-01,2022-09-30,22300000,10-Q,2022-11-09,2022,Q3
TH,PaymentsToAcquirePropertyPlantAndEquipment,2023-01-01,2023-03-31,18600000,10-Q,2023-05-09,2023,Q1
TH,PaymentsToAcquirePropertyPlantAndEquipment,2023-04-01,2023-06-30,5000000,10-Q,2023-08-09,2023,Q2
TH,PaymentsToAcquirePropertyPlantAndEquipment,2023-07-01,2023-09-30,5000000,10-Q,2023-11-08,2023,Q3
TH,PaymentsToAcquirePropertyPlantAndEquipment,2025-01-01,2025-03-31,15500000,10-Q,2025-05-19,2025,Q1
TH,PaymentsToAcquirePropertyPlantAndEquipment,2026-04-01,2026-06-30,7800000,10-Q,2026-08-10,2026,Q2
THC,PaymentsToAcquirePropertyPlantAndEquipment,2013-01-01,2013-03-31,133000000,10-Q,2014-05-05,2014,Q1
THC,PaymentsToAcquirePropertyPlantAndEquipment,2014-01-01,2014-03-31,281000000,10-Q,2014-05-05,2014,Q1
THC,PaymentsToAcquirePropertyPlantAndEquipment,2015-01-01,2015-03-31,184000000,10-Q,2015-05-04,2015,Q1
THC,PaymentsToAcquirePropertyPlantAndEquipment,2016-01-01,2016-03-31,208000000,10-Q,2016-05-02,2016,Q1
THC,PaymentsToAcquirePropertyPlantAndEquipment,2017-01-01,2017-03-31,198000000,10-Q,2017-05-01,2017,Q1
THC,PaymentsToAcquirePropertyPlantAndEquipment,2018-01-01,2018-03-31,143000000,10-Q,2018-04-30,2018,Q1
THC,PaymentsToAcquirePropertyPlantAndEquipment,2019-01-01,2019-03-31,192000000,10-Q,2019-04-29,2019,Q1
THC,PaymentsToAcquirePropertyPlantAndEquipment,2019-04-01,2019-06-30,144000000,10-Q,2020-08-03,2020,Q2
THC,PaymentsToAcquirePropertyPlantAndEquipment,2019-07-01,2019-09-30,156000000,10-Q,2020-10-30,2020,Q3
THC,PaymentsToAcquirePropertyPlantAndEquipment,2020-01-01,2020-03-31,182000000,10-Q,2020-05-04,2020,Q1
THC,PaymentsToAcquirePropertyPlantAndEquipment,2020-04-01,2020-06-30,106000000,10-Q,2020-08-03,2020,Q2
THC,PaymentsToAcquirePropertyPlantAndEquipment,2020-07-01,2020-09-30,86000000,10-Q,2020-10-30,2020,Q3
THC,PaymentsToAcquirePropertyPlantAndEquipment,2021-01-01,2021-03-31,121000000,10-Q,2021-04-30,2021,Q1
THC,PaymentsToAcquirePropertyPlantAndEquipment,2021-04-01,2021-06-30,122000000,10-Q,2021-07-30,2021,Q2
THC,PaymentsToAcquirePropertyPlantAndEquipment,2021-07-01,2021-09-30,111000000,10-Q,2021-10-29,2021,Q3
THC,PaymentsToAcquirePropertyPlantAndEquipment,2022-01-01,2022-03-31,155000000,10-Q,2022-04-29,2022,Q1
THC,PaymentsToAcquirePropertyPlantAndEquipment,2022-04-01,2022-06-30,152000000,10-Q,2022-07-29,2022,Q2
THC,PaymentsToAcquirePropertyPlantAndEquipment,2022-07-01,2022-09-30,165000000,10-Q,2022-10-28,2022,Q3
THC,PaymentsToAcquirePropertyPlantAndEquipment,2023-01-01,2023-03-31,235000000,10-Q,2023-04-28,2023,Q1
THC,PaymentsToAcquirePropertyPlantAndEquipment,2023-04-01,2023-06-30,132000000,10-Q,2023-07-31,2023,Q2
THC,PaymentsToAcquirePropertyPlantAndEquipment,2023-07-01,2023-09-30,176000000,10-Q,2023-10-30,2023,Q3
THC,PaymentsToAcquirePropertyPlantAndEquipment,2024-01-01,2024-03-31,240000000,10-Q,2024-04-30,2024,Q1
THC,PaymentsToAcquirePropertyPlantAndEquipment,2025-01-01,2025-03-31,173000000,10-Q,2025-04-29,2025,Q1
THC,PaymentsToAcquirePropertyPlantAndEquipment,2026-01-01,2026-03-31,180000000,10-Q,2026-04-30,2026,Q1
THRM,PaymentsToAcquirePropertyPlantAndEquipment,2011-01-01,2011-03-31,696000,10-Q,2012-05-08,2012,Q1
THRM,PaymentsToAcquirePropertyPlantAndEquipment,2012-01-01,2012-03-31,3029000,10-Q,2012-05-08,2012,Q1
THRM,PaymentsToAcquirePropertyPlantAndEquipment,2013-01-01,2013-03-31,6116000,10-Q,2013-05-09,2013,Q1
THRM,PaymentsToAcquirePropertyPlantAndEquipment,2014-01-01,2014-03-31,6769000,10-Q,2014-05-09,2014,Q1
THRM,PaymentsToAcquirePropertyPlantAndEquipment,2015-01-01,2015-03-31,10403000,10-Q,2015-05-01,2015,Q1
THRM,PaymentsToAcquirePropertyPlantAndEquipment,2016-01-01,2016-03-31,17010000,10-Q,2016-04-29,2016,Q1
THRM,PaymentsToAcquirePropertyPlantAndEquipment,2017-01-01,2017-03-31,13562000,10-Q,2017-05-01,2017,Q1
THRM,PaymentsToAcquirePropertyPlantAndEquipment,2018-01-01,2018-03-31,8378000,10-Q,2018-04-27,2018,Q1
THRM,PaymentsToAcquirePropertyPlantAndEquipment,2019-01-01,2019-03-31,5150000,10-Q,2019-05-01,2019,Q1
THRM,PaymentsToAcquirePropertyPlantAndEquipment,2020-01-01,2020-03-31,3231000,10-Q,2020-05-07,2020,Q1
THRM,PaymentsToAcquirePropertyPlantAndEquipment,2021-01-01,2021-03-31,9913000,10-Q,2021-04-30,2021,Q1
THRM,PaymentsToAcquirePropertyPlantAndEquipment,2022-01-01,2022-03-31,5659000,10-Q,2022-05-04,2022,Q1
THRM,PaymentsToAcquirePropertyPlantAndEquipment,2023-01-01,2023-03-31,6294000,10-Q,2023-04-27,2023,Q1
THRM,PaymentsToAcquirePropertyPlantAndEquipment,2024-01-01,2024-03-31,11320000,10-Q,2024-04-30,2024,Q1
THRM,PaymentsToAcquirePropertyPlantAndEquipment,2025-01-01,2025-03-31,14871000,10-Q,2025-04-24,2025,Q1
THRM,PaymentsToAcquirePropertyPlantAndEquipment,2026-01-01,2026-03-31,5651000,10-Q,2026-04-23,2026,Q1
TKOI,PaymentsToAcquirePropertyPlantAndEquipment,2012-01-01,2012-03-31,3995,10-Q,2012-05-21,2012,Q1
TKOI,PaymentsToAcquirePropertyPlantAndEquipment,2013-01-01,2013-03-31,14725,10-Q,2013-05-15,2013,Q1
TKOI,PaymentsToAcquirePropertyPlantAndEquipment,2014-01-01,2014-03-31,120667,10-Q,2014-05-15,2014,Q1
TKOI,PaymentsToAcquirePropertyPlantAndEquipment,2015-01-01,2015-03-31,0,10-Q,2015-05-13,2015,Q1
TKOI,PaymentsToAcquirePropertyPlantAndEquipment,2016-01-01,2016-03-31,2743,10-Q,2016-05-05,2016,Q1
TKOI,PaymentsToAcquirePropertyPlantAndEquipment,2017-01-01,2017-03-31,0,10-Q,2017-05-15,2017,Q1
TKOI,PaymentsToAcquirePropertyPlantAndEquipment,2018-01-01,2018-03-31,7493,10-Q,2018-05-15,2018,Q1
TKOI,PaymentsToAcquirePropertyPlantAndEquipment,2019-01-01,2019-03-31,2302,10-Q,2019-05-15,2019,Q1
TKOI,PaymentsToAcquirePropertyPlantAndEquipment,2020-01-01,2020-03-31,0,10-Q,2020-05-15,2020,Q1
TLS,PaymentsToAcquirePropertyPlantAndEquipment,2011-01-01,2011-03-31,114000,10-Q,2012-05-15,2012,Q1
TLS,PaymentsToAcquirePropertyPlantAndEquipment,2012-01-01,2012-03-31,78000,10-Q,2012-05-15,2012,Q1
TLS,PaymentsToAcquirePropertyPlantAndEquipment,2013-01-01,2013-03-31,288000,10-Q,2013-05-14,2013,Q1
TLS,PaymentsToAcquirePropertyPlantAndEquipment,2014-01-01,2014-03-31,176000,10-Q,2014-05-15,2014,Q1
TLS,PaymentsToAcquirePropertyPlantAndEquipment,2015-01-01,2015-03-31,78000,10-Q,2015-05-15,2015,Q1
TLS,PaymentsToAcquirePropertyPlantAndEquipment,2016-01-01,2016-03-31,123000,10-Q,2016-05-16,2016,Q1
TLS,PaymentsToAcquirePropertyPlantAndEquipment,2017-01-01,2017-03-31,116000,10-Q,2017-05-15,2017,Q1
TLS,PaymentsToAcquirePropertyPlantAndEquipment,2018-01-01,2018-03-31,773000,10-Q,2018-05-15,2018,Q1
TLS,PaymentsToAcquirePropertyPlantAndEquipment,2019-01-01,2019-03-31,2314000,10-Q,2019-05-15,2019,Q1
TLS,PaymentsToAcquirePropertyPlantAndEquipment,2020-01-01,2020-03-31,210000,10-Q,2020-05-15,2020,Q1
TLS,PaymentsToAcquirePropertyPlantAndEquipment,2021-01-01,2021-03-31,480000,10-Q,2021-05-17,2021,Q1
TLS,PaymentsToAcquirePropertyPlantAndEquipment,2022-01-01,2022-03-31,546000,10-Q,2022-05-10,2022,Q1
TLS,PaymentsToAcquirePropertyPlantAndEquipment,2023-01-01,2023-03-31,223000,10-Q,2023-05-10,2023,Q1
TLS,PaymentsToAcquirePropertyPlantAndEquipment,2024-01-01,2024-03-31,97000,10-Q,2024-05-10,2024,Q1
TLS,PaymentsToAcquirePropertyPlantAndEquipment,2025-01-01,2025-03-31,123000,10-Q,2025-05-09,2025,Q1
TLS,PaymentsToAcquirePropertyPlantAndEquipment,2026-01-01,2026-03-31,145000,10-Q,2026-05-11,2026,Q1
TMDX,PaymentsToAcquirePropertyPlantAndEquipment,2017-12-31,2018-03-31,40000,10-Q,2019-06-12,2019,Q1
TMDX,PaymentsToAcquirePropertyPlantAndEquipment,2018-12-30,2019-03-30,3000,10-Q,2019-06-12,2019,Q1
TMDX,PaymentsToAcquirePropertyPlantAndEquipment,2019-12-29,2020-03-31,277000,10-Q,2020-05-06,2020,Q1
TMDX,PaymentsToAcquirePropertyPlantAndEquipment,2021-01-01,2021-03-31,20000,10-Q,2021-05-07,2021,Q1
TMDX,PaymentsToAcquirePropertyPlantAndEquipment,2022-01-01,2022-03-31,1953000,10-Q,2022-05-05,2022,Q1
TMDX,PaymentsToAcquirePropertyPlantAndEquipment,2023-01-01,2023-03-31,927000,10-Q,2023-05-04,2023,Q1
TMDX,PaymentsToAcquirePropertyPlantAndEquipment,2024-01-01,2024-03-31,44172000,10-Q,2024-05-02,2024,Q1
TMDX,PaymentsToAcquirePropertyPlantAndEquipment,2025-01-01,2025-03-31,27038000,10-Q,2025-05-08,2025,Q1
TMDX,PaymentsToAcquirePropertyPlantAndEquipment,2026-01-01,2026-03-31,36657000,10-Q,2026-05-05,2026,Q1
TMO,PaymentsToAcquirePropertyPlantAndEquipment,2009-01-01,2009-03-28,51200000,10-Q,2010-05-06,2010,Q1
TMO,PaymentsToAcquirePropertyPlantAndEquipment,2010-01-01,2010-04-03,50600000,10-Q,2010-05-06,2010,Q1
TMO,PaymentsToAcquirePropertyPlantAndEquipment,2011-01-01,2011-04-02,63700000,10-Q,2011-05-06,2011,Q1
TMO,PaymentsToAcquirePropertyPlantAndEquipment,2012-01-01,2012-03-31,69400000,10-Q,2012-05-04,2012,Q1
TMO,PaymentsToAcquirePropertyPlantAndEquipment,2013-01-01,2013-03-30,66000000,10-Q,2013-05-03,2013,Q1
TMO,PaymentsToAcquirePropertyPlantAndEquipment,2014-01-01,2014-03-29,104700000,10-Q,2014-05-02,2014,Q1
TMO,PaymentsToAcquirePropertyPlantAndEquipment,2015-01-01,2015-03-28,97200000,10-Q,2015-05-01,2015,Q1
TMO,PaymentsToAcquirePropertyPlantAndEquipment,2016-01-01,2016-04-02,115100000,10-Q,2016-05-06,2016,Q1
TMO,PaymentsToAcquirePropertyPlantAndEquipment,2017-01-01,2017-04-01,93400000,10-Q,2017-05-05,2017,Q1
TMO,PaymentsToAcquirePropertyPlantAndEquipment,2018-01-01,2018-03-31,118000000,10-Q,2018-05-04,2018,Q1
TMO,PaymentsToAcquirePropertyPlantAndEquipment,2019-01-01,2019-03-30,201000000,10-Q,2019-05-03,2019,Q1
TMO,PaymentsToAcquirePropertyPlantAndEquipment,2020-01-01,2020-03-28,253000000,10-Q,2020-05-01,2020,Q1
TMO,PaymentsToAcquirePropertyPlantAndEquipment,2021-01-01,2021-04-03,628000000,10-Q,2021-05-07,2021,Q1
TMO,PaymentsToAcquirePropertyPlantAndEquipment,2022-01-01,2022-04-02,640000000,10-Q,2022-05-06,2022,Q1
TMO,PaymentsToAcquirePropertyPlantAndEquipment,2023-01-01,2023-04-01,458000000,10-Q,2023-05-05,2023,Q1
TMO,PaymentsToAcquirePropertyPlantAndEquipment,2024-01-01,2024-03-30,347000000,10-Q,2024-05-03,2024,Q1
TMO,PaymentsToAcquirePropertyPlantAndEquipment,2025-01-01,2025-03-29,362000000,10-Q,2025-05-02,2025,Q1
TMO,PaymentsToAcquirePropertyPlantAndEquipment,2026-01-01,2026-03-28,376000000,10-Q,2026-05-01,2026,Q1
TNC,PaymentsToAcquirePropertyPlantAndEquipment,2011-01-01,2011-03-31,1634000,10-Q,2012-04-27,2012,Q1
TNC,PaymentsToAcquirePropertyPlantAndEquipment,2012-01-01,2012-03-31,4219000,10-Q,2012-04-27,2012,Q1
TNC,PaymentsToAcquirePropertyPlantAndEquipment,2013-01-01,2013-03-31,4017000,10-Q,2013-04-26,2013,Q1
TNC,PaymentsToAcquirePropertyPlantAndEquipment,2014-01-01,2014-03-31,3511000,10-Q,2014-04-25,2014,Q1
TNC,PaymentsToAcquirePropertyPlantAndEquipment,2015-01-01,2015-03-31,4129000,10-Q,2015-04-30,2015,Q1
TNC,PaymentsToAcquirePropertyPlantAndEquipment,2016-01-01,2016-03-31,6820000,10-Q,2016-04-29,2016,Q1
TNC,PaymentsToAcquirePropertyPlantAndEquipment,2017-01-01,2017-03-31,4673000,10-Q,2017-05-09,2017,Q1
TNC,PaymentsToAcquirePropertyPlantAndEquipment,2018-01-01,2018-03-31,3480000,10-Q,2018-05-01,2018,Q1
TNC,PaymentsToAcquirePropertyPlantAndEquipment,2019-01-01,2019-03-31,20500000,10-Q,2019-04-30,2019,Q1
TNC,PaymentsToAcquirePropertyPlantAndEquipment,2020-01-01,2020-03-31,12400000,10-Q,2020-05-06,2020,Q1
TNC,PaymentsToAcquirePropertyPlantAndEquipment,2021-01-01,2021-03-31,4800000,10-Q,2021-05-04,2021,Q1
TNC,PaymentsToAcquirePropertyPlantAndEquipment,2022-01-01,2022-03-31,5000000,10-Q,2022-04-28,2022,Q1
TNC,PaymentsToAcquirePropertyPlantAndEquipment,2023-01-01,2023-03-31,6800000,10-Q,2023-04-28,2023,Q1
TNC,PaymentsToAcquirePropertyPlantAndEquipment,2024-01-01,2024-03-31,3000000,10-Q,2024-05-03,2024,Q1
TNC,PaymentsToAcquirePropertyPlantAndEquipment,2025-01-01,2025-03-31,7000000,10-Q,2025-05-01,2025,Q1
TNC,PaymentsToAcquirePropertyPlantAndEquipment,2026-01-01,2026-03-31,3200000,10-Q,2026-05-05,2026,Q1
TNET,PaymentsToAcquirePropertyPlantAndEquipment,2013-01-01,2013-03-31,2224000,10-Q,2014-05-08,2014,Q1
TNET,PaymentsToAcquirePropertyPlantAndEquipment,2014-01-01,2014-03-31,5064000,10-Q,2014-05-08,2014,Q1
TNET,PaymentsToAcquirePropertyPlantAndEquipment,2015-01-01,2015-03-31,4644000,10-Q,2015-05-08,2015,Q1
TNET,PaymentsToAcquirePropertyPlantAndEquipment,2016-01-01,2016-03-31,6807000,10-Q,2016-05-04,2016,Q1
TNET,PaymentsToAcquirePropertyPlantAndEquipment,2017-01-01,2017-03-31,10473000,10-Q,2017-05-02,2017,Q1
TNET,PaymentsToAcquirePropertyPlantAndEquipment,2018-01-01,2018-03-31,12000000,10-Q,2018-04-30,2018,Q1
TNET,PaymentsToAcquirePropertyPlantAndEquipment,2019-01-01,2019-03-31,12000000,10-Q,2019-04-29,2019,Q1
TNET,PaymentsToAcquirePropertyPlantAndEquipment,2020-01-01,2020-03-31,6000000,10-Q,2020-04-28,43921,Q1
TNET,PaymentsToAcquirePropertyPlantAndEquipment,2021-01-01,2021-03-31,5000000,10-Q,2021-04-26,2021,Q1
TNET,PaymentsToAcquirePropertyPlantAndEquipment,2022-01-01,2022-03-31,11000000,10-Q,2022-04-26,2022,Q1
TNET,PaymentsToAcquirePropertyPlantAndEquipment,2023-01-01,2023-03-31,17000000,10-Q,2023-04-26,2023,Q1
TNET,PaymentsToAcquirePropertyPlantAndEquipment,2024-01-01,2024-03-31,18000000,10-Q,2024-04-26,2024,Q1
TNET,PaymentsToAcquirePropertyPlantAndEquipment,2025-01-01,2025-03-31,16000000,10-Q,2025-04-25,2025,Q1
TNET,PaymentsToAcquirePropertyPlantAndEquipment,2026-01-01,2026-03-31,26000000,10-Q,2026-04-30,2026,Q1
TOST,PaymentsToAcquirePropertyPlantAndEquipment,2021-01-01,2021-03-31,6000000,10-Q,2022-05-13,2022,Q1
TOST,PaymentsToAcquirePropertyPlantAndEquipment,2022-01-01,2022-03-31,2000000,10-Q,2022-05-13,2022,Q1
TOST,PaymentsToAcquirePropertyPlantAndEquipment,2023-01-01,2023-03-31,2000000,10-Q,2023-05-10,2023,Q1
TPCS,PaymentsToAcquirePropertyPlantAndEquipment,2010-04-01,2010-06-30,7146,10-Q/A,2011-09-13,2011,Q1
TPCS,PaymentsToAcquirePropertyPlantAndEquipment,2011-04-01,2011-06-30,325761,10-Q/A,2011-09-13,2011,Q1
TPCS,PaymentsToAcquirePropertyPlantAndEquipment,2012-04-01,2012-06-30,20024,10-Q/A,2012-09-13,2012,Q1
TPCS,PaymentsToAcquirePropertyPlantAndEquipment,2013-04-01,2013-06-30,56424,10-Q,2013-09-18,2013,Q1
TPCS,PaymentsToAcquirePropertyPlantAndEquipment,2014-04-01,2014-06-30,54093,10-Q,2014-08-18,2015,Q1
TPCS,PaymentsToAcquirePropertyPlantAndEquipment,2015-04-01,2015-06-30,17600,10-Q,2015-08-14,2016,Q1
TPCS,PaymentsToAcquirePropertyPlantAndEquipment,2016-04-01,2016-06-30,0,10-Q,2017-08-14,2018,Q1
TPCS,PaymentsToAcquirePropertyPlantAndEquipment,2017-04-01,2017-06-30,212946,10-Q,2017-08-14,2018,Q1
TPCS,PaymentsToAcquirePropertyPlantAndEquipment,2018-04-01,2018-06-30,101695,10-Q,2018-08-13,2019,Q1
TPCS,PaymentsToAcquirePropertyPlantAndEquipment,2019-04-01,2019-06-30,10200,10-Q,2019-08-13,2020,Q1
TPCS,PaymentsToAcquirePropertyPlantAndEquipment,2020-04-01,2020-06-30,41768,10-Q,2020-08-13,2021,Q1
TPCS,PaymentsToAcquirePropertyPlantAndEquipment,2021-04-01,2021-06-30,4198,10-Q,2021-08-12,2022,Q1
TPCS,PaymentsToAcquirePropertyPlantAndEquipment,2022-04-01,2022-06-30,203981,10-Q,2022-09-15,2023,Q1
TPCS,PaymentsToAcquirePropertyPlantAndEquipment,2023-04-01,2023-06-30,1854002,10-Q,2023-08-21,2024,Q1
TPCS,PaymentsToAcquirePropertyPlantAndEquipment,2024-04-01,2024-06-30,201233,10-Q,2024-11-07,2025,Q1
TPCS,PaymentsToAcquirePropertyPlantAndEquipment,2025-04-01,2025-06-30,1250000,10-Q,2025-08-21,2026,Q1
TPCS,PaymentsToAcquirePropertyPlantAndEquipment,2026-04-01,2026-06-30,2436000,10-Q,2026-08-13,2027,Q1
TPICQ,PaymentsToAcquirePropertyPlantAndEquipment,2016-01-01,2016-03-31,10888000,10-Q,2017-05-08,2017,Q1
TPICQ,PaymentsToAcquirePropertyPlantAndEquipment,2017-01-01,2017-03-31,16922000,10-Q,2017-05-08,2017,Q1
TPICQ,PaymentsToAcquirePropertyPlantAndEquipment,2018-01-01,2018-03-31,11714000,10-Q,2018-05-03,2018,Q1
TPICQ,PaymentsToAcquirePropertyPlantAndEquipment,2019-01-01,2019-03-31,18709000,10-Q,2019-05-08,2019,Q1
TPICQ,PaymentsToAcquirePropertyPlantAndEquipment,2020-01-01,2020-03-31,26983000,10-Q,2020-05-07,2020,Q1
TPICQ,PaymentsToAcquirePropertyPlantAndEquipment,2021-01-01,2021-03-31,18786000,10-Q,2021-05-06,2021,Q1
TPICQ,PaymentsToAcquirePropertyPlantAndEquipment,2022-01-01,2022-03-31,5516000,10-Q,2022-05-05,2022,Q1
TPICQ,PaymentsToAcquirePropertyPlantAndEquipment,2023-01-01,2023-03-31,3275000,10-Q,2023-05-03,2023,Q1
TPICQ,PaymentsToAcquirePropertyPlantAndEquipment,2024-01-01,2024-03-31,8285000,10-Q,2024-05-02,2024,Q1
TPICQ,PaymentsToAcquirePropertyPlantAndEquipment,2025-01-01,2025-03-31,6512000,10-Q,2025-05-12,2025,Q1
TREX,PaymentsToAcquirePropertyPlantAndEquipment,2011-01-01,2011-03-31,2266000,10-Q,2012-05-07,2012,Q1
TREX,PaymentsToAcquirePropertyPlantAndEquipment,2012-01-01,2012-03-31,1184000,10-Q,2012-05-07,2012,Q1
TREX,PaymentsToAcquirePropertyPlantAndEquipment,2013-01-01,2013-03-31,1910000,10-Q,2013-05-03,2013,Q1
TREX,PaymentsToAcquirePropertyPlantAndEquipment,2014-01-01,2014-03-31,3188000,10-Q,2014-05-05,2014,Q1
TREX,PaymentsToAcquirePropertyPlantAndEquipment,2015-01-01,2015-03-31,9060000,10-Q,2015-05-08,2015,Q1
TREX,PaymentsToAcquirePropertyPlantAndEquipment,2016-01-01,2016-03-31,2439000,10-Q,2016-05-10,2016,Q1
TREX,PaymentsToAcquirePropertyPlantAndEquipment,2017-01-01,2017-03-31,4312000,10-Q,2017-05-05,2017,Q1
TREX,PaymentsToAcquirePropertyPlantAndEquipment,2018-01-01,2018-03-31,5435000,10-Q,2018-05-07,2018,Q1
TREX,PaymentsToAcquirePropertyPlantAndEquipment,2019-01-01,2019-03-31,8647000,10-Q,2019-04-29,2019,Q1
TREX,PaymentsToAcquirePropertyPlantAndEquipment,2020-01-01,2020-03-31,22733000,10-Q,2020-05-04,2020,Q1
TREX,PaymentsToAcquirePropertyPlantAndEquipment,2021-01-01,2021-03-31,58093000,10-Q,2021-05-10,2021,Q1
TREX,PaymentsToAcquirePropertyPlantAndEquipment,2022-01-01,2022-03-31,22288000,10-Q,2022-05-09,2022,Q1
TREX,PaymentsToAcquirePropertyPlantAndEquipment,2023-01-01,2023-03-31,39192000,10-Q,2023-05-08,2023,Q1
TREX,PaymentsToAcquirePropertyPlantAndEquipment,2024-01-01,2024-03-31,37720000,10-Q,2024-05-09,2024,Q1
TREX,PaymentsToAcquirePropertyPlantAndEquipment,2025-01-01,2025-03-31,79486000,10-Q,2025-05-08,2025,Q1
TREX,PaymentsToAcquirePropertyPlantAndEquipment,2026-01-01,2026-03-31,23105000,10-Q,2026-05-07,2026,Q1
TRMB,PaymentsToAcquirePropertyPlantAndEquipment,2010-01-02,2010-04-02,5299000,10-Q,2011-05-10,2011,Q1
TRMB,PaymentsToAcquirePropertyPlantAndEquipment,2011-01-01,2011-04-01,4036000,10-Q,2011-05-10,2011,Q1
TRMB,PaymentsToAcquirePropertyPlantAndEquipment,2011-12-31,2012-03-30,7644000,10-Q,2012-05-08,2012,Q1
TRMB,PaymentsToAcquirePropertyPlantAndEquipment,2012-12-29,2013-03-29,14927000,10-Q,2013-05-02,2013,Q1
TRMB,PaymentsToAcquirePropertyPlantAndEquipment,2014-01-04,2014-04-04,13574000,10-Q,2014-05-12,2014,Q1
TRMB,PaymentsToAcquirePropertyPlantAndEquipment,2015-01-03,2015-04-03,10600000,10-Q,2015-05-12,2015,Q1
TRMB,PaymentsToAcquirePropertyPlantAndEquipment,2016-01-02,2016-04-01,4900000,10-Q,2016-05-10,2016,Q1
TRMB,PaymentsToAcquirePropertyPlantAndEquipment,2016-12-31,2017-03-31,5700000,10-Q,2017-05-08,2017,Q1
TRMB,PaymentsToAcquirePropertyPlantAndEquipment,2017-12-30,2018-03-30,18200000,10-Q,2018-05-09,2018,Q1
TRMB,PaymentsToAcquirePropertyPlantAndEquipment,2018-12-29,2019-03-29,14500000,10-Q,2019-05-07,2019,Q1
TRMB,PaymentsToAcquirePropertyPlantAndEquipment,2020-01-04,2020-04-03,16700000,10-Q,2020-05-08,2020,Q1
TRMB,PaymentsToAcquirePropertyPlantAndEquipment,2021-01-02,2021-04-02,10600000,10-Q,2021-05-07,2021,Q1
TRMB,PaymentsToAcquirePropertyPlantAndEquipment,2022-01-01,2022-04-01,14500000,10-Q,2022-05-05,2022,Q1
TRMB,PaymentsToAcquirePropertyPlantAndEquipment,2022-12-31,2023-03-31,6400000,10-Q,2023-05-03,2023,Q1
TRMB,PaymentsToAcquirePropertyPlantAndEquipment,2023-12-30,2024-03-29,6800000,10-Q,2025-01-16,2024,Q1
TRMB,PaymentsToAcquirePropertyPlantAndEquipment,2025-01-04,2025-04-04,6600000,10-Q,2025-05-12,2025,Q1
TRMB,PaymentsToAcquirePropertyPlantAndEquipment,2026-01-03,2026-04-03,6100000,10-Q,2026-05-06,2026,Q1
TRT,PaymentsToAcquirePropertyPlantAndEquipment,2010-07-01,2010-09-30,611000,10-Q,2011-11-14,2012,Q1
TRT,PaymentsToAcquirePropertyPlantAndEquipment,2011-07-01,2011-09-30,463000,10-Q,2011-11-14,2012,Q1
TRT,PaymentsToAcquirePropertyPlantAndEquipment,2012-07-01,2012-09-30,673000,10-Q/A,2012-11-20,2013,Q1
TRT,PaymentsToAcquirePropertyPlantAndEquipment,2013-07-01,2013-09-30,484000,10-Q,2013-11-14,2014,Q1
TRT,PaymentsToAcquirePropertyPlantAndEquipment,2013-10-01,2013-12-31,-1237000,10-Q,2015-02-17,2015,Q2
TRT,PaymentsToAcquirePropertyPlantAndEquipment,2014-01-01,2014-03-31,-576000,10-Q,2015-05-13,2015,Q3
TRT,PaymentsToAcquirePropertyPlantAndEquipment,2014-07-01,2014-09-30,467000,10-Q,2014-11-18,2015,Q1
TRT,PaymentsToAcquirePropertyPlantAndEquipment,2014-10-01,2014-12-31,-432000,10-Q,2015-02-17,2015,Q2
TRT,PaymentsToAcquirePropertyPlantAndEquipment,2015-01-01,2015-03-31,-561000,10-Q,2015-05-13,2015,Q3
TRT,PaymentsToAcquirePropertyPlantAndEquipment,2015-07-01,2015-09-30,254000,10-Q,2015-11-16,2016,Q1
TRT,PaymentsToAcquirePropertyPlantAndEquipment,2015-10-01,2015-12-31,60000,10-Q,2016-02-10,2016,Q2
TRT,PaymentsToAcquirePropertyPlantAndEquipment,2016-01-01,2016-03-31,573000,10-Q,2016-05-12,2016,Q3
TRT,PaymentsToAcquirePropertyPlantAndEquipment,2016-07-01,2016-09-30,361000,10-Q,2016-11-14,2017,Q1
TRT,PaymentsToAcquirePropertyPlantAndEquipment,2016-10-01,2016-12-31,403000,10-Q,2017-02-10,2017,Q2
TRT,PaymentsToAcquirePropertyPlantAndEquipment,2017-01-01,2017-03-31,703000,10-Q,2017-05-11,2017,Q3
TRT,PaymentsToAcquirePropertyPlantAndEquipment,2017-07-01,2017-09-30,529000,10-Q,2017-11-09,2018,Q1
TRT,PaymentsToAcquirePropertyPlantAndEquipment,2017-10-01,2017-12-31,1066000,10-Q,2018-02-12,2018,Q2
TRT,PaymentsToAcquirePropertyPlantAndEquipment,2018-01-01,2018-03-31,543000,10-Q,2018-05-18,2018,Q3
TRT,PaymentsToAcquirePropertyPlantAndEquipment,2018-07-01,2018-09-30,1214000,10-Q,2018-11-13,2019,Q1
TRT,PaymentsToAcquirePropertyPlantAndEquipment,2018-10-01,2018-12-31,1083000,10-Q,2019-02-13,2019,Q2
TRT,PaymentsToAcquirePropertyPlantAndEquipment,2019-01-01,2019-03-31,278000,10-Q,2019-05-14,2019,Q3
TRT,PaymentsToAcquirePropertyPlantAndEquipment,2019-07-01,2019-09-30,500000,10-Q,2019-11-13,2020,Q1
TRT,PaymentsToAcquirePropertyPlantAndEquipment,2020-07-01,2020-09-30,87000,10-Q,2020-11-13,2021,Q1
TRT,PaymentsToAcquirePropertyPlantAndEquipment,2021-07-01,2021-09-30,438000,10-Q,2021-11-15,2022,Q1
TRT,PaymentsToAcquirePropertyPlantAndEquipment,2021-10-01,2021-12-31,357000,10-Q,2023-02-10,2023,Q2
TRT,PaymentsToAcquirePropertyPlantAndEquipment,2022-01-01,2022-03-31,349000,10-Q,2023-05-15,2023,Q3
TRT,PaymentsToAcquirePropertyPlantAndEquipment,2022-07-01,2022-09-30,1156000,10-Q,2022-11-10,2022,Q1
TRT,PaymentsToAcquirePropertyPlantAndEquipment,2022-10-01,2022-12-31,2838000,10-Q,2023-02-10,2023,Q2
TRT,PaymentsToAcquirePropertyPlantAndEquipment,2023-01-01,2023-03-31,83000,10-Q,2023-05-15,2023,Q3
TRT,PaymentsToAcquirePropertyPlantAndEquipment,2023-07-01,2023-09-30,77000,10-Q,2023-11-13,2024,Q1
TRT,PaymentsToAcquirePropertyPlantAndEquipment,2023-10-01,2023-12-31,81000,10-Q,2024-02-12,2024,Q2
TRT,PaymentsToAcquirePropertyPlantAndEquipment,2024-01-01,2024-03-31,50000,10-Q,2024-05-13,2024,Q3
TRT,PaymentsToAcquirePropertyPlantAndEquipment,2024-07-01,2024-09-30,69000,10-Q,2024-11-12,2025,Q1
TRT,PaymentsToAcquirePropertyPlantAndEquipment,2025-07-01,2025-09-30,46000,10-Q,2025-11-14,2026,Q1
TSLA,PaymentsToAcquirePropertyPlantAndEquipment,2011-01-01,2011-03-31,20476000,10-Q,2012-05-10,2012,Q1
TSLA,PaymentsToAcquirePropertyPlantAndEquipment,2012-01-01,2012-03-31,67987000,10-Q,2012-05-10,2012,Q1
TSLA,PaymentsToAcquirePropertyPlantAndEquipment,2013-01-01,2013-03-31,57727000,10-Q,2013-05-10,2013,Q1
TSLA,PaymentsToAcquirePropertyPlantAndEquipment,2014-01-01,2014-03-31,141364000,10-Q,2014-05-09,2014,Q1
TSLA,PaymentsToAcquirePropertyPlantAndEquipment,2015-01-01,2015-03-31,426060000,10-Q,2015-05-11,2015,Q1
TSLA,PaymentsToAcquirePropertyPlantAndEquipment,2016-01-01,2016-03-31,216859000,10-Q,2016-05-10,2016,Q1
TSLA,PaymentsToAcquirePropertyPlantAndEquipment,2017-01-01,2017-03-31,552624000,10-Q,2017-05-10,2017,Q1
TSLA,PaymentsToAcquirePropertyPlantAndEquipment,2018-01-01,2018-03-31,655662000,10-Q,2018-05-07,2018,Q1
TSLA,PaymentsToAcquirePropertyPlantAndEquipment,2019-01-01,2019-03-31,279932000,10-Q,2019-04-29,2019,Q1
TSLA,PaymentsToAcquirePropertyPlantAndEquipment,2020-01-01,2020-03-31,455000000,10-Q,2020-04-30,2020,Q1
TSLA,PaymentsToAcquirePropertyPlantAndEquipment,2021-01-01,2021-03-31,1348000000,10-Q,2021-04-28,2021,Q1
TSLA,PaymentsToAcquirePropertyPlantAndEquipment,2022-01-01,2022-03-31,1767000000,10-Q,2022-04-25,2022,Q1
TSLA,PaymentsToAcquirePropertyPlantAndEquipment,2023-01-01,2023-03-31,2072000000,10-Q,2023-04-24,2023,Q1
TSLA,PaymentsToAcquirePropertyPlantAndEquipment,2024-01-01,2024-03-31,2773000000,10-Q,2024-04-24,2024,Q1
TSLA,PaymentsToAcquirePropertyPlantAndEquipment,2025-01-01,2025-03-31,1492000000,10-Q,2025-04-23,2025,Q1
TSLA,PaymentsToAcquirePropertyPlantAndEquipment,2026-01-01,2026-03-31,2493000000,10-Q,2026-04-23,2026,Q1
TSSI,PaymentsToAcquirePropertyPlantAndEquipment,2011-01-01,2011-03-31,22375,10-Q,2012-05-15,2012,Q1
TSSI,PaymentsToAcquirePropertyPlantAndEquipment,2012-01-01,2012-03-31,222413,10-Q,2012-05-15,2012,Q1
TSSI,PaymentsToAcquirePropertyPlantAndEquipment,2013-01-01,2013-03-31,19994,10-Q,2013-05-15,2013,Q1
TTEK,PaymentsToAcquirePropertyPlantAndEquipment,2009-09-28,2009-12-27,3920000,10-Q,2011-02-04,2011,Q1
TTEK,PaymentsToAcquirePropertyPlantAndEquipment,2010-10-04,2011-01-02,4236000,10-Q,2011-02-04,2011,Q1
TTEK,PaymentsToAcquirePropertyPlantAndEquipment,2011-10-03,2012-01-01,4593000,10-Q,2012-02-03,2012,Q1
TTEK,PaymentsToAcquirePropertyPlantAndEquipment,2012-10-01,2012-12-30,4274000,10-Q,2013-02-01,2013,Q1
TTEK,PaymentsToAcquirePropertyPlantAndEquipment,2013-09-30,2013-12-29,6602000,10-Q,2014-01-31,2014,Q1
TTEK,PaymentsToAcquirePropertyPlantAndEquipment,2014-09-29,2014-12-28,7137000,10-Q,2015-02-02,2015,Q1
TTEK,PaymentsToAcquirePropertyPlantAndEquipment,2015-09-28,2015-12-27,3250000,10-Q,2016-01-29,2016,Q1
TTEK,PaymentsToAcquirePropertyPlantAndEquipment,2016-10-03,2017-01-01,2031000,10-Q,2017-02-03,2017,Q1
TTEK,PaymentsToAcquirePropertyPlantAndEquipment,2017-10-02,2017-12-31,2143000,10-Q,2018-02-01,2018,Q1
TTEK,PaymentsToAcquirePropertyPlantAndEquipment,2018-10-01,2018-12-30,3853000,10-Q,2019-02-01,2019,Q1
TTEK,PaymentsToAcquirePropertyPlantAndEquipment,2019-09-30,2019-12-29,3331000,10-Q,2020-01-31,2020,Q1
TTEK,PaymentsToAcquirePropertyPlantAndEquipment,2020-09-28,2020-12-27,1795000,10-Q,2021-01-29,2021,Q1
TTEK,PaymentsToAcquirePropertyPlantAndEquipment,2021-10-04,2022-01-02,1518000,10-Q,2022-02-04,2022,Q1
TTEK,PaymentsToAcquirePropertyPlantAndEquipment,2022-10-03,2023-01-01,4996000,10-Q,2023-02-03,2023,Q1
TTEK,PaymentsToAcquirePropertyPlantAndEquipment,2023-10-02,2023-12-31,3456000,10-Q,2024-02-02,2024,Q1
TTEK,PaymentsToAcquirePropertyPlantAndEquipment,2024-09-30,2024-12-29,3433000,10-Q,2025-01-31,2025,Q1
TTEK,PaymentsToAcquirePropertyPlantAndEquipment,2025-09-29,2025-12-28,4152000,10-Q,2026-01-30,2026,Q1
TTI,PaymentsToAcquirePropertyPlantAndEquipment,2010-01-01,2010-03-31,-10846000,10-Q,2011-05-10,2011,Q1
TTI,PaymentsToAcquirePropertyPlantAndEquipment,2011-01-01,2011-03-31,-19319000,10-Q,2011-05-10,2011,Q1
TTI,PaymentsToAcquirePropertyPlantAndEquipment,2012-01-01,2012-03-31,25764000,10-Q,2012-05-10,2012,Q1
TTI,PaymentsToAcquirePropertyPlantAndEquipment,2013-01-01,2013-03-31,26412000,10-Q/A,2013-05-10,2013,Q1
TTI,PaymentsToAcquirePropertyPlantAndEquipment,2014-01-01,2014-03-31,28835000,10-Q,2014-05-09,2014,Q1
TTI,PaymentsToAcquirePropertyPlantAndEquipment,2015-01-01,2015-03-31,49024000,10-Q,2015-05-11,2015,Q1
TTI,PaymentsToAcquirePropertyPlantAndEquipment,2016-01-01,2016-03-31,3231000,10-Q,2016-05-10,2016,Q1
TTI,PaymentsToAcquirePropertyPlantAndEquipment,2017-01-01,2017-03-31,5060000,10-Q,2017-05-10,2017,Q1
TTI,PaymentsToAcquirePropertyPlantAndEquipment,2018-01-01,2018-03-31,28892000,10-Q,2018-05-10,2018,Q4
TTI,PaymentsToAcquirePropertyPlantAndEquipment,2019-01-01,2019-03-31,32409000,10-Q,2019-05-10,2019,Q1
TTI,PaymentsToAcquirePropertyPlantAndEquipment,2020-01-01,2020-03-31,12390000,10-Q,2020-05-07,2020,Q1
TTI,PaymentsToAcquirePropertyPlantAndEquipment,2021-01-01,2021-03-31,6761000,10-Q,2021-05-05,2021,Q1
TTI,PaymentsToAcquirePropertyPlantAndEquipment,2022-01-01,2022-03-31,9305000,10-Q,2022-05-02,2022,Q1
TTI,PaymentsToAcquirePropertyPlantAndEquipment,2023-01-01,2023-03-31,12784000,10-Q,2023-05-01,2023,Q1
TTI,PaymentsToAcquirePropertyPlantAndEquipment,2024-01-01,2024-03-31,15827000,10-Q,2024-04-30,2024,Q1
TTI,PaymentsToAcquirePropertyPlantAndEquipment,2025-01-01,2025-03-31,17956000,10-Q,2025-04-29,2025,Q1
TTI,PaymentsToAcquirePropertyPlantAndEquipment,2026-01-01,2026-03-31,19019000,10-Q,2026-04-29,2026,Q1
TTWO,PaymentsToAcquirePropertyPlantAndEquipment,2010-04-01,2010-06-30,2179000,10-Q,2011-08-09,2011,Q1
TTWO,PaymentsToAcquirePropertyPlantAndEquipment,2011-04-01,2011-06-30,2400000,10-Q,2011-08-09,2011,Q1
TTWO,PaymentsToAcquirePropertyPlantAndEquipment,2012-04-01,2012-06-30,3290000,10-Q,2012-08-01,2012,Q1
TTWO,PaymentsToAcquirePropertyPlantAndEquipment,2013-04-01,2013-06-30,7994000,10-Q,2013-07-31,2013,Q1
TTWO,PaymentsToAcquirePropertyPlantAndEquipment,2014-04-01,2014-06-30,8392000,10-Q,2014-08-06,2015,Q1
TTWO,PaymentsToAcquirePropertyPlantAndEquipment,2015-04-01,2015-06-30,18769000,10-Q,2015-08-10,2016,Q1
TTWO,PaymentsToAcquirePropertyPlantAndEquipment,2016-04-01,2016-06-30,4230000,10-Q,2016-08-05,2017,Q1
TTWO,PaymentsToAcquirePropertyPlantAndEquipment,2017-04-01,2017-06-30,16092000,10-Q,2017-08-03,2018,Q1
TTWO,PaymentsToAcquirePropertyPlantAndEquipment,2018-04-01,2018-06-30,14289000,10-Q,2018-08-03,2018,Q1
TTWO,PaymentsToAcquirePropertyPlantAndEquipment,2019-04-01,2019-06-30,9971000,10-Q,2019-08-06,2020,Q1
TTWO,PaymentsToAcquirePropertyPlantAndEquipment,2020-04-01,2020-06-30,8905000,10-Q,2020-08-04,2021,Q1
TTWO,PaymentsToAcquirePropertyPlantAndEquipment,2021-04-01,2021-06-30,86433000,10-Q,2021-08-03,2022,Q1
TTWO,PaymentsToAcquirePropertyPlantAndEquipment,2022-04-01,2022-06-30,42500000,10-Q,2022-08-09,2023,Q1
TTWO,PaymentsToAcquirePropertyPlantAndEquipment,2023-04-01,2023-06-30,31500000,10-Q,2023-08-09,2024,Q1
TTWO,PaymentsToAcquirePropertyPlantAndEquipment,2024-04-01,2024-06-30,35100000,10-Q,2024-08-09,2025,Q1
TTWO,PaymentsToAcquirePropertyPlantAndEquipment,2025-04-01,2025-06-30,25100000,10-Q,2025-08-07,2026,Q1
TTWO,PaymentsToAcquirePropertyPlantAndEquipment,2026-04-01,2026-06-30,25000000,10-Q,2026-08-07,2027,Q1
TUSK,PaymentsToAcquirePropertyPlantAndEquipment,2015-07-01,2015-09-30,3900859,10-Q,2016-11-10,2016,Q3
TUSK,PaymentsToAcquirePropertyPlantAndEquipment,2016-01-01,2016-03-31,534525,10-Q,2017-05-15,2017,Q1
TUSK,PaymentsToAcquirePropertyPlantAndEquipment,2016-07-01,2016-09-30,1574182,10-Q,2016-11-10,2016,Q3
TUSK,PaymentsToAcquirePropertyPlantAndEquipment,2017-01-01,2017-03-31,30935179,10-Q,2017-05-15,2017,Q1
TUSK,PaymentsToAcquirePropertyPlantAndEquipment,2018-01-01,2018-03-31,35176000,10-Q,2018-05-04,2018,Q1
TUSK,PaymentsToAcquirePropertyPlantAndEquipment,2022-01-01,2022-03-31,1182000,10-Q,2023-05-01,2023,Q1
TUSK,PaymentsToAcquirePropertyPlantAndEquipment,2023-01-01,2023-03-31,6036000,10-Q,2023-05-01,2023,Q1
TUSK,PaymentsToAcquirePropertyPlantAndEquipment,2024-01-01,2024-03-31,4151000,10-Q,2024-05-02,2024,Q1
TUSK,PaymentsToAcquirePropertyPlantAndEquipment,2025-01-01,2025-03-31,7231000,10-Q,2025-05-07,2025,Q1
TUSK,PaymentsToAcquirePropertyPlantAndEquipment,2026-01-01,2026-03-31,11706000,10-Q,2026-05-11,2026,Q1
TWLO,PaymentsToAcquirePropertyPlantAndEquipment,2016-01-01,2016-03-31,782000,10-Q,2017-05-10,2017,Q1
TWLO,PaymentsToAcquirePropertyPlantAndEquipment,2017-01-01,2017-03-31,4971000,10-Q,2017-05-10,2017,Q1
TWLO,PaymentsToAcquirePropertyPlantAndEquipment,2018-01-01,2018-03-31,940000,10-Q,2018-05-10,2018,Q1
TWLO,PaymentsToAcquirePropertyPlantAndEquipment,2019-01-01,2019-03-31,2653000,10-Q,2019-05-09,2019,Q1
TWLO,PaymentsToAcquirePropertyPlantAndEquipment,2020-01-01,2020-03-31,6319000,10-Q,2020-05-07,2020,FY
TWLO,PaymentsToAcquirePropertyPlantAndEquipment,2021-01-01,2021-03-31,4986000,10-Q,2021-05-06,2021,Q1
TWLO,PaymentsToAcquirePropertyPlantAndEquipment,2022-01-01,2022-03-31,6980000,10-Q,2022-05-05,2022,Q1
TWST,PaymentsToAcquirePropertyPlantAndEquipment,2017-10-01,2017-12-31,1511000,10-Q,2019-02-11,2019,Q1
TWST,PaymentsToAcquirePropertyPlantAndEquipment,2018-10-01,2018-12-31,1922000,10-Q,2019-02-11,2019,Q1
TWST,PaymentsToAcquirePropertyPlantAndEquipment,2019-10-01,2019-12-31,2058000,10-Q,2020-02-10,2020,Q1
TWST,PaymentsToAcquirePropertyPlantAndEquipment,2020-10-01,2020-12-31,3629000,10-Q,2021-02-09,2021,Q1
TWST,PaymentsToAcquirePropertyPlantAndEquipment,2021-10-01,2021-12-31,12783000,10-Q,2022-02-09,2022,Q1
TWST,PaymentsToAcquirePropertyPlantAndEquipment,2022-10-01,2022-12-31,11824000,10-Q,2023-02-07,2023,Q1
TWST,PaymentsToAcquirePropertyPlantAndEquipment,2023-10-01,2023-12-31,1506000,10-Q,2024-02-02,2024,Q1
TWST,PaymentsToAcquirePropertyPlantAndEquipment,2024-10-01,2024-12-31,2268000,10-Q,2025-02-03,2025,Q1
TWST,PaymentsToAcquirePropertyPlantAndEquipment,2025-10-01,2025-12-31,9974000,10-Q,2026-02-02,2026,Q1
TXG,PaymentsToAcquirePropertyPlantAndEquipment,2019-01-01,2019-03-31,9367000,10-Q,2020-05-12,2020,Q1
TXG,PaymentsToAcquirePropertyPlantAndEquipment,2020-01-01,2020-03-31,8079000,10-Q,2020-05-12,2020,Q1
TXG,PaymentsToAcquirePropertyPlantAndEquipment,2021-01-01,2021-03-31,38865000,10-Q,2021-05-07,2021,Q1
TXG,PaymentsToAcquirePropertyPlantAndEquipment,2022-01-01,2022-03-31,28136000,10-Q,2022-05-05,2022,Q1
TXG,PaymentsToAcquirePropertyPlantAndEquipment,2023-01-01,2023-03-31,4559000,10-Q,2023-05-04,2023,Q1
TXG,PaymentsToAcquirePropertyPlantAndEquipment,2024-01-01,2024-03-31,2910000,10-Q,2024-04-30,2024,Q1
TXG,PaymentsToAcquirePropertyPlantAndEquipment,2025-01-01,2025-03-31,1893000,10-Q,2025-05-09,2025,Q1
TXG,PaymentsToAcquirePropertyPlantAndEquipment,2026-01-01,2026-03-31,1597000,10-Q,2026-05-08,2026,Q1
TYL,PaymentsToAcquirePropertyPlantAndEquipment,2011-01-01,2011-03-31,7804000,10-Q,2012-04-26,2012,Q1
TYL,PaymentsToAcquirePropertyPlantAndEquipment,2012-01-01,2012-03-31,1048000,10-Q,2012-04-26,2012,Q1
TYL,PaymentsToAcquirePropertyPlantAndEquipment,2013-01-01,2013-03-31,5089000,10-Q,2013-04-25,2013,Q1
TYL,PaymentsToAcquirePropertyPlantAndEquipment,2014-01-01,2014-03-31,3630000,10-Q,2014-04-23,2014,Q1
TYL,PaymentsToAcquirePropertyPlantAndEquipment,2015-01-01,2015-03-31,1909000,10-Q,2015-04-22,2015,Q1
TYL,PaymentsToAcquirePropertyPlantAndEquipment,2016-01-01,2016-03-31,16722000,10-Q,2016-04-27,2016,Q1
TYL,PaymentsToAcquirePropertyPlantAndEquipment,2017-01-01,2017-03-31,19820000,10-Q,2017-04-26,2017,Q1
TYL,PaymentsToAcquirePropertyPlantAndEquipment,2018-01-01,2018-03-31,8895000,10-Q,2018-05-10,2018,Q1
TYL,PaymentsToAcquirePropertyPlantAndEquipment,2019-01-01,2019-03-31,12320000,10-Q,2019-05-08,2019,Q1
TYL,PaymentsToAcquirePropertyPlantAndEquipment,2020-01-01,2020-03-31,9349000,10-Q,2020-04-29,2020,Q1
TYL,PaymentsToAcquirePropertyPlantAndEquipment,2021-01-01,2021-03-31,6564000,10-Q,2021-05-06,2021,Q1
TYL,PaymentsToAcquirePropertyPlantAndEquipment,2022-01-01,2022-03-31,4579000,10-Q,2022-04-27,2022,Q1
TYL,PaymentsToAcquirePropertyPlantAndEquipment,2023-01-01,2023-03-31,2020000,10-Q,2023-04-26,2023,Q1
TYL,PaymentsToAcquirePropertyPlantAndEquipment,2024-01-01,2024-03-31,7282000,10-Q,2024-04-24,2024,Q1
TYL,PaymentsToAcquirePropertyPlantAndEquipment,2025-01-01,2025-03-31,2335000,10-Q,2025-04-25,2025,Q1
TYL,PaymentsToAcquirePropertyPlantAndEquipment,2026-01-01,2026-03-31,3237000,10-Q,2026-04-29,2026,Q1
U,PaymentsToAcquirePropertyPlantAndEquipment,2020-01-01,2020-03-31,7566000,10-Q,2021-05-12,2021,Q1
U,PaymentsToAcquirePropertyPlantAndEquipment,2021-01-01,2021-03-31,11744000,10-Q,2021-05-12,2021,Q1
U,PaymentsToAcquirePropertyPlantAndEquipment,2022-01-01,2022-03-31,14929000,10-Q,2022-05-10,2022,Q1
U,PaymentsToAcquirePropertyPlantAndEquipment,2023-01-01,2023-03-31,14350000,10-Q,2023-05-10,2023,Q1
U,PaymentsToAcquirePropertyPlantAndEquipment,2024-01-01,2024-03-31,7190000,10-Q,2024-05-09,2024,Q1
U,PaymentsToAcquirePropertyPlantAndEquipment,2025-01-01,2025-03-31,5718000,10-Q,2025-05-07,2025,Q1
U,PaymentsToAcquirePropertyPlantAndEquipment,2026-01-01,2026-03-31,4829000,10-Q,2026-05-07,2026,Q1
UBER,PaymentsToAcquirePropertyPlantAndEquipment,2018-01-01,2018-03-31,90000000,10-Q,2019-06-04,2019,Q1
UBER,PaymentsToAcquirePropertyPlantAndEquipment,2019-01-01,2019-03-31,129000000,10-Q,2019-06-04,2019,Q1
UBER,PaymentsToAcquirePropertyPlantAndEquipment,2020-01-01,2020-03-31,198000000,10-Q,2020-05-08,2020,Q1
UBER,PaymentsToAcquirePropertyPlantAndEquipment,2021-01-01,2021-03-31,71000000,10-Q,2021-05-06,2021,Q1
UBER,PaymentsToAcquirePropertyPlantAndEquipment,2022-01-01,2022-03-31,62000000,10-Q,2022-05-05,2022,Q1
UBER,PaymentsToAcquirePropertyPlantAndEquipment,2023-01-01,2023-03-31,57000000,10-Q,2023-05-03,2023,Q1
UBER,PaymentsToAcquirePropertyPlantAndEquipment,2024-01-01,2024-03-31,57000000,10-Q,2024-05-08,2024,Q1
UBER,PaymentsToAcquirePropertyPlantAndEquipment,2025-01-01,2025-03-31,74000000,10-Q,2025-05-07,2025,Q1
UBER,PaymentsToAcquirePropertyPlantAndEquipment,2026-01-01,2026-03-31,65000000,10-Q,2026-05-06,2026,Q1
UIS,PaymentsToAcquirePropertyPlantAndEquipment,2010-01-01,2010-03-31,14800000,10-Q,2011-05-02,2011,Q1
UIS,PaymentsToAcquirePropertyPlantAndEquipment,2011-01-01,2011-03-31,15000000,10-Q,2011-05-02,2011,Q1
UIS,PaymentsToAcquirePropertyPlantAndEquipment,2012-01-01,2012-03-31,7900000,10-Q,2012-05-01,2012,Q1
UIS,PaymentsToAcquirePropertyPlantAndEquipment,2013-01-01,2013-03-31,3600000,10-Q,2013-05-03,2013,Q1
UIS,PaymentsToAcquirePropertyPlantAndEquipment,2014-01-01,2014-03-31,15200000,10-Q,2014-05-01,2014,Q1
UIS,PaymentsToAcquirePropertyPlantAndEquipment,2015-01-01,2015-03-31,13900000,10-Q,2015-04-30,2015,Q1
UIS,PaymentsToAcquirePropertyPlantAndEquipment,2016-01-01,2016-03-31,6600000,10-Q,2016-04-29,2016,Q1
UIS,PaymentsToAcquirePropertyPlantAndEquipment,2017-01-01,2017-03-31,8500000,10-Q,2017-04-28,2017,Q1
UIS,PaymentsToAcquirePropertyPlantAndEquipment,2018-01-01,2018-03-31,5100000,10-Q,2018-05-02,2018,Q1
UIS,PaymentsToAcquirePropertyPlantAndEquipment,2019-01-01,2019-03-31,10700000,10-Q,2019-05-03,2019,Q1
UIS,PaymentsToAcquirePropertyPlantAndEquipment,2020-01-01,2020-03-31,5600000,10-Q,2020-04-28,2020,Q1
UIS,PaymentsToAcquirePropertyPlantAndEquipment,2021-01-01,2021-03-31,5100000,10-Q,2021-05-06,2021,Q1
UIS,PaymentsToAcquirePropertyPlantAndEquipment,2022-01-01,2022-03-31,5200000,10-Q,2022-04-27,2022,Q1
UIS,PaymentsToAcquirePropertyPlantAndEquipment,2023-01-01,2023-03-31,7300000,10-Q,2023-05-02,2023,Q1
UIS,PaymentsToAcquirePropertyPlantAndEquipment,2024-01-01,2024-03-31,2200000,10-Q,2024-05-08,2024,Q1
UIS,PaymentsToAcquirePropertyPlantAndEquipment,2025-01-01,2025-03-31,8900000,10-Q,2025-05-01,2025,Q1
UIS,PaymentsToAcquirePropertyPlantAndEquipment,2026-01-01,2026-03-31,10700000,10-Q,2026-05-06,2026,Q1
ULS,PaymentsToAcquirePropertyPlantAndEquipment,2023-01-01,2023-03-31,63000000,10-Q,2024-05-20,2024,Q1
ULS,PaymentsToAcquirePropertyPlantAndEquipment,2024-01-01,2024-03-31,57000000,10-Q,2024-05-20,2024,Q1
ULS,PaymentsToAcquirePropertyPlantAndEquipment,2025-01-01,2025-03-31,51000000,10-Q,2025-05-06,2025,Q1
ULS,PaymentsToAcquirePropertyPlantAndEquipment,2026-01-01,2026-03-31,69000000,10-Q,2026-05-05,2026,Q1
UNH,PaymentsToAcquirePropertyPlantAndEquipment,2009-01-01,2009-03-31,160000000,10-Q,2010-05-05,2010,Q1
UNH,PaymentsToAcquirePropertyPlantAndEquipment,2010-01-01,2010-03-31,132000000,10-Q,2010-05-05,2010,Q1
UNH,PaymentsToAcquirePropertyPlantAndEquipment,2011-01-01,2011-03-31,213000000,10-Q,2012-05-03,2012,Q1
UNH,PaymentsToAcquirePropertyPlantAndEquipment,2012-01-01,2012-03-31,269000000,10-Q,2012-05-03,2012,Q1
UNH,PaymentsToAcquirePropertyPlantAndEquipment,2013-01-01,2013-03-31,323000000,10-Q,2013-05-06,2013,Q1
UNH,PaymentsToAcquirePropertyPlantAndEquipment,2014-01-01,2014-03-31,353000000,10-Q,2014-05-06,2014,Q1
UNH,PaymentsToAcquirePropertyPlantAndEquipment,2015-01-01,2015-03-31,373000000,10-Q,2015-05-06,2015,Q1
UNH,PaymentsToAcquirePropertyPlantAndEquipment,2016-01-01,2016-03-31,425000000,10-Q,2016-05-04,2016,Q1
UNH,PaymentsToAcquirePropertyPlantAndEquipment,2017-01-01,2017-03-31,507000000,10-Q,2017-05-08,2017,Q1
UNH,PaymentsToAcquirePropertyPlantAndEquipment,2018-01-01,2018-03-31,477000000,10-Q,2018-05-07,2018,Q1
UNH,PaymentsToAcquirePropertyPlantAndEquipment,2019-01-01,2019-03-31,562000000,10-Q,2019-05-07,2019,Q1
UNH,PaymentsToAcquirePropertyPlantAndEquipment,2020-01-01,2020-03-31,469000000,10-Q,2020-05-06,2020,Q1
UNH,PaymentsToAcquirePropertyPlantAndEquipment,2021-01-01,2021-03-31,568000000,10-Q,2021-05-05,2021,Q1
UNH,PaymentsToAcquirePropertyPlantAndEquipment,2022-01-01,2022-03-31,555000000,10-Q,2022-05-04,2022,Q1
UNH,PaymentsToAcquirePropertyPlantAndEquipment,2023-01-01,2023-03-31,760000000,10-Q,2023-05-03,2023,Q1
UNH,PaymentsToAcquirePropertyPlantAndEquipment,2024-01-01,2024-03-31,743000000,10-Q,2024-05-09,2024,Q1
UNH,PaymentsToAcquirePropertyPlantAndEquipment,2025-01-01,2025-03-31,898000000,10-Q,2025-05-07,2025,Q1
UNH,PaymentsToAcquirePropertyPlantAndEquipment,2026-01-01,2026-03-31,763000000,10-Q,2026-05-05,2026,Q1
UP,PaymentsToAcquirePropertyPlantAndEquipment,2021-01-01,2021-03-31,2273000,10-Q,2022-05-13,2022,Q1
UP,PaymentsToAcquirePropertyPlantAndEquipment,2022-01-01,2022-03-31,66343000,10-Q,2022-05-13,2022,Q1
UP,PaymentsToAcquirePropertyPlantAndEquipment,2023-01-01,2023-03-31,8750000,10-Q,2023-05-09,2023,Q1
UP,PaymentsToAcquirePropertyPlantAndEquipment,2024-01-01,2024-03-31,4022000,10-Q,2024-05-09,2024,Q1
UP,PaymentsToAcquirePropertyPlantAndEquipment,2025-01-01,2025-03-31,14704000,10-Q,2025-05-05,2025,Q1
UP,PaymentsToAcquirePropertyPlantAndEquipment,2026-01-01,2026-03-31,62361000,10-Q,2026-05-11,2026,Q1
UPLD,PaymentsToAcquirePropertyPlantAndEquipment,2014-01-01,2014-03-31,231000,10-Q,2015-05-15,2015,Q1
UPLD,PaymentsToAcquirePropertyPlantAndEquipment,2015-01-01,2015-03-31,192000,10-Q,2015-05-15,2015,Q1
UPLD,PaymentsToAcquirePropertyPlantAndEquipment,2016-01-01,2016-03-31,680000,10-Q,2016-05-13,2016,Q1
UPLD,PaymentsToAcquirePropertyPlantAndEquipment,2017-01-01,2017-03-31,348000,10-Q,2017-05-12,2017,Q1
UPLD,PaymentsToAcquirePropertyPlantAndEquipment,2018-01-01,2018-03-31,426000,10-Q,2018-05-10,2018,Q1
UPLD,PaymentsToAcquirePropertyPlantAndEquipment,2019-01-01,2019-03-31,173000,10-Q,2019-05-03,2019,Q1
UPLD,PaymentsToAcquirePropertyPlantAndEquipment,2020-01-01,2020-03-31,296000,10-Q,2020-05-08,2020,Q1
UPLD,PaymentsToAcquirePropertyPlantAndEquipment,2021-01-01,2021-03-31,282000,10-Q,2021-05-05,2021,Q1
UPLD,PaymentsToAcquirePropertyPlantAndEquipment,2022-01-01,2022-03-31,176000,10-Q,2022-05-04,2022,Q1
UPLD,PaymentsToAcquirePropertyPlantAndEquipment,2023-01-01,2023-03-31,215000,10-Q,2023-05-09,2023,Q1
UPLD,PaymentsToAcquirePropertyPlantAndEquipment,2024-01-01,2024-03-31,183000,10-Q,2024-05-02,2024,Q1
UPLD,PaymentsToAcquirePropertyPlantAndEquipment,2025-01-01,2025-03-31,424000,10-Q,2025-05-12,2025,Q1
UPLD,PaymentsToAcquirePropertyPlantAndEquipment,2026-01-01,2026-03-31,81000,10-Q,2026-05-01,2026,Q1
UPWK,PaymentsToAcquirePropertyPlantAndEquipment,2018-01-01,2018-03-31,462000,10-Q,2019-05-08,2019,Q1
UPWK,PaymentsToAcquirePropertyPlantAndEquipment,2019-01-01,2019-03-31,3604000,10-Q,2019-05-08,2019,Q1
UPWK,PaymentsToAcquirePropertyPlantAndEquipment,2020-01-01,2020-03-31,1288000,10-Q,2020-05-06,2020,Q1
UPWK,PaymentsToAcquirePropertyPlantAndEquipment,2021-01-01,2021-03-31,70000,10-Q,2021-05-04,2021,Q1
UPWK,PaymentsToAcquirePropertyPlantAndEquipment,2022-01-01,2022-03-31,193000,10-Q,2022-04-27,2022,Q1
UPWK,PaymentsToAcquirePropertyPlantAndEquipment,2023-01-01,2023-03-31,158000,10-Q,2023-05-03,2023,Q1
UPWK,PaymentsToAcquirePropertyPlantAndEquipment,2024-01-01,2024-03-31,177000,10-Q,2024-05-01,2024,Q1
UPWK,PaymentsToAcquirePropertyPlantAndEquipment,2025-01-01,2025-03-31,2472000,10-Q,2025-05-05,2025,Q1
UPWK,PaymentsToAcquirePropertyPlantAndEquipment,2026-01-01,2026-03-31,1723000,10-Q,2026-05-07,2026,Q1
USAC,PaymentsToAcquirePropertyPlantAndEquipment,2012-01-01,2012-03-31,43395440,10-Q,2013-05-10,2013,Q1
USAC,PaymentsToAcquirePropertyPlantAndEquipment,2013-01-01,2013-03-31,23354763,10-Q,2013-05-10,2013,Q1
USAC,PaymentsToAcquirePropertyPlantAndEquipment,2014-01-01,2014-03-31,86759000,10-Q,2014-05-07,2014,Q1
USAC,PaymentsToAcquirePropertyPlantAndEquipment,2015-01-01,2015-03-31,117774000,10-Q,2015-05-07,2015,Q1
USAC,PaymentsToAcquirePropertyPlantAndEquipment,2016-01-01,2016-03-31,16273000,10-Q,2016-05-05,2016,Q1
USAC,PaymentsToAcquirePropertyPlantAndEquipment,2017-01-01,2017-03-31,15926000,10-Q,2017-05-04,2017,Q1
USAC,PaymentsToAcquirePropertyPlantAndEquipment,2018-01-01,2018-03-31,35384000,10-Q,2018-05-09,2018,Q1
USAC,PaymentsToAcquirePropertyPlantAndEquipment,2019-01-01,2019-03-31,36339000,10-Q,2019-05-07,2019,Q1
USAC,PaymentsToAcquirePropertyPlantAndEquipment,2020-01-01,2020-03-31,45275000,10-Q,2020-05-05,2020,Q1
USAC,PaymentsToAcquirePropertyPlantAndEquipment,2021-01-01,2021-03-31,6185000,10-Q,2021-05-04,2021,Q1
USAC,PaymentsToAcquirePropertyPlantAndEquipment,2022-01-01,2022-03-31,20230000,10-Q,2022-05-03,2022,Q1
USAC,PaymentsToAcquirePropertyPlantAndEquipment,2023-01-01,2023-03-31,41397000,10-Q,2023-05-02,2023,Q1
USAC,PaymentsToAcquirePropertyPlantAndEquipment,2024-01-01,2024-03-31,98613000,10-Q,2024-05-07,2024,Q1
USAC,PaymentsToAcquirePropertyPlantAndEquipment,2025-01-01,2025-03-31,18368000,10-Q,2025-05-06,2025,Q1
USAC,PaymentsToAcquirePropertyPlantAndEquipment,2026-01-01,2026-03-31,24238000,10-Q,2026-05-07,2026,Q1
USDP,PaymentsToAcquirePropertyPlantAndEquipment,2014-01-01,2014-03-31,13776000,10-Q,2015-05-14,2015,Q1
USDP,PaymentsToAcquirePropertyPlantAndEquipment,2015-01-01,2015-03-31,422000,10-Q,2015-05-14,2015,Q1
USDP,PaymentsToAcquirePropertyPlantAndEquipment,2016-01-01,2016-03-31,273000,10-Q,2016-05-05,2016,Q1
USDP,PaymentsToAcquirePropertyPlantAndEquipment,2017-01-01,2017-03-31,126000,10-Q,2017-05-04,2017,Q1
USDP,PaymentsToAcquirePropertyPlantAndEquipment,2018-01-01,2018-03-31,78000,10-Q,2018-05-08,2018,Q1
USDP,PaymentsToAcquirePropertyPlantAndEquipment,2019-01-01,2019-03-31,244000,10-Q,2019-05-07,2019,Q1
USDP,PaymentsToAcquirePropertyPlantAndEquipment,2020-01-01,2020-03-31,147000,10-Q,2020-05-07,2020,Q1
USDP,PaymentsToAcquirePropertyPlantAndEquipment,2021-01-01,2021-03-31,483000,10-Q,2021-05-06,2021,Q1
USDP,PaymentsToAcquirePropertyPlantAndEquipment,2022-01-01,2022-03-31,135000,10-Q,2022-05-05,2022,Q1
USDP,PaymentsToAcquirePropertyPlantAndEquipment,2023-01-01,2023-03-31,375000,10-Q,2023-05-04,2023,Q1
VAL,PaymentsToAcquirePropertyPlantAndEquipment,2009-01-01,2009-03-31,183900000,10-Q,2010-04-22,2010,Q1
VAL,PaymentsToAcquirePropertyPlantAndEquipment,2010-01-01,2010-03-31,167700000,10-Q,2010-04-22,2010,Q1
VAL,PaymentsToAcquirePropertyPlantAndEquipment,2011-01-01,2011-03-31,131000000,10-Q,2011-04-29,2011,Q1
VAL,PaymentsToAcquirePropertyPlantAndEquipment,2012-01-01,2012-03-31,764100000,10-Q,2012-05-03,2012,Q1
VAL,PaymentsToAcquirePropertyPlantAndEquipment,2013-01-01,2013-03-31,168300000,10-Q,2013-04-30,2013,Q1
VAL,PaymentsToAcquirePropertyPlantAndEquipment,2014-01-01,2014-03-31,274100000,10-Q,2014-04-29,2014,Q1
VAL,PaymentsToAcquirePropertyPlantAndEquipment,2015-01-01,2015-03-31,397100000,10-Q,2015-04-30,2015,Q1
VAL,PaymentsToAcquirePropertyPlantAndEquipment,2016-01-01,2016-03-31,158100000,10-Q,2016-04-28,2016,Q1
VAL,PaymentsToAcquirePropertyPlantAndEquipment,2017-01-01,2017-03-31,282600000,10-Q,2017-04-27,2017,Q1
VAL,PaymentsToAcquirePropertyPlantAndEquipment,2018-01-01,2018-03-31,269300000,10-Q,2018-04-26,2018,Q1
VAL,PaymentsToAcquirePropertyPlantAndEquipment,2019-01-01,2019-03-31,29000000,10-Q,2019-05-02,2019,Q1
VAL,PaymentsToAcquirePropertyPlantAndEquipment,2020-01-01,2020-03-31,36300000,10-Q,2020-04-30,2020,Q2
VAL,PaymentsToAcquirePropertyPlantAndEquipment,2021-01-01,2021-03-31,6000000,10-Q,2021-04-28,2021,Q1
VAL,PaymentsToAcquirePropertyPlantAndEquipment,2022-01-01,2022-03-31,38500000,10-Q,2022-05-03,2022,Q1
VAL,PaymentsToAcquirePropertyPlantAndEquipment,2023-01-01,2023-03-31,56300000,10-Q,2023-05-02,2023,Q1
VAL,PaymentsToAcquirePropertyPlantAndEquipment,2024-01-01,2024-03-31,151300000,10-Q,2024-05-02,2024,Q1
VAL,PaymentsToAcquirePropertyPlantAndEquipment,2025-01-01,2025-03-31,100200000,10-Q,2025-05-01,2025,Q1
VAL,PaymentsToAcquirePropertyPlantAndEquipment,2026-01-01,2026-03-31,100900000,10-Q,2026-05-05,2026,Q1
VASO,PaymentsToAcquirePropertyPlantAndEquipment,2010-06-01,2010-08-31,103220,10-Q,2011-10-17,2012,Q1
VASO,PaymentsToAcquirePropertyPlantAndEquipment,2011-01-01,2011-03-31,0,10-Q,2012-05-15,2012,Q1
VASO,PaymentsToAcquirePropertyPlantAndEquipment,2011-06-01,2011-08-31,16144,10-Q,2011-10-17,2012,Q1
VASO,PaymentsToAcquirePropertyPlantAndEquipment,2012-01-01,2012-03-31,113000,10-Q,2012-05-15,2012,Q1
VASO,PaymentsToAcquirePropertyPlantAndEquipment,2013-01-01,2013-03-31,12000,10-Q,2013-05-15,2013,Q1
VASO,PaymentsToAcquirePropertyPlantAndEquipment,2014-01-01,2014-03-31,136000,10-Q,2014-05-14,2014,Q1
VASO,PaymentsToAcquirePropertyPlantAndEquipment,2015-01-01,2015-03-31,45000,10-Q,2015-05-14,2015,Q1
VASO,PaymentsToAcquirePropertyPlantAndEquipment,2015-07-01,2015-09-30,431000,10-Q,2016-11-14,2016,Q3
VASO,PaymentsToAcquirePropertyPlantAndEquipment,2016-01-01,2016-03-31,329000,10-Q,2016-05-13,2016,Q1
VASO,PaymentsToAcquirePropertyPlantAndEquipment,2016-04-01,2016-06-30,578000,10-Q,2017-08-14,2017,Q2
VASO,PaymentsToAcquirePropertyPlantAndEquipment,2016-07-01,2016-09-30,505000,10-Q,2016-11-14,2016,Q3
VASO,PaymentsToAcquirePropertyPlantAndEquipment,2017-01-01,2017-03-31,839000,10-Q,2017-05-15,2017,Q1
VASO,PaymentsToAcquirePropertyPlantAndEquipment,2017-04-01,2017-06-30,484000,10-Q,2017-08-14,2017,Q2
VASO,PaymentsToAcquirePropertyPlantAndEquipment,2017-07-01,2017-09-30,657000,10-Q,2017-11-14,2017,Q3
VASO,PaymentsToAcquirePropertyPlantAndEquipment,2018-01-01,2018-03-31,279000,10-Q,2018-05-15,2018,Q1
VASO,PaymentsToAcquirePropertyPlantAndEquipment,2018-04-01,2018-06-30,796000,10-Q,2018-08-14,2018,Q2
VASO,PaymentsToAcquirePropertyPlantAndEquipment,2018-07-01,2018-09-30,1093000,10-Q,2018-11-14,2018,Q3
VASO,PaymentsToAcquirePropertyPlantAndEquipment,2019-01-01,2019-03-31,410000,10-Q,2019-05-15,2019,Q1
VASO,PaymentsToAcquirePropertyPlantAndEquipment,2019-04-01,2019-06-30,435000,10-Q,2019-08-14,2019,Q2
VASO,PaymentsToAcquirePropertyPlantAndEquipment,2019-07-01,2019-09-30,175000,10-Q,2019-11-14,2019,Q3
VASO,PaymentsToAcquirePropertyPlantAndEquipment,2020-01-01,2020-03-31,172000,10-Q,2020-06-04,2020,Q1
VASO,PaymentsToAcquirePropertyPlantAndEquipment,2020-04-01,2020-06-30,263000,10-Q,2020-08-14,2020,Q2
VASO,PaymentsToAcquirePropertyPlantAndEquipment,2020-07-01,2020-09-30,185000,10-Q,2020-11-13,2020,Q3
VASO,PaymentsToAcquirePropertyPlantAndEquipment,2021-01-01,2021-03-31,59000,10-Q,2021-06-04,2021,Q1
VASO,PaymentsToAcquirePropertyPlantAndEquipment,2021-04-01,2021-06-30,65000,10-Q,2022-08-15,2022,Q2
VASO,PaymentsToAcquirePropertyPlantAndEquipment,2022-04-01,2022-06-30,163000,10-Q,2022-08-15,2022,Q2
VECO,PaymentsToAcquirePropertyPlantAndEquipment,2010-01-01,2010-03-31,1010000,10-Q,2011-04-29,2011,Q1
VECO,PaymentsToAcquirePropertyPlantAndEquipment,2011-01-01,2011-03-31,9402000,10-Q,2011-04-29,2011,Q1
VECO,PaymentsToAcquirePropertyPlantAndEquipment,2012-01-01,2012-03-31,8455000,10-Q,2012-05-09,2012,Q1
VECO,PaymentsToAcquirePropertyPlantAndEquipment,2013-01-01,2013-03-31,1619000,10-Q,2013-11-04,2013,Q1
VECO,PaymentsToAcquirePropertyPlantAndEquipment,2014-01-01,2014-03-31,2138000,10-Q,2014-05-05,2014,Q1
VECO,PaymentsToAcquirePropertyPlantAndEquipment,2015-01-01,2015-03-31,4781000,10-Q,2015-05-06,2015,Q1
VECO,PaymentsToAcquirePropertyPlantAndEquipment,2016-01-01,2016-03-31,3988000,10-Q,2016-05-04,2016,Q1
VECO,PaymentsToAcquirePropertyPlantAndEquipment,2017-01-01,2017-03-31,4187000,10-Q,2017-05-05,2017,Q1
VECO,PaymentsToAcquirePropertyPlantAndEquipment,2018-01-01,2018-03-31,2259000,10-Q,2018-05-07,2018,Q1
VECO,PaymentsToAcquirePropertyPlantAndEquipment,2019-01-01,2019-03-31,2180000,10-Q,2019-05-07,2019,Q1
VECO,PaymentsToAcquirePropertyPlantAndEquipment,2020-01-01,2020-03-31,1070000,10-Q,2020-05-07,2020,Q1
VECO,PaymentsToAcquirePropertyPlantAndEquipment,2021-01-01,2021-03-31,1953000,10-Q,2021-05-04,2021,Q1
VECO,PaymentsToAcquirePropertyPlantAndEquipment,2022-01-01,2022-03-31,10918000,10-Q,2022-05-09,2022,Q1
VECO,PaymentsToAcquirePropertyPlantAndEquipment,2023-01-01,2023-03-31,6946000,10-Q,2023-05-08,2023,Q1
VECO,PaymentsToAcquirePropertyPlantAndEquipment,2024-01-01,2024-03-31,5990000,10-Q,2024-05-07,2024,Q1
VECO,PaymentsToAcquirePropertyPlantAndEquipment,2025-01-01,2025-03-31,6755000,10-Q,2025-05-07,2025,Q1
VECO,PaymentsToAcquirePropertyPlantAndEquipment,2026-01-01,2026-03-31,5103000,10-Q,2026-05-05,2026,Q1
VERI,PaymentsToAcquirePropertyPlantAndEquipment,2018-01-01,2018-03-31,1693000,10-Q,2018-05-08,2018,Q1
VERI,PaymentsToAcquirePropertyPlantAndEquipment,2019-01-01,2019-03-31,98000,10-Q,2019-05-09,2019,Q1
VERI,PaymentsToAcquirePropertyPlantAndEquipment,2020-01-01,2020-03-31,9000,10-Q,2020-05-11,2020,Q1
VERI,PaymentsToAcquirePropertyPlantAndEquipment,2021-01-01,2021-03-31,100000,10-Q,2021-05-06,2021,Q1
VERI,PaymentsToAcquirePropertyPlantAndEquipment,2022-01-01,2022-03-31,735000,10-Q,2022-05-10,2022,Q1
VERI,PaymentsToAcquirePropertyPlantAndEquipment,2023-01-01,2023-03-31,1447000,10-Q,2023-05-10,2023,Q1
VERI,PaymentsToAcquirePropertyPlantAndEquipment,2024-01-01,2024-03-31,1901000,10-Q,2024-05-10,2024,Q1
VERI,PaymentsToAcquirePropertyPlantAndEquipment,2025-01-01,2025-03-31,1353000,10-Q,2025-05-12,2025,Q1
VERI,PaymentsToAcquirePropertyPlantAndEquipment,2026-01-01,2026-03-31,534000,10-Q,2026-05-14,2026,Q1
VERO,PaymentsToAcquirePropertyPlantAndEquipment,2017-01-01,2017-03-31,98000,10-Q,2018-05-14,2018,Q1
VERO,PaymentsToAcquirePropertyPlantAndEquipment,2018-01-01,2018-03-31,260000,10-Q,2018-05-14,2018,Q1
VERO,PaymentsToAcquirePropertyPlantAndEquipment,2019-01-01,2019-03-31,346000,10-Q,2019-05-15,2019,Q1
VERO,PaymentsToAcquirePropertyPlantAndEquipment,2020-01-01,2020-03-31,61000,10-Q,2020-05-14,2020,Q1
VERO,PaymentsToAcquirePropertyPlantAndEquipment,2021-01-01,2021-03-31,53000,10-Q,2021-05-17,2021,Q1
VERO,PaymentsToAcquirePropertyPlantAndEquipment,2022-01-01,2022-03-31,157000,10-Q,2022-05-12,2022,Q1
VERO,PaymentsToAcquirePropertyPlantAndEquipment,2023-01-01,2023-03-31,70000,10-Q,2023-05-15,2023,Q1
VERO,PaymentsToAcquirePropertyPlantAndEquipment,2024-01-01,2024-03-31,25000,10-Q,2024-05-15,2024,Q1
VERO,PaymentsToAcquirePropertyPlantAndEquipment,2025-01-01,2025-03-31,35000,10-Q,2025-05-15,2025,Q1
VIAV,PaymentsToAcquirePropertyPlantAndEquipment,2009-06-28,2009-10-03,5900000,10-Q,2010-11-12,2011,Q1
VIAV,PaymentsToAcquirePropertyPlantAndEquipment,2010-07-04,2010-10-02,23300000,10-Q,2010-11-12,2011,Q1
VIAV,PaymentsToAcquirePropertyPlantAndEquipment,2011-07-03,2011-10-01,21200000,10-Q,2011-11-09,2012,Q1
VIAV,PaymentsToAcquirePropertyPlantAndEquipment,2012-07-01,2012-09-29,17800000,10-Q,2012-11-08,2013,Q1
VIAV,PaymentsToAcquirePropertyPlantAndEquipment,2013-06-30,2013-09-28,12400000,10-Q,2013-11-06,2014,Q1
VIAV,PaymentsToAcquirePropertyPlantAndEquipment,2014-06-29,2014-09-27,26500000,10-Q,2014-11-04,2015,Q1
VIAV,PaymentsToAcquirePropertyPlantAndEquipment,2015-06-28,2015-10-03,14200000,10-Q,2015-11-12,2016,Q1
VIAV,PaymentsToAcquirePropertyPlantAndEquipment,2016-07-03,2016-10-01,11600000,10-Q,2016-11-08,2017,Q1
VIAV,PaymentsToAcquirePropertyPlantAndEquipment,2017-07-02,2017-09-30,8400000,10-Q,2017-11-08,2018,Q1
VIAV,PaymentsToAcquirePropertyPlantAndEquipment,2018-07-01,2018-09-29,12100000,10-Q,2018-11-07,2019,Q1
VIAV,PaymentsToAcquirePropertyPlantAndEquipment,2019-06-30,2019-09-28,7100000,10-Q,2019-11-05,2020,Q1
VIAV,PaymentsToAcquirePropertyPlantAndEquipment,2020-06-28,2020-10-03,8000000,10-Q,2020-11-10,2021,Q1
VIAV,PaymentsToAcquirePropertyPlantAndEquipment,2021-07-04,2021-10-02,15700000,10-Q,2021-11-08,2022,Q1
VIAV,PaymentsToAcquirePropertyPlantAndEquipment,2022-07-03,2022-10-01,14800000,10-Q,2022-11-04,2023,Q1
VIAV,PaymentsToAcquirePropertyPlantAndEquipment,2023-07-02,2023-09-30,6700000,10-Q,2023-11-03,2024,Q1
VIAV,PaymentsToAcquirePropertyPlantAndEquipment,2024-06-30,2024-09-28,7300000,10-Q,2024-11-01,2025,Q1
VIAV,PaymentsToAcquirePropertyPlantAndEquipment,2025-06-29,2025-09-27,8500000,10-Q,2025-10-30,2026,Q1
VMI,PaymentsToAcquirePropertyPlantAndEquipment,2009-12-27,2010-03-27,4555000,10-Q,2011-04-29,2011,Q1
VMI,PaymentsToAcquirePropertyPlantAndEquipment,2010-12-26,2011-03-26,12609000,10-Q,2011-04-29,2011,Q1
VMI,PaymentsToAcquirePropertyPlantAndEquipment,2012-01-01,2012-03-31,20134000,10-Q,2012-04-30,2012,Q1
VMI,PaymentsToAcquirePropertyPlantAndEquipment,2012-12-30,2013-03-30,21845000,10-Q,2013-05-02,2013,Q1
VMI,PaymentsToAcquirePropertyPlantAndEquipment,2013-12-29,2014-03-29,23526000,10-Q,2014-04-30,2014,Q1
VMI,PaymentsToAcquirePropertyPlantAndEquipment,2014-12-28,2015-03-28,16615000,10-Q,2015-04-30,2015,Q1
VMI,PaymentsToAcquirePropertyPlantAndEquipment,2015-12-27,2016-03-26,13961000,10-Q,2016-04-28,2016,Q1
VMI,PaymentsToAcquirePropertyPlantAndEquipment,2017-01-01,2017-04-01,14168000,10-Q,2017-04-28,2017,Q1
VMI,PaymentsToAcquirePropertyPlantAndEquipment,2017-12-31,2018-03-31,16248000,10-Q,2018-04-27,2017,Q1
VMI,PaymentsToAcquirePropertyPlantAndEquipment,2018-12-30,2019-03-30,21109000,10-Q,2019-05-02,2018,Q1
VMI,PaymentsToAcquirePropertyPlantAndEquipment,2019-12-29,2020-03-28,23580000,10-Q,2020-04-29,2020,Q1
VMI,PaymentsToAcquirePropertyPlantAndEquipment,2020-12-27,2021-03-27,27565000,10-Q,2021-04-29,2021,Q1
VMI,PaymentsToAcquirePropertyPlantAndEquipment,2021-12-26,2022-03-26,27095000,10-Q,2022-04-27,2021,Q1
VMI,PaymentsToAcquirePropertyPlantAndEquipment,2023-01-01,2023-04-01,22361000,10-Q,2023-04-26,2023,Q1
VMI,PaymentsToAcquirePropertyPlantAndEquipment,2023-12-31,2024-03-30,15010000,10-Q,2024-05-08,2024,Q1
VMI,PaymentsToAcquirePropertyPlantAndEquipment,2024-12-29,2025-03-29,30319000,10-Q,2025-04-30,2025,Q1
VMI,PaymentsToAcquirePropertyPlantAndEquipment,2025-12-28,2026-03-28,34568000,10-Q,2026-04-28,2026,Q1
VNT,PaymentsToAcquirePropertyPlantAndEquipment,2020-01-01,2020-03-27,7500000,10-Q,2021-05-07,2021,Q1
VNT,PaymentsToAcquirePropertyPlantAndEquipment,2021-01-01,2021-04-02,11000000,10-Q,2021-05-07,2021,Q1
VNT,PaymentsToAcquirePropertyPlantAndEquipment,2022-01-01,2022-04-01,12900000,10-Q,2022-05-06,2022,Q1
VNT,PaymentsToAcquirePropertyPlantAndEquipment,2023-01-01,2023-03-31,13700000,10-Q,2023-05-05,2023,Q1
VNT,PaymentsToAcquirePropertyPlantAndEquipment,2024-01-01,2024-03-29,20200000,10-Q,2024-05-02,2024,Q1
VNT,PaymentsToAcquirePropertyPlantAndEquipment,2025-01-01,2025-03-28,17700000,10-Q,2025-05-01,2025,Q1
VNT,PaymentsToAcquirePropertyPlantAndEquipment,2026-01-01,2026-04-03,21700000,10-Q,2026-05-07,2026,Q1
VREX,PaymentsToAcquirePropertyPlantAndEquipment,2015-10-03,2016-01-01,10500000,10-Q,2017-03-03,2017,Q1
VREX,PaymentsToAcquirePropertyPlantAndEquipment,2016-10-01,2016-12-30,5000000,10-Q,2017-03-03,2017,Q1
VREX,PaymentsToAcquirePropertyPlantAndEquipment,2017-09-30,2017-12-29,2600000,10-Q,2018-02-07,2018,Q1
VREX,PaymentsToAcquirePropertyPlantAndEquipment,2018-09-29,2018-12-28,3400000,10-Q,2019-02-06,2019,Q1
VREX,PaymentsToAcquirePropertyPlantAndEquipment,2019-09-28,2020-01-03,8100000,10-Q,2020-02-18,2020,Q1
VREX,PaymentsToAcquirePropertyPlantAndEquipment,2020-10-03,2021-01-01,4400000,10-Q,2021-02-05,2021,Q1
VREX,PaymentsToAcquirePropertyPlantAndEquipment,2021-10-02,2021-12-31,4100000,10-Q,2022-02-08,2022,Q1
VREX,PaymentsToAcquirePropertyPlantAndEquipment,2022-10-01,2022-12-30,5500000,10-Q,2023-01-31,2023,Q1
VREX,PaymentsToAcquirePropertyPlantAndEquipment,2023-09-30,2023-12-29,10400000,10-Q,2024-02-06,2024,Q1
VREX,PaymentsToAcquirePropertyPlantAndEquipment,2024-09-28,2025-01-03,4200000,10-Q,2025-02-06,2025,Q1
VREX,PaymentsToAcquirePropertyPlantAndEquipment,2025-10-04,2026-01-02,10700000,10-Q,2026-02-10,2026,Q1
VRNS,PaymentsToAcquirePropertyPlantAndEquipment,2013-01-01,2013-03-31,230000,10-Q,2014-05-08,2014,Q1
VRNS,PaymentsToAcquirePropertyPlantAndEquipment,2014-01-01,2014-03-31,608000,10-Q,2014-05-08,2014,Q1
VRNS,PaymentsToAcquirePropertyPlantAndEquipment,2015-01-01,2015-03-31,473000,10-Q,2015-05-07,2015,Q1
VRNS,PaymentsToAcquirePropertyPlantAndEquipment,2016-01-01,2016-03-31,722000,10-Q,2016-05-05,2016,Q1
VRNS,PaymentsToAcquirePropertyPlantAndEquipment,2017-01-01,2017-03-31,1498000,10-Q,2017-05-05,2017,Q1
VRNS,PaymentsToAcquirePropertyPlantAndEquipment,2018-01-01,2018-03-31,1081000,10-Q,2018-05-01,2018,Q1
VRNS,PaymentsToAcquirePropertyPlantAndEquipment,2019-01-01,2019-03-31,5103000,10-Q,2019-04-30,2019,Q1
VRNS,PaymentsToAcquirePropertyPlantAndEquipment,2020-01-01,2020-03-31,2609000,10-Q,2020-05-05,2020,Q1
VRNS,PaymentsToAcquirePropertyPlantAndEquipment,2021-01-01,2021-03-31,1116000,10-Q,2021-05-04,2021,Q1
VRNS,PaymentsToAcquirePropertyPlantAndEquipment,2022-01-01,2022-03-31,3495000,10-Q,2022-05-03,2022,Q1
VRNS,PaymentsToAcquirePropertyPlantAndEquipment,2023-01-01,2023-03-31,1110000,10-Q,2023-05-02,2023,Q1
VRNS,PaymentsToAcquirePropertyPlantAndEquipment,2024-01-01,2024-03-31,297000,10-Q,2024-05-07,2024,Q1
VRNS,PaymentsToAcquirePropertyPlantAndEquipment,2025-01-01,2025-03-31,2339000,10-Q,2025-05-07,2025,Q1
VRNS,PaymentsToAcquirePropertyPlantAndEquipment,2026-01-01,2026-03-31,4971000,10-Q,2026-04-29,2026,Q1
VRRM,PaymentsToAcquirePropertyPlantAndEquipment,2018-01-01,2018-03-31,5885000,10-Q,2019-05-07,2019,Q1
VRRM,PaymentsToAcquirePropertyPlantAndEquipment,2019-01-01,2019-03-31,9219000,10-Q,2019-05-07,2019,Q1
VRRM,PaymentsToAcquirePropertyPlantAndEquipment,2020-01-01,2020-03-31,8141000,10-Q,2020-05-11,2020,Q1
VRRM,PaymentsToAcquirePropertyPlantAndEquipment,2021-01-01,2021-03-31,3704000,10-Q,2021-05-17,2021,Q1
VRRM,PaymentsToAcquirePropertyPlantAndEquipment,2022-01-01,2022-03-31,11478000,10-Q,2022-05-09,2022,Q1
VRRM,PaymentsToAcquirePropertyPlantAndEquipment,2023-01-01,2023-03-31,18372000,10-Q,2023-05-04,2023,Q1
VRRM,PaymentsToAcquirePropertyPlantAndEquipment,2024-01-01,2024-03-31,14279000,10-Q,2024-05-02,2024,Q1
VRRM,PaymentsToAcquirePropertyPlantAndEquipment,2025-01-01,2025-03-31,21243000,10-Q,2025-05-07,2025,Q1
VRRM,PaymentsToAcquirePropertyPlantAndEquipment,2026-01-01,2026-03-31,31199000,10-Q,2026-05-06,2026,Q1
VSAT,PaymentsToAcquirePropertyPlantAndEquipment,2009-04-04,2009-07-03,31734000,10-Q,2010-08-11,2010,Q1
VSAT,PaymentsToAcquirePropertyPlantAndEquipment,2010-04-03,2010-07-02,41306000,10-Q,2010-08-11,2010,Q1
VSAT,PaymentsToAcquirePropertyPlantAndEquipment,2011-04-02,2011-07-01,36567000,10-Q,2011-08-10,2011,Q1
VSAT,PaymentsToAcquirePropertyPlantAndEquipment,2012-03-31,2012-06-29,36882000,10-Q,2012-08-08,2012,Q1
VSAT,PaymentsToAcquirePropertyPlantAndEquipment,2013-03-30,2013-06-28,73030000,10-Q,2013-08-07,2013,Q1
VSAT,PaymentsToAcquirePropertyPlantAndEquipment,2014-04-05,2014-07-04,85513000,10-Q,2014-08-13,2015,Q1
VSAT,PaymentsToAcquirePropertyPlantAndEquipment,2015-04-04,2015-06-30,65954000,10-Q,2015-08-10,2016,Q1
VSAT,PaymentsToAcquirePropertyPlantAndEquipment,2016-04-01,2016-06-30,120577000,10-Q,2016-08-09,2017,Q1
VSAT,PaymentsToAcquirePropertyPlantAndEquipment,2017-04-01,2017-06-30,109820000,10-Q,2017-08-09,2018,Q1
VSAT,PaymentsToAcquirePropertyPlantAndEquipment,2018-04-01,2018-06-30,146633000,10-Q,2018-08-09,2019,Q1
VSAT,PaymentsToAcquirePropertyPlantAndEquipment,2019-04-01,2019-06-30,166115000,10-Q,2019-08-09,2020,Q1
VSAT,PaymentsToAcquirePropertyPlantAndEquipment,2020-04-01,2020-06-30,208722000,10-Q,2020-08-07,2021,Q1
VSAT,PaymentsToAcquirePropertyPlantAndEquipment,2021-04-01,2021-06-30,246164000,10-Q,2021-08-09,2022,Q1
VSAT,PaymentsToAcquirePropertyPlantAndEquipment,2022-04-01,2022-06-30,246854000,10-Q,2022-08-09,2023,Q1
VSAT,PaymentsToAcquirePropertyPlantAndEquipment,2023-04-01,2023-06-30,374926000,10-Q,2023-08-09,2023,Q1
VSEC,PaymentsToAcquirePropertyPlantAndEquipment,2011-01-01,2011-03-31,904000,10-Q,2012-05-01,2012,Q1
VSEC,PaymentsToAcquirePropertyPlantAndEquipment,2012-01-01,2012-03-31,8620000,10-Q,2012-05-01,2012,Q1
VSEC,PaymentsToAcquirePropertyPlantAndEquipment,2013-01-01,2013-03-31,1631000,10-Q,2013-05-02,2013,Q1
VSEC,PaymentsToAcquirePropertyPlantAndEquipment,2014-01-01,2014-03-31,859000,10-Q,2014-05-01,2014,Q1
VSEC,PaymentsToAcquirePropertyPlantAndEquipment,2015-01-01,2015-03-31,3384000,10-Q,2015-05-01,2015,Q1
VSEC,PaymentsToAcquirePropertyPlantAndEquipment,2016-01-01,2016-03-31,1428000,10-Q,2016-04-29,2016,Q1
VSEC,PaymentsToAcquirePropertyPlantAndEquipment,2017-01-01,2017-03-31,414000,10-Q,2017-04-28,2017,Q1
VSEC,PaymentsToAcquirePropertyPlantAndEquipment,2018-01-01,2018-03-31,1053000,10-Q,2018-05-02,2018,Q1
VSEC,PaymentsToAcquirePropertyPlantAndEquipment,2019-01-01,2019-03-31,601000,10-Q,2019-05-03,2019,Q1
VSEC,PaymentsToAcquirePropertyPlantAndEquipment,2020-01-01,2020-03-31,724000,10-Q,2020-05-01,2020,Q1
VSEC,PaymentsToAcquirePropertyPlantAndEquipment,2021-01-01,2021-03-31,2109000,10-Q,2021-04-29,2021,Q1
VSEC,PaymentsToAcquirePropertyPlantAndEquipment,2022-01-01,2022-03-31,1269000,10-Q,2022-04-29,2022,Q1
VSEC,PaymentsToAcquirePropertyPlantAndEquipment,2023-01-01,2023-03-31,2840000,10-Q,2023-05-03,2023,Q1
VSEC,PaymentsToAcquirePropertyPlantAndEquipment,2024-01-01,2024-03-31,7729000,10-Q,2024-05-09,2024,Q1
VSEC,PaymentsToAcquirePropertyPlantAndEquipment,2025-01-01,2025-03-31,2875000,10-Q,2025-05-07,2025,Q1
VSEC,PaymentsToAcquirePropertyPlantAndEquipment,2026-01-01,2026-03-31,6457000,10-Q,2026-05-08,2026,Q1
VST,PaymentsToAcquirePropertyPlantAndEquipment,2016-10-03,2016-12-31,48000000,10-K,2019-02-28,2018,Q4
VST,PaymentsToAcquirePropertyPlantAndEquipment,2017-01-01,2017-03-31,31000000,10-Q,2018-05-04,2018,Q1
VST,PaymentsToAcquirePropertyPlantAndEquipment,2018-01-01,2018-03-31,39000000,10-Q,2018-05-04,2018,Q1
VST,PaymentsToAcquirePropertyPlantAndEquipment,2019-01-01,2019-03-31,118000000,10-Q,2019-05-03,2019,Q1
VST,PaymentsToAcquirePropertyPlantAndEquipment,2020-01-01,2020-03-31,261000000,10-Q,2020-05-05,2020,Q1
VST,PaymentsToAcquirePropertyPlantAndEquipment,2021-01-01,2021-03-31,192000000,10-Q,2021-05-04,2021,Q1
VST,PaymentsToAcquirePropertyPlantAndEquipment,2022-01-01,2022-03-31,373000000,10-Q,2022-05-06,2022,Q1
VST,PaymentsToAcquirePropertyPlantAndEquipment,2023-01-01,2023-03-31,484000000,10-Q,2023-05-09,2023,Q1
VST,PaymentsToAcquirePropertyPlantAndEquipment,2024-01-01,2024-03-31,465000000,10-Q,2024-05-10,2024,Q1
VST,PaymentsToAcquirePropertyPlantAndEquipment,2025-01-01,2025-03-31,768000000,10-Q,2025-05-08,2025,Q1
VST,PaymentsToAcquirePropertyPlantAndEquipment,2026-01-01,2026-03-31,883000000,10-Q,2026-05-08,2026,Q1
VTOL,PaymentsToAcquirePropertyPlantAndEquipment,2012-01-01,2012-03-31,54272000,10-Q,2013-05-15,2013,Q1
VTOL,PaymentsToAcquirePropertyPlantAndEquipment,2013-01-01,2013-03-31,19445000,10-Q,2013-05-15,2013,Q1
VTOL,PaymentsToAcquirePropertyPlantAndEquipment,2014-01-01,2014-03-31,18751000,10-Q,2014-05-06,2014,Q1
VTOL,PaymentsToAcquirePropertyPlantAndEquipment,2015-01-01,2015-03-31,8866000,10-Q,2015-05-06,2015,Q1
VTOL,PaymentsToAcquirePropertyPlantAndEquipment,2016-01-01,2016-03-31,2145000,10-Q,2016-05-04,2016,Q1
VTOL,PaymentsToAcquirePropertyPlantAndEquipment,2017-01-01,2017-03-31,1005000,10-Q,2017-05-02,2016,Q1
VTOL,PaymentsToAcquirePropertyPlantAndEquipment,2018-01-01,2018-03-31,3784000,10-Q,2018-05-01,2018,Q1
VTOL,PaymentsToAcquirePropertyPlantAndEquipment,2019-01-01,2019-03-31,1312000,10-Q,2019-05-07,2019,Q1
VTOL,PaymentsToAcquirePropertyPlantAndEquipment,2020-01-01,2020-03-31,400000,10-Q,2020-05-05,2020,Q1
VUZI,PaymentsToAcquirePropertyPlantAndEquipment,2011-01-01,2011-03-31,128801,10-Q,2012-05-16,2012,Q1
VUZI,PaymentsToAcquirePropertyPlantAndEquipment,2012-01-01,2012-03-31,37036,10-Q,2012-05-16,2012,Q1
VUZI,PaymentsToAcquirePropertyPlantAndEquipment,2013-01-01,2013-03-31,9051,10-Q,2013-05-15,2013,Q1
VUZI,PaymentsToAcquirePropertyPlantAndEquipment,2014-01-01,2014-03-31,57009,10-Q,2014-05-15,2014,Q1
VUZI,PaymentsToAcquirePropertyPlantAndEquipment,2015-01-01,2015-03-31,18310,10-Q,2015-05-12,2015,Q1
VUZI,PaymentsToAcquirePropertyPlantAndEquipment,2016-01-01,2016-03-31,411440,10-Q,2016-05-12,2016,Q1
VUZI,PaymentsToAcquirePropertyPlantAndEquipment,2017-01-01,2017-03-31,262774,10-Q,2017-05-10,2017,Q1
VUZI,PaymentsToAcquirePropertyPlantAndEquipment,2018-01-01,2018-03-31,306739,10-Q,2018-05-10,2018,Q1
VUZI,PaymentsToAcquirePropertyPlantAndEquipment,2019-01-01,2019-03-31,724565,10-Q,2019-05-09,2019,Q1
VUZI,PaymentsToAcquirePropertyPlantAndEquipment,2020-01-01,2020-03-31,221074,10-Q,2020-05-11,2020,Q1
VUZI,PaymentsToAcquirePropertyPlantAndEquipment,2021-01-01,2021-03-31,314981,10-Q,2021-05-10,2021,Q1
VUZI,PaymentsToAcquirePropertyPlantAndEquipment,2022-01-01,2022-03-31,57758,10-Q,2022-05-10,2022,Q1
VUZI,PaymentsToAcquirePropertyPlantAndEquipment,2023-01-01,2023-03-31,2284968,10-Q,2023-05-10,2023,Q1
VUZI,PaymentsToAcquirePropertyPlantAndEquipment,2024-01-01,2024-03-31,101239,10-Q,2024-05-09,2024,Q1
VUZI,PaymentsToAcquirePropertyPlantAndEquipment,2025-01-01,2025-03-31,613397,10-Q,2025-05-12,2025,Q1
VUZI,PaymentsToAcquirePropertyPlantAndEquipment,2026-01-01,2026-03-31,996385,10-Q,2026-05-14,2026,Q1
VXRT,PaymentsToAcquirePropertyPlantAndEquipment,2012-07-01,2012-09-30,200000,10-Q,2013-11-12,2014,Q1
VXRT,PaymentsToAcquirePropertyPlantAndEquipment,2013-07-01,2013-09-30,100000,10-Q,2013-11-12,2014,Q1
VXRT,PaymentsToAcquirePropertyPlantAndEquipment,2017-01-01,2017-03-31,79000,10-Q,2018-05-15,2018,Q1
VXRT,PaymentsToAcquirePropertyPlantAndEquipment,2018-01-01,2018-03-31,140000,10-Q,2018-05-15,2018,Q1
VXRT,PaymentsToAcquirePropertyPlantAndEquipment,2019-01-01,2019-03-31,552000,10-Q,2019-05-09,2019,Q1
VXRT,PaymentsToAcquirePropertyPlantAndEquipment,2020-01-01,2020-03-31,4000,10-Q,2020-05-12,2020,Q1
VXRT,PaymentsToAcquirePropertyPlantAndEquipment,2021-01-01,2021-03-31,615000,10-Q,2021-05-06,2021,Q1
VXRT,PaymentsToAcquirePropertyPlantAndEquipment,2022-01-01,2022-03-31,1346000,10-Q,2022-05-09,2022,Q1
VXRT,PaymentsToAcquirePropertyPlantAndEquipment,2023-01-01,2023-03-31,1239000,10-Q,2023-05-04,2023,Q1
VXRT,PaymentsToAcquirePropertyPlantAndEquipment,2024-01-01,2024-03-31,131000,10-Q,2024-05-13,2024,Q1
VXRT,PaymentsToAcquirePropertyPlantAndEquipment,2025-01-01,2025-03-31,130000,10-Q,2025-05-13,2025,Q1
VXRT,PaymentsToAcquirePropertyPlantAndEquipment,2026-01-01,2026-03-31,448000,10-Q,2026-05-07,2026,Q1
VYX,PaymentsToAcquirePropertyPlantAndEquipment,2010-01-01,2010-03-31,39000000,10-Q,2011-05-02,2011,Q1
VYX,PaymentsToAcquirePropertyPlantAndEquipment,2011-01-01,2011-03-31,25000000,10-Q,2011-05-02,2011,Q1
VYX,PaymentsToAcquirePropertyPlantAndEquipment,2012-01-01,2012-03-31,13000000,10-Q,2012-04-27,2012,Q1
VYX,PaymentsToAcquirePropertyPlantAndEquipment,2013-01-01,2013-03-31,24000000,10-Q,2013-05-09,2013,Q1
VYX,PaymentsToAcquirePropertyPlantAndEquipment,2014-01-01,2014-03-31,32000000,10-Q,2014-05-02,2014,Q1
VYX,PaymentsToAcquirePropertyPlantAndEquipment,2015-01-01,2015-03-31,13000000,10-Q,2015-05-01,2015,Q1
VYX,PaymentsToAcquirePropertyPlantAndEquipment,2016-01-01,2016-03-31,9000000,10-Q,2016-04-29,2016,Q1
VYX,PaymentsToAcquirePropertyPlantAndEquipment,2017-01-01,2017-03-31,11000000,10-Q,2017-04-28,2017,Q1
VYX,PaymentsToAcquirePropertyPlantAndEquipment,2018-01-01,2018-03-31,29000000,10-Q,2018-05-04,2018,Q1
VYX,PaymentsToAcquirePropertyPlantAndEquipment,2019-01-01,2019-03-31,22000000,10-Q,2019-05-07,2019,Q1
VYX,PaymentsToAcquirePropertyPlantAndEquipment,2020-01-01,2020-03-31,10000000,10-Q,2020-05-01,2020,Q1
VYX,PaymentsToAcquirePropertyPlantAndEquipment,2021-01-01,2021-03-31,10000000,10-Q,2021-04-30,2020,Q1
VYX,PaymentsToAcquirePropertyPlantAndEquipment,2022-01-01,2022-03-31,15000000,10-Q,2022-04-29,2022,Q1
VYX,PaymentsToAcquirePropertyPlantAndEquipment,2023-01-01,2023-03-31,19000000,10-Q,2023-05-05,2023,Q1
VYX,PaymentsToAcquirePropertyPlantAndEquipment,2024-01-01,2024-03-31,8000000,10-Q,2024-05-09,2024,Q1
VYX,PaymentsToAcquirePropertyPlantAndEquipment,2025-01-01,2025-03-31,8000000,10-Q,2025-05-08,2025,Q1
VYX,PaymentsToAcquirePropertyPlantAndEquipment,2026-01-01,2026-03-31,36000000,10-Q,2026-05-07,2026,Q1
WBD,PaymentsToAcquirePropertyPlantAndEquipment,2009-01-01,2009-03-31,19000000,10-Q,2010-04-30,2010,Q1
WBD,PaymentsToAcquirePropertyPlantAndEquipment,2010-01-01,2010-03-31,12000000,10-Q,2010-04-30,2010,Q1
WBD,PaymentsToAcquirePropertyPlantAndEquipment,2011-01-01,2011-03-31,11000000,10-Q,2011-04-29,2011,Q1
WBD,PaymentsToAcquirePropertyPlantAndEquipment,2012-01-01,2012-03-31,21000000,10-Q,2012-05-08,2012,Q1
WBD,PaymentsToAcquirePropertyPlantAndEquipment,2013-01-01,2013-03-31,26000000,10-Q,2013-05-07,2013,Q1
WBD,PaymentsToAcquirePropertyPlantAndEquipment,2014-01-01,2014-03-31,28000000,10-Q,2014-05-06,2014,Q1
WBD,PaymentsToAcquirePropertyPlantAndEquipment,2015-01-01,2015-03-31,34000000,10-Q,2015-05-05,2015,Q1
WBD,PaymentsToAcquirePropertyPlantAndEquipment,2016-01-01,2016-03-31,15000000,10-Q,2016-05-05,2016,Q1
WBD,PaymentsToAcquirePropertyPlantAndEquipment,2017-01-01,2017-03-31,47000000,10-Q,2017-05-09,2017,Q1
WBD,PaymentsToAcquirePropertyPlantAndEquipment,2018-01-01,2018-03-31,48000000,10-Q,2018-05-10,2018,Q1
WBD,PaymentsToAcquirePropertyPlantAndEquipment,2019-01-01,2019-03-31,44000000,10-Q,2019-05-02,2019,Q1
WBD,PaymentsToAcquirePropertyPlantAndEquipment,2020-01-01,2020-03-31,105000000,10-Q,2020-05-06,2020,Q1
WBD,PaymentsToAcquirePropertyPlantAndEquipment,2021-01-01,2021-03-31,90000000,10-Q,2021-04-29,2021,Q1
WBD,PaymentsToAcquirePropertyPlantAndEquipment,2022-01-01,2022-03-31,85000000,10-Q,2022-04-26,2022,Q1
WBD,PaymentsToAcquirePropertyPlantAndEquipment,2023-01-01,2023-03-31,299000000,10-Q,2023-05-05,2023,Q1
WBD,PaymentsToAcquirePropertyPlantAndEquipment,2024-01-01,2024-03-31,195000000,10-Q,2024-05-09,2024,Q1
WBD,PaymentsToAcquirePropertyPlantAndEquipment,2025-01-01,2025-03-31,251000000,10-Q,2025-05-08,2025,Q1
WBD,PaymentsToAcquirePropertyPlantAndEquipment,2026-01-01,2026-03-31,268000000,10-Q,2026-05-06,2026,Q1
WDC,PaymentsToAcquirePropertyPlantAndEquipment,2009-07-04,2009-10-02,176000000,10-Q,2010-10-29,2011,Q1
WDC,PaymentsToAcquirePropertyPlantAndEquipment,2010-07-03,2010-10-01,200000000,10-Q,2010-10-29,2011,Q1
WDC,PaymentsToAcquirePropertyPlantAndEquipment,2011-07-01,2011-09-30,134000000,10-Q,2012-11-02,2013,Q1
WDC,PaymentsToAcquirePropertyPlantAndEquipment,2011-07-02,2011-09-30,134000000,10-Q,2011-10-28,2012,Q1
WDC,PaymentsToAcquirePropertyPlantAndEquipment,2012-06-30,2012-09-28,382000000,10-Q,2012-11-02,2013,Q1
WDC,PaymentsToAcquirePropertyPlantAndEquipment,2012-07-01,2012-09-28,382000000,10-Q,2013-10-29,2014,Q1
WDC,PaymentsToAcquirePropertyPlantAndEquipment,2013-06-29,2013-09-27,136000000,10-Q,2014-11-04,2015,Q1
WDC,PaymentsToAcquirePropertyPlantAndEquipment,2013-06-30,2013-09-27,136000000,10-Q,2013-10-29,2014,Q1
WDC,PaymentsToAcquirePropertyPlantAndEquipment,2014-06-28,2014-10-03,160000000,10-Q,2014-11-04,2015,Q1
WDC,PaymentsToAcquirePropertyPlantAndEquipment,2015-07-04,2015-10-02,151000000,10-Q,2015-11-10,2016,Q1
WDC,PaymentsToAcquirePropertyPlantAndEquipment,2016-07-02,2016-09-30,184000000,10-Q,2016-11-08,2017,Q1
WDC,PaymentsToAcquirePropertyPlantAndEquipment,2017-07-01,2017-09-29,160000000,10-Q,2017-11-07,2018,Q1
WDC,PaymentsToAcquirePropertyPlantAndEquipment,2018-06-30,2018-09-28,277000000,10-Q,2018-11-06,2019,Q1
WDC,PaymentsToAcquirePropertyPlantAndEquipment,2019-06-29,2019-10-04,145000000,10-Q,2019-11-12,2020,Q1
WDC,PaymentsToAcquirePropertyPlantAndEquipment,2020-07-04,2020-10-02,337000000,10-Q,2020-11-06,2021,Q1
WDC,PaymentsToAcquirePropertyPlantAndEquipment,2021-07-03,2021-10-01,245000000,10-Q,2021-11-04,2022,Q1
WDC,PaymentsToAcquirePropertyPlantAndEquipment,2022-07-02,2022-09-30,320000000,10-Q,2022-11-02,2023,Q1
WDC,PaymentsToAcquirePropertyPlantAndEquipment,2023-07-01,2023-09-29,124000000,10-Q,2023-11-07,2024,Q1
WDC,PaymentsToAcquirePropertyPlantAndEquipment,2024-06-29,2024-09-27,96000000,10-Q,2024-10-31,2025,Q1
WDC,PaymentsToAcquirePropertyPlantAndEquipment,2025-06-28,2025-10-03,73000000,10-Q,2025-10-31,2026,Q1
WEAV,PaymentsToAcquirePropertyPlantAndEquipment,2021-01-01,2021-03-31,1782000,10-Q,2022-05-13,2022,Q1
WEAV,PaymentsToAcquirePropertyPlantAndEquipment,2022-01-01,2022-03-31,541000,10-Q,2022-05-13,2022,Q1
WEAV,PaymentsToAcquirePropertyPlantAndEquipment,2023-01-01,2023-03-31,620000,10-Q,2023-05-09,2023,Q1
WEAV,PaymentsToAcquirePropertyPlantAndEquipment,2024-01-01,2024-03-31,513000,10-Q,2024-05-09,2024,Q1
WEAV,PaymentsToAcquirePropertyPlantAndEquipment,2025-01-01,2025-03-31,444000,10-Q,2025-05-09,2025,Q1
WEAV,PaymentsToAcquirePropertyPlantAndEquipment,2026-01-01,2026-03-31,521000,10-Q,2026-05-05,2026,Q1
WEX,PaymentsToAcquirePropertyPlantAndEquipment,2010-01-01,2010-03-31,6663000,10-Q,2011-05-05,2011,Q1
WEX,PaymentsToAcquirePropertyPlantAndEquipment,2011-01-01,2011-03-31,6423000,10-Q,2011-05-05,2011,Q1
WEX,PaymentsToAcquirePropertyPlantAndEquipment,2012-01-01,2012-03-31,4968000,10-Q,2012-05-03,2012,Q1
WEX,PaymentsToAcquirePropertyPlantAndEquipment,2013-01-01,2013-03-31,5560000,10-Q,2013-05-02,2013,Q1
WEX,PaymentsToAcquirePropertyPlantAndEquipment,2014-01-01,2014-03-31,11382000,10-Q,2014-04-30,2014,Q1
WEX,PaymentsToAcquirePropertyPlantAndEquipment,2015-01-01,2015-03-31,12074000,10-Q,2015-05-01,2015,Q1
WEX,PaymentsToAcquirePropertyPlantAndEquipment,2016-01-01,2016-03-31,20494000,10-Q,2016-04-28,2016,Q1
WEX,PaymentsToAcquirePropertyPlantAndEquipment,2017-01-01,2017-03-31,21693000,10-Q,2017-05-08,2017,Q1
WEX,PaymentsToAcquirePropertyPlantAndEquipment,2018-01-01,2018-03-31,14770000,10-Q,2018-05-10,2018,Q1
WEX,PaymentsToAcquirePropertyPlantAndEquipment,2019-01-01,2019-03-31,28385000,10-Q,2019-05-10,2019,Q1
WEX,PaymentsToAcquirePropertyPlantAndEquipment,2020-01-01,2020-03-31,20665000,10-Q,2020-05-11,2020,Q1
WEX,PaymentsToAcquirePropertyPlantAndEquipment,2021-01-01,2021-03-31,18280000,10-Q,2021-05-06,2021,Q1
WEX,PaymentsToAcquirePropertyPlantAndEquipment,2022-01-01,2022-03-31,24163000,10-Q,2022-05-03,2022,Q1
WEX,PaymentsToAcquirePropertyPlantAndEquipment,2023-01-01,2023-03-31,30600000,10-Q,2023-04-27,2023,Q1
WEX,PaymentsToAcquirePropertyPlantAndEquipment,2024-01-01,2024-03-31,34000000,10-Q,2024-04-25,2024,Q1
WEX,PaymentsToAcquirePropertyPlantAndEquipment,2025-01-01,2025-03-31,32600000,10-Q,2025-05-01,2025,Q1
WEX,PaymentsToAcquirePropertyPlantAndEquipment,2026-01-01,2026-03-31,37500000,10-Q,2026-04-23,2026,Q1
WFRD,PaymentsToAcquirePropertyPlantAndEquipment,2014-01-01,2014-03-31,286000000,10-Q,2015-04-24,2015,Q1
WFRD,PaymentsToAcquirePropertyPlantAndEquipment,2015-01-01,2015-03-31,224000000,10-Q,2015-04-24,2015,Q1
WFRD,PaymentsToAcquirePropertyPlantAndEquipment,2016-01-01,2016-03-31,43000000,10-Q,2016-05-05,2016,Q1
WFRD,PaymentsToAcquirePropertyPlantAndEquipment,2017-01-01,2017-03-31,40000000,10-Q,2017-04-28,2017,Q1
WFRD,PaymentsToAcquirePropertyPlantAndEquipment,2018-01-01,2018-03-31,29000000,10-Q,2018-05-02,2018,Q1
WFRD,PaymentsToAcquirePropertyPlantAndEquipment,2019-01-01,2019-03-31,58000000,10-Q,2019-05-10,2019,Q1
WFRD,PaymentsToAcquirePropertyPlantAndEquipment,2020-01-01,2020-03-31,38000000,10-Q,2020-05-11,2020,Q1
WFRD,PaymentsToAcquirePropertyPlantAndEquipment,2021-01-01,2021-03-31,15000000,10-Q,2021-05-06,2021,Q1
WFRD,PaymentsToAcquirePropertyPlantAndEquipment,2022-01-01,2022-03-31,20000000,10-Q,2022-04-28,2022,Q1
WFRD,PaymentsToAcquirePropertyPlantAndEquipment,2023-01-01,2023-03-31,64000000,10-Q,2023-04-26,2023,Q1
WFRD,PaymentsToAcquirePropertyPlantAndEquipment,2024-01-01,2024-03-31,59000000,10-Q,2024-04-24,2024,Q1
WFRD,PaymentsToAcquirePropertyPlantAndEquipment,2025-01-01,2025-03-31,77000000,10-Q,2025-04-23,2025,Q1
WFRD,PaymentsToAcquirePropertyPlantAndEquipment,2026-01-01,2026-03-31,54000000,10-Q,2026-04-22,2026,Q1
WH,PaymentsToAcquirePropertyPlantAndEquipment,2017-01-01,2017-03-31,5000000,10-Q,2018-06-11,2018,Q1
WH,PaymentsToAcquirePropertyPlantAndEquipment,2018-01-01,2018-03-31,14000000,10-Q,2018-06-11,2018,Q1
WH,PaymentsToAcquirePropertyPlantAndEquipment,2019-01-01,2019-03-31,9000000,10-Q,2019-04-30,2019,Q1
WH,PaymentsToAcquirePropertyPlantAndEquipment,2020-01-01,2020-03-31,7000000,10-Q,2020-05-05,2020,Q1
WH,PaymentsToAcquirePropertyPlantAndEquipment,2021-01-01,2021-03-31,5000000,10-Q,2021-04-29,2021,Q1
WH,PaymentsToAcquirePropertyPlantAndEquipment,2022-01-01,2022-03-31,10000000,10-Q,2022-04-27,2022,Q1
WH,PaymentsToAcquirePropertyPlantAndEquipment,2023-01-01,2023-03-31,9000000,10-Q,2023-04-27,2023,Q1
WH,PaymentsToAcquirePropertyPlantAndEquipment,2024-01-01,2024-03-31,9000000,10-Q,2024-04-25,2024,Q1
WH,PaymentsToAcquirePropertyPlantAndEquipment,2025-01-01,2025-03-31,7000000,10-Q,2025-05-01,2025,Q1
WH,PaymentsToAcquirePropertyPlantAndEquipment,2026-01-01,2026-03-31,7000000,10-Q,2026-04-30,2026,Q1
WINA,PaymentsToAcquirePropertyPlantAndEquipment,2010-12-26,2011-03-26,32400,10-Q,2012-04-25,2012,Q1
WINA,PaymentsToAcquirePropertyPlantAndEquipment,2012-01-01,2012-03-31,23700,10-Q,2012-04-25,2012,Q1
WINA,PaymentsToAcquirePropertyPlantAndEquipment,2012-12-30,2013-03-30,53600,10-Q,2013-04-24,2013,Q1
WINA,PaymentsToAcquirePropertyPlantAndEquipment,2013-12-29,2014-03-29,128300,10-Q,2014-04-23,2014,Q1
WINA,PaymentsToAcquirePropertyPlantAndEquipment,2014-12-28,2015-03-28,52700,10-Q,2015-04-23,2015,Q1
WINA,PaymentsToAcquirePropertyPlantAndEquipment,2015-12-27,2016-03-26,19900,10-Q,2016-04-21,2016,Q1
WINA,PaymentsToAcquirePropertyPlantAndEquipment,2017-01-01,2017-04-01,11900,10-Q,2017-04-25,2017,Q1
WINA,PaymentsToAcquirePropertyPlantAndEquipment,2017-12-31,2018-03-31,170200,10-Q,2018-05-01,2018,Q1
WINA,PaymentsToAcquirePropertyPlantAndEquipment,2018-12-30,2019-03-30,122700,10-Q,2019-04-26,2019,Q1
WINA,PaymentsToAcquirePropertyPlantAndEquipment,2019-12-29,2020-03-28,31200,10-Q,2020-04-22,2020,Q1
WINA,PaymentsToAcquirePropertyPlantAndEquipment,2020-12-27,2021-03-27,34300,10-Q,2021-04-20,2021,Q1
WINA,PaymentsToAcquirePropertyPlantAndEquipment,2021-12-26,2022-03-26,21500,10-Q,2022-04-14,2022,Q1
WINA,PaymentsToAcquirePropertyPlantAndEquipment,2023-01-01,2023-04-01,5500,10-Q,2023-04-19,2023,Q1
WINA,PaymentsToAcquirePropertyPlantAndEquipment,2023-12-31,2024-03-30,87900,10-Q,2024-04-17,2024,Q1
WINA,PaymentsToAcquirePropertyPlantAndEquipment,2024-12-29,2025-03-29,51200,10-Q,2025-04-16,2025,Q1
WINA,PaymentsToAcquirePropertyPlantAndEquipment,2025-12-28,2026-03-28,14600,10-Q,2026-04-15,2026,Q1
WK,PaymentsToAcquirePropertyPlantAndEquipment,2014-01-01,2014-03-31,1750000,10-Q,2015-05-05,2015,Q1
WK,PaymentsToAcquirePropertyPlantAndEquipment,2014-04-01,2014-06-30,3526000,10-Q,2015-08-05,2015,Q2
WK,PaymentsToAcquirePropertyPlantAndEquipment,2014-07-01,2014-09-30,2768000,10-Q,2015-11-05,2015,Q3
WK,PaymentsToAcquirePropertyPlantAndEquipment,2015-01-01,2015-03-31,871000,10-Q,2015-05-05,2015,Q1
WK,PaymentsToAcquirePropertyPlantAndEquipment,2015-04-01,2015-06-30,159000,10-Q,2015-08-05,2015,Q2
WK,PaymentsToAcquirePropertyPlantAndEquipment,2015-07-01,2015-09-30,629000,10-Q,2015-11-05,2015,Q3
WK,PaymentsToAcquirePropertyPlantAndEquipment,2016-01-01,2016-03-31,412000,10-Q,2016-05-04,2016,Q1
WK,PaymentsToAcquirePropertyPlantAndEquipment,2016-04-01,2016-06-30,597000,10-Q,2016-08-03,2016,Q2
WK,PaymentsToAcquirePropertyPlantAndEquipment,2016-07-01,2016-09-30,91000,10-Q,2016-11-09,2016,Q3
WK,PaymentsToAcquirePropertyPlantAndEquipment,2017-01-01,2017-03-31,121000,10-Q,2017-05-04,2017,Q1
WK,PaymentsToAcquirePropertyPlantAndEquipment,2017-04-01,2017-06-30,26000,10-Q,2017-08-03,2017,Q2
WK,PaymentsToAcquirePropertyPlantAndEquipment,2017-07-01,2017-09-30,987000,10-Q,2017-11-07,2017,Q3
WK,PaymentsToAcquirePropertyPlantAndEquipment,2018-01-01,2018-03-31,9000,10-Q,2018-05-02,2018,Q1
WK,PaymentsToAcquirePropertyPlantAndEquipment,2018-04-01,2018-06-30,210000,10-Q,2018-08-07,2018,Q2
WK,PaymentsToAcquirePropertyPlantAndEquipment,2018-07-01,2018-09-30,523000,10-Q,2018-11-07,2018,Q3
WK,PaymentsToAcquirePropertyPlantAndEquipment,2019-01-01,2019-03-31,1743000,10-Q,2019-05-01,2019,Q1
WK,PaymentsToAcquirePropertyPlantAndEquipment,2019-04-01,2019-06-30,454000,10-Q,2019-08-06,2019,Q2
WK,PaymentsToAcquirePropertyPlantAndEquipment,2019-07-01,2019-09-30,663000,10-Q,2019-11-06,2019,Q3
WK,PaymentsToAcquirePropertyPlantAndEquipment,2020-01-01,2020-03-31,688000,10-Q,2020-04-30,2020,Q1
WK,PaymentsToAcquirePropertyPlantAndEquipment,2020-04-01,2020-06-30,696000,10-Q,2020-08-04,2020,Q2
WK,PaymentsToAcquirePropertyPlantAndEquipment,2020-07-01,2020-09-30,379000,10-Q,2020-11-04,2020,Q3
WK,PaymentsToAcquirePropertyPlantAndEquipment,2021-01-01,2021-03-31,849000,10-Q,2021-05-04,2021,Q1
WK,PaymentsToAcquirePropertyPlantAndEquipment,2021-04-01,2021-06-30,811000,10-Q,2021-08-03,2021,Q2
WK,PaymentsToAcquirePropertyPlantAndEquipment,2021-07-01,2021-09-30,771000,10-Q,2021-11-03,2021,Q3
WK,PaymentsToAcquirePropertyPlantAndEquipment,2022-01-01,2022-03-31,532000,10-Q,2022-05-03,2022,Q1
WK,PaymentsToAcquirePropertyPlantAndEquipment,2022-04-01,2022-06-30,671000,10-Q,2022-08-09,2022,Q2
WK,PaymentsToAcquirePropertyPlantAndEquipment,2022-07-01,2022-09-30,1023000,10-Q,2022-11-02,2022,Q3
WK,PaymentsToAcquirePropertyPlantAndEquipment,2023-01-01,2023-03-31,198000,10-Q,2023-05-02,2023,Q1
WK,PaymentsToAcquirePropertyPlantAndEquipment,2023-04-01,2023-06-30,639000,10-Q,2023-08-03,2023,Q2
WK,PaymentsToAcquirePropertyPlantAndEquipment,2023-07-01,2023-09-30,895000,10-Q,2023-10-30,2023,Q3
WK,PaymentsToAcquirePropertyPlantAndEquipment,2024-01-01,2024-03-31,203000,10-Q,2024-05-02,2024,Q1
WK,PaymentsToAcquirePropertyPlantAndEquipment,2024-04-01,2024-06-30,108000,10-Q,2024-08-01,2024,Q2
WK,PaymentsToAcquirePropertyPlantAndEquipment,2024-07-01,2024-09-30,243000,10-Q,2024-11-06,2024,Q3
WK,PaymentsToAcquirePropertyPlantAndEquipment,2025-01-01,2025-03-31,763000,10-Q,2025-05-01,2025,Q1
WK,PaymentsToAcquirePropertyPlantAndEquipment,2025-04-01,2025-06-30,995000,10-Q,2025-07-31,2025,Q2
WK,PaymentsToAcquirePropertyPlantAndEquipment,2025-07-01,2025-09-30,91000,10-Q,2025-11-05,2025,Q3
WK,PaymentsToAcquirePropertyPlantAndEquipment,2026-01-01,2026-03-31,728000,10-Q,2026-05-05,2026,Q1
WK,PaymentsToAcquirePropertyPlantAndEquipment,2026-04-01,2026-06-30,332000,10-Q,2026-08-04,2026,Q2
WLY,PaymentsToAcquirePropertyPlantAndEquipment,2009-05-02,2009-07-31,8889000,10-Q/A,2010-09-17,2011,Q1
WLY,PaymentsToAcquirePropertyPlantAndEquipment,2010-05-01,2010-07-31,9477000,10-Q,2011-09-08,2012,Q1
WLY,PaymentsToAcquirePropertyPlantAndEquipment,2010-05-02,2010-07-31,9477000,10-Q/A,2010-09-17,2011,Q1
WLY,PaymentsToAcquirePropertyPlantAndEquipment,2011-05-01,2011-07-31,12537000,10-Q,2011-09-08,2012,Q1
WLY,PaymentsToAcquirePropertyPlantAndEquipment,2012-05-01,2012-07-31,15903000,10-Q,2012-09-10,2013,Q1
WLY,PaymentsToAcquirePropertyPlantAndEquipment,2013-05-01,2013-07-31,13795000,10-Q,2013-09-09,2014,Q1
WLY,PaymentsToAcquirePropertyPlantAndEquipment,2014-05-01,2014-07-31,13964000,10-Q,2014-09-09,2015,Q1
WLY,PaymentsToAcquirePropertyPlantAndEquipment,2015-05-01,2015-07-31,22283000,10-Q,2015-09-09,2016,Q1
WLY,PaymentsToAcquirePropertyPlantAndEquipment,2016-05-01,2016-07-31,20778000,10-Q,2016-09-08,2017,Q1
WLY,PaymentsToAcquirePropertyPlantAndEquipment,2017-05-01,2017-07-31,30111000,10-Q,2017-09-07,2018,Q1
WLY,PaymentsToAcquirePropertyPlantAndEquipment,2018-05-01,2018-07-31,18304000,10-Q,2018-09-07,2019,Q1
WLY,PaymentsToAcquirePropertyPlantAndEquipment,2019-05-01,2019-07-31,24202000,10-Q,2019-09-06,2020,Q1
WLY,PaymentsToAcquirePropertyPlantAndEquipment,2020-05-01,2020-07-31,18964000,10-Q,2020-09-04,2021,Q1
WLY,PaymentsToAcquirePropertyPlantAndEquipment,2021-05-01,2021-07-31,17910000,10-Q,2021-09-03,2022,Q1
WLY,PaymentsToAcquirePropertyPlantAndEquipment,2022-05-01,2022-07-31,17923000,10-Q,2022-09-07,2023,Q1
WLY,PaymentsToAcquirePropertyPlantAndEquipment,2023-05-01,2023-07-31,20086000,10-Q,2023-09-08,2024,Q1
WLY,PaymentsToAcquirePropertyPlantAndEquipment,2024-05-01,2024-07-31,14502000,10-Q,2024-09-06,2025,Q1
WLY,PaymentsToAcquirePropertyPlantAndEquipment,2025-05-01,2025-07-31,12005000,10-Q,2025-09-05,2026,Q1
WLY,PaymentsToAcquirePropertyPlantAndEquipment,2026-05-01,2026-07-31,11197000,10-Q,2026-09-04,2027,Q1
WMB,PaymentsToAcquirePropertyPlantAndEquipment,2013-01-01,2013-03-31,713000000,10-Q,2014-05-01,2014,Q1
WMB,PaymentsToAcquirePropertyPlantAndEquipment,2014-01-01,2014-03-31,793000000,10-Q,2014-05-01,2014,Q1
WMB,PaymentsToAcquirePropertyPlantAndEquipment,2015-01-01,2015-03-31,832000000,10-Q,2015-04-30,2015,Q1
WMB,PaymentsToAcquirePropertyPlantAndEquipment,2016-01-01,2016-03-31,513000000,10-Q,2016-05-05,2016,Q1
WMB,PaymentsToAcquirePropertyPlantAndEquipment,2017-01-01,2017-03-31,511000000,10-Q,2017-05-04,2017,Q1
WMB,PaymentsToAcquirePropertyPlantAndEquipment,2018-01-01,2018-03-31,957000000,10-Q,2018-05-03,2018,Q1
WMB,PaymentsToAcquirePropertyPlantAndEquipment,2019-01-01,2019-03-31,422000000,10-Q,2019-05-02,2019,Q1
WMB,PaymentsToAcquirePropertyPlantAndEquipment,2020-01-01,2020-03-31,306000000,10-Q,2020-05-04,2020,Q1
WMB,PaymentsToAcquirePropertyPlantAndEquipment,2021-01-01,2021-03-31,260000000,10-Q,2021-05-03,2021,Q1
WMB,PaymentsToAcquirePropertyPlantAndEquipment,2022-01-01,2022-03-31,291000000,10-Q,2022-05-02,2022,Q1
WMB,PaymentsToAcquirePropertyPlantAndEquipment,2023-01-01,2023-03-31,545000000,10-Q,2023-05-03,2023,Q1
WMB,PaymentsToAcquirePropertyPlantAndEquipment,2024-01-01,2024-03-31,544000000,10-Q,2024-05-06,2024,Q1
WMB,PaymentsToAcquirePropertyPlantAndEquipment,2025-01-01,2025-03-31,1012000000,10-Q,2025-05-05,2025,Q1
WMB,PaymentsToAcquirePropertyPlantAndEquipment,2026-01-01,2026-03-31,1359000000,10-Q,2026-05-04,2026,Q1
WMG,PaymentsToAcquirePropertyPlantAndEquipment,2019-10-01,2019-12-31,15000000,10-Q,2021-02-01,2021,Q1
WMG,PaymentsToAcquirePropertyPlantAndEquipment,2020-10-01,2020-12-31,18000000,10-Q,2021-02-01,2021,Q1
WMG,PaymentsToAcquirePropertyPlantAndEquipment,2021-10-01,2021-12-31,34000000,10-Q,2022-02-08,2022,Q1
WMG,PaymentsToAcquirePropertyPlantAndEquipment,2022-10-01,2022-12-31,21000000,10-Q,2023-02-09,2023,Q1
WMG,PaymentsToAcquirePropertyPlantAndEquipment,2023-10-01,2023-12-31,29000000,10-Q,2024-02-08,2024,Q1
WMG,PaymentsToAcquirePropertyPlantAndEquipment,2024-10-01,2024-12-31,36000000,10-Q,2025-02-06,2025,Q1
WMG,PaymentsToAcquirePropertyPlantAndEquipment,2025-10-01,2025-12-31,20000000,10-Q,2026-02-09,2026,Q1
WTFC,PaymentsToAcquirePropertyPlantAndEquipment,2010-01-01,2010-03-31,2148000,10-Q,2011-05-09,2011,Q1
WTFC,PaymentsToAcquirePropertyPlantAndEquipment,2010-12-30,2011-03-31,10557000,10-Q,2012-05-09,2012,Q1
WTFC,PaymentsToAcquirePropertyPlantAndEquipment,2011-01-01,2011-03-31,10557000,10-Q,2011-05-09,2011,Q1
WTFC,PaymentsToAcquirePropertyPlantAndEquipment,2011-12-31,2012-03-31,8501000,10-Q,2012-05-09,2012,Q1
WTFC,PaymentsToAcquirePropertyPlantAndEquipment,2012-01-01,2012-03-31,8501000,10-Q,2013-05-09,2013,Q1
WTFC,PaymentsToAcquirePropertyPlantAndEquipment,2013-01-01,2013-03-31,6508000,10-Q,2013-05-09,2013,Q1
WTFC,PaymentsToAcquirePropertyPlantAndEquipment,2014-01-01,2014-03-31,7596000,10-Q,2014-05-08,2014,Q1
WTFC,PaymentsToAcquirePropertyPlantAndEquipment,2015-01-01,2015-03-31,5902000,10-Q,2015-05-08,2015,Q1
WTFC,PaymentsToAcquirePropertyPlantAndEquipment,2016-01-01,2016-03-31,8677000,10-Q,2016-05-09,2016,Q1
WTFC,PaymentsToAcquirePropertyPlantAndEquipment,2017-01-01,2017-03-31,10823000,10-Q,2017-05-09,2017,Q1
WTFC,PaymentsToAcquirePropertyPlantAndEquipment,2018-01-01,2018-03-31,11580000,10-Q,2018-05-09,2018,Q1
WTFC,PaymentsToAcquirePropertyPlantAndEquipment,2019-01-01,2019-03-31,13608000,10-Q,2019-05-09,2019,Q1
WTFC,PaymentsToAcquirePropertyPlantAndEquipment,2020-01-01,2020-03-31,21385000,10-Q,2020-05-05,2020,Q1
WTFC,PaymentsToAcquirePropertyPlantAndEquipment,2021-01-01,2021-03-31,4388000,10-Q,2021-05-07,2021,Q1
WTFC,PaymentsToAcquirePropertyPlantAndEquipment,2022-01-01,2022-03-31,7722000,10-Q,2022-05-06,2022,Q1
WTFC,PaymentsToAcquirePropertyPlantAndEquipment,2023-01-01,2023-03-31,9139000,10-Q,2023-05-09,2023,Q1
WTFC,PaymentsToAcquirePropertyPlantAndEquipment,2024-01-01,2024-03-31,10599000,10-Q,2024-05-09,2024,Q1
WTW,PaymentsToAcquirePropertyPlantAndEquipment,2010-01-01,2010-03-31,29000000,10-Q,2011-05-10,2011,Q1
WTW,PaymentsToAcquirePropertyPlantAndEquipment,2011-01-01,2011-03-31,20000000,10-Q,2011-05-10,2011,Q1
WTW,PaymentsToAcquirePropertyPlantAndEquipment,2012-01-01,2012-03-31,36000000,10-Q,2012-05-10,2012,Q1
WTW,PaymentsToAcquirePropertyPlantAndEquipment,2013-01-01,2013-03-31,23000000,10-Q,2013-05-08,2013,Q1
WTW,PaymentsToAcquirePropertyPlantAndEquipment,2014-01-01,2014-03-31,22000000,10-Q,2014-05-09,2014,Q1
WTW,PaymentsToAcquirePropertyPlantAndEquipment,2015-01-01,2015-03-31,16000000,10-Q,2015-05-06,2015,Q1
WWD,PaymentsToAcquirePropertyPlantAndEquipment,2009-10-01,2009-12-31,8980000,10-Q,2011-01-25,2011,Q1
WWD,PaymentsToAcquirePropertyPlantAndEquipment,2010-10-01,2010-12-31,10213000,10-Q,2011-01-25,2011,Q1
WWD,PaymentsToAcquirePropertyPlantAndEquipment,2011-10-01,2011-12-31,17254000,10-Q,2012-01-24,2012,Q1
WWD,PaymentsToAcquirePropertyPlantAndEquipment,2012-10-01,2012-12-31,29894000,10-Q,2013-01-23,2013,Q1
WWD,PaymentsToAcquirePropertyPlantAndEquipment,2013-10-01,2013-12-31,37149000,10-Q,2014-01-22,2014,Q1
WWD,PaymentsToAcquirePropertyPlantAndEquipment,2014-10-01,2014-12-31,46621000,10-Q,2015-01-21,2015,Q1
WWD,PaymentsToAcquirePropertyPlantAndEquipment,2015-10-01,2015-12-31,33131000,10-Q,2016-02-09,2016,Q1
WWD,PaymentsToAcquirePropertyPlantAndEquipment,2016-10-01,2016-12-31,21058000,10-Q,2017-01-25,2017,Q1
WWD,PaymentsToAcquirePropertyPlantAndEquipment,2017-10-01,2017-12-31,28450000,10-Q,2018-01-24,2018,Q1
WWD,PaymentsToAcquirePropertyPlantAndEquipment,2018-10-01,2018-12-31,31346000,10-Q,2019-02-08,2019,Q1
WWD,PaymentsToAcquirePropertyPlantAndEquipment,2019-10-01,2019-12-31,17232000,10-Q,2020-02-10,2020,Q1
WWD,PaymentsToAcquirePropertyPlantAndEquipment,2020-10-01,2020-12-31,7263000,10-Q,2021-02-04,2021,Q1
WWD,PaymentsToAcquirePropertyPlantAndEquipment,2021-10-01,2021-12-31,13123000,10-Q,2022-02-04,2022,Q1
WWD,PaymentsToAcquirePropertyPlantAndEquipment,2022-10-01,2022-12-31,24390000,10-Q,2023-02-03,2022,Q1
WWD,PaymentsToAcquirePropertyPlantAndEquipment,2023-10-01,2023-12-31,41812000,10-Q,2024-02-02,2024,Q1
WWD,PaymentsToAcquirePropertyPlantAndEquipment,2024-10-01,2024-12-31,33574000,10-Q,2025-02-04,2025,Q1
WWD,PaymentsToAcquirePropertyPlantAndEquipment,2025-10-01,2025-12-31,44129000,10-Q,2026-02-04,2026,Q1
WYTC,PaymentsToAcquirePropertyPlantAndEquipment,2017-01-01,2017-03-31,0,10-Q,2018-05-11,2018,Q1
WYTC,PaymentsToAcquirePropertyPlantAndEquipment,2018-01-01,2018-03-31,2106,10-Q,2018-05-11,2018,Q1
WYTC,PaymentsToAcquirePropertyPlantAndEquipment,2019-01-01,2019-03-31,0,10-Q,2019-05-14,2019,Q1
WYTC,PaymentsToAcquirePropertyPlantAndEquipment,2020-01-01,2020-03-31,5500,10-Q,2020-07-31,2020,Q1
WYTC,PaymentsToAcquirePropertyPlantAndEquipment,2021-01-01,2021-03-31,0,10-Q,2021-08-19,2021,Q1
WYTC,PaymentsToAcquirePropertyPlantAndEquipment,2022-01-01,2022-03-31,847,10-Q,2022-06-28,2022,Q1
WYTC,PaymentsToAcquirePropertyPlantAndEquipment,2023-01-01,2023-03-31,0,10-Q,2023-09-29,2023,Q1
WYTC,PaymentsToAcquirePropertyPlantAndEquipment,2024-01-01,2024-03-31,1899,10-Q,2024-05-15,2024,Q1
WYTC,PaymentsToAcquirePropertyPlantAndEquipment,2025-01-01,2025-03-31,1388,10-Q,2025-05-15,2025,Q1
XBP,PaymentsToAcquirePropertyPlantAndEquipment,2023-01-01,2023-03-31,622000,10-Q,2024-05-13,2024,Q1
XBP,PaymentsToAcquirePropertyPlantAndEquipment,2024-01-01,2024-03-31,385000,10-Q,2024-05-13,2024,Q1
XBP,PaymentsToAcquirePropertyPlantAndEquipment,2025-01-01,2025-03-31,968000,10-Q,2025-05-15,2025,Q1
XBP,PaymentsToAcquirePropertyPlantAndEquipment,2026-01-01,2026-03-31,1088000,10-Q,2026-05-15,2026,Q1
XPER,PaymentsToAcquirePropertyPlantAndEquipment,2022-01-01,2022-03-31,4345000,10-Q,2023-05-12,2023,Q1
XPER,PaymentsToAcquirePropertyPlantAndEquipment,2023-01-01,2023-03-31,3861000,10-Q,2023-05-12,2023,Q1
XPER,PaymentsToAcquirePropertyPlantAndEquipment,2024-01-01,2024-03-31,1845000,10-Q,2024-05-09,2024,Q1
XPER,PaymentsToAcquirePropertyPlantAndEquipment,2025-01-01,2025-03-31,1066000,10-Q,2025-05-08,2025,Q1
XPER,PaymentsToAcquirePropertyPlantAndEquipment,2026-01-01,2026-03-31,1105000,10-Q,2026-05-07,2026,Q1
XPO,PaymentsToAcquirePropertyPlantAndEquipment,2011-01-01,2011-03-31,86000,10-Q,2012-05-10,2012,Q1
XPO,PaymentsToAcquirePropertyPlantAndEquipment,2012-01-01,2012-03-31,836000,10-Q,2012-05-10,2012,Q1
XPO,PaymentsToAcquirePropertyPlantAndEquipment,2013-01-01,2013-03-31,1081000,10-Q,2013-05-08,2013,Q1
XPO,PaymentsToAcquirePropertyPlantAndEquipment,2014-01-01,2014-03-31,3935000,10-Q,2014-05-02,2014,Q1
XPO,PaymentsToAcquirePropertyPlantAndEquipment,2015-01-01,2015-03-31,11400000,10-Q,2015-05-07,2015,Q1
XPO,PaymentsToAcquirePropertyPlantAndEquipment,2016-01-01,2016-03-31,114700000,10-Q,2016-05-05,2016,Q1
XPO,PaymentsToAcquirePropertyPlantAndEquipment,2017-01-01,2017-03-31,122400000,10-Q,2017-05-09,2017,Q1
XPO,PaymentsToAcquirePropertyPlantAndEquipment,2018-01-01,2018-03-31,142100000,10-Q,2018-05-07,2018,Q1
XPO,PaymentsToAcquirePropertyPlantAndEquipment,2019-01-01,2019-03-31,118000000,10-Q,2019-05-01,2019,Q1
XPO,PaymentsToAcquirePropertyPlantAndEquipment,2020-01-01,2020-03-31,139000000,10-Q,2020-05-05,2020,Q1
XPO,PaymentsToAcquirePropertyPlantAndEquipment,2021-01-01,2021-03-31,140000000,10-Q,2021-05-04,2021,Q1
XPO,PaymentsToAcquirePropertyPlantAndEquipment,2022-01-01,2022-03-31,137000000,10-Q,2022-05-10,2022,Q1
XPO,PaymentsToAcquirePropertyPlantAndEquipment,2023-01-01,2023-03-31,224000000,10-Q,2023-05-04,2023,Q1
XPO,PaymentsToAcquirePropertyPlantAndEquipment,2024-01-01,2024-03-31,306000000,10-Q,2024-05-03,2024,Q1
XPO,PaymentsToAcquirePropertyPlantAndEquipment,2025-01-01,2025-03-31,199000000,10-Q,2025-04-30,2025,Q1
XPO,PaymentsToAcquirePropertyPlantAndEquipment,2026-01-01,2026-03-31,111000000,10-Q,2026-04-30,2026,Q1
XPOF,PaymentsToAcquirePropertyPlantAndEquipment,2021-01-01,2021-03-31,1125000,10-Q,2022-05-13,2022,Q1
XPOF,PaymentsToAcquirePropertyPlantAndEquipment,2022-01-01,2022-03-31,1798000,10-Q,2022-05-13,2022,Q1
XPOF,PaymentsToAcquirePropertyPlantAndEquipment,2023-01-01,2023-03-31,2127000,10-Q,2023-05-05,2023,Q1
XPOF,PaymentsToAcquirePropertyPlantAndEquipment,2024-01-01,2024-03-31,855000,10-Q,2024-05-06,2024,Q1
XPOF,PaymentsToAcquirePropertyPlantAndEquipment,2025-01-01,2025-03-31,465000,10-Q,2025-05-09,2025,Q1
XPOF,PaymentsToAcquirePropertyPlantAndEquipment,2026-01-01,2026-03-31,464000,10-Q,2026-05-08,2026,Q1
YEXT,PaymentsToAcquirePropertyPlantAndEquipment,2016-02-01,2016-04-30,829000,10-Q,2017-06-02,2018,Q1
YEXT,PaymentsToAcquirePropertyPlantAndEquipment,2017-02-01,2017-04-30,1078000,10-Q,2017-06-02,2018,Q1
YEXT,PaymentsToAcquirePropertyPlantAndEquipment,2018-02-01,2018-04-30,1572000,10-Q,2018-06-01,2019,Q1
YEXT,PaymentsToAcquirePropertyPlantAndEquipment,2019-02-01,2019-04-30,831000,10-Q,2019-05-31,2020,Q1
YEXT,PaymentsToAcquirePropertyPlantAndEquipment,2020-02-01,2020-04-30,21275000,10-Q,2020-06-09,2020,Q1
YEXT,PaymentsToAcquirePropertyPlantAndEquipment,2021-02-01,2021-04-30,7457000,10-Q,2021-06-04,2022,Q1
YEXT,PaymentsToAcquirePropertyPlantAndEquipment,2022-02-01,2022-04-30,1644000,10-Q,2022-06-09,2023,Q1
YEXT,PaymentsToAcquirePropertyPlantAndEquipment,2023-02-01,2023-04-30,944000,10-Q,2023-06-07,2024,Q1
YEXT,PaymentsToAcquirePropertyPlantAndEquipment,2024-02-01,2024-04-30,647000,10-Q,2024-06-10,2025,Q1
YEXT,PaymentsToAcquirePropertyPlantAndEquipment,2025-02-01,2025-04-30,562000,10-Q,2025-06-09,2026,Q1
YEXT,PaymentsToAcquirePropertyPlantAndEquipment,2026-02-01,2026-04-30,429000,10-Q,2026-06-02,2027,Q1
ZBRA,PaymentsToAcquirePropertyPlantAndEquipment,2010-01-01,2010-04-03,5818000,10-Q,2011-05-05,2011,Q1
ZBRA,PaymentsToAcquirePropertyPlantAndEquipment,2011-01-01,2011-04-02,3922000,10-Q,2011-05-05,2011,Q1
ZBRA,PaymentsToAcquirePropertyPlantAndEquipment,2012-01-01,2012-03-31,7654000,10-Q,2012-05-02,2012,Q1
ZBRA,PaymentsToAcquirePropertyPlantAndEquipment,2013-01-01,2013-03-30,1952000,10-Q,2013-05-02,2013,Q1
ZBRA,PaymentsToAcquirePropertyPlantAndEquipment,2014-01-01,2014-03-29,2374000,10-Q,2014-05-06,2014,Q1
ZBRA,PaymentsToAcquirePropertyPlantAndEquipment,2015-01-01,2015-04-04,25522000,10-Q,2015-05-14,2015,Q1
ZBRA,PaymentsToAcquirePropertyPlantAndEquipment,2016-01-01,2016-04-02,19000000,10-Q,2016-05-10,2016,Q1
ZBRA,PaymentsToAcquirePropertyPlantAndEquipment,2017-01-01,2017-04-01,13000000,10-Q,2017-05-09,2017,Q1
ZBRA,PaymentsToAcquirePropertyPlantAndEquipment,2018-01-01,2018-03-31,18000000,10-Q,2018-05-08,2018,Q1
ZBRA,PaymentsToAcquirePropertyPlantAndEquipment,2019-01-01,2019-03-30,15000000,10-Q,2019-04-30,2019,Q1
ZBRA,PaymentsToAcquirePropertyPlantAndEquipment,2020-01-01,2020-03-28,13000000,10-Q,2020-04-28,2020,Q1
ZBRA,PaymentsToAcquirePropertyPlantAndEquipment,2021-01-01,2021-04-03,10000000,10-Q,2021-05-04,2021,Q1
ZBRA,PaymentsToAcquirePropertyPlantAndEquipment,2022-01-01,2022-04-02,14000000,10-Q,2022-05-03,2022,Q1
ZBRA,PaymentsToAcquirePropertyPlantAndEquipment,2023-01-01,2023-04-01,16000000,10-Q,2023-05-02,2023,Q1
ZBRA,PaymentsToAcquirePropertyPlantAndEquipment,2024-01-01,2024-03-30,14000000,10-Q,2024-04-30,2024,Q1
ZBRA,PaymentsToAcquirePropertyPlantAndEquipment,2025-01-01,2025-03-29,20000000,10-Q,2025-04-29,2025,Q1
ZBRA,PaymentsToAcquirePropertyPlantAndEquipment,2026-01-01,2026-04-04,13000000,10-Q,2026-05-12,2026,Q1
ZD,PaymentsToAcquirePropertyPlantAndEquipment,2010-01-01,2010-03-31,86000,10-Q,2011-05-09,2011,Q1
ZD,PaymentsToAcquirePropertyPlantAndEquipment,2011-01-01,2011-03-31,625000,10-Q,2011-05-09,2011,Q1
ZD,PaymentsToAcquirePropertyPlantAndEquipment,2012-01-01,2012-03-31,1159000,10-Q,2012-05-07,2012,Q1
ZD,PaymentsToAcquirePropertyPlantAndEquipment,2013-01-01,2013-03-31,1933000,10-Q,2013-05-10,2013,Q1
ZD,PaymentsToAcquirePropertyPlantAndEquipment,2014-01-01,2014-03-31,2936000,10-Q,2014-05-09,2014,Q1
ZD,PaymentsToAcquirePropertyPlantAndEquipment,2015-01-01,2015-03-31,2956000,10-Q,2015-05-11,2015,Q1
ZD,PaymentsToAcquirePropertyPlantAndEquipment,2016-01-01,2016-03-31,4321000,10-Q,2016-05-10,2016,Q1
ZD,PaymentsToAcquirePropertyPlantAndEquipment,2017-01-01,2017-03-31,9660000,10-Q,2017-05-10,2017,Q1
ZD,PaymentsToAcquirePropertyPlantAndEquipment,2018-01-01,2018-03-31,13165000,10-Q,2018-05-10,2018,Q1
ZD,PaymentsToAcquirePropertyPlantAndEquipment,2019-01-01,2019-03-31,12531000,10-Q,2019-05-10,2019,Q1
ZD,PaymentsToAcquirePropertyPlantAndEquipment,2020-01-01,2020-03-31,26885000,10-Q,2020-05-11,2020,Q1
ZD,PaymentsToAcquirePropertyPlantAndEquipment,2021-01-01,2021-03-31,26269000,10-Q,2021-05-10,2021,Q1
ZD,PaymentsToAcquirePropertyPlantAndEquipment,2022-01-01,2022-03-31,30502000,10-Q,2022-05-10,2022,Q1
ZD,PaymentsToAcquirePropertyPlantAndEquipment,2023-01-01,2023-03-31,30017000,10-Q,2023-05-10,2023,Q1
ZD,PaymentsToAcquirePropertyPlantAndEquipment,2024-01-01,2024-03-31,28129000,10-Q,2024-05-09,2024,Q1
ZD,PaymentsToAcquirePropertyPlantAndEquipment,2025-01-01,2025-03-31,25619000,10-Q,2025-05-09,2025,Q1
ZD,PaymentsToAcquirePropertyPlantAndEquipment,2026-01-01,2026-03-31,33127000,10-Q,2026-05-08,2026,Q1
ZDPY,PaymentsToAcquirePropertyPlantAndEquipment,2015-01-01,2015-03-31,2491,10-Q,2016-05-12,2016,Q1
ZDPY,PaymentsToAcquirePropertyPlantAndEquipment,2017-01-02,2017-03-31,2586,10-Q,2017-05-11,2017,Q1
ZDPY,PaymentsToAcquirePropertyPlantAndEquipment,2022-01-01,2022-03-31,3764,10-Q,2022-05-12,2022,Q1
ZDPY,PaymentsToAcquirePropertyPlantAndEquipment,2024-01-01,2024-03-31,6480,10-Q,2024-05-14,2024,Q1
ZIP,PaymentsToAcquirePropertyPlantAndEquipment,2021-01-01,2021-03-31,1131000,10-Q,2022-05-13,2022,Q1
ZIP,PaymentsToAcquirePropertyPlantAndEquipment,2022-01-01,2022-03-31,986000,10-Q,2022-05-13,2022,Q1
ZIP,PaymentsToAcquirePropertyPlantAndEquipment,2023-01-01,2023-03-31,414000,10-Q,2023-05-09,2023,Q1
ZIP,PaymentsToAcquirePropertyPlantAndEquipment,2024-01-01,2024-03-31,126000,10-Q,2024-05-09,2024,Q1
ZIP,PaymentsToAcquirePropertyPlantAndEquipment,2025-01-01,2025-03-31,295000,10-Q,2025-05-08,2025,Q1
ZIP,PaymentsToAcquirePropertyPlantAndEquipment,2026-01-01,2026-03-31,140000,10-Q,2026-05-07,2026,Q1
ZM,PaymentsToAcquirePropertyPlantAndEquipment,2018-02-01,2018-04-30,3850000,10-Q,2019-06-07,2020,Q1
ZM,PaymentsToAcquirePropertyPlantAndEquipment,2019-02-01,2019-04-30,6897000,10-Q,2019-06-07,2020,Q1
ZM,PaymentsToAcquirePropertyPlantAndEquipment,2020-02-01,2020-04-30,7272000,10-Q,2020-06-05,2021,Q1
ZM,PaymentsToAcquirePropertyPlantAndEquipment,2021-02-01,2021-04-30,79074000,10-Q,2021-06-02,2022,Q1
ZM,PaymentsToAcquirePropertyPlantAndEquipment,2022-02-01,2022-04-30,25038000,10-Q,2022-05-25,2023,Q1
ZM,PaymentsToAcquirePropertyPlantAndEquipment,2023-02-01,2023-04-30,21826000,10-Q,2023-05-25,2024,Q1
ZM,PaymentsToAcquirePropertyPlantAndEquipment,2024-02-01,2024-04-30,18508000,10-Q,2024-05-22,2025,Q1
ZM,PaymentsToAcquirePropertyPlantAndEquipment,2025-02-01,2025-04-30,25910000,10-Q,2025-05-23,2026,Q1
ZM,PaymentsToAcquirePropertyPlantAndEquipment,2026-02-01,2026-04-30,21113000,10-Q,2026-05-22,2027,Q1
ZS,PaymentsToAcquirePropertyPlantAndEquipment,2017-08-01,2017-10-31,4010000,10-Q,2018-12-06,2019,Q1
ZS,PaymentsToAcquirePropertyPlantAndEquipment,2018-08-01,2018-10-31,5414000,10-Q,2018-12-06,2019,Q1
ZS,PaymentsToAcquirePropertyPlantAndEquipment,2019-08-01,2019-10-31,10210000,10-Q,2019-12-06,2020,Q1
ZS,PaymentsToAcquirePropertyPlantAndEquipment,2020-08-01,2020-10-31,8904000,10-Q,2020-12-08,2021,Q1
ZS,PaymentsToAcquirePropertyPlantAndEquipment,2021-08-01,2021-10-31,6454000,10-Q,2021-12-08,2021,Q1
ZS,PaymentsToAcquirePropertyPlantAndEquipment,2022-08-01,2022-10-31,25202000,10-Q,2022-12-07,2023,Q1
ZS,PaymentsToAcquirePropertyPlantAndEquipment,2023-08-01,2023-10-31,28659000,10-Q,2023-12-06,2023,Q1
ZS,PaymentsToAcquirePropertyPlantAndEquipment,2024-08-01,2024-10-31,17025000,10-Q,2024-12-05,2025,Q1
ZS,PaymentsToAcquirePropertyPlantAndEquipment,2025-08-01,2025-10-31,17311000,10-Q,2025-11-25,2026,Q1
ZWS,PaymentsToAcquirePropertyPlantAndEquipment,2011-04-01,2011-07-02,8100000,10-Q,2012-08-01,2012,Q1
ZWS,PaymentsToAcquirePropertyPlantAndEquipment,2012-04-01,2012-06-30,14400000,10-Q,2012-08-01,2012,Q1
ZWS,PaymentsToAcquirePropertyPlantAndEquipment,2012-07-01,2012-09-29,18100000,10-Q,2013-10-28,2013,Q2
ZWS,PaymentsToAcquirePropertyPlantAndEquipment,2012-09-30,2012-12-29,9000000,10-Q,2014-01-28,2013,Q3
ZWS,PaymentsToAcquirePropertyPlantAndEquipment,2013-04-01,2013-06-29,7800000,10-Q,2013-08-02,2013,Q1
ZWS,PaymentsToAcquirePropertyPlantAndEquipment,2013-06-30,2013-09-28,11400000,10-Q,2013-10-28,2013,Q2
ZWS,PaymentsToAcquirePropertyPlantAndEquipment,2013-09-29,2013-12-28,12300000,10-Q,2014-01-28,2013,Q3
ZWS,PaymentsToAcquirePropertyPlantAndEquipment,2014-04-01,2014-06-30,8700000,10-Q,2014-08-06,2015,Q1
ZWS,PaymentsToAcquirePropertyPlantAndEquipment,2014-07-01,2014-09-30,12500000,10-Q,2014-11-06,2015,Q2
ZWS,PaymentsToAcquirePropertyPlantAndEquipment,2014-10-01,2014-12-31,10900000,10-Q,2015-02-04,2015,Q3
ZWS,PaymentsToAcquirePropertyPlantAndEquipment,2015-04-01,2015-06-30,7700000,10-Q,2015-08-04,2016,Q1
ZWS,PaymentsToAcquirePropertyPlantAndEquipment,2015-07-01,2015-09-30,9000000,10-Q,2015-11-03,2016,Q2
ZWS,PaymentsToAcquirePropertyPlantAndEquipment,2015-10-01,2015-12-31,9700000,10-Q,2016-02-02,2016,Q3
ZWS,PaymentsToAcquirePropertyPlantAndEquipment,2016-04-01,2016-06-30,12000000,10-Q,2016-08-01,2017,Q1
ZWS,PaymentsToAcquirePropertyPlantAndEquipment,2016-07-01,2016-09-30,16900000,10-Q,2016-11-03,2017,Q2
ZWS,PaymentsToAcquirePropertyPlantAndEquipment,2016-10-01,2016-12-31,15100000,10-Q,2017-02-01,2017,Q3
ZWS,PaymentsToAcquirePropertyPlantAndEquipment,2017-04-01,2017-06-30,6900000,10-Q,2017-08-02,2018,Q1
ZWS,PaymentsToAcquirePropertyPlantAndEquipment,2017-07-01,2017-09-30,9000000,10-Q,2017-11-01,2018,Q2
ZWS,PaymentsToAcquirePropertyPlantAndEquipment,2017-10-01,2017-12-31,9200000,10-Q,2018-01-31,2018,Q3
ZWS,PaymentsToAcquirePropertyPlantAndEquipment,2018-04-01,2018-06-30,11100000,10-Q,2018-07-30,2019,Q1
ZWS,PaymentsToAcquirePropertyPlantAndEquipment,2018-10-01,2018-12-31,8000000,10-Q,2020-01-28,2020,Q3
ZWS,PaymentsToAcquirePropertyPlantAndEquipment,2019-04-01,2019-06-30,5900000,10-Q,2020-07-28,2020,Q2
ZWS,PaymentsToAcquirePropertyPlantAndEquipment,2019-07-01,2019-09-30,7400000,10-Q,2020-10-27,2020,Q3
ZWS,PaymentsToAcquirePropertyPlantAndEquipment,2019-10-01,2019-12-31,12300000,10-Q,2020-01-28,2020,Q3
ZWS,PaymentsToAcquirePropertyPlantAndEquipment,2020-01-01,2020-03-31,15900000,10-Q,2021-04-27,2021,Q1
ZWS,PaymentsToAcquirePropertyPlantAndEquipment,2020-04-01,2020-06-30,8500000,10-Q,2020-07-28,2020,Q2
ZWS,PaymentsToAcquirePropertyPlantAndEquipment,2020-07-01,2020-09-30,6800000,10-Q,2020-10-27,2020,Q3
ZWS,PaymentsToAcquirePropertyPlantAndEquipment,2021-01-01,2021-03-31,9200000,10-Q,2021-04-27,2021,Q1
ZWS,PaymentsToAcquirePropertyPlantAndEquipment,2021-04-01,2021-06-30,4800000,10-Q,2021-07-20,2021,Q2
ZWS,PaymentsToAcquirePropertyPlantAndEquipment,2021-07-01,2021-09-30,7600000,10-Q,2021-10-26,2021,Q3
ZWS,PaymentsToAcquirePropertyPlantAndEquipment,2022-01-01,2022-03-31,800000,10-Q,2022-04-27,2022,Q1
